óﬂòaÇUîNìx,ínàÊï€åíÅEåíçNëùêiéñã∆ïÒçê(åíçNëùêiï“)ésãÊí¨ë∫ï\,,,,,,,,,,,,,,,
(åíçNëùêiï“)Å@, ëÊÇQÇOÅ|ÇPï\Å@åíçNêfç∏ÅAîxÇ™ÇÒåüêfãyÇ—ëÂí∞Ç™ÇÒåüêfëŒè€é“êîÅEéÛêfé“êîÅEéÛêfó¶ÅEÅiçƒåfÅjçëñØåíçNï€åØÇÃîÌï€åØé“ÅCésãÊí¨ë∫ÅAéÌóﬁï ,,,,,,,,,,,,,,,
íçÅF1) åíçNêfç∏ÇÃéÛêfé“êîÇÕÅAÅuåíçNêfç∏ÅvÅAÅuñKñ‚åíçNêfç∏ÅvãyÇ—ÅuâÓåÏâ∆ë∞ñKñ‚åíçNêfç∏ÅvÇÃéÛêfé“êîÇÃçáåvÇ≈Ç†ÇÈÅB,,,,,,,,,,,,,,,,
Å@Å@2) ÅuÇ™ÇÒëŒçÙêÑêiäÓñ{åvâÊÅvÅiïΩê¨24îN6åé8ì˙ätãcåàíËÅjãyÇ—ÅuÇ™ÇÒó\ñhèdì_åíçNã≥àÁãyÇ—Ç™ÇÒåüêfé¿é{ÇÃÇΩÇﬂÇÃéwêjÅvÅiïΩê¨20îN3åé31ì˙åíçNã«í∑í ímï ìYÅjÇ…äÓÇ√Ç´ÅA,,,,,,,,,,,,,,,,
Å@Å@Å@ Ç™ÇÒåüêfÇÃéÛêfó¶ÇÃéZíËëŒè€îNóÓÇ40çŒÇ©ÇÁ69çŒÇ‹Ç≈Ç∆ÇµÇΩÅB,,,,,,,,,,,,,,,,
Å@Å@3) éÛêfó¶ÇÕÅAåvêîïsè⁄ÇÃésãÊí¨ë∫ÇèúÇ≠ÅB,,,,,,,,,,,,,,,,
,,ëçêî,ëçêî,ëçêî,ëçêî,ëçêî,ëçêî,ëçêî,ëçêî,ëçêî,(çƒåf)çëñØåíçNï€åØÇÃîÌï€åØé“,(çƒåf)çëñØåíçNï€åØÇÃîÌï€åØé“,(çƒåf)çëñØåíçNï€åØÇÃîÌï€åØé“,(çƒåf)çëñØåíçNï€åØÇÃîÌï€åØé“,(çƒåf)çëñØåíçNï€åØÇÃîÌï€åØé“,(çƒåf)çëñØåíçNï€åØÇÃîÌï€åØé“
,,ëŒè€é“êî,ëŒè€é“êî,ëŒè€é“êî,éÛêfé“êî,éÛêfé“êî,éÛêfé“êî,éÛêfó¶ 3),éÛêfó¶ 3),éÛêfó¶ 3),ëŒè€é“êî,ëŒè€é“êî,éÛêfé“êî,éÛêfé“êî,éÛêfó¶ 3),éÛêfó¶ 3)
,,åíçNêfç∏,îxÇ™ÇÒ 2),ëÂí∞Ç™ÇÒ 2),åíçNêfç∏ 1),îxÇ™ÇÒ 2),ëÂí∞Ç™ÇÒ 2),åíçNêfç∏,îxÇ™ÇÒ 2),ëÂí∞Ç™ÇÒ 2),îxÇ™ÇÒ 2),ëÂí∞Ç™ÇÒ 2),îxÇ™ÇÒ 2),ëÂí∞Ç™ÇÒ 2),îxÇ™ÇÒ 2),ëÂí∞Ç™ÇÒ 2)
,,êl,êl,êl,êl,êl,êl,Åì,Åì,Åì,êl,êl,êl,êl,Åì,Åì
0,ëSçë,1553624,49691688,49690287,129098,2910289,3320858,8.2,5.8,6.7,11017501,11017421,1769844,1846446,16.1,16.9
1000,ñkäCìπ,118595,2058648,2058648,3074,87971,99701,2.6,4.3,4.8,462198,462236,60245,56126,13,12.9
1100,éDñyés,55351,816594,816594,839,18601,24485,1.5,2.3,3,158816,158816,12374,12797,7.8,8.1
1202,îüäŸés,9150,99365,99365,324,4570,4548,3.5,4.6,4.6,21993,21993,3376,2506,15.4,11.4
1203,è¨íMés,3126,42195,42195,96,434,1040,3.1,1,2.5,9850,9850,276,589,2.8,6
1204,àÆêÏés,9632,127531,127531,110,4150,6201,1.1,3.3,4.9,27599,27599,2435,Åc,8.8,Åc
1205,é∫óñés,2166,27773,27773,28,1652,835,1.3,5.9,3,5663,5663,1468,669,25.9,11.8
1206,ã˙òHés,5790,64111,64111,37,2029,3011,0.6,3.2,4.7,14858,14896,830,1065,5.6,7.1
1207,ë—çLés,3731,65580,65580,153,1910,3224,4.1,2.9,4.9,14160,14160,1432,2180,10.1,15.4
1208,ñkå©és,1689,45036,45036,31,1314,1674,1.8,2.9,3.7,10496,10496,594,757,5.7,7.2
1209,ó[í£és,178,2382,2382,6,115,150,3.4,4.8,6.3,846,846,79,96,9.3,11.3
1210,ä‚å©ëÚés,1361,29818,29818,91,1541,1579,6.7,5.2,5.3,7114,7114,1100,1072,15.5,15.1
1211,ñ‘ëñés,464,12477,12477,5,462,514,1.1,3.7,4.1,3397,3397,343,367,10.1,10.8
1212,óØñGés,377,7201,7201,3,120,176,0.8,1.7,2.4,1281,1281,70,87,5.5,6.8
1213,ìœè¨ñqés,4293,67692,67692,257,3505,2880,6,5.2,4.3,12557,12557,2595,2104,20.7,16.8
1214,ítì‡és,608,12736,12736,25,715,667,4.1,5.6,5.2,2976,2976,551,478,18.5,16.1
1215,î¸âSés,381,7327,7327,7,221,252,1.8,3,3.4,2050,2050,147,161,7.2,7.9
1216,à∞ï és,32,4435,4435,12,355,426,37.5,8,9.6,1224,1224,184,186,15,15.2
1217,ç]ï és,1274,47810,47810,31,2378,2942,2.4,5,6.2,10158,10158,1421,1714,14,16.9
1218,ê‘ïΩés,227,3192,3192,6,139,185,2.6,4.4,5.8,744,744,78,90,10.5,12.1
1219,ñ‰ï és,383,7989,7989,10,666,687,2.6,8.3,8.6,2019,2019,271,247,13.4,12.2
1220,émï és,52,6475,6475,8,314,343,15.4,4.8,5.3,1619,1619,138,134,8.5,8.3
1221,ñºäÒés,36,9446,9446,6,555,590,16.7,5.9,6.2,2237,2237,480,464,21.5,20.7
1222,éOä}és,237,2598,2598,6,71,97,2.5,2.7,3.7,694,694,33,40,4.8,5.8
1223,ç™é∫és,387,9260,9260,3,286,348,0.8,3.1,3.8,2719,2719,188,204,6.9,7.5
1224,êÁçŒés,1173,38288,38288,18,1574,1670,1.5,4.1,4.4,6385,6385,1008,980,15.8,15.3
1225,ëÍêÏés,471,14874,14874,4,491,613,0.8,3.3,4.1,3092,3092,342,388,11.1,12.5
1226,çªêÏés,189,5852,5852,12,360,432,6.3,6.2,7.4,1105,1105,291,300,26.3,27.1
1227,âÃéuì‡és,53,1022,1022,4,117,118,7.5,11.4,11.5,267,267,60,50,22.5,18.7
1228,ê[êÏés,230,7106,7106,6,670,621,2.6,9.4,8.7,2054,2054,470,419,22.9,20.4
1229,ïxó«ñÏés,210,8001,8001,2,581,670,1,7.3,8.4,2241,2241,506,528,22.6,23.6
1230,ìoï és,746,17396,17396,10,922,895,1.3,5.3,5.1,3650,3650,835,694,22.9,19
1231,åbíÎés,747,28077,28077,12,805,964,1.6,2.9,3.4,4954,4954,541,612,10.9,12.4
1233,à…íBés,311,12653,12653,3,1125,1028,1,8.9,8.1,3281,3281,856,796,26.1,24.3
1234,ñkçLìáés,446,23363,23363,20,684,680,4.5,2.9,2.9,5077,5077,530,495,10.4,9.7
1235,êŒéÎés,398,22657,22657,7,502,900,1.8,2.2,4,4919,4919,230,435,4.7,8.8
1236,ñkìlés,651,18335,18335,14,911,826,2.2,5,4.5,4110,4110,731,592,17.8,14.4
1303,ìñï í¨,217,6448,6448,16,690,764,7.4,10.7,11.8,1811,1811,557,588,30.8,32.5
1304,êVé¬í√ë∫,13,1061,1061,1,244,235,7.7,23,22.1,501,501,205,188,40.9,37.5
1331,èºëOí¨,187,2326,2326,10,214,198,5.3,9.2,8.5,839,839,-,91,-,10.8
1332,ïüìáí¨,81,1309,1309,3,159,138,3.7,12.1,10.5,454,454,116,92,25.6,20.3
1333,ímì‡í¨,35,1522,1522,-,181,172,-,11.9,11.3,459,459,124,111,27,24.2
1334,ñÿå√ì‡í¨,75,1397,1397,1,158,140,1.3,11.3,10,415,415,89,69,21.4,16.6
1337,éµî—í¨,421,11088,11088,4,435,448,1,3.9,4,2792,2792,262,264,9.4,9.5
1343,é≠ïîí¨,71,1398,1398,1,129,102,1.4,9.2,7.3,658,658,119,91,18.1,13.8
1345,êXí¨,403,5515,5515,6,259,331,1.5,4.7,6,1945,1945,223,221,11.5,11.4
1346,î™â_í¨,244,5857,5857,27,468,318,11.1,8,5.4,1873,1873,254,191,13.6,10.2
1347,í∑ñúïîí¨,119,1747,1747,2,67,80,1.7,3.8,4.6,502,502,37,44,7.4,8.8
1361,ç]ç∑í¨,242,2715,2715,1,106,120,0.4,3.9,4.4,646,646,83,82,12.8,12.7
1362,è„Émçëí¨,96,1622,1622,4,101,175,4.2,6.2,10.8,383,383,44,38,11.5,9.9
1363,å˙ëÚïîí¨,149,1365,1365,-,154,166,-,11.3,12.2,481,481,116,122,24.1,25.4
1364,â≥ïîí¨,65,1175,1175,-,92,85,-,7.8,7.2,281,281,50,46,17.8,16.4
1367,âúêKí¨,43,816,816,1,52,65,2.3,6.4,8,245,245,39,47,15.9,19.2
1370,ç°ã‡í¨,60,1790,1790,3,268,208,5,15,11.6,586,586,163,150,27.8,25.6
1371,ÇπÇΩÇ»í¨,153,2602,2602,8,251,249,5.2,9.6,9.6,807,807,194,173,24,21.4
1391,ìáñqë∫,23,495,495,-,21,21,-,4.2,4.2,191,191,10,6,5.2,3.1
1392,éıìsí¨,42,937,937,20,309,228,47.6,33,24.3,260,260,89,80,34.2,30.8
1393,çïèºì‡í¨,20,904,904,5,89,124,25,9.8,13.7,229,229,57,68,24.9,29.7
1394,óñâzí¨,31,1760,1760,-,320,327,-,18.2,18.6,657,657,124,166,18.9,25.3
1395,ÉjÉZÉRí¨,30,2196,2196,1,171,182,3.3,7.8,8.3,608,608,133,141,21.9,23.2
1396,ê^éÎë∫,12,777,777,1,82,95,8.3,10.6,12.2,292,292,65,72,22.3,24.7
1397,óØéıìsë∫,8,674,674,1,63,73,12.5,9.3,10.8,228,228,35,45,15.4,19.7
1398,äÏñŒï í¨,26,769,769,2,93,103,7.7,12.1,13.4,225,225,68,67,30.2,29.8
1399,ãûã…í¨,33,1101,1101,1,82,92,3,7.4,8.4,281,281,62,61,22.1,21.7
1400,ã‰ímà¿í¨,165,5797,5797,12,455,464,7.3,7.8,8,1371,1371,380,308,27.7,22.5
1401,ã§òaí¨,51,2086,2086,2,308,290,3.9,14.8,13.9,642,642,234,217,36.4,33.8
1402,ä‚ì‡í¨,488,4451,4451,12,253,324,2.5,5.7,7.3,941,941,156,157,16.6,16.7
1403,îëë∫,27,551,551,-,56,57,-,10.2,10.3,126,126,26,21,20.6,16.7
1404,ê_åbì‡ë∫,7,317,317,2,36,39,28.6,11.4,12.3,97,97,7,9,7.2,9.3
1405,êœíOí¨,59,631,631,4,91,75,6.8,14.4,11.9,271,271,71,56,26.2,20.7
1406,å√ïΩí¨,69,1082,1082,-,61,65,-,5.6,6,280,280,24,32,8.6,11.4
1407,êmñÿí¨,44,1172,1172,1,120,123,2.3,10.2,10.5,477,477,106,100,22.2,21
1408,ó]ésí¨,487,6607,6607,20,422,449,4.1,6.4,6.8,1829,1829,301,301,16.5,16.5
1409,ê‘à‰êÏë∫,12,470,470,-,65,71,-,13.8,15.1,120,120,32,32,26.7,26.7
1423,ìÏñyí¨,25,3285,3285,1,424,429,4,12.9,13.1,891,891,249,238,27.9,26.7
1424,ìﬁà‰ç]í¨,103,1851,1851,8,150,160,7.8,8.1,8.6,462,462,112,106,24.2,22.9
1425,è„çªêÏí¨,110,858,858,17,66,51,15.5,7.7,5.9,219,219,41,21,18.7,9.6
1427,óRêmí¨,39,1763,1763,4,316,315,10.3,17.9,17.9,649,649,240,218,37,33.6
1428,í∑è¿í¨,88,3990,3990,1,479,496,1.1,12,12.4,1264,1264,373,378,29.5,29.9
1429,åIéRí¨,156,4192,4192,3,399,440,1.9,9.5,10.5,1169,1169,283,298,24.2,25.5
1430,åéå`í¨,28,1120,1120,19,175,152,67.9,15.6,13.6,286,286,120,92,42,32.2
1431,âYâPí¨,9,549,549,-,116,115,-,21.1,20.9,226,226,93,85,41.2,37.6
1432,êVè\í√êÏí¨,41,2387,2387,12,269,306,29.3,11.3,12.8,663,663,193,189,29.1,28.5
1433,ñÖîwãçí¨,20,930,930,-,147,166,-,15.8,17.8,342,342,101,107,29.5,31.3
1434,íÅïÉï í¨,8,832,832,-,193,195,-,23.2,23.4,286,286,122,122,42.7,42.7
1436,âJó≥í¨,13,806,806,2,176,139,15.4,21.8,17.2,307,307,134,97,43.6,31.6
1437,ñkó≥í¨,2,607,607,1,145,129,50,23.9,21.3,256,256,105,93,41,36.3
1438,è¿ìcí¨,13,1043,1043,-,168,174,-,16.1,16.7,363,363,126,126,34.7,34.7
1452,ëÈê≤í¨,44,2696,2696,14,423,363,31.8,15.7,13.5,641,641,267,180,41.7,28.1
1453,ìåê_äyí¨,20,4159,4159,-,203,200,-,4.9,4.8,862,862,156,141,18.1,16.4
1454,ìññÉí¨,54,2267,2267,7,315,373,13,13.9,16.5,730,730,174,180,23.8,24.7
1455,î‰ïzí¨,40,1305,1305,21,167,173,52.5,12.8,13.3,381,381,115,103,30.2,27
1456,à§ï í¨,21,899,899,-,93,96,-,10.3,10.7,307,307,66,61,21.5,19.9
1457,è„êÏí¨,35,1088,1088,2,54,97,5.7,5,8.9,320,320,46,64,14.4,20
1458,ìåêÏí¨,101,3215,3215,-,247,240,-,7.7,7.5,844,844,203,167,24.1,19.8
1459,î¸âlí¨,115,3729,3729,2,531,521,1.7,14.2,14,1460,1460,475,452,32.5,31
1460,è„ïxó«ñÏí¨,40,3618,3618,17,929,678,42.5,25.7,18.7,975,975,586,449,60.1,46.1
1461,íÜïxó«ñÏí¨,27,1774,1774,3,527,467,11.1,29.7,26.3,744,744,330,293,44.4,39.4
1462,ìÏïxó«ñÏí¨,15,967,967,4,118,115,26.7,12.2,11.9,258,258,79,76,30.6,29.5
1463,êËä•ë∫,12,506,506,3,57,48,25,11.3,9.5,145,145,40,34,27.6,23.4
1464,òaä¶í¨,21,1074,1074,2,198,125,9.5,18.4,11.6,422,422,166,91,39.3,21.6
1465,åïï£í¨,13,1094,1094,1,252,216,7.7,23,19.7,500,500,220,161,44,32.2
1468,â∫êÏí¨,18,1124,1124,-,137,187,-,12.2,16.6,349,349,100,118,28.7,33.8
1469,î¸ê[í¨,25,1409,1409,3,195,157,12,13.8,11.1,470,470,151,102,32.1,21.7
1470,âπà–éqï{ë∫,1,217,217,-,20,30,-,9.2,13.8,56,56,18,17,32.1,30.4
1471,íÜêÏí¨,4,510,510,1,92,97,25,18,19,123,123,54,52,43.9,42.3
1472,ñyâ¡ì‡í¨,2,472,472,1,55,55,50,11.7,11.7,157,157,25,21,15.9,13.4
1481,ëùñ—í¨,61,1340,1340,7,240,270,11.5,17.9,20.1,368,368,136,135,37,36.7
1482,è¨ïΩí¨,77,1056,1056,-,98,95,-,9.3,9,347,347,77,-,22.2,-
1483,ìœëOí¨,18,992,992,-,49,47,-,4.9,4.7,269,269,28,22,10.4,8.2
1484,âHñyí¨,4,2254,2254,4,224,238,100,9.9,10.6,674,674,125,119,18.5,17.7
1485,èâéRï ë∫,9,414,414,-,96,84,-,23.2,20.3,149,149,68,50,45.6,33.6
1486,âìï í¨,17,834,834,2,86,86,11.8,10.3,10.3,243,243,42,35,17.3,14.4
1487,ìVâñí¨,29,1045,1045,2,120,111,6.9,11.5,10.6,309,309,90,84,29.1,27.2
1511,âéï•ë∫,8,1001,1001,-,128,107,-,12.8,10.7,433,433,107,71,24.7,16.4
1512,ïlì⁄ï í¨,32,1260,1260,4,143,128,12.5,11.3,10.2,676,676,65,80,9.6,11.8
1513,íÜì⁄ï í¨,11,600,600,1,69,67,9.1,11.5,11.2,165,165,41,44,24.8,26.7
1514,é}çKí¨,35,2880,2880,5,225,201,14.3,7.8,7,1137,1137,194,167,17.1,14.7
1516,ñLïxí¨,18,1384,1384,1,154,166,5.6,11.1,12,820,820,136,149,16.6,18.2
1517,óÁï∂í¨,10,887,887,-,85,90,-,9.6,10.1,291,291,70,75,24.1,25.8
1518,óòêKí¨,13,682,682,1,72,74,7.7,10.6,10.9,211,211,61,64,28.9,30.3
1519,óòêKïxémí¨,Åc,886,886,1,98,79,Åc,11.1,8.9,367,367,80,64,21.8,17.4
1520,ñyâÑí¨,13,841,841,3,88,99,23.1,10.5,11.8,224,224,69,67,30.8,29.9
1543,î¸ñyí¨,207,7123,7123,11,422,633,5.3,5.9,8.9,2074,2074,284,323,13.7,15.6
1544,í√ï í¨,50,1493,1493,5,233,258,10,15.6,17.3,504,504,125,132,24.8,26.2
1545,éŒó¢í¨,123,4080,4080,2,216,308,1.6,5.3,7.5,1454,1454,131,157,9,10.8
1546,ê¥ó¢í¨,26,1368,1368,-,156,112,-,11.4,8.2,622,622,116,72,18.6,11.6
1547,è¨ê¥êÖí¨,25,1639,1639,-,220,239,-,13.4,14.6,684,684,113,125,16.5,18.3
1549,åPéqï{í¨,27,1706,1706,4,389,368,14.8,22.8,21.6,707,707,345,322,48.8,45.5
1550,íuåÀí¨,12,917,917,-,160,147,-,17.4,16,359,359,134,119,37.3,33.1
1552,ç≤òCä‘í¨,30,1713,1713,-,232,247,-,13.5,14.4,651,651,187,187,28.7,28.7
1555,âìåyí¨,198,6911,6911,12,418,511,6.1,6,7.4,1842,1842,263,279,14.3,15.1
1559,óNï í¨,61,2986,2986,2,513,502,3.3,17.2,16.8,1226,1226,424,396,34.6,32.3
1560,ëÍè„í¨,19,814,814,1,28,38,5.3,3.4,4.7,207,207,21,25,10.1,12.1
1561,ãªïîí¨,33,1294,1294,-,103,115,-,8,8.9,466,466,64,64,13.7,13.7
1562,êºãªïîë∫,1,401,401,-,65,57,-,16.2,14.2,110,110,25,27,22.7,24.5
1563,óYïêí¨,47,1609,1609,2,126,130,4.3,7.8,8.1,606,606,83,84,13.7,13.9
1564,ëÂãÛí¨,28,2505,2505,1,609,691,3.6,24.3,27.6,930,930,302,341,32.5,36.7
1571,ñLâYí¨,79,1416,1416,1,148,110,1.3,10.5,7.8,430,430,-,69,-,16
1575,ësïÀí¨,42,903,903,-,112,70,-,12.4,7.8,299,299,70,39,23.4,13
1578,îíòVí¨,198,5811,5811,20,374,274,10.1,6.4,4.7,1681,1681,328,206,19.5,12.3
1581,å˙ê^í¨,22,1556,1556,3,396,192,13.6,25.4,12.3,505,505,296,168,58.6,33.3
1584,ì¥ñÍåŒí¨,209,3097,3097,6,234,229,2.9,7.6,7.4,1046,1046,193,176,18.5,16.8
1585,à¿ïΩí¨,57,2764,2764,3,353,366,5.3,12.8,13.2,773,773,206,197,26.6,25.5
1586,ÇﬁÇ©ÇÌí¨,101,2700,2700,7,357,358,6.9,13.2,13.3,912,912,264,245,28.9,26.9
1601,ì˙çÇí¨,305,4396,4396,3,196,272,1,4.5,6.2,1343,1343,120,141,8.9,10.5
1602,ïΩéÊí¨,Åc,1728,1728,26,290,265,Åc,16.8,15.3,641,641,218,198,34,30.9
1604,êVä•í¨,80,2058,2058,6,294,301,7.5,14.3,14.6,633,633,152,153,24,24.2
1607,âYâÕí¨,272,4534,4534,-,148,205,-,3.3,4.5,1166,1166,102,113,8.7,9.7
1608,óléóí¨,813,1472,1472,236,72,88,29,4.9,6,492,492,45,49,9.1,10
1609,Ç¶ÇËÇ‡í¨,27,1662,1662,1,87,93,3.7,5.2,5.6,864,864,84,78,9.7,9
1610,êVÇ–ÇæÇ©í¨,12,8237,8237,12,282,380,100,3.4,4.6,2430,2430,169,203,7,8.4
1631,âπçXí¨,421,17835,17835,5,848,1057,1.2,4.8,5.9,4058,4058,687,724,16.9,17.8
1632,émñyí¨,179,2165,2165,-,251,252,-,11.6,11.6,834,834,219,217,26.3,26
1633,è„émñyí¨,59,1688,1688,3,263,268,5.1,15.6,15.9,574,574,195,190,34,33.1
1634,é≠í«í¨,13,1790,1790,-,60,65,-,3.4,3.6,575,575,57,59,9.9,10.3
1635,êVìæí¨,34,2059,2059,-,71,70,-,3.4,3.4,567,567,58,65,10.2,11.5
1636,ê¥êÖí¨,38,3348,3348,2,300,291,5.3,9,8.7,1072,1072,250,225,23.3,21
1637,âËé∫í¨,133,7260,7260,1,630,648,0.8,8.7,8.9,2244,2244,504,507,22.5,22.6
1638,íÜéDì‡ë∫,18,1549,1549,-,235,185,-,15.2,11.9,486,486,200,172,41.2,35.4
1639,çXï ë∫,10,1188,1188,-,339,285,-,28.5,24,524,524,295,234,56.3,44.7
1641,ëÂé˜í¨,25,1823,1823,-,180,186,-,9.9,10.2,537,537,158,158,29.4,29.4
1642,çLîˆí¨,59,2327,2327,2,222,223,3.4,9.5,9.6,715,715,170,167,23.8,23.4
1643,ñãï í¨,249,10250,10250,-,1182,1292,-,11.5,12.6,2575,2575,548,545,21.3,21.2
1644,írìcí¨,51,2229,2229,1,237,235,2,10.6,10.5,800,800,196,176,24.5,22
1645,ñLç†í¨,24,1076,1076,2,179,169,8.3,16.6,15.7,490,490,153,-,31.2,-
1646,ñ{ï í¨,57,2247,2247,1,228,176,1.8,10.1,7.8,786,786,200,156,25.4,19.8
1647,ë´äÒí¨,63,2254,2254,4,193,186,6.3,8.6,8.3,752,752,180,159,23.9,21.1
1648,ó§ï í¨,15,811,811,4,170,136,26.7,21,16.8,268,268,137,113,51.1,42.2
1649,âYñyí¨,46,1494,1494,2,207,222,4.3,13.9,14.9,576,576,178,176,30.9,30.6
1661,ã˙òHí¨,351,7626,7626,9,231,325,2.6,3,4.3,1848,1848,122,143,6.6,7.7
1662,å˙ä›í¨,148,3229,3229,21,234,289,14.2,7.2,9,1162,1162,197,204,17,17.6
1663,ïlíÜí¨,60,2140,2140,2,326,289,3.3,15.2,13.5,1001,1001,290,252,29,25.2
1664,ïWíÉí¨,84,2699,2699,5,262,249,6,9.7,9.2,1027,1027,235,215,22.9,20.9
1665,íÌéqã¸í¨,134,2580,2580,6,175,198,4.5,6.8,7.7,802,802,125,126,15.6,15.7
1667,íﬂãèë∫,16,1006,1006,4,197,196,25,19.6,19.5,344,344,147,134,42.7,39
1668,îíçfí¨,230,2702,2702,3,152,162,1.3,5.6,6,771,771,123,124,16,16.1
1691,ï äCí¨,96,5388,5388,5,650,603,5.2,12.1,11.2,2324,2324,580,513,25,22.1
1692,íÜïWí√í¨,259,9293,9293,8,569,571,3.1,6.1,6.1,2406,2406,414,387,17.2,16.1
1693,ïWí√í¨,57,1905,1905,1,171,171,1.8,9,9,769,769,153,144,19.9,18.7
1694,óÖâPí¨,86,1925,1925,61,195,229,70.9,10.1,11.9,836,836,140,152,16.7,18.2
2000,ê¬êXåß,23808,495585,495585,1818,41023,54012,7.6,8.3,10.9,133794,133794,27225,31576,20.3,23.6
2201,ê¬êXés,7021,113016,113016,719,4071,8368,10.2,3.6,7.4,24993,24993,2757,4937,11,19.8
2202,çOëOés,3831,68322,68322,265,2985,6498,6.9,4.4,9.5,20032,20032,2201,4317,11,21.6
2203,î™åÀés,3382,89061,89061,204,5958,6406,6,6.7,7.2,19961,19961,4396,4359,22,21.8
2204,çïêŒés,598,12820,12820,39,1522,1878,6.5,11.9,14.6,3742,3742,1061,1137,28.4,30.4
2205,å‹èäêÏå¥és,1290,21019,21019,82,2651,3254,6.4,12.6,15.5,6373,6373,1549,1606,24.3,25.2
2206,è\òaìcés,942,23763,23763,64,1962,3040,6.8,8.3,12.8,5622,5622,1374,1664,24.4,29.6
2207,éOëÚés,348,14792,14792,42,1101,1200,12.1,7.4,8.1,3621,3621,607,591,16.8,16.3
2208,ÇﬁÇ¬és,1329,21675,21675,50,1640,2079,3.8,7.6,9.6,7256,7256,1072,1218,14.8,16.8
2209,Ç¬Ç™ÇÈés,649,12053,12053,55,2640,2982,8.5,21.9,24.7,4409,4409,1610,1637,36.5,37.1
2210,ïΩêÏés,375,12139,12139,24,1551,1892,6.4,12.8,15.6,3843,3843,1078,1120,28.1,29.1
2301,ïΩì‡í¨,117,4093,4093,18,500,605,15.4,12.2,14.8,1641,1641,394,394,24,24
2303,ç°ï í¨,49,770,770,6,108,121,12.2,14,15.7,272,272,70,66,25.7,24.3
2304,ñHìcë∫,24,982,982,1,143,144,4.2,14.6,Åc,Åc,Åc,-,-,Åc,Åc
2307,äOÉñïlí¨,110,2003,2003,7,282,262,6.4,14.1,13.1,843,843,191,156,22.7,18.5
2321,ÈÀÉPëÚí¨,247,3612,3612,8,543,657,3.2,15,18.2,1306,1306,371,383,28.4,29.3
2323,ê[âYí¨,96,2705,2705,8,644,710,8.3,23.8,26.2,1017,1017,379,357,37.3,35.1
2343,êºñ⁄âÆë∫,21,474,474,1,109,117,4.8,23,24.7,135,135,63,68,46.7,50.4
2361,ì°çËí¨,203,5934,5934,11,726,839,5.4,12.2,14.1,1935,1935,400,17,20.7,0.9
2362,ëÂòkí¨,107,3376,3376,13,694,817,12.1,20.6,24.2,1088,1088,377,404,34.7,37.1
2367,ìcé…äŸë∫,33,2918,2918,9,514,631,27.3,17.6,21.6,849,849,348,330,41,38.9
2381,î¬ñˆí¨,209,5186,5186,13,824,857,6.2,15.9,16.5,2188,2188,655,627,29.9,28.7
2384,íﬂìcí¨,238,4777,4777,18,1266,1253,7.6,26.5,26.2,1909,1909,686,733,35.9,38.4
2387,íÜîëí¨,257,3949,3949,16,647,739,6.2,16.4,18.7,1443,1443,410,371,28.4,25.7
2401,ñÏï”íní¨,252,4838,4838,17,445,462,6.7,9.2,9.5,1233,1233,229,218,18.6,17.7
2402,éµåÀí¨,204,5737,5737,18,726,956,8.8,12.7,16.7,1730,1730,485,492,28,28.4
2405,òZåÀí¨,105,4275,4275,5,419,482,4.8,9.8,11.3,910,910,303,296,33.3,32.5
2406,â°ïlí¨,90,1531,1531,9,228,244,10,14.9,15.9,569,569,186,200,32.7,35.1
2408,ìåñkí¨,308,6349,6349,8,1136,1157,2.6,17.9,18.2,1868,1868,727,696,38.9,37.3
2411,òZÉPèäë∫,153,3935,3935,11,613,664,7.2,15.6,16.9,902,902,282,261,31.3,28.9
2412,Ç®Ç¢ÇÁÇπí¨,181,10358,10358,6,909,1027,3.3,8.8,9.9,2387,2387,572,587,24,24.6
2423,ëÂä‘í¨,197,1975,1975,17,254,267,8.6,12.9,13.5,727,727,159,157,21.9,21.6
2424,ìåí ë∫,68,2352,2352,10,338,523,14.7,14.4,22.2,793,793,160,262,20.2,33
2425,ïóä‘âYë∫,45,676,676,-,110,96,-,16.3,14.2,270,270,78,66,28.9,24.4
2426,ç≤à‰ë∫,53,663,663,7,132,139,13.2,19.9,21,253,253,95,86,37.5,34
2441,éOåÀí¨,146,3561,3561,5,277,392,3.4,7.8,11,1201,1201,205,281,17.1,23.4
2442,å‹åÀí¨,132,4956,4956,4,529,585,3,10.7,11.8,1982,1982,396,391,20,19.7
2443,ìcéqí¨,35,1945,1945,6,303,263,17.1,15.6,13.5,674,674,197,137,29.2,20.3
2445,ìÏïîí¨,226,6670,6670,18,974,858,8,14.6,12.9,1997,1997,715,591,35.8,29.6
2446,äKè„í¨,134,5543,5543,4,400,430,3,7.2,7.8,1509,1509,264,268,17.5,17.8
2450,êVãΩë∫,3,782,782,-,149,118,-,19.1,15.1,311,311,123,95,39.5,30.5
3000,ä‚éËåß,10239,468593,468593,1279,46716,48594,12.5,10,10.4,112744,112744,28236,25752,25.3,22.8
3201,ê∑â™és,3682,115211,115211,519,8243,6230,14.1,7.2,5.4,22504,22504,5751,3817,25.6,17
3202,ã{å√és,684,18141,18141,46,1171,1720,6.7,6.5,9.5,5506,5506,1037,1399,18.8,25.4
3203,ëÂëDìnés,171,12625,12625,9,1500,1646,5.3,11.9,13,3687,3687,1063,918,28.8,24.9
3205,â‘ä™és,568,36001,36001,62,4834,4770,10.9,13.4,13.2,7869,7869,3080,2233,39.1,28.4
3206,ñkè„és,521,37257,37257,39,2652,2170,7.5,7.1,5.8,7429,7429,-,-,-,-
3207,ãvéúés,293,12985,12985,27,1401,1541,9.2,10.8,11.9,3484,3484,1098,1035,31.5,29.7
3208,âìñÏés,138,9385,9385,2,1077,1227,1.4,11.5,13.1,2655,2655,734,760,27.6,28.6
3209,àÍä÷és,717,42533,42533,65,5586,6074,9.1,13.1,14.3,11107,11107,3181,3018,28.6,27.2
3210,ó§ëOçÇìcés,87,6879,6879,14,937,619,16.1,13.6,9,2047,2047,680,547,33.2,26.7
3211,äòêŒés,377,11441,11441,23,948,1282,6.1,8.3,11.2,3001,3001,663,673,22.1,22.4
3213,ìÒåÀés,298,9777,9777,32,1288,1408,10.7,13.2,14.4,2981,2981,889,900,29.8,30.2
3214,î™î¶ïΩés,133,9310,9310,8,1163,1147,6,12.5,12.3,2578,2578,844,742,32.7,28.8
3215,âúèBés,819,43179,43179,175,4347,4983,21.4,10.1,11.5,10018,10018,2729,2553,27.2,25.5
3216,ëÍëÚés,279,22603,22603,47,1793,2458,16.8,7.9,10.9,4914,4914,865,982,17.6,20
3301,é¥êŒí¨,83,6065,6065,15,694,808,18.1,11.4,13.3,1572,1572,374,378,23.8,24
3302,äãä™í¨,78,2043,2043,21,327,557,26.9,16,27.3,863,863,206,350,23.9,40.6
3303,ä‚éËí¨,88,4662,4662,13,896,976,14.8,19.2,20.9,1475,1475,609,562,41.3,38.1
3321,éáîgí¨,117,13311,13311,14,741,1173,12,5.6,8.8,2958,2958,442,667,14.9,22.5
3322,ñÓã–í¨,83,10966,10966,13,901,1399,15.7,8.2,12.8,2223,2223,546,761,24.6,34.2
3366,êºòaâÍí¨,11,1756,1756,1,262,381,9.1,14.9,21.7,523,523,131,173,25,33.1
3381,ã‡ÉPçËí¨,42,5979,5979,3,924,924,7.1,15.5,15.5,1312,1312,534,441,40.7,33.6
3402,ïΩêÚí¨,39,2685,2685,3,368,486,7.7,13.7,18.1,773,773,239,279,30.9,36.1
3441,èZìcí¨,21,1769,1769,1,287,368,4.8,16.2,20.8,499,499,75,133,15,26.7
3461,ëÂí∆í¨,136,4225,4225,17,581,456,12.5,13.8,10.8,1234,1234,290,226,23.5,18.3
3482,éRìcí¨,167,5623,5623,27,446,449,16.2,7.9,8,2052,2052,349,251,17,12.2
3483,ä‚êÚí¨,146,3020,3020,8,536,480,5.5,17.7,15.9,1035,1035,384,282,37.1,27.2
3484,ìcñÏî®ë∫,15,1163,1163,-,145,172,-,12.5,14.8,385,385,104,69,27,17.9
3485,ïÅë„ë∫,21,930,930,2,102,59,9.5,11,6.3,397,397,88,47,22.2,11.8
3501,åyïƒí¨,82,3322,3322,10,540,472,12.2,16.3,14.2,1172,1172,433,325,36.9,27.7
3503,ñÏìcë∫,19,1539,1539,9,210,228,47.4,13.6,14.8,521,521,116,104,22.3,20
3506,ã„åÀë∫,26,2034,2034,4,197,338,15.4,9.7,16.6,671,671,112,187,16.7,27.9
3507,ómñÏí¨,153,5876,5876,13,799,858,8.5,13.6,14.6,2055,2055,590,474,28.7,23.1
3524,àÍåÀí¨,145,4298,4298,37,820,735,25.5,19.1,17.1,1244,1244,Åc,466,Åc,37.5
4000,ã{èÈåß,24005,900986,900997,2145,86030,92073,8.9,9.5,10.2,197797,197795,49596,47711,26.1,24.1
4100,êÂë‰és,14875,430381,430381,1404,23462,27999,9.4,5.5,6.5,84783,84783,14641,16154,17.3,19.1
4202,êŒä™és,1374,53205,53205,174,6385,6925,12.7,12,13,13026,13026,3972,3281,30.5,25.2
4203,âñäñés,659,20969,20969,7,2133,2542,1.1,10.2,12.1,5061,5061,1350,1101,26.7,21.8
4205,ãCêÂè¿és,369,23543,23543,45,2384,2951,12.2,10.1,12.5,6895,6895,1697,1693,24.6,24.6
4206,îíêŒés,195,12513,12513,3,1518,1538,1.5,12.1,12.3,3228,3228,941,790,29.2,24.5
4207,ñºéÊés,417,32844,32844,84,3721,4781,20.1,11.3,14.6,6380,6380,2723,1824,42.7,28.6
4208,äpìcés,109,10637,10637,2,1457,1550,1.8,13.7,14.6,2855,2855,965,919,33.8,32.2
4209,ëΩâÍèÈés,705,24593,24593,80,2529,2748,11.3,10.3,11.2,4885,4885,1502,1366,30.7,28
4211,ä‚è¿és,230,17244,17244,13,1903,1823,5.7,11,10.6,3624,3624,1055,758,29.1,20.9
4212,ìoïƒés,537,29166,29166,72,7056,6221,13.4,24.2,21.3,8128,8128,Åc,3300,Åc,40.6
4213,åIå¥és,647,23463,23463,6,3952,3734,0.9,16.8,15.9,6668,6668,2704,2212,40.6,33.2
4214,ìåèºìáés,275,15201,15201,27,1929,1782,9.8,12.7,11.7,3416,3416,1130,760,33.1,22.2
4215,ëÂçËés,1531,50201,50201,96,6619,6338,6.3,13.2,12.6,12049,12049,4209,3296,34.9,27.4
4216,ïxíJés,87,22303,22303,14,2982,3214,16.1,13.4,14.4,3519,3519,1471,1388,41.8,39.4
4301,ë†â§í¨,69,4368,4368,-,646,658,-,14.8,15.1,1225,1225,440,346,35.9,28.2
4302,éµÉPèhí¨,4,424,424,-,116,124,-,27.4,29.2,130,130,82,51,63.1,39.2
4321,ëÂâÕå¥í¨,239,9361,9361,3,1206,968,1.3,12.9,10.3,2005,2005,692,15,34.5,0.7
4322,ë∫ìcí¨,5,4049,4049,5,551,434,100,13.6,10.7,1056,1056,328,201,31.1,19
4323,éƒìcí¨,269,14382,14382,3,1329,1370,1.1,9.2,9.5,3311,3311,803,618,24.3,18.7
4324,êÏçËí¨,74,3286,3286,5,555,485,6.8,16.9,14.8,917,917,363,285,39.6,31.1
4341,ä€êXí¨,72,4442,4442,-,771,709,-,17.4,16,1389,1389,579,402,41.7,28.9
4361,òjóùí¨,126,13376,13376,9,1443,1755,7.1,10.8,13.1,2930,2930,946,936,32.3,31.9
4362,éRå≥í¨,96,4314,4314,3,610,624,3.1,14.1,14.5,1309,1309,439,354,33.5,27
4401,èºìáí¨,159,5149,5149,14,776,689,8.8,15.1,13.4,1342,1342,463,366,34.5,27.3
4404,éµÉPïlí¨,113,7473,7473,4,1014,1077,3.5,13.6,14.4,1828,1828,637,569,34.8,31.1
4406,óòï{í¨,80,14853,14853,8,2088,1937,10,14.1,13,2792,2792,1133,934,40.6,33.5
4421,ëÂòaí¨,134,11318,11329,18,1518,1628,13.4,13.4,14.4,2075,2073,889,909,42.8,43.8
4422,ëÂãΩí¨,42,2872,2872,3,437,393,7.1,15.2,13.7,676,676,258,207,38.2,30.6
4424,ëÂçtë∫,27,2075,2075,-,296,300,-,14.3,14.5,445,445,167,117,37.5,26.3
4444,êFñÉí¨,10,2487,2487,3,479,422,30,19.3,17,665,665,302,221,45.4,33.2
4445,â¡î¸í¨,97,8433,8433,9,1382,1314,9.3,16.4,15.6,2379,2379,888,653,37.3,27.4
4501,óOíJí¨,147,5947,5947,11,811,766,7.5,13.6,12.9,1818,1818,566,464,31.1,25.5
4505,î¸ó¢í¨,125,9248,9248,5,1266,1004,4,13.7,10.9,2518,2518,821,512,32.6,20.3
4581,èóêÏí¨,41,2051,2051,8,341,322,19.5,16.6,15.7,691,691,212,188,30.7,27.2
4606,ìÏéOó§í¨,66,4815,4815,7,365,948,10.6,7.6,19.7,1779,1779,228,521,12.8,29.3
5000,èHìcåß,9300,372758,372758,403,23517,32695,4.3,6.3,8.8,85458,85457,14281,17195,16.7,20.1
5201,èHìcés,4399,121944,121944,27,2325,5568,0.6,1.9,4.6,22519,22519,1155,3005,5.1,13.3
5202,î\ë„és,790,19501,19501,16,2516,1885,2,12.9,9.7,4896,4896,905,842,18.5,17.2
5203,â°éËés,646,32956,32956,46,4426,4989,7.1,13.4,15.1,8538,8538,2711,2632,31.8,30.8
5204,ëÂäŸés,148,26324,26324,27,1218,1769,18.2,4.6,6.7,5333,5333,894,960,16.8,18
5206,íjé≠és,429,9546,9546,20,511,615,4.7,5.4,6.4,2903,2903,366,377,12.6,13
5207,ìíëÚés,445,17151,17151,57,1866,2775,12.8,10.9,16.2,4525,4525,1149,1436,25.4,31.7
5209,é≠äpés,218,11070,11070,33,491,913,15.1,4.4,8.2,2846,2846,262,343,9.2,12.1
5210,óRóòñ{ëëés,505,28560,28560,10,467,1819,2,1.6,6.4,6265,6265,330,1108,5.3,17.7
5211,äÉè„és,410,13156,13156,32,590,665,7.8,4.5,5.1,2934,2934,327,294,11.1,10
5212,ëÂêÂés,29,30466,30466,28,2747,4107,96.6,9,13.5,7751,7751,2000,2046,25.8,26.4
5213,ñkèHìcés,288,10830,10830,10,647,757,3.5,6,7,2590,2590,558,513,21.5,19.8
5214,Ç…Ç©ÇŸés,83,9001,9001,34,506,779,41,5.6,8.7,2514,2514,357,476,14.2,18.9
5215,êÂñkés,305,8982,8982,31,739,1119,10.2,8.2,12.5,2294,2294,549,539,23.9,23.5
5303,è¨ç‚í¨,19,1779,1779,2,154,173,10.5,8.7,9.7,428,428,113,83,26.4,19.4
5327,è„è¨à¢êmë∫,7,682,682,-,82,125,-,12,18.3,220,220,69,67,31.4,30.5
5346,ì°ó¢í¨,22,1087,1087,2,194,227,9.1,17.8,20.9,301,301,129,121,42.9,40.2
5348,éOéÌí¨,116,5703,5703,4,650,663,3.4,11.4,11.6,1642,1642,422,385,25.7,23.4
5349,î™ïÙí¨,55,2523,2523,-,310,327,-,12.3,13,742,742,211,212,28.4,28.6
5361,å‹èÈñ⁄í¨,92,3088,3088,-,259,297,-,8.4,9.6,824,824,186,183,22.6,22.2
5363,î™òYäÉí¨,72,2130,2130,6,219,240,8.3,10.3,11.3,596,596,144,126,24.2,21.1
5366,à‰êÏí¨,15,1661,1661,1,270,261,6.7,16.3,15.7,385,385,146,115,37.9,29.9
5368,ëÂäÉë∫,3,1106,1106,-,446,482,-,40.3,43.6,799,799,409,437,51.2,54.7
5434,î¸ãΩí¨,103,7094,7094,8,1386,1417,7.8,19.5,20,1910,1909,574,513,30.1,26.9
5463,âHå„í¨,96,5472,5472,6,369,531,6.3,6.7,9.7,1489,1489,252,293,16.9,19.7
5464,ìåê¨ê£ë∫,5,946,946,3,129,192,60,13.6,20.3,214,214,63,89,29.4,41.6
6000,éRå`åß,5633,403587,403587,492,56121,53625,8.7,13.9,13.3,71422,71422,29138,26507,43.6,39.6
6201,éRå`és,1785,94619,94619,65,9436,9150,3.6,10,9.7,Åc,Åc,Åc,Åc,Åc,Åc
6202,ïƒëÚés,579,30300,30300,55,3027,2963,9.5,10,9.8,6501,6501,2297,2184,35.3,33.6
6203,íﬂâ™és,1171,46578,46578,130,7231,6878,11.1,15.5,14.8,10933,10933,4845,4486,44.3,41
6204,éìcés,153,38256,38256,67,5742,5110,43.8,15,13.4,9214,9214,3954,3318,42.9,36
6205,êVèØés,286,13422,13422,27,1773,1698,9.4,13.2,12.7,3341,3341,1201,1097,35.9,32.8
6206,ä¶âÕç]és,74,15225,15225,4,2383,2221,5.4,15.7,14.6,3426,3426,1508,1361,44,39.7
6207,è„éRés,111,10843,10843,6,1687,1521,5.4,15.6,14,2801,2801,1209,1060,43.2,37.8
6208,ë∫éRés,44,8165,8165,-,1543,1484,-,18.9,18.2,2206,2206,990,937,44.9,42.5
6209,í∑à‰és,152,9621,9621,43,1138,1142,28.3,11.8,11.9,2174,2174,Åc,Åc,Åc,Åc
6210,ìVì∂és,296,23507,23507,9,3312,3295,3,14.1,14,5181,5181,2217,2187,42.8,42.2
6211,ìåç™és,129,18107,18107,6,2718,2645,4.7,15,14.6,3923,3923,1713,1640,43.7,41.8
6212,îˆâ‘ëÚés,46,5510,5510,-,1034,1031,-,18.8,18.7,1656,1656,713,693,43.1,41.8
6213,ìÏózés,94,11451,11451,4,1557,1571,4.3,13.6,13.7,2607,2607,Åc,Åc,Åc,Åc
6301,éRï”í¨,32,5418,5418,-,770,694,-,14.2,12.8,1128,1128,492,439,43.6,38.9
6302,íÜéRí¨,29,4225,4225,-,720,702,-,17,16.6,Åc,Åc,467,448,Åc,Åc
6321,âÕñkí¨,56,6644,6644,7,950,891,12.5,14.3,13.4,1554,1554,681,590,43.8,38
6322,êºêÏí¨,5,1776,1776,-,415,377,-,23.4,21.2,506,506,Åc,Åc,Åc,Åc
6323,í©ì˙í¨,16,2201,2201,2,523,497,12.5,23.8,22.6,744,744,385,372,51.7,50
6324,ëÂç]í¨,17,2717,2717,-,531,487,-,19.5,17.9,756,756,376,345,49.7,45.6
6341,ëÂêŒìcí¨,14,2379,2379,-,513,477,-,21.6,20.1,693,693,392,360,56.6,51.9
6361,ã‡éRí¨,32,1920,1920,1,392,350,3.1,20.4,18.2,433,433,228,193,52.7,44.6
6362,ç≈è„í¨,31,2968,2968,1,550,527,3.2,18.5,17.8,862,862,382,362,44.3,42
6363,èMå`í¨,10,1899,1899,5,408,371,50,21.5,19.5,519,519,255,236,49.1,45.5
6364,ê^é∫êÏí¨,32,2578,2578,-,432,374,-,16.8,14.5,722,722,223,189,30.9,26.2
6365,ëÂë†ë∫,11,1076,1076,1,298,294,9.1,27.7,27.3,320,320,Åc,Åc,Åc,Åc
6366,ç¯êÏë∫,-,1448,1448,-,290,272,-,20,18.8,456,456,205,184,45,40.4
6367,åÀëÚë∫,Åc,1574,1574,-,280,323,Åc,17.8,20.5,455,455,177,175,38.9,38.5
6381,çÇî©í¨,128,8473,8473,12,1299,1205,9.4,15.3,14.2,2013,2013,897,796,44.6,39.5
6382,êÏêºí¨,40,5535,5535,2,836,813,5,15.1,14.7,Åc,Åc,Åc,Åc,Åc,Åc
6401,è¨çëí¨,27,2496,2496,-,198,165,-,7.9,6.6,547,547,142,101,26,18.5
6402,îíëÈí¨,60,4796,4796,8,768,743,13.3,16,15.5,1086,1086,534,488,49.2,44.9
6403,î—ñLí¨,37,2528,2528,3,371,358,8.1,14.7,14.2,631,631,257,231,40.7,36.6
6426,éOêÏí¨,13,2655,2655,2,488,474,15.4,18.4,17.9,636,636,346,317,54.4,49.8
6428,èØì‡í¨,85,7684,7684,21,1390,1438,24.7,18.1,18.7,1917,1917,1243,974,64.8,50.8
6461,óVç≤í¨,38,4993,4993,11,1118,1084,28.9,22.4,21.7,1481,1481,809,744,54.6,50.2
7000,ïüìáåß,14167,714125,714250,2252,73429,69671,10.7,10.2,9.7,172218,172217,51225,42106,29.4,25.3
7201,ïüìáés,2729,106832,106832,363,10285,10396,13.3,9.6,9.7,22645,22645,6597,6248,29.1,27.6
7202,âÔí√é·èºés,1457,44631,44631,146,2757,2786,10,6.2,6.2,10759,10759,2118,1995,19.7,18.5
7203,åSéRés,2862,129509,129509,328,11452,11492,11.5,8.8,8.9,29965,29965,8136,7353,27.2,24.5
7204,Ç¢ÇÌÇ´és,3280,123719,123719,286,8442,7941,8.7,6.8,6.4,24783,24783,5306,4585,21.4,18.5
7205,îíâÕés,393,23551,23551,20,2594,2551,5.1,11,10.8,5783,5783,1963,1872,33.9,32.4
7207,ê{âÍêÏés,518,29516,29516,95,2998,2194,18.3,10.2,7.4,6901,6901,2371,1562,34.4,22.6
7208,äÏëΩï˚és,351,17042,17042,14,1788,1616,4,10.5,9.5,4721,4721,1428,1132,30.2,24
7209,ëäînés,37,12777,12777,4,1534,1419,10.8,12,11.1,3311,3311,1156,756,34.9,22.8
7210,ìÒñ{èºés,344,20425,20425,13,1985,2046,3.8,9.7,10,5152,5152,1343,1039,26.1,20.2
7211,ìcë∫és,164,13287,13287,9,1771,1611,5.5,13.3,12.1,3921,3921,1097,916,28,23.4
7212,ìÏëäînés,283,22169,22169,11,2302,2512,3.9,10.4,11.3,6571,6571,1473,Åc,22.4,Åc
7213,à…íBés,230,21950,21950,21,3068,2772,9.1,14,12.6,5705,5705,2455,2055,43,36
7214,ñ{ã{és,68,11974,11974,5,1358,1306,7.4,11.3,10.9,2508,2508,841,742,33.5,29.6
7301,åKê‹í¨,27,4322,4322,27,559,416,100,12.9,9.6,1141,1141,398,271,34.9,23.8
7303,çëå©í¨,26,3149,3149,4,472,414,15.4,15,13.1,885,886,359,280,40.6,31.6
7308,êÏñìí¨,58,4506,4506,19,573,551,32.8,12.7,12.2,1349,1349,388,368,28.8,27.3
7322,ëÂã ë∫,10,3419,3419,1,456,601,10,13.3,17.6,729,729,281,311,38.5,42.7
7342,ãæêŒí¨,85,4864,4864,3,657,640,3.5,13.5,13.2,1139,1139,384,356,33.7,31.3
7344,ìVâhë∫,15,2037,2037,1,324,290,6.7,15.9,14.2,542,542,217,182,40,33.6
7362,â∫ãΩí¨,13,1916,1916,13,247,190,100,12.9,9.9,702,720,177,121,25.2,16.8
7364,ûwé}äÚë∫,1,193,193,-,63,37,-,32.6,19.2,80,80,52,31,65,38.8
7367,ë¸å©í¨,3,1341,1466,-,189,151,-,14.1,10.3,399,399,144,103,36.1,25.8
7368,ìÏâÔí√í¨,74,5058,5058,8,605,466,10.8,12,9.2,1502,1502,492,322,32.8,21.4
7402,ñkâñå¥ë∫,Åc,993,996,20,152,149,Åc,15.3,15,340,340,104,102,30.6,30
7405,êºâÔí√í¨,28,1902,1902,7,485,450,25,25.5,23.7,668,668,327,290,49,43.4
7407,î÷íÚí¨,6,1181,1181,1,247,203,16.7,20.9,17.2,368,368,186,119,50.5,32.3
7408,íñïcë„í¨,50,4869,4869,5,765,801,10,15.7,16.5,1337,1337,508,460,38,34.4
7421,âÔí√ç‚â∫í¨,78,5747,5747,5,496,512,6.4,8.6,8.9,1703,1703,371,351,21.8,20.6
7422,ìíêÏë∫,12,1156,1156,4,202,181,33.3,17.5,15.7,311,311,147,109,47.3,35
7423,ñˆí√í¨,17,1069,1069,8,188,188,47.1,17.6,17.6,364,364,138,123,37.9,33.8
7444,éOìáí¨,6,457,457,-,87,77,-,19,16.8,139,139,58,49,41.7,35.3
7445,ã‡éRí¨,5,530,530,2,103,123,40,19.4,23.2,205,205,73,72,35.6,35.1
7446,è∫òaë∫,6,362,362,3,66,52,50,18.2,14.4,187,187,66,52,35.3,27.8
7447,âÔí√î¸ó¢í¨,82,7280,7280,9,989,812,11,13.6,11.2,2359,2359,766,544,32.5,23.1
7461,êºãΩë∫,205,8114,8114,-,788,685,-,9.7,8.4,1735,1735,586,469,33.8,27
7464,êÚçËë∫,24,2477,2477,4,284,282,16.7,11.5,11.4,657,657,217,194,33,29.5
7465,íÜìáë∫,5,1950,1950,1,294,291,20,15.1,14.9,553,553,199,173,36,31.3
7466,ñÓêÅí¨,25,6559,6559,7,902,801,28,13.8,12.2,1788,1788,693,581,38.8,32.5
7481,íIëqí¨,93,5088,5088,14,712,607,15.1,14,11.9,1249,1229,505,378,40.4,30.8
7482,ñÓç’í¨,29,2041,2041,2,334,270,6.9,16.4,13.2,533,533,233,156,43.7,29.3
7483,î∑í¨,50,3099,3099,9,596,471,18,19.2,15.2,742,742,413,Åc,Åc,Åc
7484,éLêÏë∫,11,1127,1127,1,244,214,9.1,21.7,19,412,412,187,151,45.4,36.7
7501,êŒêÏí¨,64,5508,5508,10,660,597,15.6,12,10.8,1590,1590,457,390,28.7,24.5
7502,ã êÏë∫,23,2419,2419,5,341,306,21.7,14.1,12.6,653,653,259,198,39.7,30.3
7503,ïΩìcë∫,41,2310,2310,8,409,563,19.5,17.7,24.4,646,646,264,272,40.9,42.1
7504,êÛêÏí¨,-,2217,2217,1,365,412,-,16.5,18.6,584,584,240,231,41.1,39.6
7505,å√ìaí¨,13,1838,1838,2,269,271,15.4,14.6,14.7,521,521,167,145,32.1,27.8
7521,éOètí¨,54,6494,6494,4,833,693,7.4,12.8,10.7,1902,1902,604,487,31.8,25.6
7522,è¨ñÏí¨,66,3618,3618,-,326,297,-,9,8.2,1018,1018,203,172,19.9,16.9
7541,çLñÏí¨,6,1796,1796,-,300,287,-,16.7,16,534,534,214,161,40.1,30.1
7542,ìËótí¨,15,1124,1124,-,552,482,-,49.1,42.9,473,473,378,298,79.9,63
7543,ïxâ™í¨,Åc,4790,4790,1,828,651,Åc,17.3,13.6,1798,1798,705,543,39.2,30.2
7544,êÏì‡ë∫,8,838,838,3,121,105,37.5,14.4,12.5,284,284,96,76,33.8,26.8
7545,ëÂåFí¨,11,3899,3899,1,873,805,9.1,22.4,20.6,Åc,Åc,445,397,Åc,Åc
7546,ëoótí¨,Åc,2081,2081,721,502,445,Åc,24.1,21.4,934,934,344,297,36.8,31.8
7547,òQç]í¨,85,5902,5902,-,1365,1105,-,Åc,Åc,2725,2725,1077,813,39.5,29.8
7548,äãîˆë∫,-,468,468,-,119,82,-,25.4,17.5,188,188,70,44,37.2,23.4
7561,êVíní¨,21,2907,2904,3,548,473,14.3,18.9,16.3,784,784,360,276,45.9,35.2
7564,î—ä⁄ë∫,-,1728,1728,-,605,530,-,35,30.7,741,741,389,333,52.5,44.9
8000,àÔèÈåß,23896,1139784,1139794,860,80855,76465,3.6,7.1,6.7,275435,275435,55790,45500,20.3,16.5
8201,êÖåÀés,4261,105573,105573,220,6560,6060,5.2,6.2,5.7,24495,24495,4426,3804,18.1,15.5
8202,ì˙óßés,1823,67470,67470,81,1408,2472,4.4,2.1,3.7,14449,14449,1126,1001,7.8,6.9
8203,ìyâYés,1316,55788,55788,53,2546,2644,4,4.6,4.7,13137,13137,1733,1431,13.2,10.9
8204,å√âÕés,1688,56642,56642,39,3226,3693,2.3,5.7,6.5,14029,14029,2020,2223,14.4,15.8
8205,êŒâ™és,812,28230,28230,9,1731,1518,1.1,6.1,5.4,7021,7021,1237,1007,17.6,14.3
8207,åãèÈés,396,19927,19927,12,1405,1401,3,7.1,7,4762,4762,976,901,20.5,18.9
8208,ó¥ÉPçËés,662,31238,31238,16,1641,1367,2.4,5.3,4.4,7693,7693,1196,905,15.5,11.8
8210,â∫ç»és,247,17036,17036,5,1384,1528,2,8.1,9,4450,4450,973,892,21.9,20
8211,èÌëçés,268,24179,24179,26,1682,1616,9.7,7,6.7,5676,5676,1138,958,20,16.9
8212,èÌó§ëæìcés,266,18972,18972,1,1871,2182,0.4,9.9,11.5,5199,5199,1332,1253,25.6,24.1
8214,çÇîãés,197,10271,10271,7,669,407,3.6,6.5,4,2460,2460,536,229,21.8,9.3
8215,ñkàÔèÈés,307,16212,16212,5,1259,928,1.6,7.8,5.7,3862,3862,989,549,25.6,14.2
8216,ä}ä‘és,731,28910,28910,32,2576,2101,4.4,8.9,7.3,7802,7802,1777,1341,22.8,17.2
8217,éÊéËés,1197,41675,41675,58,2513,1932,4.8,6,4.6,9773,9773,1877,1240,19.2,12.7
8219,ãçãvés,466,34079,34079,22,1569,1507,4.7,4.6,4.4,7270,7270,1187,1061,16.3,14.6
8220,Ç¬Ç≠ÇŒés,954,99595,99595,64,4107,5134,6.7,4.1,5.2,17660,17660,2240,2572,12.7,14.6
8221,Ç–ÇΩÇøÇ»Ç©és,907,63293,63293,18,3820,3921,2,6,6.2,12385,12385,2391,2201,19.3,17.8
8222,é≠ìàés,540,25636,25636,5,1415,1241,0.9,5.5,4.8,6908,6908,1105,806,16,11.7
8223,í™óàés,265,10558,10558,-,1037,1119,-,9.8,10.6,3044,3044,861,698,28.3,22.9
8224,éÁíJés,195,28868,28868,25,1723,1403,12.8,6,4.9,4793,4793,1311,546,27.4,11.4
8225,èÌó§ëÂã{és,250,15140,15140,6,1828,1765,2.4,12.1,11.7,4726,4726,1291,1090,27.3,23.1
8226,ìﬂâœés,270,21698,21698,7,1770,1754,2.6,8.2,8.1,5499,5499,1159,1019,21.1,18.5
8227,í}êºés,824,39676,39676,11,3477,2997,1.3,8.8,7.6,11083,11083,2504,1997,22.6,18
8228,ç‚ìåés,402,21141,21141,4,2311,2112,1,10.9,10,5882,5882,1633,1427,27.8,24.3
8229,àÓï~és,302,15323,15323,5,962,716,1.7,6.3,4.7,4386,4386,702,485,16,11.1
8230,Ç©Ç∑Ç›Ç™Ç§ÇÁ,266,15722,15722,6,1727,935,2.3,11,5.9,3458,3458,742,593,21.5,17.1
8231,ç˜êÏés,279,15751,15751,1,1797,1644,0.4,11.4,10.4,4465,4465,1187,954,26.6,21.4
8232,ê_ê≤és,742,38527,38527,31,3588,2975,4.2,9.3,7.7,9644,9644,2695,1839,27.9,19.1
8233,çsï˚és,250,12636,12636,-,1731,1351,-,13.7,10.7,4409,4409,1403,1046,31.8,23.7
8234,ñgìcés,482,17890,17890,15,3445,3058,3.1,19.3,17.1,7631,7631,2723,2228,35.7,29.2
8235,Ç¬Ç≠ÇŒÇ›ÇÁÇ¢,146,20907,20907,1,1263,1301,0.7,6,6.2,4050,4050,881,742,21.8,18.3
8236,è¨î¸ã és,374,18959,18969,4,1789,1414,1.1,9.4,7.5,5350,5350,1333,910,24.9,17
8302,àÔèÈí¨,234,12042,12042,8,1344,1142,3.4,11.2,9.5,3440,3440,967,757,28.1,22
8309,ëÂêÙí¨,268,6322,6322,13,808,686,4.9,12.8,10.9,1949,1949,581,408,29.8,20.9
8310,èÈó¢í¨,83,7387,7387,2,1116,831,2.4,15.1,11.2,2195,2195,821,547,37.4,24.9
8341,ìåäCë∫,202,15340,15340,9,1678,1964,4.5,10.9,12.8,2605,2605,695,568,26.7,21.8
8364,ëÂéqí¨,172,5714,5714,24,780,651,14,13.7,11.4,2063,2063,627,459,30.4,22.2
8442,î¸âYë∫,94,6090,6090,2,543,491,2.1,8.9,8.1,1617,1617,321,251,19.9,15.5
8443,à¢å©í¨,445,19455,19455,11,1008,1238,2.5,5.2,6.4,4944,4944,602,581,12.2,11.8
8447,âÕì‡í¨,42,3224,3224,-,476,268,-,14.8,8.3,989,989,225,170,22.8,17.2
8521,î™êÁë„í¨,50,8103,8103,1,1078,914,2,13.3,11.3,2602,2602,804,623,30.9,23.9
8542,å‹â‡í¨,-,3294,3294,-,448,477,-,13.6,14.5,889,889,236,227,26.5,25.5
8546,ã´í¨,135,9807,9807,1,1324,1204,0.7,13.5,12.3,3062,3062,883,746,28.8,24.4
8564,óòç™í¨,86,5484,5484,-,422,403,-,7.7,7.3,1629,1629,344,215,21.1,13.2
9000,ì»ñÿåß,18456,773619,773664,1015,71386,76952,5.5,9.2,9.9,189096,189021,42422,42476,22.4,22.5
9201,âFìsã{és,6802,210208,210208,481,15472,15884,7.1,7.4,7.6,42292,42292,8109,7752,19.2,18.3
9202,ë´óòés,911,57083,57083,49,2848,3838,5.4,5,6.7,14378,14378,1927,2619,13.4,18.2
9203,ì»ñÿés,1201,61596,61596,42,5118,5131,3.5,8.3,8.3,15197,15117,2945,2738,19.4,18.1
9204,ç≤ñÏés,1094,46020,46020,47,4403,4490,4.3,9.6,9.8,10830,10830,2378,2275,22,21
9205,é≠è¿és,458,38065,38065,38,2033,3835,8.3,5.3,10.1,9741,9741,940,1531,9.6,15.7
9206,ì˙åıés,631,30217,30217,18,3369,3578,2.9,11.1,11.8,8611,8611,2335,2287,27.1,26.6
9208,è¨éRés,1153,68050,68050,102,5041,5297,8.8,7.4,7.8,15337,15337,2916,2837,19,18.5
9209,ê^â™és,543,31755,31755,22,3592,3630,4.1,11.3,11.4,12609,12609,2396,2218,19,17.6
9210,ëÂìcå¥és,578,27926,27926,41,3941,4156,7.1,14.1,14.9,8028,8028,2417,2308,30.1,28.7
9211,ñÓî¬és,151,12304,12304,2,1375,1488,1.3,11.2,12.1,3144,3144,824,765,26.2,24.3
9213,ìﬂê{âñå¥és,831,47346,47346,29,5244,5653,3.5,11.1,11.9,11409,11409,2732,2749,23.9,24.1
9214,Ç≥Ç≠ÇÁés,230,17385,17385,13,2482,2521,5.7,14.3,14.5,3079,3079,1411,1246,45.8,40.5
9215,ìﬂê{âGéRés,118,9923,9923,7,941,1000,5.9,9.5,10.1,3183,3183,608,581,19.1,18.3
9216,â∫ñÏés,283,23799,23799,23,4068,4101,8.1,17.1,17.2,5234,5234,1966,1845,37.6,35.3
9301,è„éOêÏí¨,134,12733,12733,21,1634,1755,15.7,12.8,13.8,2865,2865,1340,1322,46.8,46.1
9342,âvéqí¨,132,9235,9235,10,1290,1504,7.6,14,16.3,2771,2771,895,956,32.3,34.5
9343,ñŒñÿí¨,69,3620,3665,3,887,972,4.3,24.5,26.5,1331,1336,578,585,43.4,43.8
9344,ésäLí¨,86,4738,4738,-,894,930,-,18.9,19.6,1209,1209,717,707,59.3,58.5
9345,ñFâÍí¨,111,5983,5983,6,1094,964,5.4,18.3,16.1,1793,1793,664,543,37,30.3
9361,êpê∂í¨,304,15216,15216,-,1078,1335,-,7.1,8.8,3578,3578,1076,1331,30.1,37.2
9364,ñÏñÿí¨,150,9945,9945,6,1097,1240,4,11,12.5,2538,2538,628,665,24.7,26.2
9384,âñíJí¨,60,3915,3915,3,512,480,5,13.1,12.3,1158,1158,306,257,26.4,22.2
9386,çÇç™ëÚí¨,2173,11344,11344,12,796,934,0.6,7,8.2,2674,2674,748,840,28,31.4
9407,ìﬂê{í¨,145,9450,9450,18,1249,1262,12.4,13.2,13.4,3906,3906,907,894,23.2,22.9
9411,ìﬂâœêÏí¨,108,5763,5763,22,928,974,20.4,16.1,16.9,2201,2201,659,625,29.9,28.4
10000,åQînåß,11977,760812,760809,1419,57896,58386,11.8,7.6,7.7,179274,179316,34388,29192,19.2,16.3
10201,ëOã¥és,3496,130204,130204,443,14311,13197,12.7,11,10.1,29214,29214,8121,6129,27.8,21
10202,çÇçËés,2688,146427,146427,300,9080,8458,11.2,6.2,5.8,31428,31428,5395,4505,17.2,14.3
10203,ãÀê∂és,476,40297,40297,97,1951,2769,20.4,4.8,6.9,10698,10698,1201,1620,11.2,15.1
10204,à…ê®çËés,1440,84675,84675,189,5055,5738,13.1,6,6.8,18302,18302,3243,2606,17.7,14.2
10205,ëæìcés,1032,87111,87111,133,4658,6611,12.9,5.3,7.6,19187,19187,2851,3115,14.9,16.2
10206,è¿ìcés,206,17728,17728,25,1064,1158,12.1,6,6.5,5580,5580,690,629,12.4,11.3
10207,äŸó—és,364,30192,30192,28,2328,1964,7.7,7.7,6.5,7141,7141,1430,1018,20,14.3
10208,èaêÏés,468,28564,28564,17,2583,1993,3.6,9,7,7462,7462,1558,1080,20.9,14.5
10209,ì°â™és,288,25102,25102,19,1396,1343,6.6,5.6,5.4,6246,6246,889,752,14.2,12
10210,ïxâ™és,186,18295,18295,17,1042,859,9.1,5.7,4.7,4422,4422,666,691,15.1,15.6
10211,à¿íÜés,30,21680,21680,29,527,1467,96.7,2.4,6.8,5280,5280,365,903,6.9,17.1
10212,Ç›Ç«ÇËés,207,19769,19769,38,1353,1398,18.4,6.8,7.1,4971,4971,789,719,15.9,14.5
10344,êYìåë∫,59,5729,5729,4,761,831,6.8,13.3,14.5,1363,1363,368,336,27,24.7
10345,ãgâ™í¨,60,8883,8883,2,1019,1156,3.3,11.5,13,1747,1747,485,448,27.8,25.6
10366,è„ñÏë∫,3,327,327,-,68,58,-,20.8,17.7,110,110,68,58,61.8,52.7
10367,ê_ó¨í¨,9,513,513,-,80,96,-,15.6,18.7,222,222,64,51,28.8,23
10382,â∫êmìcí¨,33,2316,2316,3,329,203,9.1,14.2,8.8,821,821,260,143,31.7,17.4
10383,ìÏñqë∫,3,476,476,-,81,58,-,17,12.2,Åc,Åc,Åc,Åc,Åc,Åc
10384,ä√äyí¨,21,4909,4909,2,519,561,9.5,10.6,11.4,1372,1372,290,250,21.1,18.2
10421,íÜîVèí¨,27,5552,5552,2,766,783,7.4,13.8,14.1,1531,1531,519,363,33.9,23.7
10424,í∑ñÏå¥í¨,14,2050,2050,-,335,259,-,16.3,12.6,664,664,227,174,34.2,26.2
10425,í⁄óˆë∫,15,3672,3672,-,435,523,-,11.8,14.2,1564,1564,280,341,17.9,21.8
10426,ëêí√í¨,74,2245,2245,7,154,118,9.5,6.9,5.3,628,628,120,62,19.1,9.9
10428,çÇéRë∫,7,1256,1256,-,121,111,-,9.6,8.8,440,440,79,48,18,10.9
10429,ìåå·ç»í¨,23,4656,4656,3,648,545,13,13.9,11.7,1346,1346,426,295,31.6,21.9
10443,ï–ïië∫,8,1570,1570,-,317,314,-,20.2,20,645,645,241,176,37.4,27.3
10444,êÏèÍë∫,2,1149,1149,1,280,230,50,24.4,20,339,339,173,122,51,36
10448,è∫òaë∫,14,2553,2553,-,341,278,-,13.4,10.9,1120,1162,316,172,28.2,14.8
10449,Ç›Ç»Ç©Ç›í¨,70,6793,6793,5,803,884,7.1,11.8,13,2203,2203,508,411,23.1,18.7
10464,ã ë∫í¨,188,15053,15053,11,1214,773,5.9,8.1,5.1,3482,3482,824,375,23.7,10.8
10521,î¬ëqí¨,54,5593,5593,7,777,551,13,13.9,9.9,1650,1650,594,300,36,18.2
10522,ñæòaí¨,16,4252,4252,-,487,374,-,11.5,8.8,1016,1016,335,214,33,21.1
10523,êÁë„ìcí¨,30,4339,4339,5,557,487,16.7,12.8,11.2,1105,1105,347,235,31.4,21.3
10524,ëÂêÚí¨,286,16661,16658,27,1100,1085,9.4,6.6,6.5,3467,3467,666,337,19.2,9.7
10525,óWäyí¨,80,10221,10221,5,1356,1153,6.3,13.3,11.3,2508,2508,-,514,-,20.5
11000,çÈã åß,72676,2986901,2986892,7354,168356,195242,10,5.6,6.5,651501,651542,124167,117423,18.6,17.7
11100,Ç≥Ç¢ÇΩÇ‹és,15351,543581,543581,1988,42613,40537,13,7.8,7.5,114872,114872,40151,20227,35,17.6
11201,êÏâzés,3392,141237,141237,81,1287,8028,2.4,0.9,5.7,32188,32188,323,5673,1,17.6
11202,åFíJés,1937,78654,78654,29,6139,6189,1.5,7.8,7.9,19409,19409,3594,3402,18.5,17.5
11203,êÏå˚és,7691,246813,246813,916,12539,15589,11.9,5.1,6.3,51537,51537,7153,9435,13.9,18.3
11206,çsìcés,832,31748,31748,11,511,1360,1.3,1.6,4.3,7834,7834,245,893,3.1,11.4
11207,íÅïÉés,590,23643,23643,24,1209,1212,4.1,5.1,5.1,6172,6172,1158,597,18.8,9.7
11208,èäëÚés,3952,139815,139815,189,2791,6691,4.8,2,4.8,30926,30926,964,3734,3.1,12.1
11209,î—î\és,701,31828,31828,8,933,1125,1.1,2.9,3.5,8101,8101,460,495,5.7,6.1
11210,â¡ê{és,746,45641,45641,90,3569,4322,12.1,7.8,9.5,10967,10967,2005,2335,18.3,21.3
11211,ñ{èØés,720,31735,31735,25,1981,2676,3.5,6.2,8.4,7881,7881,1412,1506,17.9,19.1
11212,ìåèºéRés,971,36147,36147,12,816,1782,1.2,2.3,4.9,8261,8261,704,1002,8.5,12.1
11214,ètì˙ïîés,2735,93179,93179,698,7997,7106,25.5,8.6,7.6,22653,22653,6268,5434,27.7,24
11215,ã∑éRés,683,58971,58971,107,4278,3619,15.7,7.3,6.1,14488,14488,3404,2691,23.5,18.6
11216,âHê∂és,459,21587,21587,132,841,1258,28.8,3.9,5.8,5378,5378,404,851,7.5,15.8
11217,çÉëÉés,620,47363,47363,115,486,3452,18.5,1,7.3,10580,10580,286,1896,2.7,17.9
11218,ê[íJés,1221,56671,56671,30,3606,3863,2.5,6.4,6.8,15172,15172,3006,3087,19.8,20.3
11219,è„îˆés,2057,92786,92786,268,5085,5840,13,5.5,6.3,18400,18400,3394,3931,18.4,21.4
11221,ëêâ¡és,Åc,103692,103692,116,3929,4661,Åc,3.8,4.5,21785,21785,2711,2869,12.4,13.2
11222,âzíJés,3138,139345,139345,330,7699,6818,10.5,5.5,4.9,29882,29882,5650,4200,18.9,14.1
11223,ònés,1049,29783,29783,215,2716,1868,20.5,9.1,6.3,7388,7388,2061,850,27.9,11.5
11224,åÀìcés,1667,58676,58676,235,4219,3431,14.1,7.2,5.8,Åc,Åc,2765,2060,Åc,Åc
11225,ì¸ä‘és,1117,59480,59480,77,4814,4441,6.9,8.1,7.5,14351,14351,3793,3119,26.4,21.7
11227,í©â‡és,1460,59953,59953,243,3332,3877,16.6,5.6,6.5,11394,11394,2304,2185,20.2,19.2
11228,éuñÿés,743,30936,30936,84,1590,2077,11.3,5.1,6.7,6239,6239,1014,1016,16.3,16.3
11229,òaåıés,515,33296,33296,74,2948,2947,14.4,8.9,8.9,5807,5807,2066,1985,35.6,34.2
11230,êVç¿és,2178,68532,68532,250,6467,6058,11.5,9.4,8.8,14482,14482,3725,3324,25.7,23
11231,â±êÏés,629,29879,29879,60,815,2027,9.5,2.7,6.8,6551,6551,383,1340,5.8,20.5
11232,ãväÏés,1536,60955,60955,116,3202,5118,7.6,5.3,8.4,13617,13617,1513,2955,11.1,21.7
11233,ñkñ{és,560,26402,26402,104,849,1904,18.6,3.2,7.2,5928,5928,471,1263,7.9,21.3
11234,î™í™és,1098,37177,37177,18,1173,2216,1.6,3.2,6,7183,7183,505,1656,7,23.1
11235,ïxémå©és,1367,44778,44778,133,2731,2395,9.7,6.1,5.3,9399,9399,2039,1688,21.7,18
11237,éOãΩés,2189,56776,56776,74,3785,3729,3.4,6.7,6.6,12295,12295,3171,3001,25.8,24.4
11238,ò@ìcés,97,24084,24084,5,1661,1670,5.2,6.9,6.9,5495,5495,989,958,18,17.4
11239,ç‚åÀés,483,39601,39601,82,946,2015,17,2.4,5.1,9251,9251,359,853,3.9,9.2
11240,çKéËés,456,20043,20043,15,1357,1634,3.3,6.8,8.2,5431,5431,845,979,15.6,18
11241,íﬂÉPìáés,576,27954,27954,42,552,1523,7.3,2,5.4,6400,6400,338,1181,5.3,18.5
11242,ì˙çÇés,491,21821,21821,20,749,1311,4.1,3.4,6,5613,5613,486,624,8.7,11.1
11243,ãgêÏés,627,29105,29105,53,1031,651,8.5,3.5,2.2,5939,5939,918,481,15.5,8.1
11245,Ç”Ç∂Ç›ñÏés,1484,47397,47397,99,3016,2983,6.7,6.4,6.3,9054,9054,2194,1954,24.2,21.6
11246,îíâ™és,250,20900,20900,4,888,841,1.6,4.2,4,4293,4293,522,467,12.2,10.9
11301,à…ìﬁí¨,208,18530,18530,17,85,931,8.2,0.5,5,3200,3200,28,693,0.9,21.7
11324,éOñFí¨,377,15473,15473,32,1158,1070,8.5,7.5,6.9,3229,3229,815,732,25.2,22.7
11326,ñ—òCéRí¨,582,12878,12878,17,875,1088,2.9,6.8,8.4,3391,3391,754,764,22.2,22.5
11327,âzê∂í¨,75,4382,4382,5,210,283,6.7,4.8,6.5,1325,1325,162,165,12.2,12.5
11341,ääêÏí¨,128,7874,7874,1,214,199,0.8,2.7,2.5,1745,1786,203,169,11.6,9.5
11342,óíéRí¨,168,7479,7479,22,330,319,13.1,4.4,4.3,1703,1703,204,152,12,8.9
11343,è¨êÏí¨,289,11258,11258,11,269,369,3.8,2.4,3.3,3370,3370,173,210,5.1,6.2
11346,êÏìáí¨,119,7610,7610,5,728,720,4.2,9.6,9.5,2087,2087,701,592,33.6,28.4
11347,ãgå©í¨,138,7782,7782,1,478,517,0.7,6.1,6.6,2197,2197,344,334,15.7,15.2
11348,îµéRí¨,Åc,4971,4971,-,229,325,Åc,4.6,6.5,1617,1617,198,255,12.2,15.8
11349,Ç∆Ç´Ç™ÇÌí¨,81,4248,4248,4,318,425,4.9,7.5,10,1332,1332,294,266,22.1,20
11361,â°ê£í¨,45,3096,3087,5,284,292,11.1,9.2,9.5,884,884,215,157,24.3,17.8
11362,äFñÏí¨,52,3518,3518,2,383,377,3.8,10.9,10.7,931,931,250,239,26.9,25.7
11363,í∑ì“í¨,37,2612,2612,-,225,253,-,8.6,9.7,760,760,167,155,22,20.4
11365,è¨é≠ñÏí¨,83,4253,4253,-,445,457,-,10.5,10.7,1375,1375,400,320,29.1,23.3
11369,ìåíÅïÉë∫,12,950,950,-,202,207,-,21.3,21.8,349,349,130,207,37.2,59.3
11381,î¸ó¢í¨,25,4329,4329,6,351,428,24,8.1,9.9,1138,1138,236,273,20.7,24
11383,ê_êÏí¨,129,5289,5289,7,497,578,5.4,9.4,10.9,1431,1431,341,278,23.8,19.4
11385,è„ó¢í¨,320,12756,12756,19,636,893,5.9,5,7,3213,3213,465,509,14.5,15.8
11408,äÒãèí¨,455,12847,12847,9,1405,1423,2,10.9,11.1,3359,3359,1085,1055,32.3,31.4
11442,ã{ë„í¨,296,12940,12940,5,611,1421,1.7,4.7,11,3199,3199,382,680,11.9,21.3
11464,êôåÀí¨,444,17866,17866,10,789,1049,2.3,4.4,5.9,4172,4172,512,572,12.3,13.7
11465,èºïöí¨,245,11996,11996,4,484,774,1.6,4,6.5,2898,2898,355,449,12.2,15.5
12000,êÁótåß,72853,2536347,2536345,7537,177985,179255,10.3,7,7.1,550608,550615,99908,89100,18.1,16.2
12100,êÁótés,16732,401053,401053,876,29413,26988,5.2,7.3,6.7,76483,76483,15540,13593,20.3,17.8
12202,í∂éqés,318,22322,22322,15,1067,1622,4.7,4.8,7.3,7364,7364,684,834,9.3,11.3
12203,ésêÏés,6481,199392,199392,990,22437,20219,15.3,11.3,10.1,38357,38357,11829,10184,30.8,26.6
12204,ëDã¥és,7436,262982,262982,1431,23956,22610,19.2,9.1,8.6,49398,49398,11042,9497,22.4,19.2
12205,äŸéRés,530,16772,16772,16,1849,1766,3,11,10.5,5273,5273,1260,979,23.9,18.6
12206,ñÿçXí√és,1444,53967,53967,18,1780,1817,1.2,3.3,3.4,11922,11922,1014,820,8.5,6.9
12207,èºåÀés,7977,201348,201348,773,13205,12515,9.7,6.6,6.2,41376,41376,8478,7331,20.5,17.7
12208,ñÏìcés,1532,60799,60799,78,4041,4441,5.1,6.6,7.3,15073,15073,2119,2517,14.1,16.7
12210,ñŒå¥és,881,35634,35634,13,1789,2084,1.5,5,5.8,9859,9859,1216,970,12.3,9.8
12211,ê¨ìcés,820,51068,51068,36,3952,3878,4.4,7.7,7.6,10754,10754,2070,2190,19.2,20.4
12212,ç≤ëqés,1024,68678,68678,63,4526,4833,6.2,6.6,7,16543,16543,3267,3110,19.7,18.8
12213,ìåã‡és,671,23091,23091,22,2532,2748,3.3,11,11.9,6538,6538,1557,1043,23.8,16
12215,àÆés,105,25006,25006,8,3189,2334,7.6,12.8,9.3,7952,7952,1691,1126,21.3,14.2
12216,èKéuñÏés,210,70302,70302,131,2038,2936,62.4,2.9,4.2,13289,13289,1086,1641,8.2,12.3
12217,îêés,3563,171766,171766,405,4977,6340,11.4,2.9,3.7,37663,37670,3039,3410,8.1,9.1
12218,èüâYés,120,5872,5872,7,585,531,5.8,10,9,Åc,Åc,507,Åc,Åc,Åc
12219,éså¥és,3549,108274,108274,16,7142,7710,0.5,6.6,7.1,25946,25946,4229,4234,16.3,16.3
12220,ó¨éRés,1392,80235,80235,116,3011,3689,8.3,3.8,4.6,13610,13610,1438,1609,10.6,11.8
12221,î™êÁë„és,1832,83442,83440,149,6385,6532,8.1,7.7,7.8,15350,15350,3485,3208,22.7,20.9
12222,â‰ë∑éqés,1102,53018,53018,114,1192,3035,10.3,2.2,5.7,11097,11097,670,1524,6,13.7
12223,äõêÏés,208,11133,11133,3,775,1164,1.4,7,10.5,3311,3311,490,513,14.8,15.5
12224,äôÉPíJés,689,44220,44220,81,1838,2111,11.8,4.2,4.8,10116,10116,813,868,8,8.6
12225,åNí√és,608,31459,31459,23,1162,1134,3.8,3.7,3.6,7611,7611,743,523,9.8,6.9
12226,ïxí√és,120,16173,16173,12,1142,514,10,7.1,3.2,4470,4470,997,327,22.3,7.3
12227,âYà¿és,1155,69130,69130,250,6000,5621,21.6,8.7,8.1,11390,11390,3517,3245,30.9,28.5
12228,éläXìπés,638,37179,37179,27,2266,2642,4.2,6.1,7.1,7658,7658,1019,1135,13.3,14.8
12229,ë≥ÉPâYés,307,25693,25693,6,1601,1108,2,6.2,4.3,5194,5194,838,547,16.1,10.5
12230,î™äXés,809,28282,28282,59,2006,2317,7.3,7.1,8.2,8139,8139,955,1003,11.7,12.3
12231,àÛêºés,319,45177,45177,19,2450,2767,6,5.4,6.1,8785,8785,1035,1070,11.8,12.2
12232,îíà‰és,268,25993,25993,18,2357,2102,6.7,9.1,8.1,5297,5297,1426,815,26.9,15.4
12233,ïxó¢és,97,19915,19915,15,1311,695,15.5,6.6,3.5,5279,5279,1086,350,20.6,6.6
12234,ìÏñ[ëçés,289,13021,13021,24,1330,1665,8.3,10.2,12.8,4919,4919,953,882,19.4,17.9
12235,ëxç∫és,374,13938,13938,9,1547,1820,2.4,11.1,13.1,4599,4599,806,804,17.5,17.5
12236,çÅéÊés,580,28556,28556,113,1540,2290,19.5,5.4,8,9618,9618,966,1028,10,10.7
12237,éRïêés,23,20250,20250,7,1850,1131,30.4,9.1,5.6,6942,6942,1805,510,26,7.3
12238,Ç¢Ç∑Ç›és,310,14075,14075,6,1196,1542,1.9,8.5,11,4745,4745,798,916,16.8,19.3
12239,ëÂñ‘îíó¢és,182,19961,19961,18,1295,1533,9.9,6.5,7.7,5366,5366,958,711,17.9,13.3
12322,éÅXà‰í¨,193,7568,7568,7,373,703,3.6,4.9,9.3,1759,1759,164,263,9.3,15
12329,âhí¨,6669,7860,7860,1487,594,658,22.3,7.6,8.4,2236,2236,403,407,18,18.2
12342,ê_çËí¨,25,2433,2433,-,317,279,-,13,11.5,707,707,196,111,Åc,15.7
12347,ëΩå√í¨,121,5352,5352,9,709,552,7.4,13.2,10.3,1813,1813,480,327,26.5,18
12349,ìåèØí¨,43,5023,5023,10,651,580,23.3,13,11.5,1653,1653,405,243,24.5,14.7
12403,ã„è\ã„ó¢í¨,192,5923,5923,10,614,369,5.2,10.4,6.2,2069,2069,521,225,25.2,10.9
12409,é≈éRí¨,36,2754,2754,1,316,341,2.8,11.5,12.4,894,894,233,181,26.1,20.2
12410,â°é≈åıí¨,190,8754,8754,14,Åc,672,7.4,Åc,7.7,2721,2721,Åc,308,Åc,11.3
12421,àÍã{í¨,79,5179,5179,13,438,682,16.5,8.5,13.2,1524,1524,285,315,18.7,20.7
12422,ñrëÚí¨,30,2538,2538,4,292,381,13.3,11.5,15,744,744,181,150,24.3,20.2
12423,í∑ê∂ë∫,122,5646,5646,-,807,1054,-,14.3,18.7,1680,1680,456,459,27.1,27.3
12424,îíéqí¨,145,4300,4300,2,361,465,1.4,8.4,10.8,1472,1472,241,230,16.4,15.6
12426,í∑ïøí¨,60,2640,2640,5,495,323,8.3,18.8,12.2,Åc,Åc,Åc,Åc,Åc,Åc
12427,í∑ìÏí¨,38,2905,2905,2,258,342,5.3,8.9,11.8,981,981,173,192,17.6,19.6
12441,ëÂëΩäÏí¨,80,3192,3192,3,521,470,3.8,16.3,14.7,1118,1118,385,298,34.4,26.7
12443,å‰èhí¨,76,2599,2599,2,264,345,2.6,10.2,13.3,1064,1064,169,173,15.9,16.3
12463,ãòìÏí¨,59,2505,2505,1,243,255,1.7,9.7,10.2,887,887,190,151,21.4,17
13000,ìåãûìs,214682,5683631,5683635,46918,269741,415643,21.8,4.5,7.3,1166473,1166473,137976,235823,11.6,21.7
13101,êÁë„ìcãÊ,271,27740,27740,39,3797,3812,14.4,13.7,13.7,Åc,Åc,Åc,Åc,Åc,Åc
13102,íÜâõãÊ,865,81918,81918,198,9396,9051,22.9,11.5,11,13692,13692,4046,3783,29.6,27.6
13103,ç`ãÊ,1433,117627,117627,362,16636,16313,25.3,Åc,13.9,24572,24572,7799,7681,Åc,31.3
13104,êVèhãÊ,8336,134911,134911,2015,9738,10343,24.2,7.2,7.7,33610,33610,6216,6659,18.5,19.8
13105,ï∂ãûãÊ,1676,92242,92242,373,8745,8603,22.3,Åc,Åc,Åc,Åc,4983,5524,Åc,Åc
13106,ë‰ìåãÊ,5033,87007,87007,1225,2366,8291,24.3,2.7,9.5,21427,21427,1855,5882,8.7,27.5
13107,ñnìcãÊ,5542,109411,109411,1494,5275,8484,27,4.8,7.8,25391,25391,1473,5855,5.8,23.1
13108,ç]ìåãÊ,6835,224339,224339,1455,6568,16130,21.3,2.9,7.2,40099,40099,2716,9022,6.8,22.5
13109,ïiêÏãÊ,3786,164317,164317,734,4685,8773,19.4,2.9,5.3,Åc,Åc,3334,6564,Åc,Åc
13110,ñ⁄çïãÊ,2334,118653,118653,515,7411,14267,22.1,6.2,12,25360,25360,4687,9055,18.5,35.7
13111,ëÂìcãÊ,11869,295543,295543,2550,12289,15501,21.5,4.2,5.2,59781,59781,6297,7708,10.5,12.9
13112,ê¢ìcíJãÊ,8407,390756,390756,1368,22698,20843,16.3,5.8,5.3,84227,84227,10872,10395,12.9,12.3
13113,èaíJãÊ,1969,98094,98094,608,7605,7790,30.9,7.8,7.9,23422,23422,3216,3355,13.7,14.3
13114,íÜñÏãÊ,6485,131750,131750,1148,-,10274,17.7,-,7.8,32223,32223,-,7954,-,24.7
13115,êôï¿ãÊ,6245,232026,232026,1561,18220,16392,25,7.9,7.1,52824,52824,15024,13790,28.4,26.1
13116,ñLìáãÊ,4719,111929,111929,831,8910,8852,17.6,8,7.9,26701,26701,3566,4048,13.4,15.2
13117,ñkãÊ,6396,137510,137510,1642,2195,8207,25.7,1.6,6,28974,28974,664,4639,2.3,16
13118,çrêÏãÊ,4174,86907,86907,1312,8086,10937,31.4,9.3,12.6,19461,19461,Åc,Åc,Åc,Åc
13119,î¬ã¥ãÊ,13346,227514,227514,3782,2133,25839,28.3,0.9,11.4,47830,47830,1042,15953,2.2,33.4
13120,ó˚înãÊ,15929,305065,305065,3741,14785,22055,23.5,4.8,7.2,62435,62435,8593,15323,13.8,24.5
13121,ë´óßãÊ,19220,279815,279815,1297,7390,17515,6.7,2.6,6.3,64772,64772,2243,11225,3.5,17.3
13122,äãè¸ãÊ,11611,188597,188597,2386,18356,12177,20.5,9.7,6.5,41393,41393,15921,Åc,38.5,Åc
13123,ç]åÀêÏãÊ,15375,284545,284545,4217,20962,16405,27.4,7.4,5.8,56007,56007,Åc,Åc,Åc,Åc
13201,î™â§éqés,7417,226618,226618,1736,10933,17556,23.4,4.8,7.7,50516,50516,7546,12530,14.9,24.8
13202,óßêÏés,3942,74624,74624,294,351,2618,7.5,0.5,3.5,17067,17067,138,2236,0.8,13.1
13203,ïêë†ñÏés,1618,61154,61154,252,1660,5586,15.6,2.7,9.1,13233,13233,885,4247,6.7,32.1
13204,éOëÈés,2646,79319,79319,413,7319,5421,15.6,9.2,6.8,17535,17535,6488,4711,37,26.9
13205,ê¬î~és,Åc,53699,53699,213,768,3890,Åc,1.4,7.2,13527,13527,507,3460,3.7,25.6
13206,ï{íÜés,3418,109114,109114,1243,2236,6422,36.4,2,5.9,23607,23607,1299,2636,5.5,11.2
13207,è∫ìáés,1567,46528,46528,435,695,1874,27.8,1.5,4,10719,10719,407,1147,3.8,10.7
13208,í≤ïzés,2379,99864,99864,504,253,8059,21.2,0.3,8.1,21584,21584,113,4903,0.5,22.7
13209,í¨ìcés,5743,177194,177194,1519,4288,8750,26.4,2.4,4.9,37517,37517,3237,6647,8.6,17.7
13210,è¨ã‡à‰és,1526,50839,50839,118,4725,2080,7.7,9.3,4.1,10320,10320,3934,1383,38.1,13.4
13211,è¨ïΩés,2198,81046,81046,444,1388,5990,20.2,1.7,7.4,16764,16764,Åc,Åc,Åc,Åc
13212,ì˙ñÏés,1938,75487,75487,558,1335,5026,28.8,1.8,6.7,14936,14936,627,5026,4.2,33.7
13213,ìåë∫éRés,951,64024,64024,317,940,3554,33.3,1.5,5.6,14764,14764,540,2739,3.7,18.6
13214,çëï™éõés,859,52908,52908,126,2225,4295,14.7,4.2,8.1,10612,10612,1727,3449,16.3,32.5
13215,çëóßés,669,32215,32215,167,514,2415,25,1.6,7.5,7005,7005,185,2006,2.6,28.6
13218,ïüê∂és,841,23053,23053,156,286,2129,18.5,1.2,9.2,6335,6335,175,1893,2.8,29.9
13219,çùç]és,933,34212,34212,379,1048,2658,40.6,3.1,7.8,7816,7816,550,1971,7,25.2
13220,ìåëÂòaés,1360,35037,35037,398,576,1067,29.3,1.6,3,8039,8039,297,616,3.7,7.7
13221,ê¥ê£és,1709,30208,30208,470,651,1567,27.5,2.2,5.2,7139,7139,298,960,4.2,13.4
13222,ìåãvóØïƒés,1666,47760,47760,465,216,3264,27.9,0.5,6.8,10743,10743,127,2722,1.2,25.3
13223,ïêë†ë∫éRés,1296,28662,28662,339,820,1000,26.2,2.9,3.5,7046,7046,356,417,5.1,5.9
13224,ëΩñÄés,1862,61010,61010,424,496,5044,22.8,0.8,8.3,13092,13092,-,4242,-,32.4
13225,àÓèÈés,894,39063,39063,237,-,1892,26.5,-,4.8,7236,7236,-,1469,-,20.3
13227,âHë∫és,568,22378,22378,160,398,1887,28.2,1.8,8.4,Åc,Åc,Åc,Åc,Åc,Åc
13228,Ç†Ç´ÇÈñÏés,674,31809,31809,141,2661,4161,20.9,8.4,13.1,8825,8825,1008,2180,11.4,24.7
13229,êºìåãûés,3185,86994,86994,349,1911,7119,11,2.2,8.2,18812,18812,1394,5767,7.4,30.7
13303,êêï‰í¨,492,13296,13296,170,634,1111,34.6,4.8,8.4,3498,3498,454,949,13,27.1
13305,ì˙ÇÃèoí¨,Åc,5706,5706,Åc,156,610,Åc,2.7,10.7,Åc,Åc,Åc,Åc,Åc,Åc
13307,ûwå¥ë∫,16,744,744,1,151,143,6.3,20.3,19.2,284,284,Åc,Åc,Åc,Åc
13308,âúëΩñÄí¨,57,1598,1598,5,93,206,8.8,5.8,12.9,553,553,55,155,9.9,28
13361,ëÂìáí¨,140,2679,2679,3,372,397,2.1,13.9,14.8,1044,1044,227,234,21.7,22.4
13362,óòìáë∫,-,121,121,-,35,22,-,28.9,18.2,Åc,Åc,33,Åc,Åc,Åc
13363,êVìáë∫,13,937,937,4,83,104,30.8,8.9,11.1,339,339,44,89,13,26.3
13364,ê_í√ìáë∫,5,703,703,1,76,58,20,10.8,8.3,Åc,Åc,Åc,Åc,Åc,Åc
13381,éOëÓë∫,37,846,846,8,158,181,21.6,18.7,21.4,242,242,92,99,38,40.9
13382,å‰ë†ìáë∫,-,124,128,-,41,46,-,33.1,35.9,22,22,14,11,63.6,50
13401,î™è‰í¨,193,2690,2690,16,435,277,8.3,16.2,10.3,1052,1052,381,217,36.2,20.6
13402,ê¬ÉPìáë∫,1,41,41,-,15,18,-,36.6,43.9,15,15,5,5,33.3,33.3
13421,è¨ä}å¥ë∫,13,1111,1111,-,553,292,-,49.8,26.3,434,434,286,292,65.9,67.3
14000,ê_ìﬁêÏåß,117100,3796708,3793998,9683,168519,181135,8.2,4.4,4.8,758142,758142,102239,103439,13.5,13.6
14100,â°ïlés,55841,1563656,1563656,3381,45729,64335,6.1,2.9,4.1,301389,301389,23354,32063,7.7,10.6
14130,êÏçËés,22392,625905,625905,2238,29261,26767,10,4.7,4.3,111031,111031,20075,17918,18.1,16.1
14150,ëäñÕå¥és,10733,295857,295857,734,16178,16553,6.8,5.5,5.6,65217,65217,9725,9200,14.9,14.1
14201,â°ê{âÍés,4544,152138,152138,315,8846,7919,6.9,5.8,5.2,35948,35948,6687,5868,18.6,16.3
14203,ïΩíÀés,2567,99680,96942,354,7659,4273,13.8,7.7,4.4,20740,20740,3935,2671,19,12.9
14204,äôëqés,845,75523,75523,261,6454,6329,30.9,8.5,8.4,17404,17404,4061,3792,23.3,21.8
14205,ì°ëÚés,3974,186242,186242,879,12986,12031,22.1,7,6.5,29889,29889,7508,6583,25.1,22
14206,è¨ìcå¥és,2527,76777,76777,230,4514,4228,9.1,5.9,5.5,17041,17041,3041,2731,17.8,16
14207,äùÉñçËés,1704,104582,104582,252,7372,7374,14.8,7,7.1,21697,21697,5595,5098,25.8,23.5
14208,êÄéqés,340,25298,25298,13,1012,1259,3.8,4,5,5760,5760,884,1041,15.3,18.1
14210,éOâYés,607,15891,15891,21,1049,851,3.5,6.6,5.4,4951,4951,669,600,13.5,12.1
14211,ê`ñÏés,1435,64463,64463,91,3098,3415,6.3,4.8,5.3,14216,14216,1752,1456,12.3,10.2
14212,å˙ñÿés,2598,91401,91401,-,4993,4655,-,5.5,5.1,19432,19432,3011,2646,15.5,13.6
14213,ëÂòaés,2709,101147,101147,379,6568,6701,14,6.5,6.6,20287,20287,3282,3026,16.2,14.9
14214,à…ê®å¥és,890,40058,40058,106,1130,940,11.9,2.8,2.3,8286,8286,823,384,9.9,4.6
14215,äCòVñºés,Åc,55936,55936,-,449,1244,Åc,0.8,2.2,11726,11726,96,710,0.8,6.1
14216,ç¿ä‘és,Åc,55537,55537,93,1273,1775,Åc,2.3,3.2,12177,12177,847,983,7,8.1
14217,ìÏë´ïøés,350,16628,16628,27,887,955,7.7,5.3,5.7,3765,3765,591,588,15.7,15.6
14218,àªê£és,683,33005,33005,74,1487,1599,10.8,4.5,4.8,7910,7910,835,859,10.6,10.9
14301,ótéRí¨,105,14139,14139,18,636,823,17.1,4.5,5.8,3873,3873,541,690,14,17.8
14321,ä¶êÏí¨,403,19654,19654,31,1439,1297,7.7,7.3,6.6,4119,4119,1010,838,24.5,20.3
14341,ëÂàÈí¨,138,12998,12998,29,977,1055,21,7.5,8.1,3190,3190,786,800,24.6,25.1
14342,ìÒã{í¨,205,11257,11257,48,912,689,23.4,8.1,6.1,2770,2770,882,572,31.8,20.6
14361,íÜà‰í¨,37,3679,3679,1,121,147,2.7,3.3,4,912,912,70,80,7.7,8.8
14362,ëÂà‰í¨,163,7143,7143,-,323,391,-,4.5,5.5,1793,1793,239,199,13.3,11.1
14363,èºìcí¨,163,4216,4244,6,281,318,3.7,6.7,7.5,1080,1080,227,231,21,21.4
14364,éRñkí¨,66,3581,3581,-,236,260,-,6.6,7.3,1051,1051,158,156,15,14.8
14366,äJê¨í¨,109,7577,7577,1,286,340,0.9,3.8,4.5,1401,1401,182,214,13,15.3
14382,î†ç™í¨,166,3780,3780,9,428,417,5.4,11.3,11,1069,1069,273,251,25.5,23.5
14383,ê^íﬂí¨,88,2789,2789,8,203,107,9.1,7.3,3.8,950,950,183,59,19.3,6.2
14384,ìíâÕå¥í¨,643,8870,8870,34,634,754,5.3,7.1,8.5,2695,2695,422,490,15.7,18.2
14401,à§êÏí¨,61,16138,16138,47,933,1165,77,5.8,7.2,4014,4014,405,561,10.1,14
14402,ê¥êÏë∫,14,1163,1163,3,165,169,21.4,14.2,14.5,359,359,90,81,25.1,22.6
15000,êVäÉåß,16392,848735,848735,1853,62388,71837,11.3,7.4,8.5,189713,189710,40867,41278,21.7,21.9
15100,êVäÉés,9408,310292,310292,1201,12291,22582,12.8,4,7.3,69437,69437,7202,13910,10.4,20
15202,í∑â™és,1004,102891,102891,134,6977,7101,13.3,6.8,6.9,20699,20699,4638,4407,22.4,21.3
15204,éOèés,462,37282,37282,43,3693,3440,9.3,9.9,9.2,8769,8769,3001,2350,34.2,26.8
15205,îêçËés,402,31537,31537,29,3321,3090,7.2,10.5,9.8,7199,7199,2118,1670,29.4,23.2
15206,êVî≠ìcés,660,36393,36393,72,3880,4193,10.9,10.7,11.5,8397,8397,2477,2364,29.5,28.2
15208,è¨êÁíJés,105,12790,12790,11,1333,1264,10.5,10.4,9.9,3063,3063,848,639,27.7,20.9
15209,â¡ñŒés,172,9895,9895,16,1111,1175,9.3,11.2,11.9,2246,2246,629,508,28,22.6
15210,è\ì˙í¨és,227,18125,18125,18,1847,2110,7.9,10.2,11.6,4322,4322,1248,1029,28.9,23.8
15211,å©ïçés,144,15033,15033,9,1782,1789,6.3,11.9,11.9,3344,3341,1151,919,34.4,27.5
15212,ë∫è„és,468,20962,20962,26,2152,1686,5.6,10.3,8,5072,5072,1472,927,29,18.3
15213,âçés,358,30708,30708,20,2278,2836,5.6,7.4,9.2,6652,6652,1513,1198,22.7,18
15216,éÖãõêÏés,161,14900,14900,7,1168,1200,4.3,7.8,8.1,3798,3798,818,717,21.5,18.9
15217,ñ≠çÇés,171,11744,11744,19,1120,1158,11.1,9.5,9.9,2877,2877,844,735,29.3,25.5
15218,å‹êÚés,245,18142,18142,14,1199,1216,5.7,6.6,6.7,4269,4269,781,543,18.3,12.7
15222,è„âzés,1048,71140,71140,105,5090,4783,10,7.2,6.7,11147,11147,3601,3148,32.3,28.2
15223,à¢âÍñÏés,268,15940,15940,22,1796,1733,8.2,11.3,10.9,4263,4263,1171,906,27.5,21.3
15224,ç≤ìnés,341,18917,18917,48,3059,2092,14.1,16.2,11.1,6188,6188,2343,1269,37.9,20.5
15225,ãõè¿és,159,12919,12919,15,1600,1731,9.4,12.4,13.4,3039,3039,925,809,30.4,26.6
15226,ìÏãõè¿és,176,20929,20929,20,2342,2486,11.4,11.2,11.9,5359,5359,1555,1376,29,25.7
15227,ëŸì‡és,112,10483,10483,3,1159,1027,2.7,11.1,9.8,2298,2298,765,497,33.3,21.6
15307,êπòUí¨,64,5299,5299,3,611,611,4.7,11.5,11.5,976,976,311,215,31.9,22
15342,ñÌïFë∫,21,3198,3198,-,371,442,-,11.6,13.8,708,708,279,240,39.4,33.9
15361,ìcè„í¨,29,4326,4326,-,541,468,-,12.5,10.8,1215,1215,Åc,Åc,Åc,Åc
15385,à¢âÍí¨,55,3334,3334,6,391,403,10.9,11.7,12.1,983,983,279,182,28.4,18.5
15405,èoâ_çËí¨,3,1503,1503,3,189,197,100,12.6,13.1,451,451,122,108,27.1,23.9
15461,ìíëÚí¨,63,3179,3179,3,290,241,4.8,9.1,7.6,985,985,221,161,22.4,16.3
15482,í√ìÏí¨,26,3287,3287,4,395,408,15.4,12,12.4,1021,1021,264,217,25.9,21.3
15504,ä†âHë∫,6,1681,1681,-,125,113,-,7.4,6.7,398,398,89,66,22.4,16.6
15581,ä÷êÏë∫,34,1809,1809,2,236,216,5.9,13,11.9,492,492,167,133,33.9,27
15586,àæìáâYë∫,-,97,97,-,41,46,-,42.3,47.4,46,46,35,35,76.1,76.1
16000,ïxéRåß,2831,399022,399023,286,25883,24510,10.1,6.5,6.1,81126,80962,16220,14161,20,17.5
16201,ïxéRés,2150,160674,160674,178,9422,8984,8.3,5.9,5.6,29885,29885,5764,5308,19.3,17.8
16202,çÇâ™és,191,64219,64219,34,3423,3635,17.8,5.3,5.7,13896,13896,1898,1860,13.7,13.4
16204,ãõí√és,24,15527,15527,2,767,1191,8.3,4.9,7.7,3159,3159,501,656,15.9,20.8
16205,ïXå©és,103,16634,16634,9,1373,1305,8.7,8.3,7.8,3845,3845,961,817,25,21.2
16206,ääêÏés,42,12857,12858,4,1060,1091,9.5,8.2,8.5,2481,2481,668,597,26.9,24.1
16207,çïïîés,58,15552,15552,6,1171,808,10.3,7.5,5.2,3177,3177,761,391,24,12.3
16208,·Ëîgés,24,18500,18500,8,1154,1181,33.3,6.2,6.4,3470,3470,695,644,20,18.6
16209,è¨ñÓïîés,37,10705,10705,12,959,891,32.4,9,8.3,2249,2249,557,575,24.8,25.6
16210,ìÏ·Ëés,20,17499,17499,2,1855,1334,10,10.6,7.6,4317,4317,1392,1025,32.2,23.7
16211,éÀêÖés,95,35055,35055,16,2286,1928,16.8,6.5,5.5,6519,6519,1401,1198,21.5,18.4
16321,èMã¥ë∫,-,1357,1357,-,81,95,-,6,7,168,168,43,31,25.6,18.5
16322,è„ésí¨,2,7599,7599,2,535,457,100,7,6,1611,1611,342,166,21.2,10.3
16323,óßéRí¨,31,9832,9832,4,484,577,12.9,4.9,5.9,3313,3149,268,270,8.1,8.6
16342,ì¸ëPí¨,30,9076,9076,4,924,763,13.3,10.2,8.4,2002,2002,647,457,32.3,22.8
16343,í©ì˙í¨,24,3936,3936,5,389,270,20.8,9.9,6.9,1034,1034,322,166,31.1,16.1
17000,êŒêÏåß,5526,433274,433274,912,30288,30882,16.5,7,7.1,91573,91573,17487,15725,19.1,17.2
17201,ã‡ëÚés,3589,177507,177507,726,13442,11581,20.2,7.6,6.5,37544,37544,8278,6732,22,17.9
17202,éµîˆés,3,18459,18459,3,873,1037,100,4.7,5.6,4354,4354,493,526,11.3,12.1
17203,è¨èºés,324,40638,40638,41,2714,3454,12.7,6.7,8.5,8017,8017,1353,1328,16.9,16.6
17204,ó÷ìáés,160,8320,8320,2,291,369,1.3,3.5,4.4,3063,3063,190,219,6.2,7.1
17205,éÏèFés,23,4393,4393,3,270,286,13,6.1,6.5,1719,1719,186,183,10.8,10.6
17206,â¡âÍés,634,24201,24201,6,1183,1576,0.9,4.9,6.5,5497,5497,633,728,11.5,13.2
17207,âHçÓés,33,7598,7598,2,466,574,6.1,6.1,7.6,1951,1951,322,345,16.5,17.7
17209,Ç©ÇŸÇ≠és,85,13294,13294,15,1470,1207,17.6,11.1,9.1,2489,2489,874,610,35.1,24.5
17210,îíéRés,8,44171,44171,8,1884,2836,100,4.3,6.4,7827,7827,825,1301,10.5,16.6
17211,î\î¸és,107,19380,19380,23,1332,1490,21.5,6.9,7.7,3728,3728,827,760,22.2,20.4
17212,ñÏÅXésés,302,20857,20857,45,1744,1829,14.9,8.4,8.8,3578,3578,861,782,24.1,21.9
17324,êÏñkí¨,-,2386,2386,-,221,298,-,9.3,12.5,392,392,90,87,23,22.2
17361,í√î¶í¨,10,15483,15483,10,1442,1352,100,9.3,8.7,2920,2920,859,701,29.4,24
17365,ì‡ìÂí¨,102,10499,10499,21,1091,982,20.6,10.4,9.4,2193,2193,592,443,27,20.2
17384,éuâÍí¨,23,6898,6898,-,539,542,-,7.8,7.9,1925,1925,350,306,18.2,15.9
17386,ïÛíBéuêÖí¨,21,4660,4660,1,345,417,4.8,7.4,8.9,1095,1095,200,189,18.3,17.3
17407,íÜî\ìoí¨,13,6277,6277,4,529,480,30.8,8.4,7.6,1359,1359,292,219,21.5,16.1
17461,åäêÖí¨,40,2685,2685,-,127,231,-,4.7,8.6,818,818,95,116,11.6,14.2
17463,î\ìoí¨,49,5568,5568,2,325,341,4.1,5.8,6.1,1104,1104,167,150,15.1,13.6
18000,ïüà‰åß,3336,292122,292122,209,17485,19497,6.3,6,6.7,56795,56835,10288,10056,18.4,18
18201,ïüà‰és,1996,99791,99791,149,4522,5879,7.5,4.5,5.9,16968,16968,2642,3199,15.6,18.9
18202,ì÷âÍés,293,25099,25099,12,1244,1799,4.1,5,7.2,4743,4743,767,810,16.2,17.1
18204,è¨ïlés,169,10844,10844,5,714,735,3,6.6,6.8,2575,2575,611,573,23.7,22.3
18205,ëÂñÏés,96,11491,11491,2,838,753,2.1,7.3,6.6,2576,2616,586,511,22.7,19.5
18206,èüéRés,22,8051,8051,-,652,501,-,8.1,6.2,1807,1807,487,343,27,19
18207,éIç]és,103,26553,26553,4,1257,1257,3.9,4.7,4.7,5108,5108,782,702,15.3,13.7
18208,Ç†ÇÌÇÁés,116,10444,10444,4,663,628,3.4,6.3,6,1876,1876,354,305,18.9,16.3
18209,âzëOés,195,30742,30742,9,1730,1835,4.6,5.6,6,6944,6944,1049,1010,15.1,14.5
18210,ç‚à‰és,150,34996,34996,13,2307,2103,8.7,6.6,6,6239,6239,1362,1010,21.8,16.2
18322,âiïΩéõí¨,23,6826,6826,-,512,621,-,7.5,9.1,1245,1245,272,304,21.8,24.4
18382,írìcí¨,-,819,819,-,141,129,-,17.2,15.8,208,208,68,47,32.7,22.6
18404,ìÏâzëOí¨,17,3583,3583,2,231,259,11.8,6.4,7.2,908,908,145,142,16,15.6
18423,âzëOí¨,25,7626,7626,2,492,458,8,6.5,6,1768,1768,339,291,19.2,16.5
18442,î¸ïlí¨,62,3215,3215,3,513,621,4.8,16,19.3,788,788,249,261,31.6,33.1
18481,çÇïlí¨,31,3708,3708,3,779,930,9.7,21,25.1,932,932,Åc,Åc,Åc,Åc
18483,Ç®Ç®Ç¢í¨,8,3133,3133,-,302,366,-,9.6,11.7,776,776,175,177,22.6,22.8
18501,é·ã∑í¨,30,5201,5201,1,588,623,3.3,11.3,12,1334,1334,400,371,30,27.8
19000,éRóúåß,5804,321427,321427,292,43299,40149,4.9,13.5,12.5,86278,86278,29190,25868,33.8,30
19201,çbï{és,2411,72880,72880,94,7594,6450,3.9,10.4,8.9,18220,18220,5306,4391,29.1,24.1
19202,ïxémãgìcés,292,18530,18530,5,1272,1235,1.7,6.9,6.7,4578,4578,1172,1122,25.6,24.5
19204,ìsóØés,138,11057,11057,5,1157,1178,3.6,10.5,10.7,2663,2663,775,741,29.1,27.8
19205,éRóúés,131,12897,12897,4,1015,849,3.1,7.9,6.6,5135,5135,741,549,14.4,10.7
19206,ëÂåéés,Åc,8815,8815,6,853,902,Åc,9.7,10.2,2427,2427,564,602,23.2,24.8
19207,îBçËés,144,11481,11481,-,818,1245,-,7.1,10.8,3000,3000,634,931,21.1,31
19208,ìÏÉAÉãÉvÉXés,339,29011,29011,24,5448,4654,7.1,18.8,16,7199,7199,3385,2689,47,37.4
19209,ñkìmés,153,18686,18686,4,3236,3399,2.6,17.3,18.2,6888,6888,2430,2443,35.3,35.5
19210,çbî„és,568,30197,30197,37,4573,4290,6.5,15.1,14.2,6603,6603,3016,2777,45.7,42.1
19211,ìJêÅés,751,27165,27165,22,4233,3971,2.9,15.6,14.6,7981,7981,3101,2760,38.9,34.6
19212,è„ñÏå¥és,108,8948,8948,12,867,907,11.1,9.7,10.1,2310,2310,627,612,27.1,26.5
19213,çbèBés,166,11598,11598,-,2055,1715,-,17.7,14.8,4138,4138,1613,1311,39,31.7
19214,íÜâõés,157,12670,12670,24,2376,2350,15.3,18.8,18.5,2930,2930,1125,1071,38.4,36.6
19346,ésêÏéOãΩí¨,62,5734,5734,4,1132,978,6.5,19.7,17.1,1586,1586,725,574,45.7,36.2
19364,ëÅêÏí¨,6,310,310,-,57,74,-,18.4,23.9,87,87,39,31,44.8,35.6
19365,êgâÑí¨,31,3743,3743,2,956,865,6.5,25.5,23.1,1269,1269,629,529,49.6,41.7
19366,ìÏïîí¨,17,2691,2691,3,545,459,17.6,20.3,17.1,675,675,355,236,52.6,35
19368,ïxémêÏí¨,86,5703,5703,16,1109,934,18.6,19.4,16.4,1460,1460,697,525,47.7,36
19384,è∫òaí¨,107,8413,8413,17,1688,1506,15.9,20.1,17.9,1814,1814,848,756,46.7,41.7
19422,ìπéuë∫,3,669,669,-,120,131,-,17.9,19.6,236,236,82,85,34.7,36
19423,êºåjí¨,9,1719,1719,1,175,247,11.1,10.2,14.4,417,417,84,119,20.1,28.5
19424,îEñÏë∫,11,3560,3560,-,461,446,-,12.9,12.5,643,643,292,259,45.4,40.3
19425,éRíÜåŒë∫,14,2414,2414,-,361,315,-,15,13,825,825,251,213,30.4,25.8
19429,ñ¬ëÚë∫,9,1285,1285,-,139,149,-,10.8,11.6,431,431,-,-,-,-
19430,ïxémâÕå˚åŒí¨,88,10860,10860,9,949,804,10.2,8.7,7.4,2608,2608,618,476,23.7,18.3
19442,è¨êõë∫,3,210,210,3,53,50,100,25.2,23.8,85,85,30,25,35.3,29.4
19443,íOîgéRë∫,-,181,181,-,57,46,-,31.5,25.4,70,70,51,41,72.9,58.6
20000,í∑ñÏåß,8321,796832,796832,1037,25658,55178,12.5,3.2,6.9,188279,188224,16853,31546,9.5,16.9
20201,í∑ñÏés,2666,145835,145835,311,2310,5713,11.7,1.6,3.9,31486,31486,1569,4426,5,14.1
20202,èºñ{és,1466,93439,93439,409,4237,5771,27.9,4.5,6.2,19014,19014,4237,3461,22.3,18.2
20203,è„ìcés,498,59740,59740,34,2023,3130,6.8,3.4,5.2,13556,13556,1152,1573,8.5,11.6
20204,â™íJés,177,17953,17953,15,376,613,8.5,2.1,3.4,3656,3656,198,279,5.4,7.6
20205,î—ìcés,311,36780,36780,5,403,4001,1.6,1.1,10.9,8779,8779,316,1927,3.6,22
20206,êzñKés,201,18393,18393,55,442,1038,27.4,2.4,5.6,4195,4195,264,575,6.3,13.7
20207,ê{ç‚és,164,19514,19514,21,-,1673,12.8,-,8.6,5216,5216,-,737,-,14.1
20208,è¨èîés,240,16331,16331,5,694,768,2.1,4.2,4.7,4531,4531,460,522,10.2,11.5
20209,à…ìﬂés,211,25848,25848,11,399,2366,5.2,1.5,9.2,6030,6030,227,1523,3.8,25.3
20210,ãÓÉPç™és,1,12439,12439,1,704,1123,100,5.7,9,2881,2830,458,552,15.9,19.5
20211,íÜñÏés,143,16886,16886,13,1753,1597,9.1,10.4,9.5,4887,4887,1212,928,24.8,19
20212,ëÂí¨és,115,9994,9994,4,657,731,3.5,6.6,7.3,2563,2563,522,514,20.4,20.1
20213,î—éRés,62,7356,7356,5,275,590,8.1,3.7,8,2027,2027,Åc,Åc,Åc,Åc
20214,äùñÏés,125,21380,21380,-,188,1401,-,0.9,6.6,4191,4191,80,864,1.9,20.6
20215,âñêKés,303,26056,26056,33,1117,1364,10.9,4.3,5.2,6222,6222,790,696,12.7,11.2
20217,ç≤ãvés,225,38238,38238,11,2222,2520,4.9,5.8,6.6,9703,9703,Åc,1835,Åc,18.9
20218,êÁã»és,185,22811,22811,1,-,1245,0.5,-,5.5,5266,5266,-,563,-,10.7
20219,ìåå‰és,125,11491,11491,3,-,493,2.4,-,4.3,2884,2884,-,408,-,14.1
20220,à¿ì‹ñÏés,298,39212,39212,37,-,2192,12.4,-,5.6,9610,9610,-,937,-,9.8
20303,è¨äCí¨,6,1588,1588,-,251,213,-,15.8,13.4,501,501,143,112,28.5,22.4
20304,êÏè„ë∫,2,1286,1286,-,241,227,-,18.7,17.7,904,904,235,203,26,22.5
20305,ìÏñqë∫,2,1085,1085,-,257,330,-,23.7,30.4,570,570,243,301,42.6,52.8
20306,ìÏëäñÿë∫,-,351,351,-,55,59,-,15.7,16.8,150,150,39,44,26,29.3
20307,ñkëäñÿë∫,2,248,248,1,60,62,50,24.2,25,102,102,-,Åc,-,Åc
20309,ç≤ãvï‰í¨,29,4035,4035,2,1088,1081,6.9,27,26.8,1144,1144,521,509,45.5,44.5
20321,åyà‰ëÚí¨,-,9301,9301,-,319,404,-,3.4,4.3,2776,2776,257,304,9.3,11
20323,å‰ë„ìcí¨,13,6496,6496,-,332,552,-,5.1,8.5,1754,1754,219,367,12.5,20.9
20324,óßâ»í¨,11,2675,2675,2,-,272,18.2,-,10.2,797,797,-,164,-,20.6
20349,ê¬ñÿë∫,1,1612,1612,1,138,234,100,8.6,14.5,457,457,76,91,16.6,19.9
20350,í∑òaí¨,1,2180,2180,1,325,270,100,14.9,12.4,728,728,211,169,29,23.2
20361,â∫êzñKí¨,45,7159,7159,3,274,449,6.7,3.8,6.3,1747,1748,227,318,13,18.2
20362,ïxémå©í¨,13,5647,5647,1,171,455,7.7,3,8.1,1571,1571,171,109,10.9,6.9
20363,å¥ë∫,4,3326,3326,-,-,261,-,-,7.8,1146,1146,-,215,-,18.8
20382,íCñÏí¨,49,6944,6944,1,-,606,2,-,8.7,1683,1683,-,314,-,18.7
20383,ñ•ó÷í¨,97,9602,9602,11,-,911,11.3,-,9.5,1991,1991,-,487,-,24.5
20384,î—ìáí¨,17,3444,3444,4,-,514,23.5,-,14.9,960,960,-,34,-,3.5
20385,ìÏñ•ó÷ë∫,49,6194,6194,4,-,530,8.2,-,8.6,1253,1253,-,267,-,21.3
20386,íÜêÏë∫,5,1764,1764,-,65,214,-,3.7,12.1,477,477,41,127,8.6,26.6
20388,ã{ìcë∫,26,3495,3495,3,4,342,11.5,0.1,9.8,723,723,4,146,0.6,20.2
20402,èºêÏí¨,16,4912,4912,-,470,541,-,9.6,11,1420,1420,391,385,27.5,27.1
20403,çÇêXí¨,29,4834,4834,-,307,700,-,6.4,14.5,1034,1034,225,433,21.8,41.9
20404,à¢ìÏí¨,11,1405,1405,6,196,219,54.5,14,15.6,376,376,135,135,35.9,35.9
20407,à¢íqë∫,8,2235,2235,-,-,238,-,-,10.6,537,537,-,117,-,21.8
20409,ïΩíJë∫,-,145,145,-,44,37,-,30.3,25.5,Åc,Åc,Åc,2,Åc,Åc
20410,ç™âHë∫,Åc,271,271,-,48,42,Åc,17.7,15.5,69,69,35,31,50.7,44.9
20411,â∫ûäë∫,3,1249,1249,-,128,131,-,10.2,10.5,312,312,85,50,27.2,16
20412,îÑñÿë∫,-,169,169,-,12,16,-,7.1,9.5,67,67,9,8,13.4,11.9
20413,ìVó¥ë∫,2,308,308,-,20,28,-,6.5,9.1,87,87,11,14,12.6,16.1
20414,ë◊ïåë∫,4,493,493,-,13,46,-,2.6,9.3,132,132,13,25,9.8,18.9
20415,ã™ñÿë∫,9,2244,2244,-,329,350,-,14.7,15.6,584,584,212,198,36.3,33.9
20416,ñLãuë∫,11,2494,2494,2,258,284,18.2,10.3,11.4,528,528,195,162,36.9,30.7
20417,ëÂé≠ë∫,3,307,307,-,8,26,-,2.6,8.5,131,131,5,21,3.8,16
20422,è„èºí¨,19,1497,1497,1,-,169,5.3,-,11.3,340,340,-,92,-,27.1
20423,ìÏñÿë]í¨,7,1381,1381,-,-,149,-,-,10.8,391,391,-,89,-,22.8
20425,ñÿëcë∫,5,954,954,2,12,120,40,1.3,12.6,Åc,Åc,11,54,Åc,Åc
20429,â§ëÍë∫,-,249,249,-,45,32,-,18.1,12.9,71,71,19,24,26.8,33.8
20430,ëÂåKë∫,3,1175,1175,-,-,109,-,-,9.3,248,248,-,50,-,20.2
20432,ñÿë]í¨,27,3835,3835,2,226,473,7.4,5.9,12.3,969,969,162,247,16.7,25.5
20446,ñÉê—ë∫,1,913,913,1,31,86,100,3.4,9.4,287,287,10,50,3.5,17.4
20448,ê∂ç‚ë∫,10,614,614,1,35,71,10,5.7,11.6,204,204,29,43,14.2,21.1
20450,éRå`ë∫,5,3491,3491,-,170,212,-,4.9,6.1,890,890,106,106,11.9,11.9
20451,í©ì˙ë∫,3,1778,1778,-,152,139,-,8.5,7.8,551,546,131,118,23.8,21.6
20452,í}ñkë∫,13,1493,1493,-,59,145,-,4,9.7,447,447,50,84,11.2,18.8
20481,írìcí¨,25,3715,3715,5,104,465,20,2.8,12.5,1015,1015,94,299,9.3,29.5
20482,èºêÏë∫,32,3843,3843,2,-,466,6.3,-,12.1,893,893,-,237,-,26.5
20485,îíînë∫,11,3529,3529,-,394,428,-,11.2,12.1,1234,1234,283,270,22.9,21.9
20486,è¨íJë∫,5,1039,1039,1,93,185,20,9,17.8,367,367,71,132,19.3,36
20521,ç‚èÈí¨,27,5355,5355,-,-,392,-,-,7.3,Åc,Åc,-,Åc,Åc,Åc
20541,è¨ïzé{í¨,11,4215,4215,-,-,395,-,-,9.4,1184,1184,-,196,-,16.6
20543,çÇéRë∫,1,2670,2670,-,-,319,-,-,11.9,791,791,-,148,-,18.7
20561,éRÉmì‡í¨,67,4413,4413,2,451,505,3,10.2,11.4,1424,1424,264,300,18.5,21.1
20562,ñÿìáïΩë∫,5,1709,1709,-,-,180,-,-,10.5,542,542,-,115,-,21.2
20563,ñÏëÚâ∑êÚë∫,5,1238,1238,-,-,194,-,-,15.7,427,427,-,114,-,26.7
20583,êMîZí¨,34,3078,3078,2,171,292,5.9,5.6,9.5,921,921,116,158,12.6,17.2
20588,è¨êÏë∫,6,882,882,2,305,205,33.3,34.6,23.2,296,296,156,96,52.7,32.4
20590,î—çjí¨,13,4041,4041,-,197,405,-,4.9,10,1200,1200,163,305,13.6,25.4
20602,âhë∫,2,531,531,-,-,69,-,-,13,179,179,-,37,-,20.7
21000,äÚïååß,6193,771687,771687,345,42482,48277,5.6,5.5,6.3,171623,171623,25364,25721,14.8,15
21201,äÚïåés,1131,159857,159857,100,4148,4761,8.8,2.6,3,36218,36218,1964,3304,5.4,9.1
21202,ëÂä_és,699,62434,62434,11,1845,1965,1.6,3,3.1,13229,13229,1272,1105,9.6,8.4
21203,çÇéRés,287,32468,32468,25,4804,4037,8.7,14.8,12.4,7647,7647,3474,2222,45.4,29.1
21204,ëΩé°å©és,201,42783,42783,2,3312,2590,1,7.7,6.1,9026,9026,2218,1289,24.6,14.3
21205,ä÷és,302,33611,33611,13,3700,3117,4.3,11,9.3,7977,7977,1761,1391,22.1,17.4
21206,íÜí√êÏés,178,28787,28787,5,1308,986,2.8,4.5,3.4,6294,6294,862,591,13.7,9.4
21207,î¸îZés,46,7298,7298,-,338,325,-,4.6,4.5,1847,1847,173,163,9.4,8.8
21208,êêòQés,Åc,13904,13904,-,569,1105,Åc,4.1,7.9,2861,2861,466,554,16.3,19.4
21209,âHìáés,347,26823,26823,25,685,996,7.2,2.6,3.7,5587,5587,313,401,5.6,7.2
21210,åbìﬂés,22,17769,17769,9,617,718,40.9,3.5,4,3685,3685,367,446,10,12.1
21211,î¸îZâ¡ñŒés,176,22219,22219,4,1489,1939,2.3,6.7,8.7,3855,3855,806,930,20.9,24.1
21212,ìyäÚés,74,21510,21510,9,1599,1061,12.2,7.4,4.9,4761,4761,933,431,19.6,9.1
21213,äeñ±å¥és,694,56026,56026,7,1684,1775,1,3,3.2,12119,12119,1283,1330,10.6,11
21214,â¬éôés,265,39079,39079,12,2572,3591,4.5,6.6,9.2,8035,8035,1392,1882,17.3,23.4
21215,éRåßés,114,9667,9667,3,600,856,2.6,6.2,8.9,2452,2452,383,493,15.6,20.1
21216,êêï‰és,195,21632,21632,65,757,1713,33.3,3.5,7.9,4283,4283,385,656,9,15.3
21217,îÚëÀés,502,8495,8495,2,1165,1123,0.4,13.7,13.2,1914,1914,695,543,36.3,28.4
21218,ñ{ëÉés,38,12877,12877,4,962,1085,10.5,7.5,8.4,2892,2892,474,452,16.4,15.6
21219,åSè„és,91,14780,14780,2,1613,2836,2.2,10.9,19.2,3943,3943,1066,1590,27,40.3
21220,â∫òCés,42,10946,10946,-,1338,1452,-,12.2,13.3,2542,2542,869,862,34.2,33.9
21221,äCí√és,61,12983,12983,11,530,558,18,4.1,4.3,3224,3224,400,432,12.4,13.4
21302,äÚìÏí¨,136,9927,9927,15,626,678,11,6.3,6.8,2221,2221,298,301,13.4,13.6
21303,ä}èºí¨,3,8664,8664,3,571,608,100,6.6,7,1874,1874,282,273,15,14.6
21341,ó{òVí¨,80,10645,10645,7,718,1010,8.8,6.7,9.5,2392,2392,320,390,13.4,16.3
21361,êÇà‰í¨,89,10143,10143,4,270,532,4.5,2.7,5.2,2199,2199,135,249,6.1,11.3
21362,ä÷ÉPå¥í¨,28,2349,2349,1,206,261,3.6,8.8,11.1,609,609,142,137,23.3,22.5
21381,ê_åÀí¨,Åc,7058,7058,-,413,555,Åc,5.9,7.9,1742,1742,211,330,12.1,18.9
21382,ó÷îVì‡í¨,4,3686,3686,-,219,450,-,5.9,12.2,812,812,123,189,15.1,23.3
21383,à¿î™í¨,32,5806,5806,-,583,616,-,10,10.6,1316,1316,340,284,25.8,21.6
21401,óKî„êÏí¨,43,7348,7348,-,139,442,-,1.9,6,1983,1983,78,208,3.9,10.5
21403,ëÂñÏí¨,Åc,8763,8763,-,194,674,Åc,2.2,7.7,1917,1917,63,261,3.3,13.6
21404,írìcí¨,46,8931,8931,1,326,638,2.2,3.7,7.1,1808,1808,195,268,10.8,14.8
21421,ñkï˚í¨,154,7316,7316,1,356,353,0.6,4.9,4.8,1687,1687,209,181,12.4,10.7
21501,ç‚èjí¨,19,3134,3134,2,210,270,10.5,6.7,8.6,661,661,121,120,18.3,18.2
21502,ïxâ¡í¨,6,2116,2116,-,263,293,-,12.4,13.8,521,521,136,132,26.1,25.3
21503,êÏï”í¨,34,3775,3775,2,304,330,5.9,8.1,8.7,940,940,224,199,23.8,21.2
21504,éµè@í¨,-,1216,1216,-,180,223,-,14.8,18.3,377,377,130,137,34.5,36.3
21505,î™ïSí√í¨,8,3920,3920,-,334,411,-,8.5,10.5,1077,1077,246,259,22.8,24
21506,îíêÏí¨,8,2732,2732,-,320,426,-,11.7,15.6,1013,1013,208,239,20.5,23.6
21507,ìåîíêÏë∫,4,773,773,-,50,74,-,6.5,9.6,242,242,29,43,12,17.8
21521,å‰êìí¨,34,6922,6922,-,482,756,-,7,10.9,1714,1714,250,385,14.6,22.5
21604,îíêÏë∫,-,515,515,-,83,88,-,16.1,17.1,127,127,68,69,53.5,54.3
22000,ê√â™åß,25213,1436739,1436739,1589,102835,108144,6.3,7.2,7.5,323544,323544,62602,60127,19.5,18.7
22100,ê√â™és,7689,269953,269953,221,14379,17446,2.9,5.3,6.5,58797,58797,7935,9965,13.5,16.9
22130,ïlèºés,5825,315694,315694,305,23491,22121,5.2,7.4,7,65307,65307,14569,12996,22.3,19.9
22203,è¿í√és,2341,76800,76800,331,6735,6491,14.1,8.8,8.5,18083,18083,4261,3792,23.6,21
22205,îMäCés,419,12399,12399,33,1359,1062,7.9,11,8.6,3971,3971,921,698,23.2,17.6
22206,éOìáés,780,43441,43441,120,4149,3827,15.4,9.6,8.8,10230,10230,3674,2009,35.9,19.6
22207,ïxémã{és,581,51683,51683,27,3971,3102,4.6,7.7,6,12780,12780,2689,1988,21,15.6
22208,à…ìåés,1106,25527,25527,13,2477,2251,1.2,9.7,8.8,8890,8890,1549,1485,17.4,16.7
22209,ìáìcés,291,37030,37030,66,2746,3161,22.7,7.4,8.5,8215,8215,1517,1594,18.5,19.4
22210,ïxémés,1076,101114,101114,112,3152,5844,10.4,3.1,5.8,22208,22208,1784,3220,8,14.5
22211,î÷ìcés,451,65118,65118,44,5906,5583,9.8,9.1,8.6,14319,14319,3662,3409,25.6,23.8
22212,èƒí√és,579,53909,53909,64,2183,3491,11.1,4,6.5,11799,11799,1357,2145,11.5,18.2
22213,ä|êÏés,293,45635,45635,3,2611,2882,1,5.7,6.3,10673,10673,1345,1291,12.6,12.1
22214,ì°é}és,552,56382,56382,14,5326,5662,2.5,9.4,10,12036,12036,3644,3394,30.3,28.2
22215,å‰ìaèÍés,326,33402,33402,54,2062,2464,16.6,6.2,7.4,6340,6340,1275,1102,20.1,17.4
22216,ë‹à‰és,391,34723,34723,6,3189,3204,1.5,9.2,9.2,7281,7281,1513,1420,20.8,19.5
22219,â∫ìcés,285,7838,7838,10,720,845,3.5,9.2,10.8,2841,2841,Åc,Åc,Åc,Åc
22220,êûñÏés,101,19611,19611,11,1879,1868,10.9,9.6,9.5,3915,3915,1145,1034,29.2,26.4
22221,åŒêºés,148,23147,23147,14,1318,1618,9.5,5.7,7,5070,5070,995,928,19.6,18.3
22222,à…ì§és,154,10507,10507,14,790,817,9.1,7.5,7.8,3144,3144,582,543,18.5,17.3
22223,å‰ëOçËés,12,12244,12244,1,1256,1180,8.3,10.3,9.6,3243,3243,784,624,24.2,19.2
22224,ãeêÏés,88,18274,18274,1,1415,1748,1.1,7.7,9.6,4146,4146,765,873,18.5,21.1
22225,à…ì§ÇÃçëés,423,18599,18599,31,1016,1204,7.3,5.5,6.5,4922,4922,627,673,12.7,13.7
22226,ñqîVå¥és,88,16927,16927,2,1594,1479,2.3,9.4,8.7,5360,5360,981,788,18.3,14.7
22301,ìåà…ì§í¨,235,4267,4267,16,593,644,6.8,13.9,15.1,1511,1511,422,412,27.9,27.3
22302,âÕí√í¨,31,2558,2558,-,272,367,-,10.6,14.3,910,910,167,203,18.4,22.3
22304,ìÏà…ì§í¨,47,2755,2755,1,410,414,2.1,14.9,15,1083,1083,298,276,27.5,25.5
22305,èºçËí¨,49,2192,2192,2,294,326,4.1,13.4,14.9,882,882,220,225,24.9,25.5
22306,êºà…ì§í¨,60,2427,2427,2,283,301,3.3,11.7,12.4,943,943,204,177,21.6,18.8
22325,îüìÏí¨,235,14840,14840,5,860,860,2.1,5.8,5.8,3522,3522,534,478,15.2,13.6
22341,ê¥êÖí¨,189,13067,13067,23,1254,1036,12.2,9.6,7.9,2923,2923,752,558,25.7,19.1
22342,í∑êÚí¨,164,17561,17561,21,2594,2444,12.8,14.8,13.9,3016,3016,1062,914,35.2,30.3
22344,è¨éRí¨,69,6690,6690,6,485,590,8.7,7.2,8.8,Åc,Åc,286,Åc,Åc,Åc
22424,ãgìcí¨,91,11604,11604,13,924,828,14.3,8,7.1,2496,2496,528,426,21.2,17.1
22429,êÏç™ñ{í¨,15,2154,2154,1,323,262,6.7,15,12.2,738,738,Åc,29,Åc,3.9
22461,êXí¨,29,6667,6667,2,819,722,6.9,12.3,10.8,1950,1950,555,458,28.5,23.5
23000,à§ímåß,63055,2963282,2963034,3919,206897,202724,6.2,7,6.9,617069,616968,123491,113672,20,18.4
23100,ñºå√âÆés,38765,910593,910593,1320,67239,68287,3.4,7.4,7.5,206320,206320,33845,32510,16.4,15.8
23201,ñLã¥és,1881,148037,148037,84,9463,8664,4.5,6.4,5.9,30970,30970,4955,4319,16,13.9
23202,â™çËés,1937,152833,152833,431,10203,12651,22.3,6.7,8.3,30689,30689,6565,8317,21.4,27.1
23203,àÍã{és,3059,151917,151917,348,14562,9971,11.4,9.6,6.6,32673,32673,10093,6553,30.9,20.1
23204,ê£åÀés,566,50825,50825,73,5637,5139,12.9,11.1,10.1,9806,9806,2946,2561,30,26.1
23205,îºìcés,595,47104,47104,147,2473,3131,24.7,5.3,6.6,9250,9250,1825,2379,19.7,25.7
23206,ètì˙à‰és,2270,120765,120765,225,6040,5890,9.9,5,4.9,24157,24158,3745,3258,15.5,13.5
23207,ñLêÏés,969,72357,72357,71,5113,4898,7.3,7.1,6.8,15223,15223,3345,2874,22,18.9
23208,í√ìáés,412,24620,24620,27,1550,1585,6.6,6.3,6.4,Åc,Åc,Åc,Åc,Åc,Åc
23209,ï…ìÏés,198,27916,27916,37,2489,2219,18.7,8.9,7.9,6183,6183,1660,1406,26.8,22.7
23210,ä†íJés,495,58441,58441,62,4324,3568,12.5,7.4,6.1,10888,10888,2896,2269,26.6,20.8
23211,ñLìcés,1704,162895,162895,65,6173,9475,3.8,3.8,5.8,30747,30747,3612,6038,11.7,19.6
23212,à¿èÈés,667,74735,74735,109,5592,5707,16.3,7.5,7.6,15163,15163,3646,3630,24,23.9
23213,êºîˆés,565,65847,65847,3,4226,3838,0.5,6.4,5.8,16727,16727,3422,2736,20.5,16.4
23214,äóåSés,352,30853,30853,77,2426,2275,21.9,7.9,7.4,7073,7073,1578,1369,22.3,19.4
23215,å¢éRés,197,28455,28455,37,1589,1543,18.8,5.6,5.4,5092,5092,1126,1022,22.1,20.1
23216,èÌääés,200,22851,22851,7,1056,1085,3.5,4.6,4.7,4740,4740,878,808,18.5,17
23217,ç]ìÏés,475,39774,39774,95,1397,1398,20,3.5,3.5,8364,8364,1006,903,12,10.8
23219,è¨ñqés,942,59216,59216,119,2769,3114,12.6,4.7,5.3,11803,11802,1894,2110,16,17.9
23220,àÓëÚés,532,53046,53046,27,6482,4019,5.1,12.2,7.6,11130,11130,4069,2751,36.6,24.7
23221,êVèÈés,159,17025,17025,-,511,1268,-,3,7.4,4437,4437,264,949,5.9,21.4
23222,ìåäCés,638,42986,42986,134,2001,2619,21,4.7,6.1,8225,8225,1863,1491,22.7,18.1
23223,ëÂï{és,253,35633,35633,53,3479,1495,20.9,9.8,4.2,6396,6396,2894,838,45.2,13.1
23224,ímëΩés,375,32816,32816,32,2072,399,8.5,6.3,Åc,6512,6512,2020,921,31,14.1
23225,ímóßés,334,28641,28641,12,1858,1645,3.6,6.5,5.7,5166,5166,1464,1253,28.3,24.3
23226,îˆí£àÆés,155,33928,33658,10,3390,3140,6.5,10,9.3,6244,6143,1905,1628,30.5,26.5
23227,çÇïlés,159,19036,19118,20,2617,2237,12.6,13.7,11.7,3701,3701,388,1030,10.5,27.8
23228,ä‚ëqés,301,18904,18904,28,253,283,9.3,1.3,1.5,3981,3981,212,99,5.3,2.5
23229,ñLñæés,477,26097,26097,34,1641,1768,7.1,6.3,6.8,5070,5070,1080,1034,21.3,20.4
23230,ì˙êiés,79,37217,37217,1,2564,3155,1.3,6.9,8.5,6276,6276,1732,1769,27.6,28.2
23231,ìcå¥és,92,23301,23301,6,3412,3302,6.5,14.6,14.2,8563,8563,2763,2337,32.3,27.3
23232,à§êºés,112,24295,24295,2,2173,2396,1.8,8.9,9.9,5545,5545,1170,1159,21.1,20.9
23233,ê¥ê{és,405,26519,26501,24,985,1171,5.9,3.7,4.4,5134,5134,605,659,11.8,12.8
23234,ñkñºå√âÆés,455,33279,33279,28,1828,1978,6.2,5.5,5.9,6706,6706,1220,1250,18.2,18.6
23235,ñÌïxés,196,17085,17085,3,882,1023,1.5,5.2,6,4363,4363,544,566,12.5,13
23236,Ç›ÇÊÇµés,110,24945,24945,21,778,1167,19.1,3.1,4.7,4013,4013,556,776,13.9,19.3
23237,Ç†Ç‹és,606,35301,35251,7,2093,2274,1.2,5.9,6.5,6336,6336,1133,1093,17.9,17.3
23238,í∑ãvéËés,101,25007,25007,9,2724,2879,8.9,10.9,11.5,3822,3822,1512,1494,39.6,39.1
23302,ìåãΩí¨,90,17365,17365,1,1302,1591,1.1,7.5,9.2,3177,3177,655,794,20.6,25
23342,ñLéRí¨,69,6182,6182,3,516,485,4.3,8.3,7.8,1290,1290,371,301,28.8,23.3
23361,ëÂå˚í¨,71,9239,9239,6,476,525,8.5,5.2,5.7,1603,1603,211,214,13.2,13.3
23362,ï}åKí¨,75,13675,13685,11,272,381,14.7,2,2.8,2730,2730,158,193,5.8,7.1
23424,ëÂé°í¨,239,13721,13721,25,823,808,10.5,6,5.9,Åc,Åc,296,312,Åc,Åc
23425,äIç]í¨,266,15069,15067,9,1039,1116,3.4,6.9,7.4,2911,2911,560,512,19.2,17.6
23427,îÚìáë∫,4,1749,1749,-,389,397,-,22.2,22.7,460,460,160,179,34.8,38.9
23441,à¢ãvî‰í¨,29,10919,10919,3,805,525,10.3,7.4,4.8,2113,2113,527,280,24.9,13.3
23442,ìåâYí¨,92,19554,19554,35,932,939,38,4.8,4.8,3834,3834,536,504,14,13.1
23445,ìÏímëΩí¨,60,6345,6345,7,904,369,11.7,14.2,5.8,2688,2688,874,295,32.5,11
23446,î¸ïlí¨,78,8481,8481,4,618,448,5.1,7.3,5.3,2088,2088,550,311,26.3,14.9
23447,ïêñLí¨,117,16729,16729,13,583,589,11.1,3.5,3.5,2931,2931,455,369,15.5,12.6
23501,çKìcí¨,58,16363,16363,3,1738,1484,5.2,10.6,9.1,2854,2854,1391,1000,48.7,35
23561,ê›äyí¨,19,1513,1513,11,233,237,57.9,15.4,15.7,519,519,178,138,34.3,26.6
23562,ìåâhí¨,-,968,968,-,151,127,-,15.6,13.1,313,313,104,86,33.2,27.5
23563,ñLç™ë∫,-,315,315,-,52,47,-,16.5,14.9,70,70,34,25,48.6,35.7
24000,éOèdåß,11117,693206,693206,1827,44548,53754,16.4,6.4,7.8,150610,150399,28903,32402,19.2,21.5
24201,í√és,1840,105456,105456,217,9156,9273,11.8,8.7,8.8,21320,21320,5903,5542,27.7,26
24202,élì˙ésés,2799,122952,122952,499,6812,8279,17.8,5.5,6.7,23193,23193,4001,4586,17.3,19.8
24203,à…ê®és,691,47791,47791,192,5261,4665,27.8,11,9.8,12112,12112,3709,3074,30.6,25.4
24204,èºç„és,1684,62848,62848,214,4749,5006,12.7,7.6,8,14726,14726,3114,3026,21.1,20.5
24205,åKñºés,697,55850,55850,75,1181,4529,10.8,2.1,8.1,10109,10109,681,2731,6.7,27
24207,óÈé≠és,955,79209,79209,160,3967,4055,16.8,5,5.1,14863,14863,2887,2596,19.4,17.5
24208,ñºí£és,205,29725,29725,44,2342,2086,21.5,7.9,7,6901,6901,1734,1266,25.1,18.3
24209,îˆòhés,127,5797,5797,20,239,305,15.7,4.1,5.3,1770,1770,146,174,8.2,9.8
24210,ãTéRés,168,19225,19225,24,1447,1684,14.3,7.5,8.8,3665,3665,985,998,26.9,27.2
24211,íπâHés,82,6433,6433,14,187,644,17.1,2.9,10,2364,2364,157,539,6.6,22.8
24212,åFñÏés,151,5714,5714,37,284,481,24.5,5,8.4,2047,2047,198,314,9.7,15.3
24214,Ç¢Ç»Ç◊és,86,17245,17245,21,1543,2106,24.4,8.9,12.2,3754,3754,1201,1223,32,32.6
24215,éuñÄés,352,17995,17995,107,443,887,30.4,2.5,4.9,5642,5642,347,670,6.2,11.9
24216,à…âÍés,486,32573,32573,88,569,2410,18.1,1.7,7.4,7195,7195,461,1779,6.4,24.7
24303,ñÿë]ñ¶í¨,13,2359,2359,1,235,246,7.7,10,10.4,634,634,164,161,25.9,25.4
24324,ìåàıí¨,30,9633,9633,4,851,930,13.3,8.8,9.7,2302,2302,353,541,15.3,23.5
24341,å‘ñÏí¨,124,16438,16438,8,958,1262,6.5,5.8,7.7,3227,3227,550,658,17,20.4
24343,í©ì˙í¨,32,4515,4515,5,191,324,15.6,4.2,7.2,553,553,119,149,21.5,26.9
24344,êÏâzí¨,66,5913,5913,7,201,387,10.6,3.4,6.5,1060,1060,99,165,9.3,15.6
24441,ëΩãCí¨,28,5443,5443,6,376,405,21.4,6.9,7.4,1494,1494,262,258,17.5,17.3
24442,ñæòaí¨,105,8926,8926,11,627,762,10.5,7,8.5,2058,2058,339,364,16.5,17.7
24443,ëÂë‰í¨,37,3028,3028,1,321,345,2.7,10.6,11.4,831,831,218,202,26.2,24.3
24461,ã èÈí¨,45,5946,5946,7,561,698,15.6,9.4,11.7,1405,1405,235,265,16.7,18.9
24470,ìxâÔí¨,19,3027,3027,2,157,153,10.5,5.2,5.1,770,770,111,96,14.4,12.5
24471,ëÂãIí¨,32,2762,2762,4,351,431,12.5,12.7,15.6,933,933,223,248,23.9,26.6
24472,ìÏà…ê®í¨,70,3950,3950,12,188,201,17.1,4.8,5.1,1433,1433,118,107,8.2,7.5
24543,ãIñkí¨,104,5291,5291,29,767,771,27.9,14.5,14.6,1696,1696,416,414,24.5,24.4
24561,å‰ïlí¨,32,3149,3149,6,216,151,18.8,6.9,4.8,1114,1114,172,96,15.4,8.6
24562,ãIïÛí¨,57,4013,4013,12,368,278,21.1,9.2,6.9,1439,1228,-,160,-,13
25000,é†âÍåß,8328,553483,553465,624,20370,26266,7.5,3.7,4.7,122977,122977,13447,16185,10.9,13.2
25201,ëÂí√és,3130,138367,138367,307,7634,7704,9.8,5.5,5.6,28707,28707,5545,5012,19.3,17.5
25202,ïFç™és,653,44032,44032,26,2030,2146,4,4.6,4.9,9550,9550,1199,1098,12.6,11.5
25203,í∑ïlés,767,44154,44154,42,1426,2634,5.5,3.2,6,10021,10021,874,1491,8.7,14.9
25204,ãﬂç]î™î¶és,500,31227,31227,24,501,1025,4.8,1.6,3.3,6662,6662,213,830,3.2,12.5
25206,ëêí√és,965,54425,54425,30,2349,2361,3.1,4.3,4.3,9819,9819,1494,1331,15.2,13.6
25207,éÁéRés,210,33777,33777,20,691,1462,9.5,2,4.3,5961,5961,404,986,6.8,16.5
25208,åIìåés,270,27517,27517,38,328,996,14.1,1.2,3.6,4514,4514,184,612,4.1,13.6
25209,çbâÍés,290,34565,34565,10,833,1157,3.4,2.4,3.3,16028,16028,627,874,3.9,5.5
25210,ñÏèFés,153,19493,19493,23,352,692,15,1.8,3.5,3932,3932,211,396,5.4,10.1
25211,åŒìÏés,169,21498,21498,27,374,565,16,1.7,2.6,4491,4491,335,455,7.5,10.1
25212,çÇìáés,288,17672,17672,32,191,993,11.1,1.1,5.6,4361,4361,129,570,3,13.1
25213,ìåãﬂç]és,540,43482,43482,21,1556,2020,3.9,3.6,4.6,9133,9133,909,1092,10,12
25214,ïƒå¥és,123,14621,14621,9,722,965,7.3,4.9,6.6,3296,3296,451,565,13.7,17.1
25383,ì˙ñÏí¨,150,7991,7991,4,186,303,2.7,2.3,3.8,1794,1794,136,220,7.6,12.3
25384,ó≥â§í¨,31,4468,4468,-,156,219,-,3.5,4.9,964,964,102,132,10.6,13.7
25425,à§ëëí¨,-,8199,8199,-,298,376,-,3.6,4.6,1578,1578,132,165,8.4,10.5
25441,ñLãΩí¨,73,2778,2778,7,305,164,9.6,11,5.9,748,748,209,76,27.9,10.2
25442,çbó«í¨,3,2550,2532,3,244,251,100,9.6,9.9,749,749,182,162,24.3,21.6
25443,ëΩâÍí¨,13,2667,2667,1,194,233,7.7,7.3,8.7,669,669,111,118,16.6,17.6
26000,ãûìsï{,41661,972963,972963,1875,30293,39884,4.5,3.1,4.1,220998,220998,17303,21330,7.8,9.7
26100,ãûìsés,31339,541302,541302,692,9295,10593,2.2,1.7,2,123022,123022,5576,5043,4.5,4.1
26201,ïüíméRés,663,28421,28421,50,622,1077,7.5,2.2,3.8,5630,5630,363,627,6.4,11.1
26202,ïëíﬂés,749,29018,29018,113,1672,2458,15.1,5.8,8.5,6289,6289,980,1465,15.6,23.3
26203,àªïîés,183,11584,11584,13,520,631,7.1,4.5,5.4,2971,2971,362,387,12.2,13
26204,âFé°és,2108,71943,71943,330,2449,3811,15.7,3.4,5.3,15922,15922,1905,3009,12,18.9
26205,ã{í√és,98,6093,6093,11,798,893,11.2,13.1,14.7,2040,2040,498,479,24.4,23.5
26206,ãTâ™és,665,34243,34243,38,978,1390,5.7,2.9,4.1,7793,7793,582,685,7.5,8.8
26207,èÈózés,626,28283,28283,71,296,1451,11.3,1,5.1,6647,6647,212,1220,3.2,18.4
26208,å¸ì˙és,458,22565,22565,132,267,1121,28.8,1.2,5,4239,4239,163,662,3.8,15.6
26209,í∑â™ãûés,626,32411,32411,147,483,1142,23.5,1.5,3.5,6156,6156,296,814,4.8,13.2
26210,î™î¶és,1069,27295,27295,48,880,1268,4.5,3.2,4.6,6695,6695,479,820,7.2,12.2
26211,ãûìcï”és,122,28154,28154,57,631,1203,46.7,2.2,4.3,5050,5050,215,365,4.3,7.2
26212,ãûíOå„és,373,19584,19584,42,3109,3398,11.3,15.9,17.4,5596,5596,2103,1987,37.6,35.5
26213,ìÏíOés,306,11332,11332,35,1249,1351,11.4,11,11.9,2856,2856,298,344,10.4,12
26214,ñÿí√êÏés,307,31578,31578,28,2893,3318,9.1,9.2,10.5,6701,6701,877,895,13.1,13.4
26303,ëÂéRçËí¨,48,6122,6122,15,165,284,31.3,2.7,4.6,2634,2634,93,199,3.5,7.6
26322,ãvå‰éRí¨,236,5640,5640,19,146,189,8.1,2.6,3.4,1500,1500,94,140,6.3,9.3
26343,à‰éËí¨,199,2731,2731,-,79,150,-,2.9,5.5,716,716,42,106,5.9,14.8
26344,âFé°ìcå¥í¨,32,3452,3452,-,146,183,-,4.2,5.3,858,858,59,72,6.9,8.4
26364,ä}íuí¨,15,421,421,-,19,39,-,4.5,9.3,160,160,13,28,8.1,17.5
26365,òaë©í¨,57,1283,1283,7,129,163,12.3,10.1,12.7,492,492,70,88,14.2,17.9
26366,ê∏âÿí¨,Åc,15378,15378,8,1229,1423,Åc,8,9.3,2846,2846,634,647,22.3,22.7
26367,ìÏéRèÈë∫,1141,944,944,-,82,107,-,8.7,11.3,344,344,74,91,21.5,26.5
26407,ãûíOîgí¨,105,4730,4730,8,851,838,7.6,18,17.7,1388,1388,505,450,36.4,32.4
26463,à…ç™í¨,6,649,649,-,114,131,-,17.6,20.2,268,268,87,86,32.5,32.1
26465,ó^é”ñÏí¨,130,7807,7807,11,1191,1272,8.5,15.3,16.3,2185,2185,723,621,33.1,28.4
27000,ëÂç„ï{,206371,3475586,3475586,6609,163597,172641,2.9,4.7,5,772757,772757,89510,87071,11.6,11.3
27100,ëÂç„és,106990,1086574,1086574,1043,27373,30840,1,2.5,2.8,255034,255034,14776,15332,5.8,6
27140,ç‰és,19850,320847,320847,444,14676,16153,2.2,4.6,5,71244,71244,6652,6966,9.3,9.8
27202,ä›òaìcés,4291,73910,73910,93,5139,4688,2.2,7,6.3,16409,16409,2755,2253,16.8,13.7
27203,ñLíÜés,Åc,164474,164474,684,6423,9767,Åc,3.9,5.9,32366,32366,3889,5549,12,17.1
27204,írìcés,689,40750,40750,111,1436,1564,16.1,3.5,3.8,8353,8353,907,996,10.9,11.9
27205,êÅìcés,4539,151854,151854,657,8336,8408,14.5,5.5,5.5,27758,27758,5427,5178,19.6,18.7
27206,êÚëÂí√és,1332,29502,29502,27,1470,2062,2,5,7,6039,6039,669,961,11.1,15.9
27207,çÇíŒés,4201,136430,136430,446,13940,11037,10.6,10.2,8.1,29265,29265,7651,5587,26.1,19.1
27208,äLíÀés,1253,33536,33536,32,1090,1977,2.6,3.3,5.9,7384,7384,715,1176,9.7,15.9
27209,éÁå˚és,3952,55579,55579,304,5036,2338,7.7,9.1,4.2,12376,12376,3829,1476,30.9,11.9
27210,ñáï˚és,6295,157640,157640,599,9347,10382,9.5,5.9,6.6,33654,33654,5664,5182,16.8,15.4
27211,àÔñÿés,2788,112631,112631,232,7669,7361,8.3,6.8,6.5,22698,22698,4443,4114,19.6,18.1
27212,î™îˆés,6258,103177,103177,369,5522,6723,5.9,5.4,6.5,23378,23378,2530,3217,10.8,13.8
27213,êÚç≤ñÏés,1580,39441,39441,62,1127,1744,3.9,2.9,4.4,9023,9023,630,967,7,10.7
27214,ïxìcó—és,1809,42278,42278,32,1982,2344,1.8,4.7,5.5,9714,9714,1045,1192,10.8,12.3
27215,êQâÆêÏés,6014,90183,90183,109,2874,3475,1.8,3.2,3.9,20706,20706,1564,1857,7.6,9
27216,âÕì‡í∑ñÏés,57,38739,38739,57,3138,2565,100,8.1,6.6,8296,8296,1847,1421,22.3,17.1
27217,èºå¥és,2824,45554,45554,13,3631,3722,0.5,8,8.2,10254,10254,1494,1387,14.6,13.5
27218,ëÂìåés,1007,46441,46441,92,2918,2917,9.1,6.3,6.3,10607,10607,1460,1354,13.8,12.8
27219,òaêÚés,2712,74609,74609,118,6549,6692,4.4,8.8,9,15347,15347,3619,3032,23.6,19.8
27220,ñ•ñ és,1055,55642,55642,90,5626,5197,8.5,10.1,9.3,10735,10735,2582,2293,24.1,21.4
27221,îêå¥és,843,26334,26334,15,931,1430,1.8,3.5,5.4,5970,5970,332,589,5.6,9.9
27222,âHâgñÏés,2155,44801,44801,90,1422,2413,4.2,3.2,5.4,9944,9944,541,1173,5.4,11.8
27223,ñÂê^és,4572,47304,47304,124,2304,1449,2.7,4.9,3.1,11685,11685,1667,860,14.3,7.4
27224,ê€í√és,1311,33267,33267,136,2029,1843,10.4,6.1,5.5,6696,6696,1256,984,18.8,14.7
27225,çÇêŒés,746,22287,22287,19,628,932,2.5,2.8,4.2,6335,6335,331,454,5.2,7.2
27226,ì°à‰éõés,1017,25034,25034,63,1034,1096,6.2,4.1,4.4,5494,5494,488,497,8.9,9
27227,ìåëÂç„és,11967,190360,190360,407,10113,10420,3.4,5.3,5.5,43054,43054,4341,4463,10.1,10.4
27228,êÚìÏés,817,22931,22931,12,688,1135,1.5,3,4.9,6216,6216,391,643,6.3,10.3
27229,élûäìÎés,501,21615,21615,39,1028,1126,7.8,4.8,5.2,4330,4330,608,569,14,13.1
27230,åñÏés,636,30858,30858,18,1913,1900,2.8,6.2,6.2,6271,6271,1202,1121,19.2,17.9
27231,ëÂç„ã∑éRés,524,22486,22486,28,1155,1423,5.3,5.1,6.3,4938,4938,755,808,15.3,16.4
27232,ç„ìÏés,478,20301,20301,1,762,957,0.2,3.8,4.7,4806,4806,631,691,13.1,14.4
27301,ìáñ{í¨,129,12750,12750,4,980,798,3.1,7.7,6.3,2412,2412,683,569,28.3,23.6
27321,ñLî\í¨,20,6911,6911,-,401,419,-,5.8,6.1,2001,2001,253,236,12.6,11.8
27322,î\ê®í¨,43,3821,3821,9,384,333,20.9,10,8.7,1274,1274,300,238,23.5,18.7
27341,íââ™í¨,331,6461,6461,10,379,423,3,5.9,6.5,1485,1485,211,195,14.2,13.1
27361,åFéÊí¨,325,16695,16695,5,792,835,1.5,4.7,5,3797,3797,614,669,16.2,17.6
27362,ìcêKí¨,133,3103,3103,5,261,349,3.8,8.4,11.2,649,649,120,146,18.5,22.5
27366,ñ¶í¨,162,5784,5784,2,196,288,1.2,3.4,5,1718,1718,145,157,8.4,9.1
27381,ëæéqí¨,90,5121,5121,6,452,513,6.7,8.8,10,1136,1136,236,235,20.8,20.7
27382,âÕìÏí¨,56,5873,5873,2,339,473,3.6,5.8,8.1,1414,1414,211,224,14.9,15.8
27383,êÁëÅê‘ç„ë∫,19,1698,1698,-,104,130,-,6.1,7.7,492,492,46,60,9.3,12.2
28000,ï∫å…åß,91199,2166612,2166612,3991,88125,120830,4.4,4.1,5.6,478212,478209,54107,65283,11.3,13.7
28100,ê_åÀés,36846,603067,603067,982,13099,38327,2.7,2.2,6.4,130677,130677,8239,19008,6.3,14.5
28201,ïPòHés,3469,207732,207732,312,2772,5535,9,1.3,2.7,46108,46108,707,1192,1.5,2.6
28202,ìÚçËés,13790,182365,182365,821,4801,6818,6,2.6,3.7,39237,39237,2799,3415,7.1,8.7
28203,ñæêŒés,3971,118913,118913,177,5230,5455,4.5,4.4,4.6,26493,26493,3417,3208,12.9,12.1
28204,êºã{és,6047,200303,200303,201,3722,5129,3.3,1.9,2.6,44063,44063,2440,2907,5.5,6.6
28205,èFñ{és,388,15971,15971,26,1961,1930,6.7,12.3,12.1,4010,4010,1131,1079,28.2,26.9
28206,à∞âÆés,598,40707,40707,62,2504,2201,10.4,6.2,5.4,8333,8333,2152,1517,25.8,18.2
28207,à…íOés,2675,80729,80729,165,1400,3221,6.2,1.7,4,15059,15059,902,2004,6,13.3
28208,ëäê∂és,216,10127,10127,2,659,648,0.9,6.5,6.4,2403,2403,478,451,19.9,18.8
28209,ñLâ™és,477,29841,29841,15,3492,3546,3.1,11.7,11.9,7872,7872,2142,2010,27.2,25.5
28210,â¡å√êÏés,1737,102229,102229,136,3378,4264,7.8,3.3,4.2,21953,21953,2286,2720,10.4,12.4
28212,ê‘ï‰és,283,17421,17421,8,1258,1330,2.8,7.2,7.6,4031,4031,916,931,22.7,23.1
28213,êºòeés,199,14881,14881,6,934,1079,3,6.3,7.3,3423,3423,538,566,15.7,16.5
28214,ïÛíÀés,2128,95611,95611,80,5291,5070,3.8,5.5,5.3,18832,18832,3579,3437,19,18.3
28215,éOñÿés,442,28056,28056,16,1880,2234,3.6,6.7,8,6630,6630,983,1139,14.8,17.2
28216,çÇçªés,947,33773,33773,4,1197,1823,0.4,3.5,5.4,7569,7569,698,927,9.2,12.2
28217,êÏêºés,1309,61036,61036,55,4398,3741,4.2,7.2,6.1,13067,13067,2960,2470,22.7,18.9
28218,è¨ñÏés,155,18385,18385,9,1273,1248,5.8,6.9,6.8,4108,4108,689,638,16.8,15.5
28219,éOìcés,325,45411,45411,18,1349,1467,5.5,3,3.2,8861,8858,890,961,10,10.8
28220,â¡êºés,155,16257,16257,16,1144,1162,10.3,7,7.1,3547,3547,723,656,20.4,18.5
28221,íOîgé¬éRés,12477,15333,15333,763,866,1029,6.1,5.6,6.7,3784,3784,692,720,18.3,19
28222,ó{ïÉés,88,8231,8231,10,1582,1606,11.4,19.2,19.5,2294,2294,659,808,28.7,35.2
28223,íOîgés,115,22757,22757,8,1937,2006,7,8.5,8.8,5286,5286,1360,1391,25.7,26.3
28224,ìÏÇ†ÇÌÇ∂és,297,17408,17408,7,3336,2873,2.4,19.2,16.5,5708,5708,2112,1745,37,30.6
28225,í©óàés,58,11505,11505,6,1193,1232,10.3,10.4,10.7,2911,2911,751,706,25.8,24.3
28226,íWòHés,290,15795,15795,6,2154,1684,2.1,13.6,10.7,5130,5130,1298,908,25.3,17.7
28227,é≥àæés,157,13315,13315,2,1655,1496,1.3,12.4,11.2,3742,3742,1063,900,28.4,24.1
28228,â¡ìåés,123,15329,15329,12,1369,1274,9.8,8.9,8.3,3370,3370,725,634,21.5,18.8
28229,ÇΩÇ¬ÇÃés,435,28890,28890,10,2134,2454,2.3,7.4,8.5,7004,7004,1246,1373,17.8,19.6
28301,íññºêÏí¨,80,12261,12261,16,1588,1710,20,13,13.9,2828,2828,836,719,29.6,25.4
28365,ëΩâ¬í¨,52,7424,7424,2,756,838,3.8,10.2,11.3,1823,1823,398,422,21.8,23.1
28381,àÓî¸í¨,133,11799,11799,-,571,602,-,4.8,5.1,2730,2730,437,442,16,16.2
28382,îdñÅí¨,259,13244,13244,15,572,621,5.8,4.3,4.7,2757,2757,424,440,15.4,16
28442,ésêÏí¨,28,4370,4370,3,673,580,10.7,15.4,13.3,1316,1316,437,357,33.2,27.1
28443,ïüçËí¨,100,7037,7037,5,885,915,5,12.6,13,1404,1404,405,337,28.8,24
28446,ê_âÕí¨,27,3944,3944,1,486,471,3.7,12.3,11.9,955,955,292,273,30.6,28.6
28464,ëæéqí¨,136,13083,13083,4,831,837,2.9,6.4,6.4,2619,2619,530,489,20.2,18.7
28481,è„åSí¨,27,5380,5380,-,434,448,-,8.1,8.3,1451,1451,300,276,20.7,19
28501,ç≤ópí¨,60,5818,5818,2,464,410,3.3,8,7,1659,1659,290,237,17.5,14.3
28585,çÅî¸í¨,49,5905,5905,8,1548,988,16.3,26.2,16.7,1747,1747,618,511,35.4,29.3
28586,êVâ∑êÚí¨,51,4969,4969,-,1349,528,-,27.1,10.6,1418,1418,565,359,39.8,25.3
29000,ìﬁó«åß,12568,518226,518225,767,16516,31707,6.1,3.2,6.1,123994,124001,9936,17597,8,14.2
29201,ìﬁó«és,5478,139512,139512,480,1131,10268,8.8,0.8,7.4,31741,31741,778,5651,2.5,17.8
29202,ëÂòaçÇìcés,85,25891,25891,35,1063,1285,41.2,4.1,5,7103,7103,679,780,9.6,11
29203,ëÂòaåSéRés,915,32444,32444,17,250,1602,1.9,0.8,4.9,7825,7825,175,995,2.2,12.7
29204,ìVóùés,547,22647,22647,9,784,1542,1.6,3.5,6.8,5639,5639,482,696,8.5,12.3
29205,äÄå¥és,971,46876,46876,5,2632,2653,0.5,5.6,5.7,10412,10412,1645,1580,15.8,15.2
29206,ç˜à‰és,705,21633,21633,5,1066,1613,0.7,4.9,7.5,5846,5846,649,956,11.1,16.4
29207,å‹ûäés,266,10932,10932,15,540,679,5.6,4.9,6.2,3606,3606,335,391,9.3,10.8
29208,å‰èäés,26,9133,9133,26,458,624,100,5,6.8,2885,2885,247,336,8.6,11.6
29209,ê∂ãÓés,405,47689,47689,85,1272,2390,21,2.7,5,9464,9464,581,1110,6.1,11.7
29210,çÅé≈és,345,31650,31650,4,599,760,1.2,1.9,2.4,6101,6101,324,447,5.3,7.3
29211,äãèÈés,180,14160,14160,2,809,991,1.1,5.7,7,3292,3292,408,483,12.4,14.7
29212,âFë…és,280,10274,10274,2,796,1010,0.7,7.7,9.8,3017,3017,417,499,13.8,16.5
29322,éRìYë∫,9,1111,1111,-,161,186,-,14.5,16.7,340,340,115,125,33.8,36.8
29342,ïΩåQí¨,77,7017,7017,3,218,363,3.9,3.1,5.2,1903,1903,161,231,8.5,12.1
29343,éOãΩí¨,276,8755,8754,1,232,431,0.4,2.6,4.9,2125,2125,155,247,7.3,11.6
29344,î¡îµí¨,150,10863,10863,43,322,516,28.7,3,4.8,2298,2298,153,245,6.7,10.7
29345,à¿ìgí¨,91,2833,2833,7,312,315,7.7,11,11.1,863,863,173,165,20,19.1
29361,êÏêºí¨,91,3106,3106,1,112,196,1.1,3.6,6.3,831,831,76,103,9.1,12.4
29362,éOëÓí¨,75,2506,2506,-,126,135,-,5,5.4,702,702,76,76,10.8,10.8
29363,ìcå¥ñ{í¨,291,11892,11892,5,494,545,1.7,4.2,4.6,3118,3118,320,326,10.3,10.5
29385,ë]é¢ë∫,25,493,493,1,108,116,4,21.9,23.5,175,175,68,72,38.9,41.1
29386,å‰èÒë∫,9,480,480,-,81,86,-,16.9,17.9,173,173,81,51,46.8,29.5
29401,çÇéÊí¨,59,2414,2414,2,202,285,3.4,8.4,11.8,696,696,120,197,17.2,28.3
29402,ñæì˙çÅë∫,24,1915,1915,1,159,203,4.2,8.3,10.6,610,610,99,107,16.2,17.5
29424,è„ñqí¨,339,8585,8585,4,233,305,1.2,2.7,3.6,2214,2214,130,149,5.9,6.7
29425,â§éõí¨,125,8985,8985,8,532,486,6.4,5.9,5.4,1799,1799,341,287,19,16
29426,çLóÀí¨,148,14237,14237,-,591,705,-,4.2,5,2949,2949,296,403,10,13.7
29427,âÕçáí¨,104,6462,6462,1,161,227,1,2.5,3.5,1620,1620,115,149,7.1,9.2
29441,ãgñÏí¨,57,2217,2217,-,143,171,-,6.5,7.7,815,815,108,110,13.3,13.5
29442,ëÂóÑí¨,271,6709,6709,1,271,347,0.4,4,5.2,1708,1708,150,175,8.8,10.2
29443,â∫ésí¨,69,1718,1718,-,193,211,-,11.2,12.3,961,961,122,123,12.7,12.8
29444,çïëÍë∫,4,191,191,1,41,42,25,21.5,22,87,87,28,30,32.2,34.5
29446,ìVêÏë∫,7,416,416,-,73,77,-,17.5,18.5,198,208,60,57,30.3,27.4
29447,ñÏîóêÏë∫,6,109,109,2,21,20,33.3,19.3,18.3,33,33,14,13,42.4,39.4
29449,è\í√êÏë∫,28,1035,1035,1,145,130,3.6,14,12.6,387,387,125,111,32.3,28.7
29450,â∫ñkéRë∫,3,294,294,-,51,56,-,17.3,19,95,92,36,34,37.9,37
29451,è„ñkéRë∫,1,154,154,-,25,26,-,16.2,16.9,45,45,21,19,46.7,42.2
29452,êÏè„ë∫,-,400,400,-,72,68,-,18,17,148,148,43,38,29.1,25.7
29453,ìåãgñÏë∫,26,488,488,-,37,42,-,7.6,8.6,170,170,30,30,17.6,17.6
30000,òaâÃéRåß,11633,359053,359053,190,31429,31794,1.6,8.8,8.9,103595,103595,19792,18682,19.1,18
30201,òaâÃéRés,6805,140193,140193,106,5534,5410,1.6,3.9,3.9,34531,34531,3207,2759,9.3,8
30202,äCìÏés,428,18341,18341,11,2223,2064,2.6,12.1,11.3,5326,5326,1367,1205,25.7,22.6
30203,ã¥ñ{és,313,23416,23416,6,3111,2937,1.9,13.3,12.5,6270,6270,1816,1669,29,26.6
30204,óLìcés,165,10064,10064,-,1277,1147,-,12.7,11.4,3433,3433,819,623,23.9,18.1
30205,å‰ñVés,414,8728,8728,10,797,822,2.4,9.1,9.4,2974,2974,581,575,19.5,19.3
30206,ìcï”és,753,27756,27756,11,2250,2684,1.5,8.1,9.7,9601,9601,1675,1932,17.4,20.1
30207,êVã{és,518,10040,10040,7,1037,1055,1.4,10.3,10.5,3069,3069,619,575,20.2,18.7
30208,ãIÇÃêÏés,319,23703,23703,-,3188,3236,-,13.4,13.7,7008,7008,1813,1718,25.9,24.5
30209,ä‚èoés,355,22516,22516,10,1914,1848,2.8,8.5,8.2,5060,5060,1073,989,21.2,19.5
30304,ãIî¸ñÏí¨,41,2836,2836,7,408,377,17.1,14.4,13.3,1015,1015,248,221,24.4,21.8
30341,Ç©Ç¬ÇÁÇ¨í¨,70,5739,5739,4,822,895,5.7,14.3,15.6,2108,2108,400,415,19,19.7
30343,ã„ìxéRí¨,7,1387,1387,-,195,182,-,14.1,13.1,523,523,142,125,27.2,23.9
30344,çÇñÏí¨,Åc,1001,1001,-,132,123,Åc,13.2,12.3,376,376,67,62,17.8,16.5
30361,ìíêÛí¨,158,4341,4341,-,574,543,-,13.2,12.5,1665,1665,573,541,34.4,32.5
30362,çLêÏí¨,78,2587,2587,-,278,280,-,10.7,10.8,954,954,224,216,23.5,22.6
30366,óLìcêÏí¨,63,9789,9789,2,944,1258,3.2,9.6,12.9,3549,3549,614,882,17.3,24.9
30381,î¸ïlí¨,57,2392,2392,-,275,216,-,11.5,9,675,675,186,125,27.6,18.5
30382,ì˙çÇí¨,29,3004,3004,-,233,297,-,7.8,9.9,862,862,171,164,19.8,19
30383,óRó«í¨,67,1905,1905,1,198,196,1.5,10.4,10.3,708,708,134,115,18.9,16.2
30390,àÛìÏí¨,-,2990,2990,-,609,659,-,20.4,22,1358,1358,462,463,34,34.1
30391,Ç›Ç»Ç◊í¨,46,4775,4775,3,1364,1348,6.5,28.6,28.2,2176,2176,1006,937,46.2,43.1
30392,ì˙çÇêÏí¨,36,3478,3478,-,632,619,-,18.2,17.8,1237,1237,434,369,35.1,29.8
30401,îíïlí¨,263,7883,7883,2,833,904,0.8,10.6,11.5,2444,2444,585,541,23.9,22.1
30404,è„ïxìcí¨,96,6417,6417,1,811,804,1,12.6,12.5,1705,1705,440,370,25.8,21.7
30406,Ç∑Ç≥Ç›í¨,44,1286,1286,1,227,255,2.3,17.7,19.8,488,488,150,140,30.7,28.7
30421,ìﬂíqèüâYí¨,159,5228,5228,5,669,676,3.1,12.8,12.9,1608,1608,353,311,22,19.3
30422,ëæíní¨,28,1068,1068,2,141,146,7.1,13.2,13.7,342,342,77,88,22.5,25.7
30424,å√ç¿êÏí¨,33,803,803,1,163,181,3,20.3,22.5,336,336,127,132,37.8,39.3
30427,ñkéRë∫,3,149,149,-,20,14,-,13.4,9.4,55,55,17,10,30.9,18.2
30428,ã¯ñ{í¨,285,5238,5238,-,570,618,-,10.9,11.8,2139,2139,412,410,19.3,19.2
31000,íπéÊåß,5073,208744,209642,468,19727,21374,9.2,9.5,10.2,48845,48846,11421,10628,23.7,22
31201,íπéÊés,2140,71095,71095,160,6867,7432,7.5,9.7,10.5,15902,15902,3755,3690,23.6,23.2
31202,ïƒéqés,1663,56496,56496,192,3797,4237,11.5,6.7,7.5,11409,11409,2554,2408,22.4,21.1
31203,ëqãgés,391,16971,16971,27,1428,1454,6.9,8.4,8.6,4614,4614,798,803,17.3,17.4
31204,ã´ç`és,259,12562,13460,23,1223,1319,8.9,9.7,9.8,2627,2628,640,631,24.4,24
31302,ä‚î¸í¨,72,4091,4091,2,586,618,2.8,14.3,15.1,1097,1097,335,232,30.5,21.1
31325,é·ç˜í¨,15,980,980,7,186,171,46.7,19,17.4,288,288,116,104,40.3,36.1
31328,íqì™í¨,13,2352,2352,4,328,356,30.8,13.9,15.1,690,690,203,207,29.4,30
31329,î™ì™í¨,83,6224,6224,17,979,986,20.5,15.7,15.8,1687,1687,528,548,31.3,32.5
31364,éOí©í¨,26,2264,2264,-,323,338,-,14.3,14.9,590,590,Åc,Åc,Åc,Åc
31370,ìíóúïlí¨,62,6239,6239,1,834,905,1.6,13.4,14.5,1663,1663,465,302,28,18.2
31371,ã’âYí¨,98,6114,6114,1,572,638,1,9.4,10.4,1809,1809,398,385,22,21.3
31372,ñkâhí¨,54,5481,5481,24,806,829,44.4,14.7,15.1,1637,1637,467,43,28.5,2.6
31384,ì˙ãgí√ë∫,3,1347,1347,-,107,196,-,7.9,14.6,287,287,59,111,20.6,38.7
31386,ëÂéRí¨,65,5673,5673,1,577,596,1.5,10.2,10.5,1685,1685,373,348,22.1,20.7
31389,ìÏïîí¨,56,3810,3810,7,435,475,12.5,11.4,12.5,906,906,281,267,31,29.5
31390,îå„Àí¨,25,3850,3850,1,415,473,4,10.8,12.3,1099,1099,276,326,25.1,29.7
31401,ì˙ìÏí¨,26,1343,1343,1,70,136,3.8,5.2,10.1,394,394,38,90,9.6,22.8
31402,ì˙ñÏí¨,15,921,921,-,74,80,-,8,8.7,234,234,47,44,20.1,18.8
31403,ç]ï{í¨,7,931,931,-,120,135,-,12.9,14.5,227,227,88,89,38.8,39.2
32000,ìáç™åß,4158,243148,243149,466,8391,16067,11.2,3.5,6.6,52493,52494,4898,8279,9.3,15.9
32201,èºç]és,2115,75655,75655,181,2850,4651,8.6,3.8,6.1,15089,15089,1429,2317,9.5,15.4
32202,ïlìcés,239,18354,18354,73,559,1050,30.5,3,5.7,3860,3860,314,474,8.1,12.3
32203,èoâ_és,797,64921,64921,37,1001,4385,4.6,1.5,6.8,13040,13040,617,2320,4.7,17.8
32204,âvìcés,275,15863,15863,18,181,752,6.5,1.1,4.7,3661,3661,69,346,1.9,9.5
32205,ëÂìcés,201,11711,11711,59,928,291,29.4,7.9,2.5,2768,2768,641,175,23.2,6.3
32206,à¿óàés,133,13290,13290,29,276,682,21.8,2.1,5.1,2627,2627,223,505,8.5,19.2
32207,ç]í√és,117,8162,8162,34,445,513,29.1,5.5,6.3,1969,1969,276,295,14,15
32209,â_ìÏés,79,13307,13307,12,518,999,15.2,3.9,7.5,3146,3146,199,537,6.3,17.1
32343,âúèoâ_í¨,40,3941,3941,8,86,512,20,2.2,13,973,973,40,246,4.1,25.3
32386,î—ìÏí¨,Åc,1496,1496,-,137,170,Åc,9.2,11.4,346,346,105,Åc,30.3,Åc
32441,êÏñ{í¨,18,1001,1001,-,56,128,-,5.6,12.8,289,289,35,68,12.1,23.5
32448,î¸ãΩí¨,3,1367,1373,2,91,264,66.7,6.7,19.2,412,413,64,116,15.5,28.1
32449,óWìÏí¨,9,3407,3407,2,368,582,22.2,10.8,17.1,1212,1212,227,272,18.7,22.4
32501,í√òañÏí¨,17,2231,2231,2,204,339,11.8,9.1,15.2,615,615,133,176,21.6,28.6
32505,ãgâÍí¨,24,1947,1947,2,145,331,8.3,7.4,17,476,476,110,192,23.1,40.3
32525,äCémí¨,7,706,701,-,120,105,-,17,15,239,239,99,52,41.4,21.8
32526,êºÉmìáí¨,6,866,866,1,105,42,16.7,12.1,4.8,275,275,81,23,29.5,8.4
32527,ímïvë∫,2,183,183,-,29,17,-,15.8,9.3,86,86,27,11,31.4,12.8
32528,âBäÚÇÃìáí¨,76,4740,4740,6,292,254,7.9,6.2,5.4,1410,1410,209,154,14.8,10.9
33000,â™éRåß,17812,705990,705990,1414,42722,40856,7.9,6.1,5.8,153932,153932,26152,23325,17.1,15.2
33100,â™éRés,9875,273216,273216,719,17620,15306,7.3,6.4,5.6,56774,56774,10885,9480,19.2,16.7
33202,ëqï~és,5176,180343,180343,452,10427,10743,8.7,5.8,6,35222,35222,5935,5542,16.9,15.7
33203,í√éRés,530,37232,37232,101,2089,2052,19.1,5.6,5.5,7716,7716,1411,1281,18.3,16.6
33204,ã ñÏés,455,20095,20095,21,1144,994,4.6,5.7,4.9,5436,5436,797,650,14.7,12
33205,ä}â™és,274,17488,17488,9,1170,860,3.3,6.7,4.9,4350,4350,869,583,20,13.4
33207,à‰å¥és,Åc,14357,14357,-,993,953,Åc,6.9,6.6,3742,3742,653,476,17.5,12.7
33208,ëçé–és,314,25810,25810,8,1011,1138,2.5,3.9,4.4,5307,5307,582,602,11,11.3
33209,çÇó¿és,165,9315,9315,7,385,509,4.2,4.1,5.5,2568,2568,157,202,6.1,7.9
33210,êVå©és,109,9453,9453,3,435,452,2.8,4.6,4.8,2634,2634,300,266,11.4,10.1
33211,îıëOés,140,11851,11851,15,526,585,10.7,4.4,4.9,3287,3287,333,313,10.1,9.5
33212,ê£åÀì‡és,43,13941,13941,12,680,782,27.9,4.9,5.6,3343,3343,268,426,8,12.7
33213,ê‘î÷és,63,16146,16146,2,1163,1084,3.2,7.2,6.7,3759,3759,734,619,19.5,16.5
33214,ê^íÎés,160,15255,15255,20,714,663,12.5,4.7,4.3,3936,3936,461,398,11.7,10.1
33215,î¸çÏés,76,9192,9192,-,649,661,-,7.1,7.2,2518,2518,430,394,17.1,15.6
33216,êÛå˚és,92,12364,12364,1,705,576,1.1,5.7,4.7,2979,2979,487,307,16.3,10.3
33346,òaãCí¨,46,4988,4988,3,210,234,6.5,4.2,4.7,1436,1436,143,135,10,9.4
33423,ëÅìáí¨,25,4585,4585,-,257,285,-,5.6,6.2,868,868,178,171,20.5,19.7
33445,ó¢èØí¨,32,4038,4038,4,467,426,12.5,11.6,10.5,807,807,284,235,35.2,29.1
33461,ñÓä|í¨,49,4848,4848,6,313,361,12.2,6.5,7.4,1225,1225,230,224,18.8,18.3
33586,êVèØë∫,-,289,289,-,37,33,-,12.8,11.4,89,89,30,19,33.7,21.3
33606,ãæñÏí¨,34,4410,4410,10,361,634,29.4,8.2,14.4,1060,1060,234,289,22.1,27.3
33622,èüâõí¨,44,4014,4014,-,295,351,-,7.3,8.7,975,975,Åc,Åc,Åc,Åc
33623,ìﬁã`í¨,2,1862,1862,-,290,322,-,15.6,17.3,510,510,189,188,37.1,36.9
33643,êºàæëqë∫,2,489,489,-,46,57,-,9.4,11.7,135,135,28,31,20.7,23
33663,ãvïƒìÏí¨,3,1539,1539,-,138,158,-,9,10.3,732,732,110,123,15,16.8
33666,î¸çÁí¨,58,4715,4715,16,397,437,27.6,8.4,9.3,1282,1282,272,249,21.2,19.4
33681,ãgîıíÜâõí¨,45,4155,4155,5,200,200,11.1,4.8,4.8,1242,1242,152,122,12.2,9.8
34000,çLìáåß,30842,1069251,1069251,1396,58155,62331,4.5,5.4,5.8,180265,180265,30616,30864,17,17.1
34100,çLìáés,17536,471143,471143,1042,27965,25931,5.9,5.9,5.5,87686,87686,15366,13682,17.5,15.6
34202,å‡és,2703,78301,78301,54,2424,2885,2,3.1,3.7,17292,17292,1432,1591,8.3,9.2
34203,í|å¥és,187,8582,8582,4,438,571,2.1,5.1,6.7,2215,2215,359,414,16.2,18.7
34204,éOå¥és,759,34017,34017,32,1317,2002,4.2,3.9,5.9,8290,8290,910,1386,11,16.7
34205,îˆìπés,1218,48617,48617,26,2728,3334,2.1,5.6,6.9,11216,11216,1739,1995,15.5,17.8
34207,ïüéRés,4981,176036,176036,101,7092,8755,2,4,5,Åc,Åc,Åc,Åc,Åc,Åc
34208,ï{íÜés,205,13921,13921,14,905,1093,6.8,6.5,7.9,3306,3306,610,678,18.5,20.5
34209,éOéüés,287,18492,18492,10,1231,1252,3.5,6.7,6.8,4379,4379,982,945,22.4,21.6
34210,èØå¥és,203,11430,11430,7,1023,1047,3.4,9,9.2,3013,3013,871,867,28.9,28.8
34211,ëÂí|és,150,9705,9705,5,594,900,3.3,6.1,9.3,2209,2209,408,580,18.5,26.3
34212,ìåçLìáés,1010,72471,72471,37,5696,6010,3.7,7.9,8.3,13605,13605,3427,3354,25.2,24.7
34213,ì˘ì˙ésés,528,45260,45260,24,1765,2787,4.5,3.9,6.2,9034,9034,1163,1770,12.9,19.6
34214,à¿å|çÇìcés,168,9596,9596,5,900,891,3,9.4,9.3,2326,2326,705,662,30.3,28.5
34215,ç]ìcìáés,141,7549,7549,12,417,417,8.5,5.5,5.5,2444,2444,299,286,12.2,11.7
34302,ï{íÜí¨,363,20703,20703,-,841,912,-,4.1,4.4,3830,3830,484,518,12.6,13.5
34304,äCìcí¨,142,11345,11345,4,644,824,2.8,5.7,7.3,1816,1816,314,378,17.3,20.8
34307,åFñÏí¨,2,8724,8724,-,347,507,-,4,5.8,1641,1641,213,267,13,16.3
34309,ç‚í¨,64,4704,4704,-,144,197,-,3.1,4.2,952,952,78,100,8.2,10.5
34368,à¿å|ëæìcí¨,11,1904,1904,-,217,240,-,11.4,12.6,627,627,171,181,27.3,28.9
34369,ñkçLìáí¨,76,6320,6320,7,506,543,9.2,8,8.6,1444,1444,388,397,26.9,27.5
34431,ëÂçËè„ìáí¨,43,2056,2056,7,101,217,16.3,4.9,10.6,555,555,72,126,13,22.7
34462,ê¢óÖí¨,36,5524,5524,1,524,639,2.8,9.5,11.6,1540,1540,397,460,25.8,29.9
34545,ê_êŒçÇå¥í¨,29,2851,2851,4,336,377,13.8,11.8,13.2,845,845,228,227,27,26.9
35000,éRå˚åß,8159,497704,497704,268,19564,22731,3.3,3.9,4.6,110245,110247,11806,11662,10.7,10.6
35201,â∫ä÷és,134,93518,93518,27,1249,2561,20.1,1.3,2.7,22377,22377,785,1196,3.5,5.3
35202,âFïîés,2023,60367,60367,97,3698,3508,4.8,6.1,5.8,12233,12233,2243,1924,18.3,15.7
35203,éRå˚és,1174,73358,73358,26,1620,2343,2.2,2.2,3.2,14377,14377,756,865,5.3,6
35204,îãés,302,15944,15944,16,697,882,5.3,4.4,5.5,4569,4569,486,649,10.6,14.2
35206,ñhï{és,456,42775,42775,8,646,927,1.8,1.5,2.2,8590,8590,290,357,3.4,4.2
35207,â∫èºés,239,21174,21174,8,1177,1286,3.3,5.6,6.1,4012,4012,668,665,16.7,16.6
35208,ä‚çëés,1209,47978,47978,12,3193,3359,1,6.7,7,10918,10918,1915,1837,17.5,16.8
35210,åıés,281,18269,18269,1,872,1025,0.4,4.8,5.6,4308,4308,552,557,12.8,12.9
35211,í∑ñÂés,198,11716,11716,15,811,827,7.6,6.9,7.1,3073,3073,509,477,16.6,15.5
35212,ñˆà‰és,244,11247,11247,1,372,421,0.4,3.3,3.7,3107,3107,237,237,7.6,7.6
35213,î¸îIés,92,8071,8071,5,358,518,5.4,4.4,6.4,2005,2005,246,314,12.3,15.7
35215,é¸ìÏés,1016,52568,52568,30,1819,2245,3,3.5,4.3,10142,10142,940,834,9.3,8.2
35216,éRózè¨ñÏìcés,530,22171,22171,12,1525,1069,2.3,6.9,4.8,4816,4816,1238,786,25.7,16.3
35305,é¸ñhëÂìáí¨,96,4650,4650,3,419,446,3.1,9,9.6,1872,1872,313,304,16.7,16.2
35321,òañÿí¨,50,2159,2159,2,416,447,4,19.3,20.7,550,552,182,189,33.1,34.2
35341,è„ä÷í¨,10,701,701,4,76,58,40,10.8,8.3,311,311,69,45,22.2,14.5
35343,ìcïzé{í¨,54,5745,5745,-,352,502,-,6.1,8.7,1457,1457,198,248,13.6,17
35344,ïΩê∂í¨,43,4240,4240,1,154,188,2.3,3.6,4.4,1158,1158,102,108,8.8,9.3
35502,à¢ïêí¨,8,1053,1053,-,110,119,-,10.4,11.3,370,370,77,70,20.8,18.9
36000,ìøìáåß,9337,279602,279872,234,9999,12367,2.5,3.6,4.4,65142,65142,6007,6993,9.2,10.7
36201,ìøìáés,4983,98799,99169,5,2627,3783,0.1,2.7,3.8,20426,20426,1404,2004,6.9,9.8
36202,ñ¬ñÂés,30,21789,21789,7,504,654,23.3,2.3,3,6043,6043,319,401,5.3,6.6
36203,è¨èºìáés,558,13852,13852,25,463,566,4.5,3.3,4.1,3072,3072,256,293,8.3,9.5
36204,à¢ìÏés,745,26888,26888,40,772,1127,5.4,2.9,4.2,5859,5859,450,664,7.7,11.3
36205,ãgñÏêÏés,510,14972,14972,55,478,657,10.8,3.2,4.4,3489,3489,281,340,8.1,9.7
36206,à¢îgés,426,13660,13660,5,572,606,1.2,4.2,4.4,3790,3790,409,410,10.8,10.8
36207,î¸înés,197,10299,10299,4,484,587,2,4.7,5.7,2718,2718,362,404,13.3,14.9
36208,éOçDés,221,8766,8766,9,415,432,4.1,4.7,4.9,2376,2376,267,248,11.2,10.4
36301,èüâYí¨,31,1661,1661,2,146,134,6.5,8.8,8.1,533,533,118,98,22.1,18.4
36302,è„èüí¨,4,452,452,1,50,52,25,11.1,11.5,154,154,34,37,22.1,24
36321,ç≤ìﬂâÕì‡ë∫,4,796,796,-,54,55,-,6.8,6.9,251,251,40,38,15.9,15.1
36341,êŒà‰í¨,195,9776,9776,22,436,465,11.3,4.5,4.8,2366,2366,259,261,10.9,11
36342,ê_éRí¨,30,1654,1654,4,183,37,13.3,11.1,2.2,581,581,124,22,21.3,3.8
36368,ìﬂâÍí¨,52,2449,2449,1,115,179,1.9,4.7,7.3,685,685,90,123,13.1,18
36383,ñ¥äÚí¨,44,1259,1259,4,130,109,9.1,10.3,8.7,443,443,88,71,19.9,16
36387,î¸îgí¨,46,2093,2093,2,194,174,4.3,9.3,8.3,668,668,141,116,21.1,17.4
36388,äCózí¨,129,3153,3153,8,204,263,6.2,6.5,8.3,1089,1089,146,162,13.4,14.9
36401,èºñŒí¨,133,6020,6020,6,225,263,4.5,3.7,4.4,1425,1425,150,139,10.5,9.8
36402,ñkìáí¨,145,9357,9257,11,312,398,7.6,3.3,4.3,1741,1741,145,193,8.3,11.1
36403,óïèZí¨,205,13952,13952,12,603,733,5.9,4.3,5.3,2735,2735,321,364,11.7,13.3
36404,î¬ñÏí¨,294,5070,5070,3,323,338,1,6.4,6.7,1375,1375,218,211,15.9,15.3
36405,è„î¬í¨,125,4552,4552,-,136,106,-,3,2.3,1172,1172,78,58,6.7,4.9
36468,Ç¬ÇÈÇ¨í¨,119,2965,2965,5,120,178,4.2,4,6,915,915,62,94,6.8,10.3
36489,ìåÇ›ÇÊÇµí¨,111,5368,5368,3,453,471,2.7,8.4,8.8,1236,1236,245,242,19.8,19.6
37000,çÅêÏåß,7545,367522,367564,984,24293,30301,13,6.6,8.2,81001,81040,13100,15636,16.2,19.3
37201,çÇèºés,4709,166328,166328,607,6607,10747,12.9,4,6.5,34400,34400,3708,6462,10.8,18.8
37202,ä€ãTés,706,43044,43044,185,2216,2640,26.2,5.1,6.1,8723,8723,1232,1525,14.1,17.5
37203,ç‚èoés,362,18811,18811,40,1503,1519,11,8,8.1,4396,4396,921,844,21,19.2
37204,ëPí éõés,285,10905,10905,30,1520,1306,10.5,13.9,12,2404,2404,757,605,31.5,25.2
37205,äœâπéõés,160,21721,21723,8,2003,2363,5,9.2,10.9,5274,5274,962,939,18.2,17.8
37206,Ç≥Ç Ç´és,150,17411,17411,18,1379,1390,12,7.9,8,4204,4204,632,784,15,18.6
37207,ìåÇ©Ç™ÇÌés,133,10592,10592,15,1326,1345,11.3,12.5,12.7,2983,2983,724,665,24.3,22.3
37208,éOñLés,221,23310,23310,22,1907,2542,10,8.2,10.9,5499,5499,786,784,14.3,14.3
37322,ìyèØí¨,73,4916,4916,3,226,264,4.1,4.6,5.4,1369,1369,114,116,8.3,8.5
37324,è¨ì§ìáí¨,145,5052,5052,3,287,445,2.1,5.7,8.8,1487,1487,179,204,12,13.7
37341,éOñÿí¨,114,10606,10606,16,1076,1166,14,10.1,11,2497,2497,738,678,29.6,27.2
37364,íºìáí¨,4,1006,1006,-,84,125,-,8.3,12.4,217,217,50,45,23,20.7
37386,âFëΩí√í¨,162,7294,7294,13,805,948,8,11,13,1262,1262,399,339,31.6,26.9
37387,àªêÏí¨,53,8612,8652,5,935,1019,9.4,10.9,11.8,1954,1993,507,511,25.9,25.6
37403,ã’ïΩí¨,106,3108,3108,8,393,386,7.5,12.6,12.4,794,794,214,157,27,19.8
37404,ëΩìxí√í¨,117,8363,8363,8,823,886,6.8,9.8,10.6,1870,1870,485,425,25.9,22.7
37406,Ç‹ÇÒÇÃÇ§í¨,45,6443,6443,3,1203,1210,6.7,18.7,18.8,1668,1668,692,553,41.5,33.2
38000,à§ïQåß,16632,512321,512321,329,27472,33195,2,5.4,6.5,129060,129330,20603,21214,16,16.4
38201,èºéRés,9479,201218,201218,155,9606,10233,1.6,4.8,5.1,45962,45962,6464,6820,14.1,14.8
38202,ç°é°és,1507,56927,56927,8,1308,2336,0.5,2.3,4.1,14864,14864,899,1497,6,10.1
38203,âFòaìáés,1378,26356,26356,14,1864,2393,1,7.1,9.1,8922,9192,1472,1819,16.5,19.8
38204,î™î¶ïlés,197,11786,11786,9,802,1196,4.6,6.8,10.1,4330,4330,802,939,18.5,21.7
38205,êVãèïlés,973,43075,43075,10,1835,2158,1,4.3,5,9361,9361,1137,1231,12.1,13.2
38206,êºèés,579,40750,40750,24,3557,3737,4.1,8.7,9.2,10229,10229,3557,1755,34.8,17.2
38207,ëÂèFés,321,15347,15347,13,695,1036,4,4.5,6.8,4181,4181,490,683,11.7,16.3
38210,à…ó\és,231,13952,13952,8,655,948,3.5,4.7,6.8,3697,3697,446,636,12.1,17.2
38213,élçëíÜâõés,485,31814,31814,1,1079,1357,0.2,3.4,4.3,6477,6477,769,862,11.9,13.3
38214,êºó\és,255,12796,12796,7,840,1135,2.7,6.6,8.9,4128,4128,840,860,20.3,20.8
38215,ìåâ∑és,217,13039,13039,9,1123,1517,4.1,8.6,11.6,3178,3178,648,785,20.4,24.7
38356,è„ìáí¨,11,1913,1913,-,156,235,-,8.2,12.3,628,628,91,117,14.5,18.6
38386,ãvñúçÇå¥í¨,60,2515,2515,-,265,338,-,10.5,13.4,900,900,265,245,29.4,27.2
38401,èºëOí¨,233,11796,11796,16,693,913,6.9,5.9,7.7,2756,2756,352,429,12.8,15.6
38402,ìuïîí¨,116,7971,7971,6,350,537,5.2,4.4,6.7,2083,2083,312,375,15,18
38422,ì‡éqí¨,85,5551,5551,7,389,614,8.2,7,11.1,1703,1703,353,413,20.7,24.3
38442,à…ï˚í¨,86,3057,3057,8,367,562,9.3,12,18.4,1246,1246,367,402,29.5,32.3
38484,èºñÏí¨,38,1357,1357,4,136,208,10.5,10,15.3,430,430,106,157,24.7,36.5
38488,ãSñkí¨,62,3536,3536,4,564,561,6.5,16,15.9,1181,1181,393,391,33.3,33.1
38506,à§ìÏí¨,319,7565,7565,26,1188,1181,8.2,15.7,15.6,2804,2804,840,798,30,28.5
39000,çÇímåß,14093,261754,261753,286,17782,18064,2,6.8,6.9,67278,67278,10937,9720,16.5,14.6
39201,çÇímés,8636,128078,128078,125,4289,6802,1.4,3.3,5.3,27619,27619,1858,3144,6.7,11.4
39202,é∫åÀés,526,4272,4272,16,417,393,3,9.8,9.2,1714,1714,305,182,17.8,10.6
39203,à¿å|és,255,6155,6155,19,792,348,7.5,12.9,5.7,2510,2510,695,273,27.7,10.9
39204,ìÏçëés,722,17289,17289,3,970,1101,0.4,5.6,6.4,4307,4307,603,639,14,14.8
39205,ìyç≤és,301,9758,9758,12,833,954,4,8.5,9.8,3251,3251,574,585,17.7,18
39206,ê{çËés,395,6961,6961,9,534,535,2.3,7.7,7.7,2210,2210,454,424,20.5,19.2
39208,èhñ—és,303,7607,7607,11,684,461,3.6,9,6.1,2355,2355,549,341,23.3,14.5
39209,ìyç≤ê¥êÖés,171,4463,4463,3,461,392,1.8,10.3,8.8,1794,1794,361,265,20.1,14.8
39210,élñúè\és,597,12351,12351,2,954,522,0.3,7.7,4.2,3647,3647,787,319,21.6,8.7
39211,çÅìÏés,359,12431,12431,22,1472,1109,6.1,11.8,8.9,3471,3471,972,636,28,18.3
39212,çÅî¸és,278,9138,9138,5,647,786,1.8,7.1,8.6,2820,2820,465,458,16.5,16.2
39301,ìåómí¨,134,764,764,4,102,109,3,13.4,14.3,295,295,67,55,22.7,18.6
39307,å|êºë∫,41,1339,1339,-,187,106,-,14,7.9,612,612,174,99,28.4,16.2
39341,ñ{éRí¨,Åc,1114,1114,1,178,151,Åc,16,13.6,Åc,Åc,Åc,Åc,Åc,Åc
39344,ëÂñLí¨,30,984,984,1,125,109,3.3,12.7,11.1,384,384,111,87,28.9,22.7
39363,ìyç≤í¨,33,1214,1214,4,188,91,12.1,15.5,7.5,342,342,143,55,41.8,16.1
39364,ëÂêÏë∫,1,115,115,-,18,17,-,15.7,14.8,42,42,18,17,42.9,40.5
39386,Ç¢ÇÃí¨,219,8222,8222,8,834,796,3.7,10.1,9.7,2357,2357,633,575,26.9,24.4
39387,êmóÑêÏí¨,52,1441,1441,3,282,262,5.8,19.6,18.2,479,479,179,157,37.4,32.8
39401,íÜìyç≤í¨,78,2125,2125,7,343,336,9,16.1,15.8,739,739,230,198,31.1,26.8
39402,ç≤êÏí¨,157,4464,4464,-,281,311,-,6.3,7,Åc,Åc,Åc,Åc,Åc,Åc
39403,âzímí¨,63,1765,1765,2,232,205,3.2,13.1,11.6,581,581,171,136,29.4,23.4
39405,ûçå¥í¨,23,1035,1035,7,230,199,30.4,22.2,19.2,334,334,Åc,-,Åc,-
39410,ì˙çÇë∫,71,1795,1795,4,297,272,5.6,16.5,15.2,551,551,Åc,Åc,Åc,Åc
39411,í√ñÏí¨,37,1883,1883,1,370,271,2.7,19.6,14.4,559,559,274,193,49,34.5
39412,élñúè\í¨,181,5455,5454,1,846,428,0.6,15.5,7.8,1913,1913,661,346,34.6,18.1
39424,ëÂåéí¨,94,1637,1637,1,190,183,1.1,11.6,11.2,769,769,162,140,21.1,18.2
39427,éOå¥ë∫,22,521,521,1,102,94,4.5,19.6,18,222,222,81,68,36.5,30.6
39428,çïí™í¨,119,3809,3809,9,545,488,7.6,14.3,12.8,1401,1401,410,328,29.3,23.4
39878,íÜå|çLàÊòAçá,195,3569,3569,5,379,233,2.6,10.6,6.5,Åc,Åc,Åc,Åc,Åc,Åc
40000,ïüâ™åß,55838,1974234,1974146,1968,78570,97783,3.4,4,5,436317,436319,44689,52459,10.2,12
40100,ñkã„èBés,10707,352991,352991,246,5375,10665,2.3,1.5,3,78439,78439,922,4024,1.2,5.1
40130,ïüâ™és,12560,625359,625208,322,13691,24005,2.6,2.2,3.8,131655,131655,7652,12656,5.8,9.6
40202,ëÂñ¥ìcés,2946,40419,40419,39,1374,1912,1.3,3.4,4.7,10033,10033,766,940,7.6,9.4
40203,ãvóØïƒés,3716,116640,116640,361,9421,8528,9.7,8.1,7.3,26615,26615,5615,5172,21.1,19.4
40204,íºï˚és,1185,20288,20288,7,879,799,0.6,4.3,3.9,4485,4485,534,450,11.9,10
40205,î—íÀés,342,46095,46095,71,1793,1749,20.8,3.9,3.8,11245,11245,1026,937,9.1,8.3
40206,ìcêÏés,1965,16219,16219,18,789,843,0.9,4.9,5.2,3902,3902,490,491,12.6,12.6
40207,ñˆêÏés,655,24362,24362,16,761,1167,2.4,3.1,4.8,6841,6841,452,645,6.6,9.4
40210,î™èóés,449,22693,22694,11,1909,1561,2.4,8.4,6.9,7235,7235,1516,1028,21,14.2
40211,í}å„és,215,19040,19040,2,947,1254,0.9,5,6.6,4461,4461,562,961,12.6,21.5
40212,ëÂêÏés,292,12031,12031,-,720,633,-,6,5.3,3638,3638,461,363,12.7,10
40213,çsã¥és,1138,27753,27753,35,1193,1526,3.1,4.3,5.5,5972,5972,748,930,12.5,15.6
40214,ñLëOés,176,9035,9035,22,567,693,12.5,6.3,7.7,2116,2116,355,371,16.8,17.5
40215,íÜä‘és,910,14337,14337,7,570,648,0.8,4,4.5,3645,3645,379,401,10.4,11
40216,è¨åSés,113,23354,23354,5,1194,1427,4.4,5.1,6.1,4507,4507,665,727,14.8,16.1
40217,í}éáñÏés,975,42389,42389,68,2111,2991,7,5,7.1,8415,8415,1275,1642,15.2,19.5
40218,ètì˙és,Åc,47624,47624,14,2574,2997,Åc,5.4,6.3,9166,9166,1328,1457,14.5,15.9
40219,ëÂñÏèÈés,840,41759,41759,16,1717,1990,1.9,4.1,4.8,6738,6738,1016,1101,15.1,16.3
40220,è@ëúés,747,36748,36748,31,2152,2341,4.1,5.9,6.4,8564,8564,1421,1458,16.6,17
40221,ëæç…ï{és,736,28255,28255,49,2006,1804,6.7,7.1,6.4,5693,5693,794,912,13.9,16
40223,å√âÍés,411,23173,23173,64,1173,1328,15.6,5.1,5.7,4883,4883,959,753,19.6,15.4
40224,ïüí√és,435,25357,25414,28,1685,1813,6.4,6.6,7.1,5672,5672,1119,1155,19.7,20.4
40225,Ç§Ç´ÇÕés,330,10494,10494,18,1230,1068,5.5,11.7,10.2,2953,2953,752,556,25.5,18.8
40226,ã{é·és,685,9652,9652,9,664,706,1.3,6.9,7.3,2541,2541,398,393,15.7,15.5
40227,â√ñÉés,Åc,12922,12922,30,900,969,Åc,7,7.5,3929,3929,502,511,12.8,13
40228,í©ëqés,402,19056,19056,7,1337,1308,1.7,7,6.9,4901,4901,965,891,19.7,18.2
40229,Ç›Ç‚Ç‹és,271,13212,13212,5,845,887,1.8,6.4,6.7,3904,3904,621,573,15.9,14.7
40230,éÖìáés,650,42067,42067,6,2031,2166,0.9,4.8,5.1,11029,11029,1382,1378,12.5,12.5
40231,ìﬂâœêÏés,465,20137,20137,60,942,1221,12.9,4.7,6.1,4283,4283,577,680,13.5,15.9
40341,âFî¸í¨,452,14747,14747,7,824,1122,1.5,5.6,7.6,2800,2800,504,718,18,25.6
40342,é¬åIí¨,412,12776,12776,7,519,595,1.7,4.1,4.7,2180,2180,326,335,15,15.4
40343,éuñ∆í¨,Åc,19053,19053,11,977,1071,Åc,5.1,5.6,3558,3558,573,574,16.1,16.1
40344,ê{åbí¨,6,11210,11210,6,559,661,100,5,5.9,2154,2154,302,320,14,14.9
40345,êVã{í¨,Åc,13802,13802,-,874,818,Åc,6.3,5.9,1997,1997,497,395,24.9,19.8
40348,ãvéRí¨,4,3574,3579,4,1144,899,100,32,25.1,684,686,337,243,49.3,35.4
40349,îîâÆí¨,562,19182,19182,6,1340,1341,1.1,7,7,2881,2881,946,662,32.8,23
40381,à∞âÆí¨,343,4760,4760,4,322,368,1.2,6.8,7.7,1102,1102,208,188,18.9,17.1
40382,êÖä™í¨,908,10591,10591,15,505,529,1.7,4.8,5,2523,2523,325,315,12.9,12.5
40383,â™ä_í¨,478,11903,11903,3,769,779,0.6,6.5,6.5,2550,2550,646,623,25.3,24.4
40384,âìâÍí¨,191,7122,7122,9,544,601,4.7,7.6,8.4,1612,1612,364,348,22.6,21.6
40401,è¨í|í¨,324,2582,2582,5,155,149,1.5,6,5.8,694,694,106,95,15.3,13.7
40402,à∆éËí¨,488,5596,5596,4,426,449,0.8,7.6,8,1397,1397,290,295,20.8,21.1
40421,åjêÏí¨,287,4767,4767,39,269,322,13.6,5.6,6.8,1151,1151,136,128,11.8,11.1
40447,í}ëOí¨,202,11810,11810,-,769,836,-,6.5,7.1,2814,2814,594,618,21.1,22
40448,ìåïÙë∫,7,689,689,2,116,81,28.6,16.8,11.8,265,265,88,61,33.2,23
40503,ëÂìÅêÙí¨,70,5832,5832,2,711,693,2.9,12.2,11.9,1342,1342,382,333,28.5,24.8
40522,ëÂñÿí¨,64,5475,5475,12,522,399,18.8,9.5,7.3,1353,1353,320,217,23.7,16
40544,çLêÏí¨,179,7411,7411,-,569,494,-,7.7,6.7,1978,1978,424,343,21.4,17.3
40601,çÅètí¨,569,3695,3695,74,274,326,13,7.4,8.8,973,973,166,171,17.1,17.6
40602,ìYìcí¨,446,3088,3088,15,284,376,3.4,9.2,12.2,889,889,-,-,-,-
40604,éÖìcí¨,652,3044,3044,47,435,449,7.2,14.3,14.8,786,786,200,188,25.4,23.9
40605,êÏçËí¨,1618,5643,5643,37,642,631,2.3,11.4,11.2,1603,1603,349,334,21.8,20.8
40608,ëÂîCí¨,396,1718,1718,1,45,47,0.3,2.6,2.7,445,445,30,26,6.7,5.8
40609,ê‘ë∫,144,1012,1012,6,86,94,4.2,8.5,9.3,302,302,49,46,16.2,15.2
40610,ïüíqí¨,1268,7825,7825,27,430,491,2.1,5.5,6.3,2204,2204,294,320,13.3,14.5
40621,ä°ìcí¨,655,13984,13984,28,424,490,4.3,3,3.5,2828,2828,191,205,6.8,7.2
40625,Ç›Ç‚Ç±í¨,300,6593,6593,6,549,604,2,8.3,9.2,1757,1757,377,377,21.5,21.5
40642,ãgïxí¨,145,2410,2410,16,269,327,11,11.2,13.6,515,515,130,139,25.2,27
40646,è„ñ—í¨,52,2772,2772,4,282,319,7.7,10.2,11.5,Åc,Åc,-,-,Åc,Åc
40647,ízè„í¨,300,6107,6107,4,386,423,1.3,6.3,6.9,1520,1520,283,286,18.6,18.8
41000,ç≤âÍåß,4483,307396,307382,319,18490,20319,7.1,6,6.6,70868,70865,11013,10406,15.5,14.7
41201,ç≤âÍés,1775,89172,89172,50,4571,5268,2.8,5.1,5.9,20233,20233,2575,2593,12.7,12.8
41202,ìÇí√és,935,44468,44450,18,3311,3691,1.9,7.4,8.3,11163,11156,2138,2031,19.2,18.2
41203,íπê≤és,232,28949,28949,19,1382,1503,8.2,4.8,5.2,5135,5135,656,658,12.8,12.8
41204,ëΩãvés,85,6738,6738,-,537,584,-,8,8.7,1623,1621,312,291,19.2,18
41205,à…ñúó¢és,422,19496,19496,123,800,707,29.1,4.1,3.6,4433,4433,561,448,12.7,10.1
41206,ïêóYés,24,18663,18663,24,742,735,100,4,3.9,4123,4123,521,459,12.6,11.1
41207,é≠ìáés,165,10459,10459,10,647,913,6.1,6.2,8.7,2913,2913,348,398,11.9,13.7
41208,è¨èÈés,211,16940,16940,11,1146,1185,5.2,6.8,7,3930,3930,664,527,16.9,13.4
41209,äñÏés,14,9316,9315,13,734,874,92.9,7.9,9.4,2268,2267,390,404,17.2,17.8
41210,ê_çÈés,128,11439,11443,6,519,608,4.7,4.5,5.3,2439,2442,360,339,14.8,13.9
41327,ãgñÏÉñó¢í¨,56,6087,6087,2,273,398,3.6,4.5,6.5,1114,1114,193,198,17.3,17.8
41341,äÓéRí¨,51,6474,6474,7,473,436,13.7,7.3,6.7,1337,1337,210,178,15.7,13.3
41345,è„ïÙí¨,40,3660,3660,4,256,264,10,7,7.2,704,704,165,132,23.4,18.8
41346,Ç›Ç‚Ç´í¨,75,9403,9403,9,943,861,12,10,9.2,2124,2124,501,401,23.6,18.9
41387,å∫äCí¨,23,1814,1815,1,307,277,4.3,16.9,15.3,686,686,251,193,36.6,28.1
41401,óLìcí¨,69,7285,7285,8,391,603,11.6,5.4,8.3,1610,1610,236,373,14.7,23.2
41423,ëÂí¨í¨,69,2162,2162,6,149,168,8.7,6.9,7.8,577,577,80,75,13.9,13
41424,ç]ñkí¨,42,3695,3695,-,270,262,-,7.3,7.1,872,872,132,117,15.1,13.4
41425,îíêŒí¨,62,8161,8160,7,625,610,11.3,7.7,7.5,2553,2552,404,351,15.8,13.8
41441,ëæó«í¨,5,3015,3016,1,414,372,20,13.7,12.3,1031,1036,316,240,30.6,23.2
42000,í∑çËåß,21446,498283,498291,1844,38111,34537,8.6,7.6,6.9,132045,131981,25477,20981,19.3,15.9
42201,í∑çËés,10270,155962,155962,1049,7533,5763,10.2,4.8,3.7,38790,38790,4001,2931,10.3,7.6
42202,ç≤ê¢ï€és,3773,87803,87803,105,7101,6874,2.8,8.1,7.8,20886,20829,5034,4156,24.1,20
42203,ìáå¥és,374,16377,16377,97,1236,831,25.9,7.5,5.1,5406,5406,815,547,15.1,10.1
42204,ä–ëÅés,1463,52536,52536,90,3904,3127,6.2,7.4,6,12216,12216,2619,1921,21.4,15.7
42205,ëÂë∫és,1339,37914,37914,135,3028,2611,10.1,8,6.9,7907,7907,1887,1483,23.9,18.8
42207,ïΩåÀés,297,10968,10968,13,869,1352,4.4,7.9,12.3,3672,3672,661,845,18,23
42208,èºâYés,285,7737,7737,13,718,871,4.6,9.3,11.3,2221,2221,413,425,18.6,19.1
42209,ëŒînés,747,11012,11012,8,1307,1131,1.1,11.9,10.3,4122,4122,1146,981,27.8,23.8
42210,àÎäÚés,388,9170,9170,9,581,514,2.3,6.3,5.6,2952,2952,401,358,13.6,12.1
42211,å‹ìáés,613,13537,13537,102,1195,1435,16.6,8.8,10.6,5116,5116,916,1008,17.9,19.7
42212,êºäCés,71,9417,9423,10,916,889,14.1,9.7,9.4,2996,2993,681,591,22.7,19.7
42213,â_êÂés,513,15980,15980,34,2015,1449,6.6,12.6,9.1,5776,5776,1682,1154,29.1,20
42214,ìÏìáå¥és,249,16090,16090,38,2135,1705,15.3,13.3,10.6,6740,6740,1834,1472,27.2,21.8
42307,í∑ó^í¨,181,15965,15965,21,1503,2154,11.6,9.4,13.5,3251,3251,944,1087,29,33.4
42308,éûí√í¨,265,11348,11348,14,675,558,5.3,5.9,4.9,2601,2601,420,277,16.1,10.6
42321,ìåîﬁãní¨,69,2998,2998,13,352,398,18.8,11.7,13.3,935,935,208,197,22.2,21.1
42322,êÏíIí¨,80,5146,5146,18,617,646,22.5,12,12.6,1226,1226,369,308,30.1,25.1
42323,îgç≤å©í¨,75,5439,5439,7,405,354,9.3,7.4,6.5,1286,1286,260,192,20.2,14.9
42383,è¨ílâÍí¨,35,758,758,-,108,90,-,14.2,11.9,383,383,57,87,14.9,22.7
42391,ç≤ÅXí¨,148,5169,5171,22,1011,1048,14.9,19.6,20.3,1091,1087,373,356,34.2,32.8
42411,êVè„å‹ìáí¨,211,6957,6957,46,902,737,21.8,13,10.6,2472,2472,756,605,30.6,24.5
43000,åFñ{åß,20826,654849,654966,1396,51667,56716,6.7,7.9,8.6,167063,167177,33200,31613,19.7,18.7
43100,åFñ{és,11308,285649,285649,1049,10107,12202,9.3,3.5,4.3,63558,63558,6331,6001,10,9.4
43202,î™ë„és,1583,45538,45538,34,2769,2613,2.1,6.1,5.7,12718,12718,2074,1837,16.3,14.4
43203,êlãgés,278,11408,11408,30,1273,1212,10.8,11.2,10.6,2893,2893,944,814,32.6,28.1
43204,çrîˆés,702,18427,18427,45,1376,1458,6.4,7.5,7.9,4579,4579,781,735,17.1,16.1
43205,êÖñìés,225,8287,8287,19,627,657,8.4,7.6,7.9,2464,2464,429,412,17.4,16.7
43206,ã ñºés,439,23465,23465,9,2570,1989,2.1,11,8.5,6746,6746,1764,1265,26.1,18.8
43208,éRé≠és,213,17837,17837,14,2112,2311,6.6,11.8,13,5286,5286,1323,1251,25,23.7
43210,ãeírés,345,17167,17167,10,1364,1784,2.9,7.9,10.4,5160,5160,1027,1127,19.9,21.8
43211,âFìyés,325,13994,13994,2,1280,1396,0.6,9.1,10,3490,3490,762,648,21.8,18.6
43212,è„ìVëêés,107,9153,9153,15,1024,931,14,11.2,10.2,2970,2970,743,616,25,20.7
43213,âFèÈés,441,21429,21429,7,3095,2573,1.6,14.4,12,6574,6574,1903,1508,28.9,22.9
43214,à¢ëhés,117,8855,8855,16,1325,1149,13.7,15,13,2757,2757,993,783,36,28.4
43215,ìVëêés,691,27701,27701,23,4011,4429,3.3,14.5,16,9216,9316,2996,2921,32.5,31.4
43216,çáéués,219,24062,24077,5,1962,4438,2.3,8.2,18.4,4541,4555,443,1191,9.8,26.1
43348,î¸ó¢í¨,78,3299,3299,-,452,341,-,13.7,10.3,1053,1053,286,224,27.2,21.3
43364,ã ìåí¨,2072,1862,1862,-,297,238,-,16,12.8,623,623,264,203,42.4,32.6
43367,ìÏä÷í¨,52,3155,3155,6,369,329,11.5,11.7,10.4,929,929,105,82,11.3,8.8
43368,í∑èFí¨,78,5387,5387,3,646,662,3.8,12,12.3,1471,1471,387,347,26.3,23.6
43369,òaêÖí¨,33,3316,3316,2,595,647,6.1,17.9,19.5,1085,1085,595,387,54.8,35.7
43403,ëÂí√í¨,156,13250,13250,3,1442,1637,1.9,10.9,12.4,2556,2556,873,876,34.2,34.3
43404,ãeózí¨,268,16503,16503,1,1811,1951,0.4,11,11.8,5569,5569,1171,1137,21,20.4
43423,ìÏè¨çëí¨,17,1362,1362,3,256,262,17.6,18.8,19.2,474,474,187,169,39.5,35.7
43424,è¨çëí¨,46,2319,2319,2,342,342,4.3,14.7,14.7,808,808,218,143,27,17.7
43425,éYéRë∫,15,490,490,2,134,124,13.3,27.3,25.3,220,220,134,121,60.9,55
43428,çÇêXí¨,38,2204,2204,2,349,415,5.3,15.8,18.8,793,793,191,361,24.1,45.5
43432,êºå¥ë∫,-,2766,2767,-,377,309,-,13.6,11.2,721,721,246,127,34.1,17.6
43433,ìÏà¢ëhë∫,20,3820,3820,-,545,559,-,14.3,14.6,1421,1421,410,425,28.9,29.9
43441,å‰ëDí¨,113,6277,6277,3,723,790,2.7,11.5,12.6,1639,1639,718,524,43.8,32
43442,â√ìáí¨,17,3599,3599,2,498,465,11.8,13.8,12.9,799,799,326,278,40.8,34.8
43443,âvèÈí¨,197,12394,12494,9,1099,1477,4.6,8.9,11.8,2759,2760,782,891,28.3,32.3
43444,çbç≤í¨,62,3607,3607,-,459,474,-,12.7,13.1,998,998,352,342,35.3,34.3
43447,éRìsí¨,105,4494,4494,-,1175,1050,-,26.1,Åc,2015,2015,823,864,40.8,42.9
43468,ïXêÏí¨,Åc,4083,4083,-,578,559,Åc,14.2,13.7,Åc,Åc,466,371,Åc,Åc
43482,à∞ñkí¨,128,5543,5543,36,642,699,28.1,11.6,12.6,1731,1731,-,376,-,21.7
43484,í√ìﬁñÿí¨,18,1538,1538,1,150,157,5.6,9.8,10.2,566,566,112,95,19.8,16.8
43501,ã—í¨,44,3735,3735,1,421,569,2.3,11.3,15.2,934,934,292,380,31.3,40.7
43505,ëΩó«ñÿí¨,53,3080,3080,1,617,563,1.9,20,18.3,905,905,400,360,44.2,39.8
43506,ìíëOí¨,29,1317,1317,-,315,323,-,23.9,24.5,406,406,Åc,Åc,Åc,Åc
43507,êÖè„ë∫,7,704,705,1,181,199,14.3,25.7,28.2,210,210,107,109,51,51.9
43510,ëäó«ë∫,30,1505,1505,4,396,368,13.3,26.3,24.5,408,408,203,183,49.8,44.9
43511,å‹ñÿë∫,3,337,337,2,178,167,66.7,52.8,49.6,91,91,73,39,80.2,42.9
43512,éRç]ë∫,13,1185,1185,-,199,207,-,16.8,17.5,273,272,126,119,46.2,43.8
43513,ãÖñÅë∫,17,1074,1074,-,169,136,-,15.7,12.7,367,367,Åc,43,Åc,Åc
43514,Ç†Ç≥Ç¨ÇËí¨,103,5246,5246,31,992,1168,30.1,18.9,22.3,1515,1515,573,666,37.8,44
43531,óËñkí¨,21,2426,2426,3,365,387,14.3,15,16,772,772,267,262,34.6,33.9
44000,ëÂï™åß,15106,425677,425676,746,31896,28307,4.9,7.5,6.6,98484,98484,21219,17541,21.5,17.8
44201,ëÂï™és,6942,187472,187472,235,10343,9414,3.4,5.5,5,36969,36969,6109,5141,16.5,13.9
44202,ï ï{és,3000,41743,41743,175,2965,2296,5.8,7.1,5.5,9589,9589,1664,1301,17.4,13.6
44203,íÜí√és,767,30954,30954,55,2480,1916,7.2,8,6.2,6541,6541,1744,1175,26.7,18
44204,ì˙ìcés,611,23360,23360,30,1935,2056,4.9,8.3,8.8,6102,6102,1411,1309,23.1,21.5
44205,ç≤îåés,877,24517,24517,63,1639,2100,7.2,6.7,8.6,6912,6912,1259,1200,18.2,17.4
44206,âPãnés,320,13189,13189,16,1577,1165,5,12,8.8,3471,3471,985,839,28.4,24.2
44207,í√ãvå©és,157,5749,5749,6,363,306,3.8,6.3,5.3,1564,1564,287,238,18.4,15.2
44208,í|ìcés,232,6634,6634,9,844,850,3.9,12.7,12.8,2213,2213,671,591,30.3,26.7
44209,ñLå„çÇìcés,126,7829,7829,6,895,666,4.8,11.4,8.5,2252,2252,620,466,27.5,20.7
44210,ãnízés,382,10221,10221,16,1340,1155,4.2,13.1,11.3,2564,2564,984,830,38.4,32.4
44211,âFç≤és,611,20071,20070,45,1561,1550,7.4,7.8,7.7,4729,4729,1020,920,21.6,19.5
44212,ñLå„ëÂñÏés,393,11527,11527,19,1009,951,4.8,8.8,8.3,3351,3351,794,685,23.7,20.4
44213,óRïzés,188,12171,12171,28,1230,593,14.9,10.1,4.9,2950,2950,956,426,32.4,14.4
44214,çëìåés,87,10199,10199,21,1553,1279,24.1,15.2,12.5,4101,4101,1229,1055,30,25.7
44322,ïPìáë∫,9,634,634,1,228,173,11.1,36,27.3,254,254,147,132,57.9,52
44341,ì˙èoí¨,200,10837,10837,11,850,808,5.5,7.8,7.5,2492,2492,528,484,21.2,19.4
44461,ã„èdí¨,66,3047,3047,3,513,467,4.5,16.8,15.3,939,939,387,337,41.2,35.9
44462,ãËéÏí¨,138,5523,5523,7,571,562,5.1,10.3,10.2,1491,1491,424,412,28.4,27.6
45000,ã{çËåß,13204,406865,406865,933,17151,30664,7.1,4.2,7.5,105632,105632,10516,16619,10,15.7
45201,ã{çËés,6705,157759,157759,296,8005,11331,4.4,5.1,7.2,35327,35327,4477,6118,12.7,17.3
45202,ìsèÈés,1162,61538,61538,296,2488,3184,25.5,4,5.2,16559,16559,1409,1380,8.5,8.3
45203,âÑâ™és,2042,43469,43469,115,968,2576,5.6,2.2,5.9,10846,10846,801,1190,7.4,11
45204,ì˙ìÏés,421,18520,18520,48,509,1515,11.4,2.7,8.2,5126,5126,310,793,6,15.5
45205,è¨ó—és,438,15832,15832,45,812,1143,10.3,5.1,7.2,4708,4708,532,625,11.3,13.3
45206,ì˙å¸és,698,22650,22650,44,1267,1780,6.3,5.6,7.9,5671,5671,874,915,15.4,16.1
45207,ã¯ä‘és,15,6141,6141,8,-,381,53.3,-,6.2,2253,2253,-,212,-,9.4
45208,êºìsés,287,10797,10797,9,653,850,3.1,6,7.9,3710,3710,495,548,13.3,14.8
45209,Ç¶Ç—ÇÃés,178,6224,6224,20,-,486,11.2,-,7.8,2154,2154,-,299,-,13.9
45341,éOå“í¨,136,9891,9891,7,809,791,5.1,8.2,8,2180,2180,525,442,24.1,20.3
45361,çÇå¥í¨,59,3310,3310,3,-,186,5.1,-,5.6,1093,1093,-,137,-,12.5
45382,çëïxí¨,169,7045,7045,11,-,1248,6.5,-,17.7,2240,2240,-,779,-,34.8
45383,àªí¨,35,2631,2631,3,-,451,8.6,-,17.1,923,923,-,273,-,29.6
45401,çÇìÁí¨,225,7385,7385,2,222,491,0.9,3,6.6,1967,1967,143,368,7.3,18.7
45402,êVïxí¨,144,6265,6265,4,355,727,2.8,5.7,11.6,1917,1917,225,482,11.7,25.1
45403,êºïƒó«ë∫,6,353,353,-,69,138,-,19.5,39.1,111,111,43,52,38.7,46.8
45404,ñÿèÈí¨,35,1732,1732,1,29,169,2.9,1.7,9.8,517,517,21,82,4.1,15.9
45405,êÏìÏí¨,139,5417,5417,3,241,527,2.2,4.4,9.7,1757,1757,150,303,8.5,17.2
45406,ìsî_í¨,-,3656,3656,-,179,346,-,4.9,9.5,1471,1471,132,258,9,17.5
45421,ñÂêÏí¨,177,6494,6494,3,150,377,1.7,2.3,5.8,1626,1626,102,187,6.3,11.5
45429,èîíÀë∫,2,531,531,1,-,159,50,-,29.9,148,148,-,72,-,48.6
45430,í≈ótë∫,23,974,974,5,39,256,21.7,4,26.3,319,319,-,157,-,49.2
45431,î¸ãΩí¨,17,1765,1765,4,-,279,23.5,-,15.8,802,802,-,206,-,25.7
45441,çÇêÁï‰í¨,59,4004,4004,3,-,719,5.1,-,18,1325,1325,-,432,-,32.6
45442,ì˙îVâeí¨,18,1290,1290,1,161,300,5.6,12.5,23.3,435,435,125,152,28.7,34.9
45443,å‹ÉPê£í¨,14,1192,1192,1,195,254,7.1,16.4,21.3,447,447,152,157,34,35.1
46000,é≠éôìáåß,20036,608244,608315,1090,42186,44031,5.4,6.9,7.2,160548,160526,25116,22995,15.6,14.3
46201,é≠éôìáés,11775,235761,235761,581,9374,9094,4.9,4,3.9,52328,52328,5525,4898,10.6,9.4
46203,é≠âÆés,937,37498,37498,33,2290,2236,3.5,6.1,6,10086,10086,1339,1185,13.3,11.7
46204,ñççËés,145,7237,7237,-,601,524,-,8.3,7.2,2514,2514,357,280,14.2,11.1
46206,à¢ãvç™és,5,6902,6902,2,947,880,40,13.7,12.7,2175,2175,671,457,30.9,21
46208,èoêÖés,192,19733,19733,14,2320,2551,7.3,11.8,12.9,6129,6129,1375,1186,22.4,19.4
46210,éwèhés,194,14078,14078,15,1644,1116,7.7,11.7,7.9,5147,5147,1101,797,21.4,15.5
46213,êºîVï\és,123,5600,5597,4,396,364,3.3,7.1,6.5,1823,1823,254,198,13.9,10.9
46214,êÇêÖés,115,4926,4925,1,314,191,0.9,6.4,3.9,1497,1497,218,119,14.6,7.9
46215,éFñÄêÏì‡és,628,34276,34276,69,2763,2856,11,8.1,8.3,8626,8626,1602,1280,18.6,14.8
46216,ì˙íués,342,17805,17805,15,1244,1646,4.4,7,9.2,4865,4865,723,927,14.9,19.1
46217,ë]âóés,205,12154,12153,11,1174,1314,5.4,9.7,10.8,3965,3967,785,760,19.8,19.2
46218,ñ∂ìáés,542,48607,48607,82,1954,2664,15.1,4,5.5,11022,11022,1011,1269,9.2,11.5
46219,Ç¢ÇøÇ´ã¯ñÿñÏ,162,9911,9910,23,842,1107,14.2,8.5,11.2,2236,2236,499,510,22.3,22.8
46220,ìÏÇ≥Ç¬Ç‹és,252,11655,11655,14,2042,1876,5.6,17.5,16.1,3758,3758,1045,881,27.8,23.4
46221,éuïzéués,247,10787,10787,2,976,1088,0.8,9,10.1,3298,3298,675,762,20.5,23.1
46222,âÇî¸és,1905,16648,16648,82,1821,2017,4.3,10.9,12.1,4757,4757,972,902,20.4,19
46223,ìÏã„èBés,159,12055,12055,15,1341,1710,9.4,11.1,14.2,4087,4087,843,908,20.6,22.2
46224,à…ç≤és,18,8471,8471,10,396,525,55.6,4.7,6.2,2582,2582,237,260,9.2,10.1
46225,à¶ó«és,14,29961,29961,14,1669,2060,100,5.6,6.9,6383,6383,700,780,11,12.2
46303,éOìáë∫,3,138,138,-,63,39,-,45.7,28.3,53,53,26,13,49.1,24.5
46304,è\ìáë∫,8,261,261,7,103,77,87.5,39.5,29.5,105,105,57,33,54.3,31.4
46392,Ç≥Ç¬Ç‹í¨,133,6918,6917,5,440,826,3.8,6.4,11.9,1849,1849,296,473,16,25.6
46404,í∑ìáí¨,21,3509,3510,7,567,475,33.3,16.2,13.5,1317,1316,427,308,32.4,23.4
46452,óNêÖí¨,79,3089,3089,5,257,408,6.3,8.3,13.2,962,962,189,176,19.6,18.3
46468,ëÂçËí¨,101,4436,4436,3,432,618,3,9.7,13.9,1471,1471,327,330,22.2,22.4
46482,ìåã¯ó«í¨,63,2357,2357,1,418,186,1.6,17.7,7.9,914,914,321,106,35.1,11.6
46490,ã—ç]í¨,62,2362,2362,4,576,389,6.5,24.4,16.5,941,941,422,255,44.8,27.1
46491,ìÏëÂã˜í¨,1,2207,2207,1,312,392,100,14.1,17.8,882,882,227,259,25.7,29.4
46492,äÃïtí¨,46,5072,5074,-,386,531,-,7.6,10.5,1649,1649,260,319,15.8,19.3
46501,íÜéÌéqí¨,70,2800,2800,3,313,253,4.3,11.2,9,996,996,206,152,20.7,15.3
46502,ìÏéÌéqí¨,46,2171,2171,-,266,242,-,12.3,11.1,689,689,162,129,23.5,18.7
46505,âÆãvìáí¨,168,4718,4718,7,410,436,4.2,8.7,9.2,1928,1928,274,270,14.2,14
46523,ëÂòaë∫,45,547,547,3,98,106,6.7,17.9,19.4,192,192,48,38,25,19.8
46524,âFåüë∫,18,625,625,-,66,60,-,10.6,9.6,175,175,53,36,30.3,20.6
46525,ê£åÀì‡í¨,351,3277,3277,16,210,420,4.6,6.4,12.8,1130,1130,136,201,12,17.8
46527,ó¥ãΩí¨,84,2385,2385,8,133,216,9.5,5.6,9.1,712,712,78,114,11,16
46529,äÏäEí¨,112,2505,2505,-,531,273,-,21.2,10.9,966,966,253,168,26.2,17.4
46530,ìøîVìáí¨,113,3871,3871,12,295,493,10.6,7.6,12.7,1557,1557,237,274,15.2,17.6
46531,ìVèÈí¨,134,2188,2188,8,350,332,6,16,15.2,938,938,126,151,13.4,16.1
46532,à…êÂí¨,159,2326,2326,2,189,316,1.3,8.1,13.6,991,991,107,196,10.8,19.8
46533,òaîëí¨,80,2362,2346,5,647,516,6.3,27.4,22,1043,1009,364,292,34.9,28.9
46534,ímñºí¨,96,1949,2040,3,516,339,3.1,26.5,16.6,878,889,307,190,35,21.4
46535,ó^ò_í¨,83,2106,2106,3,500,269,3.6,23.7,12.8,932,932,281,153,30.2,16.4
47000,â´ìÍåß,32099,575771,575862,2383,42475,39692,7.4,7.4,6.9,172980,173001,30878,28881,17.8,16.7
47201,ìﬂîeés,11115,125981,125981,655,7473,8263,5.9,5.9,6.6,34647,34647,5182,5928,15,17.1
47205,ãXñÏòpés,2025,38827,38827,156,2556,2582,7.7,6.6,6.7,11133,11133,1828,1821,16.4,16.4
47207,êŒä_és,918,20223,20223,48,685,604,5.2,3.4,3,7262,7271,579,489,8,6.7
47208,âYìYés,2466,44938,44938,162,3015,2951,6.6,6.7,6.6,11703,11703,1883,1788,16.1,15.3
47209,ñºåÏés,1358,24070,24070,-,1234,1020,-,5.1,4.2,7080,7080,1008,809,14.2,11.4
47210,éÖñûés,940,23602,23602,199,1501,1509,21.2,6.4,6.4,6836,6836,1024,1028,15,15
47211,â´ìÍés,4001,54746,54746,359,4661,4386,9,8.5,8,16792,16792,3462,3920,20.6,23.3
47212,ñLå©èÈés,777,25100,25100,-,1465,1315,-,5.8,5.2,6127,6127,836,773,13.6,12.6
47213,Ç§ÇÈÇ‹és,2954,48238,48238,263,3920,3191,8.9,8.1,6.6,16002,16002,2809,2251,17.6,14.1
47214,ã{å√ìáés,779,22813,22813,52,1343,1341,6.7,5.9,5.9,8018,8018,1025,887,12.8,11.1
47215,ìÏèÈés,329,17404,17404,55,1531,1331,16.7,8.8,7.6,5307,5307,1197,1009,22.6,19
47301,çëì™ë∫,71,1744,1744,10,240,164,14.1,13.8,9.4,721,721,223,147,30.9,20.4
47302,ëÂãXñ°ë∫,66,1220,1220,11,167,120,16.7,13.7,9.8,567,567,158,107,27.9,18.9
47303,ìåë∫,36,684,684,1,147,87,2.8,21.5,12.7,313,313,124,63,39.6,20.1
47306,ç°ãAêmë∫,147,3592,3592,21,264,257,14.3,7.3,7.2,1437,1437,215,199,15,13.8
47308,ñ{ïîí¨,253,4895,4895,21,510,293,8.3,10.4,6,1685,1685,371,214,22,12.7
47311,â∂î[ë∫,94,4163,4163,8,562,486,8.5,13.5,11.7,1526,1526,430,336,28.2,22
47313,ãXñÏç¿ë∫,53,2293,2293,4,240,212,7.5,10.5,9.2,798,798,209,181,26.2,22.7
47314,ã‡ïêí¨,250,4275,4275,30,452,424,12,10.6,9.9,1598,1598,306,280,19.1,17.5
47315,à…ç]ë∫,63,1689,1689,15,464,262,23.8,27.5,15.5,1012,1012,419,232,41.4,22.9
47324,ì«íJë∫,537,16681,16681,50,1745,1552,9.3,10.5,9.3,4964,4964,1304,1120,26.3,22.6
47325,â√éËî[í¨,249,4861,4861,24,521,400,9.6,10.7,8.2,1731,1731,461,344,26.6,19.9
47326,ñkíJí¨,303,11455,11455,25,1018,909,8.3,8.9,7.9,3890,3890,749,655,19.3,16.8
47327,ñkíÜèÈë∫,183,7036,7036,18,818,718,9.8,11.6,10.2,2301,2301,625,535,27.2,23.3
47328,íÜèÈë∫,178,8482,8482,18,803,754,10.1,9.5,8.9,2384,2384,576,522,24.2,21.9
47329,êºå¥í¨,570,13569,13569,33,905,939,5.8,6.7,6.9,3963,3963,638,647,16.1,16.3
47348,ó^ìﬂå¥í¨,441,7460,7460,36,729,681,8.2,9.8,9.1,1996,1996,526,484,26.4,24.2
47350,ìÏïóå¥í¨,466,14950,14950,23,1108,1092,4.9,7.4,7.3,3965,3965,780,751,19.7,18.9
47353,ìnâ√ï~ë∫,4,276,276,2,36,20,50,13,7.2,101,101,35,18,34.7,17.8
47354,ç¿ä‘ñ°ë∫,12,373,373,3,75,77,25,20.1,20.6,236,236,73,68,30.9,28.8
47355,àæçëë∫,20,269,269,11,27,21,55,Åc,Åc,85,85,21,17,Åc,Åc
47356,ìnñºäÏë∫,9,120,120,3,29,19,33.3,24.2,15.8,58,58,24,14,41.4,24.1
47357,ìÏëÂìåë∫,11,512,512,8,83,42,72.7,16.2,8.2,221,221,66,26,29.9,11.8
47358,ñkëÂìåë∫,-,234,234,-,20,24,-,8.5,10.3,66,66,16,22,24.2,33.3
47359,à…ïΩâÆë∫,25,473,473,12,107,68,48,22.6,14.4,186,196,96,63,51.6,32.1
47360,à…ê•ñºë∫,24,508,508,9,81,52,37.5,15.9,10.2,244,244,76,49,31.1,20.1
47361,ãvïƒìáí¨,125,2776,2867,-,288,225,-,10.4,7.8,1213,1215,249,190,20.5,15.6
47362,î™èdê£í¨,183,12345,12345,19,944,1002,10.4,7.6,8.1,3463,3463,640,643,18.5,18.6
47375,ëΩó«ä‘ë∫,15,447,447,Åc,98,74,Åc,21.9,16.6,252,252,85,58,33.7,23
47381,í|ïxí¨,29,1710,1710,10,476,152,34.5,27.8,8.9,873,873,439,135,50.3,15.5
47382,ó^ìﬂçëí¨,20,737,737,9,134,73,45,18.2,9.9,224,224,111,58,49.6,25.9
