óﬂòaÇTîNìx,ínàÊï€åíÅEåíçNëùêiéñã∆ïÒçê(åíçNëùêiï“)ésãÊí¨ë∫ï\,,,,,,,,,,,,,,,
(åíçNëùêiï“)Å@, ëÊÇQÇOÅ|ÇPï\Å@åíçNêfç∏ÅAîxÇ™ÇÒåüêfãyÇ—ëÂí∞Ç™ÇÒåüêfëŒè€é“êîÅEéÛêfé“êîÅEéÛêfó¶ÅEÅiçƒåfÅjçëñØåíçNï€åØÇÃîÌï€åØé“ÅCésãÊí¨ë∫ÅAéÌóﬁï ,,,,,,,,,,,,,,,
íçÅF1) åíçNêfç∏ÇÃéÛêfé“êîÇÕÅAÅuåíçNêfç∏ÅvÅAÅuñKñ‚åíçNêfç∏ÅvãyÇ—ÅuâÓåÏâ∆ë∞ñKñ‚åíçNêfç∏ÅvÇÃéÛêfé“êîÇÃçáåvÇ≈Ç†ÇÈÅB,,,,,,,,,,,,,,,,
Å@Å@2) ÅuÇ™ÇÒëŒçÙêÑêiäÓñ{åvâÊÅvÅiïΩê¨24îN6åé8ì˙ätãcåàíËÅjãyÇ—ÅuÇ™ÇÒó\ñhèdì_åíçNã≥àÁãyÇ—Ç™ÇÒåüêfé¿é{ÇÃÇΩÇﬂÇÃéwêjÅvÅiïΩê¨20îN3åé31ì˙åíçNã«í∑í ímï ìYÅjÇ…äÓÇ√Ç´ÅA,,,,,,,,,,,,,,,,
Å@Å@Å@ Ç™ÇÒåüêfÇÃéÛêfó¶ÇÃéZíËëŒè€îNóÓÇ40çŒÇ©ÇÁ69çŒÇ‹Ç≈Ç∆ÇµÇΩÅB,,,,,,,,,,,,,,,,
Å@Å@3) éÛêfó¶ÇÕÅAåvêîïsè⁄ÇÃésãÊí¨ë∫ÇèúÇ≠ÅB,,,,,,,,,,,,,,,,
,,ëçêî,ëçêî,ëçêî,ëçêî,ëçêî,ëçêî,ëçêî,ëçêî,ëçêî,(çƒåf)çëñØåíçNï€åØÇÃîÌï€åØé“,(çƒåf)çëñØåíçNï€åØÇÃîÌï€åØé“,(çƒåf)çëñØåíçNï€åØÇÃîÌï€åØé“,(çƒåf)çëñØåíçNï€åØÇÃîÌï€åØé“,(çƒåf)çëñØåíçNï€åØÇÃîÌï€åØé“,(çƒåf)çëñØåíçNï€åØÇÃîÌï€åØé“
,,ëŒè€é“êî,ëŒè€é“êî,ëŒè€é“êî,éÛêfé“êî,éÛêfé“êî,éÛêfé“êî,éÛêfó¶ 3),éÛêfó¶ 3),éÛêfó¶ 3),ëŒè€é“êî,ëŒè€é“êî,éÛêfé“êî,éÛêfé“êî,éÛêfó¶ 3),éÛêfó¶ 3)
,,åíçNêfç∏,îxÇ™ÇÒ 2),ëÂí∞Ç™ÇÒ 2),åíçNêfç∏ 1),îxÇ™ÇÒ 2),ëÂí∞Ç™ÇÒ 2),åíçNêfç∏,îxÇ™ÇÒ 2),ëÂí∞Ç™ÇÒ 2),îxÇ™ÇÒ 2),ëÂí∞Ç™ÇÒ 2),îxÇ™ÇÒ 2),ëÂí∞Ç™ÇÒ 2),îxÇ™ÇÒ 2),ëÂí∞Ç™ÇÒ 2)
,,êl,êl,êl,êl,êl,êl,Åì,Åì,Åì,êl,êl,êl,êl,Åì,Åì
0,ëSçë,1560915,49804496,49805300,125372,2931525,3384659,7.8,5.9,6.8,11422335,11423567,1780598,1888698,15.9,16.7
1000,ñkäCìπ,112845,2077647,2077647,3078,87516,101356,2.7,4.2,4.9,483385,483385,58000,56383,12.1,12.6
1100,éDñyés,54931,814993,814993,851,17433,25302,1.5,2.1,3.1,163773,163773,11412,12971,7,7.9
1202,îüäŸés,9268,100636,100636,382,4310,4099,4.1,4.3,4.1,26024,26024,3158,2084,12.1,8
1203,è¨íMés,3169,43215,43215,82,458,1092,2.6,1.1,2.5,10302,10302,286,619,2.8,6
1204,àÆêÏés,2857,130736,130736,87,4057,6180,3,3.1,4.7,28810,28810,2411,Åc,8.4,Åc
1205,é∫óñés,2255,28332,28332,7,1130,364,0.3,4,1.3,5918,5918,Åc,Åc,Åc,Åc
1206,ã˙òHés,6061,64822,64822,34,2385,3216,0.6,3.7,5,14383,14383,930,1217,6.5,8.5
1207,ë—çLés,3823,66150,66150,199,2042,3434,5.2,3.1,5.2,14780,14780,1507,2292,10.2,15.5
1208,ñkå©és,1727,45560,45560,30,1521,1927,1.7,3.3,4.2,10953,10953,622,798,5.7,7.3
1209,ó[í£és,188,2512,2512,6,118,153,3.2,4.7,6.1,923,923,77,92,8.3,10
1210,ä‚å©ëÚés,1484,30438,30438,104,1824,1812,7,6,6,6976,6976,1084,1054,15.5,15.1
1211,ñ‘ëñés,490,12846,12846,7,398,514,1.4,3.1,4,3363,3363,293,344,8.7,10.2
1212,óØñGés,379,7374,7374,-,119,185,-,1.6,2.5,1377,1377,68,86,4.9,6.2
1213,ìœè¨ñqés,4347,68178,68178,337,3634,2995,7.8,5.3,4.4,13285,13285,2761,2216,20.8,16.7
1214,ítì‡és,620,13139,13139,22,724,698,3.5,5.5,5.3,3119,3119,539,496,17.3,15.9
1215,î¸âSés,396,7549,7549,4,252,289,1,3.3,3.8,2173,2173,176,191,8.1,8.8
1216,à∞ï és,31,4620,4620,17,334,380,54.8,7.2,8.2,1262,1262,179,186,14.2,14.7
1217,ç]ï és,1278,48274,48274,37,2303,2769,2.9,4.8,5.7,10643,10643,1467,1724,13.8,16.2
1218,ê‘ïΩés,228,3296,3296,6,115,147,2.6,3.5,4.5,809,809,64,79,7.9,9.8
1219,ñ‰ï és,369,7994,7994,13,440,494,3.5,5.5,6.2,1815,1815,217,190,12,10.5
1220,émï és,57,6618,6618,9,291,325,15.8,4.4,4.9,1502,1502,134,119,8.9,7.9
1221,ñºäÒés,39,9610,9610,2,559,582,5.1,5.8,6.1,2335,2335,476,457,20.4,19.6
1222,éOä}és,238,2694,2694,5,60,72,2.1,2.2,2.7,757,757,33,33,4.4,4.4
1223,ç™é∫és,401,9504,9504,3,315,381,0.7,3.3,4,3187,3187,213,227,6.7,7.1
1224,êÁçŒés,1165,38178,38178,10,1625,1702,0.9,4.3,4.5,6691,6691,1073,1031,16,15.4
1225,ëÍêÏés,487,15118,15118,3,502,584,0.6,3.3,3.9,3397,3397,349,395,10.3,11.6
1226,çªêÏés,197,5996,5996,10,392,441,5.1,6.5,7.4,1178,1178,307,310,26.1,26.3
1227,âÃéuì‡és,57,1065,1065,4,106,117,7,10,11,277,277,42,46,15.2,16.6
1228,ê[êÏés,236,7272,7272,4,699,657,1.7,9.6,9,2191,2191,402,491,18.3,22.4
1229,ïxó«ñÏés,227,8134,8134,3,578,663,1.3,7.1,8.2,2361,2361,506,515,21.4,21.8
1230,ìoï és,777,17740,17740,22,979,925,2.8,5.5,5.2,3866,3866,872,700,22.6,18.1
1231,åbíÎés,755,28130,28130,8,727,963,1.1,2.6,3.4,5072,5072,472,570,9.3,11.2
1233,à…íBés,282,12902,12902,3,1098,1000,1.1,8.5,7.8,3432,3432,725,774,21.1,22.6
1234,ñkçLìáés,443,23545,23545,27,684,683,6.1,2.9,2.9,5656,5656,362,340,6.4,6
1235,êŒéÎés,398,22917,22917,10,540,1084,2.5,2.4,4.7,5244,5244,260,613,5,11.7
1236,ñkìlés,590,18656,18656,13,944,851,2.2,5.1,4.6,3988,3988,760,615,19.1,15.4
1303,ìñï í¨,204,6538,6538,16,717,773,7.8,11,11.8,1853,1853,574,604,31,32.6
1304,êVé¬í√ë∫,12,1080,1080,-,239,236,-,22.1,21.9,519,519,204,199,39.3,38.3
1331,èºëOí¨,170,2424,2424,11,284,223,6.5,11.7,9.2,814,814,-,102,-,12.5
1332,ïüìáí¨,86,1380,1380,1,160,154,1.2,11.6,11.2,488,488,126,108,25.8,22.1
1333,ímì‡í¨,35,1552,1552,2,181,159,5.7,11.7,10.2,488,488,118,89,24.2,18.2
1334,ñÿå√ì‡í¨,65,1445,1445,2,173,164,3.1,12,11.3,430,430,101,88,23.5,20.5
1337,éµî—í¨,461,11420,11420,7,410,424,1.5,3.6,3.7,2907,2907,237,238,8.2,8.2
1343,é≠ïîí¨,68,1435,1435,2,121,99,2.9,8.4,6.9,691,691,110,87,15.9,12.6
1345,êXí¨,412,5639,5639,7,235,371,1.7,4.2,6.6,2034,2034,198,244,9.7,12
1346,î™â_í¨,268,5973,5973,28,480,341,10.4,8,5.7,1970,1970,276,196,14,9.9
1347,í∑ñúïîí¨,125,1814,1814,1,68,74,0.8,3.7,4.1,525,525,25,24,4.8,4.6
1361,ç]ç∑í¨,250,2818,2818,-,119,120,-,4.2,4.3,708,708,89,83,12.6,11.7
1362,è„Émçëí¨,103,1685,1685,3,91,170,2.9,5.4,10.1,382,382,46,47,12,12.3
1363,å˙ëÚïîí¨,49,1406,1406,-,94,136,-,6.7,9.7,490,490,79,98,16.1,20
1364,â≥ïîí¨,65,1207,1207,-,91,82,-,7.5,6.8,293,293,53,45,18.1,15.4
1367,âúêKí¨,42,852,852,4,54,71,9.5,6.3,8.3,269,269,35,44,13,16.4
1370,ç°ã‡í¨,65,1848,1848,1,288,235,1.5,15.6,12.7,623,623,184,167,29.5,26.8
1371,ÇπÇΩÇ»í¨,167,2687,2687,5,278,289,3,10.3,10.8,858,858,221,217,25.8,25.3
1391,ìáñqë∫,26,516,516,-,24,25,-,4.7,4.8,204,204,8,6,3.9,2.9
1392,éıìsí¨,46,975,975,23,320,235,50,32.8,24.1,259,259,89,90,34.4,34.7
1393,çïèºì‡í¨,26,931,931,4,94,136,15.4,10.1,14.6,249,249,60,75,24.1,30.1
1394,óñâzí¨,28,1770,1770,-,373,365,-,21.1,20.6,606,606,194,182,32,30
1395,ÉjÉZÉRí¨,34,2190,2190,1,191,185,2.9,8.7,8.4,639,639,143,137,22.4,21.4
1396,ê^éÎë∫,13,777,777,1,79,87,7.7,10.2,11.2,307,307,65,63,21.2,20.5
1397,óØéıìsë∫,8,689,689,1,63,64,12.5,9.1,9.3,227,227,34,35,15,15.4
1398,äÏñŒï í¨,23,785,785,2,88,97,8.7,11.2,12.4,249,249,64,53,25.7,21.3
1399,ãûã…í¨,41,1120,1120,1,96,103,2.4,8.6,9.2,250,250,66,66,26.4,26.4
1400,ã‰ímà¿í¨,170,5609,5609,7,452,472,4.1,8.1,8.4,1464,1464,340,321,23.2,21.9
1401,ã§òaí¨,49,2110,2110,3,340,318,6.1,16.1,15.1,669,669,257,235,38.4,35.1
1402,ä‚ì‡í¨,530,4558,4558,12,258,341,2.3,5.7,7.5,973,973,157,152,16.1,15.6
1403,îëë∫,25,556,556,-,58,56,-,10.4,10.1,153,153,24,24,15.7,15.7
1404,ê_åbì‡ë∫,9,323,323,2,31,29,22.2,9.6,9,92,92,17,14,18.5,15.2
1405,êœíOí¨,55,671,671,5,90,71,9.1,13.4,10.6,290,290,73,53,25.2,18.3
1406,å√ïΩí¨,70,1112,1112,-,66,57,-,5.9,5.1,405,405,39,41,9.6,10.1
1407,êmñÿí¨,49,1167,1167,1,138,130,2,11.8,11.1,501,501,79,112,15.8,22.4
1408,ó]ésí¨,504,6726,6726,16,438,454,3.2,6.5,6.7,1885,1885,316,320,16.8,17
1409,ê‘à‰êÏë∫,12,458,458,-,72,75,-,15.7,16.4,129,129,32,33,24.8,25.6
1423,ìÏñyí¨,24,3282,3282,-,448,446,-,13.7,13.6,903,903,258,247,28.6,27.4
1424,ìﬁà‰ç]í¨,111,1898,1898,7,137,148,6.3,7.2,7.8,492,492,110,148,22.4,30.1
1425,è„çªêÏí¨,114,918,918,18,87,68,15.8,9.5,7.4,239,239,41,25,17.2,10.5
1427,óRêmí¨,44,1826,1826,5,319,332,11.4,17.5,18.2,704,704,244,234,34.7,33.2
1428,í∑è¿í¨,59,4101,4101,1,489,522,1.7,11.9,12.7,1431,1431,390,403,27.3,28.2
1429,åIéRí¨,142,4192,4192,4,385,414,2.8,9.2,9.9,1276,1276,297,301,23.3,23.6
1430,åéå`í¨,31,1123,1123,13,192,159,41.9,17.1,14.2,316,316,137,109,43.4,34.5
1431,âYâPí¨,9,570,570,1,118,123,11.1,20.7,21.6,245,245,92,92,37.6,37.6
1432,êVè\í√êÏí¨,41,2387,2387,14,278,290,34.1,11.6,12.1,668,668,191,177,28.6,26.5
1433,ñÖîwãçí¨,20,964,964,-,155,166,-,16.1,17.2,361,361,111,109,30.7,30.2
1434,íÅïÉï í¨,13,839,839,-,205,203,-,24.4,24.2,300,300,136,129,45.3,43
1436,âJó≥í¨,13,838,838,3,162,135,23.1,19.3,16.1,334,334,135,103,40.4,30.8
1437,ñkó≥í¨,5,608,608,1,159,144,20,26.2,23.7,265,265,118,107,44.5,40.4
1438,è¿ìcí¨,14,1074,1074,-,205,198,-,19.1,18.4,387,387,141,128,36.4,33.1
1452,ëÈê≤í¨,44,2748,2748,12,446,364,27.3,16.2,13.2,718,718,289,193,40.3,26.9
1453,ìåê_äyí¨,27,4184,4184,-,218,221,-,5.2,5.3,880,880,164,169,18.6,19.2
1454,ìññÉí¨,71,2302,2302,7,328,368,9.9,14.2,16,773,773,181,187,23.4,24.2
1455,î‰ïzí¨,47,1332,1332,15,128,153,31.9,9.6,11.5,406,406,93,103,22.9,25.4
1456,à§ï í¨,24,926,926,-,96,97,-,10.4,10.5,322,322,68,65,21.1,20.2
1457,è„êÏí¨,36,1123,1123,1,59,118,2.8,5.3,10.5,344,344,47,79,13.7,23
1458,ìåêÏí¨,101,3223,3223,-,247,224,-,7.7,7,882,882,196,149,22.2,16.9
1459,î¸âlí¨,119,3803,3803,4,558,548,3.4,14.7,14.4,1544,1544,496,471,32.1,30.5
1460,è„ïxó«ñÏí¨,38,3732,3732,15,921,646,39.5,24.7,17.3,1043,1043,575,437,55.1,41.9
1461,íÜïxó«ñÏí¨,25,1804,1804,3,601,542,12,33.3,30,745,745,364,322,48.9,43.2
1462,ìÏïxó«ñÏí¨,14,915,915,4,139,139,28.6,15.2,15.2,267,267,86,81,32.2,30.3
1463,êËä•ë∫,12,495,495,3,63,56,25,12.7,11.3,133,133,38,32,28.6,24.1
1464,òaä¶í¨,26,1097,1097,7,209,122,26.9,19.1,11.1,441,441,174,81,39.5,18.4
1465,åïï£í¨,13,1112,1112,1,248,218,7.7,22.3,19.6,498,498,221,165,44.4,33.1
1468,â∫êÏí¨,16,1219,1219,-,142,183,-,11.6,15,364,364,111,120,30.5,33
1469,î¸ê[í¨,28,1475,1475,4,213,185,14.3,14.4,12.5,557,557,132,102,23.7,18.3
1470,âπà–éqï{ë∫,1,217,217,-,21,26,-,9.7,12,55,55,14,18,25.5,32.7
1471,íÜêÏí¨,5,508,508,2,89,90,40,17.5,17.7,133,133,50,47,37.6,35.3
1472,ñyâ¡ì‡í¨,3,486,486,1,63,64,33.3,13,13.2,144,144,22,20,15.3,13.9
1481,ëùñ—í¨,57,1383,1383,6,273,301,10.5,19.7,21.8,388,388,168,154,43.3,39.7
1482,è¨ïΩí¨,77,1103,1103,-,110,113,-,10,10.2,354,354,89,87,25.1,24.6
1483,ìœëOí¨,30,997,997,-,59,74,-,5.9,7.4,314,314,42,45,13.4,14.3
1484,âHñyí¨,82,2250,2250,4,227,251,4.9,10.1,11.2,650,650,130,137,20,21.1
1485,èâéRï ë∫,7,425,425,-,99,98,-,23.3,23.1,160,160,67,57,41.9,35.6
1486,âìï í¨,19,877,877,4,84,82,21.1,9.6,9.4,265,265,45,45,17,17
1487,ìVâñí¨,27,1100,1100,2,127,129,7.4,11.5,11.7,308,308,90,89,29.2,28.9
1511,âéï•ë∫,7,1047,1047,-,129,126,-,12.3,12,440,440,91,77,20.7,17.5
1512,ïlì⁄ï í¨,32,1290,1290,2,130,121,6.3,10.1,9.4,556,556,81,82,14.6,14.7
1513,íÜì⁄ï í¨,12,623,623,2,79,69,16.7,12.7,11.1,174,174,54,47,31,27
1514,é}çKí¨,50,2999,2999,3,235,201,6,7.8,6.7,1177,1177,206,169,17.5,14.4
1516,ñLïxí¨,23,1430,1430,3,160,169,13,11.2,11.8,846,846,145,141,17.1,16.7
1517,óÁï∂í¨,13,911,911,-,80,95,-,8.8,10.4,391,391,63,72,16.1,18.4
1518,óòêKí¨,14,698,698,-,79,84,-,11.3,12,222,222,66,71,29.7,32
1519,óòêKïxémí¨,Åc,908,908,-,101,73,Åc,11.1,8,374,374,83,59,22.2,15.8
1520,ñyâÑí¨,14,875,875,3,82,106,21.4,9.4,12.1,275,275,67,71,24.4,25.8
1543,î¸ñyí¨,206,7227,7227,10,357,610,4.9,4.9,8.4,2161,2161,245,271,11.3,12.5
1544,í√ï í¨,53,1553,1553,2,249,271,3.8,16,17.5,558,558,140,146,25.1,26.2
1545,éŒó¢í¨,122,4175,4175,1,223,322,0.8,5.3,7.7,1597,1597,143,184,9,11.5
1546,ê¥ó¢í¨,22,1416,1416,-,184,123,-,13,8.7,621,621,134,86,21.6,13.8
1547,è¨ê¥êÖí¨,26,1673,1673,-,213,258,-,12.7,15.4,723,723,119,135,16.5,18.7
1549,åPéqï{í¨,31,1752,1752,4,375,358,12.9,21.4,20.4,730,730,337,315,46.2,43.2
1550,íuåÀí¨,14,956,956,-,157,142,-,16.4,14.9,384,384,125,112,32.6,29.2
1552,ç≤òCä‘í¨,28,1759,1759,-,218,231,-,12.4,13.1,670,670,182,184,27.2,27.5
1555,âìåyí¨,206,7022,7022,12,404,510,5.8,5.8,7.3,1938,1938,289,310,14.9,16
1559,óNï í¨,63,3056,3056,2,395,421,3.2,12.9,13.8,1264,1264,328,339,25.9,26.8
1560,ëÍè„í¨,15,837,837,1,39,49,6.7,4.7,5.9,221,221,22,22,10,10
1561,ãªïîí¨,36,1328,1328,-,112,119,-,8.4,9,486,486,78,74,16,15.2
1562,êºãªïîë∫,1,401,401,-,51,43,-,12.7,10.7,110,110,29,26,26.4,23.6
1563,óYïêí¨,44,1627,1627,3,196,206,6.8,12,12.7,622,622,120,115,19.3,18.5
1564,ëÂãÛí¨,31,2666,2666,-,486,449,-,18.2,16.8,1053,1053,355,343,33.7,32.6
1571,ñLâYí¨,77,1458,1458,2,151,127,2.6,10.4,8.7,451,451,-,74,-,16.4
1575,ësïÀí¨,35,910,910,2,60,54,5.7,6.6,5.9,321,321,40,35,12.5,10.9
1578,îíòVí¨,264,6095,6095,20,372,260,7.6,6.1,4.3,1954,1954,309,194,15.8,9.9
1581,å˙ê^í¨,20,1579,1579,4,423,206,20,26.8,13,535,535,280,107,52.3,20
1584,ì¥ñÍåŒí¨,203,3138,3138,4,303,303,2,9.7,9.7,1084,1084,237,241,21.9,22.2
1585,à¿ïΩí¨,60,2801,2801,3,330,370,5,11.8,13.2,800,800,182,197,22.8,24.6
1586,ÇﬁÇ©ÇÌí¨,104,2768,2768,7,371,375,6.7,13.4,13.5,924,924,274,252,29.7,27.3
1601,ì˙çÇí¨,282,4548,4548,-,223,284,-,4.9,6.2,1472,1472,184,187,12.5,12.7
1602,ïΩéÊí¨,Åc,1786,1786,15,265,296,Åc,14.8,16.6,659,659,37,43,5.6,6.5
1604,êVä•í¨,92,2122,2122,11,282,302,12,13.3,14.2,693,693,161,161,23.2,23.2
1607,âYâÕí¨,270,4633,4633,1,147,183,0.4,3.2,3.9,1302,1302,97,109,7.5,8.4
1608,óléóí¨,1017,1568,1568,113,77,84,11.1,4.9,5.4,502,502,57,54,11.4,10.8
1609,Ç¶ÇËÇ‡í¨,33,1735,1735,-,91,86,-,5.2,5,908,908,76,70,8.4,7.7
1610,êVÇ–ÇæÇ©í¨,5,8357,8357,5,336,461,100,4,5.5,2430,2430,190,244,7.8,10
1631,âπçXí¨,428,17896,17896,5,929,1098,1.2,5.2,6.1,4244,4244,727,748,17.1,17.6
1632,émñyí¨,188,2204,2204,-,258,241,-,11.7,10.9,1001,1001,204,185,20.4,18.5
1633,è„émñyí¨,60,1697,1697,5,235,239,8.3,13.8,14.1,589,589,178,169,30.2,28.7
1634,é≠í«í¨,12,1804,1804,-,76,69,-,4.2,3.8,598,598,68,64,11.4,10.7
1635,êVìæí¨,35,2061,2061,-,83,91,-,4,4.4,562,562,66,61,11.7,10.9
1636,ê¥êÖí¨,50,3425,3425,1,311,331,2,9.1,9.7,1213,1213,263,267,21.7,22
1637,âËé∫í¨,151,7270,7270,3,623,633,2,8.6,8.7,2300,2300,499,494,21.7,21.5
1638,íÜéDì‡ë∫,16,1562,1562,-,234,195,-,15,12.5,496,496,203,183,40.9,36.9
1639,çXï ë∫,10,1224,1224,-,361,305,-,29.5,24.9,549,549,304,260,55.4,47.4
1641,ëÂé˜í¨,25,1841,1841,-,177,182,-,9.6,9.9,554,554,152,151,27.4,27.3
1642,çLîˆí¨,66,2403,2403,1,228,229,1.5,9.5,9.5,788,788,169,185,21.4,23.5
1643,ñãï í¨,256,10363,10363,-,1177,1271,-,11.4,12.3,2702,2702,576,587,21.3,21.7
1644,írìcí¨,61,2287,2287,2,225,235,3.3,9.8,10.3,856,856,184,174,21.5,20.3
1645,ñLç†í¨,28,1114,1114,2,186,170,7.1,16.7,15.3,508,508,164,-,32.3,-
1646,ñ{ï í¨,61,2299,2299,1,247,193,1.6,10.7,8.4,848,848,207,102,24.4,12
1647,ë´äÒí¨,68,2311,2311,4,187,210,5.9,8.1,9.1,766,766,164,165,21.4,21.5
1648,ó§ï í¨,11,827,827,5,164,152,45.5,19.8,18.4,280,280,130,118,46.4,42.1
1649,âYñyí¨,51,1530,1530,2,215,233,3.9,14.1,15.2,658,658,192,188,29.2,28.6
1661,ã˙òHí¨,357,7732,7732,9,241,309,2.5,3.1,4,1781,1781,129,142,7.2,8
1662,å˙ä›í¨,144,3295,3295,26,265,289,18.1,8,8.8,1205,1205,218,216,18.1,17.9
1663,ïlíÜí¨,58,2182,2182,2,310,271,3.4,14.2,12.4,1114,1114,282,244,25.3,21.9
1664,ïWíÉí¨,82,2760,2760,6,282,346,7.3,10.2,12.5,1065,1065,233,264,21.9,24.8
1665,íÌéqã¸í¨,143,2716,2716,4,202,234,2.8,7.4,8.6,838,838,137,145,16.3,17.3
1667,íﬂãèë∫,17,1018,1018,4,194,182,23.5,19.1,17.9,360,360,143,129,39.7,35.8
1668,îíçfí¨,216,2813,2813,2,158,175,0.9,5.6,6.2,829,829,119,126,14.4,15.2
1691,ï äCí¨,100,5521,5521,5,660,643,5,12,11.6,2459,2459,593,533,24.1,21.7
1692,íÜïWí√í¨,280,9412,9412,7,594,609,2.5,6.3,6.5,2540,2540,444,423,17.5,16.7
1693,ïWí√í¨,57,1931,1931,4,157,167,7,8.1,8.6,802,802,137,143,17.1,17.8
1694,óÖâPí¨,85,1977,1977,51,215,246,60,10.9,12.4,928,928,166,164,17.9,17.7
2000,ê¬êXåß,24225,503516,503816,1741,43184,57021,7.2,8.6,11.3,140370,140369,29085,33690,20.7,24
2201,ê¬êXés,7084,114454,114454,633,4691,8759,8.9,4.1,7.7,25846,25846,3292,5209,12.7,20.2
2202,çOëOés,3902,66753,66753,271,2911,6529,6.9,4.4,9.8,18789,18789,2161,4365,11.5,23.2
2203,î™åÀés,3453,90302,90302,197,6554,6972,5.7,7.3,7.7,22658,22658,4815,4753,21.3,21
2204,çïêŒés,598,13066,13066,32,1563,2115,5.4,12,16.2,3908,3908,1070,1193,27.4,30.5
2205,å‹èäêÏå¥és,1313,21360,21360,86,2607,3639,6.5,12.2,17,6261,6261,1545,1678,24.7,26.8
2206,è\òaìcés,1017,24360,24360,69,2085,3234,6.8,8.6,13.3,6238,6238,1427,1724,22.9,27.6
2207,éOëÚés,480,15055,15055,35,969,1043,7.3,6.4,6.9,3671,3671,599,569,16.3,15.5
2208,ÇﬁÇ¬és,1355,22261,22561,54,1705,2198,4,7.7,9.7,7792,7792,1136,1297,14.6,16.6
2209,Ç¬Ç™ÇÈés,663,12365,12365,59,2757,3136,8.9,22.3,25.4,4918,4918,1709,1735,34.7,35.3
2210,ïΩêÏés,374,12353,12353,33,1594,1897,8.8,12.9,15.4,3948,3948,1097,1141,27.8,28.9
2301,ïΩì‡í¨,115,4305,4305,14,499,591,12.2,11.6,13.7,1641,1641,394,395,24,24.1
2303,ç°ï í¨,44,814,814,3,108,101,6.8,13.3,12.4,312,312,70,58,22.4,18.6
2304,ñHìcë∫,36,1025,1025,-,165,195,-,16.1,19,Åc,Åc,-,-,Åc,Åc
2307,äOÉñïlí¨,112,2135,2135,8,317,271,7.1,14.8,12.7,891,891,215,166,24.1,18.6
2321,ÈÀÉPëÚí¨,247,3749,3749,9,550,678,3.6,14.7,18.1,1604,1604,394,392,24.6,24.4
2323,ê[âYí¨,116,2867,2867,9,670,737,7.8,23.4,25.7,1127,1127,389,382,34.5,33.9
2343,êºñ⁄âÆë∫,9,473,473,1,117,150,11.1,24.7,31.7,143,143,72,72,50.3,50.3
2361,ì°çËí¨,231,5726,5726,8,714,799,3.5,12.5,14,2256,2256,402,356,17.8,15.8
2362,ëÂòkí¨,108,3503,3503,9,731,892,8.3,20.9,25.5,1141,1141,427,468,37.4,41
2367,ìcé…äŸë∫,34,2967,2967,8,539,684,23.5,18.2,23.1,900,900,371,350,41.2,38.9
2381,î¬ñˆí¨,191,5302,5302,16,874,892,8.4,16.5,16.8,2247,2247,694,657,30.9,29.2
2384,íﬂìcí¨,238,4862,4862,18,1289,1228,7.6,26.5,25.3,1983,1983,690,735,34.8,37.1
2387,íÜîëí¨,277,4139,4139,17,706,781,6.1,17.1,18.9,1593,1593,487,420,30.6,26.4
2401,ñÏï”íní¨,239,4953,4953,19,414,482,7.9,8.4,9.7,1303,1303,242,235,18.6,18
2402,éµåÀí¨,223,5910,5910,16,784,1104,7.2,13.3,18.7,1851,1851,482,561,26,30.3
2405,òZåÀí¨,102,4297,4297,-,414,470,-,9.6,10.9,1091,1091,304,268,27.9,24.6
2406,â°ïlí¨,89,1606,1606,12,253,279,13.5,15.8,17.4,614,614,223,214,36.3,34.9
2408,ìåñkí¨,215,6580,6580,10,1233,1244,4.7,18.7,18.9,1984,1984,786,759,39.6,38.3
2411,òZÉPèäë∫,147,4013,4013,16,625,716,10.9,15.6,17.8,901,901,314,303,34.9,33.6
2412,Ç®Ç¢ÇÁÇπí¨,166,10517,10517,6,974,1111,3.6,9.3,10.6,2500,2499,605,617,24.2,24.7
2423,ëÂä‘í¨,201,2039,2039,13,302,322,6.5,14.8,15.8,797,797,192,189,24.1,23.7
2424,ìåí ë∫,77,2469,2469,9,368,572,11.7,14.9,23.2,857,857,183,289,21.4,33.7
2425,ïóä‘âYë∫,47,713,713,-,123,117,-,17.3,16.4,270,270,89,78,33,28.9
2426,ç≤à‰ë∫,51,688,688,8,135,137,15.7,19.6,19.9,280,280,94,84,33.6,30
2441,éOåÀí¨,160,3648,3648,4,304,496,2.5,8.3,13.6,1254,1254,230,320,18.3,25.5
2442,å‹åÀí¨,125,6540,6540,7,568,597,5.6,8.7,9.1,2143,2143,446,438,20.8,20.4
2443,ìcéqí¨,5,2022,2022,5,336,269,100,16.6,13.3,719,719,210,145,29.2,20.2
2445,ìÏïîí¨,242,6878,6878,24,1035,1003,9.9,15,14.6,2165,2165,781,664,36.1,30.7
2446,äKè„í¨,136,5652,5652,3,421,467,2.2,7.4,8.3,1461,1461,301,313,20.6,21.4
2450,êVãΩë∫,3,795,795,-,180,114,-,22.6,14.3,313,313,147,98,47,31.3
3000,ä‚éËåß,10043,476543,476543,1199,49019,50439,11.9,10.3,10.6,116603,116639,29443,26412,25.6,22.9
3201,ê∑â™és,3688,115987,115987,468,8193,6011,12.7,7.1,5.2,23236,23236,5777,3714,24.9,16
3202,ã{å√és,659,18587,18587,45,1209,1740,6.8,6.5,9.4,5847,5847,832,955,14.2,16.3
3203,ëÂëDìnés,165,13172,13172,8,1559,1623,4.8,11.8,12.3,3893,3893,1101,901,28.3,23.1
3205,â‘ä™és,582,36455,36455,70,4792,4939,12,13.1,13.5,8148,8148,3008,3397,36.9,41.7
3206,ñkè„és,455,37379,37379,39,2963,2247,8.6,7.9,6,6948,6948,-,-,-,-
3207,ãvéúés,281,13178,13178,21,1632,1730,7.5,12.4,13.1,3686,3686,1109,996,30.1,27
3208,âìñÏés,153,9618,9618,2,1117,1290,1.3,11.6,13.4,2843,2843,735,779,25.9,27.4
3209,àÍä÷és,710,43475,43475,65,5938,6365,9.2,13.7,14.6,11828,11864,3471,3213,29.3,27.1
3210,ó§ëOçÇìcés,86,6977,6977,12,1035,1024,14,14.8,14.7,2091,2091,742,608,35.5,29.1
3211,äòêŒés,258,11813,11813,25,978,1368,9.7,8.3,11.6,3146,3146,702,707,22.3,22.5
3213,ìÒåÀés,291,10045,10045,26,1273,1401,8.9,12.7,13.9,3105,3105,980,893,31.6,28.8
3214,î™î¶ïΩés,110,9818,9818,9,1146,1167,8.2,11.7,11.9,2630,2630,806,716,30.6,27.2
3215,âúèBés,827,43822,43822,162,4458,5076,19.6,10.2,11.6,10529,10529,2773,2544,26.3,24.2
3216,ëÍëÚés,277,22628,22628,50,1878,2587,18.1,8.3,11.4,4392,4392,1002,1093,22.8,24.9
3301,é¥êŒí¨,90,6188,6188,20,757,848,22.2,12.2,13.7,1646,1646,396,399,24.1,24.2
3302,äãä™í¨,93,2157,2157,21,337,607,22.6,15.6,28.1,932,932,212,374,22.7,40.1
3303,ä‚éËí¨,93,4835,4835,14,1027,1095,15.1,21.2,22.6,1538,1538,665,606,43.2,39.4
3321,éáîgí¨,119,13386,13386,11,1284,1120,9.2,9.6,8.4,3109,3109,925,655,29.8,21.1
3322,ñÓã–í¨,83,11052,11052,10,927,1231,12,8.4,11.1,2285,2285,576,649,25.2,28.4
3366,êºòaâÍí¨,6,1839,1839,-,310,405,-,16.9,22,554,554,140,163,25.3,29.4
3381,ã‡ÉPçËí¨,43,6035,6035,1,926,932,2.3,15.3,15.4,1349,1349,553,467,41,34.6
3402,ïΩêÚí¨,36,2739,2739,3,366,520,8.3,13.4,19,814,814,245,283,30.1,34.8
3441,èZìcí¨,26,1828,1828,-,340,427,-,18.6,23.4,561,561,133,176,23.7,31.4
3461,ëÂí∆í¨,141,4340,4340,20,474,448,14.2,10.9,10.3,1267,1267,281,223,22.2,17.6
3482,éRìcí¨,137,5769,5769,19,424,507,13.9,7.3,8.8,2138,2138,330,263,15.4,12.3
3483,ä‚êÚí¨,156,3148,3148,11,570,523,7.1,18.1,16.6,1039,1039,385,269,37.1,25.9
3484,ìcñÏî®ë∫,17,1227,1227,-,145,201,-,11.8,16.4,414,414,107,108,25.8,26.1
3485,ïÅë„ë∫,24,1002,1002,3,117,76,12.5,11.7,7.6,337,337,94,47,Åc,13.9
3501,åyïƒí¨,77,3445,3445,9,571,527,11.7,16.6,15.3,1258,1258,437,382,34.7,30.4
3503,ñÏìcë∫,19,1588,1588,7,219,212,36.8,13.8,13.4,598,598,127,108,21.2,18.1
3506,ã„åÀë∫,44,2121,2121,3,242,442,6.8,11.4,20.8,716,716,128,153,17.9,21.4
3507,ómñÏí¨,158,6228,6228,14,966,984,8.9,15.5,15.8,2253,2253,671,571,29.8,25.3
3524,àÍåÀí¨,139,4662,4662,31,846,766,22.3,18.1,16.4,1473,1473,Åc,Åc,Åc,Åc
4000,ã{èÈåß,23091,906270,906278,2062,89256,99371,8.9,9.8,11,208276,208281,53907,49722,25.9,23.9
4100,êÂë‰és,14823,429782,429782,1389,24071,29136,9.4,5.6,6.8,86287,86287,13739,16154,15.9,18.7
4202,êŒä™és,1380,54066,54066,151,6358,8476,10.9,11.8,15.7,14966,14966,4020,3444,26.9,23
4203,âñäñés,665,21208,21208,4,2185,2369,0.6,10.3,11.2,5246,5246,1313,1098,25,20.9
4205,ãCêÂè¿és,344,24098,24098,43,2496,3070,12.5,10.4,12.7,7217,7217,1752,1740,24.3,24.1
4206,îíêŒés,216,12783,12783,5,1669,1590,2.3,13.1,12.4,3370,3370,996,797,29.6,23.6
4207,ñºéÊés,408,32625,32625,77,3827,4947,18.9,11.7,15.2,6590,6590,2063,1899,31.3,28.8
4208,äpìcés,97,10822,10822,-,1516,1646,-,14,15.2,3051,3051,1038,995,34,32.6
4209,ëΩâÍèÈés,659,24547,24547,77,2459,2748,11.7,10,11.2,5038,5038,1463,1309,29,26
4211,ä‚è¿és,203,17323,17323,4,1924,1978,2,11.1,11.4,3624,3624,1091,842,30.1,23.2
4212,ìoïƒés,523,29839,29839,68,7863,6927,13,26.4,23.2,8528,8528,5052,3731,59.2,43.8
4213,åIå¥és,539,24254,24254,7,4354,4165,1.3,18,17.2,7163,7163,2941,2480,41.1,34.6
4214,ìåèºìáés,277,15320,15320,21,1827,1780,7.6,11.9,11.6,3903,3903,1108,853,28.4,21.9
4215,ëÂçËés,871,50631,50631,89,7075,8678,10.2,14,17.1,14442,14442,4492,3473,31.1,24
4216,ïxíJés,93,22342,22342,8,3068,3348,8.6,13.7,15,3758,3758,1482,1461,39.4,38.9
4301,ë†â§í¨,69,4368,4368,-,670,687,-,15.3,15.7,1267,1267,423,391,33.4,30.9
4302,éµÉPèhí¨,1,430,430,-,126,133,-,29.3,30.9,149,149,88,57,59.1,38.3
4321,ëÂâÕå¥í¨,238,9405,9405,3,1163,986,1.3,12.4,10.5,2088,2088,692,440,33.1,21.1
4322,ë∫ìcí¨,5,4172,4172,5,663,517,100,15.9,12.4,1194,1194,388,250,32.5,20.9
4323,éƒìcí¨,257,14428,14428,2,1394,1421,0.8,9.7,9.8,3519,3519,847,640,24.1,18.2
4324,êÏçËí¨,73,3363,3363,4,612,485,5.5,18.2,14.4,980,980,400,264,40.8,26.9
4341,ä€êXí¨,68,4611,4611,-,728,776,-,15.8,16.8,1479,1479,531,426,35.9,28.8
4361,òjóùí¨,129,13446,13446,7,1417,1863,5.4,10.5,13.9,3555,3555,870,975,24.5,27.4
4362,éRå≥í¨,78,4421,4421,2,643,640,2.6,14.5,14.5,1401,1401,449,378,32,27
4401,èºìáí¨,152,5235,5235,12,839,709,7.9,16,13.5,1423,1423,518,380,36.4,26.7
4404,éµÉPïlí¨,107,7636,7636,9,1076,1137,8.4,14.1,14.9,1904,1904,666,580,35,30.5
4406,óòï{í¨,77,15099,15099,12,2134,1989,15.6,14.1,13.2,2720,2720,1185,964,43.6,35.4
4421,ëÂòaí¨,138,11354,11362,16,1461,1387,11.6,12.9,12.2,2153,2150,838,666,38.9,31
4422,ëÂãΩí¨,42,2957,2957,2,444,420,4.8,15,14.2,719,719,261,237,36.3,33
4424,ëÂçtë∫,29,2087,2087,-,301,292,-,14.4,14,450,450,182,133,40.4,29.6
4444,êFñÉí¨,11,2516,2516,2,528,462,18.2,21,18.4,706,706,341,234,48.3,33.1
4445,â¡î¸í¨,134,8667,8667,15,1427,1376,11.2,16.5,15.9,2379,2379,864,771,36.3,32.4
4501,óOíJí¨,143,6089,6089,6,813,776,4.2,13.4,12.7,1916,1916,561,464,29.3,24.2
4505,î¸ó¢í¨,135,9422,9422,6,1349,1078,4.4,14.3,11.4,2638,2646,894,573,33.9,21.7
4581,èóêÏí¨,42,2075,2075,10,393,355,23.8,18.9,17.1,714,714,243,199,34,27.9
4606,ìÏéOó§í¨,65,4849,4849,6,383,1024,9.2,7.9,21.1,1739,1739,116,424,6.7,24.4
5000,èHìcåß,9593,387010,387010,422,24406,35025,4.4,6.3,9.1,93586,93586,15349,19153,16.4,20.5
5201,èHìcés,4524,123739,123739,45,2152,5757,1,1.7,4.7,24324,24324,1302,3580,5.4,14.7
5202,î\ë„és,789,19967,19967,19,2590,1987,2.4,13,10,5171,5171,961,867,18.6,16.8
5203,â°éËés,676,33899,33899,45,4752,5220,6.7,14,15.4,9192,9192,2943,2810,32,30.6
5204,ëÂäŸés,129,26899,26899,21,1141,1890,16.3,4.2,7,7871,7871,832,994,10.6,12.6
5206,íjé≠és,468,9887,9887,21,499,626,4.5,5,6.3,3127,3127,369,382,11.8,12.2
5207,ìíëÚés,437,24594,24594,52,2000,2856,11.9,8.1,11.6,4872,4872,1236,1479,25.4,30.4
5209,é≠äpés,226,11463,11463,39,547,958,17.3,4.8,8.4,2753,2753,320,363,11.6,13.2
5210,óRóòñ{ëëés,595,29197,29197,17,502,2308,2.9,1.7,7.9,6863,6863,358,1431,5.2,20.9
5211,äÉè„és,424,13364,13364,27,640,762,6.4,4.8,5.7,3442,3442,386,373,11.2,10.8
5212,ëÂêÂés,36,30509,30509,34,2938,4374,94.4,9.6,14.3,8232,8232,2180,2241,26.5,27.2
5213,ñkèHìcés,298,10779,10779,13,752,973,4.4,7,9,2737,2737,610,589,22.3,21.5
5214,Ç…Ç©ÇŸés,28,9207,9207,28,507,755,100,5.5,8.2,2620,2620,364,479,13.9,18.3
5215,êÂñkés,318,9187,9187,30,766,1245,9.4,8.3,13.6,2598,2598,544,583,20.9,22.4
5303,è¨ç‚í¨,18,1788,1788,2,142,172,11.1,7.9,9.6,437,437,96,76,22,17.4
5327,è„è¨à¢êmë∫,6,729,729,-,96,145,-,13.2,19.9,245,245,80,80,32.7,32.7
5346,ì°ó¢í¨,24,1119,1119,1,250,275,4.2,22.3,24.6,334,334,165,160,49.4,47.9
5348,éOéÌí¨,121,5877,5877,1,635,695,0.8,10.8,11.8,1711,1711,413,404,24.1,23.6
5349,î™ïÙí¨,55,2590,2590,-,361,390,-,13.9,15.1,808,808,262,259,32.4,32.1
5361,å‹èÈñ⁄í¨,92,3126,3126,-,283,325,-,9.1,10.4,863,863,197,190,22.8,22
5363,î™òYäÉí¨,67,2201,2201,5,256,278,7.5,11.6,12.6,610,610,169,148,27.7,24.3
5366,à‰êÏí¨,19,1721,1721,2,222,248,10.5,12.9,14.4,406,406,122,105,30,25.9
5368,ëÂäÉë∫,4,1116,1116,-,451,478,-,40.4,42.8,816,816,410,432,50.2,52.9
5434,î¸ãΩí¨,123,7435,7435,11,1330,1514,8.9,17.9,20.4,1717,1717,658,721,38.3,42
5463,âHå„í¨,107,5644,5644,6,449,599,5.6,8,10.6,1592,1592,297,317,18.7,19.9
5464,ìåê¨ê£ë∫,9,973,973,3,145,195,33.3,14.9,20,245,245,75,90,30.6,36.7
6000,éRå`åß,5789,410476,410476,1181,58975,56254,8.2,14.4,13.7,72306,72296,28440,25934,42.3,38.3
6201,éRå`és,1822,95287,95287,79,9531,9227,4.3,10,9.7,Åc,Åc,Åc,Åc,Åc,Åc
6202,ïƒëÚés,691,30847,30847,40,2979,2842,5.8,9.7,9.2,6853,6853,2200,2052,32.1,29.9
6203,íﬂâ™és,1171,47407,47407,134,7772,7405,11.4,16.4,15.6,11554,11554,5125,4746,44.4,41.1
6204,éìcés,155,39036,39036,66,6108,5351,42.6,15.6,13.7,9688,9688,4226,3490,43.6,36
6205,êVèØés,278,13630,13630,22,1891,1758,7.9,13.9,12.9,3501,3501,1242,1157,35.5,33
6206,ä¶âÕç]és,67,15393,15393,3,2599,2398,4.5,16.9,15.6,Åc,Åc,Åc,Åc,Åc,Åc
6207,è„éRés,136,11113,11113,3,1699,1569,2.2,15.3,14.1,2982,2982,1021,914,34.2,30.7
6208,ë∫éRés,40,8338,8338,-,1574,1514,-,18.9,18.2,2333,2333,1013,943,43.4,40.4
6209,í∑à‰és,160,10480,10480,22,1330,1314,13.8,12.7,12.5,2655,2655,Åc,Åc,Åc,Åc
6210,ìVì∂és,292,23590,23590,16,3364,3336,5.5,14.3,14.1,5580,5580,2272,2221,40.7,39.8
6211,ìåç™és,119,18054,18054,4,2805,2752,3.4,15.5,15.2,4014,4014,1783,1688,44.4,42.1
6212,îˆâ‘ëÚés,50,5739,5739,1,1106,1093,2,19.3,19,1792,1792,802,763,44.8,42.6
6213,ìÏózés,105,11612,11612,6,1633,1674,5.7,14.1,14.4,2728,2728,Åc,Åc,Åc,Åc
6301,éRï”í¨,32,5459,5459,1,759,712,3.1,13.9,13,1170,1170,486,442,41.5,37.8
6302,íÜéRí¨,26,4316,4316,-,720,722,-,16.7,16.7,Åc,Åc,466,451,Åc,Åc
6321,âÕñkí¨,61,6715,6715,7,1007,946,11.5,15,14.1,1582,1582,703,603,44.4,38.1
6322,êºêÏí¨,5,1830,1830,-,424,545,-,23.2,29.8,530,530,Åc,128,Åc,24.2
6323,í©ì˙í¨,19,2362,2362,-,583,544,-,24.7,23,879,869,464,411,52.8,47.3
6324,ëÂç]í¨,19,2803,2803,-,521,489,-,18.6,17.4,781,781,362,337,46.4,43.1
6341,ëÂêŒìcí¨,16,2469,2469,1,517,484,6.3,20.9,19.6,731,731,382,354,52.3,48.4
6361,ã‡éRí¨,40,1972,1972,3,453,362,7.5,23,18.4,464,464,247,190,53.2,40.9
6362,ç≈è„í¨,40,3106,3106,4,610,594,10,19.6,19.1,978,978,423,402,43.3,41.1
6363,èMå`í¨,22,1946,1946,-,398,408,-,20.5,21,532,532,182,121,34.2,22.7
6364,ê^é∫êÏí¨,32,2779,2779,-,493,410,-,17.7,14.8,811,811,283,226,34.9,27.9
6365,ëÂë†ë∫,7,1125,1125,1,331,321,14.3,29.4,28.5,336,336,Åc,Åc,Åc,Åc
6366,ç¯êÏë∫,-,1520,1520,-,334,311,-,22,20.5,471,471,229,203,48.6,43.1
6367,åÀëÚë∫,Åc,1649,1649,708,312,349,Åc,18.9,21.2,486,486,212,193,43.6,39.7
6381,çÇî©í¨,109,8561,8561,4,1462,1363,3.7,17.1,15.9,2175,2175,995,882,45.7,40.6
6382,êÏêºí¨,56,5683,5683,6,929,896,10.7,16.3,15.8,Åc,Åc,Åc,Åc,Åc,Åc
6401,è¨çëí¨,25,2574,2574,-,213,184,-,8.3,7.1,655,655,150,121,22.9,18.5
6402,îíëÈí¨,29,4935,4935,11,903,886,37.9,18.3,18,1203,1203,615,578,51.1,48
6403,î—ñLí¨,37,2528,2528,4,393,386,10.8,15.5,15.3,631,631,278,240,44.1,38
6426,éOêÏí¨,14,2748,2748,4,524,500,28.6,19.1,18.2,774,774,368,332,47.5,42.9
6428,èØì‡í¨,69,7850,7850,20,1631,1552,29,20.8,19.8,2034,2034,1166,1053,57.3,51.8
6461,óVç≤í¨,45,5020,5020,11,1067,1057,24.4,21.3,21.1,1403,1403,745,693,53.1,49.4
7000,ïüìáåß,13933,726413,726413,2163,75874,70618,10,10.3,9.6,181735,181739,52645,44474,28.6,24.2
7201,ïüìáés,2633,107845,107845,361,10460,10435,13.7,9.7,9.7,23862,23862,6696,6269,28.1,26.3
7202,âÔí√é·èºés,1484,45279,45279,128,2856,2836,8.6,6.3,6.3,11309,11309,2169,2009,19.2,17.8
7203,åSéRés,2856,130093,130093,304,11669,11549,10.6,9,8.9,30787,30787,8265,7386,26.8,24
7204,Ç¢ÇÌÇ´és,3214,125416,125416,278,8547,7926,8.6,6.8,6.3,25914,25914,5491,4641,21.2,17.9
7205,îíâÕés,391,23837,23837,26,2661,2490,6.6,11.2,10.4,6034,6034,1991,1783,33,29.5
7207,ê{âÍêÏés,532,29832,29832,22,3088,2232,4.1,10.4,7.5,7195,7195,2475,1619,34.4,22.5
7208,äÏëΩï˚és,358,17305,17305,15,1809,1650,4.2,10.5,9.5,4987,4987,1433,1161,28.7,23.3
7209,ëäînés,32,12947,12947,2,1655,1492,6.3,12.8,11.5,3501,3501,1242,782,35.5,22.3
7210,ìÒñ{èºés,348,21041,21041,11,1963,1581,3.2,9.3,7.5,5518,5518,1430,996,25.9,18.1
7211,ìcë∫és,149,13871,13871,9,1850,1643,6,13.3,11.8,4223,4227,1170,960,27.7,22.7
7212,ìÏëäînés,224,22695,22695,28,2268,2313,12.5,10,10.2,8509,8509,1603,1496,18.8,17.6
7213,à…íBés,211,22368,22368,23,3138,2848,10.9,14,12.7,5993,5993,2543,2153,42.4,35.9
7214,ñ{ã{és,68,12003,12003,6,1617,1602,8.8,13.5,13.3,2622,2622,903,796,34.4,30.4
7301,åKê‹í¨,39,4394,4394,12,573,437,30.8,13,9.9,1311,1311,441,301,33.6,23
7303,çëå©í¨,29,3225,3225,5,464,419,17.2,14.4,13,1026,1026,368,294,35.9,28.7
7308,êÏñìí¨,60,4789,4789,16,569,549,26.7,11.9,11.5,1369,1369,397,364,29,26.6
7322,ëÂã ë∫,12,3386,3386,1,440,617,8.3,13,18.2,763,763,290,298,38,39.1
7342,ãæêŒí¨,81,4883,4883,5,647,626,6.2,13.3,12.8,1083,1083,372,323,34.3,29.8
7344,ìVâhë∫,8,2108,2108,2,372,317,25,17.6,15,580,580,235,194,40.5,33.4
7362,â∫ãΩí¨,15,1916,1916,9,259,230,60,13.5,12,720,720,182,121,25.3,16.8
7364,ûwé}äÚë∫,1,198,198,-,70,40,-,35.4,20.2,77,77,54,33,70.1,42.9
7367,ë¸å©í¨,3,1370,1370,-,204,156,-,14.9,11.4,417,417,159,113,38.1,27.1
7368,ìÏâÔí√í¨,82,5385,5385,9,642,475,11,11.9,8.8,1585,1585,525,332,33.1,20.9
7402,ñkâñå¥ë∫,Åc,1035,1035,15,156,134,Åc,15.1,12.9,356,356,117,95,32.9,26.7
7405,êºâÔí√í¨,33,2052,2052,14,503,470,42.4,24.5,22.9,Åc,Åc,344,302,Åc,Åc
7407,î÷íÚí¨,4,1218,1218,-,243,209,-,20,17.2,388,388,174,125,44.8,32.2
7408,íñïcë„í¨,38,5024,5024,4,791,815,10.5,15.7,16.2,1468,1468,548,485,37.3,33
7421,âÔí√ç‚â∫í¨,78,5926,5926,9,546,559,11.5,9.2,9.4,1857,1857,412,394,22.2,21.2
7422,ìíêÏë∫,12,1200,1200,4,227,203,33.3,18.9,16.9,333,333,155,122,46.5,36.6
7423,ñˆí√í¨,15,1069,1069,9,216,205,60,20.2,19.2,364,364,159,135,43.7,37.1
7444,éOìáí¨,6,463,463,-,81,66,-,17.5,14.3,141,141,63,43,44.7,30.5
7445,ã‡éRí¨,7,553,553,3,112,121,42.9,20.3,21.9,207,207,86,77,41.5,37.2
7446,è∫òaë∫,5,382,382,4,78,55,80,20.4,14.4,209,209,64,44,30.6,21.1
7447,âÔí√î¸ó¢í¨,89,7473,7473,9,1012,868,10.1,13.5,11.6,2347,2347,764,556,32.6,23.7
7461,êºãΩë∫,196,8107,8107,9,870,790,4.6,10.7,9.7,1820,1820,583,501,32,27.5
7464,êÚçËë∫,20,2492,2492,5,345,331,25,13.8,13.3,645,645,260,205,40.3,31.8
7465,íÜìáë∫,6,1991,1991,1,312,313,16.7,15.7,15.7,734,734,217,186,29.6,25.3
7466,ñÓêÅí¨,30,6605,6605,12,968,800,40,14.7,12.1,1867,1867,739,563,39.6,30.2
7481,íIëqí¨,96,5160,5160,12,781,677,12.5,15.1,13.1,1380,1380,529,391,38.3,28.3
7482,ñÓç’í¨,28,2076,2076,1,349,275,3.6,16.8,13.2,593,593,237,149,40,25.1
7483,î∑í¨,19,3157,3157,7,619,518,36.8,19.6,16.4,793,793,Åc,Åc,Åc,Åc
7484,éLêÏë∫,10,1169,1169,-,285,258,-,24.4,22.1,420,420,204,171,48.6,40.7
7501,êŒêÏí¨,65,5639,5639,8,661,604,12.3,11.7,10.7,1651,1651,460,393,27.9,23.8
7502,ã êÏë∫,20,2466,2466,1,373,337,5,15.1,13.7,653,653,272,209,41.7,32
7503,ïΩìcë∫,47,2378,2378,2,396,578,4.3,16.7,24.3,692,692,265,279,38.3,40.3
7504,êÛêÏí¨,1,2368,2368,1,385,418,100,16.3,17.7,600,600,243,228,40.5,38
7505,å√ìaí¨,21,1885,1885,2,273,278,9.5,14.5,14.7,535,535,176,150,32.9,28
7521,éOètí¨,30,6669,6669,2,875,723,6.7,13.1,10.8,1825,1825,660,525,36.2,28.8
7522,è¨ñÏí¨,74,3748,3748,2,364,302,2.7,9.7,8.1,1024,1024,238,178,23.2,17.4
7541,çLñÏí¨,9,1894,1894,-,315,291,-,16.6,15.4,561,561,236,191,42.1,34
7542,ìËótí¨,24,2650,2650,-,748,617,-,28.2,23.3,954,954,431,379,45.2,39.7
7543,ïxâ™í¨,Åc,5096,5096,7,862,662,Åc,16.9,13,1921,1921,732,547,38.1,28.5
7544,êÏì‡ë∫,3,876,876,2,159,114,66.7,18.2,13,319,319,126,85,39.5,26.6
7545,ëÂåFí¨,6,3911,3911,-,928,853,-,23.7,21.8,Åc,Åc,465,411,Åc,Åc
7546,ëoótí¨,Åc,2147,2147,743,503,462,Åc,23.4,21.5,986,986,335,301,34,30.5
7547,òQç]í¨,85,6138,6138,-,1423,1132,-,Åc,Åc,2925,2925,1112,965,38,33
7548,äãîˆë∫,-,489,489,-,126,89,-,25.8,18.2,193,193,41,43,21.2,Åc
7561,êVíní¨,26,2907,2907,3,555,504,11.5,19.1,17.3,784,784,372,288,47.4,36.7
7564,î—ä⁄ë∫,-,1814,1814,-,613,524,-,33.8,28.9,805,805,392,334,48.7,41.5
8000,àÔèÈåß,23852,1147357,1147357,823,83365,76892,3.5,7.3,6.7,288345,288350,57786,46181,20,16
8201,êÖåÀés,4223,105566,105566,190,6151,5671,4.5,5.8,5.4,25871,25871,4042,3524,15.6,13.6
8202,ì˙óßés,1801,68254,68254,80,1420,2945,4.4,2.1,4.3,14539,14539,1145,1135,7.9,7.8
8203,ìyâYés,1291,56041,56041,63,2734,2669,4.9,4.9,4.8,13626,13626,1818,1390,13.3,10.2
8204,å√âÕés,1756,56964,56964,36,3275,3756,2.1,5.7,6.6,14816,14816,2181,2309,14.7,15.6
8205,êŒâ™és,801,28697,28697,9,1812,1526,1.1,6.3,5.3,7531,7531,1294,1019,17.2,13.5
8207,åãèÈés,380,19356,19356,13,1430,1387,3.4,7.4,7.2,5163,5163,1022,920,19.8,17.8
8208,ó¥ÉPçËés,762,31495,31495,21,1926,1448,2.8,6.1,4.6,7977,7977,1444,1031,18.1,12.9
8210,â∫ç»és,304,17171,17171,-,1414,1582,-,8.2,9.2,4652,4652,1020,928,21.9,19.9
8211,èÌëçés,261,24446,24446,29,1753,1824,11.1,7.2,7.5,6014,6014,1226,1062,20.4,17.7
8212,èÌó§ëæìcés,271,19428,19428,-,1885,1947,-,9.7,10,5440,5440,1305,1054,24,19.4
8214,çÇîãés,193,10557,10557,9,730,422,4.7,6.9,4,2574,2574,581,231,22.6,9
8215,ñkàÔèÈés,310,16576,16576,7,1320,810,2.3,8,4.9,4088,4088,1047,475,25.6,11.6
8216,ä}ä‘és,742,29813,29813,28,2838,2229,3.8,9.5,7.5,8291,8291,2023,1452,24.4,17.5
8217,éÊéËés,1165,41857,41857,36,2387,1623,3.1,5.7,3.9,10223,10223,1867,996,18.3,9.7
8219,ãçãvés,459,34014,34014,23,1669,1470,5,4.9,4.3,7779,7779,1277,1043,16.4,13.4
8220,Ç¬Ç≠ÇŒés,945,97830,97830,66,3562,4967,7,3.6,5.1,17971,17971,2004,2385,11.2,13.3
8221,Ç–ÇΩÇøÇ»Ç©és,971,63390,63390,39,3833,3744,4,6,5.9,12995,12995,2437,2092,18.8,16.1
8222,é≠ìàés,537,25778,25778,8,1519,1018,1.5,5.9,3.9,7280,7280,1220,674,16.8,9.3
8223,í™óàés,250,10741,10741,1,1003,1008,0.4,9.3,9.4,3252,3252,856,630,26.3,19.4
8224,éÁíJés,123,28750,28750,28,1757,1178,22.8,6.1,4.1,4983,4983,1392,504,27.9,10.1
8225,èÌó§ëÂã{és,229,15432,15432,5,3294,1901,2.2,21.3,12.3,4964,4964,1431,1222,28.8,24.6
8226,ìﬂâœés,261,21851,21851,9,1753,1724,3.4,8,7.9,5689,5689,1166,1026,20.5,18
8227,í}êºés,828,40406,40406,11,3508,3253,1.3,8.7,8.1,11773,11773,2486,2170,21.1,18.4
8228,ç‚ìåés,401,21376,21376,3,2290,2102,0.7,10.7,9.8,6186,6186,1666,1473,26.9,23.8
8229,àÓï~és,310,15677,15677,3,1041,786,1,6.6,5,4641,4641,771,534,16.6,11.5
8230,Ç©Ç∑Ç›Ç™Ç§ÇÁ,227,16220,16220,3,1746,929,1.3,10.8,5.7,3949,3949,770,594,19.5,15
8231,ç˜êÏés,265,16148,16148,2,1804,1669,0.8,11.2,10.3,4872,4872,1198,984,24.6,20.2
8232,ê_ê≤és,761,38561,38561,23,3429,3003,3,8.9,7.8,9966,9966,2651,1876,26.6,18.8
8233,çsï˚és,229,12958,12958,2,1974,1565,0.9,15.2,12.1,4823,4823,1666,1273,34.5,26.4
8234,ñgìcés,515,18197,18197,14,3657,3143,2.7,20.1,17.3,7875,7875,2902,2351,36.9,29.9
8235,Ç¬Ç≠ÇŒÇ›ÇÁÇ¢,148,20668,20668,3,1343,1292,2,6.5,6.3,4188,4188,949,785,22.7,18.7
8236,è¨î¸ã és,401,19590,19590,3,1873,1391,0.7,9.6,7.1,5378,5378,1421,913,26.4,17
8302,àÔèÈí¨,233,12234,12234,7,1408,1180,3,11.5,9.6,3724,3724,1052,828,28.2,22.2
8309,ëÂêÙí¨,268,6476,6476,13,836,762,4.9,12.9,11.8,2089,2089,615,485,29.4,23.2
8310,èÈó¢í¨,85,7659,7659,-,1145,823,-,14.9,10.7,2310,2310,855,558,37,24.2
8341,ìåäCë∫,190,15257,15257,7,1765,2167,3.7,11.6,14.2,2860,2860,732,701,25.6,24.5
8364,ëÂéqí¨,186,5880,5880,17,889,854,9.1,15.1,14.5,2211,2211,745,588,33.7,26.6
8442,î¸âYë∫,97,6212,6212,3,575,492,3.1,9.3,7.9,1566,1566,349,263,22.3,16.8
8443,à¢å©í¨,404,19424,19424,9,1002,1351,2.2,5.2,7,4825,4825,629,658,13,13.6
8447,âÕì‡í¨,1,3298,3298,-,278,245,-,8.4,7.4,1036,1036,116,135,11.2,13
8521,î™êÁë„í¨,53,8213,8213,-,1102,889,-,13.4,10.8,2712,2712,834,608,30.8,22.4
8542,å‹â‡í¨,-,3408,3408,-,372,412,-,10.9,12.1,956,956,249,206,26,21.5
8546,ã´í¨,132,9874,9874,-,1409,1300,-,14.3,13.2,2985,2985,951,836,31.9,28
8564,óòç™í¨,83,5614,5614,-,454,435,-,8.1,7.7,1702,1707,381,260,22.4,15.2
9000,ì»ñÿåß,16375,780567,780534,954,72479,77810,5.8,9.3,10,198434,198434,43358,43064,21.9,21.7
9201,âFìsã{és,6755,210263,210263,431,15711,16131,6.4,7.5,7.7,43713,43713,8157,7776,18.7,17.8
9202,ë´óòés,977,57687,57687,48,2945,4049,4.9,5.1,7,14853,14853,1949,2725,13.1,18.3
9203,ì»ñÿés,1210,62322,62322,40,5331,5358,3.3,8.6,8.6,16164,16164,3176,2937,19.6,18.2
9204,ç≤ñÏés,1094,46520,46520,35,3862,4011,3.2,8.3,8.6,11691,11691,2186,2135,18.7,18.3
9205,é≠è¿és,421,38289,38289,38,2219,3962,9,5.8,10.3,9972,9972,1034,1620,10.4,16.2
9206,ì˙åıés,631,30741,30741,13,3572,3789,2.1,11.6,12.3,9145,9145,2417,2366,26.4,25.9
9208,è¨éRés,1158,68261,68261,88,4954,5184,7.6,7.3,7.6,15996,15996,2938,2837,18.4,17.7
9209,ê^â™és,542,32101,32101,33,3817,3849,6.1,11.9,12,12775,12775,2638,2473,20.6,19.4
9210,ëÂìcå¥és,563,28365,28365,41,4053,4267,7.3,14.3,15,8446,8446,2487,2391,29.4,28.3
9211,ñÓî¬és,159,12510,12510,3,1434,1507,1.9,11.5,12,3300,3300,883,808,26.8,24.5
9213,ìﬂê{âñå¥és,809,47527,47527,32,5147,5646,4,10.8,11.9,12828,12828,2755,2803,21.5,21.9
9214,Ç≥Ç≠ÇÁés,230,17385,17385,16,2397,2336,7,13.8,13.4,3079,3079,1370,1233,44.5,40
9215,ìﬂê{âGéRés,121,10194,10194,6,940,987,5,9.2,9.7,3402,3402,643,599,18.9,17.6
9216,â∫ñÏés,278,24046,24046,18,4176,4145,6.5,17.4,17.2,5514,5514,2048,1899,37.1,34.4
9301,è„éOêÏí¨,130,12809,12809,19,1669,1762,14.6,13,13.8,2960,2960,1339,1275,45.2,43.1
9342,âvéqí¨,133,9352,9352,13,1366,1554,9.8,14.6,16.6,3071,3071,943,967,30.7,31.5
9343,ñŒñÿí¨,78,4766,4733,3,961,1023,3.8,20.2,21.6,1637,1637,620,610,37.9,37.3
9344,ésäLí¨,82,4801,4801,-,927,972,-,19.3,20.2,1293,1293,693,674,53.6,52.1
9345,ñFâÍí¨,100,6020,6020,4,1126,1009,4,18.7,16.8,1885,1885,704,579,37.3,30.7
9361,êpê∂í¨,306,15379,15379,-,1069,1191,-,7,7.7,3704,3704,935,956,25.2,25.8
9364,ñÏñÿí¨,169,10079,10079,18,1127,1221,10.7,11.2,12.1,2695,2695,638,655,23.7,24.3
9384,âñíJí¨,55,4012,4012,2,569,590,3.6,14.2,14.7,1237,1237,385,320,31.1,25.9
9386,çÇç™ëÚí¨,85,11395,11395,16,793,890,18.8,7,7.8,2980,2980,744,805,25,27
9407,ìﬂê{í¨,159,9805,9805,16,1333,1358,10.1,13.6,13.9,4044,4044,970,966,24,23.9
9411,ìﬂâœêÏí¨,130,5938,5938,21,981,1019,16.2,16.5,17.2,2050,2050,706,655,34.4,32
10000,åQînåß,12036,766253,766253,1340,59673,59786,11.1,7.8,7.8,188778,188778,35421,30703,18.8,16.3
10201,ëOã¥és,3536,130983,130983,415,14258,13182,11.7,10.9,10.1,30358,30358,8108,6897,26.7,22.7
10202,çÇçËés,2639,146864,146864,273,9016,8476,10.3,6.1,5.8,32636,32636,5342,4562,16.4,14
10203,ãÀê∂és,444,40909,40909,76,1970,2969,17.1,4.8,7.3,11139,11139,1203,1681,10.8,15.1
10204,à…ê®çËés,1394,84718,84718,184,5304,5831,13.2,6.3,6.9,18988,18988,3432,2741,18.1,14.4
10205,ëæìcés,978,86898,86898,131,4593,6869,13.4,5.3,7.9,20362,20362,2854,3251,14,16
10206,è¿ìcés,206,17932,17932,25,1049,1217,12.1,5.8,6.8,5524,5524,702,673,12.7,12.2
10207,äŸó—és,366,30470,30470,18,2466,2007,4.9,8.1,6.6,7493,7493,1503,1026,20.1,13.7
10208,èaêÏés,429,29135,29135,19,2746,2095,4.4,9.4,7.2,7965,7965,1693,1159,21.3,14.6
10209,ì°â™és,256,25431,25431,17,1951,1361,6.6,7.7,5.4,6540,6540,1249,762,19.1,11.7
10210,ïxâ™és,194,18569,18569,10,1299,918,5.2,7,4.9,5416,5416,623,460,11.5,8.5
10211,à¿íÜés,313,22008,22008,35,542,1548,11.2,2.5,7,5516,5516,383,956,6.9,17.3
10212,Ç›Ç«ÇËés,199,19904,19904,43,1410,1478,21.6,7.1,7.4,5216,5216,860,780,16.5,15
10344,êYìåë∫,59,5729,5729,3,753,814,5.1,13.1,14.2,1405,1405,388,351,27.6,25
10345,ãgâ™í¨,57,8801,8801,3,901,1024,5.3,10.2,11.6,1761,1761,431,419,24.5,23.8
10366,è„ñÏë∫,4,342,342,1,71,137,25,20.8,40.1,127,127,68,33,53.5,26
10367,ê_ó¨í¨,9,515,515,-,91,89,-,17.7,17.3,216,216,73,54,33.8,25
10382,â∫êmìcí¨,35,2520,2520,1,365,241,2.9,14.5,9.6,976,976,307,185,31.5,19
10383,ìÏñqë∫,4,483,483,-,85,63,-,17.6,13,217,217,Åc,Åc,Åc,Åc
10384,ä√äyí¨,15,5012,5012,2,521,556,13.3,10.4,11.1,1541,1541,311,267,20.2,17.3
10421,íÜîVèí¨,27,5685,5685,1,833,904,3.7,14.7,15.9,1630,1630,557,453,34.2,27.8
10424,í∑ñÏå¥í¨,15,2134,2134,-,353,318,-,16.5,14.9,710,710,220,167,31,23.5
10425,í⁄óˆë∫,21,3715,3715,-,433,511,-,11.7,13.8,1634,1634,294,332,18,20.3
10426,ëêí√í¨,69,2280,2280,6,104,124,8.7,4.6,5.4,676,676,82,63,12.1,9.3
10428,çÇéRë∫,8,1291,1291,-,140,125,-,10.8,9.7,489,489,98,71,20,14.5
10429,ìåå·ç»í¨,23,4829,4829,3,816,653,13,16.9,13.5,1450,1450,564,392,38.9,27
10443,ï–ïië∫,7,1640,1640,1,361,274,14.3,22,16.7,736,736,271,183,36.8,24.9
10444,êÏèÍë∫,1,1167,1167,-,277,212,-,23.7,18.2,377,377,Åc,Åc,Åc,Åc
10448,è∫òaë∫,16,2693,2693,-,397,305,-,14.7,11.3,1253,1253,327,211,26.1,16.8
10449,Ç›Ç»Ç©Ç›í¨,67,6993,6993,7,846,923,10.4,12.1,13.2,2314,2314,552,442,23.9,19.1
10464,ã ë∫í¨,184,15167,15167,12,1242,730,6.5,8.2,4.8,3601,3601,869,339,24.1,9.4
10521,î¬ëqí¨,57,5744,5744,6,820,580,10.5,14.3,10.1,1745,1745,614,294,35.2,16.8
10522,ñæòaí¨,19,4302,4302,-,491,382,-,11.4,8.9,1075,1075,352,220,32.7,20.5
10523,êÁë„ìcí¨,27,4408,4408,4,618,543,14.8,14,12.3,1181,1181,395,271,33.4,22.9
10524,ëÂêÚí¨,280,16548,16548,34,1102,1126,12.1,6.7,6.8,3724,3724,696,453,18.7,12.2
10525,óWäyí¨,78,10434,10434,10,1449,1201,12.8,13.9,11.5,2787,2787,-,555,-,19.9
11000,çÈã åß,72502,2985396,2985396,7191,167054,195807,9.8,5.6,6.6,675589,675465,105453,117119,15.9,17.7
11100,Ç≥Ç¢ÇΩÇ‹és,15526,539732,539732,1975,42569,40613,12.7,7.9,7.5,99964,99964,22949,20546,23,20.6
11201,êÏâzés,3219,141017,141017,78,1314,7957,2.4,0.9,5.6,31867,31867,329,5364,1,16.8
11202,åFíJés,1990,79288,79288,22,6167,6241,1.1,7.8,7.9,20212,20212,3478,3399,17.2,16.8
11203,êÏå˚és,7913,245183,245183,881,12490,15637,11.1,5.1,6.4,52886,52886,7339,9594,13.9,18.1
11206,çsìcés,838,32134,32134,6,531,1517,0.7,1.7,4.7,8254,8254,260,991,3.1,12
11207,íÅïÉés,581,24112,24112,24,1436,1020,4.1,6,4.2,6461,6461,1404,555,21.7,8.6
11208,èäëÚés,3875,139902,139902,208,1893,6965,5.4,1.4,5,32612,32612,738,4687,2.3,14.4
11209,î—î\és,702,32077,32077,11,880,1080,1.6,2.7,3.4,8467,8467,418,487,4.9,5.8
11210,â¡ê{és,792,46097,46097,63,3398,4164,8,7.4,9,11682,11682,1989,2350,17,20.1
11211,ñ{èØés,716,31936,31936,21,2134,2818,2.9,6.7,8.8,8177,8104,1567,2310,19.2,28.5
11212,ìåèºéRés,979,36273,36273,8,805,1754,0.8,2.2,4.8,8516,8516,689,1022,8.1,12
11214,ètì˙ïîés,2769,93776,93776,699,8364,7410,25.2,8.9,7.9,23519,23519,6609,5699,28.1,24.2
11215,ã∑éRés,659,59323,59323,115,4126,3552,17.5,7,6,16817,16817,3170,2507,18.8,14.9
11216,âHê∂és,469,21735,21735,137,833,1292,29.2,3.8,5.9,5618,5618,418,722,7.4,12.9
11217,çÉëÉés,623,47627,47627,128,593,3438,20.5,1.2,7.2,11186,11186,350,1972,3.1,17.6
11218,ê[íJés,1214,56996,56996,26,3711,3882,2.1,6.5,6.8,14567,14567,3093,3119,21.2,21.4
11219,è„îˆés,1934,92790,92790,239,4946,5752,12.4,5.3,6.2,18974,18974,3310,3837,17.4,20.2
11221,ëêâ¡és,Åc,103376,103376,115,3893,4591,Åc,3.8,4.4,22776,22776,2681,2845,11.8,12.5
11222,âzíJés,3130,138995,138995,360,7907,6686,11.5,5.7,4.8,30732,30732,5579,4141,18.2,13.5
11223,ònés,1147,29504,29504,207,2575,1884,18,8.7,6.4,7568,7568,1944,847,25.7,11.2
11224,åÀìcés,1655,58524,58524,182,4100,3416,11,7,5.8,16156,16156,2538,1945,15.7,12
11225,ì¸ä‘és,1095,60022,60022,73,4885,4454,6.7,8.1,7.4,14971,14971,3845,3166,25.7,21.1
11227,í©â‡és,1392,59212,59212,218,3322,3717,15.7,5.6,6.3,11394,11394,2319,2154,20.4,18.9
11228,éuñÿés,678,30699,30699,112,1574,2092,16.5,5.1,6.8,6635,6635,1022,1044,15.4,15.7
11229,òaåıés,543,33291,33291,82,3021,3085,15.1,9.1,9.3,5954,5954,2041,1985,34.3,33.3
11230,êVç¿és,2189,68208,68208,260,6384,5974,11.9,9.4,8.8,14926,14926,3766,3382,25.2,22.7
11231,â±êÏés,623,29929,29929,53,806,2330,8.5,2.7,7.8,6795,6795,393,1634,5.8,24
11232,ãväÏés,1501,61117,61117,104,3329,5385,6.9,5.4,8.8,14321,14321,Åc,Åc,Åc,Åc
11233,ñkñ{és,542,26797,26797,114,781,1920,21,2.9,7.2,6611,6611,414,1300,6.3,19.7
11234,î™í™és,1080,36670,36670,15,834,2216,1.4,2.3,6,7443,7443,397,1716,5.3,23.1
11235,ïxémå©és,1379,44496,44496,125,2779,2447,9.1,6.2,5.5,9638,9638,2090,1720,21.7,17.8
11237,éOãΩés,2194,56498,56498,84,3726,3602,3.8,6.6,6.4,14610,14610,3147,2965,21.5,20.3
11238,ò@ìcés,107,24090,24090,5,1618,1643,4.7,6.7,6.8,5769,5769,980,963,17,16.7
11239,ç‚åÀés,539,39757,39757,75,876,2028,13.9,2.2,5.1,9658,9658,468,973,4.8,10.1
11240,çKéËés,456,20289,20289,10,1169,1430,2.2,5.8,7,5635,5635,726,897,12.9,15.9
11241,íﬂÉPìáés,602,28182,28182,41,523,1513,6.8,1.9,5.4,6681,6681,362,1190,5.4,17.8
11242,ì˙çÇés,459,21963,21963,11,791,1082,2.4,3.6,4.9,5794,5794,559,589,9.6,10.2
11243,ãgêÏés,625,28974,28974,31,896,696,5,3.1,2.4,6201,6201,823,538,13.3,8.7
11245,Ç”Ç∂Ç›ñÏés,1265,47003,47003,106,2970,2977,8.4,6.3,6.3,9264,9264,2199,1972,23.7,21.3
11246,îíâ™és,245,20949,20949,10,797,769,4.1,3.8,3.7,4485,4485,479,430,10.7,9.6
11301,à…ìﬁí¨,196,18451,18451,21,69,944,10.7,0.4,5.1,3301,3301,21,696,0.6,21.1
11324,éOñFí¨,377,15458,15458,34,1170,1059,9,7.6,6.9,3961,3961,861,775,21.7,19.6
11326,ñ—òCéRí¨,569,13077,13077,12,842,1121,2.1,6.4,8.6,3557,3557,762,787,21.4,22.1
11327,âzê∂í¨,80,4540,4540,5,182,280,6.3,4,6.2,1409,1409,145,152,10.3,10.8
11341,ääêÏí¨,129,7770,7770,3,215,234,2.3,2.8,3,1681,1681,194,164,11.5,9.8
11342,óíéRí¨,151,7432,7432,19,283,280,12.6,3.8,3.8,1821,1821,176,134,9.7,7.4
11343,è¨êÏí¨,432,11577,11577,6,368,475,1.4,3.2,4.1,3550,3550,219,258,6.2,7.3
11346,êÏìáí¨,114,7749,7749,7,732,729,6.1,9.4,9.4,2208,2208,655,624,29.7,28.3
11347,ãgå©í¨,111,7911,7911,2,528,571,1.8,6.7,7.2,2287,2287,387,364,16.9,15.9
11348,îµéRí¨,Åc,5025,5025,-,218,307,Åc,4.3,6.1,1626,1626,183,243,11.3,14.9
11349,Ç∆Ç´Ç™ÇÌí¨,82,4391,4391,4,259,424,4.9,5.9,9.7,1433,1433,240,256,16.7,17.9
11361,â°ê£í¨,44,3149,3149,3,327,327,6.8,10.4,10.4,947,947,229,171,24.2,18.1
11362,äFñÏí¨,50,3518,3518,-,347,330,-,9.9,9.4,982,931,233,272,23.7,29.2
11363,í∑ì“í¨,42,2686,2686,-,221,228,-,8.2,8.5,839,839,171,152,20.4,18.1
11365,è¨é≠ñÏí¨,69,4403,4403,-,406,478,-,9.2,10.9,1481,1481,365,329,24.6,22.2
11369,ìåíÅïÉë∫,19,1021,1021,-,213,207,-,20.9,20.3,367,367,142,124,38.7,33.8
11381,î¸ó¢í¨,49,4401,4401,5,368,477,10.2,8.4,10.8,1243,1243,266,308,21.4,24.8
11383,ê_êÏí¨,122,5424,5424,3,482,545,2.5,8.9,10,1523,1523,321,260,21.1,17.1
11385,è„ó¢í¨,287,12765,12765,13,652,931,4.5,5.1,7.3,3318,3318,480,538,14.5,16.2
11408,äÒãèí¨,431,13043,13043,8,1465,1484,1.9,11.2,11.4,3618,3618,1167,1126,32.3,31.1
11442,ã{ë„í¨,241,12915,12915,8,651,1526,3.3,5,11.8,3270,3270,426,770,13,23.5
11464,êôåÀí¨,417,18045,18045,2,761,1002,0.5,4.2,5.6,4306,4306,507,556,11.8,12.9
11465,èºïöí¨,245,12102,12102,2,549,819,0.8,4.5,6.8,3065,3065,421,503,13.7,16.4
12000,êÁótåß,66700,2534247,2534245,5952,183422,183032,8.9,7.2,7.2,574893,574893,104083,91906,18.1,16.1
12100,êÁótés,16873,399136,399136,912,29937,27208,5.4,7.5,6.8,78631,78631,15988,13908,20.3,17.7
12202,í∂éqés,319,22874,22874,24,1077,1642,7.5,4.7,7.2,7795,7795,694,836,8.9,10.7
12203,ésêÏés,6499,197975,197975,1045,22463,20237,16.1,11.3,10.2,39289,39289,12041,10326,30.6,26.3
12204,ëDã¥és,7473,261010,261010,1332,23719,22732,17.8,9.1,8.7,50531,50531,11146,9769,22.1,19.3
12205,äŸéRés,523,16964,16964,14,1677,1676,2.7,9.9,9.9,5628,5628,1192,867,21.2,15.4
12206,ñÿçXí√és,1530,53574,53574,20,1653,1469,1.3,3.1,2.7,12584,12584,1020,748,8.1,5.9
12207,èºåÀés,8045,200630,200630,734,13939,12587,9.1,6.9,6.3,42152,42152,8770,7558,20.8,17.9
12208,ñÏìcés,1438,60942,60942,42,3917,4633,2.9,6.4,7.6,15566,15566,2098,2615,13.5,16.8
12210,ñŒå¥és,861,35791,35791,12,1914,2174,1.4,5.3,6.1,10102,10102,1302,1017,12.9,10.1
12211,ê¨ìcés,1008,51141,51141,33,4301,3961,3.3,8.4,7.7,11909,11909,2956,2287,24.8,19.2
12212,ç≤ëqés,839,69270,69270,65,4707,4982,7.7,6.8,7.2,17468,17468,3440,3231,19.7,18.5
12213,ìåã‡és,677,23325,23325,19,2567,2791,2.8,11,12,6798,6798,1135,1092,16.7,16.1
12215,àÆés,8,25397,25397,8,3481,2527,100,13.7,9.9,8991,8991,1842,1231,20.5,13.7
12216,èKéuñÏés,171,70020,70020,117,1967,2829,68.4,2.8,4,13580,13580,940,1426,6.9,10.5
12217,îêés,3537,170845,170845,407,5125,6848,11.5,3,4,38302,38302,3138,3608,8.2,9.4
12218,èüâYés,10,6045,6045,-,508,513,-,8.4,8.5,2458,2458,450,Åc,18.3,Åc
12219,éså¥és,3600,109123,109123,19,6754,7555,0.5,6.2,6.9,26441,26441,4008,4107,15.2,15.5
12220,ó¨éRés,1444,78943,78943,132,3064,3850,9.1,3.9,4.9,14355,14355,1526,1737,10.6,12.1
12221,î™êÁë„és,1808,82561,82559,150,6428,6579,8.3,7.8,8,15638,15638,3511,3297,22.5,21.1
12222,â‰ë∑éqés,1094,52984,52984,105,1215,2977,9.6,2.3,5.6,11439,11439,693,1549,6.1,13.5
12223,äõêÏés,198,11423,11423,2,757,1170,1,6.6,10.2,3186,3186,475,542,14.9,17
12224,äôÉPíJés,715,44125,44125,79,1851,2130,11,4.2,4.8,10497,10497,839,906,8,8.6
12225,åNí√és,598,32120,32120,20,1255,1135,3.3,3.9,3.5,7995,7995,810,536,10.1,6.7
12226,ïxí√és,115,16475,16475,9,1114,631,7.8,6.8,3.8,4690,4690,955,382,20.4,8.1
12227,âYà¿és,1182,68739,68739,249,7154,6927,21.1,10.4,10.1,11589,11589,3817,3588,32.9,31
12228,éläXìπés,644,37030,37030,21,2332,2736,3.3,6.3,7.4,7873,7873,1038,1142,13.2,14.5
12229,ë≥ÉPâYés,348,25591,25591,4,1641,1220,1.1,6.4,4.8,5541,5541,892,623,16.1,11.2
12230,î™äXés,789,28604,28604,57,2056,2314,7.2,7.2,8.1,8544,8544,995,1044,11.6,12.2
12231,àÛêºés,358,44800,44800,15,2868,3349,4.2,6.4,7.5,9174,9174,1311,1361,14.3,14.8
12232,îíà‰és,227,26157,26157,17,2420,2141,7.5,9.3,8.2,5502,5502,1494,824,27.2,15
12233,ïxó¢és,544,20002,20002,10,1444,800,1.8,7.2,4,5672,5672,1246,430,22,7.6
12234,ìÏñ[ëçés,245,13403,13403,20,1405,1799,8.2,10.5,13.4,5182,5182,998,876,19.3,16.9
12235,ëxç∫és,375,14153,14153,5,1852,1864,1.3,13.1,13.2,4820,4820,897,845,18.6,17.5
12236,çÅéÊés,585,29300,29300,123,1493,2281,21,5.1,7.8,9668,9668,913,990,9.4,10.2
12237,éRïêés,40,20690,20690,11,2022,898,27.5,9.8,4.3,7315,7315,1954,401,26.7,5.5
12238,Ç¢Ç∑Ç›és,332,14254,14254,4,1195,1588,1.2,8.4,11.1,5240,5240,793,915,15.1,17.5
12239,ëÂñ‘îíó¢és,185,20200,20200,30,1624,1528,16.2,8,7.6,5700,5700,1210,732,21.2,12.8
12322,éÅXà‰í¨,29,7558,7558,10,438,752,34.5,5.8,9.9,1992,1992,191,274,9.6,13.8
12329,âhí¨,87,8096,8096,6,611,711,6.9,7.5,8.8,2390,2390,426,442,17.8,18.5
12342,ê_çËí¨,25,2444,2444,-,327,285,-,13.4,11.7,673,673,195,128,29,19
12347,ëΩå√í¨,117,5529,5529,-,709,570,-,12.8,10.3,1964,1964,492,352,25.1,17.9
12349,ìåèØí¨,35,5119,5119,12,693,601,34.3,13.5,11.7,1743,1743,433,274,24.8,15.7
12403,ã„è\ã„ó¢í¨,211,6127,6127,10,627,395,4.7,10.2,6.4,2252,2252,537,233,23.8,10.3
12409,é≈éRí¨,42,2808,2808,1,319,252,2.4,11.4,9,959,959,261,130,27.2,13.6
12410,â°é≈åıí¨,191,8905,8905,13,1121,672,6.8,12.6,7.5,2853,2853,790,322,27.7,11.3
12421,àÍã{í¨,68,5156,5156,11,432,709,16.2,8.4,13.8,1606,1606,282,336,17.6,20.9
12422,ñrëÚí¨,30,2605,2605,2,323,437,6.7,12.4,16.8,862,862,204,184,23.7,21.3
12423,í∑ê∂ë∫,126,5713,5713,2,823,1081,1.6,14.4,18.9,1736,1736,462,473,26.6,27.2
12424,îíéqí¨,174,4361,4361,2,365,420,1.1,8.4,9.6,3011,3011,317,325,10.5,10.8
12426,í∑ïøí¨,66,2744,2744,6,401,400,9.1,14.6,14.6,977,977,Åc,244,Åc,25
12427,í∑ìÏí¨,42,3022,3022,1,264,390,2.4,8.7,12.9,1109,1109,176,224,15.9,20.2
12441,ëÂëΩäÏí¨,87,3284,3284,8,537,454,9.2,16.4,13.8,1074,1074,395,283,36.8,26.4
12443,å‰èhí¨,83,2571,2571,1,280,367,1.2,10.9,14.3,849,849,189,183,22.3,21.6
12463,ãòìÏí¨,50,2589,2589,1,256,255,2,9.9,9.8,998,998,206,153,20.6,15.3
13000,ìåãûìs,212331,5636034,5636034,46710,265699,424880,21.8,4.6,7.5,1186275,1186278,137935,242582,11.8,21.9
13101,êÁë„ìcãÊ,264,27284,27284,46,3819,3854,17.4,14,14.1,Åc,Åc,Åc,Åc,Åc,Åc
13102,íÜâõãÊ,874,79088,79088,183,9294,9051,20.9,11.8,11.4,13551,13554,3944,3731,29.1,27.5
13103,ç`ãÊ,1531,116120,116120,379,16869,16731,24.8,14.5,14.4,23370,23370,7006,7581,30,32.4
13104,êVèhãÊ,8362,133576,133576,2005,10040,10730,24,7.5,8,34229,34229,5183,6913,15.1,20.2
13105,ï∂ãûãÊ,1904,93284,93284,382,7989,8047,20.1,Åc,Åc,Åc,Åc,5604,5542,Åc,Åc
13106,ë‰ìåãÊ,5374,85872,85872,1262,2499,8455,23.5,2.9,9.8,21643,21643,1909,5958,8.8,27.5
13107,ñnìcãÊ,5542,108613,108613,1535,4778,8443,27.7,4.4,7.8,25370,25370,1238,5792,4.9,22.8
13108,ç]ìåãÊ,7038,222507,222507,1561,6150,16625,22.2,2.8,7.5,41095,41095,2598,9296,6.3,22.6
13109,ïiêÏãÊ,3890,162222,162222,745,4792,8750,19.2,3,5.4,Åc,Åc,3722,6940,Åc,Åc
13110,ñ⁄çïãÊ,2355,118003,118003,487,7191,14205,20.7,6.1,12,25972,25972,4816,9051,18.5,34.8
13111,ëÂìcãÊ,12082,291969,291969,2371,12211,17015,19.6,4.2,5.8,61200,61200,6307,7713,10.3,12.6
13112,ê¢ìcíJãÊ,8459,384969,384969,1739,22863,21467,20.6,5.9,5.6,83903,83903,16135,15203,19.2,18.1
13113,èaíJãÊ,2018,97028,97028,632,7794,7952,31.3,8,8.2,24354,24354,3294,3404,13.5,14
13114,íÜñÏãÊ,6559,130079,130079,1089,-,10565,16.6,-,8.1,32588,32588,-,8202,-,25.2
13115,êôï¿ãÊ,6308,230037,230037,1485,18220,16040,23.5,7.9,7,53624,53624,15030,13511,28,25.2
13116,ñLìáãÊ,5024,111258,111258,808,9294,8780,16.1,8.4,7.9,27630,27630,3692,4066,13.4,14.7
13117,ñkãÊ,6519,136081,136081,1570,2266,7804,24.1,1.7,5.7,29407,29407,728,4470,2.5,15.2
13118,çrêÏãÊ,4183,87551,87551,1351,9507,11166,32.3,10.9,12.8,20118,20118,Åc,Åc,Åc,Åc
13119,î¬ã¥ãÊ,13525,226069,226069,3806,2113,26120,28.1,0.9,11.6,48981,48981,1023,16210,2.1,33.1
13120,ó˚înãÊ,13331,301777,301777,3716,14165,20971,27.9,4.7,6.9,63258,63258,8230,14538,13,23
13121,ë´óßãÊ,19220,278073,278073,1193,7108,17448,6.2,2.6,6.3,66821,66821,2114,11158,3.2,16.7
13122,äãè¸ãÊ,11148,187806,187806,2401,17861,11850,21.5,9.5,6.3,41473,41473,15518,Åc,37.4,Åc
13123,ç]åÀêÏãÊ,15375,282774,282774,4218,20369,15942,27.4,7.2,5.6,57416,57416,Åc,Åc,Åc,Åc
13201,î™â§éqés,7264,226568,226568,1630,11828,18435,22.4,5.2,8.1,52081,52081,8136,13161,15.6,25.3
13202,óßêÏés,3982,74246,74246,266,389,2807,6.7,0.5,3.8,17283,17283,144,2361,0.8,13.7
13203,ïêë†ñÏés,1650,60644,60644,225,1140,6495,13.6,1.9,10.7,13589,13589,489,5300,3.6,39
13204,éOëÈés,2627,78698,78698,364,7315,5409,13.9,9.3,6.9,17846,17846,6515,4731,36.5,26.5
13205,ê¬î~és,Åc,54024,54024,209,959,4083,Åc,1.8,7.6,13907,13907,599,3655,4.3,26.3
13206,ï{íÜés,3529,108043,108043,1216,2137,5333,34.5,2,4.9,23962,23962,1157,2379,4.8,9.9
13207,è∫ìáés,1536,46345,46345,436,849,1980,28.4,1.8,4.3,10994,10994,485,1217,4.4,11.1
13208,í≤ïzés,2407,98780,98780,534,323,7526,22.2,0.3,7.6,21799,21799,148,4733,0.7,21.7
13209,í¨ìcés,5686,176541,176541,1458,4092,9081,25.6,2.3,5.1,38302,38302,2912,6703,7.6,17.5
13210,è¨ã‡à‰és,Åc,50311,50311,129,275,2250,Åc,0.5,4.5,10487,10487,127,1448,1.2,13.8
13211,è¨ïΩés,2206,80433,80433,469,1458,5973,21.3,1.8,7.4,16925,16925,Åc,Åc,Åc,Åc
13212,ì˙ñÏés,2009,74844,74844,560,1607,5378,27.9,2.1,7.2,15074,15074,768,4314,5.1,28.6
13213,ìåë∫éRés,998,62259,62259,319,955,4125,32,1.5,6.6,15139,15139,498,2882,3.3,19
13214,çëï™éõés,840,51801,51801,90,2492,4551,10.7,4.8,8.8,11123,11123,1892,3598,17,32.3
13215,çëóßés,658,32100,32100,166,756,2588,25.2,2.4,8.1,7127,7127,214,1952,3,27.4
13218,ïüê∂és,819,23189,23189,153,277,2578,18.7,1.2,11.1,6536,6536,191,2290,2.9,35
13219,çùç]és,929,33968,33968,311,1064,2589,33.5,3.1,7.6,7840,7840,563,1944,7.2,24.8
13220,ìåëÂòaés,1345,33899,33899,411,584,1049,30.6,1.7,3.1,8130,8130,306,618,3.8,7.6
13221,ê¥ê£és,1727,29952,29952,469,646,1400,27.2,2.2,4.7,7279,7279,313,876,4.3,12
13222,ìåãvóØïƒés,1719,47699,47699,471,169,3279,27.4,0.4,6.9,11146,11146,96,2769,0.9,24.8
13223,ïêë†ë∫éRés,1380,28626,28626,345,717,928,25,2.5,3.2,7207,7207,345,417,4.8,5.8
13224,ëΩñÄés,1801,60490,60490,417,528,5342,23.2,0.9,8.8,14108,14108,-,4456,-,31.6
13225,àÓèÈés,929,38605,38605,224,-,1954,24.1,-,5.1,7367,7367,-,1517,-,20.6
13227,âHë∫és,585,22407,22407,148,481,2072,25.3,2.1,9.2,Åc,Åc,Åc,Åc,Åc,Åc
13228,Ç†Ç´ÇÈñÏés,646,32052,32052,149,2756,4220,23.1,8.6,13.2,8500,8500,1070,2196,12.6,25.8
13229,êºìåãûés,3203,86431,86431,361,1698,7189,11.3,2,8.3,19023,19023,1236,5805,6.5,30.5
13303,êêï‰í¨,500,13341,13341,170,705,1139,34,5.3,8.5,3722,3722,505,970,13.6,26.1
13305,ì˙ÇÃèoí¨,Åc,5830,5830,Åc,184,5278,Åc,3.2,90.5,Åc,Åc,Åc,Åc,Åc,Åc
13307,ûwå¥ë∫,14,758,758,1,148,157,7.1,19.5,20.7,299,299,Åc,Åc,Åc,Åc
13308,âúëΩñÄí¨,62,1681,1681,4,109,229,6.5,6.5,13.6,594,594,62,172,10.4,29
13361,ëÂìáí¨,142,2741,2741,5,374,441,3.5,13.6,16.1,1083,1083,243,267,22.4,24.7
13362,óòìáë∫,-,125,125,-,37,25,-,29.6,20,Åc,Åc,37,Åc,Åc,Åc
13363,êVìáë∫,18,970,970,6,135,92,33.3,13.9,9.5,356,356,69,85,19.4,23.9
13364,ê_í√ìáë∫,7,707,707,7,54,47,100,7.6,6.6,Åc,Åc,Åc,Åc,Åc,Åc
13381,éOëÓë∫,34,886,886,8,187,222,23.5,21.1,25.1,276,276,112,116,40.6,42
13382,å‰ë†ìáë∫,-,116,116,-,48,36,-,41.4,31,35,35,17,11,48.6,31.4
13401,î™è‰í¨,182,2709,2709,15,461,313,8.2,17,11.6,1112,1112,388,227,34.9,20.4
13402,ê¬ÉPìáë∫,1,62,62,-,14,15,-,22.6,24.2,21,21,4,6,19,28.6
13421,è¨ä}å¥ë∫,11,1113,1113,-,556,261,-,50,23.5,Åc,Åc,203,127,Åc,Åc
14000,ê_ìﬁêÏåß,121789,3754946,3754944,8801,159017,179948,7.1,4.2,4.8,773243,773243,101122,106940,15.9,13.8
14100,â°ïlés,56265,1526518,1526518,3093,42835,65196,5.5,2.8,4.3,301233,301233,25965,38092,Åc,12.6
14130,êÏçËés,22486,621419,621419,2066,26104,24744,9.2,4.2,4,110687,110687,15769,14345,14.2,13
14150,ëäñÕå¥és,10610,294894,294894,749,16659,16929,7.1,5.6,5.7,67040,67040,9939,9426,14.8,14.1
14201,â°ê{âÍés,4572,153065,153065,339,8304,7546,7.4,5.4,4.9,35017,35017,6195,5406,17.7,15.4
14203,ïΩíÀés,3086,100023,100023,-,5262,4436,-,5.3,4.4,21809,21809,4000,2688,18.3,12.3
14204,äôëqés,840,75214,75214,228,6218,6105,27.1,8.3,8.1,17670,17670,3994,3720,22.6,21.1
14205,ì°ëÚés,3968,185365,185365,787,12481,11692,19.8,6.7,6.3,38925,38925,8285,7366,21.3,18.9
14206,è¨ìcå¥és,2468,76592,76592,214,4506,4243,8.7,5.9,5.5,17360,17360,3058,2718,17.6,15.7
14207,äùÉñçËés,1637,103757,103755,245,7321,7330,15,7.1,7.1,21923,21923,5618,5079,25.6,23.2
14208,êÄéqés,336,25243,25243,14,1011,1275,4.2,4,5.1,5864,5864,873,1059,14.9,18.1
14210,éOâYés,603,16192,16192,21,769,843,3.5,4.7,5.2,5123,5123,600,620,11.7,12.1
14211,ê`ñÏés,1757,64573,64573,80,3086,3600,4.6,4.8,5.6,13704,13704,1693,1574,12.4,11.5
14212,å˙ñÿés,2601,91798,91798,-,5155,4767,-,5.6,5.2,20789,20789,3173,2766,15.3,13.3
14213,ëÂòaés,6388,100562,100562,420,6521,6428,6.6,6.5,6.4,20697,20697,3345,3086,16.2,14.9
14214,à…ê®å¥és,897,40058,40058,90,1077,971,10,2.7,2.4,8211,8211,766,415,9.3,5.1
14215,äCòVñºés,-,55875,55875,-,728,1568,-,1.3,2.8,11974,11974,305,968,2.5,8.1
14216,ç¿ä‘és,Åc,55383,55383,108,1223,1764,Åc,2.2,3.2,12360,12360,844,1008,6.8,8.2
14217,ìÏë´ïøés,362,16664,16664,22,840,916,6.1,5,5.5,3888,3888,575,578,14.8,14.9
14218,àªê£és,684,33225,33225,93,1504,1658,13.6,4.5,5,7883,7883,843,871,10.7,11
14301,ótéRí¨,105,14132,14132,11,622,807,10.5,4.4,5.7,3992,3992,536,659,13.4,16.5
14321,ä¶êÏí¨,406,19723,19723,38,1544,1415,9.4,7.8,7.2,4374,4374,1065,897,24.3,20.5
14341,ëÂàÈí¨,143,13385,13385,22,877,939,15.4,6.6,7,3238,3238,687,699,21.2,21.6
14342,ìÒã{í¨,206,11450,11450,36,612,597,17.5,5.3,5.2,2854,2854,584,472,20.5,16.5
14361,íÜà‰í¨,41,3711,3711,1,167,195,2.4,4.5,5.3,1193,1193,101,111,8.5,9.3
14362,ëÂà‰í¨,153,7170,7170,-,336,391,-,4.7,5.5,1793,1793,243,200,13.6,11.2
14363,èºìcí¨,156,4268,4268,5,314,344,3.2,7.4,8.1,1205,1205,240,238,19.9,19.8
14364,éRñkí¨,17,3695,3695,4,243,265,23.5,6.6,7.2,1097,1097,166,156,15.1,14.2
14366,äJê¨í¨,90,7523,7523,1,270,333,1.1,3.6,4.4,1435,1435,205,206,14.3,14.4
14382,î†ç™í¨,153,3912,3912,12,446,431,7.8,11.4,11,1087,1087,286,256,26.3,23.6
14383,ê^íﬂí¨,94,2901,2901,8,173,87,8.5,6,3,1095,1095,166,50,15.2,4.6
14384,ìíâÕå¥í¨,587,9673,9673,38,696,807,6.5,7.2,8.3,2863,2863,465,542,16.2,18.9
14401,à§êÏí¨,63,15789,15789,51,950,1156,81,6,7.3,4560,4560,453,583,9.9,12.8
14402,ê¥êÏë∫,15,1194,1194,5,163,170,33.3,13.7,14.2,300,300,85,86,28.3,28.7
15000,êVäÉåß,16464,860217,859446,1824,64457,74560,11.1,7.5,8.7,203925,203885,43414,42573,21.4,20.9
15100,êVäÉés,9473,312418,312418,1153,12130,23010,12.2,3.9,7.4,73928,73888,7114,14016,9.6,19
15202,í∑â™és,998,103942,103942,120,7092,7139,12,6.8,6.9,21709,21709,5896,3982,27.2,18.3
15204,éOèés,469,37737,37737,43,3829,3638,9.2,10.1,9.6,9070,9070,3071,2502,33.9,27.6
15205,îêçËés,386,32348,32348,29,3474,3120,7.5,10.7,9.6,7641,7641,2250,1733,29.4,22.7
15206,êVî≠ìcés,684,36859,36859,66,3983,4443,9.6,10.8,12.1,8837,8837,2506,2505,28.4,28.3
15208,è¨êÁíJés,89,13022,13022,13,1422,1330,14.6,10.9,10.2,3185,3185,892,655,28,20.6
15209,â¡ñŒés,173,10121,10121,11,1166,1218,6.4,11.5,12,2638,2638,685,523,26,19.8
15210,è\ì˙í¨és,228,18607,18607,19,1988,2252,8.3,10.7,12.1,4709,4709,1384,1150,29.4,24.4
15211,å©ïçés,126,15599,15599,13,1885,1868,10.3,12.1,12,3437,3437,1209,922,35.2,26.8
15212,ë∫è„és,495,21545,21545,32,2448,1827,6.5,11.4,8.5,5382,5382,1615,974,30,18.1
15213,âçés,336,31029,31029,20,2259,2867,6,7.3,9.2,6873,6873,1511,1259,22,18.3
15216,éÖãõêÏés,161,15187,15187,9,1204,1234,5.6,7.9,8.1,3580,3580,841,726,23.5,20.3
15217,ñ≠çÇés,158,11909,11909,19,1152,1218,12,9.7,10.2,3016,3016,845,762,28,25.3
15218,å‹êÚés,249,18449,18449,10,1357,1423,4,7.4,7.7,4511,4511,884,648,19.6,14.4
15222,è„âzés,1063,71991,71991,112,5312,5040,10.5,7.4,7,15424,15424,3782,3343,24.5,21.7
15223,à¢âÍñÏés,263,16200,16200,22,1823,1735,8.4,11.3,10.7,4437,4437,1204,920,27.1,20.7
15224,ç≤ìnés,340,19694,18923,52,3236,2317,15.3,16.4,12.2,6453,6453,2455,1391,38,21.6
15225,ãõè¿és,163,13220,13220,17,1773,1877,10.4,13.4,14.2,3362,3362,1067,918,31.7,27.3
15226,ìÏãõè¿és,173,21315,21315,18,2436,2630,10.4,11.4,12.3,5595,5595,1617,1479,28.9,26.4
15227,ëŸì‡és,112,10667,10667,6,1197,1051,5.4,11.2,9.9,2483,2483,798,495,32.1,19.9
15307,êπòUí¨,69,5293,5293,3,637,675,4.3,12,12.8,1046,1046,294,235,28.1,22.5
15342,ñÌïFë∫,23,3254,3254,2,383,484,8.7,11.8,14.9,749,749,285,265,38.1,35.4
15361,ìcè„í¨,32,4510,4510,5,551,466,15.6,12.2,10.3,1243,1243,Åc,246,Åc,19.8
15385,à¢âÍí¨,69,3447,3447,13,387,407,18.8,11.2,11.8,1053,1053,267,183,25.4,17.4
15405,èoâ_çËí¨,2,1548,1548,2,198,211,100,12.8,13.6,396,396,127,108,32.1,27.3
15461,ìíëÚí¨,58,3230,3230,8,294,244,13.8,9.1,7.6,1077,1077,213,161,19.8,14.9
15482,í√ìÏí¨,30,3385,3385,4,425,444,13.3,12.6,13.1,1098,1098,284,243,25.9,22.1
15504,ä†âHë∫,6,1712,1712,-,145,129,-,8.5,7.5,422,422,105,66,24.9,15.6
15581,ä÷êÏë∫,36,1870,1870,3,234,222,8.3,12.5,11.9,518,518,177,137,34.2,26.4
15586,àæìáâYë∫,-,109,109,-,37,41,-,33.9,37.6,53,53,36,26,67.9,49.1
16000,ïxéRåß,2827,402598,402598,284,26892,24860,10,6.7,6.2,82846,82988,16867,14425,20.4,17.4
16201,ïxéRés,2099,161636,161636,159,9564,9134,7.6,5.9,5.7,31106,31106,5834,5402,18.8,17.4
16202,çÇâ™és,190,64626,64626,35,3378,3639,18.4,5.2,5.6,13237,13237,1918,1924,14.5,14.5
16204,ãõí√és,25,15751,15751,7,736,1148,28,4.7,7.3,3311,3311,482,661,14.6,20
16205,ïXå©és,105,17066,17066,11,1486,1305,10.5,8.7,7.6,4009,4009,1023,813,25.5,20.3
16206,ääêÏés,45,12902,12902,4,1103,1128,8.9,8.5,8.7,2571,2571,683,600,26.6,23.3
16207,çïïîés,71,15663,15663,18,1251,783,25.4,8,5,3304,3304,841,385,25.5,11.7
16208,·Ëîgés,26,18586,18586,8,1276,1096,30.8,6.9,5.9,3809,3809,786,591,20.6,15.5
16209,è¨ñÓïîés,36,10889,10889,8,1037,907,22.2,9.5,8.3,2344,2344,588,581,25.1,24.8
16210,ìÏ·Ëés,22,17860,17860,4,1969,1356,18.2,11,7.6,4508,4508,1481,1064,32.9,23.6
16211,éÀêÖés,104,35313,35313,15,2477,2094,14.4,7,5.9,6734,6734,1518,1278,22.5,19
16321,èMã¥ë∫,-,1349,1349,-,80,89,-,5.9,6.6,150,150,42,24,28,16
16322,è„ésí¨,25,7722,7722,3,549,438,12,7.1,5.7,1692,1692,350,159,20.7,9.4
16323,óßéRí¨,32,9960,9960,5,536,597,15.6,5.4,6,2856,2998,292,288,10.2,9.6
16342,ì¸ëPí¨,23,9193,9193,2,1037,851,8.7,11.3,9.3,2101,2101,694,474,33,22.6
16343,í©ì˙í¨,24,4082,4082,5,413,295,20.8,10.1,7.2,1114,1114,335,181,30.1,16.2
17000,êŒêÏåß,5571,438241,438241,892,30916,31769,16,7.1,7.2,93232,93232,17984,15777,19.3,16.9
17201,ã‡ëÚés,3544,177766,177766,704,13260,11557,19.9,7.5,6.5,37673,37673,8157,6735,21.7,17.9
17202,éµîˆés,5,19105,19105,5,1016,1194,100,5.3,6.2,4640,4640,595,630,12.8,13.6
17203,è¨èºés,340,40775,40775,44,2704,3523,12.9,6.6,8.6,8186,8186,1365,1333,16.7,16.3
17204,ó÷ìáés,176,8789,8789,7,505,586,4,5.7,6.7,3320,3320,332,356,10,10.7
17205,éÏèFés,39,4702,4702,2,332,362,5.1,7.1,7.7,1599,1599,206,195,12.9,12.2
17206,â¡âÍés,627,26125,26125,13,1326,1791,2.1,5.1,6.9,5305,5305,644,750,12.1,14.1
17207,âHçÓés,34,7803,7803,4,485,567,11.8,6.2,7.3,2042,2042,360,343,17.6,16.8
17209,Ç©ÇŸÇ≠és,102,13339,13339,14,1524,1174,13.7,11.4,8.8,2663,2663,933,619,35,23.2
17210,îíéRés,7,44406,44406,7,1849,2901,100,4.2,6.5,8109,8109,780,1355,9.6,16.7
17211,î\î¸és,117,19379,19379,20,1388,1478,17.1,7.2,7.6,3836,3836,880,400,22.9,10.4
17212,ñÏÅXésés,306,20560,20560,41,1729,1802,13.4,8.4,8.8,3697,3697,930,808,25.2,21.9
17324,êÏñkí¨,-,2394,2394,-,201,277,-,8.4,11.6,403,403,78,70,19.4,17.4
17361,í√î¶í¨,7,15484,15484,7,1501,1377,100,9.7,8.9,2988,2988,874,703,29.3,23.5
17365,ì‡ìÂí¨,112,10583,10583,13,1101,990,11.6,10.4,9.4,2186,2186,608,461,27.8,21.1
17384,éuâÍí¨,20,7161,7161,1,589,566,5,8.2,7.9,1997,1997,391,266,19.6,13.3
17386,ïÛíBéuêÖí¨,21,4773,4773,2,384,447,9.5,8,9.4,1095,1095,226,215,20.6,19.6
17407,íÜî\ìoí¨,13,6387,6387,4,529,481,30.8,8.3,7.5,1430,1430,304,225,21.3,15.7
17461,åäêÖí¨,42,2859,2859,-,144,324,-,5,11.3,860,860,108,139,12.6,16.2
17463,î\ìoí¨,59,5851,5851,4,349,372,6.8,6,6.4,1203,1203,213,174,17.7,14.5
18000,ïüà‰åß,3490,294311,294310,205,17405,19364,5.9,5.9,6.6,59549,59549,10400,10124,17.8,17.3
18201,ïüà‰és,2177,100289,100289,158,4573,5823,7.3,4.6,5.8,18643,18643,2797,3247,15,17.4
18202,ì÷âÍés,306,25307,25307,12,1252,1805,3.9,4.9,7.1,4978,4978,820,860,16.5,17.3
18204,è¨ïlés,159,10936,10936,2,691,724,1.3,6.3,6.6,2714,2714,557,546,20.5,20.1
18205,ëÂñÏés,83,11991,11991,5,863,791,6,7.2,6.6,3038,3038,567,421,18.7,13.9
18206,èüéRés,24,8202,8202,1,662,509,4.2,8.1,6.2,1942,1942,501,367,25.8,18.9
18207,éIç]és,80,26577,26576,-,1196,1227,-,4.5,4.6,5381,5381,795,713,14.8,13.3
18208,Ç†ÇÌÇÁés,113,10594,10594,2,661,644,1.8,6.2,6.1,2303,2303,424,385,18.4,16.7
18209,âzëOés,162,30791,30791,5,1769,1874,3.1,5.7,6.1,6627,6627,1083,1031,16.3,15.6
18210,ç‚à‰és,193,35012,35012,11,1965,1803,5.7,5.6,5.1,5685,5685,1100,862,19.3,15.2
18322,âiïΩéõí¨,21,6861,6861,-,538,644,-,7.8,9.4,1289,1289,278,311,21.6,24.1
18382,írìcí¨,-,828,828,-,153,135,-,18.5,16.3,224,224,69,69,30.8,30.8
18404,ìÏâzëOí¨,15,3598,3598,1,255,238,6.7,7.1,6.6,823,823,168,138,20.4,16.8
18423,âzëOí¨,25,7771,7771,3,516,473,12,6.6,6.1,1884,1884,397,333,21.1,17.7
18442,î¸ïlí¨,60,3310,3310,1,526,651,1.7,15.9,19.7,864,864,254,281,29.4,32.5
18481,çÇïlí¨,32,3790,3790,3,846,1005,9.4,22.3,26.5,994,994,Åc,Åc,Åc,Åc
18483,Ç®Ç®Ç¢í¨,10,3133,3133,-,346,389,-,11,12.4,776,776,211,205,27.2,26.4
18501,é·ã∑í¨,30,5321,5321,1,593,629,3.3,11.1,11.8,1384,1384,379,355,27.4,25.7
19000,éRóúåß,36843,324674,324674,258,44683,41112,0.7,13.8,12.7,83462,83459,30196,26591,34.7,30.6
19201,çbï{és,2411,73354,73354,83,7385,6349,3.4,10.1,8.7,18749,18749,5102,4310,27.2,23
19202,ïxémãgìcés,267,19007,19007,2,1253,1113,0.7,6.6,5.9,4529,4529,1165,1013,25.7,22.4
19204,ìsóØés,160,11345,11345,7,1177,1174,4.4,10.4,10.3,2903,2903,783,743,27,25.6
19205,éRóúés,153,13240,13240,-,1564,1343,-,11.8,10.1,Åc,Åc,1276,1069,Åc,Åc
19206,ëÂåéés,Åc,8815,8815,6,709,902,Åc,8,10.2,2427,2427,491,530,20.2,21.8
19207,îBçËés,141,11632,11632,-,993,1434,-,8.5,12.3,3115,3115,801,1115,25.7,35.8
19208,ìÏÉAÉãÉvÉXés,341,29149,29149,35,5612,4683,10.3,19.3,16.1,7461,7461,3568,2792,47.8,37.4
19209,ñkìmés,160,18829,18829,4,3360,3331,2.5,17.8,17.7,6885,6885,2390,2232,34.7,32.4
19210,çbî„és,565,30197,30197,43,4660,4405,7.6,15.4,14.6,6882,6882,3033,2820,44.1,41
19211,ìJêÅés,31710,27336,27336,-,4328,4049,-,15.8,14.8,8244,8244,3189,2858,38.7,34.7
19212,è„ñÏå¥és,113,9142,9142,9,884,926,8,9.7,10.1,2583,2583,615,598,23.8,23.2
19213,çbèBés,201,12008,12008,-,2096,1683,-,17.5,14,4036,4036,1648,1292,40.8,32
19214,íÜâõés,156,12767,12767,20,2406,2339,12.8,18.8,18.3,3006,3006,1172,1085,39,36.1
19346,ésêÏéOãΩí¨,73,5832,5832,4,1210,1098,5.5,20.7,18.8,1644,1644,787,657,47.9,40
19364,ëÅêÏí¨,4,322,322,-,72,66,-,22.4,20.5,110,110,45,28,40.9,25.5
19365,êgâÑí¨,43,3902,3902,2,1010,912,4.7,25.9,23.4,1328,1328,645,546,48.6,41.1
19366,ìÏïîí¨,19,2748,2748,3,766,674,15.8,27.9,24.5,755,755,394,294,52.2,38.9
19368,ïxémêÏí¨,82,5756,5756,12,1173,975,14.6,20.4,16.9,1489,1489,730,528,49,35.5
19384,è∫òaí¨,115,8351,8351,15,1650,1463,13,19.8,17.5,1838,1838,842,753,45.8,41
19422,ìπéuë∫,3,680,680,-,195,172,-,28.7,25.3,225,222,99,80,44,36
19423,êºåjí¨,11,1739,1739,1,205,229,9.1,11.8,13.2,418,418,111,115,26.6,27.5
19424,îEñÏë∫,11,3549,3549,1,418,421,9.1,11.8,11.9,680,680,276,242,40.6,35.6
19425,éRíÜåŒë∫,12,2434,2434,-,362,341,-,14.9,14,838,838,253,228,30.2,27.2
19429,ñ¬ëÚë∫,7,1260,1260,-,141,153,-,11.2,12.1,431,431,77,114,17.9,26.5
19430,ïxémâÕå˚åŒí¨,81,10859,10859,8,938,802,9.9,8.6,7.4,2715,2715,613,491,22.6,18.1
19442,è¨êõë∫,4,218,218,3,52,41,75,23.9,18.8,87,87,35,29,40.2,33.3
19443,íOîgéRë∫,-,203,203,-,64,34,-,31.5,16.7,84,84,56,29,66.7,34.5
20000,í∑ñÏåß,8374,802214,802187,1048,26683,55239,12.5,3.3,6.9,197637,197637,17210,28906,9.5,16.2
20201,í∑ñÏés,2699,146375,146375,369,2352,5558,13.7,1.6,3.8,32417,32417,1561,4350,4.8,13.4
20202,èºñ{és,1422,93664,93664,338,4356,5825,23.8,4.7,6.2,19514,19514,4356,3509,22.3,18
20203,è„ìcés,529,60073,60073,33,1916,3117,6.2,3.2,5.2,14082,14082,1135,1638,8.1,11.6
20204,â™íJés,194,18075,18075,20,427,665,10.3,2.4,3.7,3742,3742,243,338,6.5,9
20205,î—ìcés,313,37288,37288,4,447,4236,1.3,1.2,11.4,9156,9156,352,2070,3.8,22.6
20206,êzñKés,201,18487,18487,69,554,1121,34.3,3,6.1,4277,4277,307,589,7.2,13.8
20207,ê{ç‚és,159,19578,19578,12,-,1347,7.5,-,6.9,4962,4962,-,638,-,12.9
20208,è¨èîés,246,16426,16426,9,716,797,3.7,4.4,4.9,4635,4635,491,622,10.6,13.4
20209,à…ìﬂés,196,25900,25900,10,278,2391,5.1,1.1,9.2,6233,6233,278,Åc,4.5,Åc
20210,ãÓÉPç™és,2,12546,12546,2,730,1010,100,5.8,8.1,2883,2883,454,539,15.7,18.7
20211,íÜñÏés,161,17276,17276,10,2116,1786,6.2,12.2,10.3,4854,4854,1320,934,27.2,19.2
20212,ëÂí¨és,127,10145,10145,6,625,691,4.7,6.2,6.8,2663,2663,499,475,18.7,17.8
20213,î—éRés,65,7600,7600,6,334,669,9.2,4.4,8.8,2178,2178,Åc,Åc,Åc,Åc
20214,äùñÏés,129,21582,21582,-,187,1181,-,0.9,5.5,4953,4953,Åc,801,Åc,16.2
20215,âñêKés,301,26118,26118,41,1130,1328,13.6,4.3,5.1,6392,6392,809,688,12.7,10.8
20217,ç≤ãvés,227,38339,38339,12,2417,2673,5.3,6.3,7,10021,10021,Åc,Åc,Åc,Åc
20218,êÁã»és,177,22957,22957,5,-,1256,2.8,-,5.5,5416,5416,-,558,-,10.3
20219,ìåå‰és,119,11537,11537,4,-,554,3.4,-,4.8,3023,3023,-,455,-,15.1
20220,à¿ì‹ñÏés,294,39265,39265,43,-,2120,14.6,-,5.4,9761,9761,-,933,-,9.6
20303,è¨äCí¨,8,1613,1613,-,258,228,-,16,14.1,555,555,221,191,39.8,34.4
20304,êÏè„ë∫,1,1356,1356,-,219,222,-,16.2,16.4,952,952,215,204,22.6,21.4
20305,ìÏñqë∫,4,1100,1100,-,271,349,-,24.6,31.7,590,590,256,320,43.4,54.2
20306,ìÏëäñÿë∫,-,340,340,-,58,57,-,17.1,16.8,149,149,58,57,38.9,38.3
20307,ñkëäñÿë∫,2,253,253,1,65,73,50,25.7,28.9,100,100,Åc,-,Åc,-
20309,ç≤ãvï‰í¨,28,4100,4100,2,1153,1140,7.1,28.1,27.8,1196,1196,549,541,45.9,45.2
20321,åyà‰ëÚí¨,-,9110,9110,-,327,334,-,3.6,3.7,2772,2772,192,250,6.9,9
20323,å‰ë„ìcí¨,22,6589,6589,-,313,516,-,4.8,7.8,1870,1870,206,350,11,18.7
20324,óßâ»í¨,11,2766,2766,2,-,261,18.2,-,9.4,820,820,-,261,-,31.8
20349,ê¬ñÿë∫,1,1634,1634,1,152,245,100,9.3,15,487,487,77,96,15.8,19.7
20350,í∑òaí¨,-,2258,2258,-,367,282,-,16.3,12.5,718,718,227,193,31.6,26.9
20361,â∫êzñKí¨,46,7253,7253,3,330,459,6.5,4.5,6.3,1793,1793,266,316,14.8,17.6
20362,ïxémå©í¨,25,5562,5562,-,-,434,-,-,7.8,1664,1664,-,248,-,14.9
20363,å¥ë∫,4,3441,3441,-,-,231,-,-,6.7,1145,1145,-,181,-,15.8
20382,íCñÏí¨,66,7072,7072,2,-,645,3,-,9.1,1792,1792,-,327,-,18.2
20383,ñ•ó÷í¨,90,9662,9665,4,-,917,4.4,-,9.5,2028,2028,-,457,-,22.5
20384,î—ìáí¨,16,3495,3495,7,-,525,43.8,-,15,998,998,-,348,-,34.9
20385,ìÏñ•ó÷ë∫,46,6139,6139,5,-,508,10.9,-,8.3,1297,1297,-,255,-,19.7
20386,íÜêÏë∫,5,1787,1787,1,-,205,20,-,11.5,505,505,-,111,-,22
20388,ã{ìcë∫,12,3493,3493,5,4,329,41.7,0.1,9.4,706,706,4,164,0.6,23.2
20402,èºêÏí¨,17,4908,4908,-,527,523,-,10.7,10.7,3290,3290,423,390,12.9,11.9
20403,çÇêXí¨,29,4884,4884,-,284,595,-,5.8,12.2,1093,1093,109,277,10,25.3
20404,à¢ìÏí¨,11,1513,1513,7,213,227,63.6,14.1,15,403,403,132,128,32.8,31.8
20407,à¢íqë∫,13,2174,2174,-,-,280,-,-,12.9,568,568,-,119,-,21
20409,ïΩíJë∫,Åc,146,146,-,36,19,Åc,Åc,13,Åc,Åc,2,2,Åc,Åc
20410,ç™âHë∫,Åc,285,285,-,54,41,Åc,18.9,14.4,94,94,34,25,36.2,26.6
20411,â∫ûäë∫,3,1251,1251,-,131,138,-,10.5,11,321,321,85,38,26.5,11.8
20412,îÑñÿë∫,-,176,176,-,10,13,-,5.7,7.4,74,74,6,9,8.1,12.2
20413,ìVó¥ë∫,2,321,321,-,30,33,-,9.3,Åc,158,158,20,8,12.7,5.1
20414,ë◊ïåë∫,4,498,498,-,27,70,-,5.4,14.1,155,155,27,27,17.4,17.4
20415,ã™ñÿë∫,16,2292,2292,-,301,354,-,13.1,15.4,597,597,206,217,34.5,36.3
20416,ñLãuë∫,11,2494,2494,1,269,286,9.1,10.8,11.5,644,644,202,181,31.4,28.1
20417,ëÂé≠ë∫,3,319,319,-,3,52,-,0.9,16.3,144,144,2,37,1.4,25.7
20422,è„èºí¨,17,1503,1503,-,-,176,-,-,11.7,349,349,-,97,-,27.8
20423,ìÏñÿë]í¨,8,1379,1379,-,-,157,-,-,11.4,386,386,-,93,-,24.1
20425,ñÿëcë∫,4,995,995,-,18,116,-,1.8,11.7,Åc,Åc,12,52,Åc,Åc
20429,â§ëÍë∫,1,284,284,-,45,38,-,15.8,13.4,90,90,20,13,22.2,14.4
20430,ëÂåKë∫,3,1175,1175,-,-,103,-,-,8.8,248,248,-,52,-,21
20432,ñÿë]í¨,25,3923,3923,2,256,467,8,6.5,11.9,984,984,184,250,18.7,25.4
20446,ñÉê—ë∫,2,939,939,1,35,92,50,3.7,9.8,315,315,21,48,6.7,15.2
20448,ê∂ç‚ë∫,10,633,633,-,47,84,-,7.4,13.3,214,214,36,Åc,16.8,Åc
20450,éRå`ë∫,6,3485,3485,-,144,216,-,4.1,6.2,949,949,87,115,9.2,12.1
20451,í©ì˙ë∫,3,1792,1792,-,228,289,-,12.7,16.1,553,553,161,121,29.1,21.9
20452,í}ñkë∫,12,1570,1570,-,78,172,-,5,11,487,487,78,172,16,35.3
20481,írìcí¨,25,3729,3729,4,104,163,16,2.8,4.4,1029,1029,58,124,5.6,12.1
20482,èºêÏë∫,31,3811,3811,1,-,479,3.2,-,12.6,912,912,-,246,-,27
20485,îíînë∫,18,3579,3579,1,426,453,5.6,11.9,12.7,1301,1301,339,280,26.1,21.5
20486,è¨íJë∫,6,1052,1052,1,92,173,16.7,8.7,16.4,380,380,67,117,17.6,30.8
20521,ç‚èÈí¨,27,5711,5681,-,-,388,-,-,6.8,1328,1328,-,Åc,-,Åc
20541,è¨ïzé{í¨,14,4223,4223,-,-,373,-,-,8.8,1209,1209,-,142,-,11.7
20543,çÇéRë∫,3,2696,2696,-,-,452,-,-,16.8,809,809,-,262,-,32.4
20561,éRÉmì‡í¨,48,4443,4443,3,487,466,6.3,11,10.5,1497,1497,356,287,23.8,19.2
20562,ñÿìáïΩë∫,5,1759,1759,-,-,204,-,-,11.6,585,585,-,141,-,24.1
20563,ñÏëÚâ∑êÚë∫,6,1277,1277,-,-,202,-,-,15.8,462,462,-,119,-,25.8
20583,êMîZí¨,24,3152,3152,-,266,369,-,8.4,11.7,898,898,197,277,21.9,30.8
20588,è¨êÏë∫,7,889,889,1,254,228,14.3,28.6,25.6,290,290,91,112,31.4,38.6
20590,î—çjí¨,12,4097,4097,-,216,387,-,5.3,9.4,1272,1272,179,288,14.1,22.6
20602,âhë∫,-,603,603,-,-,76,-,-,12.6,250,250,-,33,-,13.2
21000,äÚïååß,6062,775483,776852,332,44037,50610,5.5,5.7,6.5,178714,179426,26436,27052,14.8,15.1
21201,äÚïåés,1157,160069,160069,76,3930,5061,6.6,2.5,3.2,37274,37274,1867,3376,5,9.1
21202,ëÂä_és,585,62641,62641,10,1735,1833,1.7,2.8,2.9,13595,13595,1174,1019,8.6,7.5
21203,çÇéRés,290,32738,32738,23,4965,4201,7.9,15.2,12.8,7828,7828,3581,2316,45.7,29.6
21204,ëΩé°å©és,199,42325,42325,3,3408,2652,1.5,8.1,6.3,9596,9596,2292,1325,23.9,13.8
21205,ä÷és,262,34105,34105,17,3819,3213,6.5,11.2,9.4,8235,8235,1918,1517,23.3,18.4
21206,íÜí√êÏés,169,29100,29100,6,1393,1072,3.6,4.8,3.7,6461,6461,941,621,14.6,9.6
21207,î¸îZés,35,7558,7558,-,366,318,-,4.8,4.2,2059,2059,198,160,9.6,7.8
21208,êêòQés,-,13981,13981,-,745,1241,-,5.3,8.9,2985,2985,588,972,19.7,32.6
21209,âHìáés,300,26866,26866,17,561,817,5.7,2.1,3,5794,5794,327,411,5.6,7.1
21210,åbìﬂés,104,18563,18563,19,640,732,18.3,3.4,3.9,4798,4798,430,472,9,9.8
21211,î¸îZâ¡ñŒés,161,22167,22167,4,1604,2131,2.5,7.2,9.6,4817,4817,838,1013,17.4,21
21212,ìyäÚés,80,21757,21757,6,1721,1156,7.5,7.9,5.3,4978,4978,1005,446,20.2,9
21213,äeñ±å¥és,686,56266,56266,7,1821,1970,1,3.2,3.5,12704,12704,1329,1418,10.5,11.2
21214,â¬éôés,266,39277,39277,11,2696,3729,4.1,6.9,9.5,8288,8288,1462,1928,17.6,23.3
21215,éRåßés,111,9922,9922,2,636,935,1.8,6.4,9.4,2633,2633,410,475,15.6,18
21216,êêï‰és,204,21401,21401,70,878,1843,34.3,4.1,8.6,4331,4331,418,705,9.7,16.3
21217,îÚëÀés,514,8637,8637,3,1224,1196,0.6,14.2,13.8,2017,2017,754,629,37.4,31.2
21218,ñ{ëÉés,35,12935,12935,7,1114,1207,20,8.6,9.3,2841,2841,542,512,19.1,18
21219,åSè„és,86,15021,15021,5,1665,3013,5.8,11.1,20.1,4106,4106,1087,1647,26.5,40.1
21220,â∫òCés,42,11173,11173,1,1410,1502,2.4,12.6,13.4,2766,2766,943,895,34.1,32.4
21221,äCí√és,85,13251,13251,16,545,617,18.8,4.1,4.7,3435,3435,407,348,11.8,10.1
21302,äÚìÏí¨,137,9925,9925,13,628,671,9.5,6.3,6.8,2266,2266,299,291,13.2,12.8
21303,ä}èºí¨,2,8428,8428,2,647,721,100,7.7,8.6,1913,1913,256,275,13.4,14.4
21341,ó{òVí¨,86,10862,10862,5,768,1041,5.8,7.1,9.6,2531,2531,359,447,14.2,17.7
21361,êÇà‰í¨,78,10227,10227,3,279,563,3.8,2.7,5.5,2267,2267,139,249,6.1,11
21362,ä÷ÉPå¥í¨,23,2425,2425,1,202,256,4.3,8.3,10.6,571,571,132,136,23.1,23.8
21381,ê_åÀí¨,Åc,7188,7188,-,434,594,Åc,6,8.3,1742,1742,184,334,10.6,19.2
21382,ó÷îVì‡í¨,-,3731,3731,-,213,451,-,5.7,12.1,862,862,130,193,15.1,22.4
21383,à¿î™í¨,39,5770,5770,-,562,638,-,9.7,11.1,1366,1366,343,303,25.1,22.2
21401,óKî„êÏí¨,43,7600,7600,1,124,441,2.3,1.6,5.8,1976,1976,81,222,4.1,11.2
21403,ëÂñÏí¨,-,7537,8906,-,232,738,-,3.1,8.3,1124,1836,72,285,6.4,15.5
21404,írìcí¨,45,9099,9099,1,380,679,2.2,4.2,7.5,1922,1922,230,269,12,14
21421,ñkï˚í¨,144,7357,7357,1,339,340,0.7,4.6,4.6,1776,1776,207,171,11.7,9.6
21501,ç‚èjí¨,14,3175,3175,2,213,269,14.3,6.7,8.5,756,756,121,129,16,17.1
21502,ïxâ¡í¨,7,2111,2111,-,269,297,-,12.7,14.1,526,526,142,135,27,25.7
21503,êÏï”í¨,26,3812,3812,-,320,331,-,8.4,8.7,961,961,237,197,24.7,20.5
21504,éµè@í¨,-,1258,1258,-,173,209,-,13.8,16.6,391,391,125,130,32,33.2
21505,î™ïSí√í¨,7,4031,4031,-,369,444,-,9.2,11,1095,1095,266,282,24.3,25.8
21506,îíêÏí¨,4,2851,2851,-,390,495,-,13.7,17.4,941,941,243,303,25.8,32.2
21507,ìåîíêÏë∫,3,789,789,-,39,97,-,4.9,12.3,265,265,24,16,9.1,6
21521,å‰êìí¨,33,7020,7020,-,490,801,-,7,11.4,1779,1779,264,411,14.8,23.1
21604,îíêÏë∫,-,534,534,-,90,95,-,16.9,17.8,143,143,71,69,49.7,48.3
22000,ê√â™åß,25617,1445770,1445770,1687,108590,110008,6.6,7.5,7.6,336102,336102,64073,61576,19.2,18.5
22100,ê√â™és,7797,270909,270909,251,14747,17873,3.2,5.4,6.6,60030,60030,8090,10309,13.5,17.2
22130,ïlèºés,5885,316106,316106,448,24250,22782,7.6,7.7,7.2,67146,67146,15146,13535,22.6,20.2
22203,è¿í√és,2382,77372,77372,293,6836,6384,12.3,8.8,8.3,18683,18683,4309,3732,23.1,20
22205,îMäCés,447,13128,13128,30,1402,1134,6.7,10.7,8.6,4417,4417,1015,779,23,17.6
22206,éOìáés,807,43645,43645,106,4175,3811,13.1,9.6,8.7,10553,10553,2504,2076,23.7,19.7
22207,ïxémã{és,548,52172,52172,24,4318,3235,4.4,8.3,6.2,13247,13247,2869,2057,21.7,15.5
22208,à…ìåés,1146,25829,25829,7,2771,2199,0.6,10.7,8.5,9251,9251,1737,1521,18.8,16.4
22209,ìáìcés,297,37299,37299,68,2983,3387,22.9,8,9.1,8590,8590,1665,1720,19.4,20
22210,ïxémés,1040,101156,101156,117,3048,5540,11.3,3,5.5,22863,22863,1753,3049,7.7,13.3
22211,î÷ìcés,438,65960,65960,50,6054,5605,11.4,9.2,8.5,15617,15617,3743,3424,24,21.9
22212,èƒí√és,570,54297,54297,51,4237,3441,8.9,7.8,6.3,12732,12732,1511,2103,11.9,16.5
22213,ä|êÏés,300,45886,45886,2,2812,2956,0.7,6.1,6.4,10211,10211,1505,1321,14.7,12.9
22214,ì°é}és,521,57173,57173,14,5256,5680,2.7,9.2,9.9,12399,12399,3401,3284,27.4,26.5
22215,å‰ìaèÍés,326,33590,33590,46,2240,2373,14.1,6.7,7.1,7242,7242,1391,1111,19.2,15.3
22216,ë‹à‰és,382,34660,34660,2,3417,3420,0.5,9.9,9.9,7479,7479,1675,1538,22.4,20.6
22219,â∫ìcés,287,8005,8005,10,810,861,3.5,10.1,10.8,3019,3019,Åc,Åc,Åc,Åc
22220,êûñÏés,135,19792,19792,12,1945,1843,8.9,9.8,9.3,4566,4566,1196,1025,26.2,22.4
22221,åŒêºés,156,23428,23428,15,1376,1662,9.6,5.9,7.1,5447,5447,1376,973,25.3,17.9
22222,à…ì§és,152,11043,11043,11,732,846,7.2,6.6,7.7,3525,3525,535,561,15.2,15.9
22223,å‰ëOçËés,10,12616,12616,3,1412,1295,30,11.2,10.3,3403,3403,882,696,25.9,20.5
22224,ãeêÏés,78,18199,18199,-,1465,1836,-,8,10.1,4302,4302,772,901,17.9,20.9
22225,à…ì§ÇÃçëés,515,18807,18807,28,1126,1219,5.4,6,6.5,5088,5088,655,677,12.9,13.3
22226,ñqîVå¥és,98,17526,17526,5,1702,1565,5.1,9.7,8.9,5538,5538,1042,832,18.8,15
22301,ìåà…ì§í¨,299,4403,4403,12,613,618,4,13.9,14,1674,1674,433,396,25.9,23.7
22302,âÕí√í¨,35,2600,2600,-,310,438,-,11.9,16.8,985,985,211,246,21.4,25
22304,ìÏà…ì§í¨,42,2846,2846,2,399,437,4.8,14,15.4,1183,1183,298,290,25.2,24.5
22305,èºçËí¨,48,2256,2256,1,275,277,2.1,12.2,12.3,964,964,224,218,23.2,22.6
22306,êºà…ì§í¨,69,2516,2516,2,285,287,2.9,11.3,11.4,956,956,212,185,22.2,19.4
22325,îüìÏí¨,236,14876,14876,5,866,840,2.1,5.8,5.6,3627,3627,525,480,14.5,13.2
22341,ê¥êÖí¨,191,12987,12987,26,1321,1106,13.6,10.2,8.5,2938,2938,807,608,27.5,20.7
22342,í∑êÚí¨,168,17462,17462,24,2612,2415,14.3,15,13.8,3081,3081,1078,905,35,29.4
22344,è¨éRí¨,67,6800,6800,5,527,648,7.5,7.8,9.5,Åc,Åc,303,Åc,Åc,Åc
22424,ãgìcí¨,101,11461,11461,15,1067,917,14.9,9.3,8,2522,2522,627,476,24.9,18.9
22429,êÏç™ñ{í¨,16,2208,2208,-,362,273,-,16.4,12.4,765,765,Åc,46,Åc,6
22461,êXí¨,28,6757,6757,2,839,805,7.1,12.4,11.9,2059,2059,583,502,28.3,24.4
23000,à§ímåß,62473,2956746,2956746,3804,196426,202051,6.1,6.6,6.9,636822,636759,123285,114552,19.3,17.9
23100,ñºå√âÆés,38543,906603,906603,1249,55743,66301,3.2,6.1,7.3,213653,213653,32062,32263,15,15.1
23201,ñLã¥és,2165,148211,148211,74,9626,8872,3.4,6.5,6,31937,31937,5062,4409,15.8,13.8
23202,â™çËés,1852,152799,152799,397,10764,13194,21.4,7,8.6,31825,31825,6936,8628,21.8,27.1
23203,àÍã{és,2953,152301,152301,333,15109,10373,11.3,9.9,6.8,33874,33874,10471,6782,30.9,20
23204,ê£åÀés,532,51011,51011,68,5539,4949,12.8,10.9,9.7,10086,10086,2841,2418,28.2,24
23205,îºìcés,590,47315,47315,139,2610,3265,23.6,5.5,6.9,9647,9647,1920,2463,19.9,25.5
23206,ètì˙à‰és,2254,120907,120907,225,6091,5856,10,5,4.8,25083,25083,3732,3284,14.9,13.1
23207,ñLêÏés,959,72271,72271,77,4972,4772,8,6.9,6.6,15223,15223,3299,2863,21.7,18.8
23208,í√ìáés,436,24770,24770,18,1605,1672,4.1,6.5,6.8,Åc,Åc,Åc,Åc,Åc,Åc
23209,ï…ìÏés,185,27864,27864,27,2656,2274,14.6,9.5,8.2,6463,6463,1757,1415,27.2,21.9
23210,ä†íJés,480,58007,58007,54,4216,3455,11.3,7.3,6,11412,11412,2896,2250,25.4,19.7
23211,ñLìcés,1714,162548,162548,59,6231,9581,3.4,3.8,5.9,30245,30245,3563,6082,11.8,20.1
23212,à¿èÈés,682,74494,74494,102,5723,5822,15,7.7,7.8,15516,15516,3639,3628,23.5,23.4
23213,êºîˆés,552,65774,65774,3,4127,3831,0.5,6.3,5.8,17309,17309,3360,2747,19.4,15.9
23214,äóåSés,358,30913,30913,98,2488,2297,27.4,8,7.4,7429,7429,1998,1829,26.9,24.6
23215,å¢éRés,198,28683,28683,41,1566,1564,20.7,5.5,5.5,5287,5287,1153,1029,21.8,19.5
23216,èÌääés,200,22634,22634,7,1008,1017,3.5,4.5,4.5,4879,4879,805,744,16.5,15.2
23217,ç]ìÏés,463,39753,39753,104,1439,1485,22.5,3.6,3.7,8816,8816,1067,1005,12.1,11.4
23219,è¨ñqés,915,59521,59521,137,2840,3192,15,4.8,5.4,12278,12278,2302,2192,18.7,17.9
23220,àÓëÚés,517,53323,53323,24,6425,4118,4.6,12,7.7,11587,11587,4182,2830,36.1,24.4
23221,êVèÈés,142,17322,17322,-,554,1238,-,3.2,7.1,4471,4471,303,903,6.8,20.2
23222,ìåäCés,646,42751,42751,151,2099,2763,23.4,4.9,6.5,8540,8540,1963,1554,23,18.2
23223,ëÂï{és,263,35240,35240,41,3463,1574,15.6,9.8,4.5,6603,6603,2824,889,42.8,13.5
23224,ímëΩés,381,33088,33088,39,2098,450,10.2,6.3,Åc,6787,6787,2061,952,30.4,14
23225,ímóßés,343,28500,28500,9,1778,1529,2.6,6.2,5.4,5257,5257,1444,1197,27.5,22.8
23226,îˆí£àÆés,161,33767,33767,12,3320,3121,7.5,9.8,9.2,6896,6896,1886,1652,27.3,24
23227,çÇïlés,152,18925,18925,18,2514,2174,11.8,13.3,11.5,3742,3742,348,1014,9.3,27.1
23228,ä‚ëqés,301,18928,18928,24,336,277,8,1.8,1.5,4111,4111,283,94,6.9,2.3
23229,ñLñæés,254,26402,26402,27,1808,1834,10.6,6.8,6.9,4931,4931,1169,1091,23.7,22.1
23230,ì˙êiés,80,36703,36703,3,2553,3125,3.8,7,8.5,6447,6447,1719,1761,26.7,27.3
23231,ìcå¥és,79,23406,23406,6,3569,3408,7.6,15.2,14.6,8925,8925,2856,2442,32,27.4
23232,à§êºés,104,24411,24411,3,2177,2380,2.9,8.9,9.7,5823,5823,1173,1138,20.1,19.5
23233,ê¥ê{és,389,26563,26563,32,931,1039,8.2,3.5,3.9,5450,5450,602,614,11,11.3
23234,ñkñºå√âÆés,424,33009,33009,31,1778,1993,7.3,5.4,6,6960,6960,1152,1220,16.6,17.5
23235,ñÌïxés,171,17117,17117,5,926,1009,2.9,5.4,5.9,4362,4362,577,584,13.2,13.4
23236,Ç›ÇÊÇµés,110,24755,24755,20,807,1202,18.2,3.3,4.9,4013,4013,578,797,14.4,19.9
23237,Ç†Ç‹és,569,34781,34781,6,2027,2170,1.1,5.8,6.2,6444,6444,1089,1064,16.9,16.5
23238,í∑ãvéËés,98,24522,24522,8,2674,2757,8.2,10.9,11.2,3854,3854,1509,1436,39.2,37.3
23302,ìåãΩí¨,98,17219,17219,1,923,1241,1,5.4,7.2,3253,3253,501,682,15.4,21
23342,ñLéRí¨,64,6079,6079,2,472,453,3.1,7.8,7.5,1299,1299,332,258,25.6,19.9
23361,ëÂå˚í¨,69,9049,9049,8,521,593,11.6,5.8,6.6,1745,1685,235,248,13.5,14.7
23362,ï}åKí¨,74,13536,13536,13,176,331,17.6,1.3,2.4,2756,2753,112,163,4.1,5.9
23424,ëÂé°í¨,256,13565,13565,24,754,820,9.4,5.6,6,Åc,Åc,249,287,Åc,Åc
23425,äIç]í¨,258,15049,15049,9,974,1083,3.5,6.5,7.2,2988,2988,520,477,17.4,16
23427,îÚìáë∫,4,1738,1738,-,396,414,-,22.8,23.8,437,437,193,196,44.2,44.9
23441,à¢ãvî‰í¨,30,10772,10772,2,633,626,6.7,5.9,5.8,2230,2230,620,339,27.8,15.2
23442,ìåâYí¨,94,19457,19457,33,896,974,35.1,4.6,5,3995,3995,563,547,14.1,13.7
23445,ìÏímëΩí¨,60,6517,6517,7,832,365,11.7,12.8,5.6,2806,2806,797,278,28.4,9.9
23446,î¸ïlí¨,71,8519,8519,4,635,471,5.6,7.5,5.5,2124,2124,530,309,25,14.5
23447,ïêñLí¨,112,16246,16246,19,471,523,17,2.9,3.2,3224,3224,360,293,11.2,9.1
23501,çKìcí¨,54,16213,16213,6,2061,1806,11.1,12.7,11.1,2904,2904,1359,969,46.8,33.4
23561,ê›äyí¨,14,1556,1556,5,263,260,35.7,16.9,16.7,496,496,188,157,37.9,31.7
23562,ìåâhí¨,-,1002,1002,-,166,107,-,16.6,10.7,325,325,115,58,35.4,17.8
23563,ñLç™ë∫,-,337,337,-,63,51,-,18.7,15.1,75,75,30,28,40,37.3
24000,éOèdåß,11174,697226,697226,1760,45716,52976,15.8,6.6,7.6,153789,153789,30088,31842,19.6,20.7
24201,í√és,1832,106081,106081,190,9410,9496,10.4,8.9,9,22947,22947,6086,5685,26.5,24.8
24202,élì˙ésés,2817,123063,123063,511,6381,7895,18.1,5.2,6.4,21604,21604,3938,4656,18.2,21.6
24203,à…ê®és,704,48318,48318,168,5370,4730,23.9,11.1,9.8,12490,12490,3821,3092,30.6,24.8
24204,èºç„és,1694,63142,63142,208,5050,5279,12.3,8,8.4,15230,15230,3334,3197,21.9,21
24205,åKñºés,712,56010,56010,86,1229,4524,12.1,2.2,8.1,10415,10415,737,2735,7.1,26.3
24207,óÈé≠és,922,79508,79508,158,4218,3721,17.1,5.3,4.7,15130,15130,3040,2594,20.1,17.1
24208,ñºí£és,175,30030,30030,34,2602,2229,19.4,8.7,7.4,7235,7235,1898,1302,26.2,18
24209,îˆòhés,137,5718,5718,10,228,318,7.3,4,5.6,1664,1664,149,159,9,9.6
24210,ãTéRés,136,19257,19257,21,1433,1692,15.4,7.4,8.8,3723,3723,965,996,25.9,26.8
24211,íπâHés,90,6660,6660,14,205,689,15.6,3.1,10.3,2564,2564,172,558,6.7,21.8
24212,åFñÏés,142,5875,5875,38,280,457,26.8,4.8,7.8,2130,2130,201,278,9.4,13.1
24214,Ç¢Ç»Ç◊és,92,17383,17383,8,1604,2196,8.7,9.2,12.6,3868,3868,1228,1268,31.7,32.8
24215,éuñÄés,364,18391,18391,110,436,922,30.2,2.4,5,6003,6003,316,700,5.3,11.7
24216,à…âÍés,502,32915,32915,84,589,1295,16.7,1.8,3.9,7266,7266,487,671,6.7,9.2
24303,ñÿë]ñ¶í¨,12,2379,2379,1,225,224,8.3,9.5,9.4,646,646,161,161,24.9,24.9
24324,ìåàıí¨,27,9678,9678,3,956,963,11.1,9.9,10,2443,2443,359,558,14.7,22.8
24341,å‘ñÏí¨,129,16367,16367,8,1061,1366,6.2,6.5,8.3,3269,3269,626,748,19.1,22.9
24343,í©ì˙í¨,27,4486,4486,7,169,289,25.9,3.8,6.4,583,583,90,118,15.4,20.2
24344,êÏâzí¨,64,5929,5929,8,197,388,12.5,3.3,6.5,1070,1070,92,173,8.6,16.2
24441,ëΩãCí¨,27,5451,5451,3,401,444,11.1,7.4,8.1,1549,1549,255,231,16.5,14.9
24442,ñæòaí¨,110,8936,8936,11,672,808,10,7.5,9,2180,2180,379,393,17.4,18
24443,ëÂë‰í¨,44,3093,3093,3,337,374,6.8,10.9,12.1,752,752,214,211,28.5,28.1
24461,ã èÈí¨,71,5938,5938,5,547,654,7,9.2,11,1501,1501,170,242,11.3,16.1
24470,ìxâÔí¨,20,3098,3098,2,154,177,10,5,5.7,825,825,109,114,13.2,13.8
24471,ëÂãIí¨,38,2831,2831,6,361,450,15.8,12.8,15.9,980,980,225,257,23,26.2
24472,ìÏà…ê®í¨,61,4096,4096,13,206,210,21.3,5,5.1,1509,1509,123,106,8.2,7
24543,ãIñkí¨,126,5420,5420,35,767,769,27.8,14.2,14.2,1767,1767,439,425,24.8,24.1
24561,å‰ïlí¨,42,3198,3198,7,236,145,16.7,7.4,4.5,1159,1159,195,77,16.8,6.6
24562,ãIïÛí¨,57,3975,3975,8,392,272,14,9.9,6.8,1287,1287,279,137,21.7,10.6
25000,é†âÍåß,7513,553704,553704,509,20636,26809,6.8,3.7,4.8,124203,124203,13798,16784,11.1,13.5
25201,ëÂí√és,2524,138273,138273,234,7673,7871,9.3,5.5,5.7,28934,28934,5645,5229,19.5,18.1
25202,ïFç™és,607,44065,44065,40,2038,2163,6.6,4.6,4.9,9888,9888,1229,1148,12.4,11.6
25203,í∑ïlés,784,44305,44305,40,1520,2782,5.1,3.4,6.3,10443,10443,929,1533,8.9,14.7
25204,ãﬂç]î™î¶és,496,31267,31267,18,438,1110,3.6,1.4,3.6,6917,6917,222,897,3.2,13
25206,ëêí√és,917,53732,53732,32,2288,2224,3.5,4.3,4.1,10072,10072,1488,1314,14.8,13
25207,éÁéRés,214,33474,33474,21,790,1627,9.8,2.4,4.9,6149,6149,476,1103,7.7,17.9
25208,åIìåés,256,27399,27399,20,331,1056,7.8,1.2,3.9,4634,4634,164,671,3.5,14.5
25209,çbâÍés,234,34775,34775,16,974,1267,6.8,2.8,3.6,13451,13451,745,951,5.5,7.1
25210,ñÏèFés,93,19540,19540,5,329,663,5.4,1.7,3.4,4081,4081,187,406,4.6,9.9
25211,åŒìÏés,155,21638,21638,26,367,586,16.8,1.7,2.7,4615,4615,317,476,6.9,10.3
25212,çÇìáés,298,17906,17906,21,244,997,7,1.4,5.6,5227,5227,170,545,3.3,10.4
25213,ìåãﬂç]és,567,43947,43947,15,1566,1912,2.6,3.6,4.4,9498,9498,908,1053,9.6,11.1
25214,ïƒå¥és,126,14714,14714,10,755,996,7.9,5.1,6.8,3532,3532,492,579,13.9,16.4
25383,ì˙ñÏí¨,138,8038,8038,4,182,295,2.9,2.3,3.7,1893,1893,131,205,6.9,10.8
25384,ó≥â§í¨,24,4476,4476,-,159,219,-,3.6,4.9,1041,1041,114,139,11,13.4
25425,à§ëëí¨,-,8136,8136,-,256,412,-,3.1,5.1,1624,1624,93,176,5.7,10.8
25441,ñLãΩí¨,65,2770,2770,3,294,163,4.6,10.6,5.9,741,741,197,81,26.6,10.9
25442,çbó«í¨,2,2579,2579,2,254,255,100,9.8,9.9,751,751,177,156,23.6,20.8
25443,ëΩâÍí¨,13,2670,2670,2,178,211,15.4,6.7,7.9,712,712,114,122,16,17.1
26000,ãûìsï{,41694,975320,975320,1876,24193,39153,4.5,2.5,4,227327,227324,17084,19978,7.5,8.8
26100,ãûìsés,31557,541678,541678,723,2292,9118,2.3,0.4,1.7,126019,126019,4841,3202,3.8,2.5
26201,ïüíméRés,613,28590,28590,38,637,1119,6.2,2.2,3.9,5834,5834,393,685,6.7,11.7
26202,ïëíﬂés,773,29281,29281,104,1756,2565,13.5,6,8.8,6500,6500,1154,1478,17.8,22.7
26203,àªïîés,184,11690,11690,12,565,659,6.5,4.8,5.6,3030,3030,382,410,12.6,13.5
26204,âFé°és,2173,72453,72453,351,2322,3631,16.2,3.2,5,16233,16233,1940,3002,12,18.5
26205,ã{í√és,107,6280,6280,14,870,880,13.1,13.9,14,2133,2133,550,483,25.8,22.6
26206,ãTâ™és,830,34480,34480,27,1189,1659,3.3,3.4,4.8,8320,8320,731,834,8.8,10
26207,èÈózés,621,28448,28448,70,354,1531,11.3,1.2,5.4,6974,6974,228,1274,3.3,18.3
26208,å¸ì˙és,476,22588,22588,124,263,1031,26.1,1.2,4.6,4666,4666,151,759,3.2,16.3
26209,í∑â™ãûés,602,32108,32108,142,470,1108,23.6,1.5,3.5,6404,6404,280,799,4.4,12.5
26210,î™î¶és,1064,27599,27599,70,886,1363,6.6,3.2,4.9,6729,6729,524,889,7.8,13.2
26211,ãûìcï”és,122,27868,27868,48,645,1187,39.3,2.3,4.3,5125,5125,217,372,4.2,7.3
26212,ãûíOå„és,381,19868,19868,38,3208,3447,10,16.1,17.3,6083,6083,2115,1984,34.8,32.6
26213,ìÏíOés,313,11460,11460,33,1310,1359,10.5,11.4,11.9,2973,2973,315,271,10.6,9.1
26214,ñÿí√êÏés,361,31410,31410,27,3091,3444,7.5,9.8,11,6814,6814,907,933,13.3,13.7
26303,ëÂéRçËí¨,62,6053,6053,9,132,282,14.5,2.2,4.7,2599,2599,84,205,3.2,7.9
26322,ãvå‰éRí¨,250,5744,5744,14,151,246,5.6,2.6,4.3,1542,1542,103,193,6.7,12.5
26343,à‰éËí¨,208,2728,2728,1,77,156,0.5,2.8,5.7,746,746,34,107,4.6,14.3
26344,âFé°ìcå¥í¨,30,3494,3494,-,163,176,-,4.7,5,902,899,78,75,8.6,8.3
26364,ä}íuí¨,18,446,446,-,22,41,-,4.9,9.2,173,173,11,25,6.4,14.5
26365,òaë©í¨,56,1363,1363,7,144,183,12.5,10.6,13.4,531,531,86,83,16.2,15.6
26366,ê∏âÿí¨,Åc,15417,15417,7,1284,1586,Åc,8.3,10.3,2839,2839,573,631,20.2,22.2
26367,ìÏéRèÈë∫,658,973,973,-,78,87,-,8,8.9,368,368,66,76,17.9,20.7
26407,ãûíOîgí¨,97,4830,4830,5,879,862,5.2,18.2,17.8,1433,1433,487,445,34,31.1
26463,à…ç™í¨,8,652,652,-,131,129,-,20.1,19.8,249,249,91,81,36.5,32.5
26465,ó^é”ñÏí¨,130,7819,7819,12,1274,1304,9.2,16.3,16.7,2108,2108,743,682,35.2,32.4
27000,ëÂç„ï{,207795,3460485,3460485,6367,165701,176564,2.8,4.8,5.1,820181,820181,90929,88812,11.1,10.8
27100,ëÂç„és,109523,1070179,1070179,994,28457,32697,0.9,2.7,3.1,279557,279557,15836,16267,5.7,5.8
27140,ç‰és,19913,321987,321987,459,14657,16604,2.3,4.6,5.2,73937,73937,6450,6747,8.7,9.1
27202,ä›òaìcés,4306,74482,74482,83,5482,5049,1.9,7.4,6.8,18055,18055,2915,2408,16.1,13.3
27203,ñLíÜés,Åc,163452,163452,571,5979,9401,Åc,3.7,5.8,32612,32612,3354,5104,10.3,15.7
27204,írìcés,677,40634,40634,112,1283,1420,16.5,3.2,3.5,8570,8570,864,942,10.1,11
27205,êÅìcés,4498,147933,147933,682,7711,8381,15.2,5.2,5.7,28564,28564,5955,6395,20.8,22.4
27206,êÚëÂí√és,1313,29624,29624,34,1495,2046,2.6,5,6.9,6341,6341,636,927,10,14.6
27207,çÇíŒés,4221,136572,136572,377,14235,11430,8.9,10.4,8.4,30399,30399,7920,5825,26.1,19.2
27208,äLíÀés,1217,33740,33740,29,1076,1977,2.4,3.2,5.9,7614,7614,639,1148,8.4,15.1
27209,éÁå˚és,4095,55811,55811,364,5013,2390,8.9,9,4.3,12681,12681,3754,1504,29.6,11.9
27210,ñáï˚és,6299,158257,158257,590,9333,10201,9.4,5.9,6.4,34848,34848,5586,5050,16,14.5
27211,àÔñÿés,2763,112326,112326,212,7708,7419,7.7,6.9,6.6,22548,22548,4514,4175,20,18.5
27212,î™îˆés,6271,103338,103338,276,5572,6877,4.4,5.4,6.7,24327,24327,2522,3306,10.4,13.6
27213,êÚç≤ñÏés,1580,39451,39451,50,1102,1666,3.2,2.8,4.2,9407,9407,583,890,6.2,9.5
27214,ïxìcó—és,1801,42683,42683,32,2168,2547,1.8,5.1,6,10544,10544,1106,1275,10.5,12.1
27215,êQâÆêÏés,6053,90597,90597,115,3098,3379,1.9,3.4,3.7,21510,21510,1658,1770,7.7,8.2
27216,âÕì‡í∑ñÏés,46,39303,39303,46,3566,2868,100,9.1,7.3,8756,8756,2127,1618,24.3,18.5
27217,èºå¥és,2777,45778,45778,9,3736,3868,0.3,8.2,8.4,10959,10959,1679,1545,15.3,14.1
27218,ëÂìåés,934,46603,46603,99,2936,2913,10.6,6.3,6.3,11137,11137,1516,1382,13.6,12.4
27219,òaêÚés,2845,74702,74702,121,6646,6584,4.3,8.9,8.8,15903,15903,3592,2885,22.6,18.1
27220,ñ•ñ és,1013,55060,55060,146,5665,5290,14.4,10.3,9.6,11108,11108,2777,2476,25,22.3
27221,îêå¥és,846,26413,26413,11,851,1402,1.3,3.2,5.3,6167,6167,329,605,5.3,9.8
27222,âHâgñÏés,2152,43213,43213,67,1406,2511,3.1,3.3,5.8,10262,10262,576,1331,5.6,13
27223,ñÂê^és,4560,47575,47575,130,2388,1450,2.9,5,3,12143,12143,1759,924,14.5,7.6
27224,ê€í√és,1283,33250,33250,118,2081,1913,9.2,6.3,5.8,7079,7079,1323,1043,18.7,14.7
27225,çÇêŒés,743,22382,22382,22,727,1242,3,3.2,5.5,6248,6248,386,696,6.2,11.1
27226,ì°à‰éõés,1019,25288,25288,55,1263,1376,5.4,5,5.4,6209,6209,538,587,8.7,9.5
27227,ìåëÂç„és,10741,192215,192215,433,10094,10520,4,5.3,5.5,48352,48352,3365,3505,7,7.2
27228,êÚìÏés,803,23097,23097,7,585,1188,0.9,2.5,5.1,6495,6495,366,723,5.6,11.1
27229,élûäìÎés,521,21781,21781,36,1018,1023,6.9,4.7,4.7,4584,4584,693,563,15.1,12.3
27230,åñÏés,641,30813,30813,12,1967,1957,1.9,6.4,6.4,6185,6185,1228,1164,19.9,18.8
27231,ëÂç„ã∑éRés,536,22538,22538,23,1206,1328,4.3,5.4,5.9,5129,5129,793,795,15.5,15.5
27232,ç„ìÏés,490,20580,20580,1,840,1028,0.2,4.1,5,5028,5028,669,714,13.3,14.2
27301,ìáñ{í¨,129,12545,12545,4,941,776,3.1,7.5,6.2,2452,2452,680,553,27.7,22.6
27321,ñLî\í¨,21,7134,7134,-,385,348,-,5.4,4.9,1946,1946,291,212,15,10.9
27322,î\ê®í¨,38,3932,3932,11,378,327,28.9,9.6,8.3,1301,1301,303,245,23.3,18.8
27341,íââ™í¨,348,6499,6499,10,362,394,2.9,5.6,6.1,1546,1546,197,181,12.7,11.7
27361,åFéÊí¨,324,16853,16853,4,920,988,1.2,5.5,5.9,4010,4010,718,526,17.9,13.1
27362,ìcêKí¨,139,3092,3092,3,258,314,2.2,8.3,10.2,660,660,105,126,15.9,19.1
27366,ñ¶í¨,174,5897,5897,1,205,298,0.6,3.5,5.1,1775,1775,156,170,8.8,9.6
27381,ëæéqí¨,71,5207,5207,11,465,555,15.5,8.9,10.7,1232,1232,257,269,20.9,21.8
27382,âÕìÏí¨,52,5930,5930,6,328,477,11.5,5.5,8,1438,1438,214,241,14.9,16.8
27383,êÁëÅê‘ç„ë∫,19,1739,1739,1,115,142,5.3,6.6,8.2,563,563,Åc,Åc,Åc,Åc
28000,ï∫å…åß,86539,2173343,2173343,3992,88784,123500,4.6,4.1,5.7,490177,490177,54016,66752,11,13.6
28100,ê_åÀés,32329,604647,604647,1085,13590,40505,3.4,2.2,6.7,134659,134659,8414,19905,6.2,14.8
28201,ïPòHés,3680,208195,208195,328,3761,5611,8.9,1.8,2.7,47589,47589,968,1264,2,2.7
28202,ìÚçËés,13846,182269,182269,842,4538,6702,6.1,2.5,3.7,41228,41228,2607,3247,6.3,7.9
28203,ñæêŒés,4044,117982,117982,169,3005,5088,4.2,2.5,4.3,24535,24535,2033,2958,8.3,12.1
28204,êºã{és,6037,199650,199650,168,3458,5052,2.8,1.7,2.5,42505,42505,2211,2756,5.2,6.5
28205,èFñ{és,387,16107,16107,31,2049,2162,8,12.7,13.4,4244,4244,1180,1185,27.8,27.9
28206,à∞âÆés,610,40886,40886,63,2611,2321,10.3,6.4,5.7,8505,8505,2251,1592,26.5,18.7
28207,à…íOés,2737,80333,80333,164,1273,3300,6,1.6,4.1,15409,15409,733,2010,4.8,13
28208,ëäê∂és,196,10227,10227,1,630,606,0.5,6.2,5.9,2561,2561,488,454,19.1,17.7
28209,ñLâ™és,480,30245,30245,18,3532,3587,3.8,11.7,11.9,8259,8259,2183,2045,26.4,24.8
28210,â¡å√êÏés,1726,102682,102682,141,3387,4241,8.2,3.3,4.1,22967,22967,2230,2637,9.7,11.5
28212,ê‘ï‰és,279,17645,17645,8,1276,1240,2.9,7.2,7,4169,4169,918,838,22,20.1
28213,êºòeés,188,15050,15050,4,937,1089,2.1,6.2,7.2,3534,3534,548,580,15.5,16.4
28214,ïÛíÀés,2110,95572,95572,77,5554,5294,3.6,5.8,5.5,19241,19241,3761,3600,19.5,18.7
28215,éOñÿés,412,28437,28437,12,1892,2250,2.9,6.7,7.9,7000,7000,1039,1188,14.8,17
28216,çÇçªés,919,34086,34086,1,1251,1592,0.1,3.7,4.7,7925,7925,456,886,5.8,11.2
28217,êÏêºés,1344,61248,61248,52,4686,3896,3.9,7.7,6.4,13389,13389,3154,2613,23.6,19.5
28218,è¨ñÏés,159,18479,18479,12,1256,1218,7.5,6.8,6.6,3793,3793,705,632,18.6,16.7
28219,éOìcés,321,45957,45957,20,1362,1482,6.2,3,3.2,9200,9200,916,966,10,10.5
28220,â¡êºés,147,16430,16430,12,1149,1160,8.2,7,7.1,4268,4268,760,696,17.8,16.3
28221,íOîgé¬éRés,12062,15499,15499,662,912,1052,5.5,5.9,6.8,4190,4190,695,716,16.6,17.1
28222,ó{ïÉés,89,8424,8424,8,1429,1602,9,17,19,2448,2448,608,834,24.8,34.1
28223,íOîgés,107,23287,23287,7,1993,1957,6.5,8.6,8.4,5566,5566,1368,1268,24.6,22.8
28224,ìÏÇ†ÇÌÇ∂és,300,17599,17599,9,3368,2910,3,19.1,16.5,5966,5966,2204,1785,36.9,29.9
28225,í©óàés,65,11235,11235,11,1281,1316,16.9,11.4,11.7,2911,2911,804,759,27.6,26.1
28226,íWòHés,328,16110,16110,6,2310,1836,1.8,14.3,11.4,5402,5402,1437,1038,26.6,19.2
28227,é≥àæés,154,13670,13670,6,1819,1520,3.9,13.3,11.1,3785,3785,1099,917,29,24.2
28228,â¡ìåés,124,15357,15357,9,1382,1266,7.3,9,8.2,3466,3466,759,651,21.9,18.8
28229,ÇΩÇ¬ÇÃés,400,29191,29191,6,2178,2529,1.5,7.5,8.7,7354,7354,1303,1438,17.7,19.6
28301,íññºêÏí¨,43,12385,12385,14,1742,1744,32.6,14.1,14.1,2826,2826,968,900,34.3,31.8
28365,ëΩâ¬í¨,55,7485,7485,2,787,729,3.6,10.5,9.7,1871,1871,399,343,21.3,18.3
28381,àÓî¸í¨,117,11880,11880,1,600,641,0.9,5.1,5.4,2897,2897,452,448,15.6,15.5
28382,îdñÅí¨,270,13244,13244,19,690,650,7,5.2,4.9,2856,2856,492,463,17.2,16.2
28442,ésêÏí¨,27,4481,4481,2,720,628,7.4,16.1,14,1383,1383,471,374,34.1,27
28443,ïüçËí¨,89,7100,7100,9,916,828,10.1,12.9,11.7,1454,1454,476,381,32.7,26.2
28446,ê_âÕí¨,26,4201,4201,3,537,483,11.5,12.8,11.5,1113,1113,309,269,27.8,24.2
28464,ëæéqí¨,131,13181,13181,2,867,886,1.5,6.6,6.7,2721,2721,668,661,24.5,24.3
28481,è„åSí¨,31,5533,5533,-,464,483,-,8.4,8.7,1579,1579,310,285,19.6,18
28501,ç≤ópí¨,61,6037,6037,1,507,450,1.6,8.4,7.5,1783,1783,328,284,18.4,15.9
28585,çÅî¸í¨,58,6194,6194,7,1624,1050,12.1,26.2,17,2076,2076,689,538,33.2,25.9
28586,êVâ∑êÚí¨,51,5123,5123,-,1461,544,-,28.5,10.6,1550,1550,622,348,40.1,22.5
29000,ìﬁó«åß,12769,523308,523295,805,16484,32445,6.3,3.1,6.2,127234,127231,10088,18089,7.9,14.2
29201,ìﬁó«és,5556,140237,140237,517,1144,10965,9.3,0.8,7.8,31732,31732,803,5945,2.5,18.7
29202,ëÂòaçÇìcés,85,26215,26215,36,1104,1291,42.4,4.2,4.9,7353,7353,680,781,9.2,10.6
29203,ëÂòaåSéRés,910,32755,32755,17,249,1557,1.9,0.8,4.8,8217,8217,172,1047,2.1,12.7
29204,ìVóùés,512,23888,23875,3,839,1351,0.6,3.5,5.7,5883,5883,514,687,8.7,11.7
29205,äÄå¥és,971,47241,47241,8,2700,2752,0.8,5.7,5.8,10638,10638,1667,1590,15.7,14.9
29206,ç˜à‰és,737,21690,21690,8,1033,1618,1.1,4.8,7.5,6343,6343,619,958,9.8,15.1
29207,å‹ûäés,260,11319,11319,12,517,662,4.6,4.6,5.8,3690,3690,317,355,8.6,9.6
29208,å‰èäés,28,9245,9245,27,472,878,96.4,5.1,9.5,3010,3010,269,434,8.9,14.4
29209,ê∂ãÓés,447,47791,47791,87,1032,2000,19.5,2.2,4.2,9673,9673,476,953,4.9,9.9
29210,çÅé≈és,324,31650,31650,4,617,800,1.2,1.9,2.5,6171,6171,357,517,5.8,8.4
29211,äãèÈés,172,14206,14206,3,680,895,1.7,4.8,6.3,3352,3352,338,442,10.1,13.2
29212,âFë…és,314,10577,10577,8,844,1045,2.5,8,9.9,3347,3347,470,550,14,16.4
29322,éRìYë∫,12,1172,1172,1,199,222,8.3,17,18.9,366,366,140,143,38.3,39.1
29342,ïΩåQí¨,78,7054,7054,4,238,359,5.1,3.4,5.1,1925,1925,189,242,9.8,12.6
29343,éOãΩí¨,321,8772,8772,3,253,438,0.9,2.9,5,2073,2073,166,247,8,11.9
29344,î¡îµí¨,145,10837,10837,31,314,486,21.4,2.9,4.5,2415,2415,152,255,6.3,10.6
29345,à¿ìgí¨,96,2880,2880,5,323,324,5.2,11.2,11.3,863,863,182,167,21.1,19.4
29361,êÏêºí¨,93,3158,3158,-,146,290,-,4.6,9.2,895,895,82,119,9.2,13.3
29362,éOëÓí¨,97,2510,2510,-,128,152,-,5.1,6.1,704,704,83,86,11.8,12.2
29363,ìcå¥ñ{í¨,287,11981,11981,2,537,596,0.7,4.5,5,3212,3212,334,340,10.4,10.6
29385,ë]é¢ë∫,23,505,505,-,112,116,-,22.2,23,182,182,72,72,39.6,39.6
29386,å‰èÒë∫,11,501,501,-,106,115,-,21.2,23,195,195,106,73,54.4,37.4
29401,çÇéÊí¨,45,2488,2488,1,203,314,2.2,8.2,12.6,747,747,156,214,20.9,28.6
29402,ñæì˙çÅë∫,24,1953,1953,2,188,312,8.3,9.6,16,662,662,120,163,18.1,24.6
29424,è„ñqí¨,341,8682,8682,5,183,340,1.5,2.1,3.9,2293,2293,106,145,4.6,6.3
29425,â§éõí¨,135,8998,8998,11,560,490,8.1,6.2,5.4,1793,1793,337,271,18.8,15.1
29426,çLóÀí¨,155,14192,14192,3,549,649,1.9,3.9,4.6,3028,3028,330,404,10.9,13.3
29427,âÕçáí¨,97,6555,6555,-,153,265,-,2.3,4,1772,1769,103,163,5.8,9.2
29441,ãgñÏí¨,68,2327,2327,-,158,184,-,6.8,7.9,893,893,111,115,12.4,12.9
29442,ëÂóÑí¨,273,6937,6937,-,258,318,-,3.7,4.6,1609,1609,150,166,9.3,10.3
29443,â∫ésí¨,67,1731,1731,-,148,174,-,8.5,10.1,945,945,91,108,9.6,11.4
29444,çïëÍë∫,5,220,220,3,41,42,60,18.6,19.1,86,86,26,24,30.2,27.9
29446,ìVêÏë∫,6,433,433,-,95,96,-,21.9,22.2,213,213,84,75,39.4,35.2
29447,ñÏîóêÏë∫,6,117,117,3,20,15,50,17.1,12.8,40,40,15,12,37.5,30
29449,è\í√êÏë∫,35,1076,1076,1,161,149,2.9,15,13.8,393,393,138,127,35.1,32.3
29450,â∫ñkéRë∫,3,310,310,-,52,56,-,16.8,18.1,108,108,39,35,36.1,32.4
29451,è„ñkéRë∫,2,170,170,-,28,27,-,16.5,15.9,50,50,24,21,48,42
29452,êÏè„ë∫,2,415,415,-,66,68,-,15.9,16.4,167,167,39,16,23.4,9.6
29453,ìåãgñÏë∫,26,520,520,-,34,34,-,6.5,6.5,196,196,31,27,15.8,13.8
30000,òaâÃéRåß,12485,363181,363182,185,30869,31141,1.5,8.5,8.6,107254,107254,19856,18912,18.5,17.6
30201,òaâÃéRés,7689,140907,140907,101,4638,4484,1.3,3.3,3.2,35680,35680,2891,2485,8.1,7
30202,äCìÏés,417,18571,18571,6,2427,2231,1.4,13.1,12,5536,5536,1491,1342,26.9,24.2
30203,ã¥ñ{és,305,23782,23782,6,3133,2960,2,13.2,12.4,6602,6602,1835,1677,27.8,25.4
30204,óLìcés,159,10236,10236,1,1274,1106,0.6,12.4,10.8,3584,3584,804,656,22.4,18.3
30205,å‰ñVés,440,8887,8887,7,858,849,1.6,9.7,9.6,3081,3081,613,594,19.9,19.3
30206,ìcï”és,748,28165,28165,19,2184,2688,2.5,7.8,9.5,9859,9859,1666,1961,16.9,19.9
30207,êVã{és,535,10295,10295,7,1011,1036,1.3,9.8,10.1,3268,3268,616,565,18.8,17.3
30208,ãIÇÃêÏés,325,24002,24002,-,3159,3261,-,13.2,13.6,7309,7309,1810,1724,24.8,23.6
30209,ä‚èoés,351,22584,22584,11,1862,1836,3.1,8.2,8.1,5036,5036,1020,975,20.3,19.4
30304,ãIî¸ñÏí¨,40,2940,2940,7,446,415,17.5,15.2,14.1,1065,1065,281,244,26.4,22.9
30341,Ç©Ç¬ÇÁÇ¨í¨,70,5850,5850,3,822,906,4.3,14.1,15.5,1781,1781,421,443,23.6,24.9
30343,ã„ìxéRí¨,8,1421,1421,-,187,183,-,13.2,12.9,538,538,140,127,26,23.6
30344,çÇñÏí¨,-,1042,1042,-,143,117,-,13.7,11.2,370,370,80,70,21.6,18.9
30361,ìíêÛí¨,161,4427,4428,-,549,535,-,12.4,12.1,1703,1703,545,532,32,31.2
30362,çLêÏí¨,78,2662,2662,1,308,309,1.3,11.6,11.6,992,992,308,309,31,31.1
30366,óLìcêÏí¨,64,9876,9876,2,889,1236,3.1,9,12.5,3718,3718,583,893,15.7,24
30381,î¸ïlí¨,57,2591,2591,-,249,196,-,9.6,7.6,832,832,164,110,19.7,13.2
30382,ì˙çÇí¨,24,3014,3014,1,229,280,4.2,7.6,9.3,901,901,173,163,19.2,18.1
30383,óRó«í¨,62,2068,2068,1,270,257,1.6,13.1,12.4,708,708,188,164,26.6,23.2
30390,àÛìÏí¨,-,2945,2945,-,635,663,-,21.6,22.5,1327,1327,479,466,36.1,35.1
30391,Ç›Ç»Ç◊í¨,47,4854,4854,2,1387,1355,4.3,28.6,27.9,2271,2271,1034,944,45.5,41.6
30392,ì˙çÇêÏí¨,34,3496,3496,-,727,704,-,20.8,20.1,1260,1260,465,394,36.9,31.3
30401,îíïlí¨,263,8004,8004,1,850,977,0.4,10.6,12.2,2747,2747,617,594,22.5,21.6
30404,è„ïxìcí¨,90,6424,6424,-,823,709,-,12.8,11,1759,1759,452,363,25.7,20.6
30406,Ç∑Ç≥Ç›í¨,45,1323,1323,2,249,269,4.4,18.8,20.3,507,507,163,149,32.1,29.4
30421,ìﬂíqèüâYí¨,143,5342,5342,5,693,641,3.5,13,12,1759,1759,409,345,23.3,19.6
30422,ëæíní¨,22,1071,1071,-,110,113,-,10.3,10.6,365,365,59,67,16.2,18.4
30424,å√ç¿êÏí¨,23,769,769,-,169,188,-,22,24.4,368,368,121,122,32.9,33.2
30427,ñkéRë∫,3,150,150,2,24,24,66.7,16,16,42,42,19,16,45.2,38.1
30428,ã¯ñ{í¨,282,5483,5483,-,564,613,-,10.3,11.2,2286,2286,409,418,17.9,18.3
31000,íπéÊåß,5124,211253,211253,447,19975,22257,8.7,9.5,10.5,50497,50489,11626,10862,23.3,21.8
31201,íπéÊés,2147,71864,71864,157,7152,7640,7.3,10,10.6,16616,16616,3914,3791,23.6,22.8
31202,ïƒéqés,1693,56740,56740,191,3545,4145,11.3,6.2,7.3,11756,11756,2406,2341,20.5,19.9
31203,ëqãgés,400,17221,17221,23,1491,1510,5.8,8.7,8.8,4762,4762,804,838,16.9,17.6
31204,ã´ç`és,261,12640,12640,25,1220,1301,9.6,9.7,10.3,2664,2656,673,623,25.3,23.5
31302,ä‚î¸í¨,57,4179,4179,6,600,636,10.5,14.4,15.2,1153,1153,345,244,29.9,21.2
31325,é·ç˜í¨,13,1034,1034,6,188,190,46.2,18.2,18.4,328,328,120,112,36.6,34.1
31328,íqì™í¨,15,2513,2513,1,357,381,6.7,14.2,15.2,820,820,220,215,26.8,26.2
31329,î™ì™í¨,90,6356,6356,17,1018,1023,18.9,16,16.1,1753,1753,578,574,33,32.7
31364,éOí©í¨,24,2287,2287,1,355,349,4.2,15.5,15.3,620,620,Åc,Åc,Åc,Åc
31370,ìíóúïlí¨,73,6295,6295,-,828,873,-,13.2,13.9,1588,1588,468,314,29.5,19.8
31371,ã’âYí¨,93,6166,6166,-,601,649,-,9.7,10.5,1857,1857,429,415,23.1,22.3
31372,ñkâhí¨,58,5520,5520,8,832,1355,13.8,15.1,24.5,1644,1644,527,57,32.1,3.5
31384,ì˙ãgí√ë∫,3,1349,1349,-,99,195,-,7.3,14.5,298,298,55,118,18.5,39.6
31386,ëÂéRí¨,83,5759,5759,-,587,598,-,10.2,10.4,1706,1706,392,370,23,21.7
31389,ìÏïîí¨,43,3912,3912,9,456,500,20.9,11.7,12.8,950,950,267,261,28.1,27.5
31390,îå„Àí¨,24,4121,4121,1,345,521,4.2,8.4,12.6,1080,1080,234,352,21.7,32.6
31401,ì˙ìÏí¨,27,1378,1378,2,97,148,7.4,7,10.7,411,411,51,94,12.4,22.9
31402,ì˙ñÏí¨,13,968,968,-,74,87,-,7.6,9,246,246,43,40,17.5,16.3
31403,ç]ï{í¨,7,951,951,-,130,156,-,13.7,16.4,245,245,100,103,40.8,42
32000,ìáç™åß,4206,246389,246395,468,8164,18304,11.1,3.3,7.4,55758,55759,5028,10268,9,18.5
32201,èºç]és,2098,76298,76298,185,2609,4487,8.8,3.4,5.9,15996,15996,1377,2253,8.6,14.1
32202,ïlìcés,250,18683,18683,65,556,1161,26,3,6.2,3995,3995,324,489,8.1,12.2
32203,èoâ_és,799,65268,65268,30,865,5681,3.8,1.3,8.7,13945,13945,544,3438,3.9,24.7
32204,âvìcés,275,16168,16168,17,151,844,6.2,0.9,5.2,4066,4066,71,377,1.7,9.3
32205,ëÂìcés,200,11947,11947,63,1041,686,31.5,8.7,5.7,3003,3003,736,536,24.5,17.8
32206,à¿óàés,139,13576,13576,23,270,802,16.5,2,5.9,2808,2808,230,634,8.2,22.6
32207,ç]í√és,113,8364,8364,38,449,614,33.6,5.4,7.3,2078,2078,277,465,13.3,22.4
32209,â_ìÏés,80,13480,13480,10,389,1057,12.5,2.9,7.8,3120,3120,245,644,7.9,20.6
32343,âúèoâ_í¨,54,4200,4200,9,83,510,16.7,2,12.1,1133,1133,53,210,4.7,18.5
32386,î—ìÏí¨,20,1536,1536,-,170,180,-,11.1,11.7,364,364,117,Åc,32.1,Åc
32441,êÏñ{í¨,17,1018,1017,1,76,138,5.9,7.5,13.6,295,295,49,75,16.6,25.4
32448,î¸ãΩí¨,5,1398,1401,4,128,286,80,9.2,20.4,442,443,82,129,18.6,29.1
32449,óWìÏí¨,13,3461,3465,6,407,640,46.2,11.8,18.5,1225,1225,245,277,20,22.6
32501,í√òañÏí¨,20,2319,2319,2,210,413,10,9.1,17.8,646,646,137,232,21.2,35.9
32505,ãgâÍí¨,26,2020,2020,3,153,365,11.5,7.6,18.1,506,506,118,225,23.3,44.5
32525,äCémí¨,6,729,729,3,137,83,50,18.8,11.4,267,267,114,61,42.7,22.8
32526,êºÉmìáí¨,4,885,885,1,121,60,25,13.7,6.8,309,309,90,30,29.1,9.7
32527,ímïvë∫,10,184,184,-,34,23,-,18.5,12.5,80,80,31,13,38.8,16.3
32528,âBäÚÇÃìáí¨,77,4855,4855,8,315,274,10.4,6.5,5.6,1480,1480,188,180,12.7,12.2
33000,â™éRåß,18072,708429,708429,1334,43875,41882,7.4,6.2,5.9,158043,158043,26567,23390,16.9,14.9
33100,â™éRés,9926,272635,272635,703,17372,14945,7.1,6.4,5.5,58004,58004,10374,8679,17.9,15
33202,ëqï~és,5172,180240,180240,388,11015,11274,7.5,6.1,6.3,36197,36197,6139,5715,17,15.8
33203,í√éRés,606,37636,37636,110,2502,2429,18.2,6.6,6.5,7822,7822,1764,1561,22.6,20
33204,ã ñÏés,451,20703,20703,17,1230,1041,3.8,5.9,5,5763,5763,885,724,15.4,12.6
33205,ä}â™és,306,17796,17796,9,1197,892,2.9,6.7,5,4477,4477,879,583,19.6,13
33207,à‰å¥és,Åc,14544,14544,-,1021,985,Åc,7,6.8,3565,3565,663,510,18.6,14.3
33208,ëçé–és,330,25737,25737,11,801,994,3.3,3.1,3.9,5475,5475,532,585,9.7,10.7
33209,çÇó¿és,208,9605,9605,6,491,599,2.9,5.1,6.2,2715,2715,240,267,8.8,9.8
33210,êVå©és,120,9676,9676,3,472,537,2.5,4.9,5.5,2763,2763,329,316,11.9,11.4
33211,îıëOés,153,12095,12095,20,600,612,13.1,5,5.1,3427,3427,355,335,10.4,9.8
33212,ê£åÀì‡és,38,14054,14054,4,730,841,10.5,5.2,6,3406,3406,284,432,8.3,12.7
33213,ê‘î÷és,63,16146,16146,2,1103,1069,3.2,6.8,6.6,3883,3883,698,594,18,15.3
33214,ê^íÎés,164,15561,15561,18,756,765,11,4.9,4.9,4170,4170,493,467,11.8,11.2
33215,î¸çÏés,86,9328,9328,2,696,691,2.3,7.5,7.4,2664,2664,455,398,17.1,14.9
33216,êÛå˚és,105,12389,12389,-,720,574,-,5.8,4.6,3075,3075,485,319,15.8,10.4
33346,òaãCí¨,46,5066,5066,5,263,272,10.9,5.2,5.4,1510,1510,178,154,11.8,10.2
33423,ëÅìáí¨,21,4538,4538,-,290,278,-,6.4,6.1,894,894,213,172,23.8,19.2
33445,ó¢èØí¨,29,4039,4039,5,491,420,17.2,12.2,10.4,809,809,279,221,34.5,27.3
33461,ñÓä|í¨,48,4908,4908,5,348,396,10.4,7.1,8.1,1248,1248,263,242,21.1,19.4
33586,êVèØë∫,-,301,301,-,38,32,-,12.6,10.6,102,102,28,20,27.5,19.6
33606,ãæñÏí¨,39,4562,4562,11,340,650,28.2,7.5,14.2,1164,1164,238,334,20.4,28.7
33622,èüâõí¨,45,3992,3992,3,274,331,6.7,6.9,8.3,938,938,Åc,Åc,Åc,Åc
33623,ìﬁã`í¨,-,1877,1877,-,274,328,-,14.6,17.5,524,524,178,190,34,36.3
33643,êºàæëqë∫,2,494,494,-,76,96,-,15.4,19.4,140,140,48,52,34.3,37.1
33663,ãvïƒìÏí¨,9,1567,1567,-,168,197,-,10.7,12.6,736,736,140,154,19,20.9
33666,î¸çÁí¨,59,4785,4785,3,406,459,5.1,8.5,9.6,1308,1308,274,258,20.9,19.7
33681,ãgîıíÜâõí¨,46,4155,4155,9,201,175,19.6,4.8,4.2,1264,1264,153,108,12.1,8.5
34000,çLìáåß,31202,1076521,1076521,1307,58774,63442,4.2,5.5,5.9,186295,186295,30410,31107,16.3,16.7
34100,çLìáés,17757,472540,472540,1021,28686,26716,5.7,6.1,5.7,90433,90433,15597,13909,17.2,15.4
34202,å‡és,2744,79495,79495,36,2309,2811,1.3,2.9,3.5,17968,17968,1305,1514,7.3,8.4
34203,í|å¥és,165,9108,9108,6,528,633,3.6,5.8,6.9,2280,2280,451,492,19.8,21.6
34204,éOå¥és,750,34513,34513,23,1315,2027,3.1,3.8,5.9,8672,8672,902,1402,10.4,16.2
34205,îˆìπés,1246,49532,49532,19,2739,3368,1.5,5.5,6.8,11690,11690,1785,2065,15.3,17.7
34207,ïüéRés,4961,177080,177080,65,7461,9225,1.3,4.2,5.2,Åc,Åc,Åc,Åc,Åc,Åc
34208,ï{íÜés,238,14201,14201,12,892,1002,5,6.3,7.1,3024,3024,598,634,19.8,21
34209,éOéüés,297,18764,18764,13,1275,1508,4.4,6.8,8,4697,4697,993,1141,21.1,24.3
34210,èØå¥és,204,11688,11688,3,1146,1153,1.5,9.8,9.9,3185,3185,949,930,29.8,29.2
34211,ëÂí|és,168,9576,9576,5,552,898,3,5.8,9.4,2294,2294,373,576,16.3,25.1
34212,ìåçLìáés,972,72166,72166,41,5212,5535,4.2,7.2,7.7,13867,13867,2863,2838,20.6,20.5
34213,ì˘ì˙ésés,528,45591,45591,20,1662,2684,3.8,3.6,5.9,9284,9284,1161,1769,12.5,19.1
34214,à¿å|çÇìcés,177,9795,9795,4,913,901,2.3,9.3,9.2,2418,2418,722,690,29.9,28.5
34215,ç]ìcìáés,141,7758,7758,16,485,492,11.3,6.3,6.3,2584,2584,331,333,12.8,12.9
34302,ï{íÜí¨,352,20697,20697,-,755,841,-,3.6,4.1,3907,3907,463,492,11.9,12.6
34304,äCìcí¨,141,11304,11304,4,669,816,2.8,5.9,7.2,2036,2036,348,429,17.1,21.1
34307,åFñÏí¨,89,8748,8748,4,344,608,4.5,3.9,7,1663,1663,206,370,12.4,22.2
34309,ç‚í¨,61,4748,4748,-,132,188,-,2.8,4,992,992,73,98,7.4,9.9
34368,à¿å|ëæìcí¨,13,1939,1939,-,237,245,-,12.2,12.6,655,655,178,180,27.2,27.5
34369,ñkçLìáí¨,83,6496,6496,6,522,558,7.2,8,8.6,1536,1536,398,402,25.9,26.2
34431,ëÂçËè„ìáí¨,43,2159,2159,4,106,223,9.3,4.9,10.3,620,620,86,136,13.9,21.9
34462,ê¢óÖí¨,39,5686,5686,1,450,573,2.6,7.9,10.1,1549,1549,355,427,22.9,27.6
34545,ê_êŒçÇå¥í¨,33,2937,2937,4,384,437,12.1,13.1,14.9,941,941,273,280,29,29.8
35000,éRå˚åß,8066,502994,502858,216,19180,22462,2.7,3.8,4.5,115248,115350,11397,11627,9.9,10.1
35201,â∫ä÷és,106,94643,94643,22,1197,2581,20.8,1.3,2.7,22555,22555,741,1195,3.3,5.3
35202,âFïîés,1960,61080,61080,88,3585,3457,4.5,5.9,5.7,12893,12893,2136,1840,16.6,14.3
35203,éRå˚és,1153,73915,73780,20,1606,2261,1.7,2.2,3.1,16041,16041,737,831,4.6,5.2
35204,îãés,320,16413,16413,14,609,854,4.4,3.7,5.2,4819,4819,417,619,8.7,12.8
35206,ñhï{és,472,42971,42971,11,497,885,2.3,1.2,2.1,8797,8797,209,332,2.4,3.8
35207,â∫èºés,249,21047,21047,7,1147,1253,2.8,5.4,6,4224,4326,679,653,16.1,15.1
35208,ä‚çëés,1216,48628,48628,6,3220,3306,0.5,6.6,6.8,11405,11405,2047,1889,17.9,16.6
35210,åıés,298,18393,18393,-,796,926,-,4.3,5,4399,4399,516,515,11.7,11.7
35211,í∑ñÂés,208,11725,11725,8,763,853,3.8,6.5,7.3,3309,3309,524,547,15.8,16.5
35212,ñˆà‰és,245,11398,11398,-,286,349,-,2.5,3.1,3172,3172,166,187,5.2,5.9
35213,î¸îIés,107,8318,8318,6,381,522,5.6,4.6,6.3,2108,2108,263,321,12.5,15.2
35215,é¸ìÏés,956,53109,53108,21,1976,2284,2.2,3.7,4.3,10543,10543,1007,882,9.6,8.4
35216,éRózè¨ñÏìcés,527,22451,22451,2,1628,1158,0.4,7.3,5.2,5060,5060,1036,841,20.5,16.6
35305,é¸ñhëÂìáí¨,84,4736,4736,3,430,453,3.6,9.1,9.6,1910,1910,309,303,16.2,15.9
35321,òañÿí¨,55,2145,2145,2,417,467,3.6,19.4,21.8,528,528,180,187,34.1,35.4
35341,è„ä÷í¨,10,733,733,4,74,65,40,10.1,8.9,336,336,52,41,15.5,12.2
35343,ìcïzé{í¨,54,5852,5852,1,321,496,1.9,5.5,8.5,1542,1542,208,270,13.5,17.5
35344,ïΩê∂í¨,36,4332,4332,1,144,169,2.8,3.3,3.9,1205,1205,98,101,8.1,8.4
35502,à¢ïêí¨,10,1105,1105,-,103,123,-,9.3,11.1,402,402,72,73,17.9,18.2
36000,ìøìáåß,9469,283724,283724,259,10139,12530,2.7,3.6,4.4,66966,66966,6083,7175,9.1,10.7
36201,ìøìáés,5002,100233,100233,4,2683,3762,0.1,2.7,3.8,21036,21036,1421,2102,6.8,10
36202,ñ¬ñÂés,30,21789,21789,8,456,611,26.7,2.1,2.8,6043,6043,304,398,5,6.6
36203,è¨èºìáés,561,14157,14157,26,442,558,4.6,3.1,3.9,3192,3192,251,294,7.9,9.2
36204,à¢ìÏés,768,27183,27183,41,806,1214,5.3,3,4.5,5842,5842,467,685,8,11.7
36205,ãgñÏêÏés,510,15260,15260,72,439,666,14.1,2.9,4.4,3675,3675,260,344,7.1,9.4
36206,à¢îgés,432,13995,13995,10,628,664,2.3,4.5,4.7,3820,3820,450,436,11.8,11.4
36207,î¸înés,197,10525,10525,7,408,479,3.6,3.9,4.6,2604,2604,320,355,12.3,13.6
36208,éOçDés,248,9078,9078,11,399,412,4.4,4.4,4.5,2583,2583,273,265,10.6,10.3
36301,èüâYí¨,35,1723,1723,2,156,146,5.7,9.1,8.5,570,570,121,101,21.2,17.7
36302,è„èüí¨,2,457,457,1,43,47,50,9.4,10.3,164,164,33,35,20.1,21.3
36321,ç≤ìﬂâÕì‡ë∫,4,807,807,-,58,63,-,7.2,7.8,281,281,41,44,14.6,15.7
36341,êŒà‰í¨,191,9839,9839,18,452,479,9.4,4.6,4.9,2437,2437,252,261,10.3,10.7
36342,ê_éRí¨,26,1726,1726,5,204,55,19.2,11.8,3.2,618,618,128,27,20.7,4.4
36368,ìﬂâÍí¨,52,2549,2549,1,121,195,1.9,4.7,7.7,734,734,98,131,13.4,17.8
36383,ñ¥äÚí¨,42,1317,1317,5,129,114,11.9,9.8,8.7,486,486,73,56,15,11.5
36387,î¸îgí¨,54,2187,2187,3,186,157,5.6,8.5,7.2,703,703,112,86,15.9,12.2
36388,äCózí¨,138,3240,3240,6,232,285,4.3,7.2,8.8,1144,1144,168,177,14.7,15.5
36401,èºñŒí¨,138,6083,6083,8,238,304,5.8,3.9,5,1478,1478,161,177,10.9,12
36402,ñkìáí¨,140,9330,9330,8,318,409,5.7,3.4,4.4,1782,1782,149,182,8.4,10.2
36403,óïèZí¨,201,13931,13931,9,612,715,4.5,4.4,5.1,2848,2848,328,341,11.5,12
36404,î¬ñÏí¨,310,5134,5134,3,349,366,1,6.8,7.1,1426,1426,251,241,17.6,16.9
36405,è„î¬í¨,125,4638,4638,-,148,112,-,3.2,2.4,1259,1259,75,57,6,4.5
36468,Ç¬ÇÈÇ¨í¨,130,3089,3089,6,134,189,4.6,4.3,6.1,955,955,75,106,7.9,11.1
36489,ìåÇ›ÇÊÇµí¨,133,5454,5454,5,498,528,3.8,9.1,9.7,1286,1286,272,274,21.2,21.3
37000,çÅêÏåß,7562,369324,369370,1017,25221,31930,13.4,6.8,8.6,82982,83026,13501,16249,16.3,19.6
37201,çÇèºés,4660,166455,166455,606,6818,11585,13,4.1,7,35397,35397,3824,6772,10.8,19.1
37202,ä€ãTés,781,43154,43154,197,2200,2654,25.2,5.1,6.2,9009,9009,1159,1498,12.9,16.6
37203,ç‚èoés,383,18988,18988,51,1536,1537,13.3,8.1,8.1,4042,4042,927,835,22.9,20.7
37204,ëPí éõés,274,10939,10939,35,1592,1333,12.8,14.6,12.2,2433,2433,778,620,32,25.5
37205,äœâπéõés,171,21903,21903,14,2014,2367,8.2,9.2,10.8,5464,5464,969,920,17.7,16.8
37206,Ç≥Ç Ç´és,136,17722,17722,23,1439,1362,16.9,8.1,7.7,4371,4371,644,795,14.7,18.2
37207,ìåÇ©Ç™ÇÌés,133,10810,10810,17,1336,1382,12.8,12.4,12.8,3096,3096,718,660,23.2,21.3
37208,éOñLés,219,23531,23531,16,1969,2567,7.3,8.4,10.9,5639,5639,806,781,14.3,13.8
37322,ìyèØí¨,67,4919,4919,1,271,315,1.5,5.5,6.4,1561,1561,133,136,8.5,8.7
37324,è¨ì§ìáí¨,132,5149,5149,3,387,551,2.3,7.5,10.7,1486,1486,228,260,15.3,17.5
37341,éOñÿí¨,110,10722,10722,14,1166,1250,12.7,10.9,11.7,2497,2497,816,712,32.7,28.5
37364,íºìáí¨,4,1019,1019,-,83,132,-,8.1,13,252,252,47,45,18.7,17.9
37386,âFëΩí√í¨,165,7239,7239,15,871,1107,9.1,12,15.3,1308,1308,396,369,30.3,28.2
37387,àªêÏí¨,53,8768,8814,2,1003,1114,3.8,11.4,12.6,2077,2121,570,548,27.4,25.8
37403,ã’ïΩí¨,113,3145,3145,9,397,432,8,12.6,13.7,776,776,225,186,29,24
37404,ëΩìxí√í¨,116,8363,8363,8,883,949,6.9,10.6,11.3,1870,1870,524,475,28,25.4
37406,Ç‹ÇÒÇÃÇ§í¨,45,6498,6498,6,1256,1293,13.3,19.3,19.9,1704,1704,737,637,43.3,37.4
38000,à§ïQåß,17039,518132,518092,264,30232,35382,1.5,5.8,6.8,133340,133340,21304,22806,16,17.1
38201,èºéRés,9655,201841,201841,130,11434,11642,1.3,5.7,5.8,46825,46825,8195,8199,17.5,17.5
38202,ç°é°és,1533,57456,57416,5,1265,2287,0.3,2.2,4,15462,15462,890,1539,5.8,10
38203,âFòaìáés,1430,27085,27085,11,1872,2351,0.8,6.9,8.7,9255,9255,1346,1778,14.5,19.2
38204,î™î¶ïlés,222,12092,12092,9,797,1204,4.1,6.6,10,4444,4444,797,965,17.9,21.7
38205,êVãèïlés,1021,43416,43416,11,2747,3079,1.1,6.3,7.1,9704,9704,1586,1603,16.3,16.5
38206,êºèés,586,41774,41774,16,3563,3755,2.7,8.5,9,9835,9835,1748,1679,17.8,17.1
38207,ëÂèFés,351,15617,15617,7,744,1010,2,4.8,6.5,4409,4409,516,647,11.7,14.7
38210,à…ó\és,225,14001,14001,5,702,970,2.2,5,6.9,3591,3591,702,641,19.5,17.9
38213,élçëíÜâõés,500,32325,32325,2,1165,1394,0.4,3.6,4.3,7762,7762,833,881,10.7,11.4
38214,êºó\és,271,13023,13023,4,887,1207,1.5,6.8,9.3,4232,4232,887,905,21,21.4
38215,ìåâ∑és,204,13180,13180,10,1051,1473,4.9,8,11.2,3260,3260,586,748,18,22.9
38356,è„ìáí¨,9,1944,1944,-,173,260,-,8.9,13.4,668,668,96,134,Åc,Åc
38386,ãvñúçÇå¥í¨,60,2625,2625,-,287,356,-,10.9,13.6,948,948,219,261,23.1,27.5
38401,èºëOí¨,243,11804,11804,13,660,913,5.3,5.6,7.7,2892,2892,660,412,22.8,14.2
38402,ìuïîí¨,112,8099,8099,9,354,517,8,4.4,6.4,2087,2087,302,341,14.5,16.3
38422,ì‡éqí¨,81,5819,5819,2,386,572,2.5,6.6,9.8,1872,1872,256,359,13.7,19.2
38442,à…ï˚í¨,86,3165,3165,3,330,465,3.5,10.4,14.7,1365,1365,330,325,24.2,23.8
38484,èºñÏí¨,51,1407,1407,2,134,226,3.9,9.5,16.1,469,469,98,172,20.9,36.7
38488,ãSñkí¨,73,3605,3605,2,455,505,2.7,12.6,14,1228,1228,374,391,30.5,31.8
38506,à§ìÏí¨,326,7854,7854,23,1226,1196,7.1,15.6,15.2,3032,3032,883,826,29.1,27.2
39000,çÇímåß,14219,265193,265193,255,18580,18492,1.8,7,7,71168,71168,11242,9565,16.2,13.8
39201,çÇímés,8691,129075,129075,112,4665,7339,1.3,3.6,5.7,28774,28774,2019,3341,7,11.6
39202,é∫åÀés,572,4416,4416,17,435,453,3,9.9,10.3,1825,1825,310,225,17,12.3
39203,à¿å|és,259,5889,5889,9,766,259,3.5,13,4.4,2415,2415,677,197,28,8.2
39204,ìÏçëés,730,17499,17499,7,928,804,1,5.3,4.6,4323,4323,555,362,12.8,8.4
39205,ìyç≤és,307,9802,9802,2,808,929,0.7,8.2,9.5,3308,3308,545,557,16.5,16.8
39206,ê{çËés,411,7272,7272,11,559,541,2.7,7.7,7.4,2327,2327,470,409,20.2,17.6
39208,èhñ—és,315,7783,7783,12,754,417,3.8,9.7,5.4,2589,2589,589,290,22.8,11.2
39209,ìyç≤ê¥êÖés,170,4597,4597,2,497,430,1.2,10.8,9.4,1938,1938,382,289,19.7,14.9
39210,élñúè\és,595,12550,12550,1,1100,515,0.2,8.8,4.1,4280,4280,865,334,20.2,7.8
39211,çÅìÏés,364,12487,12487,14,1416,1093,3.8,11.3,8.8,3627,3627,947,610,26.1,16.8
39212,çÅî¸és,290,9201,9201,2,541,828,0.7,5.9,9,2896,2896,395,447,13.6,15.4
39301,ìåómí¨,124,798,798,4,118,117,3.2,14.8,14.7,307,307,79,74,25.7,24.1
39307,å|êºë∫,42,1332,1332,-,206,115,-,15.5,8.6,618,618,185,103,29.9,16.7
39341,ñ{éRí¨,Åc,1153,1153,1,189,167,Åc,16.4,14.5,Åc,Åc,Åc,Åc,Åc,Åc
39344,ëÂñLí¨,24,1029,1029,2,158,131,8.3,15.4,12.7,405,405,139,102,34.3,25.2
39363,ìyç≤í¨,37,1265,1265,2,199,89,5.4,15.7,7,361,361,150,57,41.6,15.8
39364,ëÂêÏë∫,1,113,113,-,24,21,-,21.2,18.6,37,37,20,21,54.1,56.8
39386,Ç¢ÇÃí¨,202,8378,8378,7,769,740,3.5,9.2,8.8,2428,2428,551,489,22.7,20.1
39387,êmóÑêÏí¨,50,1516,1516,5,325,304,10,21.4,20.1,545,545,206,175,37.8,32.1
39401,íÜìyç≤í¨,62,2187,2187,8,365,371,12.9,16.7,17,795,795,253,229,31.8,28.8
39402,ç≤êÏí¨,150,4693,4693,3,322,339,2,6.9,7.2,1377,1377,Åc,Åc,Åc,Åc
39403,âzímí¨,65,1817,1817,3,250,227,4.6,13.8,12.5,618,618,175,143,28.3,23.1
39405,ûçå¥í¨,24,1127,1127,5,265,234,20.8,23.5,20.8,Åc,Åc,Åc,Åc,Åc,Åc
39410,ì˙çÇë∫,74,1809,1809,-,273,253,-,15.1,14,524,524,Åc,Åc,Åc,Åc
39411,í√ñÏí¨,40,1998,1998,2,408,288,5,20.4,14.4,594,594,299,201,50.3,33.8
39412,élñúè\í¨,176,5576,5576,1,900,452,0.6,16.1,8.1,2019,2019,718,359,35.6,17.8
39424,ëÂåéí¨,110,1746,1746,7,248,187,6.4,14.2,10.7,791,791,203,150,25.7,19
39427,éOå¥ë∫,21,521,521,1,100,86,4.8,19.2,16.5,203,203,82,63,40.4,31
39428,çïí™í¨,117,3908,3908,11,587,516,9.4,15,13.2,1244,1244,428,338,34.4,27.2
39878,íÜå|çLàÊòAçá,196,3656,3656,4,405,247,2,11.1,6.8,Åc,Åc,Åc,Åc,Åc,Åc
40000,ïüâ™åß,56343,1972717,1972720,1999,76932,95942,3.5,3.9,4.9,451802,451803,44234,51633,9.8,11.4
40100,ñkã„èBés,10728,354651,354651,228,5388,10419,2.1,1.5,2.9,81307,81307,838,3933,1,4.8
40130,ïüâ™és,12617,618407,618407,327,12666,23131,2.6,2,3.7,133787,133787,6833,11708,5.1,8.8
40202,ëÂñ¥ìcés,3033,41101,41101,38,1303,1814,1.3,3.2,4.4,10432,10432,708,884,6.8,8.5
40203,ãvóØïƒés,3702,116876,116876,339,9141,8504,9.2,7.8,7.3,27518,27518,5929,5238,21.5,19
40204,íºï˚és,1219,20288,20288,7,870,856,0.6,4.3,4.2,5181,5181,569,530,11,10.2
40205,î—íÀés,343,46453,46453,70,1788,1692,20.4,3.8,3.6,11678,11678,1047,910,9,7.8
40206,ìcêÏés,2010,16426,16426,16,827,861,0.8,5,5.2,4115,4115,518,511,12.6,12.4
40207,ñˆêÏés,673,24671,24671,14,683,1079,2.1,2.8,4.4,7215,7215,401,606,5.6,8.4
40210,î™èóés,439,23019,23020,14,1973,1597,3.2,8.6,6.9,7561,7561,1562,1073,20.7,14.2
40211,í}å„és,209,18971,18971,4,969,1253,1.9,5.1,6.6,4765,4765,614,720,12.9,15.1
40212,ëÂêÏés,304,12356,12356,-,755,649,-,6.1,5.3,3805,3805,501,379,13.2,10
40213,çsã¥és,1166,27793,27793,15,1236,1580,1.3,4.4,5.7,6086,6086,845,1032,13.9,17
40214,ñLëOés,188,9183,9183,21,586,709,11.2,6.4,7.7,2232,2232,345,359,15.5,16.1
40215,íÜä‘és,867,14918,14918,8,589,681,0.9,3.9,4.6,3866,3866,392,427,10.1,11
40216,è¨åSés,197,23367,23367,13,1376,1578,6.6,5.9,6.8,4800,4800,756,769,15.8,16
40217,í}éáñÏés,982,42500,42500,63,2062,2854,6.4,4.9,6.7,8641,8641,1399,1729,16.2,20
40218,ètì˙és,Åc,47588,47588,8,2377,2702,Åc,5,5.7,9503,9503,1260,1373,13.3,14.4
40219,ëÂñÏèÈés,934,41381,41381,10,1652,1949,1.1,4,4.7,8065,8065,990,1105,12.3,13.7
40220,è@ëúés,778,36704,36704,27,2136,2348,3.5,5.8,6.4,8693,8693,1384,1446,15.9,16.6
40221,ëæç…ï{és,715,28067,28067,55,1338,1425,7.7,4.8,5.1,5833,5833,753,789,12.9,13.5
40223,å√âÍés,415,23189,23189,62,1166,1339,14.9,5,5.8,4718,4718,686,737,14.5,15.6
40224,ïüí√és,454,25041,25041,31,1727,1819,6.8,6.9,7.3,5852,5852,1140,1153,19.5,19.7
40225,Ç§Ç´ÇÕés,336,10646,10646,18,1113,937,5.4,10.5,8.8,3056,3056,753,513,24.6,16.8
40226,ã{é·és,731,9817,9817,3,774,815,0.4,7.9,8.3,2679,2679,448,447,16.7,16.7
40227,â√ñÉés,Åc,13251,13251,24,935,955,Åc,7.1,7.2,3795,3795,563,546,14.8,14.4
40228,í©ëqés,384,19542,19542,4,1393,1356,1,7.1,6.9,5353,5353,1001,920,18.7,17.2
40229,Ç›Ç‚Ç‹és,287,13506,13506,1,860,886,0.3,6.4,6.6,4071,4071,630,583,15.5,14.3
40230,éÖìáés,652,41868,41868,5,1990,2072,0.8,4.8,4.9,11322,11322,1385,1344,12.2,11.9
40231,ìﬂâœêÏés,485,20178,20178,45,878,1183,9.3,4.4,5.9,4640,4640,544,759,11.7,16.4
40341,âFî¸í¨,535,14891,14891,5,779,877,0.9,5.2,5.9,2948,2948,469,510,15.9,17.3
40342,é¬åIí¨,412,12735,12735,6,516,562,1.5,4.1,4.4,2229,2229,320,322,14.4,14.4
40343,éuñ∆í¨,Åc,18346,18346,8,975,1099,Åc,5.3,6,3861,3861,571,616,14.8,16
40344,ê{åbí¨,6,10786,10786,6,603,762,100,5.6,7.1,2381,2381,343,400,14.4,16.8
40345,êVã{í¨,Åc,13716,13716,-,949,878,Åc,6.9,6.4,2059,2059,503,411,24.4,20
40348,ãvéRí¨,3,3533,3535,3,1143,932,100,32.4,26.4,717,718,347,250,48.4,34.8
40349,îîâÆí¨,571,18951,18951,10,1313,1308,1.8,6.9,6.9,2972,2972,695,632,23.4,21.3
40381,à∞âÆí¨,337,4835,4835,8,341,283,2.4,7.1,5.9,1166,1166,207,162,17.8,13.9
40382,êÖä™í¨,909,10689,10689,15,521,575,1.7,4.9,5.4,2620,2620,314,321,12,12.3
40383,â™ä_í¨,473,11992,11992,6,748,750,1.3,6.2,6.3,2626,2626,614,589,23.4,22.4
40384,âìâÍí¨,228,7153,7153,8,558,693,3.5,7.8,9.7,1661,1661,332,406,20,24.4
40401,è¨í|í¨,318,2665,2665,4,161,168,1.3,6,6.3,734,734,105,103,14.3,14
40402,à∆éËí¨,433,5725,5725,7,450,444,1.6,7.9,7.8,1481,1481,327,307,22.1,20.7
40421,åjêÏí¨,267,4852,4852,43,263,306,16.1,5.4,6.3,1213,1213,136,133,11.2,11
40447,í}ëOí¨,213,11723,11723,-,873,933,-,7.4,8,2938,2938,670,676,22.8,23
40448,ìåïÙë∫,9,719,719,-,110,68,-,15.3,9.5,283,283,85,48,30,17
40503,ëÂìÅêÙí¨,73,5827,5827,2,690,655,2.7,11.8,11.2,1468,1468,375,330,25.5,22.5
40522,ëÂñÿí¨,58,5370,5370,9,467,378,15.5,8.7,7,1401,1401,289,199,20.6,14.2
40544,çLêÏí¨,162,7411,7411,-,585,554,-,7.9,7.5,2096,2096,431,398,20.6,19
40601,çÅètí¨,579,3842,3842,88,288,285,15.2,7.5,7.4,1045,1045,169,171,16.2,16.4
40602,ìYìcí¨,474,3216,3216,19,315,384,4,9.8,11.9,938,938,197,203,21,21.6
40604,éÖìcí¨,673,3022,3022,46,376,378,6.8,12.4,12.5,843,843,179,163,21.2,19.3
40605,êÏçËí¨,1618,5896,5896,37,633,626,2.3,10.7,10.6,1557,1557,351,336,22.5,21.6
40608,ëÂîCí¨,396,1735,1735,1,35,39,0.3,2,2.2,442,442,26,23,5.9,5.2
40609,ê‘ë∫,115,1045,1045,113,87,97,98.3,8.3,9.3,322,322,47,51,14.6,15.8
40610,ïüíqí¨,1307,7964,7964,30,427,436,2.3,5.4,5.5,2321,2321,307,305,13.2,13.1
40621,ä°ìcí¨,665,14014,14014,19,594,684,2.9,4.2,4.9,2784,2784,191,205,6.9,7.4
40625,Ç›Ç‚Ç±í¨,307,6773,6773,9,598,650,2.9,8.8,9.6,1924,1924,420,414,21.8,21.5
40642,ãgïxí¨,124,2472,2472,15,257,301,12.1,10.4,12.2,562,562,126,129,22.4,23
40646,è„ñ—í¨,30,2789,2789,8,322,348,26.7,11.5,12.5,Åc,Åc,-,-,Åc,Åc
40647,ízè„í¨,200,6272,6272,4,404,446,2,6.4,7.1,1641,1641,294,297,17.9,18.1
41000,ç≤âÍåß,4312,309499,309484,293,19529,21101,6.8,6.3,6.8,74003,73995,11709,10976,15.8,14.8
41201,ç≤âÍés,1795,89747,89747,65,4896,5559,3.6,5.5,6.2,20878,20878,2824,2766,13.5,13.2
41202,ìÇí√és,732,45260,45241,31,3487,3890,4.2,7.7,8.6,11951,11944,2193,2088,18.3,17.5
41203,íπê≤és,255,28661,28661,16,1333,1465,6.3,4.7,5.1,5220,5220,586,599,11.2,11.5
41204,ëΩãvés,26,6884,6885,2,659,713,7.7,9.6,10.4,1703,1703,371,336,21.8,19.7
41205,à…ñúó¢és,471,19725,19725,99,838,681,21,4.2,3.5,4681,4681,581,423,12.4,9
41206,ïêóYés,1,18071,18070,1,849,823,100,4.7,4.6,4241,4231,607,574,14.3,13.6
41207,é≠ìáés,179,10625,10625,8,632,856,4.5,5.9,8.1,3042,3042,351,391,11.5,12.9
41208,è¨èÈés,211,17062,17062,7,1217,1175,3.3,7.1,6.9,3950,3950,716,579,18.1,14.7
41209,äñÏés,11,9504,9507,10,799,930,90.9,8.4,9.8,2457,2458,421,432,17.1,17.6
41210,ê_çÈés,121,11571,11571,5,552,672,4.1,4.8,5.8,2573,2573,376,358,14.6,13.9
41327,ãgñÏÉñó¢í¨,56,6106,6106,2,272,395,3.6,4.5,6.5,1139,1154,184,209,16.2,18.1
41341,äÓéRí¨,44,6661,6661,6,461,457,13.6,6.9,6.9,1618,1618,223,191,13.8,11.8
41345,è„ïÙí¨,40,3660,3660,4,250,225,10,6.8,6.1,704,704,153,126,21.7,17.9
41346,Ç›Ç‚Ç´í¨,74,9455,9455,12,929,872,16.2,9.8,9.2,2128,2128,542,435,25.5,20.4
41387,å∫äCí¨,26,1863,1863,2,300,257,7.7,16.1,13.8,692,688,251,206,36.3,29.9
41401,óLìcí¨,76,7300,7300,12,403,633,15.8,5.5,8.7,1713,1713,236,396,13.8,23.1
41423,ëÂí¨í¨,73,2226,2226,6,154,182,8.2,6.9,8.2,633,633,82,82,13,13
41424,ç]ñkí¨,39,3695,3695,-,279,261,-,7.6,7.1,887,887,143,119,16.1,13.4
41425,îíêŒí¨,61,8326,8326,3,727,661,4.9,8.7,7.9,2698,2695,499,405,18.5,15
41441,ëæó«í¨,21,3097,3098,2,492,394,9.5,15.9,12.7,1095,1095,370,261,33.8,23.8
42000,í∑çËåß,21925,506235,506240,1715,39492,35914,7.8,7.8,7.1,138148,138062,26460,21320,19.2,15.4
42201,í∑çËés,10374,158556,158556,914,7473,5816,8.8,4.7,3.7,40764,40764,3913,2796,9.6,6.9
42202,ç≤ê¢ï€és,3956,89227,89227,91,7738,7228,2.3,8.7,8.1,21937,21858,5538,4489,25.2,20.5
42203,ìáå¥és,432,16615,16615,98,1224,912,22.7,7.4,5.5,5587,5587,911,598,16.3,10.7
42204,ä–ëÅés,1541,52961,52961,104,4281,3420,6.7,8.1,6.5,12738,12738,2935,2153,23,16.9
42205,ëÂë∫és,1241,37822,37822,170,3274,2809,13.7,8.7,7.4,8276,8276,2001,1585,24.2,19.2
42207,ïΩåÀés,303,11286,11286,10,943,1365,3.3,8.4,12.1,3940,3940,721,827,18.3,21
42208,èºâYés,293,8128,8131,17,766,898,5.8,9.4,11,2440,2440,434,433,17.8,17.7
42209,ëŒînés,775,11300,11300,9,1320,1218,1.2,11.7,10.8,4359,4359,1136,1044,26.1,24
42210,àÎäÚés,403,9399,9399,5,592,552,1.2,6.3,5.9,3160,3160,414,369,13.1,11.7
42211,å‹ìáés,661,13939,13939,76,1130,1520,11.5,8.1,10.9,5059,5059,870,1006,17.2,19.9
42212,êºäCés,81,9584,9585,9,918,930,11.1,9.6,9.7,3044,3039,679,625,22.3,20.6
42213,â_êÂés,516,16335,16335,34,2044,1455,6.6,12.5,8.9,6058,6058,1710,1184,28.2,19.5
42214,ìÏìáå¥és,283,16501,16501,43,2096,1795,15.2,12.7,10.9,7004,7004,1760,1427,25.1,20.4
42307,í∑ó^í¨,177,16057,16057,17,1437,2056,9.6,8.9,12.8,3279,3279,895,711,27.3,21.7
42308,éûí√í¨,253,11423,11423,12,664,537,4.7,5.8,4.7,2709,2709,429,280,15.8,10.3
42321,ìåîﬁãní¨,65,3088,3088,10,413,431,15.4,13.4,14,1001,1001,246,209,24.6,20.9
42322,êÏíIí¨,83,5232,5232,19,609,653,22.9,11.6,12.5,1207,1207,310,286,25.7,23.7
42323,îgç≤å©í¨,76,5516,5516,7,408,358,9.2,7.4,6.5,1343,1343,258,191,19.2,14.2
42383,è¨ílâÍí¨,35,804,804,2,86,90,5.7,10.7,11.2,431,431,83,88,19.3,20.4
42391,ç≤ÅXí¨,160,5223,5224,24,1096,1065,15,21,20.4,1139,1137,416,369,36.5,32.5
42411,êVè„å‹ìáí¨,217,7239,7239,44,980,806,20.3,13.5,11.1,2673,2673,801,650,30,24.3
43000,åFñ{åß,9597,660948,660972,1341,53442,58651,3.5,8.1,8.9,175887,176468,33759,30836,18.9,17.3
43100,åFñ{és,Åc,285733,285733,1002,9227,11937,Åc,3.2,4.2,65846,65846,5936,6005,9,9.1
43202,î™ë„és,1576,46158,46158,24,2972,2669,1.5,6.4,5.8,14046,14586,2281,1891,16.2,13
43203,êlãgés,273,11596,11596,30,1304,1186,11,11.2,10.2,3056,3056,950,797,31.1,26.1
43204,çrîˆés,728,18595,18595,51,1456,1569,7,7.8,8.4,4833,4833,801,763,16.6,15.8
43205,êÖñìés,236,8523,8523,18,645,657,7.6,7.6,7.7,2588,2588,453,415,17.5,16
43206,ã ñºés,443,23734,23734,10,2663,2055,2.3,11.2,8.7,7010,7010,1837,1285,26.2,18.3
43208,éRé≠és,225,18140,18140,12,2240,2338,5.3,12.3,12.9,5529,5529,1440,1335,26,24.1
43210,ãeírés,344,17345,17345,7,1432,1945,2,8.3,11.2,5418,5418,342,333,6.3,6.1
43211,âFìyés,301,14096,14096,2,1334,1431,0.7,9.5,10.2,3626,3626,783,727,21.6,20
43212,è„ìVëêés,130,9873,9873,12,1081,992,9.2,10.9,10,3547,3547,814,632,22.9,17.8
43213,âFèÈés,437,21838,21838,4,3298,2683,0.9,15.1,12.3,6389,6389,2180,1547,34.1,24.2
43214,à¢ëhés,110,9071,9071,16,1390,1167,14.5,15.3,12.9,2875,2875,1019,788,35.4,27.4
43215,ìVëêés,716,28716,28716,19,4243,4663,2.7,14.8,16.2,9837,9837,3198,3456,32.5,35.1
43216,çáéués,206,23912,23937,6,2066,4446,2.9,8.6,18.6,4703,4745,672,42,14.3,0.9
43348,î¸ó¢í¨,79,3410,3410,-,483,385,-,14.2,11.3,1110,1110,-,-,-,-
43364,ã ìåí¨,2085,1912,1912,-,364,275,-,19,14.4,706,706,293,236,41.5,33.4
43367,ìÏä÷í¨,47,3348,3348,6,378,336,12.8,11.3,10,1048,1048,143,89,13.6,8.5
43368,í∑èFí¨,82,5491,5491,3,705,651,3.7,12.8,11.9,1621,1621,418,363,25.8,22.4
43369,òaêÖí¨,34,3444,3444,1,641,609,2.9,18.6,17.7,1148,1148,488,368,42.5,32.1
43403,ëÂí√í¨,182,13405,13405,4,1459,1708,2.2,10.9,12.7,2833,2833,904,930,31.9,32.8
43404,ãeózí¨,254,16480,16480,-,1903,1908,-,11.5,11.6,5545,5545,1189,1130,21.4,20.4
43423,ìÏè¨çëí¨,22,1432,1432,4,283,271,18.2,19.8,18.9,556,556,168,149,30.2,26.8
43424,è¨çëí¨,43,2374,2374,3,384,380,7,16.2,16,861,861,288,252,33.4,29.3
43425,éYéRë∫,17,507,507,3,156,139,17.6,30.8,27.4,223,223,156,137,70,61.4
43428,çÇêXí¨,34,2288,2288,3,364,360,8.8,15.9,15.7,852,852,188,225,22.1,26.4
43432,êºå¥ë∫,-,2741,2741,-,357,365,-,13,13.3,805,805,250,200,31.1,24.8
43433,ìÏà¢ëhë∫,17,3893,3893,1,579,686,5.9,14.9,17.6,1558,1558,437,519,28,33.3
43441,å‰ëDí¨,133,6323,6323,4,812,827,3,12.8,13.1,1774,1774,635,563,35.8,31.7
43442,â√ìáí¨,18,3609,3609,2,550,534,11.1,15.2,14.8,797,797,319,273,40,34.3
43443,âvèÈí¨,184,12397,12397,6,1168,1539,3.3,9.4,12.4,2825,2825,847,670,30,23.7
43444,çbç≤í¨,69,3661,3661,1,518,532,1.4,14.1,14.5,1079,1079,379,368,35.1,34.1
43447,éRìsí¨,99,4726,4726,-,1270,1463,-,26.9,31,2137,2137,934,962,43.7,45
43468,ïXêÏí¨,Åc,3654,3652,1,658,624,Åc,18,17.1,Åc,Åc,546,437,Åc,Åc
43482,à∞ñkí¨,126,5723,5723,41,680,754,32.5,11.9,13.2,2082,2082,-,404,-,19.4
43484,í√ìﬁñÿí¨,23,1638,1638,-,201,209,-,12.3,12.8,615,615,154,142,25,23.1
43501,ã—í¨,38,3795,3795,1,565,589,2.6,14.9,15.5,980,980,384,378,39.2,38.6
43505,ëΩó«ñÿí¨,59,3191,3192,5,719,632,8.5,22.5,19.8,1008,1009,482,411,47.8,40.7
43506,ìíëOí¨,25,1338,1338,-,318,343,-,23.8,25.6,427,427,Åc,Åc,Åc,Åc
43507,êÖè„ë∫,7,740,740,3,163,179,42.9,22,24.2,231,230,104,97,45,42.2
43510,ëäó«ë∫,31,1539,1539,2,409,387,6.5,26.6,25.1,432,432,217,196,50.2,45.4
43511,å‹ñÿë∫,6,337,337,1,179,168,16.7,53.1,49.9,90,90,63,55,70,61.1
43512,éRç]ë∫,12,1200,1200,-,210,215,-,17.5,17.9,287,286,137,130,47.7,45.5
43513,ãÖñÅë∫,13,1119,1119,-,199,172,-,17.8,15.4,477,477,34,123,7.1,25.8
43514,Ç†Ç≥Ç¨ÇËí¨,111,5358,5358,31,1062,1278,27.9,19.8,23.9,1640,1640,624,729,38,44.5
43531,óËñkí¨,22,2545,2545,2,354,395,9.1,13.9,15.5,837,837,272,284,32.5,33.9
44000,ëÂï™åß,15651,429317,429317,745,32125,29046,4.8,7.5,6.8,101664,101654,21475,18227,21.1,17.9
44201,ëÂï™és,7089,187472,187472,183,10210,9216,2.6,5.4,4.9,38523,38523,6170,5167,16,13.4
44202,ï ï{és,3115,41884,41884,213,2505,2114,6.8,6,5,9688,9688,1385,1201,14.3,12.4
44203,íÜí√és,957,31241,31241,57,2161,1820,6,6.9,5.8,6770,6770,1468,1093,21.7,16.1
44204,ì˙ìcés,513,23889,23889,26,2413,2515,5.1,10.1,10.5,6955,6955,1752,1734,25.2,24.9
44205,ç≤îåés,893,25299,25299,62,1781,2203,6.9,7,8.7,6777,6777,1366,1290,20.2,19
44206,âPãnés,313,13414,13414,13,1451,1290,4.2,10.8,9.6,3697,3697,1050,972,28.4,26.3
44207,í√ãvå©és,173,5957,5957,7,366,317,4,6.1,5.3,1667,1667,296,244,17.8,14.6
44208,í|ìcés,261,7026,7026,15,915,963,5.7,13,13.7,2364,2354,723,681,30.6,28.9
44209,ñLå„çÇìcés,160,7928,7928,7,963,716,4.4,12.1,9,2178,2178,670,486,30.8,22.3
44210,ãnízés,366,10513,10513,17,1306,1201,4.6,12.4,11.4,2909,2909,980,872,33.7,30
44211,âFç≤és,623,20448,20448,45,1695,1625,7.2,8.3,7.9,4980,4980,1119,953,22.5,19.1
44212,ñLå„ëÂñÏés,392,11813,11813,18,1038,966,4.6,8.8,8.2,3484,3484,816,689,23.4,19.8
44213,óRïzés,184,12309,12309,35,1315,630,19,10.7,5.1,3072,3072,951,393,31,12.8
44214,çëìåés,179,10196,10196,23,1549,1286,12.8,15.2,12.6,3017,3017,1182,1024,39.2,33.9
44322,ïPìáë∫,12,674,674,1,230,224,8.3,34.1,33.2,276,276,165,173,59.8,62.7
44341,ì˙èoí¨,200,10837,10837,13,872,841,6.5,8,7.8,2492,2492,500,455,20.1,18.3
44461,ã„èdí¨,75,3151,3151,3,548,503,4,17.4,16,1224,1224,408,353,33.3,28.8
44462,ãËéÏí¨,146,5266,5266,7,807,616,4.8,15.3,11.7,1591,1591,474,447,29.8,28.1
45000,ã{çËåß,13058,412176,412176,919,17145,30851,7,4.2,7.5,109597,109597,10488,22596,9.6,20.6
45201,ã{çËés,6770,158925,158925,308,7886,11119,4.5,5,7,36521,36521,4592,11119,12.6,30.4
45202,ìsèÈés,1177,62036,62036,329,2787,3124,28,4.5,5,17034,17034,1559,1463,9.2,8.6
45203,âÑâ™és,1775,44376,44376,78,1061,2548,4.4,2.4,5.7,11436,11436,923,1561,8.1,13.6
45204,ì˙ìÏés,408,18735,18735,46,492,1571,11.3,2.6,8.4,5483,5483,301,826,5.5,15.1
45205,è¨ó—és,439,16101,16101,36,296,1080,8.2,1.8,6.7,5053,5053,140,603,2.8,11.9
45206,ì˙å¸és,670,23000,23000,32,1397,1815,4.8,6.1,7.9,5881,5881,955,936,16.2,15.9
45207,ã¯ä‘és,3,6372,6372,3,-,430,100,-,6.7,2228,2228,-,245,-,11
45208,êºìsés,227,10998,10998,9,688,1073,4,6.3,9.8,3862,3862,531,658,13.7,17
45209,Ç¶Ç—ÇÃés,200,6409,6409,18,-,438,9,-,6.8,2274,2274,-,299,-,13.1
45341,éOå“í¨,139,9949,9949,7,890,882,5,8.9,8.9,2141,2141,561,458,26.2,21.4
45361,çÇå¥í¨,59,3442,3442,4,-,153,6.8,-,4.4,1185,1185,-,106,-,8.9
45382,çëïxí¨,170,7217,7217,8,-,1283,4.7,-,17.8,2365,2365,-,888,-,37.5
45383,àªí¨,36,2695,2695,3,-,522,8.3,-,19.4,963,963,-,316,-,32.8
45401,çÇìÁí¨,248,7389,7389,3,226,451,1.2,3.1,6.1,2079,2079,165,344,7.9,16.5
45402,êVïxí¨,215,6431,6431,10,320,729,4.7,5,11.3,1826,1826,-,629,-,34.4
45403,êºïƒó«ë∫,7,351,351,-,42,143,-,12,40.7,113,113,33,57,29.2,50.4
45404,ñÿèÈí¨,16,1773,1773,1,39,145,6.3,2.2,8.2,540,540,22,75,4.1,13.9
45405,êÏìÏí¨,126,5518,5518,4,202,560,3.2,3.7,10.1,1793,1793,130,326,7.3,18.2
45406,ìsî_í¨,55,3740,3740,-,169,335,-,4.5,9,1384,1384,139,254,10,18.4
45421,ñÂêÏí¨,175,6714,6714,3,178,397,1.7,2.7,5.9,1798,1798,127,197,7.1,11
45429,èîíÀë∫,2,551,551,2,-,155,100,-,28.1,163,163,-,54,-,33.1
45430,í≈ótë∫,20,1001,1001,5,38,267,25,3.8,26.7,357,357,-,176,-,49.3
45431,î¸ãΩí¨,20,1773,1773,4,-,305,20,-,17.2,792,792,-,209,-,26.4
45441,çÇêÁï‰í¨,68,4130,4130,2,-,696,2.9,-,16.9,1423,1423,-,452,-,31.8
45442,ì˙îVâeí¨,16,1320,1320,2,223,362,12.5,16.9,27.4,456,456,143,181,31.4,39.7
45443,å‹ÉPê£í¨,17,1230,1230,2,211,268,11.8,17.2,21.8,447,447,167,164,37.4,36.7
46000,é≠éôìáåß,20805,616825,616908,1107,44667,46480,5.3,7.2,7.5,167776,167724,27172,24626,16.2,14.7
46201,é≠éôìáés,11854,237357,237357,560,9998,9957,4.7,4.2,4.2,54013,54013,5834,5333,10.8,9.9
46203,é≠âÆés,984,37836,37836,26,2524,2339,2.6,6.7,6.2,10619,10619,1629,1349,15.3,12.7
46204,ñççËés,152,7443,7443,-,639,547,-,8.6,7.3,2674,2674,412,313,15.4,11.7
46206,à¢ãvç™és,7,7127,7127,2,1059,855,28.6,14.9,12,2307,2307,731,444,31.7,19.2
46208,èoêÖés,151,19992,19992,14,2515,2728,9.3,12.6,13.6,5868,5868,1495,1272,25.5,21.7
46210,éwèhés,249,14510,14510,16,1734,1175,6.4,12,8.1,5531,5531,1167,861,21.1,15.6
46213,êºîVï\és,131,5752,5752,7,453,415,5.3,7.9,7.2,2023,2023,294,238,14.5,11.8
46214,êÇêÖés,112,5156,5155,-,344,228,-,6.7,4.4,1635,1635,237,138,14.5,8.4
46215,éFñÄêÏì‡és,881,34851,34851,86,2874,2903,9.8,8.2,8.3,9011,9011,1721,1327,19.1,14.7
46216,ì˙íués,359,18054,18054,29,1347,1843,8.1,7.5,10.2,5011,5011,809,951,16.1,19
46217,ë]âóés,223,12519,12520,11,1194,1396,4.9,9.5,11.2,4337,4337,782,809,18,18.7
46218,ñ∂ìáés,577,48895,48895,103,2019,2756,17.9,4.1,5.6,11383,11383,1066,1346,9.4,11.8
46219,Ç¢ÇøÇ´ã¯ñÿñÏ,179,10165,10166,26,934,1162,14.5,9.2,11.4,2348,2349,545,551,23.2,23.5
46220,ìÏÇ≥Ç¬Ç‹és,237,11924,11924,8,1971,1820,3.4,16.5,15.3,3978,3978,1058,1010,26.6,25.4
46221,éuïzéués,247,10965,10965,2,1006,1102,0.8,9.2,10.1,3613,3613,707,789,19.6,21.8
46222,âÇî¸és,2034,16962,16962,71,1739,2051,3.5,10.3,12.1,4926,4926,944,929,19.2,18.9
46223,ìÏã„èBés,172,12394,12394,18,1440,1776,10.5,11.6,14.3,4349,4349,908,978,20.9,22.5
46224,à…ç≤és,17,8737,8737,17,399,580,100,4.6,6.6,2795,2795,262,295,9.4,10.6
46225,à¶ó«és,77,30181,30181,22,1691,2083,28.6,5.6,6.9,6587,6587,736,798,11.2,12.1
46303,éOìáë∫,1,130,130,-,49,28,-,37.7,21.5,59,59,27,9,45.8,15.3
46304,è\ìáë∫,9,264,264,9,112,95,100,42.4,36,108,108,69,48,63.9,44.4
46392,Ç≥Ç¬Ç‹í¨,128,7170,7170,6,505,848,4.7,7,11.8,1958,1958,360,496,18.4,25.3
46404,í∑ìáí¨,26,3610,3610,2,617,551,7.7,17.1,15.3,1384,1384,467,356,33.7,25.7
46452,óNêÖí¨,75,3239,3239,3,386,405,4,11.9,12.5,983,983,256,156,26,15.9
46468,ëÂçËí¨,132,4566,4566,2,487,698,1.5,10.7,15.3,1562,1562,350,358,22.4,22.9
46482,ìåã¯ó«í¨,62,2331,2331,2,396,201,3.2,17,8.6,921,921,302,108,32.8,11.7
46490,ã—ç]í¨,65,2455,2555,5,602,398,7.7,24.5,15.6,1030,1030,457,261,44.4,25.3
46491,ìÏëÂã˜í¨,2,2331,2331,3,354,420,150,15.2,18,959,959,256,277,26.7,28.9
46492,äÃïtí¨,48,5218,5218,-,401,593,-,7.7,11.4,1738,1738,263,332,15.1,19.1
46501,íÜéÌéqí¨,71,2845,2845,3,366,289,4.2,12.9,10.2,1142,1142,262,187,22.9,16.4
46502,ìÏéÌéqí¨,45,2208,2208,-,278,240,-,12.6,10.9,768,768,183,127,23.8,16.5
46505,âÆãvìáí¨,177,4800,4800,9,466,540,5.1,9.7,11.3,1964,1964,309,283,15.7,14.4
46523,ëÂòaë∫,42,552,552,4,91,88,9.5,16.5,15.9,203,203,48,42,23.6,20.7
46524,âFåüë∫,18,654,654,-,116,54,-,17.7,8.3,190,190,70,28,36.8,14.7
46525,ê£åÀì‡í¨,347,3343,3343,10,255,460,2.9,7.6,13.8,1178,1178,158,225,13.4,19.1
46527,ó¥ãΩí¨,92,2398,2398,6,150,181,6.5,6.3,7.5,799,799,105,97,13.1,12.1
46529,äÏäEí¨,93,2567,2567,2,523,254,2.2,20.4,9.9,1003,1003,262,151,26.1,15.1
46530,ìøîVìáí¨,127,4001,4001,-,335,538,-,8.4,13.4,1693,1693,271,277,16,16.4
46531,ìVèÈí¨,174,2188,2188,8,389,294,4.6,17.8,13.4,888,888,215,141,24.2,15.9
46532,à…êÂí¨,167,2400,2400,4,234,384,2.4,9.8,16,1067,1067,127,221,11.9,20.7
46533,òaîëí¨,81,2450,2432,4,676,527,4.9,27.6,21.7,1145,1092,382,296,33.4,27.1
46534,ímñºí¨,97,2148,2148,4,514,383,4.1,23.9,17.8,1013,1013,322,240,31.8,23.7
46535,ó^ò_í¨,83,2137,2137,3,485,295,3.6,22.7,13.8,1013,1013,314,179,31,17.7
47000,â´ìÍåß,31471,575324,575323,2241,42642,39593,7.1,7.4,6.9,178889,178896,30392,28427,17,15.9
47201,ìﬂîeés,10914,126546,126546,603,7487,8225,5.5,5.9,6.5,36082,36082,5081,5773,14.1,16
47205,ãXñÏòpés,2135,38067,38067,170,2469,2603,8,6.5,6.8,11591,11591,1789,1943,15.4,16.8
47207,êŒä_és,901,20156,20156,112,713,622,12.4,3.5,3.1,7808,7808,595,500,7.6,6.4
47208,âYìYés,2381,44945,44945,124,3106,3041,5.2,6.9,6.8,12246,12246,1886,1797,15.4,14.7
47209,ñºåÏés,1319,23814,23814,-,1299,1015,-,5.5,4.3,7251,7251,1045,812,14.4,11.2
47210,éÖñûés,1026,23547,23547,84,1536,1578,8.2,6.5,6.7,7051,7051,458,917,6.5,13
47211,â´ìÍés,4016,54609,54609,360,4971,4630,9,9.1,8.5,17255,17255,3660,4163,21.2,24.1
47212,ñLå©èÈés,761,25005,25005,5,1465,1400,0.7,5.9,5.6,6215,6215,853,797,13.7,12.8
47213,Ç§ÇÈÇ‹és,2719,48290,48290,286,3700,3071,10.5,7.7,6.4,16340,16340,2619,2135,16,13.1
47214,ã{å√ìáés,712,22931,22931,59,1225,1193,8.3,5.3,5.2,8341,8341,954,761,11.4,9.1
47215,ìÏèÈés,328,17273,17273,41,1435,1273,12.5,8.3,7.4,5456,5370,1038,904,19,16.8
47301,çëì™ë∫,67,1778,1778,12,253,154,17.9,14.2,8.7,709,709,226,138,31.9,19.5
47302,ëÂãXñ°ë∫,63,1249,1249,12,175,105,19,14,8.4,587,587,158,91,26.9,15.5
47303,ìåë∫,40,706,706,6,166,91,15,23.5,12.9,138,138,137,69,99.3,50
47306,ç°ãAêmë∫,158,3654,3654,30,293,273,19,8,7.5,1503,1503,229,209,15.2,13.9
47308,ñ{ïîí¨,275,4995,4995,23,535,317,8.4,10.7,6.3,1808,1808,413,246,22.8,13.6
47311,â∂î[ë∫,91,4238,4238,8,604,490,8.8,14.3,11.6,1501,1501,461,346,30.7,23.1
47313,ãXñÏç¿ë∫,47,2293,2293,5,245,220,10.6,10.7,9.6,796,796,214,181,26.9,22.7
47314,ã‡ïêí¨,317,4288,4288,26,529,458,8.2,12.3,10.7,1619,1619,328,296,20.3,18.3
47315,à…ç]ë∫,70,1785,1785,15,497,296,21.4,27.8,16.6,1047,1047,456,272,43.6,26
47324,ì«íJë∫,424,16694,16694,27,1613,1432,6.4,9.7,8.6,5784,5784,1411,1239,24.4,21.4
47325,â√éËî[í¨,269,4907,4907,23,525,414,8.6,10.7,8.4,1761,1761,470,367,26.7,20.8
47326,ñkíJí¨,289,11385,11385,26,1054,865,9,9.3,7.6,3912,3912,782,630,20,16.1
47327,ñkíÜèÈë∫,170,6971,6971,16,871,664,9.4,12.5,9.5,2389,2389,676,488,28.3,20.4
47328,íÜèÈë∫,181,8427,8427,22,815,708,12.2,9.7,8.4,2511,2511,578,497,23,19.8
47329,êºå¥í¨,430,13714,13715,20,903,886,4.7,6.6,6.5,3770,3770,675,345,17.9,9.2
47348,ó^ìﬂå¥í¨,428,7406,7406,41,736,691,9.6,9.9,9.3,2022,2022,587,542,29,26.8
47350,ìÏïóå¥í¨,458,14901,14901,18,1087,1041,3.9,7.3,7,3827,3922,744,686,19.4,17.5
47353,ìnâ√ï~ë∫,3,273,273,3,48,27,100,17.6,9.9,116,116,47,26,40.5,22.4
47354,ç¿ä‘ñ°ë∫,12,376,376,6,82,71,50,21.8,18.9,236,236,79,64,33.5,27.1
47355,àæçëë∫,21,271,271,5,38,21,23.8,Åc,Åc,73,73,28,17,Åc,Åc
47356,ìnñºäÏë∫,15,122,122,2,30,19,13.3,24.6,15.6,59,59,24,15,40.7,25.4
47357,ìÏëÂìåë∫,11,510,510,11,82,44,100,16.1,8.6,221,221,69,35,31.2,15.8
47358,ñkëÂìåë∫,-,219,219,-,33,41,-,15.1,18.7,67,67,28,21,41.8,31.3
47359,à…ïΩâÆë∫,25,465,465,12,110,71,48,23.7,15.3,229,229,98,64,42.8,27.9
47360,à…ê•ñºë∫,17,518,518,5,82,59,29.4,15.8,11.4,260,260,75,52,28.8,20
47361,ãvïƒìáí¨,112,2840,2838,-,248,197,-,8.7,6.9,1217,1215,217,97,17.8,8
47362,î™èdê£í¨,201,12266,12266,15,914,984,7.5,7.5,8,3644,3644,614,639,16.8,17.5
47375,ëΩó«ä‘ë∫,18,471,471,Åc,101,62,Åc,21.4,13.2,217,217,83,49,38.2,22.6
47381,í|ïxí¨,33,1728,1728,-,443,171,-,25.6,9.9,1002,1002,408,150,40.7,15
47382,ó^ìﬂçëí¨,14,691,691,8,124,70,57.1,17.9,10.1,228,228,99,54,43.4,23.7
