市区町村コード,都道府県,市区町村,年度,客観_医療・福祉,客観_買物・飲食,客観_住宅環境,客観_移動・交通,客観_遊び・娯楽,客観_子育て,客観_初等・中等教育,客観_地域行政,客観_デジタル生活,客観_公共空間,客観_都市景観,客観_事故・犯罪,客観_自然景観,客観_自然の恵み,客観_環境共生,客観_自然災害,客観_地域とのつながり,客観_多様性と寛容性,客観_自己効力感,客観_健康状態,客観_文化・芸術,客観_教育機会の豊かさ,客観_雇用・所得,客観_事業創造
01100,北海道,札幌市,2026,43.224,51.957,46.673,57.031,47.599,48.08,48.957,43.064,67.994,59.209,66.893,51.593,52.95,47.472,56.144,53.784,48.755,52.79,56.104,48.05,53.715,50.104,41.907,62.491
01202,北海道,函館市,2026,45.892,51.38,53.523,52.632,49.411,45.188,47.103,44.65,56.232,55.225,46.124,50.418,45.728,53.268,49.909,54.905,46.703,56.018,49.908,29.115,52.265,47.401,41.914,52.546
01203,北海道,小樽市,2026,44.184,49.047,54.718,52.222,50.335,42.169,45.272,46.23,44.377,51.148,46.124,52.074,52.95,53.799,50.264,51.159,48.159,48.127,44.785,23.814,51.761,49.212,36.345,44.315
01204,北海道,旭川市,2026,48.264,51.31,54.935,50.988,48.625,47.408,43.255,44.591,50.126,58.409,66.893,55.6,38.506,51.404,50.053,52.006,46.775,51.637,45.716,47.11,47.551,49.112,45.768,45.501
01205,北海道,室蘭市,2026,41.591,46.274,52.55,51.681,45.278,43.109,46.603,43.663,50.785,59.043,35.74,50.247,38.506,47.882,48.134,43.468,47.485,50.14,53.19,32.438,52.996,48.75,44.112,41.239
01206,北海道,釧路市,2026,47.447,50.802,53.248,51.132,51.747,44.729,42.179,40.865,51.065,53.138,46.124,54.916,52.95,50.992,56.37,47.434,46.038,46.766,43.92,35.613,44.325,46.823,44.543,44.045
01207,北海道,帯広市,2026,52.563,52.949,53.376,51.594,49.654,45.402,41.818,41.848,47.647,62.749,35.74,55.0,45.728,50.626,55.029,51.482,47.728,43.15,52.37,50.426,47.69,46.885,52.475,50.375
01208,北海道,北見市,2026,52.169,46.58,55.067,47.962,48.821,45.881,41.624,44.047,46.658,51.984,56.509,56.515,45.728,50.242,52.756,47.009,48.422,40.338,49.962,47.034,44.347,45.155,50.024,43.959
01210,北海道,岩見沢市,2026,48.551,40.022,57.606,45.491,49.35,40.99,41.438,40.53,45.462,58.331,35.74,55.647,38.506,51.139,45.641,49.611,48.321,43.12,49.147,36.545,48.761,44.471,43.978,43.833
01211,北海道,網走市,2026,47.825,43.463,53.832,49.581,56.934,40.709,41.32,44.312,45.563,54.519,35.74,58.107,52.95,50.142,55.025,49.169,47.095,43.51,55.465,48.815,49.076,47.644,54.248,41.51
01213,北海道,苫小牧市,2026,52.865,48.347,53.665,48.375,53.583,47.047,42.519,44.238,47.24,60.113,35.74,50.181,52.95,52.553,55.0,45.721,44.492,50.729,49.971,38.178,43.985,44.516,49.846,45.613
01217,北海道,江別市,2026,44.891,46.005,56.141,50.324,44.591,44.605,42.474,50.007,46.737,51.158,35.74,58.604,38.506,47.55,48.825,52.971,46.345,51.287,53.472,53.646,47.618,50.892,40.782,48.782
01222,北海道,三笠市,2026,35.315,37.788,57.489,44.238,55.469,42.759,41.508,42.877,38.14,58.687,35.74,43.756,38.506,56.674,53.499,51.38,51.903,38.051,56.216,31.3,48.761,44.043,37.979,46.699
01224,北海道,千歳市,2026,44.542,47.529,51.445,48.334,51.245,48.666,41.995,46.714,54.398,57.884,35.74,53.078,52.95,54.475,51.363,54.091,47.373,49.953,54.412,49.668,44.394,46.08,53.737,45.669
01225,北海道,滝川市,2026,39.047,46.986,54.693,50.532,52.036,39.398,41.827,44.007,33.118,57.986,35.74,53.383,38.506,48.333,45.795,52.155,47.517,45.14,57.749,37.693,44.394,43.855,51.396,42.613
01230,北海道,登別市,2026,44.088,44.729,57.406,46.848,48.514,43.315,44.197,45.479,47.201,50.649,35.74,54.656,45.728,55.361,48.06,44.114,49.181,43.918,53.148,43.443,44.394,49.561,46.052,43.101
01231,北海道,恵庭市,2026,43.713,44.23,55.522,48.693,47.969,46.937,42.303,47.577,45.011,61.721,35.74,57.694,45.728,54.219,51.586,54.153,45.735,48.816,54.904,50.126,44.394,45.285,45.568,45.242
01234,北海道,北広島市,2026,49.837,42.407,57.885,44.759,51.801,44.711,43.439,46.818,42.888,62.258,35.74,60.536,38.506,50.757,46.586,56.253,49.416,51.936,49.454,55.144,44.394,46.108,42.151,45.71
01235,北海道,石狩市,2026,43.479,45.331,59.959,48.585,50.571,47.244,41.441,47.896,45.301,51.609,35.74,54.514,45.728,52.333,58.515,49.81,49.972,50.947,54.566,49.907,52.996,45.105,43.239,48.391
01236,北海道,北斗市,2026,46.209,42.714,57.86,43.604,47.044,43.975,42.593,47.418,34.397,53.921,35.74,57.082,38.506,54.681,52.351,43.911,51.654,44.345,47.195,38.099,44.394,46.857,42.082,42.512
01631,北海道,音更町,2026,56.795,42.075,58.669,42.369,47.212,48.97,41.043,46.109,37.387,52.598,35.74,61.561,38.506,50.218,48.146,50.555,47.706,40.968,56.835,54.304,44.394,53.873,50.431,45.26
02201,青森県,青森市,2026,55.484,48.838,57.818,49.854,48.43,48.783,43.608,47.781,50.823,51.767,46.124,50.014,60.172,52.954,50.648,47.038,52.991,48.579,41.511,32.298,45.147,49.037,44.547,46.778
02202,青森県,弘前市,2026,55.528,48.038,57.293,50.323,51.274,47.55,42.709,45.51,33.148,49.728,56.509,50.722,67.393,51.034,49.076,53.927,53.008,39.78,46.928,36.509,54.46,48.079,50.312,47.931
02203,青森県,八戸市,2026,51.669,46.438,57.028,48.955,51.484,49.824,44.765,42.603,55.039,52.236,56.509,49.483,52.95,46.98,51.624,52.603,51.072,48.23,42.374,29.548,51.233,46.314,50.147,43.855
02205,青森県,五所川原市,2026,53.923,45.826,63.163,42.399,49.122,43.38,41.857,39.256,33.704,46.871,35.74,46.565,45.728,53.069,53.191,53.438,53.028,35.895,55.625,37.873,44.84,44.602,42.474,42.952
02206,青森県,十和田市,2026,53.276,45.042,60.615,42.523,61.109,46.196,41.913,46.379,32.499,40.951,35.74,50.358,52.95,50.779,50.276,49.646,49.146,49.823,48.976,30.16,48.853,43.942,51.787,44.699
02207,青森県,三沢市,2026,52.119,49.927,57.897,46.165,54.445,49.626,42.025,45.164,36.474,55.671,35.74,47.155,38.506,47.701,48.068,46.152,48.12,52.349,53.421,39.252,44.394,46.21,53.268,44.581
02208,青森県,むつ市,2026,50.547,43.982,60.315,42.15,53.465,42.285,42.367,38.7,39.977,41.06,56.509,49.132,52.95,54.427,50.383,43.146,50.074,42.058,49.895,32.21,44.617,46.55,47.797,42.387
03201,岩手県,盛岡市,2026,54.729,49.44,51.365,50.832,55.04,51.694,44.408,46.801,47.445,53.432,56.509,54.531,45.728,54.472,51.735,50.724,50.724,48.238,50.724,45.746,48.828,50.182,52.158,52.609
03202,岩手県,宮古市,2026,49.818,40.609,60.115,39.678,51.145,40.063,43.083,44.283,38.687,38.053,35.74,58.332,60.172,56.713,57.865,47.62,50.172,42.3,52.13,25.023,48.63,50.41,50.152,41.694
03205,岩手県,花巻市,2026,54.387,41.855,63.034,38.581,48.463,39.477,41.65,48.355,30.73,48.912,35.74,56.376,52.95,54.918,52.048,52.826,55.993,46.509,57.404,43.271,53.534,44.264,54.825,44.541
03206,岩手県,北上市,2026,52.394,43.678,56.088,41.712,50.079,48.386,41.942,46.987,35.868,48.94,46.124,52.919,45.728,53.859,48.351,56.475,50.394,48.251,56.824,50.901,44.84,44.108,56.068,46.683
03209,岩手県,一関市,2026,51.048,40.101,63.736,39.92,52.916,42.361,41.54,45.697,48.116,37.625,46.124,55.339,67.393,53.563,53.607,52.179,56.618,49.254,59.63,41.891,47.279,47.684,54.731,43.631
03215,岩手県,奥州市,2026,53.437,42.58,62.433,40.694,55.407,42.527,41.373,43.385,48.361,40.169,46.124,53.905,60.172,52.765,49.425,51.347,53.968,46.496,58.953,50.105,47.843,44.696,55.035,43.052
03216,岩手県,滝沢市,2026,50.827,35.757,58.029,42.879,43.931,43.875,42.453,44.793,38.171,45.787,35.74,63.88,52.95,53.815,54.019,49.061,52.467,46.228,50.645,45.982,52.865,48.487,53.759,49.513
03321,岩手県,紫波町,2026,48.122,37.445,64.326,39.325,44.376,36.691,41.456,45.405,32.168,45.023,35.74,62.507,38.506,54.714,52.747,51.031,55.431,50.651,60.076,40.419,44.617,52.725,50.367,47.049
03322,岩手県,矢巾町,2026,59.79,41.297,56.871,39.633,41.215,43.41,41.947,36.888,36.438,35.678,35.74,59.984,38.506,52.554,46.883,50.501,51.769,42.702,59.546,49.238,44.394,44.861,52.864,41.437
04100,宮城県,仙台市,2026,53.315,49.634,45.94,54.001,48.391,51.743,47.618,44.477,70.402,59.723,56.509,53.743,67.393,48.901,55.789,53.485,51.566,52.221,41.647,58.893,58.937,50.466,49.764,63.719
04202,宮城県,石巻市,2026,45.301,43.588,58.37,44.27,47.372,42.807,42.958,39.901,37.131,54.314,46.124,46.63,52.95,52.269,55.33,47.559,54.296,48.82,44.179,43.582,53.603,45.556,52.517,43.103
04203,宮城県,塩竈市,2026,49.18,49.275,56.962,50.732,48.369,46.94,49.416,45.504,44.321,57.479,46.124,55.613,52.95,43.913,48.574,45.097,52.194,51.084,48.186,49.77,57.455,45.818,42.772,44.707
04205,宮城県,気仙沼市,2026,53.685,42.319,62.569,45.448,49.62,40.765,43.729,41.138,44.929,42.12,35.74,51.549,45.728,53.726,55.37,50.595,56.596,42.57,58.0,45.499,52.996,45.597,53.583,43.621
04207,宮城県,名取市,2026,50.871,47.137,55.519,41.521,52.086,49.555,42.737,43.809,42.744,48.715,35.74,54.284,52.95,48.536,49.621,48.364,50.421,44.876,46.142,52.953,44.84,46.541,51.367,46.051
04209,宮城県,多賀城市,2026,50.135,49.122,51.645,50.903,47.389,55.667,47.206,54.958,41.034,47.622,46.124,54.341,45.728,43.613,45.794,44.887,49.847,45.02,46.136,56.224,52.996,49.023,47.771,46.206
04211,宮城県,岩沼市,2026,53.248,45.505,55.467,43.303,47.098,49.539,42.561,52.071,41.084,54.42,35.74,55.872,52.95,48.738,53.861,45.543,48.971,44.174,50.924,47.617,48.63,45.302,50.752,44.482
04212,宮城県,登米市,2026,54.873,38.386,64.185,38.644,51.837,43.202,41.648,42.839,38.411,41.553,46.124,56.972,52.95,52.223,54.614,50.973,55.81,49.949,59.927,38.507,44.617,49.924,54.54,42.695
04213,宮城県,栗原市,2026,53.163,37.701,65.999,36.145,44.337,39.195,41.155,42.353,42.755,41.88,35.74,57.557,45.728,53.846,55.765,54.327,57.736,45.255,62.47,44.013,44.394,45.873,54.053,42.358
04214,宮城県,東松島市,2026,46.939,43.36,60.313,40.775,49.145,51.077,42.547,43.208,33.448,54.094,35.74,55.834,45.728,49.266,58.1,47.429,52.534,36.466,51.335,48.609,48.63,44.448,44.737,46.226
04215,宮城県,大崎市,2026,50.616,42.489,59.057,38.725,47.252,44.216,41.697,44.172,35.704,42.09,46.124,53.331,60.172,53.714,55.534,51.125,56.816,40.586,49.793,43.477,47.036,46.171,49.523,45.146
04216,宮城県,富谷市,2026,53.234,43.124,59.043,43.962,48.49,51.243,45.473,44.416,36.957,48.657,35.74,65.351,38.506,48.358,48.569,52.166,50.907,47.947,56.152,57.886,44.394,46.062,54.159,47.914
04323,宮城県,柴田町,2026,50.608,46.75,56.046,45.969,45.523,40.994,43.399,43.966,41.665,51.177,46.124,55.233,38.506,50.461,49.002,47.685,53.47,41.925,48.226,45.096,44.394,44.786,41.019,43.707
05201,秋田県,秋田市,2026,48.606,48.063,56.505,48.652,51.957,45.287,43.447,47.257,61.275,50.777,46.124,54.712,45.728,54.903,54.607,50.336,51.22,48.105,49.223,42.883,52.575,50.178,50.275,47.272
05202,秋田県,能代市,2026,43.951,46.311,63.231,42.022,52.449,43.652,41.54,46.854,35.841,41.533,35.74,53.101,45.728,55.053,54.744,52.78,53.389,44.043,55.489,39.148,48.761,49.781,45.814,45.375
05203,秋田県,横手市,2026,50.901,40.796,65.175,41.07,50.184,39.088,41.468,43.67,43.965,50.057,46.124,61.89,38.506,55.265,48.707,53.318,54.481,39.947,60.019,41.568,45.064,48.097,53.464,44.963
05204,秋田県,大館市,2026,48.924,41.978,61.352,42.053,52.867,41.007,42.088,42.288,37.928,46.602,35.74,58.099,45.728,57.739,49.643,50.696,54.236,41.55,57.375,34.982,44.617,48.838,50.671,43.028
05207,秋田県,湯沢市,2026,54.335,41.122,67.279,41.855,48.28,39.011,41.608,38.608,36.476,39.438,35.74,61.92,45.728,59.548,49.164,52.732,59.667,41.264,55.848,41.006,44.394,45.185,48.894,42.2
05210,秋田県,由利本荘市,2026,46.036,42.877,62.867,37.253,48.121,41.641,41.573,43.647,49.491,44.912,35.74,59.917,52.95,56.919,56.525,50.713,55.155,42.756,63.277,37.564,48.984,45.916,53.353,41.36
05211,秋田県,潟上市,2026,43.588,37.253,63.585,42.903,46.35,39.398,42.051,41.755,24.195,46.423,35.74,62.41,38.506,52.276,53.253,48.502,50.402,48.173,57.229,40.414,44.84,43.73,45.236,44.615
05212,秋田県,大仙市,2026,48.167,39.949,65.34,37.475,52.676,43.046,41.571,42.367,47.345,46.353,35.74,61.302,38.506,56.341,49.183,49.972,55.974,51.553,59.839,37.464,49.299,51.049,52.264,44.616
06201,山形県,山形市,2026,50.334,48.78,54.732,45.236,51.148,52.435,44.656,45.669,53.667,52.994,46.124,50.663,52.95,52.373,48.88,56.677,56.531,48.063,50.234,54.897,59.476,47.179,54.986,46.433
06202,山形県,米沢市,2026,50.092,46.682,57.99,44.735,48.687,47.423,42.795,46.771,40.056,42.19,56.509,49.472,67.393,56.202,54.017,52.101,57.086,48.327,54.802,48.988,44.617,49.12,53.6,45.611
06203,山形県,鶴岡市,2026,55.813,44.564,64.954,40.595,50.83,45.209,41.717,48.916,47.805,41.825,56.509,53.758,60.172,58.806,54.88,53.762,58.715,50.984,63.393,49.272,64.368,45.244,56.501,45.011
06204,山形県,酒田市,2026,53.104,46.516,62.392,42.785,48.245,44.133,41.94,46.915,46.023,48.421,46.124,55.077,45.728,56.014,54.8,47.337,57.061,42.768,55.692,40.294,50.346,45.805,52.72,44.042
06206,山形県,寒河江市,2026,51.74,47.8,64.526,42.346,51.034,44.126,42.555,48.553,46.648,50.375,35.74,55.553,38.506,54.431,51.482,52.113,59.487,52.546,59.227,47.284,48.984,44.764,54.783,43.3
06209,山形県,長井市,2026,51.614,43.54,63.657,41.784,48.179,42.869,41.86,42.309,41.297,40.522,46.124,59.039,52.95,57.593,57.679,52.088,58.437,49.332,66.616,51.712,48.63,46.28,57.978,43.743
06210,山形県,天童市,2026,53.742,47.158,59.962,42.267,51.811,51.468,42.887,53.251,41.673,48.863,46.124,51.463,38.506,51.135,42.98,58.455,56.281,46.547,56.391,49.516,48.984,45.921,56.33,46.37
06211,山形県,東根市,2026,50.898,40.523,61.385,42.714,48.825,50.927,42.704,50.032,45.235,43.188,35.74,53.051,38.506,54.679,42.214,52.101,55.836,47.811,57.092,54.266,44.394,44.37,58.82,45.487
07201,福島県,福島市,2026,53.735,46.718,54.815,46.598,50.125,45.583,43.69,49.331,48.237,45.474,46.124,55.262,52.95,53.146,54.926,50.325,53.617,44.944,47.063,47.404,45.256,52.176,52.295,45.171
07202,福島県,会津若松市,2026,55.356,49.624,57.257,48.182,52.937,45.639,43.544,53.916,58.185,52.936,46.124,52.645,52.95,52.831,54.528,50.296,53.039,46.405,52.888,46.654,51.302,46.092,52.94,45.821
07203,福島県,郡山市,2026,51.065,46.802,52.482,45.467,49.408,46.258,43.351,48.422,55.138,46.363,46.124,51.869,60.172,51.906,51.226,53.315,51.463,46.524,43.23,48.493,47.89,47.13,52.283,46.312
07204,福島県,いわき市,2026,47.031,42.533,56.866,43.033,49.302,42.885,44.234,48.471,49.736,44.581,46.124,53.376,38.506,51.849,58.614,47.893,51.57,43.163,43.915,32.266,51.072,45.591,48.099,44.721
07205,福島県,白河市,2026,47.277,40.97,59.027,39.594,53.971,43.552,42.546,53.417,46.332,45.624,66.893,53.508,52.95,52.693,52.762,50.701,54.824,41.113,54.401,45.208,48.63,46.417,51.743,42.378
07207,福島県,須賀川市,2026,50.789,41.484,60.124,40.054,54.027,45.945,42.324,45.429,39.25,44.988,35.74,56.918,45.728,51.432,50.525,53.161,57.336,33.578,50.525,42.958,48.63,51.781,55.201,44.07
07208,福島県,喜多方市,2026,49.27,43.0,66.111,42.193,44.948,43.442,41.945,44.725,35.582,37.829,46.124,51.322,60.172,56.53,47.81,50.019,56.11,37.364,58.203,35.205,49.207,52.127,53.719,42.136
07210,福島県,二本松市,2026,45.136,37.871,63.614,36.713,44.749,41.936,41.838,47.572,32.709,36.154,46.124,56.952,52.95,51.86,53.874,51.457,57.209,36.118,57.335,44.897,48.63,53.389,52.231,41.743
07212,福島県,南相馬市,2026,43.045,41.61,59.964,36.743,47.559,40.419,41.722,46.196,37.874,42.849,35.74,45.177,45.728,51.02,58.937,52.111,52.849,45.141,52.877,46.992,44.617,44.562,52.636,46.162
07213,福島県,伊達市,2026,49.969,40.795,64.052,44.379,45.656,42.048,42.06,41.93,43.168,34.984,35.74,60.099,38.506,52.327,43.833,46.983,55.138,47.221,49.715,42.072,48.853,43.628,49.544,43.269
07466,福島県,矢吹町,2026,55.746,41.122,61.937,40.88,57.618,42.475,41.768,44.828,39.671,40.593,35.74,48.248,45.728,50.206,50.798,47.103,53.341,28.445,55.548,43.051,44.394,44.656,50.798,40.735
08201,茨城県,水戸市,2026,52.449,50.127,52.014,45.857,51.697,49.254,44.572,46.306,47.107,53.805,77.277,42.524,45.728,47.719,55.477,54.21,49.259,45.217,48.795,46.359,58.002,49.134,50.807,48.305
08202,茨城県,日立市,2026,48.228,47.597,55.973,47.884,49.586,45.81,46.411,52.45,46.708,50.394,46.124,48.89,45.728,52.588,53.256,48.826,47.672,43.01,42.314,47.714,43.958,45.726,44.016,45.941
08203,茨城県,土浦市,2026,52.468,46.799,52.215,43.888,50.371,48.458,44.133,51.787,37.219,47.311,56.509,40.564,52.95,47.861,49.906,49.644,49.021,48.103,43.51,42.297,44.553,49.693,46.694,46.874
08204,茨城県,古河市,2026,49.332,43.896,56.834,44.582,48.926,46.615,43.756,47.691,41.449,41.027,56.509,49.28,38.506,49.923,48.68,52.494,52.078,49.059,47.584,43.256,44.102,46.747,47.32,46.768
08205,茨城県,石岡市,2026,50.544,41.755,59.923,39.336,50.814,43.524,42.832,49.594,49.824,40.83,56.509,45.481,52.95,53.622,55.114,51.739,51.955,38.139,53.888,43.651,44.617,47.06,48.571,44.521
08207,茨城県,結城市,2026,46.625,41.831,60.524,43.612,45.196,44.906,43.015,45.43,42.321,42.855,46.124,51.692,38.506,49.06,44.557,52.704,50.848,54.891,48.882,51.595,44.394,45.179,48.263,47.949
08208,茨城県,龍ケ崎市,2026,48.388,46.177,56.957,47.075,53.319,45.456,43.805,51.365,40.936,52.956,35.74,45.464,38.506,48.668,45.266,51.257,49.908,49.305,42.145,48.03,44.617,48.805,45.9,48.663
08210,茨城県,下妻市,2026,41.183,41.3,59.818,41.144,52.361,43.044,42.506,53.706,34.922,44.133,35.74,47.346,38.506,48.552,50.127,46.861,53.668,51.264,51.832,45.69,44.617,44.15,49.991,48.237
08211,茨城県,常総市,2026,44.864,37.211,60.96,39.292,46.752,41.319,42.452,43.269,44.089,41.278,35.74,50.05,38.506,49.145,49.028,54.097,53.211,48.621,55.442,43.643,44.84,46.645,49.042,47.509
08212,茨城県,常陸太田市,2026,49.763,36.659,63.819,37.222,48.601,40.658,42.719,48.105,45.539,40.3,35.74,55.009,45.728,55.358,55.832,49.819,54.11,42.286,52.005,48.102,53.311,49.192,46.479,44.369
08215,茨城県,北茨城市,2026,47.779,37.036,59.529,41.441,44.801,40.953,43.175,45.558,40.775,42.177,35.74,50.399,38.506,53.983,55.897,45.65,48.348,45.731,51.317,34.366,48.63,49.655,49.503,43.413
08216,茨城県,笠間市,2026,48.34,41.274,60.423,36.411,49.167,42.671,41.944,55.042,47.761,46.489,46.124,50.02,38.506,52.057,58.382,49.995,52.629,45.512,55.745,43.508,49.43,49.224,48.32,44.252
08217,茨城県,取手市,2026,49.588,45.579,54.174,48.852,47.218,45.909,45.348,45.182,45.727,52.361,35.74,47.43,45.728,48.745,49.343,49.653,51.087,46.12,46.123,51.434,45.81,47.055,44.89,54.207
08219,茨城県,牛久市,2026,54.548,46.375,54.688,47.684,47.514,48.143,44.28,51.671,36.874,46.298,46.124,51.761,45.728,50.376,49.858,47.354,51.822,56.436,50.116,56.855,48.984,47.311,49.529,49.312
08220,茨城県,つくば市,2026,49.793,40.61,49.214,41.981,47.681,56.712,42.828,48.136,61.935,44.299,56.509,46.684,60.172,50.533,56.848,49.613,49.726,50.285,63.443,54.101,48.439,49.179,55.447,65.77
08221,茨城県,ひたちなか市,2026,48.311,45.874,55.368,47.663,50.08,46.933,43.724,49.543,47.907,56.816,35.74,52.35,45.728,48.656,51.572,54.196,48.807,44.89,48.795,52.635,44.001,45.993,51.785,45.451
08222,茨城県,鹿嶋市,2026,49.729,38.353,55.609,42.04,51.189,51.467,43.624,46.664,31.226,44.387,35.74,40.347,45.728,50.797,55.308,49.255,48.199,48.448,51.117,46.992,45.287,47.835,50.131,45.582
08224,茨城県,守谷市,2026,55.097,43.839,54.501,48.636,48.71,49.976,44.793,58.069,51.561,47.874,46.124,53.677,38.506,48.28,44.747,51.757,49.623,48.952,51.711,61.541,44.394,50.254,52.619,50.844
08225,茨城県,常陸大宮市,2026,53.272,39.049,62.503,34.62,61.21,39.696,41.85,44.774,35.823,51.015,35.74,49.313,45.728,55.446,57.173,49.13,52.706,37.728,58.549,49.441,48.63,45.249,47.557,41.583
08226,茨城県,那珂市,2026,48.655,39.847,60.136,37.359,50.315,45.235,42.567,50.623,42.29,48.161,35.74,52.404,38.506,49.786,55.008,53.126,52.94,41.446,55.463,51.694,44.394,45.052,49.553,46.46
08227,茨城県,筑西市,2026,45.429,39.625,60.565,42.271,48.191,45.148,42.143,48.676,41.628,39.726,35.74,44.07,38.506,48.671,48.943,48.541,53.551,47.474,52.087,48.252,44.299,48.762,48.318,45.716
08228,茨城県,坂東市,2026,53.214,37.355,63.049,41.337,50.631,43.959,42.061,48.096,30.493,40.802,35.74,50.886,38.506,48.802,49.555,47.224,55.477,48.352,50.88,36.152,44.394,44.852,47.887,50.07
08229,茨城県,稲敷市,2026,42.599,36.633,65.104,33.66,65.16,39.264,41.35,44.547,41.408,37.053,35.74,43.055,45.728,50.599,57.96,46.355,54.192,48.201,54.02,32.554,44.84,43.597,47.626,44.718
08230,茨城県,かすみがうら市,2026,50.049,39.857,59.17,35.143,44.394,43.741,41.556,40.936,34.306,40.754,35.74,46.889,45.728,51.287,59.641,47.104,51.557,38.575,50.423,39.32,44.617,45.647,46.961,46.741
08231,茨城県,桜川市,2026,48.488,37.252,64.593,37.88,47.617,38.223,42.1,42.842,40.228,41.648,46.124,48.003,60.172,54.469,53.18,46.409,55.02,45.152,59.311,42.967,48.853,44.945,46.734,44.085
08232,茨城県,神栖市,2026,47.921,43.003,55.44,39.612,47.879,49.406,42.39,49.239,42.198,56.968,35.74,42.593,45.728,47.723,54.112,49.024,47.163,47.636,52.824,41.429,44.617,47.15,55.096,47.92
08234,茨城県,鉾田市,2026,50.639,36.708,63.655,35.538,46.682,41.736,41.515,44.977,35.165,40.112,35.74,37.38,38.506,53.125,57.32,52.7,52.306,47.119,53.969,38.996,44.394,46.12,54.555,44.028
08235,茨城県,つくばみらい市,2026,50.773,39.614,56.072,37.778,45.92,53.659,42.659,46.147,45.55,37.652,56.509,57.636,38.506,49.363,47.604,51.024,54.187,49.207,56.57,50.459,44.394,46.913,54.604,49.386
08236,茨城県,小美玉市,2026,47.548,36.413,59.356,37.795,42.452,45.346,41.258,42.664,41.469,41.343,35.74,47.05,52.95,51.2,56.949,48.677,50.777,46.262,59.869,40.845,44.394,44.329,53.15,46.115
08341,茨城県,東海村,2026,60.525,42.146,56.412,42.206,44.824,47.495,43.228,56.548,37.68,44.454,35.74,53.369,38.506,48.608,53.464,53.548,51.65,43.42,58.137,50.515,44.394,46.634,51.605,53.537
08443,茨城県,阿見町,2026,49.678,43.446,55.275,40.394,49.837,52.058,42.809,48.082,43.805,44.973,35.74,43.043,45.728,50.095,46.661,49.079,48.701,47.366,53.942,45.829,44.394,48.313,51.057,46.461
08542,茨城県,五霞町,2026,46.381,36.926,54.754,26.299,40.65,42.534,41.785,40.766,40.274,38.337,35.74,47.747,38.506,48.882,40.937,49.008,55.878,36.848,57.655,39.95,44.394,45.132,48.341,45.018
08546,茨城県,境町,2026,50.524,42.119,59.422,42.445,51.721,38.087,42.37,40.411,41.712,41.854,35.74,49.282,38.506,48.364,53.256,50.409,55.192,45.007,62.426,41.601,44.394,48.101,55.262,52.393
09201,栃木県,宇都宮市,2026,47.056,48.627,52.135,45.079,49.53,47.199,44.146,50.501,53.929,55.245,46.124,46.31,38.506,50.238,52.552,53.364,49.787,48.535,47.057,50.898,54.769,49.115,52.312,47.445
09202,栃木県,足利市,2026,53.385,44.03,58.123,43.414,47.248,45.83,44.929,46.63,50.048,50.953,46.124,43.114,38.506,53.423,50.211,49.046,51.083,49.413,48.457,39.89,51.429,46.551,47.93,45.63
09203,栃木県,栃木市,2026,48.934,41.258,59.086,38.816,50.931,43.844,42.679,47.772,46.083,45.953,56.509,48.904,38.506,51.398,52.719,48.194,53.725,48.448,54.675,42.172,44.152,45.535,47.133,46.902
09204,栃木県,佐野市,2026,50.716,45.856,58.407,40.913,52.839,46.459,42.769,48.604,47.864,48.835,46.124,44.802,45.728,56.78,52.899,47.997,53.647,47.307,53.063,42.038,44.191,49.758,47.674,44.899
09205,栃木県,鹿沼市,2026,48.403,42.82,59.953,41.367,51.523,46.853,42.98,49.593,45.229,42.036,56.509,51.237,45.728,59.659,52.648,49.909,52.539,45.814,46.586,45.586,48.63,45.369,48.68,42.893
09206,栃木県,日光市,2026,46.162,42.781,60.292,38.559,62.248,40.634,42.218,49.165,47.783,45.583,56.509,44.597,74.615,61.303,58.628,52.51,53.481,42.059,53.003,43.405,51.977,50.592,50.607,41.396
09208,栃木県,小山市,2026,49.535,44.219,54.273,42.119,48.395,47.638,42.906,46.68,49.057,51.801,46.124,46.02,45.728,48.039,50.51,51.67,52.137,54.618,46.44,50.524,44.329,46.515,50.733,49.701
09209,栃木県,真岡市,2026,50.399,42.748,58.87,41.054,49.526,46.743,42.405,50.138,39.295,50.038,46.124,49.384,38.506,48.926,52.101,49.937,52.831,47.805,46.592,42.475,44.84,48.329,50.529,45.596
09210,栃木県,大田原市,2026,52.249,40.875,57.306,42.679,47.289,44.137,42.189,52.737,34.211,42.285,35.74,52.836,45.728,53.019,54.049,48.254,51.295,46.998,53.698,46.306,53.442,48.619,55.414,43.117
09213,栃木県,那須塩原市,2026,45.153,45.228,57.404,40.467,58.399,51.125,41.895,48.858,49.111,42.58,46.124,45.313,52.95,55.445,63.427,56.816,48.515,48.524,50.662,52.405,48.016,45.826,54.628,45.609
09214,栃木県,さくら市,2026,56.115,40.639,58.76,38.056,49.001,48.207,41.42,51.83,48.279,42.579,46.124,51.297,38.506,51.694,52.777,49.462,52.051,42.573,46.951,47.37,44.394,45.281,45.4,44.901
09216,栃木県,下野市,2026,53.504,43.51,56.641,42.166,44.971,44.867,42.176,49.903,43.37,53.733,35.74,51.414,38.506,48.611,50.451,54.26,51.985,41.536,51.311,54.815,44.394,48.42,50.349,51.048
09361,栃木県,壬生町,2026,47.221,43.189,59.668,41.031,45.262,44.463,42.375,51.087,37.418,44.963,35.74,51.463,38.506,50.21,52.986,47.478,52.957,54.37,57.35,47.422,44.394,47.183,51.25,44.342
10201,群馬県,前橋市,2026,51.838,46.584,56.101,45.029,51.211,48.22,44.182,48.539,61.255,51.977,46.124,34.757,52.95,51.858,53.015,57.297,52.695,45.656,48.434,50.062,48.493,49.15,51.177,46.824
10202,群馬県,高崎市,2026,52.335,46.466,55.287,45.024,50.689,48.89,44.568,48.243,41.478,47.311,56.509,37.525,38.506,54.687,47.118,50.09,52.397,45.252,53.769,47.596,44.786,47.964,53.687,46.901
10203,群馬県,桐生市,2026,55.988,45.522,58.911,47.042,46.474,44.255,45.108,52.085,42.011,41.092,46.124,38.27,45.728,58.143,48.738,52.561,52.849,42.98,50.284,39.427,48.556,48.733,48.889,44.995
10204,群馬県,伊勢崎市,2026,51.35,45.069,56.313,41.573,47.223,49.757,43.483,48.941,44.562,46.862,56.509,35.952,38.506,48.651,50.419,51.531,48.016,53.062,45.832,42.361,43.879,46.323,50.89,47.305
10205,群馬県,太田市,2026,49.881,44.235,56.862,40.976,47.643,52.757,43.832,49.147,42.948,48.463,46.124,35.604,38.506,48.478,49.508,49.829,49.502,51.136,49.732,43.908,44.652,46.386,51.037,46.468
10206,群馬県,沼田市,2026,49.42,45.654,59.624,40.748,55.997,44.598,43.137,45.98,38.006,37.036,35.74,44.026,45.728,62.201,53.738,48.8,53.343,38.515,56.858,46.15,48.853,44.814,52.865,44.213
10207,群馬県,館林市,2026,49.639,48.074,57.123,44.803,50.006,46.057,43.773,45.249,42.865,55.027,35.74,39.671,45.728,47.31,44.531,51.076,50.186,50.806,43.0,47.323,52.996,50.303,44.683,46.167
10208,群馬県,渋川市,2026,50.493,42.096,62.499,38.763,55.317,42.397,43.228,48.346,46.33,46.103,46.124,38.699,45.728,58.826,47.486,51.779,51.126,48.862,53.76,38.606,44.617,47.307,50.904,44.87
10209,群馬県,藤岡市,2026,49.081,43.468,60.563,41.404,49.668,46.238,43.142,49.828,38.551,40.027,46.124,43.943,38.506,58.262,55.16,51.075,50.171,37.421,49.356,46.695,48.63,45.406,47.824,44.237
10210,群馬県,富岡市,2026,54.138,42.174,61.702,41.887,50.138,48.426,43.111,51.137,42.458,41.541,56.509,50.509,45.728,56.357,55.317,50.385,51.465,39.908,53.073,45.203,49.522,49.182,49.185,43.145
10211,群馬県,安中市,2026,47.955,40.659,61.803,35.893,51.599,47.03,42.133,47.236,41.651,35.531,35.74,40.189,74.615,57.424,52.288,52.024,49.382,43.045,54.328,44.86,48.853,47.851,48.559,43.975
10212,群馬県,みどり市,2026,49.02,44.081,59.366,42.797,55.544,50.252,43.319,50.888,44.835,32.265,35.74,36.421,38.506,59.117,48.049,50.076,51.863,47.383,48.821,39.499,44.394,45.047,50.992,44.377
10424,群馬県,長野原町,2026,41.92,43.73,55.08,27.9,80.0,42.616,41.843,45.41,28.018,41.97,46.124,39.849,52.95,59.369,53.916,50.583,57.218,37.161,62.222,42.198,48.63,44.2,55.201,41.734
10464,群馬県,玉村町,2026,51.498,38.912,54.23,41.966,46.873,49.592,43.984,51.118,37.706,46.273,46.124,46.804,38.506,49.488,47.292,47.535,50.73,46.449,47.545,50.099,44.617,45.598,44.254,42.529
10524,群馬県,大泉町,2026,56.273,46.842,52.345,50.612,45.454,52.986,46.073,55.352,30.525,51.972,35.74,30.936,38.506,45.028,44.8,48.203,48.571,58.976,56.031,46.595,44.394,44.887,40.193,47.476
11100,埼玉県,さいたま市,2026,50.709,51.035,45.551,52.438,46.072,52.31,50.83,48.479,63.333,54.986,66.893,53.066,60.172,42.455,53.739,49.242,48.997,54.508,48.051,55.309,46.49,49.653,51.451,51.417
11201,埼玉県,川越市,2026,48.386,48.519,49.823,48.715,46.788,50.138,48.195,45.765,46.043,46.405,56.509,52.323,52.95,46.655,49.373,50.665,49.176,49.773,45.002,48.664,46.88,48.186,49.235,48.151
11202,埼玉県,熊谷市,2026,50.412,45.143,56.769,46.304,45.541,46.309,44.072,53.147,52.982,58.282,46.124,48.354,38.506,47.668,47.971,49.654,49.669,44.63,46.083,41.087,45.139,47.421,48.196,47.383
11203,埼玉県,川口市,2026,49.996,52.565,43.008,53.954,45.782,51.685,54.648,47.942,46.925,53.367,46.124,52.223,38.506,43.156,48.07,46.932,46.373,55.307,39.116,44.904,46.835,47.329,48.053,50.435
11206,埼玉県,行田市,2026,46.063,45.603,58.338,46.127,43.784,43.728,43.656,50.942,41.554,45.193,35.74,50.405,38.506,46.739,47.256,52.588,49.587,44.492,54.011,45.857,48.761,47.554,43.733,45.267
11207,埼玉県,秩父市,2026,50.429,48.448,60.559,42.3,50.43,43.02,43.483,52.328,39.483,46.668,46.124,47.225,52.95,58.729,54.035,52.678,54.583,53.168,54.668,44.152,48.853,49.109,47.491,41.889
11208,埼玉県,所沢市,2026,48.011,50.193,46.532,51.922,45.833,49.503,48.581,48.144,41.937,51.085,46.124,53.815,45.728,45.89,51.539,48.076,47.375,50.37,45.448,52.927,48.02,49.593,48.377,48.545
11209,埼玉県,飯能市,2026,48.768,45.644,54.77,48.547,50.297,43.955,45.846,47.767,43.675,46.29,56.509,51.302,45.728,58.201,50.746,51.315,47.371,47.101,47.993,45.249,44.617,48.537,43.247,48.567
11210,埼玉県,加須市,2026,43.4,41.291,57.956,41.201,45.501,43.823,43.048,49.266,45.045,45.683,35.74,52.994,38.506,48.691,54.309,50.666,52.993,54.061,48.241,46.231,44.278,47.032,46.776,47.387
11211,埼玉県,本庄市,2026,50.999,49.261,55.759,45.715,47.573,47.628,44.435,49.476,41.761,48.741,35.74,43.372,45.728,51.435,51.067,54.053,51.546,48.661,50.487,43.631,44.394,47.337,47.122,47.846
11212,埼玉県,東松山市,2026,51.266,49.925,53.63,44.844,49.61,45.594,43.934,54.283,30.837,49.65,35.74,45.436,38.506,47.268,46.267,50.244,49.439,49.295,51.417,45.652,44.84,46.816,45.74,46.374
11214,埼玉県,春日部市,2026,47.967,50.466,51.815,51.051,45.775,45.423,46.874,47.223,45.391,50.12,56.509,53.145,45.728,46.873,44.171,50.658,48.228,47.437,44.417,44.706,45.26,49.486,46.505,49.453
11215,埼玉県,狭山市,2026,50.259,48.72,50.805,53.41,46.375,46.732,47.813,54.157,47.846,44.05,46.124,53.393,38.506,46.594,49.578,49.736,46.733,46.252,45.562,52.308,45.503,47.268,44.551,46.223
11216,埼玉県,羽生市,2026,51.215,39.159,58.196,44.662,53.852,43.255,43.741,49.44,40.39,49.358,35.74,45.07,38.506,48.783,51.711,52.969,50.758,46.107,49.697,43.674,44.394,49.91,45.947,48.939
11217,埼玉県,鴻巣市,2026,53.467,47.271,55.427,47.899,44.866,46.526,44.831,55.751,47.968,45.581,35.74,53.384,38.506,47.079,49.661,53.719,50.633,53.729,47.73,51.927,45.102,48.101,46.718,46.392
11218,埼玉県,深谷市,2026,49.772,45.819,57.685,43.132,46.238,46.216,43.243,52.865,43.101,43.416,35.74,45.354,38.506,48.545,52.002,49.813,50.253,46.49,45.073,42.993,44.878,49.89,48.979,45.163
11219,埼玉県,上尾市,2026,53.265,49.535,50.875,51.441,48.769,51.731,49.605,51.548,39.456,50.183,35.74,54.342,38.506,44.568,48.022,51.115,47.888,49.362,43.227,50.91,45.419,51.988,47.454,47.447
11221,埼玉県,草加市,2026,48.332,52.274,45.221,53.509,47.036,48.525,53.803,47.275,42.134,52.11,56.509,52.943,38.506,42.644,48.682,46.286,46.306,45.878,49.212,48.401,49.53,47.288,46.955,49.035
11222,埼玉県,越谷市,2026,51.954,53.357,49.075,52.797,49.772,50.656,49.71,49.629,55.55,46.08,66.893,52.74,38.506,45.04,48.067,47.535,47.527,48.767,44.407,51.594,45.841,54.405,50.64,49.124
11223,埼玉県,蕨市,2026,53.727,57.956,40.283,57.201,53.389,46.911,67.091,43.929,39.67,46.805,35.74,50.552,38.506,37.484,47.282,52.749,45.974,57.195,51.165,52.095,44.394,53.048,47.983,53.752
11224,埼玉県,戸田市,2026,51.773,52.973,38.529,54.952,44.362,55.136,51.55,45.845,54.02,50.781,46.124,55.112,45.728,42.185,46.154,51.11,46.851,55.964,43.254,49.631,46.83,47.557,49.825,49.287
11225,埼玉県,入間市,2026,47.896,50.545,51.28,51.318,48.613,51.03,49.81,49.536,47.892,50.207,46.124,54.946,45.728,46.584,49.552,50.822,45.769,46.853,42.246,51.048,45.784,48.179,45.913,45.263
11227,埼玉県,朝霞市,2026,50.383,49.434,41.458,54.163,46.882,51.61,50.073,49.144,38.783,51.459,56.509,55.976,45.728,44.509,48.709,49.274,45.278,53.415,44.336,52.831,47.011,49.182,51.459,49.068
11228,埼玉県,志木市,2026,51.194,50.258,44.532,53.191,44.869,52.811,59.472,49.443,41.143,51.553,46.124,56.665,38.506,44.121,51.007,48.445,44.582,48.502,46.005,55.896,44.394,47.721,47.357,51.065
11229,埼玉県,和光市,2026,50.898,48.154,38.197,50.997,45.119,53.933,53.226,47.525,37.069,51.76,56.509,54.256,45.728,43.832,44.762,49.923,44.586,52.56,48.691,56.565,44.394,51.493,54.716,53.953
11230,埼玉県,新座市,2026,47.693,50.557,46.583,50.467,45.573,53.283,54.873,48.533,47.986,44.882,56.509,57.527,38.506,45.224,47.486,50.518,46.343,58.955,48.71,51.38,47.757,47.874,48.558,49.234
11231,埼玉県,桶川市,2026,53.706,45.45,54.533,51.581,44.534,49.99,46.042,52.65,35.24,45.025,35.74,54.447,38.506,45.722,53.74,48.035,47.072,52.485,48.423,52.66,44.394,47.023,47.834,48.85
11232,埼玉県,久喜市,2026,46.992,47.368,55.741,47.15,45.467,47.491,45.113,53.284,42.205,49.292,35.74,51.405,45.728,47.066,48.922,53.626,51.299,56.746,55.123,52.62,45.434,46.089,49.647,46.975
11233,埼玉県,北本市,2026,51.349,49.034,52.852,47.903,44.273,43.193,46.771,52.404,35.946,49.334,35.74,53.778,38.506,45.75,52.571,49.026,46.293,49.153,52.862,53.829,44.394,52.554,40.678,45.383
11234,埼玉県,八潮市,2026,47.381,50.263,45.932,53.655,47.805,45.557,50.089,46.886,41.669,44.19,46.124,48.679,38.506,44.38,43.71,45.876,45.678,53.342,51.28,50.253,44.617,46.996,54.447,50.191
11235,埼玉県,富士見市,2026,48.695,51.704,45.099,50.866,44.685,50.569,49.548,47.752,43.267,48.909,35.74,53.61,38.506,46.043,46.713,51.565,45.329,50.791,44.665,46.851,46.904,46.721,53.254,47.573
11237,埼玉県,三郷市,2026,44.578,49.596,47.162,51.92,46.808,48.763,50.375,46.148,40.533,50.422,46.124,50.585,38.506,46.76,43.854,50.166,47.566,52.981,47.131,47.89,45.869,47.394,51.723,48.04
11238,埼玉県,蓮田市,2026,49.04,46.743,55.824,46.357,42.294,41.397,45.904,49.165,42.93,48.817,35.74,56.484,45.728,46.946,45.857,54.608,49.383,51.198,47.852,50.235,44.394,46.888,45.28,47.234
11239,埼玉県,坂戸市,2026,51.381,47.504,50.526,49.89,42.61,48.507,46.577,47.828,39.404,49.741,35.74,49.41,38.506,47.638,49.744,47.907,46.92,50.141,41.401,47.617,45.428,47.539,40.654,48.577
11240,埼玉県,幸手市,2026,45.661,46.155,56.991,48.195,48.261,43.401,44.212,47.247,39.706,47.549,35.74,50.269,38.506,46.897,45.551,50.375,48.147,45.651,47.306,48.86,44.394,45.986,43.374,47.336
11241,埼玉県,鶴ヶ島市,2026,52.395,51.422,49.546,48.15,45.034,49.203,48.838,48.811,44.628,48.094,35.74,51.756,38.506,47.791,45.064,50.657,47.553,44.438,44.652,52.402,44.394,49.45,42.978,48.377
11242,埼玉県,日高市,2026,46.417,40.679,57.096,47.693,48.419,47.806,43.766,48.947,44.914,48.259,35.74,54.261,38.506,50.113,54.834,50.02,51.642,44.856,50.87,46.016,44.617,47.379,46.553,44.768
11243,埼玉県,吉川市,2026,46.4,45.529,51.199,51.209,42.759,48.912,44.609,49.541,40.061,49.055,35.74,56.859,38.506,47.646,46.86,49.915,48.522,47.879,48.495,52.388,44.394,47.77,47.157,49.731
11245,埼玉県,ふじみ野市,2026,50.826,52.608,47.072,52.027,45.876,53.033,54.004,48.529,48.58,50.927,35.74,53.149,38.506,44.665,49.747,52.321,43.269,57.659,49.535,53.351,46.001,48.479,46.517,46.604
11246,埼玉県,白岡市,2026,47.107,44.569,54.987,42.424,42.671,41.041,45.096,47.223,35.802,42.066,35.74,58.751,38.506,47.326,48.389,48.977,51.446,43.437,48.293,52.866,44.394,47.189,51.563,46.02
11301,埼玉県,伊奈町,2026,51.116,46.049,54.012,53.082,41.618,50.356,50.323,47.157,41.271,45.988,35.74,53.555,38.506,48.047,45.816,49.63,47.208,46.615,46.389,54.32,44.394,51.536,50.911,47.167
11324,埼玉県,三芳町,2026,54.066,50.344,50.198,47.268,43.165,52.055,46.041,58.412,39.809,45.447,35.74,57.117,45.728,46.702,46.45,50.457,46.848,58.62,52.456,50.623,44.394,46.5,46.823,47.485
11361,埼玉県,横瀬町,2026,47.77,38.459,54.302,32.489,48.156,55.89,42.792,48.476,38.606,37.602,35.74,61.83,38.506,57.537,49.917,51.053,52.904,45.658,60.78,43.278,44.394,46.599,45.063,48.175
11442,埼玉県,宮代町,2026,45.83,46.134,55.171,49.759,44.813,47.147,45.875,55.968,40.495,40.139,35.74,53.394,38.506,46.093,51.497,49.162,50.82,41.158,53.568,48.936,44.394,49.653,45.274,47.226
11464,埼玉県,杉戸町,2026,43.896,44.726,58.561,48.397,43.758,42.597,45.323,48.171,44.124,44.105,35.74,54.491,45.728,47.499,47.048,52.389,48.979,46.371,48.559,48.08,44.394,45.44,44.243,47.511
12100,千葉県,千葉市,2026,53.203,48.23,45.974,51.707,46.217,50.693,50.112,45.259,60.736,57.847,46.124,50.011,45.728,44.295,54.199,47.533,48.664,50.799,48.608,52.71,45.559,48.593,47.351,59.271
12202,千葉県,銚子市,2026,46.426,44.324,59.298,51.488,47.154,39.122,43.357,40.539,38.176,35.725,46.124,46.652,45.728,52.283,53.696,47.648,56.2,51.714,45.973,42.652,53.219,45.796,46.172,41.921
12203,千葉県,市川市,2026,53.195,50.003,40.467,54.748,45.657,53.603,54.569,48.069,56.43,48.818,66.893,54.282,45.728,45.326,48.353,39.912,45.738,50.383,44.129,51.313,48.706,50.261,51.743,48.46
12204,千葉県,船橋市,2026,55.879,50.715,44.444,54.195,45.949,51.193,52.946,48.176,53.653,52.281,66.893,56.388,38.506,43.705,49.327,47.204,47.605,50.325,44.449,52.832,46.551,49.733,50.711,49.831
12205,千葉県,館山市,2026,48.443,48.807,57.483,46.176,57.392,43.662,43.171,50.438,41.843,33.272,46.124,41.429,45.728,51.175,53.143,45.297,50.948,35.313,54.892,44.184,44.394,48.48,49.299,43.408
12206,千葉県,木更津市,2026,52.211,47.542,55.492,45.442,50.516,46.9,44.835,44.247,49.554,48.564,46.124,45.881,38.506,49.821,53.972,49.49,47.662,53.816,53.361,49.653,44.685,45.751,54.992,46.781
12207,千葉県,松戸市,2026,52.923,51.892,46.329,54.566,48.017,54.218,54.036,48.412,49.342,49.194,56.509,52.333,45.728,44.145,50.322,50.677,47.063,53.503,45.313,49.678,50.116,48.879,47.165,53.477
12208,千葉県,野田市,2026,51.755,46.221,56.747,48.544,46.132,46.929,44.382,48.989,42.892,46.824,35.74,49.641,45.728,48.29,45.593,52.794,48.824,42.031,48.245,40.349,48.212,46.5,48.823,52.06
12210,千葉県,茂原市,2026,47.812,44.37,58.17,44.494,53.081,40.911,43.313,44.561,41.901,41.285,46.124,41.922,38.506,47.868,52.522,46.646,50.226,49.269,45.554,43.078,44.394,45.534,43.677,45.704
12211,千葉県,成田市,2026,46.891,45.799,49.106,46.377,53.98,41.149,42.714,49.219,53.473,43.997,46.124,45.355,38.506,50.457,51.869,52.513,48.626,43.845,41.03,47.639,48.479,48.853,56.892,46.825
12212,千葉県,佐倉市,2026,52.459,46.076,55.555,51.102,50.193,50.002,45.17,52.704,43.454,48.703,56.509,57.335,38.506,49.724,50.513,55.154,49.949,50.233,49.716,56.325,51.771,51.078,45.22,48.94
12213,千葉県,東金市,2026,48.191,45.499,56.359,43.237,51.788,40.304,42.73,47.434,34.682,38.304,35.74,40.588,38.506,49.061,52.915,49.572,48.054,35.393,45.664,45.656,44.394,48.94,41.912,46.3
12215,千葉県,旭市,2026,54.848,40.245,60.165,44.325,49.105,41.439,42.352,44.232,38.701,34.696,35.74,50.026,38.506,49.883,46.99,48.985,52.098,42.283,45.715,42.497,44.394,45.713,51.585,42.18
12216,千葉県,習志野市,2026,51.996,49.89,44.35,53.178,49.296,56.061,54.338,48.612,44.057,55.364,35.74,54.124,38.506,42.043,47.045,49.892,46.985,44.307,51.122,57.109,46.306,49.793,48.772,48.521
12217,千葉県,柏市,2026,53.162,49.464,48.981,51.282,47.923,52.806,48.992,50.994,51.047,48.062,66.893,51.811,52.95,46.915,48.265,55.496,48.855,48.524,48.369,56.82,46.287,48.701,51.969,51.823
12219,千葉県,市原市,2026,52.733,44.001,54.594,46.785,50.767,44.832,43.564,43.688,43.539,49.373,56.509,48.454,45.728,49.113,51.132,48.533,48.441,46.859,50.371,43.704,44.48,45.898,49.805,46.29
12220,千葉県,流山市,2026,57.393,48.654,47.96,52.689,43.969,60.989,50.563,51.734,55.481,46.499,66.893,57.947,45.728,47.66,49.502,54.355,49.757,48.018,55.612,57.634,46.563,51.843,54.668,51.131
12221,千葉県,八千代市,2026,49.753,50.044,49.237,52.241,46.963,50.299,49.0,49.998,44.793,52.606,35.74,53.102,38.506,46.509,48.752,51.631,45.311,45.329,47.928,50.121,45.501,47.732,47.969,47.547
12222,千葉県,我孫子市,2026,52.323,48.267,52.01,49.865,45.178,49.082,46.518,49.022,37.905,46.98,46.124,56.873,52.95,47.734,49.291,47.57,48.665,47.709,47.884,56.314,46.578,48.302,44.565,50.3
12224,千葉県,鎌ケ谷市,2026,52.656,50.324,51.146,53.0,43.738,47.255,48.814,45.2,42.6,46.699,46.124,55.144,38.506,46.31,47.43,48.99,46.773,46.883,47.622,51.282,45.302,50.606,47.586,49.066
12225,千葉県,君津市,2026,50.026,47.016,56.277,44.32,57.595,45.116,42.672,48.955,41.379,39.398,46.124,46.422,52.95,54.889,51.04,44.739,49.719,42.307,52.707,50.965,44.617,46.38,52.059,44.509
12226,千葉県,富津市,2026,52.52,39.275,60.577,43.305,62.186,40.128,42.136,44.451,38.262,42.449,35.74,51.548,45.728,53.982,53.355,43.31,53.292,40.48,57.205,39.435,44.394,45.099,51.989,44.862
12227,千葉県,浦安市,2026,52.122,53.38,36.52,56.952,49.991,54.038,59.026,61.343,53.859,45.807,56.509,54.876,38.506,44.26,46.804,44.11,46.055,51.765,51.496,63.434,47.522,54.277,55.468,53.679
12228,千葉県,四街道市,2026,53.108,44.65,55.595,50.064,48.098,49.119,48.347,48.581,43.099,47.747,35.74,55.217,38.506,47.222,48.329,53.319,47.908,44.241,45.22,58.186,44.394,47.748,43.876,47.502
12229,千葉県,袖ケ浦市,2026,61.052,42.68,57.152,42.982,47.216,45.149,42.332,52.145,46.163,48.345,56.509,53.631,60.172,49.61,48.449,46.699,50.102,42.071,57.962,49.69,44.394,45.902,51.906,45.872
12230,千葉県,八街市,2026,44.793,40.849,59.572,44.144,47.556,36.801,42.944,43.487,41.725,34.662,35.74,46.98,38.506,51.405,52.871,50.126,47.41,43.841,33.181,43.118,44.394,44.732,45.755,48.057
12231,千葉県,印西市,2026,49.692,43.163,55.952,43.358,50.887,52.102,43.403,57.195,46.533,48.119,56.509,53.632,45.728,50.059,51.593,49.922,51.025,45.636,50.637,60.577,46.041,52.388,54.148,54.226
12232,千葉県,白井市,2026,52.152,47.691,53.429,46.485,47.453,46.12,45.425,50.086,41.462,50.698,35.74,56.548,38.506,48.233,46.645,48.598,47.936,54.091,45.796,54.639,44.617,49.362,50.597,49.966
12233,千葉県,富里市,2026,54.096,43.462,54.671,43.529,54.315,37.035,42.894,44.958,44.696,36.975,35.74,48.502,45.728,50.542,48.213,50.034,50.313,53.712,32.512,45.276,44.394,44.604,48.87,47.678
12234,千葉県,南房総市,2026,49.911,38.221,63.866,40.776,57.724,38.094,41.836,47.286,38.485,33.563,35.74,47.99,45.728,55.501,51.812,42.47,55.819,38.451,66.359,39.57,45.064,45.759,47.57,43.299
12236,千葉県,香取市,2026,50.253,40.521,61.549,39.855,51.36,38.002,41.827,46.118,43.725,35.957,46.124,51.172,45.728,51.478,56.966,47.935,54.786,42.154,44.426,38.324,48.984,45.376,47.293,43.531
12237,千葉県,山武市,2026,47.808,37.366,63.485,38.351,49.253,39.911,42.117,47.674,33.025,36.309,46.124,42.89,38.506,50.282,50.923,48.483,50.685,38.48,37.569,42.436,44.394,45.397,42.059,51.933
12238,千葉県,いすみ市,2026,51.821,40.759,64.17,42.857,69.605,38.948,41.918,42.45,29.046,38.704,35.74,40.49,45.728,53.472,55.905,41.689,55.054,35.14,51.257,41.919,44.617,45.203,40.806,44.426
12239,千葉県,大網白里市,2026,54.144,39.897,59.441,43.787,45.008,41.711,42.734,42.153,40.835,38.054,46.124,49.813,38.506,48.865,48.146,48.086,51.706,41.979,48.795,46.724,44.394,46.073,43.346,46.799
13101,東京都,千代田区,2026,56.007,74.574,23.17,62.059,80.0,55.919,73.724,59.778,62.355,61.534,66.893,32.426,52.95,40.477,37.464,48.617,55.987,49.676,56.218,57.204,51.907,66.744,67.939,69.833
13102,東京都,中央区,2026,52.869,74.574,22.892,61.654,80.0,58.954,62.099,63.443,51.571,54.823,46.124,39.633,45.728,41.842,40.665,43.301,52.111,57.92,62.883,56.433,56.137,55.533,64.587,72.45
13103,東京都,港区,2026,52.986,74.574,24.27,60.952,80.0,59.583,74.242,70.356,59.609,57.438,56.509,37.116,52.95,39.161,45.438,50.599,56.388,62.521,47.709,56.427,58.146,62.126,63.18,75.575
13104,東京都,新宿区,2026,51.21,74.574,25.192,60.586,77.831,53.401,73.747,59.858,51.151,54.647,46.124,39.801,60.172,38.627,46.625,53.136,47.13,58.034,42.116,50.052,57.309,57.239,54.628,75.256
13105,東京都,文京区,2026,53.738,62.671,25.134,60.549,47.504,61.341,80.0,58.766,59.536,51.704,46.124,56.766,45.728,38.931,44.163,55.229,50.442,49.906,62.811,61.358,59.999,62.27,61.187,65.061
13106,東京都,台東区,2026,51.266,73.117,27.165,60.203,63.135,52.511,77.422,52.705,54.563,52.323,56.509,41.677,52.95,39.611,42.68,46.86,51.116,61.24,55.356,46.01,57.464,63.181,55.59,63.647
13107,東京都,墨田区,2026,53.376,63.563,31.196,59.45,49.982,54.864,73.708,52.02,52.499,54.486,46.124,50.668,38.506,42.092,48.7,47.838,46.819,55.995,54.079,46.426,52.142,54.227,54.252,51.822
13108,東京都,江東区,2026,48.741,55.791,30.855,59.566,48.376,58.715,60.595,58.386,50.674,54.163,56.509,55.46,45.728,44.192,45.84,46.743,46.135,52.645,54.928,48.831,50.775,51.467,55.547,54.646
13109,東京都,品川区,2026,49.146,61.508,25.42,60.051,55.206,59.73,67.88,53.563,61.016,52.193,46.124,54.643,38.506,39.09,45.396,48.127,45.472,51.711,52.496,58.909,51.602,59.026,60.122,58.075
13110,東京都,目黒区,2026,52.234,61.008,27.499,59.227,58.962,58.762,76.618,59.48,50.933,56.527,56.509,56.954,45.728,38.921,46.158,50.989,47.906,55.284,52.175,60.862,53.798,58.555,58.453,62.188
13111,東京都,大田区,2026,47.789,56.01,33.398,58.734,47.112,55.267,57.848,52.376,63.109,54.819,46.124,53.565,45.728,40.107,45.054,43.41,45.137,47.318,55.368,48.644,48.478,49.256,54.555,48.778
13112,東京都,世田谷区,2026,48.944,55.667,32.466,57.296,51.125,52.439,71.21,51.835,59.763,54.475,46.124,57.169,45.728,40.046,49.386,49.471,47.793,60.345,55.548,59.136,53.463,54.784,55.164,56.274
13113,東京都,渋谷区,2026,51.968,74.574,24.157,60.465,80.0,56.131,72.367,66.957,55.722,58.143,46.124,40.001,45.728,38.942,41.035,52.299,51.729,59.388,52.601,61.97,54.132,65.248,62.979,75.778
13114,東京都,中野区,2026,51.977,59.494,28.959,58.79,52.841,54.418,75.955,50.685,55.695,54.022,46.124,53.318,38.506,39.275,47.454,51.15,43.725,54.021,48.264,55.79,56.472,54.513,51.362,54.158
13115,東京都,杉並区,2026,53.012,58.152,31.496,57.835,51.464,56.779,70.109,51.373,56.215,54.268,66.893,58.835,52.95,39.436,47.512,51.449,45.115,58.497,50.073,62.527,53.463,53.193,55.327,53.665
13116,東京都,豊島区,2026,51.8,67.993,27.236,59.578,67.049,54.311,80.0,58.504,43.151,53.823,56.509,44.424,45.728,38.953,49.539,50.462,43.77,63.172,48.105,49.842,55.794,67.678,53.151,58.457
13117,東京都,北区,2026,51.492,57.035,33.212,58.319,47.273,59.234,78.593,57.542,47.969,54.529,46.124,53.959,38.506,41.205,45.505,48.269,43.319,62.629,58.065,49.382,53.118,53.767,47.338,52.458
13118,東京都,荒川区,2026,50.749,58.534,32.857,59.141,46.547,54.489,73.773,48.515,50.749,54.238,46.124,53.334,38.506,40.594,45.754,43.967,44.642,56.494,48.556,47.217,48.92,49.573,48.801,53.298
13119,東京都,板橋区,2026,51.87,55.625,33.354,57.735,46.948,56.187,69.427,50.376,52.202,52.199,66.893,55.424,45.728,40.156,42.7,51.311,43.91,56.284,53.866,47.88,49.272,51.534,47.219,51.308
13120,東京都,練馬区,2026,51.942,53.888,37.199,56.44,46.933,55.651,66.078,52.69,54.61,54.476,46.124,58.293,38.506,39.905,46.713,52.178,44.444,53.983,49.658,52.514,51.821,52.066,50.565,51.595
13121,東京都,足立区,2026,51.328,54.711,38.649,56.82,45.062,54.78,62.047,47.751,56.369,52.637,46.124,50.815,38.506,40.437,46.088,47.807,44.088,53.386,53.23,35.579,46.441,51.754,42.459,53.539
13122,東京都,葛飾区,2026,52.535,55.749,40.149,56.833,46.164,54.971,64.82,54.134,49.562,52.551,35.74,52.417,45.728,42.002,47.898,47.909,45.086,55.801,49.884,41.212,47.392,47.865,45.699,48.916
13123,東京都,江戸川区,2026,49.458,53.277,38.14,57.122,44.347,56.646,62.694,56.55,51.747,52.236,66.893,54.633,45.728,42.902,48.003,47.492,45.453,61.878,50.053,47.037,47.982,47.217,48.091,48.491
13201,東京都,八王子市,2026,51.155,50.266,46.226,53.196,47.703,49.121,53.421,51.227,57.455,53.291,56.509,51.332,60.172,50.565,54.964,50.198,45.542,47.211,47.201,52.456,49.715,56.389,43.287,49.529
13202,東京都,立川市,2026,51.399,53.681,41.517,56.235,50.096,48.517,54.179,55.371,44.09,52.356,46.124,46.303,38.506,41.506,52.371,49.543,43.754,53.746,48.876,51.114,47.658,52.899,46.691,52.121
13203,東京都,武蔵野市,2026,56.623,62.952,33.598,58.466,57.573,55.34,72.113,53.817,52.996,50.704,35.74,48.445,45.728,39.632,54.156,49.992,46.325,59.073,54.896,56.305,56.472,57.179,55.779,54.441
13204,東京都,三鷹市,2026,51.613,52.438,37.363,56.803,43.672,52.637,57.858,54.738,51.171,51.764,56.509,57.074,45.728,41.073,51.125,50.046,45.276,59.154,56.923,59.583,52.464,52.693,50.927,52.365
13205,東京都,青梅市,2026,54.986,47.531,50.589,53.819,48.778,49.466,48.334,53.461,46.86,48.5,35.74,54.415,52.95,55.097,53.058,50.472,46.313,49.276,50.085,43.886,45.997,44.913,41.954,45.098
13206,東京都,府中市,2026,53.361,51.938,39.835,55.619,46.707,56.67,55.195,55.045,51.781,52.651,56.509,58.12,38.506,40.839,53.598,51.131,46.006,43.522,50.728,54.53,49.139,51.21,48.906,53.17
13207,東京都,昭島市,2026,49.267,54.332,45.665,56.09,46.109,51.519,54.835,52.095,44.015,52.275,35.74,43.362,38.506,42.7,52.862,50.567,41.922,51.404,51.335,46.324,46.347,48.25,45.676,45.548
13208,東京都,調布市,2026,54.258,54.437,37.337,55.976,47.271,53.787,60.604,64.077,56.397,54.601,66.893,55.872,38.506,42.337,54.884,51.202,44.017,54.778,51.506,56.894,51.68,51.093,51.446,53.002
13209,東京都,町田市,2026,50.792,51.77,47.634,52.512,46.702,49.839,53.567,53.455,61.835,59.704,66.893,54.754,38.506,44.497,54.453,48.243,46.097,54.281,50.581,57.421,48.02,50.368,45.77,50.482
13210,東京都,小金井市,2026,53.931,52.857,38.911,57.394,45.703,54.637,65.631,50.508,43.47,47.724,35.74,56.82,45.728,40.621,54.941,52.905,46.277,59.882,50.426,61.537,53.92,53.869,51.404,57.609
13211,東京都,小平市,2026,53.867,52.158,43.677,56.379,43.41,52.942,59.854,52.089,47.53,47.937,35.74,54.567,38.506,40.527,53.285,51.766,45.145,51.868,50.947,55.15,52.65,49.646,49.081,50.007
13212,東京都,日野市,2026,54.414,50.004,44.948,55.143,42.597,48.772,51.095,55.3,46.763,49.111,35.74,58.447,45.728,43.718,54.73,49.423,46.407,56.272,51.718,57.168,47.121,51.554,50.985,49.598
13213,東京都,東村山市,2026,51.402,53.538,46.718,54.267,45.202,50.162,60.297,51.19,47.761,50.715,35.74,54.812,45.728,42.08,49.917,49.984,44.399,49.269,54.73,52.33,47.869,48.389,44.36,48.632
13214,東京都,国分寺市,2026,51.999,54.596,41.429,57.491,47.33,50.934,57.35,43.938,44.823,52.829,35.74,57.607,45.728,40.533,56.646,50.362,44.891,56.256,57.396,61.149,53.555,51.786,53.203,50.974
13215,東京都,国立市,2026,54.784,55.248,39.971,55.509,45.072,53.877,66.505,47.173,35.499,51.148,35.74,49.201,38.506,40.39,48.009,51.289,43.536,51.576,56.172,57.38,44.394,53.685,48.508,50.46
13218,東京都,福生市,2026,56.715,53.624,44.573,57.009,48.045,50.502,52.963,61.224,46.872,54.142,35.74,49.948,38.506,42.086,51.069,53.81,41.381,52.803,46.631,46.954,44.394,46.786,43.095,44.232
13219,東京都,狛江市,2026,50.958,52.635,38.511,57.094,43.991,53.373,58.131,49.06,46.443,53.947,35.74,59.34,38.506,42.501,51.283,48.757,42.627,51.544,53.43,53.269,44.394,49.081,50.531,50.144
13220,東京都,東大和市,2026,52.979,52.608,48.498,54.524,44.064,51.497,55.626,53.478,40.145,47.94,35.74,51.918,45.728,43.942,50.869,49.199,43.526,43.778,53.699,54.871,44.394,46.804,44.366,48.592
13221,東京都,清瀬市,2026,59.705,44.367,46.001,54.252,47.511,49.811,58.858,52.793,42.281,44.798,35.74,56.43,45.728,43.896,54.033,53.003,42.983,53.588,57.489,49.724,44.394,49.346,44.272,47.864
13222,東京都,東久留米市,2026,53.132,53.419,46.244,53.738,43.425,53.42,60.985,45.785,41.779,41.553,35.74,56.366,38.506,41.961,50.572,48.984,43.304,45.501,50.544,54.056,48.721,47.823,44.898,49.013
13223,東京都,武蔵村山市,2026,52.36,51.031,51.441,54.488,46.212,50.663,52.847,45.751,42.586,54.775,35.74,46.94,38.506,44.346,51.589,50.964,41.946,43.322,48.459,49.38,44.394,44.34,40.866,46.169
13224,東京都,多摩市,2026,51.764,51.722,41.823,54.536,48.915,53.703,56.258,63.877,46.388,57.491,35.74,54.777,45.728,42.937,55.048,48.603,45.82,57.708,51.241,56.832,49.091,54.801,43.736,52.418
13225,東京都,稲城市,2026,53.593,49.526,42.711,51.736,45.276,53.611,54.339,55.826,44.95,54.075,35.74,59.487,38.506,45.779,52.306,49.453,46.208,45.025,57.197,60.81,44.394,49.78,51.833,51.655
13227,東京都,羽村市,2026,55.728,57.276,47.672,56.886,47.923,52.105,51.544,53.462,39.948,49.766,35.74,52.887,38.506,41.822,50.771,52.379,42.496,47.383,46.995,48.877,44.394,45.555,45.815,43.341
13228,東京都,あきる野市,2026,58.17,49.049,55.272,50.083,47.852,47.945,47.997,57.129,43.706,45.399,35.74,54.62,52.95,57.387,52.807,48.954,48.445,45.522,53.378,50.755,44.394,49.081,45.246,46.462
13229,東京都,西東京市,2026,54.622,49.927,41.92,55.863,45.005,56.247,63.234,56.184,43.398,49.54,35.74,60.163,45.728,41.231,53.112,54.175,43.468,49.376,46.879,54.525,52.809,53.718,46.408,50.258
14100,神奈川県,横浜市,2026,48.875,50.959,41.715,54.488,46.839,51.742,56.354,43.164,68.14,58.887,56.509,56.666,67.393,42.179,52.157,46.579,51.539,56.743,49.588,53.901,56.125,50.392,49.247,63.932
14130,神奈川県,川崎市,2026,48.901,53.098,37.372,56.353,46.854,53.22,55.617,45.364,63.861,56.181,56.509,56.758,45.728,42.117,50.442,44.65,47.83,58.488,53.395,53.642,49.759,50.362,51.546,60.894
14150,神奈川県,相模原市,2026,47.818,49.648,46.012,52.306,47.018,51.182,49.787,49.144,54.93,50.396,66.893,51.862,60.172,47.953,51.74,53.743,47.883,57.033,51.518,47.487,46.092,48.869,44.793,47.92
14201,神奈川県,横須賀市,2026,44.625,47.268,50.767,53.75,50.692,47.87,52.596,47.321,56.114,54.008,46.124,49.02,52.95,45.89,50.105,48.483,48.626,49.26,46.176,50.455,48.552,46.154,46.076,45.89
14203,神奈川県,平塚市,2026,48.962,50.793,49.476,55.331,47.677,49.529,49.009,53.181,50.617,50.86,56.509,49.582,52.95,47.668,48.194,52.088,49.842,46.784,49.858,49.724,44.999,48.195,45.557,46.667
14204,神奈川県,鎌倉市,2026,48.149,50.949,49.081,53.909,49.889,44.635,59.202,50.267,52.711,52.46,56.509,52.957,52.95,45.399,54.106,50.49,54.781,51.153,54.38,62.577,61.186,54.407,50.911,56.543
14205,神奈川県,藤沢市,2026,49.325,52.661,44.489,54.025,47.457,49.628,53.689,52.926,54.298,56.364,46.124,52.895,45.728,44.549,50.949,52.009,48.685,47.482,45.368,62.254,49.292,50.781,49.631,54.305
14206,神奈川県,小田原市,2026,45.44,48.66,52.282,52.774,49.887,45.257,47.225,53.755,48.139,48.447,46.124,48.452,60.172,55.337,51.827,51.818,55.803,47.689,49.642,48.483,48.098,46.084,47.306,46.846
14207,神奈川県,茅ヶ崎市,2026,48.299,51.463,48.958,53.573,46.3,52.152,52.955,46.291,45.644,48.405,56.509,58.365,45.728,45.842,48.884,48.886,49.998,53.621,49.922,61.736,46.511,52.32,46.725,52.23
14208,神奈川県,逗子市,2026,42.549,47.756,51.05,51.16,45.314,45.63,54.698,58.073,36.704,55.208,66.893,46.396,52.95,47.772,53.333,45.465,49.254,51.173,52.476,56.05,44.617,52.696,47.648,49.932
14210,神奈川県,三浦市,2026,41.213,45.653,52.637,51.081,73.026,35.382,44.989,44.757,35.432,53.621,46.124,40.322,38.506,48.359,52.169,40.096,52.802,52.198,49.04,45.217,48.63,45.006,41.912,44.432
14211,神奈川県,秦野市,2026,51.435,47.426,51.462,53.005,47.41,46.628,45.779,47.282,44.112,46.706,46.124,55.138,60.172,57.868,50.733,51.109,47.176,47.462,45.049,50.839,48.314,48.326,41.637,47.023
14212,神奈川県,厚木市,2026,50.98,48.548,47.768,52.51,49.205,47.857,47.128,50.998,52.749,53.592,46.124,48.106,45.728,51.363,45.639,59.004,47.255,53.395,44.907,45.672,44.604,47.48,45.859,49.232
14213,神奈川県,大和市,2026,51.24,54.97,44.091,53.179,49.16,54.131,55.316,48.963,40.701,52.416,46.124,47.746,45.728,42.634,47.693,52.014,47.152,44.873,49.689,48.935,46.154,47.044,46.07,46.989
14214,神奈川県,伊勢原市,2026,44.023,47.521,49.137,50.869,46.325,42.959,45.638,47.222,44.296,45.328,46.124,51.762,60.172,54.864,45.412,50.788,50.659,46.486,48.419,57.124,48.443,54.785,49.232,46.863
14215,神奈川県,海老名市,2026,48.363,50.223,46.377,51.05,50.045,46.983,49.199,51.496,45.675,46.8,46.124,52.496,38.506,45.455,50.415,52.097,48.553,53.591,58.952,59.361,45.503,48.76,52.484,49.895
14216,神奈川県,座間市,2026,46.255,50.236,46.624,54.174,44.616,45.144,52.997,52.39,43.024,49.589,46.124,51.264,38.506,43.275,49.894,50.541,45.073,45.295,49.663,51.454,45.789,47.653,42.53,48.876
14217,神奈川県,南足柄市,2026,50.149,41.607,57.519,53.713,43.529,43.528,44.237,53.56,39.958,51.168,46.124,56.057,45.728,59.773,52.047,50.006,53.862,54.373,49.057,49.991,44.394,54.69,41.338,46.199
14218,神奈川県,綾瀬市,2026,49.391,47.041,52.373,52.196,43.709,44.768,48.903,48.798,45.662,51.683,46.124,54.006,38.506,46.039,47.85,52.711,48.39,56.435,47.417,50.865,44.394,45.022,43.597,46.134
14321,神奈川県,寒川町,2026,47.975,43.465,52.344,52.72,47.432,44.885,47.576,52.906,46.363,49.709,35.74,51.841,38.506,47.226,47.598,53.247,48.762,43.067,44.279,50.672,44.394,45.586,43.827,46.925
14401,神奈川県,愛川町,2026,46.343,44.604,54.562,51.0,48.91,45.007,45.704,53.404,35.298,53.084,35.74,55.336,38.506,53.786,46.846,51.584,48.88,45.903,43.688,44.837,44.394,49.157,40.943,48.034
15100,新潟県,新潟市,2026,48.81,45.953,56.197,46.33,47.525,51.596,43.596,45.949,61.671,54.55,56.509,53.761,60.172,47.535,55.906,53.033,53.851,52.028,46.266,48.518,61.886,46.726,49.454,46.996
15202,新潟県,長岡市,2026,55.767,42.914,59.5,44.837,49.007,47.965,42.677,48.879,53.601,53.519,56.509,57.72,60.172,57.858,52.089,49.386,53.133,44.943,51.177,49.966,50.85,46.827,53.56,49.613
15204,新潟県,三条市,2026,53.612,44.906,62.744,43.723,49.858,45.898,42.522,45.454,41.101,41.303,46.124,56.483,52.95,59.476,42.043,54.466,57.551,47.795,56.327,55.245,48.761,45.92,54.569,44.388
15205,新潟県,柏崎市,2026,51.721,42.558,61.553,38.765,45.0,49.221,42.961,48.242,43.987,41.048,46.124,54.352,52.95,57.628,51.077,52.035,55.995,40.104,58.207,45.348,53.311,48.452,52.473,42.149
15206,新潟県,新発田市,2026,54.742,43.239,61.904,42.707,55.145,45.077,41.872,47.453,41.316,47.041,46.124,56.929,45.728,57.703,49.855,50.652,52.887,46.993,52.106,51.427,49.076,46.351,53.047,42.793
15208,新潟県,小千谷市,2026,51.086,41.383,63.594,40.457,49.186,46.859,42.282,49.131,42.493,39.043,35.74,60.2,38.506,57.228,43.947,52.289,58.031,38.024,63.409,53.102,44.617,47.513,54.596,42.05
15209,新潟県,加茂市,2026,52.0,44.312,66.535,47.628,58.015,47.361,44.603,44.389,45.379,49.401,35.74,55.366,38.506,60.927,45.287,45.568,55.376,39.457,57.558,46.647,44.394,47.3,47.645,43.203
15210,新潟県,十日町市,2026,53.284,41.868,66.107,43.119,50.704,43.726,42.225,45.943,38.027,44.411,35.74,61.621,60.172,61.323,47.603,51.27,57.133,41.113,60.948,53.209,62.044,44.075,55.142,42.83
15211,新潟県,見附市,2026,57.002,43.643,64.74,47.035,49.86,45.37,43.119,45.586,43.303,51.687,35.74,63.744,38.506,53.944,45.978,48.854,57.521,46.749,53.269,54.52,44.394,46.419,48.676,41.802
15212,新潟県,村上市,2026,51.443,40.359,66.221,37.827,50.441,40.985,41.529,46.028,45.19,45.11,46.124,52.811,45.728,61.708,46.911,50.46,57.33,45.469,59.367,35.289,53.442,47.205,52.775,40.676
15213,新潟県,燕市,2026,52.949,43.966,63.443,44.833,48.531,47.795,42.583,45.835,44.708,42.756,35.74,58.056,45.728,50.323,49.471,49.527,54.761,47.272,54.155,50.096,48.63,51.353,56.401,41.74
15216,新潟県,糸魚川市,2026,51.199,41.944,64.756,41.233,47.188,45.013,41.974,47.348,44.899,45.481,46.124,52.266,67.393,62.777,52.971,50.416,55.428,43.802,66.577,51.033,49.299,47.198,57.44,42.595
15217,新潟県,妙高市,2026,58.392,40.655,66.479,39.855,54.593,41.297,41.427,51.304,34.342,40.36,35.74,52.622,52.95,60.476,56.183,52.591,59.573,46.222,57.073,50.908,48.63,51.467,48.925,43.224
15218,新潟県,五泉市,2026,52.585,39.053,66.802,46.399,43.22,41.907,41.545,47.185,38.349,38.013,35.74,60.016,38.506,61.097,43.274,54.885,57.557,47.895,56.83,49.73,44.394,44.182,52.411,40.16
15222,新潟県,上越市,2026,50.121,41.609,60.989,40.84,47.413,44.746,42.494,46.613,43.635,42.257,46.124,56.173,52.95,57.521,50.211,49.417,57.835,49.686,58.724,48.582,47.721,46.339,57.405,43.918
15223,新潟県,阿賀野市,2026,48.044,37.847,66.404,37.877,44.283,43.441,41.548,43.667,42.437,44.05,35.74,60.147,38.506,54.68,50.959,51.029,55.317,41.178,55.205,49.339,44.394,44.251,49.569,41.714
15224,新潟県,佐渡市,2026,58.58,41.569,67.159,37.402,50.836,40.855,42.189,43.629,41.911,38.196,46.124,47.612,67.393,59.324,56.404,46.24,53.646,42.253,61.431,45.592,59.017,44.098,55.093,41.538
15225,新潟県,魚沼市,2026,54.758,43.061,66.163,37.754,46.462,45.742,41.539,46.065,37.505,42.926,46.124,61.325,67.393,63.802,43.52,48.713,59.04,41.887,62.128,45.654,49.207,45.894,55.516,40.721
15226,新潟県,南魚沼市,2026,56.254,40.394,64.181,39.112,46.734,43.781,41.785,44.282,43.007,44.689,46.124,60.004,67.393,62.983,50.155,49.386,57.781,40.397,59.644,47.96,48.63,50.871,55.888,45.572
15342,新潟県,弥彦村,2026,59.131,41.251,54.602,35.847,63.992,39.881,41.717,45.618,34.121,45.897,35.74,61.718,45.728,54.54,41.948,45.356,53.903,35.446,68.351,53.201,44.617,43.747,53.965,40.336
15385,新潟県,阿賀町,2026,42.202,37.29,55.141,25.79,60.849,39.516,40.933,35.007,37.796,35.642,35.74,64.602,52.95,62.719,51.593,47.948,56.853,44.314,56.082,46.418,45.064,45.485,48.283,39.036
16201,富山県,富山市,2026,48.526,45.496,57.636,44.523,50.194,48.965,43.023,44.671,56.534,56.31,56.509,51.777,52.95,60.615,54.87,52.867,54.996,45.095,53.958,47.458,48.966,49.197,56.835,46.823
16202,富山県,高岡市,2026,54.12,48.547,62.417,44.963,51.452,47.249,43.867,44.427,52.974,50.206,46.124,50.106,52.95,54.066,47.545,49.709,56.234,56.249,60.988,46.239,55.315,55.482,56.627,48.904
16205,富山県,氷見市,2026,52.678,39.523,67.406,39.229,45.095,47.544,41.978,46.269,45.807,42.935,46.124,57.055,52.95,57.878,53.53,43.102,58.788,40.956,57.371,46.497,44.394,48.165,51.862,41.887
16207,富山県,黒部市,2026,48.651,40.255,64.85,43.953,47.479,49.22,41.064,51.187,43.34,44.538,35.74,56.873,60.172,62.69,48.407,48.094,55.025,49.156,60.731,36.842,48.63,57.41,56.618,44.177
16208,富山県,砺波市,2026,53.44,40.059,63.161,38.455,55.502,47.574,42.109,49.265,42.911,46.702,56.509,55.537,38.506,55.875,47.484,50.854,58.754,54.148,62.47,56.895,44.394,53.169,59.934,45.031
16210,富山県,南砺市,2026,56.82,39.412,67.326,41.425,51.864,44.781,41.72,59.081,49.632,38.665,35.74,59.713,67.393,63.851,57.11,47.437,64.725,46.073,66.624,52.448,58.347,51.412,58.729,45.397
16211,富山県,射水市,2026,51.637,40.474,63.933,42.078,48.118,47.286,43.092,50.088,53.472,53.079,35.74,55.368,45.728,49.869,50.776,50.564,58.907,51.171,65.506,45.202,44.394,49.247,54.775,45.467
16323,富山県,立山町,2026,44.565,36.339,67.943,40.565,46.571,42.882,41.023,54.265,41.93,34.915,35.74,59.174,52.95,60.741,50.459,52.098,56.562,39.494,62.86,53.401,49.299,53.975,52.665,45.983
16343,富山県,朝日町,2026,44.989,40.688,54.754,31.507,53.077,42.009,40.927,55.705,46.097,38.161,35.74,66.171,52.95,63.053,47.749,50.674,53.845,45.521,59.734,32.835,44.394,48.392,50.356,41.343
17201,石川県,金沢市,2026,49.711,52.212,52.884,51.015,51.868,52.995,46.506,55.305,49.738,53.188,66.893,50.152,67.393,59.674,52.214,50.231,51.496,49.889,46.926,51.897,60.274,52.74,55.25,55.128
17202,石川県,七尾市,2026,45.351,44.844,63.529,41.726,57.077,41.388,42.355,47.723,35.949,41.7,56.509,52.794,45.728,57.454,60.976,47.876,58.838,48.383,55.589,47.68,49.207,47.265,55.401,42.467
17203,石川県,小松市,2026,53.961,43.549,62.364,42.144,52.654,51.221,44.073,48.037,38.27,47.707,46.124,55.851,45.728,60.646,52.301,54.936,54.513,48.515,59.893,54.109,55.363,46.68,56.787,46.632
17205,石川県,珠洲市,2026,51.147,39.389,68.083,39.783,46.176,41.449,42.132,43.269,36.856,37.351,35.74,52.508,52.95,60.092,61.517,41.689,58.02,43.863,57.363,52.957,49.207,47.383,55.451,44.699
17206,石川県,加賀市,2026,53.276,43.182,63.938,41.037,54.85,45.695,43.487,45.793,56.32,48.936,56.509,46.776,60.172,62.683,56.192,52.039,54.317,48.884,56.64,43.428,53.666,55.033,50.885,43.969
17210,石川県,白山市,2026,49.115,43.484,62.861,40.822,51.789,52.596,42.252,49.07,39.834,38.792,46.124,55.774,67.393,62.985,51.866,50.106,55.603,55.059,58.783,59.314,48.678,47.162,53.453,47.26
17211,石川県,能美市,2026,53.686,38.642,62.651,42.381,46.781,52.158,42.946,62.195,46.26,52.229,35.74,63.568,38.506,55.751,47.446,50.241,52.87,49.523,67.237,58.218,44.394,45.878,54.166,48.012
17212,石川県,野々市市,2026,50.881,54.899,48.431,51.896,57.757,61.473,46.442,51.142,41.099,46.717,35.74,47.65,38.506,46.433,47.288,51.755,44.707,53.576,58.134,61.881,44.617,49.55,55.243,49.389
17361,石川県,津幡町,2026,50.951,41.329,63.438,41.778,46.631,45.628,42.618,45.77,40.748,40.998,35.74,59.669,45.728,58.493,52.811,49.324,56.03,46.462,60.56,56.371,44.394,51.34,52.777,45.953
18201,福井県,福井市,2026,52.402,48.718,58.546,45.994,53.866,51.004,45.061,48.343,50.127,47.463,56.509,51.802,60.172,61.794,47.649,52.863,58.384,49.049,49.642,56.128,55.27,59.947,58.015,47.897
18202,福井県,敦賀市,2026,54.796,48.653,57.269,43.962,50.395,47.637,44.725,50.246,42.874,46.168,46.124,51.522,52.95,61.699,51.299,44.526,54.236,50.393,62.668,53.268,58.032,52.14,57.28,42.601
18207,福井県,鯖江市,2026,50.856,43.185,63.284,44.873,51.779,51.217,43.344,48.726,57.991,49.52,46.124,60.883,38.506,58.802,51.011,52.143,57.831,51.998,59.954,51.449,44.84,49.407,56.936,45.391
18209,福井県,越前市,2026,51.808,44.189,63.352,42.572,47.305,48.684,43.706,43.309,49.535,49.105,56.509,56.817,52.95,62.451,47.591,52.538,60.561,59.007,64.442,52.202,53.534,54.384,56.758,44.285
18210,福井県,坂井市,2026,44.763,40.404,64.657,43.221,47.394,50.001,42.462,53.248,45.818,41.858,46.124,58.149,45.728,59.283,51.018,53.245,62.124,50.265,57.818,61.193,53.889,48.197,55.155,47.187
19201,山梨県,甲府市,2026,52.798,51.783,53.112,48.208,50.308,50.142,49.184,48.167,56.276,47.336,46.124,39.855,52.95,56.923,51.385,53.021,50.81,45.542,49.379,46.62,56.865,56.132,51.074,48.154
19202,山梨県,富士吉田市,2026,48.318,53.233,59.021,48.816,53.592,46.12,50.9,61.168,39.115,45.87,46.124,50.306,60.172,58.985,52.862,48.275,54.57,43.054,57.039,49.634,49.968,49.649,53.376,47.074
19208,山梨県,南アルプス市,2026,56.671,41.255,60.311,41.861,48.963,49.378,44.174,50.271,40.736,42.435,46.124,49.761,60.172,58.896,51.343,53.947,53.134,48.092,59.912,52.967,49.207,45.17,52.461,46.303
19209,山梨県,北杜市,2026,56.816,40.677,62.7,35.447,61.952,42.114,42.248,58.096,46.033,37.559,46.124,45.757,74.615,60.786,55.381,52.639,53.172,42.397,70.729,56.035,49.207,52.639,49.832,49.657
19210,山梨県,甲斐市,2026,58.697,47.86,55.801,43.873,50.795,54.633,45.303,50.896,40.84,39.352,46.124,48.905,52.95,55.592,53.825,53.21,49.793,46.984,47.673,54.891,53.219,46.103,48.357,46.964
19211,山梨県,笛吹市,2026,49.498,42.64,57.825,38.524,55.188,45.87,42.806,45.657,37.939,37.65,46.124,40.253,45.728,58.717,50.845,49.566,56.528,52.527,60.526,48.283,58.032,46.661,51.981,45.667
20201,長野県,長野市,2026,53.49,47.929,55.41,48.411,49.022,49.137,44.145,48.894,63.093,46.428,66.893,48.418,74.615,56.449,56.349,49.987,56.644,40.628,49.519,61.87,46.815,47.811,54.964,51.216
20202,長野県,松本市,2026,55.858,47.384,53.845,46.985,49.677,48.085,43.718,60.361,55.712,46.426,46.124,45.224,74.615,62.398,56.185,49.965,53.47,56.742,51.121,61.382,53.328,56.858,54.333,50.281
20203,長野県,上田市,2026,52.154,44.255,57.757,45.726,51.839,45.894,43.371,48.531,51.364,43.768,46.124,47.557,67.393,57.113,52.235,54.448,52.103,47.729,56.521,53.756,48.705,48.287,52.833,49.966
20204,長野県,岡谷市,2026,52.054,46.252,58.813,46.498,55.021,50.214,47.448,47.29,42.16,55.401,35.74,46.081,45.728,57.942,52.214,49.259,50.244,51.573,51.759,64.139,48.984,55.027,51.389,44.227
20205,長野県,飯田市,2026,55.965,48.714,60.676,46.875,55.152,48.67,43.565,49.84,46.84,36.102,56.509,51.845,60.172,66.89,53.537,50.206,60.042,39.833,59.709,60.412,49.522,47.072,59.115,44.385
20206,長野県,諏訪市,2026,52.637,49.59,53.958,46.071,55.283,49.526,45.862,48.998,45.951,42.489,46.124,37.88,52.95,56.933,57.392,49.775,52.508,51.072,55.213,61.665,49.207,48.499,53.263,45.538
20207,長野県,須坂市,2026,57.984,43.414,60.49,46.052,44.176,44.835,44.42,46.534,38.7,38.609,46.124,53.527,52.95,55.847,50.253,51.284,53.369,46.386,49.266,63.795,48.63,50.713,52.516,44.765
20208,長野県,小諸市,2026,52.754,43.219,60.287,39.967,47.857,45.549,42.153,51.276,40.628,41.142,46.124,45.809,45.728,53.189,56.649,45.265,55.142,40.713,54.433,62.262,45.064,45.449,47.201,45.734
20209,長野県,伊那市,2026,51.096,42.678,61.569,42.499,59.012,41.538,42.342,51.337,51.55,35.343,46.124,50.914,60.172,63.373,57.337,49.958,59.567,44.443,62.991,65.315,44.84,50.713,57.053,45.934
20211,長野県,中野市,2026,52.231,44.359,62.56,43.562,45.404,46.969,42.622,47.579,43.228,38.822,35.74,54.227,38.506,53.274,43.578,49.869,58.569,40.318,57.021,57.936,44.394,46.74,53.456,44.079
20214,長野県,茅野市,2026,48.032,38.761,58.34,40.974,51.739,48.969,42.657,46.836,52.727,39.884,46.124,42.74,67.393,55.558,47.937,47.615,54.321,49.029,59.563,62.454,48.761,48.977,56.645,45.779
20215,長野県,塩尻市,2026,50.173,42.754,56.382,41.8,46.705,44.892,42.946,47.65,54.019,41.688,35.74,53.111,60.172,62.765,52.385,50.232,54.898,47.681,45.397,63.1,50.323,49.216,52.311,46.173
20217,長野県,佐久市,2026,53.403,42.352,59.429,41.781,49.694,47.427,42.36,52.239,45.624,42.189,56.509,46.834,52.95,55.575,59.716,54.258,55.86,44.002,66.928,64.244,45.956,52.964,54.448,44.529
20218,長野県,千曲市,2026,55.101,44.253,62.736,41.009,50.618,47.804,43.84,45.499,36.786,41.428,46.124,47.23,52.95,55.274,48.247,45.624,51.058,47.978,57.061,61.269,57.678,50.335,51.252,45.605
20220,長野県,安曇野市,2026,51.708,40.303,61.546,40.217,49.284,42.313,42.184,50.155,43.475,43.29,46.124,49.626,60.172,59.494,46.542,48.69,54.055,46.573,63.472,56.804,44.84,47.313,53.739,47.162
21201,岐阜県,岐阜市,2026,46.71,50.76,55.367,49.858,49.681,49.017,47.414,48.642,57.194,49.221,56.509,42.591,52.95,52.168,52.696,49.236,50.765,49.853,44.385,48.156,48.69,56.832,53.305,49.702
21202,岐阜県,大垣市,2026,45.65,48.288,57.321,45.656,49.751,49.571,44.863,49.624,43.916,46.587,56.509,47.373,45.728,56.632,50.664,51.188,54.55,53.248,43.622,50.756,51.804,51.622,49.53,45.931
21203,岐阜県,高山市,2026,56.144,45.621,62.827,40.247,57.054,51.1,41.867,58.15,44.29,39.175,56.509,51.075,67.393,64.031,60.218,51.814,54.031,49.879,64.658,55.196,56.343,52.323,60.517,45.778
21204,岐阜県,多治見市,2026,50.096,42.503,58.904,45.909,48.677,46.742,46.41,51.876,40.862,46.904,46.124,52.767,45.728,53.302,54.706,48.712,53.349,44.547,56.866,56.495,48.318,53.777,53.395,46.193
21205,岐阜県,関市,2026,53.056,44.296,61.093,43.202,51.272,48.735,43.792,53.389,44.558,46.875,46.124,49.314,45.728,67.072,49.358,48.798,54.451,52.842,53.452,56.142,50.638,48.592,54.899,45.74
21206,岐阜県,中津川市,2026,51.275,43.511,62.653,39.356,47.461,44.039,42.979,47.914,43.645,36.297,66.893,53.279,67.393,66.125,53.878,52.034,52.635,52.143,62.472,59.894,48.761,45.123,56.166,44.679
21207,岐阜県,美濃市,2026,46.544,40.424,64.23,40.76,53.971,44.845,43.763,45.869,42.546,34.159,46.124,53.019,45.728,66.119,44.524,50.77,61.209,39.684,59.965,52.295,45.51,47.887,55.196,45.375
21208,岐阜県,瑞浪市,2026,53.475,44.5,60.924,38.185,55.386,46.103,43.435,50.185,42.092,36.466,46.124,51.307,60.172,58.757,53.302,49.486,51.71,47.556,61.947,59.706,48.63,54.006,51.588,43.644
21209,岐阜県,羽島市,2026,45.931,42.893,59.655,43.581,48.3,47.429,42.943,45.044,45.128,39.745,46.124,52.559,38.506,48.473,53.478,51.733,54.111,45.183,47.318,43.256,44.394,45.191,52.28,46.485
21210,岐阜県,恵那市,2026,52.666,40.789,64.442,37.498,54.405,42.845,42.785,49.786,48.07,37.122,56.509,54.464,74.615,63.95,62.019,51.503,54.441,43.296,67.272,53.177,44.617,45.634,54.528,44.065
21211,岐阜県,美濃加茂市,2026,50.709,43.262,57.905,44.816,52.188,52.266,43.972,48.916,40.157,48.923,46.124,50.205,45.728,56.531,58.053,53.966,52.928,50.951,52.177,55.783,44.617,50.923,50.354,49.139
21212,岐阜県,土岐市,2026,47.524,41.781,61.139,38.859,48.258,44.441,45.111,44.401,40.752,44.717,46.124,51.096,38.506,54.744,50.837,45.093,50.4,40.288,59.269,48.026,44.394,46.303,52.235,43.628
21213,岐阜県,各務原市,2026,47.654,47.435,57.471,48.384,50.35,50.813,44.541,52.211,48.499,51.429,66.893,50.718,52.95,48.93,54.691,53.928,52.874,47.604,51.824,56.422,48.25,47.776,55.373,46.769
21214,岐阜県,可児市,2026,47.21,43.116,57.462,45.772,51.552,48.896,44.532,47.956,40.791,46.111,46.124,58.858,60.172,52.01,51.943,51.374,51.045,50.755,48.416,60.423,56.84,46.806,49.755,47.202
21216,岐阜県,瑞穂市,2026,48.459,41.839,55.527,45.32,44.359,52.872,43.839,52.055,36.108,35.139,35.74,49.022,38.506,50.552,46.942,49.363,49.752,44.779,49.945,55.432,44.394,46.64,53.794,48.47
21218,岐阜県,本巣市,2026,44.324,42.481,64.536,42.467,52.328,41.544,42.762,49.342,42.817,31.741,46.124,45.552,45.728,64.928,50.884,50.473,53.358,44.813,62.358,54.01,44.394,45.265,55.845,45.871
21219,岐阜県,郡上市,2026,49.985,44.024,67.466,39.141,62.14,44.797,43.206,51.023,44.312,36.771,46.124,49.133,67.393,67.334,57.005,47.595,56.564,50.477,68.796,46.738,52.865,50.734,60.085,46.141
21220,岐阜県,下呂市,2026,49.091,43.489,65.656,40.609,58.476,39.652,42.42,49.401,38.913,33.537,46.124,51.636,60.172,67.409,52.487,46.652,54.419,41.872,68.467,50.244,45.064,44.129,60.365,42.293
21341,岐阜県,養老町,2026,43.938,36.73,67.661,36.918,46.931,41.449,42.331,45.569,39.089,44.299,35.74,53.887,45.728,54.834,47.665,48.524,56.769,54.407,44.254,45.971,44.394,46.341,43.2,43.992
22100,静岡県,静岡市,2026,50.908,49.927,51.503,50.529,48.555,49.196,45.851,52.54,55.925,54.594,56.509,42.484,67.393,63.439,53.265,49.436,53.212,42.342,49.211,52.395,52.757,51.041,52.326,49.248
22130,静岡県,浜松市,2026,49.39,46.77,53.911,48.337,48.709,53.014,44.491,50.024,60.186,45.258,46.124,41.425,60.172,51.279,58.158,49.696,51.886,50.911,51.924,58.566,54.804,48.402,52.188,58.148
22203,静岡県,沼津市,2026,54.458,48.271,52.284,50.188,50.636,46.476,46.907,50.227,54.604,50.533,46.124,39.223,60.172,60.362,52.953,48.022,50.343,42.759,43.494,49.25,47.896,45.792,49.447,47.158
22205,静岡県,熱海市,2026,43.458,49.869,48.839,51.55,73.487,37.548,45.62,59.067,43.306,46.304,46.124,36.845,52.95,60.319,54.075,45.853,51.24,46.008,47.062,40.201,44.617,46.49,42.275,44.83
22206,静岡県,三島市,2026,53.043,50.53,52.202,50.5,50.771,47.85,47.868,54.915,51.6,50.876,56.509,45.538,67.393,55.141,49.427,50.311,51.693,47.508,42.41,52.78,51.274,48.866,46.078,46.013
22207,静岡県,富士宮市,2026,53.722,45.221,58.117,45.749,46.493,44.347,43.598,53.547,43.264,40.084,66.893,46.663,74.615,62.792,53.355,50.95,53.263,45.807,50.373,48.631,50.867,50.029,52.914,44.765
22208,静岡県,伊東市,2026,55.599,49.572,56.949,48.222,72.393,41.237,42.95,52.603,44.337,36.561,46.124,38.751,52.95,59.054,53.243,46.098,48.012,41.812,47.797,46.725,44.394,44.846,44.478,43.55
22209,静岡県,島田市,2026,53.97,44.73,58.678,40.813,47.849,43.96,43.347,50.841,50.591,43.732,56.509,48.456,45.728,67.249,52.476,51.611,55.068,44.3,61.863,60.177,44.617,46.779,54.579,46.379
22210,静岡県,富士市,2026,52.291,46.976,56.257,47.557,49.7,48.15,44.653,49.731,51.615,50.43,46.124,44.13,74.615,58.504,53.346,53.958,51.568,55.469,44.177,51.005,47.701,47.316,50.967,45.875
22211,静岡県,磐田市,2026,51.029,41.296,57.533,43.966,45.54,48.224,43.475,51.776,49.134,41.445,46.124,42.868,38.506,54.05,52.348,48.613,53.705,51.108,58.494,58.495,44.217,45.702,54.074,44.945
22212,静岡県,焼津市,2026,49.122,45.391,57.612,46.426,48.71,44.207,44.699,48.779,55.144,46.921,46.124,42.621,38.506,51.2,51.516,46.436,53.284,54.077,49.013,55.278,44.129,46.104,52.711,44.817
22213,静岡県,掛川市,2026,49.145,43.205,57.629,41.258,47.064,47.164,42.819,52.902,49.134,45.094,56.509,44.099,52.95,59.985,53.141,48.433,54.124,53.478,59.917,56.132,44.359,47.649,53.682,44.195
22214,静岡県,藤枝市,2026,54.866,47.485,57.696,43.213,46.233,47.351,44.235,51.526,54.596,48.95,46.124,49.18,52.95,63.5,54.205,48.974,55.201,47.939,54.263,56.108,47.52,47.892,54.368,47.06
22215,静岡県,御殿場市,2026,59.097,44.575,54.556,43.954,61.009,47.46,42.988,51.197,43.187,42.966,56.509,40.622,67.393,56.657,49.498,49.67,51.479,47.944,51.369,57.525,48.63,48.652,56.507,46.033
22216,静岡県,袋井市,2026,54.213,41.74,55.76,44.052,50.175,49.164,42.583,56.29,48.544,50.679,56.509,38.137,45.728,53.759,50.892,50.465,53.342,50.145,57.358,58.394,45.51,47.385,54.37,44.396
22220,静岡県,裾野市,2026,51.194,41.752,57.922,42.819,48.074,46.689,44.553,55.659,51.226,33.443,46.124,43.893,52.95,61.533,49.25,48.535,53.854,45.524,50.246,55.455,48.853,46.356,53.277,46.727
22221,静岡県,湖西市,2026,50.215,43.26,57.887,44.363,48.791,40.731,43.355,50.143,51.347,44.975,46.124,46.667,45.728,53.617,57.182,48.485,53.534,54.857,51.914,62.582,44.617,49.382,50.592,45.521
22223,静岡県,御前崎市,2026,47.14,40.91,60.417,45.038,57.054,42.885,42.172,65.502,52.479,39.066,35.74,46.566,38.506,56.107,58.187,49.593,56.427,48.696,55.855,55.597,44.617,50.583,55.682,43.609
22224,静岡県,菊川市,2026,56.007,41.966,57.205,42.146,48.176,44.748,42.878,50.636,45.053,38.399,35.74,46.768,45.728,56.168,53.07,46.845,55.131,56.855,62.771,55.14,44.84,46.144,57.286,43.772
22225,静岡県,伊豆の国市,2026,52.63,45.429,55.407,46.113,52.86,41.279,43.259,47.454,37.276,44.205,46.124,38.845,52.95,58.001,54.75,51.441,55.167,46.549,54.439,51.621,44.617,45.788,50.321,45.462
22226,静岡県,牧之原市,2026,50.471,40.601,60.693,38.376,49.28,42.659,42.315,49.216,48.936,38.028,35.74,45.326,38.506,56.543,56.334,43.994,53.495,55.197,59.126,57.921,44.617,46.801,53.671,42.989
22325,静岡県,函南町,2026,51.941,46.222,56.299,46.519,47.482,45.725,43.268,54.384,37.859,38.014,46.124,35.526,60.172,58.59,47.598,48.809,51.05,41.221,41.454,49.864,48.761,51.082,45.964,43.616
22342,静岡県,長泉町,2026,57.714,48.256,49.35,50.582,48.641,53.643,44.482,63.562,43.907,42.406,46.124,42.704,45.728,56.657,46.912,48.666,50.751,41.124,66.313,55.661,48.63,50.295,53.716,47.764
23100,愛知県,名古屋市,2026,49.78,55.989,44.12,54.746,51.639,51.848,55.224,47.003,68.2,58.072,77.277,45.222,52.95,42.594,52.621,52.581,49.919,54.952,45.541,46.884,54.494,51.685,50.797,65.662
23201,愛知県,豊橋市,2026,50.261,48.32,54.376,47.834,48.569,50.328,44.496,48.55,55.95,51.315,66.893,50.2,60.172,50.035,55.699,51.445,51.509,53.505,45.043,53.757,47.745,48.693,54.374,46.874
23202,愛知県,岡崎市,2026,51.525,47.916,53.223,46.645,48.031,47.427,45.786,51.23,56.81,50.996,56.509,56.925,52.95,56.02,49.95,52.073,53.223,50.861,57.424,60.242,46.357,47.148,56.117,47.572
23203,愛知県,一宮市,2026,53.129,47.161,55.253,46.388,47.616,49.064,47.276,50.702,51.983,49.776,46.124,50.311,38.506,46.302,50.18,54.927,52.458,53.516,46.683,52.977,45.062,46.645,52.447,47.498
23204,愛知県,瀬戸市,2026,50.147,45.813,55.974,48.86,46.051,45.359,47.242,50.52,47.537,45.792,56.509,51.466,52.95,52.177,51.099,48.236,50.727,49.475,53.05,57.236,48.351,46.813,49.985,44.903
23205,愛知県,半田市,2026,56.06,50.684,54.216,48.246,49.841,52.244,46.245,53.691,41.793,49.298,66.893,47.925,52.95,45.451,50.487,50.361,49.809,56.897,46.131,51.132,44.755,48.489,51.993,45.465
23206,愛知県,春日井市,2026,51.346,48.096,52.048,47.739,46.031,52.186,48.928,46.681,50.319,54.807,46.124,48.82,52.95,47.851,47.666,52.675,47.518,48.851,44.019,53.96,45.184,48.968,52.172,46.864
23207,愛知県,豊川市,2026,53.227,46.384,56.365,44.914,46.316,50.347,44.647,53.596,52.054,44.908,35.74,49.472,52.95,52.159,50.81,51.469,52.367,48.755,49.672,59.094,48.081,46.214,56.649,46.552
23208,愛知県,津島市,2026,56.192,43.408,57.758,47.864,49.175,45.022,46.894,48.532,46.005,39.402,35.74,48.35,38.506,47.236,51.528,50.696,51.406,53.072,45.16,49.752,45.064,47.36,47.839,47.455
23209,愛知県,碧南市,2026,52.657,45.518,57.405,48.594,43.952,49.351,44.582,54.131,35.409,49.51,46.124,53.534,38.506,46.469,46.918,44.466,51.219,48.17,57.463,54.655,44.394,49.025,53.571,46.385
23210,愛知県,刈谷市,2026,53.336,45.764,49.562,48.846,51.667,51.756,45.973,54.767,47.112,55.341,35.74,56.214,45.728,47.634,48.326,49.757,49.808,45.033,61.205,58.705,44.429,47.212,58.551,47.096
23211,愛知県,豊田市,2026,48.464,42.998,52.971,44.713,48.875,49.779,44.498,53.652,62.484,49.369,56.509,56.593,60.172,58.868,48.362,52.503,52.551,46.982,57.48,59.913,47.765,49.485,57.026,47.393
23212,愛知県,安城市,2026,52.724,47.218,51.198,48.414,46.941,54.063,44.538,55.958,52.699,52.605,35.74,54.448,45.728,47.488,51.156,55.66,50.66,50.767,53.89,61.839,44.108,48.889,56.784,47.243
23213,愛知県,西尾市,2026,50.675,42.984,60.081,46.581,47.003,50.37,43.394,55.079,49.329,40.696,35.74,55.574,45.728,50.497,50.93,51.989,57.273,53.44,63.521,57.211,44.395,45.221,55.698,46.363
23214,愛知県,蒲郡市,2026,55.307,47.698,57.982,49.947,51.183,46.175,46.488,52.872,50.656,39.545,56.509,49.504,45.728,52.546,53.79,45.897,51.378,50.658,50.471,58.031,44.394,52.973,52.632,44.272
23215,愛知県,犬山市,2026,52.121,40.78,57.477,48.91,51.216,45.174,44.454,50.62,46.107,47.556,56.509,53.043,60.172,53.431,51.525,50.334,51.858,48.528,53.285,59.805,51.977,49.337,51.728,45.824
23216,愛知県,常滑市,2026,53.77,43.969,56.1,46.187,48.119,46.45,43.2,46.645,40.435,46.815,46.124,48.252,38.506,48.556,53.283,43.062,49.57,49.994,54.1,54.019,48.761,45.928,58.9,49.374
23217,愛知県,江南市,2026,53.753,47.907,56.433,48.599,46.66,50.201,47.668,46.734,40.765,41.446,35.74,50.474,38.506,44.273,53.403,50.414,49.343,43.349,53.474,56.094,49.076,46.843,49.932,48.287
23219,愛知県,小牧市,2026,56.857,47.875,51.399,47.354,50.562,50.42,45.895,51.799,47.489,49.526,35.74,49.009,45.728,47.588,45.814,50.529,51.879,59.171,48.264,58.327,44.419,46.803,51.183,46.158
23220,愛知県,稲沢市,2026,54.74,44.973,56.524,48.049,45.803,47.079,45.23,53.945,47.709,41.415,35.74,51.159,45.728,48.119,46.077,50.154,52.845,44.431,52.002,55.122,45.859,46.58,53.139,48.695
23221,愛知県,新城市,2026,47.705,39.112,65.808,39.449,51.725,38.529,43.167,47.602,47.668,39.06,35.74,52.869,45.728,63.308,57.651,46.71,57.433,56.187,64.966,58.438,53.534,51.328,56.078,42.32
23222,愛知県,東海市,2026,54.571,47.752,50.737,49.111,51.611,51.954,45.614,55.122,45.194,47.913,35.74,55.624,45.728,45.471,44.398,48.083,48.957,55.269,51.654,52.941,44.228,49.104,56.821,47.092
23223,愛知県,大府市,2026,59.69,46.626,52.293,43.792,47.514,54.878,45.674,59.405,49.987,46.933,35.74,56.323,45.728,47.678,50.427,52.741,49.463,57.061,52.8,56.51,44.394,53.479,57.651,46.839
23224,愛知県,知多市,2026,52.353,40.889,55.976,48.891,46.493,49.043,44.152,50.413,43.006,47.73,35.74,56.555,45.728,46.824,46.727,48.847,49.24,53.615,48.866,53.792,44.394,51.897,52.442,47.278
23225,愛知県,知立市,2026,54.623,46.647,48.946,49.212,46.45,52.053,48.124,48.438,45.253,49.764,35.74,50.803,38.506,46.927,49.403,49.368,48.241,51.121,51.839,58.571,44.617,46.705,50.764,46.862
23226,愛知県,尾張旭市,2026,53.388,48.523,53.595,52.452,46.275,46.4,47.406,51.185,43.526,61.458,35.74,54.372,38.506,44.44,48.591,54.815,48.6,50.383,50.83,61.26,44.394,48.308,53.264,50.362
23227,愛知県,高浜市,2026,59.528,48.762,54.623,49.676,42.78,53.483,46.644,52.074,38.222,45.46,35.74,55.588,38.506,45.13,47.347,43.773,49.641,54.255,56.788,53.207,44.394,48.563,53.803,45.316
23228,愛知県,岩倉市,2026,56.942,50.682,49.966,52.109,42.553,50.029,48.18,50.376,46.135,46.045,35.74,50.719,38.506,46.738,51.751,52.54,51.105,57.785,48.849,56.757,44.394,47.923,50.746,45.145
23229,愛知県,豊明市,2026,53.124,49.832,51.961,47.353,43.842,50.064,47.045,51.926,40.936,47.938,35.74,56.048,38.506,47.995,48.368,50.041,47.711,51.284,57.22,57.479,44.394,47.508,52.371,46.744
23230,愛知県,日進市,2026,55.441,48.009,52.046,46.248,44.774,56.543,47.639,55.409,54.056,47.83,35.74,53.748,45.728,48.376,51.698,51.306,50.256,63.083,56.014,64.538,44.394,51.709,58.384,48.369
23231,愛知県,田原市,2026,51.409,38.566,62.101,40.136,48.999,44.365,42.292,45.666,48.139,48.292,35.74,57.8,45.728,52.207,54.785,46.342,57.423,52.375,66.939,56.854,44.394,47.515,58.838,42.179
23232,愛知県,愛西市,2026,52.239,41.229,62.734,46.242,46.753,43.335,43.785,47.153,37.028,39.859,35.74,56.416,38.506,48.15,47.721,47.631,57.755,42.251,49.596,49.884,44.617,45.554,49.799,45.318
23233,愛知県,清須市,2026,55.514,43.926,52.22,48.469,44.481,53.975,47.943,48.248,35.298,49.085,35.74,47.453,38.506,46.033,40.979,50.478,51.544,46.948,52.757,50.667,44.394,47.584,52.155,48.797
23234,愛知県,北名古屋市,2026,59.3,47.406,51.758,47.772,46.959,53.886,49.728,49.515,42.503,44.88,35.74,52.313,38.506,47.057,44.379,47.539,48.791,56.224,51.047,57.71,44.617,46.49,54.679,48.329
23235,愛知県,弥富市,2026,54.628,40.757,58.191,40.812,80.0,48.2,43.237,47.746,32.013,46.049,35.74,50.373,38.506,47.828,47.058,50.074,54.145,41.585,53.345,53.982,44.617,45.972,50.459,46.15
23236,愛知県,みよし市,2026,56.032,43.964,53.709,42.643,46.096,50.75,44.733,53.607,42.74,49.471,46.124,53.828,45.728,48.553,45.414,49.48,49.529,51.371,62.819,60.419,44.394,47.828,58.721,48.865
23237,愛知県,あま市,2026,56.024,45.722,56.952,46.87,44.226,46.592,47.388,43.907,37.157,41.71,35.74,48.445,38.506,46.589,44.726,49.157,50.48,43.395,46.59,44.264,44.84,45.707,50.395,48.754
23238,愛知県,長久手市,2026,62.278,46.984,47.612,48.67,46.367,56.901,47.166,57.14,40.129,48.54,46.124,53.944,38.506,48.741,51.86,49.831,47.863,53.231,54.883,64.275,44.394,52.976,55.772,52.204
23302,愛知県,東郷町,2026,54.277,46.836,54.425,41.893,49.845,53.216,46.528,49.407,41.233,40.169,35.74,58.898,38.506,47.728,49.57,47.901,51.272,53.175,56.492,57.352,44.394,46.489,55.369,44.931
23425,愛知県,蟹江町,2026,48.755,49.67,50.539,47.235,53.701,50.302,46.362,50.366,31.853,42.027,35.74,47.457,38.506,48.13,45.525,51.315,48.303,45.795,47.385,53.745,44.84,46.425,52.318,47.567
23442,愛知県,東浦町,2026,62.42,43.667,55.434,46.771,46.569,47.063,44.21,52.457,38.199,44.856,46.124,53.444,38.506,49.305,51.348,48.81,48.215,55.179,54.277,51.564,44.394,47.345,48.697,48.732
23447,愛知県,武豊町,2026,54.869,47.683,57.596,49.141,45.855,51.121,43.554,53.663,30.013,39.075,35.74,54.744,38.506,46.683,60.504,45.9,50.944,55.308,58.529,56.512,44.394,45.237,48.206,48.21
23501,愛知県,幸田町,2026,54.842,43.909,56.66,39.927,48.885,50.827,43.631,51.302,33.491,40.931,35.74,61.394,52.95,54.269,50.915,46.853,55.179,53.783,57.14,62.183,44.394,46.372,58.436,43.262
24201,三重県,津市,2026,48.488,45.083,56.54,44.834,47.807,46.695,43.481,47.456,49.217,42.453,56.509,44.604,45.728,58.37,56.177,45.8,54.823,48.294,51.467,51.71,51.196,48.721,52.967,48.285
24202,三重県,四日市市,2026,50.537,46.804,53.682,48.309,47.101,45.753,45.094,50.269,49.708,48.783,46.124,52.363,52.95,48.402,47.098,48.847,51.417,55.807,49.338,54.389,44.401,47.938,54.79,47.782
24203,三重県,伊勢市,2026,52.791,47.214,57.798,45.328,47.149,48.464,44.943,55.668,52.294,46.961,46.124,51.02,52.95,57.158,54.549,46.775,53.991,46.229,56.636,53.435,48.438,45.373,53.297,44.847
24204,三重県,松阪市,2026,49.879,45.123,57.955,41.375,48.934,47.721,43.423,46.876,39.836,43.396,56.509,50.539,52.95,61.386,53.58,45.315,53.465,53.275,50.567,46.633,44.497,47.332,52.449,45.577
24205,三重県,桑名市,2026,49.025,45.355,57.601,45.909,50.062,49.222,44.702,48.217,37.417,47.391,46.124,55.417,38.506,51.662,50.146,47.813,52.549,53.818,52.328,54.629,48.167,46.784,56.222,47.003
24207,三重県,鈴鹿市,2026,50.053,43.323,56.084,46.087,49.742,50.207,43.422,47.564,41.059,45.251,56.509,54.421,52.95,50.824,48.502,45.028,51.864,49.607,53.568,51.761,43.906,48.085,51.988,47.668
24208,三重県,名張市,2026,55.516,40.295,60.057,50.58,50.212,45.019,43.875,40.666,43.023,45.286,35.74,56.348,45.728,57.846,46.927,51.693,54.32,57.573,52.617,48.419,48.63,45.492,48.501,44.707
24210,三重県,亀山市,2026,44.327,40.048,58.792,36.42,44.136,45.008,42.519,48.823,42.064,44.16,56.509,53.792,67.393,57.628,48.773,47.863,53.74,51.985,60.305,50.727,48.853,46.302,56.165,44.396
24214,三重県,いなべ市,2026,46.778,36.889,63.683,44.703,48.878,48.001,42.201,45.771,48.675,34.361,35.74,55.253,52.95,60.181,55.88,47.058,56.838,64.765,56.382,47.277,44.394,44.233,56.576,42.422
24215,三重県,志摩市,2026,45.609,40.84,62.776,43.737,60.865,41.7,42.374,42.164,42.462,35.635,46.124,45.991,52.95,56.045,59.181,44.967,52.955,46.917,59.246,43.336,48.761,44.3,47.568,44.982
24216,三重県,伊賀市,2026,45.43,37.967,60.644,39.781,48.701,44.685,42.178,42.286,38.582,33.569,56.509,49.172,52.95,59.227,50.858,50.966,55.968,61.382,57.571,51.375,54.781,55.421,55.329,45.194
24341,三重県,菰野町,2026,48.696,37.687,60.971,43.086,47.24,46.317,42.049,53.788,38.732,30.135,35.74,57.185,45.728,57.792,56.209,46.881,53.71,47.369,60.37,56.295,44.394,44.531,51.435,45.309
24441,三重県,多気町,2026,52.282,37.383,55.012,29.973,41.217,46.307,42.373,53.113,45.692,37.397,35.74,59.383,45.728,57.84,55.476,45.244,56.088,42.979,67.433,50.294,44.394,46.794,54.743,47.301
24442,三重県,明和町,2026,46.712,36.781,61.871,39.446,47.575,48.445,41.935,45.36,46.081,44.412,35.74,62.281,45.728,51.459,57.21,47.124,58.684,46.72,60.18,48.78,48.761,45.889,51.092,43.193
24543,三重県,紀北町,2026,50.309,42.945,54.734,29.758,61.411,38.654,44.155,41.692,35.885,42.857,35.74,48.239,60.172,69.162,64.565,42.074,53.319,47.981,63.016,38.455,48.63,44.777,47.577,40.224
25201,滋賀県,大津市,2026,49.589,47.544,53.596,48.193,49.471,45.632,46.701,48.718,45.761,45.502,66.893,53.396,60.172,58.494,53.38,51.688,54.489,37.543,50.007,57.322,69.151,50.203,48.555,51.526
25202,滋賀県,彦根市,2026,56.65,49.567,55.719,48.704,49.535,49.145,45.027,44.867,41.395,49.051,56.509,47.883,60.172,53.159,48.527,50.406,54.13,51.875,49.281,58.41,52.218,53.371,52.489,47.479
25203,滋賀県,長浜市,2026,51.702,41.298,63.077,42.243,50.583,43.019,42.887,49.687,43.433,43.991,56.509,49.947,60.172,63.846,51.304,48.719,64.095,48.984,51.928,55.361,61.56,46.206,53.366,45.03
25204,滋賀県,近江八幡市,2026,52.95,44.94,57.5,45.552,46.873,42.776,43.288,48.74,40.518,38.975,66.893,52.654,60.172,52.805,50.72,51.276,58.982,48.337,56.863,56.244,64.945,50.972,52.972,46.882
25206,滋賀県,草津市,2026,52.926,49.289,48.063,49.57,51.233,49.738,46.815,50.469,48.473,54.391,46.124,50.961,52.95,49.51,46.116,50.067,53.179,48.429,51.591,65.869,49.285,50.298,49.876,52.28
25207,滋賀県,守山市,2026,58.882,47.112,56.184,47.695,44.835,45.229,44.781,49.229,38.622,52.623,46.124,56.675,45.728,50.854,49.674,52.047,57.335,56.525,56.123,63.916,49.877,47.884,54.609,51.06
25208,滋賀県,栗東市,2026,52.457,45.134,54.079,44.587,80.0,48.89,45.271,46.145,39.439,42.985,46.124,55.737,45.728,52.129,48.104,50.714,49.395,49.787,49.746,61.6,50.191,46.939,55.464,48.82
25209,滋賀県,甲賀市,2026,50.026,37.642,61.975,38.962,57.506,44.602,42.574,50.694,45.558,36.766,46.124,54.348,60.172,57.426,54.551,49.216,56.735,52.334,59.695,55.947,54.913,47.348,54.33,45.139
25210,滋賀県,野洲市,2026,48.807,43.097,56.941,43.143,48.75,43.475,42.628,51.156,41.162,53.753,46.124,56.754,45.728,52.21,45.841,53.847,54.025,47.629,61.295,60.32,56.12,46.081,50.298,46.229
25211,滋賀県,湖南市,2026,54.694,41.393,55.876,43.427,45.166,47.856,45.139,49.851,41.173,51.673,46.124,48.068,38.506,53.131,50.746,49.138,53.321,60.165,53.025,56.961,46.179,44.685,52.92,47.208
25212,滋賀県,高島市,2026,54.017,38.967,64.998,40.693,54.93,40.799,42.321,52.343,39.203,34.687,46.124,44.665,60.172,62.717,50.635,49.476,59.097,46.602,63.203,56.345,53.666,45.627,50.258,44.663
25213,滋賀県,東近江市,2026,49.865,39.918,60.884,41.799,49.364,42.721,42.757,51.29,40.644,40.5,46.124,52.72,74.615,58.049,50.452,48.029,56.771,50.34,51.817,62.319,52.609,45.366,49.551,44.765
25214,滋賀県,米原市,2026,50.443,36.727,65.653,38.752,48.159,43.803,43.241,48.965,40.38,32.883,46.124,53.282,67.393,63.62,52.506,49.016,61.112,46.03,61.847,58.395,53.442,54.777,51.106,44.803
26100,京都府,京都市,2026,48.809,55.908,43.762,57.099,47.337,48.548,55.508,43.396,60.103,56.679,66.893,52.752,80.0,52.52,50.781,51.472,52.639,53.874,44.914,47.313,71.044,49.48,42.898,64.638
26201,京都府,福知山市,2026,51.333,44.134,58.252,42.872,50.054,47.056,43.238,49.648,41.234,44.936,46.124,49.154,52.95,56.726,51.49,52.938,54.072,59.044,55.443,47.415,48.853,45.948,55.969,45.529
26202,京都府,舞鶴市,2026,49.185,47.007,56.602,45.056,54.003,46.309,44.539,44.971,49.236,40.997,35.74,52.515,45.728,56.536,48.452,49.108,54.22,51.23,51.247,50.041,58.255,47.443,56.285,43.871
26204,京都府,宇治市,2026,49.927,49.893,53.222,54.775,46.246,49.885,52.43,53.274,48.62,48.756,56.509,59.986,60.172,53.331,48.843,46.905,48.004,48.726,44.218,59.019,57.198,50.934,42.316,48.311
26206,京都府,亀岡市,2026,46.164,46.132,58.447,46.636,52.159,40.264,43.889,43.388,40.828,40.723,46.124,54.572,52.95,58.509,51.467,52.321,55.373,50.067,49.048,56.405,50.323,46.567,49.013,46.613
26207,京都府,城陽市,2026,51.242,46.356,55.241,53.879,46.542,45.33,48.117,43.216,30.965,48.774,35.74,62.378,38.506,51.737,48.16,47.451,48.661,54.516,49.514,59.213,49.43,48.004,46.442,48.299
26208,京都府,向日市,2026,49.507,52.231,50.49,56.816,45.344,52.561,58.658,53.45,40.8,47.218,35.74,57.447,38.506,44.268,45.404,48.989,49.088,53.955,45.327,55.841,44.617,48.069,49.859,51.257
26209,京都府,長岡京市,2026,52.905,47.766,49.417,55.034,45.829,49.922,57.126,49.542,44.772,51.031,56.509,59.738,45.728,50.122,45.609,50.682,48.598,54.537,49.418,57.224,44.394,49.667,49.099,51.999
26210,京都府,八幡市,2026,46.474,45.298,52.909,51.288,45.842,46.181,46.91,43.292,35.475,51.106,35.74,56.754,38.506,49.248,41.408,53.929,48.26,51.807,43.679,53.991,54.112,46.295,38.246,49.203
26211,京都府,京田辺市,2026,49.356,46.633,51.53,51.069,45.443,49.421,45.491,53.946,40.43,46.703,35.74,60.886,38.506,54.185,48.935,50.435,51.112,49.787,58.615,59.661,54.335,48.786,49.163,50.214
26212,京都府,京丹後市,2026,50.828,40.038,66.568,38.143,53.932,41.344,42.763,42.937,39.813,32.52,35.74,57.31,67.393,56.597,54.334,49.992,60.071,44.487,64.623,55.685,53.666,44.959,55.031,44.711
26214,京都府,木津川市,2026,50.968,42.742,57.684,46.702,45.373,52.389,44.564,50.444,43.199,46.588,35.74,63.584,52.95,55.33,52.624,48.639,52.072,50.867,52.232,58.427,57.013,50.491,45.46,50.419
26366,京都府,精華町,2026,51.401,40.482,59.34,49.591,46.834,47.267,45.342,46.861,42.694,51.158,35.74,64.713,38.506,50.722,48.119,51.695,50.663,46.979,53.748,59.835,49.207,48.251,46.649,51.018
27100,大阪府,大阪市,2026,46.152,62.773,38.689,59.276,53.16,53.028,65.258,51.526,70.262,57.054,77.277,34.099,52.95,41.191,46.101,49.623,48.293,55.896,50.663,33.141,57.441,49.207,41.917,69.275
27140,大阪府,堺市,2026,46.172,51.759,48.765,53.247,45.938,57.346,52.176,47.165,63.495,54.62,56.509,45.139,52.95,43.563,50.097,48.129,46.469,51.29,47.216,43.254,53.148,49.246,43.461,57.283
27202,大阪府,岸和田市,2026,46.581,49.942,53.69,51.973,47.426,52.924,48.121,47.32,40.708,53.392,56.509,46.278,52.95,49.571,48.902,45.443,49.05,48.825,42.318,35.177,51.411,45.518,41.744,47.998
27203,大阪府,豊中市,2026,45.304,54.362,43.002,55.764,45.862,57.802,59.321,53.642,58.983,52.415,46.124,47.855,38.506,42.584,48.751,52.196,44.656,55.48,45.07,52.069,53.608,51.183,47.728,53.055
27204,大阪府,池田市,2026,47.876,52.525,45.402,53.527,47.172,55.826,52.75,53.254,53.46,55.71,35.74,49.797,38.506,49.765,47.52,49.159,45.137,45.67,54.21,61.089,46.984,54.259,47.85,48.321
27205,大阪府,吹田市,2026,49.833,54.06,41.32,56.239,48.622,57.182,58.901,53.729,52.223,51.454,46.124,47.619,38.506,42.565,45.534,54.308,45.85,53.485,56.084,60.8,46.568,56.918,49.802,58.337
27206,大阪府,泉大津市,2026,48.112,53.382,49.036,51.166,49.364,55.421,48.653,43.485,40.091,53.506,35.74,37.173,38.506,40.327,49.25,41.829,46.673,50.483,43.997,42.642,45.064,45.598,44.616,47.121
27207,大阪府,高槻市,2026,46.451,52.198,49.061,53.79,45.744,52.394,53.653,52.878,54.429,50.219,46.124,55.88,38.506,53.743,45.307,53.939,48.121,47.393,53.161,60.364,48.654,51.088,45.903,49.769
27208,大阪府,貝塚市,2026,44.605,47.221,54.17,52.557,49.301,54.608,47.424,47.084,33.251,53.247,35.74,44.733,45.728,53.167,47.665,46.256,47.248,45.236,41.245,26.981,49.207,53.611,44.218,45.128
27209,大阪府,守口市,2026,47.776,56.958,46.346,55.768,45.704,55.486,62.476,39.843,45.749,48.309,35.74,41.807,38.506,41.74,45.6,51.242,46.853,48.139,46.633,37.19,45.844,46.848,42.156,48.706
27210,大阪府,枚方市,2026,46.272,51.113,50.316,53.512,45.284,51.007,53.576,53.804,52.518,55.672,46.124,50.679,38.506,47.127,48.692,51.154,47.742,56.151,47.307,52.571,45.599,49.775,45.306,48.799
27211,大阪府,茨木市,2026,45.962,51.742,44.169,54.234,45.967,54.79,52.859,56.249,52.001,49.435,56.509,49.598,38.506,51.654,47.421,50.272,47.507,51.706,46.496,54.354,48.605,49.758,48.557,48.887
27212,大阪府,八尾市,2026,46.557,52.925,50.471,55.915,45.178,55.242,53.452,50.981,52.143,49.081,46.124,46.176,45.728,47.548,43.204,53.595,46.896,51.137,49.142,41.021,44.51,50.783,42.598,47.799
27213,大阪府,泉佐野市,2026,46.744,49.248,52.889,49.391,58.062,47.153,46.335,40.626,43.291,42.455,46.124,41.903,60.172,53.113,47.439,48.198,48.893,47.482,38.734,32.993,57.633,50.863,46.994,50.297
27214,大阪府,富田林市,2026,52.62,46.756,52.589,52.899,44.636,50.919,50.005,54.479,46.409,54.933,35.74,50.366,45.728,48.014,49.37,50.634,48.008,51.536,44.053,43.733,49.124,48.511,40.94,46.832
27215,大阪府,寝屋川市,2026,47.096,54.737,49.154,53.797,45.778,55.271,59.289,43.439,51.43,48.21,46.124,43.295,45.728,43.267,46.473,50.564,48.151,47.239,48.853,42.706,45.144,48.307,37.739,50.035
27216,大阪府,河内長野市,2026,46.11,43.37,57.939,50.012,43.701,44.615,47.752,53.647,51.225,48.425,35.74,55.157,45.728,57.585,50.516,49.717,47.632,44.534,47.573,51.892,60.112,52.785,42.208,48.179
27217,大阪府,松原市,2026,47.013,49.434,51.567,51.294,45.317,51.598,56.586,45.288,43.014,49.38,35.74,39.268,38.506,46.153,44.569,48.358,48.323,53.446,44.423,38.163,47.75,45.706,39.613,50.409
27218,大阪府,大東市,2026,47.292,51.731,48.704,57.077,44.2,57.617,60.159,45.939,42.601,47.82,56.509,43.912,45.728,45.979,46.681,48.472,47.544,53.783,41.914,41.27,44.78,52.105,41.941,48.162
27219,大阪府,和泉市,2026,46.763,47.197,53.216,50.916,49.225,50.867,46.67,46.821,46.772,44.677,35.74,48.128,45.728,51.973,51.93,49.976,49.142,50.441,49.151,47.171,51.766,48.666,45.211,48.456
27220,大阪府,箕面市,2026,46.541,51.643,48.358,53.4,43.494,52.572,54.58,56.775,49.974,52.508,56.509,50.698,45.728,56.145,43.614,48.612,46.244,55.22,56.738,60.51,52.487,51.459,47.993,48.804
27221,大阪府,柏原市,2026,49.082,48.126,51.935,54.014,46.488,45.989,51.454,46.003,49.516,44.162,35.74,48.541,45.728,50.97,46.446,44.347,48.584,49.827,49.538,48.102,53.351,50.278,42.701,46.037
27222,大阪府,羽曳野市,2026,47.072,48.111,55.702,51.323,45.453,49.631,48.08,50.309,40.611,45.365,46.124,46.341,52.95,49.223,42.034,46.717,47.785,53.704,47.762,44.931,51.794,47.687,40.877,52.696
27223,大阪府,門真市,2026,46.731,57.875,47.171,53.67,49.639,50.182,58.12,46.581,46.084,47.483,35.74,35.914,38.506,40.891,45.778,53.771,45.164,55.796,37.057,34.646,44.781,46.965,36.099,47.784
27224,大阪府,摂津市,2026,47.097,52.969,45.994,55.088,46.156,51.516,53.963,49.54,39.645,51.713,35.74,43.232,38.506,45.835,40.467,49.315,46.069,41.08,46.02,48.024,44.394,47.537,47.211,46.574
27225,大阪府,高石市,2026,47.576,53.321,50.985,53.308,45.528,54.611,54.995,44.603,34.281,54.245,35.74,43.6,45.728,40.736,45.217,45.155,48.225,47.135,53.249,35.549,44.394,47.67,41.042,47.181
27226,大阪府,藤井寺市,2026,50.248,57.563,51.17,52.49,46.314,52.721,60.184,47.208,42.395,43.302,46.124,48.212,38.506,46.797,47.512,47.277,47.593,52.297,48.959,50.493,48.984,46.539,41.544,50.031
27227,大阪府,東大阪市,2026,45.926,54.267,46.867,56.451,47.993,51.668,58.21,42.155,50.406,48.782,46.124,38.716,45.728,46.168,44.687,50.955,47.454,50.551,47.43,39.048,44.989,48.522,41.633,49.006
27228,大阪府,泉南市,2026,52.514,43.021,56.395,47.989,51.324,47.791,45.979,41.711,42.291,47.241,35.74,49.328,52.95,54.495,48.667,47.747,48.208,49.215,33.669,30.534,48.761,46.154,33.427,45.122
27229,大阪府,四條畷市,2026,47.814,45.887,50.988,52.377,49.371,52.431,49.365,47.576,45.65,41.499,35.74,43.543,45.728,51.508,41.828,47.315,50.358,53.301,47.224,41.775,44.394,48.556,47.13,49.201
27230,大阪府,交野市,2026,48.006,48.85,54.625,51.895,40.542,54.975,50.83,43.805,36.875,46.208,46.124,52.061,45.728,50.914,48.172,45.734,51.73,55.021,54.491,59.838,44.84,51.629,44.651,48.589
27231,大阪府,大阪狭山市,2026,47.085,46.34,52.516,53.239,44.609,51.908,49.843,50.147,42.134,48.422,35.74,55.19,38.506,45.886,44.148,49.197,45.777,50.84,56.403,50.982,44.394,51.015,47.275,48.964
27232,大阪府,阪南市,2026,41.549,44.153,59.513,49.739,49.16,44.198,47.913,46.338,41.932,49.663,35.74,51.016,45.728,54.608,52.367,40.923,49.257,45.418,48.859,45.686,48.984,45.928,38.745,49.51
27321,大阪府,豊能町,2026,50.965,38.384,66.301,48.976,46.737,37.314,45.202,53.569,38.94,46.2,35.74,61.766,38.506,58.405,53.238,47.288,53.102,48.328,51.56,60.126,44.394,50.281,35.518,49.446
27361,大阪府,熊取町,2026,49.734,40.977,57.147,50.78,43.091,52.113,48.89,51.045,42.302,48.372,35.74,59.371,38.506,50.546,46.342,54.342,50.533,56.25,49.112,43.239,49.43,48.077,45.548,50.709
28100,兵庫県,神戸市,2026,49.628,54.387,44.95,53.099,48.908,52.674,50.844,45.833,64.339,58.51,66.893,45.861,60.172,46.284,48.371,53.266,50.695,49.741,46.957,54.796,62.064,49.834,45.499,58.695
28201,兵庫県,姫路市,2026,48.158,49.313,54.702,48.939,48.691,49.952,46.361,49.127,51.047,53.613,66.893,41.258,52.95,52.507,52.163,48.166,53.277,50.17,48.567,47.487,56.934,57.652,49.803,47.735
28202,兵庫県,尼崎市,2026,43.589,56.147,42.848,58.868,48.428,50.636,55.946,52.824,49.299,54.988,46.124,40.612,45.728,42.603,44.789,46.691,45.17,51.878,43.588,44.23,49.578,49.678,43.639,47.599
28203,兵庫県,明石市,2026,47.153,52.592,48.226,54.147,45.693,52.775,51.263,48.7,48.191,50.489,46.124,45.898,38.506,44.786,44.905,50.555,47.137,57.714,52.46,52.47,45.065,51.464,48.642,48.215
28204,兵庫県,西宮市,2026,49.002,52.183,43.989,54.428,45.304,53.195,54.81,56.971,47.043,51.711,77.277,53.915,52.95,48.83,47.578,47.452,47.905,48.41,46.05,58.977,49.89,51.126,51.078,50.076
28205,兵庫県,洲本市,2026,48.195,42.537,58.561,39.646,58.61,41.834,43.377,47.472,41.816,33.59,35.74,36.459,45.728,55.061,55.354,50.48,54.228,44.084,59.482,49.97,57.363,47.162,51.271,47.497
28206,兵庫県,芦屋市,2026,49.914,52.776,44.904,56.066,49.957,52.038,57.086,46.804,43.227,49.106,56.509,52.241,45.728,46.988,45.892,44.565,46.295,58.203,56.696,66.467,48.984,52.82,53.559,51.682
28207,兵庫県,伊丹市,2026,47.919,53.183,46.728,57.536,44.48,55.367,52.983,51.4,50.258,54.511,56.509,51.213,38.506,45.697,45.678,47.922,46.058,51.739,45.672,55.357,47.857,51.218,44.453,47.886
28209,兵庫県,豊岡市,2026,51.257,45.019,62.493,42.394,57.315,43.263,43.221,51.052,41.926,34.99,46.124,50.825,74.615,57.981,50.31,49.815,58.443,42.472,55.616,57.634,54.204,45.9,53.593,46.776
28210,兵庫県,加古川市,2026,49.379,49.22,55.478,47.108,47.235,50.7,45.072,50.163,56.178,48.326,35.74,48.199,38.506,47.312,47.885,47.03,50.207,42.283,51.552,54.226,45.225,46.56,49.601,47.397
28212,兵庫県,赤穂市,2026,48.351,46.905,60.502,46.634,51.231,44.763,43.944,47.9,39.885,50.459,35.74,46.227,52.95,53.619,53.616,42.973,54.74,52.412,56.463,48.791,57.363,48.568,47.798,44.907
28214,兵庫県,宝塚市,2026,49.457,48.786,49.07,53.283,44.724,50.644,50.947,50.402,51.264,44.247,56.509,57.133,52.95,52.602,51.544,54.626,46.455,58.888,48.637,61.238,49.98,50.579,47.825,48.668
28215,兵庫県,三木市,2026,45.928,44.673,60.77,43.157,58.303,48.824,42.866,52.735,43.06,55.674,35.74,45.633,38.506,50.397,48.456,51.296,51.612,52.937,43.637,52.509,45.51,51.312,40.792,45.451
28216,兵庫県,高砂市,2026,48.307,50.704,57.92,49.934,45.45,52.476,48.112,47.468,46.245,47.943,35.74,43.776,38.506,46.127,44.655,42.621,50.386,49.615,42.679,51.833,48.761,45.638,44.15,47.929
28217,兵庫県,川西市,2026,49.79,46.082,54.692,51.544,45.761,53.01,48.515,43.122,45.855,45.836,46.124,47.248,45.728,51.53,53.634,49.442,47.01,50.321,51.989,60.023,46.158,50.807,43.369,49.459
28218,兵庫県,小野市,2026,46.658,38.441,61.634,43.946,51.981,46.027,43.045,52.721,37.185,36.777,35.74,51.523,38.506,50.117,45.331,50.894,52.167,48.671,50.185,53.136,45.287,50.582,51.321,45.401
28219,兵庫県,三田市,2026,46.751,42.923,53.088,48.114,46.231,49.429,45.42,52.929,47.852,53.75,56.509,58.088,38.506,52.476,52.631,53.359,52.996,52.42,52.916,60.215,45.307,56.781,49.956,49.995
28220,兵庫県,加西市,2026,46.306,36.47,63.929,39.05,49.511,44.869,42.521,51.79,45.722,38.455,35.74,49.485,45.728,51.042,56.268,49.554,55.098,57.824,62.232,51.083,50.546,52.106,52.982,44.444
28222,兵庫県,養父市,2026,51.321,38.303,67.32,38.72,53.101,41.849,42.509,48.674,40.405,38.379,46.124,43.558,45.728,61.374,49.842,49.512,61.101,49.496,61.946,42.481,49.207,45.736,51.18,41.593
28223,兵庫県,丹波市,2026,47.883,37.366,64.903,36.625,46.651,50.381,42.915,47.889,44.574,34.034,35.74,50.127,38.506,57.877,57.037,49.334,58.535,45.164,64.234,49.187,49.299,47.78,55.305,44.844
28224,兵庫県,南あわじ市,2026,44.765,38.968,62.669,37.583,51.798,45.038,42.642,42.605,43.164,34.262,35.74,43.35,45.728,55.863,51.584,44.967,54.743,51.29,65.82,51.684,57.231,56.432,55.284,45.656
28226,兵庫県,淡路市,2026,48.188,40.775,59.459,36.567,52.565,41.383,42.163,45.022,40.234,43.235,35.74,37.217,52.95,52.805,56.314,44.887,53.974,48.03,57.863,52.551,48.984,45.429,49.814,47.047
28228,兵庫県,加東市,2026,45.269,40.308,61.212,39.252,60.388,49.192,42.004,56.99,37.232,47.155,35.74,41.754,38.506,52.899,45.688,54.757,51.644,58.289,49.711,49.676,49.653,45.809,57.284,47.307
28229,兵庫県,たつの市,2026,51.863,39.717,62.743,40.222,46.579,45.764,43.448,49.58,53.123,44.0,35.74,49.958,45.728,53.192,52.986,47.447,54.047,51.173,56.73,48.045,49.653,53.118,49.169,47.302
28301,兵庫県,猪名川町,2026,46.116,41.658,63.596,47.925,43.989,44.278,44.769,57.366,40.348,55.464,35.74,59.918,38.506,57.901,51.86,52.651,50.589,50.196,52.506,65.242,44.617,46.711,42.985,46.408
28365,兵庫県,多可町,2026,50.402,37.138,69.343,42.413,49.327,42.667,43.121,46.455,42.284,38.539,35.74,53.367,38.506,58.824,53.429,48.371,58.531,45.898,61.992,53.513,48.63,46.773,51.476,45.064
29201,奈良県,奈良市,2026,46.56,48.345,52.293,51.173,48.38,43.89,47.341,44.939,55.501,47.951,46.124,53.541,67.393,53.287,52.273,49.419,53.972,53.987,55.766,58.729,63.843,49.798,45.757,49.369
29202,奈良県,大和高田市,2026,46.378,47.173,54.219,52.184,49.498,41.752,49.47,41.362,34.613,42.211,35.74,42.361,38.506,45.867,46.015,48.385,50.179,40.684,50.172,41.689,49.207,46.336,38.665,48.042
29203,奈良県,大和郡山市,2026,50.051,44.792,55.405,49.008,50.544,44.294,45.902,49.83,39.538,51.722,35.74,49.986,38.506,48.036,42.228,48.137,53.619,50.363,49.514,48.978,50.638,48.749,41.211,45.793
29204,奈良県,天理市,2026,48.875,44.575,57.355,47.692,45.354,45.76,44.07,38.281,50.214,40.526,35.74,49.17,52.95,53.611,52.27,47.974,54.36,54.436,51.156,49.66,46.179,49.705,47.809,45.492
29205,奈良県,橿原市,2026,47.543,49.587,53.984,51.3,48.534,44.538,47.166,48.668,36.393,48.285,46.124,45.916,52.95,47.666,45.043,46.529,51.928,48.378,48.417,60.318,57.165,47.143,46.896,48.978
29206,奈良県,桜井市,2026,46.856,46.624,58.084,47.375,45.649,37.917,45.21,40.75,40.041,42.231,46.124,49.634,60.172,56.873,47.789,44.926,55.586,42.454,49.426,48.032,55.359,45.858,43.798,47.624
29209,奈良県,生駒市,2026,49.501,47.459,55.67,51.261,43.092,46.263,47.11,53.935,51.45,49.534,46.124,59.087,52.95,51.112,53.467,49.833,50.238,58.202,56.665,57.55,47.54,50.398,47.997,48.722
29210,奈良県,香芝市,2026,49.939,47.972,56.256,49.94,45.351,52.648,50.35,50.101,44.024,42.783,35.74,59.853,45.728,47.802,43.596,48.431,50.568,50.451,51.135,59.606,48.761,52.793,50.589,51.065
29211,奈良県,葛城市,2026,48.76,42.682,60.712,48.454,46.664,41.156,43.698,51.136,43.23,42.523,46.124,57.131,52.95,54.126,47.063,48.515,54.27,44.334,63.382,51.912,59.817,45.754,46.422,45.925
29363,奈良県,田原本町,2026,52.701,47.013,60.327,46.866,43.652,39.446,44.34,49.109,39.691,44.556,35.74,51.712,38.506,47.804,46.211,49.237,57.747,45.781,55.159,59.984,44.394,45.853,46.417,51.41
29426,奈良県,広陵町,2026,49.86,45.99,64.103,48.431,45.771,43.794,45.523,52.285,38.845,48.016,35.74,58.15,38.506,47.24,48.618,49.988,57.307,52.686,53.149,56.113,44.617,48.281,49.236,48.676
30201,和歌山県,和歌山市,2026,47.991,48.727,54.373,49.86,49.063,43.295,47.145,42.291,53.163,46.977,46.124,45.613,67.393,51.001,44.599,51.292,54.61,48.993,43.382,45.417,58.901,47.657,48.875,48.069
30202,和歌山県,海南市,2026,50.526,44.097,62.043,41.255,47.427,39.531,43.966,46.807,43.089,33.192,35.74,48.297,52.95,52.415,46.291,48.686,55.562,48.926,47.937,52.229,59.24,54.03,45.27,42.33
30203,和歌山県,橋本市,2026,50.774,45.864,60.953,48.307,44.799,41.7,45.366,41.126,45.093,41.299,35.74,51.801,52.95,57.804,50.874,44.179,53.09,52.572,54.597,55.783,49.207,48.806,47.331,50.554
30206,和歌山県,田辺市,2026,53.939,47.278,58.391,42.161,59.107,42.774,44.262,47.133,51.051,34.129,56.509,47.825,74.615,67.308,56.302,45.21,51.762,43.841,55.228,46.996,49.076,46.005,47.757,46.745
30208,和歌山県,紀の川市,2026,49.194,39.389,63.566,42.33,47.593,42.162,42.618,47.186,40.827,33.438,35.74,52.54,60.172,57.987,51.294,47.251,55.108,44.851,60.988,46.842,58.478,45.695,51.269,42.625
30209,和歌山県,岩出市,2026,47.353,44.226,56.104,45.201,55.16,45.608,44.239,55.404,37.844,37.918,35.74,51.018,45.728,54.87,48.22,47.421,46.95,44.231,48.265,53.74,54.112,44.868,48.032,48.228
31201,鳥取県,鳥取市,2026,51.375,45.852,56.313,44.826,51.808,51.711,43.711,50.172,57.259,48.731,56.509,54.464,60.172,57.488,54.541,50.643,54.816,48.46,46.246,48.385,55.523,53.48,53.424,45.99
31202,鳥取県,米子市,2026,51.72,48.988,56.413,44.922,49.289,52.039,45.418,46.345,56.72,52.106,46.124,50.966,45.728,49.464,55.084,50.24,52.304,50.328,50.701,49.898,51.703,54.434,54.915,46.542
31203,鳥取県,倉吉市,2026,56.363,49.134,59.507,43.699,53.608,50.91,43.191,49.507,41.921,46.796,46.124,51.398,60.172,56.176,56.384,50.368,53.212,45.982,49.269,53.406,44.617,56.809,54.279,42.916
31204,鳥取県,境港市,2026,50.35,47.199,61.781,50.223,47.875,53.306,44.865,44.005,39.827,55.437,35.74,50.479,38.506,47.65,58.286,47.307,50.21,48.249,58.08,52.306,44.394,55.918,51.963,44.51
32201,島根県,松江市,2026,51.642,46.081,54.583,45.934,51.142,51.741,44.604,44.132,50.873,45.417,46.124,55.109,60.172,53.807,54.706,53.795,54.686,52.156,62.248,56.197,49.741,50.229,54.894,46.295
32202,島根県,浜田市,2026,49.872,41.569,58.367,42.268,58.22,46.647,42.989,48.682,44.882,43.966,46.124,55.495,45.728,55.173,55.533,49.307,51.104,48.942,63.833,37.215,53.127,54.187,55.508,41.952
32203,島根県,出雲市,2026,48.742,43.12,60.23,43.261,49.196,53.983,43.138,47.202,45.246,42.608,56.509,59.602,52.95,54.184,51.043,49.732,56.955,46.925,65.528,57.297,51.576,48.953,57.961,45.84
32204,島根県,益田市,2026,52.077,43.571,61.419,44.043,54.817,49.353,43.48,44.582,38.41,46.219,46.124,55.726,52.95,57.255,51.56,45.205,55.665,47.646,64.083,46.56,57.809,52.608,57.918,43.164
32206,島根県,安来市,2026,44.306,38.568,65.16,39.201,48.209,46.974,42.878,53.921,40.28,39.041,35.74,56.658,45.728,56.238,47.902,44.088,56.27,48.659,63.327,54.894,49.207,51.132,56.855,42.794
32209,島根県,雲南市,2026,45.846,36.776,67.239,37.066,52.667,43.009,42.794,41.289,43.032,37.425,35.74,59.241,38.506,55.798,60.299,47.292,60.569,45.165,67.459,53.569,48.984,45.672,59.68,44.957
33100,岡山県,岡山市,2026,47.316,48.03,50.843,47.531,49.614,50.423,44.331,47.821,51.517,51.786,56.509,45.274,60.172,49.07,47.779,55.637,52.74,53.038,41.87,54.688,60.054,50.112,49.913,54.382
33202,岡山県,倉敷市,2026,44.041,46.498,54.981,45.737,47.941,49.032,45.077,49.893,54.827,49.845,56.509,49.793,52.95,47.213,49.424,50.359,53.801,48.527,46.182,54.265,58.002,46.912,52.258,44.809
33203,岡山県,津山市,2026,48.447,43.014,59.624,41.48,52.746,47.791,43.199,45.007,57.914,37.398,56.509,43.484,45.728,54.825,51.642,53.742,52.898,41.802,55.738,50.367,54.204,47.458,55.276,43.642
33204,岡山県,玉野市,2026,45.053,37.663,61.657,46.877,54.335,43.379,46.376,49.335,37.279,49.989,35.74,48.477,45.728,49.295,42.233,41.146,49.942,46.618,54.755,47.459,44.394,46.481,48.614,43.49
33205,岡山県,笠岡市,2026,49.235,38.715,60.684,39.088,45.363,46.02,44.38,50.123,37.576,39.442,35.74,44.098,45.728,49.253,42.988,43.583,54.745,47.644,53.578,48.991,53.219,51.577,43.945,43.417
33207,岡山県,井原市,2026,44.798,38.296,62.96,45.09,49.371,43.982,43.059,52.838,39.833,38.254,35.74,52.037,38.506,52.587,45.155,44.232,58.037,39.47,54.639,51.299,48.63,56.726,48.937,45.684
33208,岡山県,総社市,2026,45.134,40.194,58.044,41.881,48.176,46.64,43.096,55.013,38.605,40.097,35.74,54.342,45.728,51.321,42.632,50.839,54.684,54.563,56.929,58.27,57.678,50.897,52.094,45.107
33211,岡山県,備前市,2026,42.906,37.517,63.098,40.174,48.017,44.691,44.149,45.479,36.763,32.634,35.74,46.829,45.728,52.081,48.025,45.281,52.264,46.804,58.581,54.607,58.063,50.876,48.815,42.536
33212,岡山県,瀬戸内市,2026,41.759,38.038,61.331,42.138,47.7,45.64,42.356,48.416,47.675,28.401,46.124,50.839,45.728,50.442,50.974,44.179,55.119,48.796,56.583,52.977,45.287,49.054,46.707,43.025
33213,岡山県,赤磐市,2026,44.327,39.166,64.331,38.51,45.34,45.941,42.96,50.232,40.459,38.975,35.74,51.96,38.506,51.522,54.533,51.356,51.696,48.905,60.189,59.658,48.761,48.807,52.902,46.008
33681,岡山県,吉備中央町,2026,48.844,35.927,55.219,26.531,47.902,40.781,42.189,45.559,33.952,35.818,35.74,65.419,38.506,52.449,46.59,52.372,57.021,48.611,67.098,54.558,53.311,59.12,53.888,40.889
34100,広島県,広島市,2026,47.774,52.278,46.83,53.625,50.225,50.461,50.002,42.113,60.6,54.009,46.124,53.039,67.393,51.19,46.457,51.118,48.712,50.721,44.868,56.45,49.612,51.582,51.629,51.053
34202,広島県,呉市,2026,41.658,46.455,53.349,51.2,49.032,45.132,45.892,50.57,52.717,52.754,46.124,45.327,60.172,51.845,42.94,44.889,52.524,44.925,47.797,46.654,51.301,46.054,51.65,43.614
34204,広島県,三原市,2026,45.945,43.088,57.919,42.752,50.437,42.673,43.214,47.349,50.186,42.181,35.74,47.994,52.95,52.251,46.136,42.221,52.207,54.324,56.06,44.42,45.064,45.711,52.214,44.335
34205,広島県,尾道市,2026,45.838,44.316,58.131,44.785,48.538,44.444,44.277,49.406,44.809,49.947,56.509,47.284,52.95,51.676,45.351,41.291,51.737,48.977,57.898,45.36,61.905,46.908,53.813,43.978
34207,広島県,福山市,2026,46.966,46.513,55.548,47.854,49.169,50.88,45.71,50.695,54.937,51.49,56.509,49.836,52.95,50.189,50.393,46.778,52.949,45.695,41.536,53.399,55.348,47.642,52.963,45.985
34208,広島県,府中市,2026,50.866,44.676,61.344,47.67,48.032,41.786,43.154,45.21,38.468,47.34,35.74,51.918,38.506,53.037,52.117,50.904,56.583,45.611,47.342,49.365,44.394,46.432,47.693,43.917
34209,広島県,三次市,2026,49.53,43.305,59.144,39.131,56.339,42.905,42.534,47.833,48.265,47.018,56.509,51.172,38.506,53.836,56.458,52.128,53.439,54.36,65.274,44.699,49.299,48.193,59.361,42.29
34212,広島県,東広島市,2026,48.801,41.552,52.635,42.234,48.471,46.249,43.185,52.52,54.818,42.368,35.74,53.437,67.393,51.456,51.739,49.115,50.101,55.986,47.317,60.701,44.525,47.629,56.106,53.108
34213,広島県,廿日市市,2026,51.101,46.359,56.285,49.348,46.352,45.701,45.775,48.714,45.194,49.825,46.124,56.382,67.393,55.603,49.167,47.67,50.644,49.337,54.05,58.705,49.984,50.345,55.526,46.039
34302,広島県,府中町,2026,46.3,52.273,45.678,56.113,42.789,53.802,54.018,47.146,30.196,52.11,35.74,56.957,38.506,45.294,37.25,46.332,48.735,42.178,40.178,59.598,44.394,48.299,54.358,46.082
35201,山口県,下関市,2026,42.832,45.232,54.55,46.718,49.801,47.089,44.032,44.709,45.308,50.949,66.893,49.119,60.172,53.071,50.61,45.875,51.073,44.552,46.57,44.418,51.925,46.523,52.399,44.235
35202,山口県,宇部市,2026,42.278,45.078,54.874,48.961,50.878,48.521,44.105,48.394,60.583,51.042,56.509,49.386,45.728,50.337,49.647,48.362,52.342,49.797,47.121,44.694,47.68,48.686,52.577,47.428
35203,山口県,山口市,2026,41.58,43.808,53.848,43.134,49.087,50.328,43.241,53.674,54.732,45.834,56.509,51.785,60.172,56.798,53.696,51.685,55.875,44.383,48.669,52.672,50.364,50.778,54.501,46.628
35204,山口県,萩市,2026,48.449,44.171,60.522,44.21,56.3,44.609,43.573,54.284,39.892,38.818,66.893,48.505,67.393,56.778,50.791,45.573,56.945,42.762,57.836,40.34,58.625,54.651,57.494,41.538
35206,山口県,防府市,2026,43.898,43.097,56.859,42.216,47.412,51.874,44.464,49.107,35.999,46.677,46.124,53.519,52.95,50.783,44.482,46.32,50.974,50.508,53.884,45.414,47.646,47.135,55.473,46.173
35207,山口県,下松市,2026,51.998,44.64,54.837,44.796,49.746,53.143,44.682,51.193,43.019,45.244,56.509,54.995,45.728,54.055,44.477,44.531,49.469,48.821,51.309,49.304,44.617,47.079,54.029,45.258
35208,山口県,岩国市,2026,43.636,42.476,57.079,44.695,51.024,49.325,44.921,52.596,46.071,44.024,56.509,48.75,80.0,59.02,49.955,45.16,52.902,42.673,50.575,39.166,50.461,48.702,52.826,44.863
35210,山口県,光市,2026,48.654,41.052,58.787,45.086,50.71,47.884,45.18,53.884,42.362,43.109,46.124,55.802,45.728,53.005,45.199,42.768,54.259,48.81,63.675,51.405,44.617,45.955,50.324,45.266
35212,山口県,柳井市,2026,41.64,45.447,59.711,43.885,63.045,43.541,43.611,48.08,42.693,39.193,46.124,45.416,45.728,54.384,54.762,46.841,53.323,40.592,60.79,39.804,44.617,48.048,51.516,43.602
35215,山口県,周南市,2026,47.67,43.86,55.418,45.052,52.326,51.105,44.475,48.088,49.083,47.457,56.509,53.149,45.728,57.191,44.879,44.281,50.586,42.259,52.51,49.269,47.831,46.496,55.176,44.815
35216,山口県,山陽小野田市,2026,44.431,42.868,57.296,44.559,50.285,48.678,43.97,45.345,42.623,54.028,35.74,53.406,38.506,50.697,46.583,43.302,51.541,44.895,52.686,43.71,44.617,46.533,51.522,42.223
36201,徳島県,徳島市,2026,48.287,50.925,51.59,47.26,52.175,52.235,45.379,48.409,50.596,49.818,46.124,43.259,45.728,51.504,51.632,47.833,50.601,45.123,45.592,44.42,58.984,53.564,51.973,48.223
36202,徳島県,鳴門市,2026,50.512,41.814,59.015,44.002,51.675,46.634,43.895,48.866,45.485,44.614,35.74,43.423,45.728,53.314,50.932,42.48,52.572,50.218,51.222,35.122,53.442,46.106,47.495,45.476
36203,徳島県,小松島市,2026,45.107,45.896,59.507,41.696,47.67,46.872,44.251,38.72,43.455,42.09,35.74,41.064,45.728,49.897,50.439,44.067,53.542,39.365,47.0,40.372,48.761,44.761,44.825,43.756
36204,徳島県,阿南市,2026,47.258,38.348,62.11,42.698,47.249,49.74,43.67,53.181,50.099,41.091,35.74,50.131,52.95,56.978,53.401,45.6,54.355,49.09,51.272,44.96,48.761,48.335,48.808,42.487
36205,徳島県,吉野川市,2026,48.046,40.56,62.631,43.182,43.878,47.266,43.343,46.155,31.182,37.973,35.74,47.021,45.728,58.073,55.978,47.094,54.955,39.794,58.042,41.403,53.127,46.825,47.027,43.217
36403,徳島県,藍住町,2026,48.507,49.967,57.04,41.869,49.631,56.196,44.02,50.82,31.177,39.75,35.74,51.521,38.506,48.859,46.602,47.781,52.869,53.153,44.827,46.303,48.984,45.251,47.304,45.85
37201,香川県,高松市,2026,48.323,48.943,52.873,48.942,50.865,49.418,44.813,48.134,68.575,50.963,56.509,43.561,67.393,50.651,51.575,45.384,51.522,45.215,50.652,45.555,53.016,49.859,53.963,51.125
37202,香川県,丸亀市,2026,49.684,45.986,57.623,42.388,48.652,52.097,44.751,51.262,42.33,51.691,46.124,43.448,52.95,49.745,49.518,45.081,52.127,52.413,57.376,51.567,51.272,46.841,50.868,46.408
37203,香川県,坂出市,2026,42.064,41.053,59.201,38.411,55.186,47.475,43.919,49.477,48.769,46.151,35.74,38.511,52.95,49.225,47.461,44.89,50.763,39.013,55.602,45.061,49.653,46.649,51.226,45.199
37205,香川県,観音寺市,2026,40.829,42.576,61.391,40.904,48.366,45.189,42.88,45.503,39.552,41.342,35.74,46.14,60.172,54.61,49.808,45.523,53.926,45.754,63.459,49.875,53.442,45.6,54.837,45.387
37206,香川県,さぬき市,2026,44.554,40.437,60.38,41.203,47.731,42.071,42.581,46.343,43.643,47.251,35.74,46.459,45.728,52.128,50.315,48.809,56.783,49.191,46.583,50.88,49.653,45.271,48.621,43.509
37208,香川県,三豊市,2026,46.356,37.791,65.029,38.192,50.436,44.17,42.519,48.706,52.923,39.267,35.74,52.691,45.728,52.601,62.462,48.923,58.702,47.961,59.062,48.496,49.653,51.14,54.058,44.611
38201,愛媛県,松山市,2026,49.323,50.959,51.199,52.143,47.621,47.654,45.19,45.757,62.632,53.73,56.509,50.725,67.393,52.726,49.307,54.16,51.734,49.044,49.175,51.133,54.598,51.917,49.297,49.652
38202,愛媛県,今治市,2026,46.506,46.549,58.882,46.245,49.72,47.963,43.316,47.873,47.808,44.958,46.124,44.926,60.172,54.201,42.059,42.99,52.047,40.222,56.995,43.012,55.355,46.315,52.854,42.853
38203,愛媛県,宇和島市,2026,48.111,44.232,58.885,45.062,55.034,49.496,43.417,46.417,45.016,44.907,46.124,45.865,74.615,62.088,48.896,43.96,54.856,44.664,55.577,40.979,53.219,44.406,49.262,43.444
38205,愛媛県,新居浜市,2026,52.405,49.357,56.442,45.601,49.8,51.835,46.082,53.135,58.528,41.875,46.124,50.135,45.728,61.716,43.934,45.515,50.163,49.453,52.239,37.665,50.581,49.317,55.524,43.542
38206,愛媛県,西条市,2026,52.468,42.534,58.875,42.366,51.448,46.867,43.062,49.769,48.726,43.487,46.124,48.216,74.615,62.639,46.714,45.79,51.527,36.63,56.225,49.558,50.54,57.173,54.809,44.117
38207,愛媛県,大洲市,2026,46.426,42.15,58.929,38.81,56.031,44.862,42.972,47.184,43.239,41.673,56.509,47.353,52.95,61.67,40.363,45.177,50.737,38.879,62.231,41.947,54.112,53.417,55.33,43.76
38210,愛媛県,伊予市,2026,43.614,43.332,61.682,40.326,44.593,48.698,42.266,45.205,46.461,39.636,56.509,54.86,52.95,59.664,45.148,45.113,55.139,45.325,65.739,47.093,44.394,44.766,52.357,45.699
38213,愛媛県,四国中央市,2026,49.12,45.779,56.172,42.015,48.115,47.871,43.68,55.349,42.193,38.616,46.124,50.692,52.95,64.199,45.069,46.494,51.039,39.436,52.498,38.218,48.984,49.901,58.286,43.311
38215,愛媛県,東温市,2026,51.4,41.72,56.678,43.692,52.764,41.833,42.464,45.171,50.268,39.661,46.124,53.128,45.728,61.983,44.192,48.873,49.688,39.97,57.664,50.113,44.84,46.988,55.58,42.61
39201,高知県,高知市,2026,41.641,53.043,51.235,49.727,53.277,51.599,47.004,41.893,43.296,49.655,46.124,47.468,45.728,62.801,47.355,51.529,49.912,44.372,41.629,46.161,52.948,48.398,49.185,46.024
39204,高知県,南国市,2026,44.076,41.014,56.009,41.681,50.995,50.35,44.362,44.116,38.772,42.863,35.74,53.973,38.506,60.505,43.96,51.037,47.265,46.027,49.401,48.998,48.984,46.196,48.053,48.233
39208,高知県,宿毛市,2026,49.298,44.956,59.981,42.112,79.161,40.569,44.363,42.332,40.648,47.251,35.74,50.488,52.95,64.674,50.554,45.473,47.11,40.979,54.7,41.119,48.761,46.691,47.29,40.868
40100,福岡県,北九州市,2026,46.377,51.271,48.875,51.809,49.611,49.866,48.917,39.816,61.645,58.653,66.893,41.001,74.615,48.759,51.808,50.595,48.025,53.937,42.8,39.932,55.215,49.176,45.503,52.694
40130,福岡県,福岡市,2026,46.785,55.693,40.876,56.04,50.716,48.926,52.772,45.542,68.68,57.114,66.893,46.235,52.95,47.143,48.285,46.852,49.298,53.997,43.908,50.906,48.259,54.033,48.074,68.554
40202,福岡県,大牟田市,2026,48.224,50.376,55.788,49.165,50.871,45.652,46.653,45.75,47.046,49.508,56.509,45.405,45.728,47.37,54.694,45.572,46.25,45.854,43.5,38.018,44.458,48.497,42.248,43.454
40203,福岡県,久留米市,2026,51.231,47.734,52.086,47.914,50.211,49.912,44.624,50.19,56.098,48.88,56.509,41.991,45.728,50.131,51.227,54.532,50.359,50.148,44.821,41.44,44.956,46.938,49.352,49.479
40204,福岡県,直方市,2026,49.557,45.444,56.892,44.205,49.672,45.974,45.46,42.425,49.114,54.474,35.74,39.369,45.728,53.949,49.071,51.647,48.354,46.059,55.925,39.722,44.394,44.386,42.041,43.819
40205,福岡県,飯塚市,2026,53.956,45.629,53.635,44.653,53.449,45.684,44.018,45.991,47.154,46.118,35.74,35.178,45.728,55.044,53.128,52.177,46.536,41.412,46.995,34.843,50.828,45.726,43.333,46.292
40206,福岡県,田川市,2026,51.603,48.291,55.02,46.331,49.848,50.218,44.967,49.941,44.314,44.383,35.74,34.519,38.506,49.556,44.179,53.157,47.7,46.536,55.636,34.667,44.394,44.727,35.71,43.907
40207,福岡県,柳川市,2026,49.909,42.106,60.009,43.808,46.2,43.617,44.075,48.669,43.79,41.47,46.124,51.043,38.506,48.649,46.743,42.019,57.095,43.854,52.53,43.952,48.63,51.408,46.263,47.199
40210,福岡県,八女市,2026,49.278,41.652,62.158,40.751,47.77,42.249,42.2,46.739,43.733,36.77,46.124,44.281,38.506,60.364,49.073,50.736,57.143,45.59,55.703,42.955,44.617,44.788,52.93,43.354
40211,福岡県,筑後市,2026,49.827,44.404,57.004,44.857,45.502,49.937,44.477,45.899,40.355,38.025,35.74,47.032,38.506,47.375,45.381,54.481,54.661,54.981,55.694,51.204,44.394,47.66,54.917,45.432
40213,福岡県,行橋市,2026,43.341,44.578,56.394,44.626,46.135,46.251,43.914,49.933,33.547,37.192,46.124,43.188,45.728,50.523,48.304,46.122,48.492,44.313,52.908,51.577,44.394,53.648,47.532,46.798
40214,福岡県,豊前市,2026,50.204,42.749,61.571,44.138,44.291,43.528,43.992,44.882,36.318,44.609,46.124,45.081,52.95,56.261,52.08,44.988,50.692,51.129,59.138,39.165,44.394,46.692,46.264,43.188
40215,福岡県,中間市,2026,49.082,43.949,56.458,53.197,48.764,44.88,48.975,45.683,37.566,46.414,56.509,44.476,45.728,45.324,48.902,47.945,47.607,43.933,45.288,48.686,44.394,45.745,37.323,46.703
40216,福岡県,小郡市,2026,49.751,42.693,57.088,46.121,47.496,46.173,44.251,48.834,40.943,44.543,46.124,54.693,38.506,48.234,46.651,53.956,47.823,54.427,51.943,59.224,44.394,47.037,47.709,45.987
40217,福岡県,筑紫野市,2026,44.619,48.249,51.208,42.758,49.065,46.413,45.3,48.096,39.708,45.509,35.74,50.705,45.728,54.175,47.03,50.935,48.012,51.204,47.475,54.339,48.54,48.802,49.073,49.576
40218,福岡県,春日市,2026,41.57,54.12,47.895,55.056,45.547,52.93,54.206,49.989,43.641,54.186,35.74,45.497,38.506,41.988,46.555,53.475,48.869,50.982,46.157,57.016,48.662,46.866,47.015,50.836
40219,福岡県,大野城市,2026,47.11,48.763,47.822,53.848,46.88,50.754,49.89,54.894,41.916,59.343,35.74,51.935,45.728,49.722,47.205,50.324,48.26,43.444,47.818,55.199,48.273,46.841,48.271,47.224
40220,福岡県,宗像市,2026,44.476,44.062,54.756,45.585,47.082,47.087,43.849,52.656,49.42,50.01,46.124,55.159,45.728,53.729,55.06,53.384,49.645,47.171,50.839,56.707,44.84,47.884,48.359,48.76
40221,福岡県,太宰府市,2026,45.142,48.891,52.432,47.985,48.356,50.308,51.016,54.902,42.185,42.818,56.509,48.821,45.728,51.432,44.896,51.542,49.974,44.361,50.95,57.265,54.02,50.251,42.04,48.168
40223,福岡県,古賀市,2026,46.992,42.634,52.897,45.251,47.093,48.407,45.199,48.578,37.589,43.97,46.124,51.523,45.728,53.185,40.857,47.365,48.472,51.451,51.823,50.075,44.394,45.896,50.568,48.666
40224,福岡県,福津市,2026,50.903,47.221,54.882,45.435,50.284,54.794,43.706,49.708,37.768,40.892,46.124,53.217,45.728,51.081,55.06,44.761,49.396,46.547,56.08,54.632,44.617,46.162,51.176,49.847
40228,福岡県,朝倉市,2026,40.823,40.267,63.153,37.728,43.482,40.459,42.408,46.737,35.534,35.267,35.74,47.902,52.95,59.34,49.674,51.692,53.203,48.567,58.734,44.852,44.617,44.856,51.519,46.603
40230,福岡県,糸島市,2026,46.425,43.905,57.718,45.09,46.6,44.636,42.634,46.361,43.175,49.717,35.74,51.683,45.728,58.457,50.855,49.69,54.293,46.17,55.89,51.152,44.84,49.414,47.288,52.86
40231,福岡県,那珂川市,2026,47.438,46.342,50.948,50.284,47.657,50.846,46.715,50.153,34.834,42.475,35.74,49.088,45.728,59.484,46.452,58.06,51.673,51.804,45.115,52.432,48.761,50.167,47.081,51.104
40343,福岡県,志免町,2026,44.451,52.332,50.102,50.995,49.8,51.136,47.234,46.255,42.738,48.012,35.74,47.327,38.506,44.047,54.871,46.217,47.411,55.76,45.641,52.422,44.617,45.356,46.83,49.262
40349,福岡県,粕屋町,2026,43.84,49.224,45.888,51.468,47.466,58.896,45.91,50.938,36.149,48.25,35.74,41.013,38.506,45.732,54.685,48.04,50.337,49.638,43.958,46.848,44.394,46.043,51.815,48.68
40621,福岡県,苅田町,2026,48.914,45.63,51.937,43.857,47.234,49.384,43.252,52.062,41.716,45.529,35.74,36.219,52.95,48.893,51.397,46.256,46.38,50.306,51.997,52.857,44.394,45.512,52.254,43.643
41201,佐賀県,佐賀市,2026,49.995,48.569,53.861,44.826,52.144,50.055,43.614,52.176,58.486,48.892,66.893,39.926,52.95,55.398,49.494,48.228,54.713,47.725,57.092,54.804,48.801,54.083,54.884,47.2
41202,佐賀県,唐津市,2026,43.987,43.886,59.983,43.509,49.39,49.026,43.36,43.243,36.71,35.937,66.893,45.461,80.0,57.417,52.473,42.99,53.496,42.786,58.529,43.912,51.066,46.174,51.607,45.508
41203,佐賀県,鳥栖市,2026,50.158,44.995,52.599,43.152,50.202,51.247,44.078,51.125,42.975,43.686,35.74,48.33,38.506,53.661,43.639,52.926,50.561,38.92,54.577,50.946,44.394,47.158,54.003,47.933
41205,佐賀県,伊万里市,2026,46.935,43.224,58.984,41.153,51.667,47.26,42.536,47.938,40.854,40.838,35.74,45.54,60.172,57.574,46.273,48.137,55.084,42.316,55.121,44.108,48.984,45.338,54.772,45.501
41206,佐賀県,武雄市,2026,45.425,42.135,61.262,36.747,55.595,46.847,42.741,54.134,41.081,43.764,46.124,46.96,45.728,56.343,52.479,47.993,58.775,37.685,61.482,45.319,48.984,46.889,54.189,44.297
41208,佐賀県,小城市,2026,42.183,39.18,60.551,37.282,44.418,51.404,42.55,45.663,38.843,36.374,35.74,51.651,45.728,53.86,48.398,53.023,58.054,40.203,48.653,56.562,48.761,44.789,52.688,44.588
41341,佐賀県,基山町,2026,52.193,36.816,57.664,42.212,43.871,51.635,44.97,55.392,42.101,51.817,35.74,55.466,45.728,57.733,51.057,55.157,52.061,50.103,64.374,57.623,48.761,47.286,50.007,51.752
41401,佐賀県,有田町,2026,50.354,39.938,63.885,45.174,43.233,44.621,43.181,51.509,36.365,47.061,35.74,51.025,38.506,57.633,47.713,48.201,58.097,42.098,64.082,49.654,48.984,48.827,55.095,42.364
42201,長崎県,長崎市,2026,44.558,48.234,50.657,53.257,50.132,45.735,48.479,46.238,53.782,48.766,66.893,51.901,60.172,52.999,48.185,51.994,49.05,45.764,47.639,36.181,51.861,49.375,47.805,50.269
42202,長崎県,佐世保市,2026,48.39,44.599,53.872,50.142,52.87,49.344,44.9,52.445,50.061,52.028,46.124,50.405,60.172,53.919,48.887,49.441,54.15,43.541,49.433,39.34,54.581,47.927,51.065,45.25
42203,長崎県,島原市,2026,56.642,44.208,59.082,47.626,56.875,51.575,44.997,56.491,40.919,42.876,46.124,52.646,52.95,54.14,52.668,45.202,51.084,42.345,59.871,38.641,48.63,51.445,53.346,44.411
42204,長崎県,諫早市,2026,47.605,45.712,55.433,44.163,52.972,47.978,43.372,55.828,38.655,45.919,35.74,52.972,45.728,55.419,49.347,47.687,50.724,40.209,60.73,45.219,47.653,49.338,53.256,45.612
42205,長崎県,大村市,2026,52.827,46.224,54.965,45.76,49.133,49.987,44.374,47.81,48.453,46.928,46.124,55.239,45.728,56.434,52.694,50.722,49.755,45.527,61.993,49.527,52.996,49.843,52.521,47.565
42214,長崎県,南島原市,2026,52.082,37.322,66.098,43.56,53.836,44.389,42.82,50.207,44.37,37.309,46.124,55.264,52.95,56.5,54.212,45.717,54.315,38.921,61.218,38.887,48.63,47.891,50.934,43.513
42307,長崎県,長与町,2026,47.485,44.886,56.507,52.399,43.538,52.573,45.442,49.571,39.607,46.202,35.74,62.204,38.506,52.48,52.716,48.583,51.405,52.853,50.357,55.135,44.394,46.947,53.448,48.047
43100,熊本県,熊本市,2026,48.595,49.524,49.685,51.156,50.982,53.291,46.041,42.064,58.514,55.279,66.893,53.095,60.172,47.976,51.004,56.231,50.899,44.346,45.733,51.799,52.353,53.273,49.989,55.544
43202,熊本県,八代市,2026,48.617,43.765,57.76,45.23,50.266,45.505,43.342,43.919,51.881,41.356,46.124,53.17,45.728,65.45,48.155,46.072,53.969,43.142,55.486,41.473,54.01,46.394,48.719,43.753
43204,熊本県,荒尾市,2026,45.493,41.514,57.865,46.206,60.376,47.855,43.612,42.914,48.711,53.148,56.509,51.727,38.506,48.74,55.899,45.517,49.509,48.3,48.082,40.048,44.617,44.888,42.937,44.099
43206,熊本県,玉名市,2026,50.066,41.272,60.019,43.213,49.001,45.362,42.783,46.386,41.861,41.644,56.509,52.935,45.728,51.715,45.813,51.765,52.749,38.86,60.571,46.178,48.984,44.445,51.154,43.686
43208,熊本県,山鹿市,2026,52.998,41.844,61.791,42.821,49.107,46.297,41.839,49.182,40.585,39.525,46.124,52.114,52.95,57.799,46.317,46.632,54.099,44.049,61.973,41.945,48.984,44.249,53.14,43.216
43210,熊本県,菊池市,2026,51.697,40.014,59.37,41.865,49.789,46.129,42.041,48.944,41.16,36.949,56.509,56.195,52.95,57.682,53.427,50.605,56.053,50.298,59.107,44.627,48.761,45.082,49.224,44.338
43213,熊本県,宇城市,2026,50.759,38.93,58.779,36.517,50.532,44.566,42.009,47.781,43.463,42.534,56.509,56.239,45.728,54.546,53.709,47.459,52.91,39.289,55.1,46.96,48.853,45.6,50.321,45.269
43215,熊本県,天草市,2026,51.286,40.019,60.343,40.489,53.849,45.733,42.229,47.715,44.265,40.92,46.124,50.991,60.172,58.628,49.856,47.643,54.772,43.296,62.148,39.148,48.853,45.867,50.792,42.938
43216,熊本県,合志市,2026,52.753,40.606,57.472,47.731,42.271,55.045,43.001,49.708,44.815,51.532,35.74,61.453,38.506,49.09,45.77,49.749,52.231,47.651,59.212,52.111,44.394,46.609,49.465,52.344
43404,熊本県,菊陽町,2026,56.46,47.772,50.892,45.181,50.013,48.936,42.741,48.503,44.286,46.706,35.74,53.982,38.506,49.605,44.343,50.776,49.461,47.24,51.483,58.805,44.394,46.811,57.209,47.236
44201,大分県,大分市,2026,46.131,48.691,50.367,47.684,50.043,52.474,45.235,47.423,52.129,54.017,56.509,54.861,67.393,53.181,43.545,49.587,52.11,47.432,46.243,51.607,48.636,47.454,52.732,49.844
44202,大分県,別府市,2026,50.571,54.318,50.123,51.299,58.894,52.745,46.921,48.407,47.722,46.149,56.509,49.682,60.172,53.076,52.325,50.909,47.466,50.091,54.135,42.702,51.334,48.051,45.593,46.755
44203,大分県,中津市,2026,44.434,45.115,56.156,42.039,53.843,50.902,43.829,47.301,45.544,39.766,46.124,49.524,52.95,58.51,43.254,48.728,53.958,47.25,55.057,42.91,53.666,46.758,52.118,45.355
44204,大分県,日田市,2026,48.441,43.646,58.413,42.051,51.688,47.5,43.729,47.748,47.777,39.285,46.124,53.266,67.393,62.623,49.495,52.729,55.669,47.954,56.582,41.738,54.112,52.132,53.339,44.734
44205,大分県,佐伯市,2026,46.693,43.839,60.526,39.881,60.997,42.705,43.914,46.547,38.514,49.228,66.893,51.95,52.95,60.853,51.143,43.441,49.217,43.668,59.238,54.286,44.394,55.572,47.601,41.855
44211,大分県,宇佐市,2026,49.106,40.569,60.151,37.339,48.809,48.954,42.624,45.044,41.318,39.245,46.124,44.799,52.95,54.834,50.287,49.973,54.504,50.578,59.673,44.895,49.299,50.006,48.818,43.186
45201,宮崎県,宮崎市,2026,51.947,49.523,51.369,47.603,52.462,48.905,44.078,49.604,40.335,57.068,56.509,46.619,67.393,59.79,50.675,49.416,48.73,49.571,43.327,54.392,49.009,47.64,50.6,50.151
45202,宮崎県,都城市,2026,54.489,45.62,56.707,42.088,50.119,45.704,42.862,46.936,52.308,48.801,46.124,42.712,60.172,59.921,46.867,51.661,48.794,50.191,58.549,36.995,44.583,44.086,53.766,46.834
45203,宮崎県,延岡市,2026,54.178,47.448,55.848,45.318,55.06,48.093,44.564,46.464,56.328,42.617,46.124,49.972,52.95,63.738,50.146,47.825,51.378,44.451,49.95,38.798,47.787,45.226,51.332,44.355
45204,宮崎県,日南市,2026,49.045,43.814,59.296,42.122,53.351,44.06,43.182,44.421,42.332,46.402,46.124,50.026,67.393,66.421,52.292,44.811,49.816,46.496,53.419,37.041,48.63,44.049,49.379,46.072
45206,宮崎県,日向市,2026,53.714,50.932,56.422,44.915,55.927,48.545,43.852,42.986,43.212,46.488,56.509,48.596,60.172,63.765,54.077,46.176,52.491,47.738,49.861,45.605,48.63,45.712,54.182,44.165
46201,鹿児島県,鹿児島市,2026,44.701,50.654,49.2,52.094,50.462,53.148,46.829,48.454,54.822,49.024,77.277,48.697,67.393,59.71,51.103,53.98,48.123,49.894,41.764,43.662,52.203,48.596,50.279,50.205
46203,鹿児島県,鹿屋市,2026,52.298,41.91,56.241,40.407,54.036,49.435,42.521,46.562,48.841,46.005,35.74,48.865,38.506,59.166,50.152,57.694,50.646,40.41,52.184,38.898,43.84,47.537,54.374,45.497
46208,鹿児島県,出水市,2026,45.068,38.905,58.096,44.689,51.274,50.713,42.858,51.915,39.434,38.786,46.124,46.944,45.728,63.764,49.203,48.401,49.763,54.444,57.561,43.103,48.761,46.26,51.947,45.433
46215,鹿児島県,薩摩川内市,2026,51.449,39.527,55.494,42.451,53.71,47.938,42.533,49.189,44.333,41.873,46.124,44.493,52.95,62.939,52.104,51.054,50.179,41.573,58.449,41.129,48.984,46.867,51.258,44.694
46216,鹿児島県,日置市,2026,51.175,39.401,59.275,41.512,52.111,46.373,42.937,50.341,45.271,44.479,35.74,43.898,38.506,61.772,58.745,51.512,49.726,46.917,63.7,46.497,44.394,49.639,46.883,44.057
46218,鹿児島県,霧島市,2026,47.732,42.314,54.134,41.164,52.432,49.887,43.293,50.177,47.177,44.432,46.124,41.995,52.95,62.146,54.433,47.365,47.133,42.558,59.528,41.883,44.594,46.268,51.448,45.817
46222,鹿児島県,奄美市,2026,51.404,44.06,51.411,48.899,64.278,52.169,45.805,45.572,32.676,47.187,46.124,49.635,45.728,59.539,49.941,39.902,46.615,43.396,54.23,30.502,44.617,45.158,47.21,48.649
46225,鹿児島県,姶良市,2026,48.084,43.719,56.328,43.752,49.05,49.942,43.887,48.896,42.12,40.837,35.74,49.099,52.95,66.334,50.684,45.71,49.45,38.606,58.888,48.72,48.761,46.644,49.73,49.176
47201,沖縄県,那覇市,2026,50.8,61.684,41.038,54.855,55.232,53.25,57.947,49.766,55.98,53.409,46.124,53.34,52.95,43.014,50.867,49.155,43.337,52.805,45.146,39.953,53.733,51.902,37.048,54.464
47205,沖縄県,宜野湾市,2026,51.692,54.11,43.664,48.196,53.014,52.05,51.417,43.17,48.792,49.416,46.124,56.788,38.506,43.987,45.458,48.425,46.664,49.506,54.848,47.94,45.757,50.699,38.057,51.135
47207,沖縄県,石垣市,2026,55.689,50.277,46.196,48.363,80.0,52.222,43.499,45.865,43.181,53.476,46.124,55.103,52.95,52.234,53.204,47.83,49.047,47.538,61.2,48.39,49.299,51.526,53.731,53.586
47208,沖縄県,浦添市,2026,52.646,56.221,43.588,50.018,54.712,51.002,54.123,52.039,41.895,49.006,46.124,56.729,45.728,42.962,47.517,46.689,44.317,47.416,56.419,43.118,48.447,46.333,40.97,53.397
47209,沖縄県,名護市,2026,54.115,45.35,47.317,39.619,58.032,47.276,44.421,47.668,38.585,53.315,46.124,50.236,45.728,55.215,50.372,40.776,44.864,40.851,64.412,41.375,44.617,47.9,45.854,53.784
47210,沖縄県,糸満市,2026,53.854,46.851,48.945,46.598,50.624,50.409,45.545,53.598,39.027,49.97,46.124,56.137,52.95,50.199,48.476,44.72,47.302,46.944,46.851,28.54,48.63,45.842,43.058,53.324
47211,沖縄県,沖縄市,2026,53.783,52.323,47.23,44.984,48.433,54.767,48.667,46.148,50.322,51.368,46.124,58.264,38.506,47.004,53.293,48.735,42.523,43.696,49.181,37.815,47.924,44.448,34.841,50.529
47212,沖縄県,豊見城市,2026,50.532,50.237,47.128,46.955,45.72,53.708,48.672,45.716,34.796,50.882,46.124,63.864,38.506,49.098,44.186,47.394,47.472,43.041,48.233,46.381,44.394,45.682,45.196,54.612
47213,沖縄県,うるま市,2026,53.134,44.647,51.167,44.335,48.367,56.429,45.951,41.848,39.91,52.563,46.124,60.124,45.728,49.747,50.715,47.446,44.818,41.215,58.209,31.26,44.505,44.423,37.554,54.385
47214,沖縄県,宮古島市,2026,54.679,46.552,49.389,43.929,80.0,49.123,42.486,43.221,45.52,51.199,46.124,51.049,38.506,50.026,54.497,52.556,50.22,36.642,66.346,41.584,53.088,45.946,57.213,54.479
01100,北海道,札幌市,2025,43.224,51.957,46.673,57.031,47.599,48.08,48.957,43.064,67.994,59.209,66.893,51.593,52.95,47.472,56.144,53.784,48.755,52.79,56.104,48.05,53.715,50.104,41.907,62.491
01202,北海道,函館市,2025,45.892,51.38,53.523,52.632,49.411,45.188,47.103,44.65,56.232,55.225,46.124,50.418,45.728,53.268,49.909,54.905,46.703,56.018,49.908,29.115,52.265,47.401,41.914,52.546
01203,北海道,小樽市,2025,44.184,49.047,54.718,52.222,50.335,42.169,45.272,46.23,44.377,51.148,46.124,52.074,52.95,53.799,50.264,51.159,48.159,48.127,44.785,23.814,51.761,49.212,36.345,44.315
01204,北海道,旭川市,2025,48.264,51.31,54.935,50.988,48.625,47.408,43.255,44.591,50.126,58.409,66.893,55.6,38.506,51.404,50.053,52.006,46.775,51.637,45.716,47.11,47.551,49.112,45.768,45.501
01205,北海道,室蘭市,2025,41.591,46.274,52.55,51.681,45.278,43.109,46.603,43.663,50.785,59.043,35.74,50.247,38.506,47.882,48.134,43.468,47.485,50.14,53.19,32.438,52.996,48.75,44.112,41.239
01206,北海道,釧路市,2025,47.447,50.802,53.248,51.132,51.747,44.729,42.179,40.865,51.065,53.138,46.124,54.916,52.95,50.992,56.37,47.434,46.038,46.766,43.92,35.613,44.325,46.823,44.543,44.045
01207,北海道,帯広市,2025,52.563,52.949,53.376,51.594,49.654,45.402,41.818,41.848,47.647,62.749,35.74,55.0,45.728,50.626,55.029,51.482,47.728,43.15,52.37,50.426,47.69,46.885,52.475,50.375
01208,北海道,北見市,2025,52.169,46.58,55.067,47.962,48.821,45.881,41.624,44.047,46.658,51.984,56.509,56.515,45.728,50.242,52.756,47.009,48.422,40.338,49.962,47.034,44.347,45.155,50.024,43.959
01210,北海道,岩見沢市,2025,48.551,40.022,57.606,45.491,49.35,40.99,41.438,40.53,45.462,58.331,35.74,55.647,38.506,51.139,45.641,49.611,48.321,43.12,49.147,36.545,48.761,44.471,43.978,43.833
01211,北海道,網走市,2025,47.825,43.463,53.832,49.581,56.934,40.709,41.32,44.312,45.563,54.519,35.74,58.107,52.95,50.142,55.025,49.169,47.095,43.51,55.465,48.815,49.076,47.644,54.248,41.51
01213,北海道,苫小牧市,2025,52.865,48.347,53.665,48.375,53.583,47.047,42.519,44.238,47.24,60.113,35.74,50.181,52.95,52.553,55.0,45.721,44.492,50.729,49.971,38.178,43.985,44.516,49.846,45.613
01217,北海道,江別市,2025,44.891,46.005,56.141,50.324,44.591,44.605,42.474,50.007,46.737,51.158,35.74,58.604,38.506,47.55,48.825,52.971,46.345,51.287,53.472,53.646,47.618,50.892,40.782,48.782
01222,北海道,三笠市,2025,35.315,37.788,57.489,44.238,55.469,42.759,41.508,42.877,38.14,58.687,35.74,43.756,38.506,56.674,53.499,51.38,51.903,38.051,56.216,31.3,48.761,44.043,37.979,46.699
01224,北海道,千歳市,2025,44.542,47.529,51.445,48.334,51.245,48.666,41.995,46.714,54.398,57.884,35.74,53.078,52.95,54.475,51.363,54.091,47.373,49.953,54.412,49.668,44.394,46.08,53.737,45.669
01225,北海道,滝川市,2025,39.047,46.986,54.693,50.532,52.036,39.398,41.827,44.007,33.118,57.986,35.74,53.383,38.506,48.333,45.795,52.155,47.517,45.14,57.749,37.693,44.394,43.855,51.396,42.613
01230,北海道,登別市,2025,44.088,44.729,57.406,46.848,48.514,43.315,44.197,45.479,47.201,50.649,35.74,54.656,45.728,55.361,48.06,44.114,49.181,43.918,53.148,43.443,44.394,49.561,46.052,43.101
01231,北海道,恵庭市,2025,43.713,44.23,55.522,48.693,47.969,46.937,42.303,47.577,45.011,61.721,35.74,57.694,45.728,54.219,51.586,54.153,45.735,48.816,54.904,50.126,44.394,45.285,45.568,45.242
01234,北海道,北広島市,2025,49.837,42.407,57.885,44.759,51.801,44.711,43.439,46.818,42.888,62.258,35.74,60.536,38.506,50.757,46.586,56.253,49.416,51.936,49.454,55.144,44.394,46.108,42.151,45.71
01235,北海道,石狩市,2025,43.479,45.331,59.959,48.585,50.571,47.244,41.441,47.896,45.301,51.609,35.74,54.514,45.728,52.333,58.515,49.81,49.972,50.947,54.566,49.907,52.996,45.105,43.239,48.391
01236,北海道,北斗市,2025,46.209,42.714,57.86,43.604,47.044,43.975,42.593,47.418,34.397,53.921,35.74,57.082,38.506,54.681,52.351,43.911,51.654,44.345,47.195,38.099,44.394,46.857,42.082,42.512
01631,北海道,音更町,2025,56.795,42.075,58.669,42.369,47.212,48.97,41.043,46.109,37.387,52.598,35.74,61.561,38.506,50.218,48.146,50.555,47.706,40.968,56.835,54.304,44.394,53.873,50.431,45.26
02201,青森県,青森市,2025,55.484,48.838,57.818,49.854,48.43,48.783,43.608,47.781,50.823,51.767,46.124,50.014,60.172,52.954,50.648,47.038,52.991,48.579,41.511,32.298,45.147,49.037,44.547,46.778
02202,青森県,弘前市,2025,55.528,48.038,57.293,50.323,51.274,47.55,42.709,45.51,33.148,49.728,56.509,50.722,67.393,51.034,49.076,53.927,53.008,39.78,46.928,36.509,54.46,48.079,50.312,47.931
02203,青森県,八戸市,2025,51.669,46.438,57.028,48.955,51.484,49.824,44.765,42.603,55.039,52.236,56.509,49.483,52.95,46.98,51.624,52.603,51.072,48.23,42.374,29.548,51.233,46.314,50.147,43.855
02205,青森県,五所川原市,2025,53.923,45.826,63.163,42.399,49.122,43.38,41.857,39.256,33.704,46.871,35.74,46.565,45.728,53.069,53.191,53.438,53.028,35.895,55.625,37.873,44.84,44.602,42.474,42.952
02206,青森県,十和田市,2025,53.276,45.042,60.615,42.523,61.109,46.196,41.913,46.379,32.499,40.951,35.74,50.358,52.95,50.779,50.276,49.646,49.146,49.823,48.976,30.16,48.853,43.942,51.787,44.699
02207,青森県,三沢市,2025,52.119,49.927,57.897,46.165,54.445,49.626,42.025,45.164,36.474,55.671,35.74,47.155,38.506,47.701,48.068,46.152,48.12,52.349,53.421,39.252,44.394,46.21,53.268,44.581
02208,青森県,むつ市,2025,50.547,43.982,60.315,42.15,53.465,42.285,42.367,38.7,39.977,41.06,56.509,49.132,52.95,54.427,50.383,43.146,50.074,42.058,49.895,32.21,44.617,46.55,47.797,42.387
03201,岩手県,盛岡市,2025,54.729,49.44,51.365,50.832,55.04,51.694,44.408,46.801,47.445,53.432,56.509,54.531,45.728,54.472,51.735,50.724,50.724,48.238,50.724,45.746,48.828,50.182,52.158,52.609
03202,岩手県,宮古市,2025,49.818,40.609,60.115,39.678,51.145,40.063,43.083,44.283,38.687,38.053,35.74,58.332,60.172,56.713,57.865,47.62,50.172,42.3,52.13,25.023,48.63,50.41,50.152,41.694
03205,岩手県,花巻市,2025,54.387,41.855,63.034,38.581,48.463,39.477,41.65,48.355,30.73,48.912,35.74,56.376,52.95,54.918,52.048,52.826,55.993,46.509,57.404,43.271,53.534,44.264,54.825,44.541
03206,岩手県,北上市,2025,52.394,43.678,56.088,41.712,50.079,48.386,41.942,46.987,35.868,48.94,46.124,52.919,45.728,53.859,48.351,56.475,50.394,48.251,56.824,50.901,44.84,44.108,56.068,46.683
03209,岩手県,一関市,2025,51.048,40.101,63.736,39.92,52.916,42.361,41.54,45.697,48.116,37.625,46.124,55.339,67.393,53.563,53.607,52.179,56.618,49.254,59.63,41.891,47.279,47.684,54.731,43.631
03215,岩手県,奥州市,2025,53.437,42.58,62.433,40.694,55.407,42.527,41.373,43.385,48.361,40.169,46.124,53.905,60.172,52.765,49.425,51.347,53.968,46.496,58.953,50.105,47.843,44.696,55.035,43.052
03216,岩手県,滝沢市,2025,50.827,35.757,58.029,42.879,43.931,43.875,42.453,44.793,38.171,45.787,35.74,63.88,52.95,53.815,54.019,49.061,52.467,46.228,50.645,45.982,52.865,48.487,53.759,49.513
03321,岩手県,紫波町,2025,48.122,37.445,64.326,39.325,44.376,36.691,41.456,45.405,32.168,45.023,35.74,62.507,38.506,54.714,52.747,51.031,55.431,50.651,60.076,40.419,44.617,52.725,50.367,47.049
03322,岩手県,矢巾町,2025,59.79,41.297,56.871,39.633,41.215,43.41,41.947,36.888,36.438,35.678,35.74,59.984,38.506,52.554,46.883,50.501,51.769,42.702,59.546,49.238,44.394,44.861,52.864,41.437
04100,宮城県,仙台市,2025,53.315,49.634,45.94,54.001,48.391,51.743,47.618,44.477,70.402,59.723,56.509,53.743,67.393,48.901,55.789,53.485,51.566,52.221,41.647,58.893,58.937,50.466,49.764,63.719
04202,宮城県,石巻市,2025,45.301,43.588,58.37,44.27,47.372,42.807,42.958,39.901,37.131,54.314,46.124,46.63,52.95,52.269,55.33,47.559,54.296,48.82,44.179,43.582,53.603,45.556,52.517,43.103
04203,宮城県,塩竈市,2025,49.18,49.275,56.962,50.732,48.369,46.94,49.416,45.504,44.321,57.479,46.124,55.613,52.95,43.913,48.574,45.097,52.194,51.084,48.186,49.77,57.455,45.818,42.772,44.707
04205,宮城県,気仙沼市,2025,53.685,42.319,62.569,45.448,49.62,40.765,43.729,41.138,44.929,42.12,35.74,51.549,45.728,53.726,55.37,50.595,56.596,42.57,58.0,45.499,52.996,45.597,53.583,43.621
04207,宮城県,名取市,2025,50.871,47.137,55.519,41.521,52.086,49.555,42.737,43.809,42.744,48.715,35.74,54.284,52.95,48.536,49.621,48.364,50.421,44.876,46.142,52.953,44.84,46.541,51.367,46.051
04209,宮城県,多賀城市,2025,50.135,49.122,51.645,50.903,47.389,55.667,47.206,54.958,41.034,47.622,46.124,54.341,45.728,43.613,45.794,44.887,49.847,45.02,46.136,56.224,52.996,49.023,47.771,46.206
04211,宮城県,岩沼市,2025,53.248,45.505,55.467,43.303,47.098,49.539,42.561,52.071,41.084,54.42,35.74,55.872,52.95,48.738,53.861,45.543,48.971,44.174,50.924,47.617,48.63,45.302,50.752,44.482
04212,宮城県,登米市,2025,54.873,38.386,64.185,38.644,51.837,43.202,41.648,42.839,38.411,41.553,46.124,56.972,52.95,52.223,54.614,50.973,55.81,49.949,59.927,38.507,44.617,49.924,54.54,42.695
04213,宮城県,栗原市,2025,53.163,37.701,65.999,36.145,44.337,39.195,41.155,42.353,42.755,41.88,35.74,57.557,45.728,53.846,55.765,54.327,57.736,45.255,62.47,44.013,44.394,45.873,54.053,42.358
04214,宮城県,東松島市,2025,46.939,43.36,60.313,40.775,49.145,51.077,42.547,43.208,33.448,54.094,35.74,55.834,45.728,49.266,58.1,47.429,52.534,36.466,51.335,48.609,48.63,44.448,44.737,46.226
04215,宮城県,大崎市,2025,50.616,42.489,59.057,38.725,47.252,44.216,41.697,44.172,35.704,42.09,46.124,53.331,60.172,53.714,55.534,51.125,56.816,40.586,49.793,43.477,47.036,46.171,49.523,45.146
04216,宮城県,富谷市,2025,53.234,43.124,59.043,43.962,48.49,51.243,45.473,44.416,36.957,48.657,35.74,65.351,38.506,48.358,48.569,52.166,50.907,47.947,56.152,57.886,44.394,46.062,54.159,47.914
04323,宮城県,柴田町,2025,50.608,46.75,56.046,45.969,45.523,40.994,43.399,43.966,41.665,51.177,46.124,55.233,38.506,50.461,49.002,47.685,53.47,41.925,48.226,45.096,44.394,44.786,41.019,43.707
05201,秋田県,秋田市,2025,48.606,48.063,56.505,48.652,51.957,45.287,43.447,47.257,61.275,50.777,46.124,54.712,45.728,54.903,54.607,50.336,51.22,48.105,49.223,42.883,52.575,50.178,50.275,47.272
05202,秋田県,能代市,2025,43.951,46.311,63.231,42.022,52.449,43.652,41.54,46.854,35.841,41.533,35.74,53.101,45.728,55.053,54.744,52.78,53.389,44.043,55.489,39.148,48.761,49.781,45.814,45.375
05203,秋田県,横手市,2025,50.901,40.796,65.175,41.07,50.184,39.088,41.468,43.67,43.965,50.057,46.124,61.89,38.506,55.265,48.707,53.318,54.481,39.947,60.019,41.568,45.064,48.097,53.464,44.963
05204,秋田県,大館市,2025,48.924,41.978,61.352,42.053,52.867,41.007,42.088,42.288,37.928,46.602,35.74,58.099,45.728,57.739,49.643,50.696,54.236,41.55,57.375,34.982,44.617,48.838,50.671,43.028
05207,秋田県,湯沢市,2025,54.335,41.122,67.279,41.855,48.28,39.011,41.608,38.608,36.476,39.438,35.74,61.92,45.728,59.548,49.164,52.732,59.667,41.264,55.848,41.006,44.394,45.185,48.894,42.2
05210,秋田県,由利本荘市,2025,46.036,42.877,62.867,37.253,48.121,41.641,41.573,43.647,49.491,44.912,35.74,59.917,52.95,56.919,56.525,50.713,55.155,42.756,63.277,37.564,48.984,45.916,53.353,41.36
05211,秋田県,潟上市,2025,43.588,37.253,63.585,42.903,46.35,39.398,42.051,41.755,24.195,46.423,35.74,62.41,38.506,52.276,53.253,48.502,50.402,48.173,57.229,40.414,44.84,43.73,45.236,44.615
05212,秋田県,大仙市,2025,48.167,39.949,65.34,37.475,52.676,43.046,41.571,42.367,47.345,46.353,35.74,61.302,38.506,56.341,49.183,49.972,55.974,51.553,59.839,37.464,49.299,51.049,52.264,44.616
06201,山形県,山形市,2025,50.334,48.78,54.732,45.236,51.148,52.435,44.656,45.669,53.667,52.994,46.124,50.663,52.95,52.373,48.88,56.677,56.531,48.063,50.234,54.897,59.476,47.179,54.986,46.433
06202,山形県,米沢市,2025,50.092,46.682,57.99,44.735,48.687,47.423,42.795,46.771,40.056,42.19,56.509,49.472,67.393,56.202,54.017,52.101,57.086,48.327,54.802,48.988,44.617,49.12,53.6,45.611
06203,山形県,鶴岡市,2025,55.813,44.564,64.954,40.595,50.83,45.209,41.717,48.916,47.805,41.825,56.509,53.758,60.172,58.806,54.88,53.762,58.715,50.984,63.393,49.272,64.368,45.244,56.501,45.011
06204,山形県,酒田市,2025,53.104,46.516,62.392,42.785,48.245,44.133,41.94,46.915,46.023,48.421,46.124,55.077,45.728,56.014,54.8,47.337,57.061,42.768,55.692,40.294,50.346,45.805,52.72,44.042
06206,山形県,寒河江市,2025,51.74,47.8,64.526,42.346,51.034,44.126,42.555,48.553,46.648,50.375,35.74,55.553,38.506,54.431,51.482,52.113,59.487,52.546,59.227,47.284,48.984,44.764,54.783,43.3
06209,山形県,長井市,2025,51.614,43.54,63.657,41.784,48.179,42.869,41.86,42.309,41.297,40.522,46.124,59.039,52.95,57.593,57.679,52.088,58.437,49.332,66.616,51.712,48.63,46.28,57.978,43.743
06210,山形県,天童市,2025,53.742,47.158,59.962,42.267,51.811,51.468,42.887,53.251,41.673,48.863,46.124,51.463,38.506,51.135,42.98,58.455,56.281,46.547,56.391,49.516,48.984,45.921,56.33,46.37
06211,山形県,東根市,2025,50.898,40.523,61.385,42.714,48.825,50.927,42.704,50.032,45.235,43.188,35.74,53.051,38.506,54.679,42.214,52.101,55.836,47.811,57.092,54.266,44.394,44.37,58.82,45.487
07201,福島県,福島市,2025,53.735,46.718,54.815,46.598,50.125,45.583,43.69,49.331,48.237,45.474,46.124,55.262,52.95,53.146,54.926,50.325,53.617,44.944,47.063,47.404,45.256,52.176,52.295,45.171
07202,福島県,会津若松市,2025,55.356,49.624,57.257,48.182,52.937,45.639,43.544,53.916,58.185,52.936,46.124,52.645,52.95,52.831,54.528,50.296,53.039,46.405,52.888,46.654,51.302,46.092,52.94,45.821
07203,福島県,郡山市,2025,51.065,46.802,52.482,45.467,49.408,46.258,43.351,48.422,55.138,46.363,46.124,51.869,60.172,51.906,51.226,53.315,51.463,46.524,43.23,48.493,47.89,47.13,52.283,46.312
07204,福島県,いわき市,2025,47.031,42.533,56.866,43.033,49.302,42.885,44.234,48.471,49.736,44.581,46.124,53.376,38.506,51.849,58.614,47.893,51.57,43.163,43.915,32.266,51.072,45.591,48.099,44.721
07205,福島県,白河市,2025,47.277,40.97,59.027,39.594,53.971,43.552,42.546,53.417,46.332,45.624,66.893,53.508,52.95,52.693,52.762,50.701,54.824,41.113,54.401,45.208,48.63,46.417,51.743,42.378
07207,福島県,須賀川市,2025,50.789,41.484,60.124,40.054,54.027,45.945,42.324,45.429,39.25,44.988,35.74,56.918,45.728,51.432,50.525,53.161,57.336,33.578,50.525,42.958,48.63,51.781,55.201,44.07
07208,福島県,喜多方市,2025,49.27,43.0,66.111,42.193,44.948,43.442,41.945,44.725,35.582,37.829,46.124,51.322,60.172,56.53,47.81,50.019,56.11,37.364,58.203,35.205,49.207,52.127,53.719,42.136
07210,福島県,二本松市,2025,45.136,37.871,63.614,36.713,44.749,41.936,41.838,47.572,32.709,36.154,46.124,56.952,52.95,51.86,53.874,51.457,57.209,36.118,57.335,44.897,48.63,53.389,52.231,41.743
07212,福島県,南相馬市,2025,43.045,41.61,59.964,36.743,47.559,40.419,41.722,46.196,37.874,42.849,35.74,45.177,45.728,51.02,58.937,52.111,52.849,45.141,52.877,46.992,44.617,44.562,52.636,46.162
07213,福島県,伊達市,2025,49.969,40.795,64.052,44.379,45.656,42.048,42.06,41.93,43.168,34.984,35.74,60.099,38.506,52.327,43.833,46.983,55.138,47.221,49.715,42.072,48.853,43.628,49.544,43.269
07466,福島県,矢吹町,2025,55.746,41.122,61.937,40.88,57.618,42.475,41.768,44.828,39.671,40.593,35.74,48.248,45.728,50.206,50.798,47.103,53.341,28.445,55.548,43.051,44.394,44.656,50.798,40.735
08201,茨城県,水戸市,2025,52.449,50.127,52.014,45.857,51.697,49.254,44.572,46.306,47.107,53.805,77.277,42.524,45.728,47.719,55.477,54.21,49.259,45.217,48.795,46.359,58.002,49.134,50.807,48.305
08202,茨城県,日立市,2025,48.228,47.597,55.973,47.884,49.586,45.81,46.411,52.45,46.708,50.394,46.124,48.89,45.728,52.588,53.256,48.826,47.672,43.01,42.314,47.714,43.958,45.726,44.016,45.941
08203,茨城県,土浦市,2025,52.468,46.799,52.215,43.888,50.371,48.458,44.133,51.787,37.219,47.311,56.509,40.564,52.95,47.861,49.906,49.644,49.021,48.103,43.51,42.297,44.553,49.693,46.694,46.874
08204,茨城県,古河市,2025,49.332,43.896,56.834,44.582,48.926,46.615,43.756,47.691,41.449,41.027,56.509,49.28,38.506,49.923,48.68,52.494,52.078,49.059,47.584,43.256,44.102,46.747,47.32,46.768
08205,茨城県,石岡市,2025,50.544,41.755,59.923,39.336,50.814,43.524,42.832,49.594,49.824,40.83,56.509,45.481,52.95,53.622,55.114,51.739,51.955,38.139,53.888,43.651,44.617,47.06,48.571,44.521
08207,茨城県,結城市,2025,46.625,41.831,60.524,43.612,45.196,44.906,43.015,45.43,42.321,42.855,46.124,51.692,38.506,49.06,44.557,52.704,50.848,54.891,48.882,51.595,44.394,45.179,48.263,47.949
08208,茨城県,龍ケ崎市,2025,48.388,46.177,56.957,47.075,53.319,45.456,43.805,51.365,40.936,52.956,35.74,45.464,38.506,48.668,45.266,51.257,49.908,49.305,42.145,48.03,44.617,48.805,45.9,48.663
08210,茨城県,下妻市,2025,41.183,41.3,59.818,41.144,52.361,43.044,42.506,53.706,34.922,44.133,35.74,47.346,38.506,48.552,50.127,46.861,53.668,51.264,51.832,45.69,44.617,44.15,49.991,48.237
08211,茨城県,常総市,2025,44.864,37.211,60.96,39.292,46.752,41.319,42.452,43.269,44.089,41.278,35.74,50.05,38.506,49.145,49.028,54.097,53.211,48.621,55.442,43.643,44.84,46.645,49.042,47.509
08212,茨城県,常陸太田市,2025,49.763,36.659,63.819,37.222,48.601,40.658,42.719,48.105,45.539,40.3,35.74,55.009,45.728,55.358,55.832,49.819,54.11,42.286,52.005,48.102,53.311,49.192,46.479,44.369
08215,茨城県,北茨城市,2025,47.779,37.036,59.529,41.441,44.801,40.953,43.175,45.558,40.775,42.177,35.74,50.399,38.506,53.983,55.897,45.65,48.348,45.731,51.317,34.366,48.63,49.655,49.503,43.413
08216,茨城県,笠間市,2025,48.34,41.274,60.423,36.411,49.167,42.671,41.944,55.042,47.761,46.489,46.124,50.02,38.506,52.057,58.382,49.995,52.629,45.512,55.745,43.508,49.43,49.224,48.32,44.252
08217,茨城県,取手市,2025,49.588,45.579,54.174,48.852,47.218,45.909,45.348,45.182,45.727,52.361,35.74,47.43,45.728,48.745,49.343,49.653,51.087,46.12,46.123,51.434,45.81,47.055,44.89,54.207
08219,茨城県,牛久市,2025,54.548,46.375,54.688,47.684,47.514,48.143,44.28,51.671,36.874,46.298,46.124,51.761,45.728,50.376,49.858,47.354,51.822,56.436,50.116,56.855,48.984,47.311,49.529,49.312
08220,茨城県,つくば市,2025,49.793,40.61,49.214,41.981,47.681,56.712,42.828,48.136,61.935,44.299,56.509,46.684,60.172,50.533,56.848,49.613,49.726,50.285,63.443,54.101,48.439,49.179,55.447,65.77
08221,茨城県,ひたちなか市,2025,48.311,45.874,55.368,47.663,50.08,46.933,43.724,49.543,47.907,56.816,35.74,52.35,45.728,48.656,51.572,54.196,48.807,44.89,48.795,52.635,44.001,45.993,51.785,45.451
08222,茨城県,鹿嶋市,2025,49.729,38.353,55.609,42.04,51.189,51.467,43.624,46.664,31.226,44.387,35.74,40.347,45.728,50.797,55.308,49.255,48.199,48.448,51.117,46.992,45.287,47.835,50.131,45.582
08224,茨城県,守谷市,2025,55.097,43.839,54.501,48.636,48.71,49.976,44.793,58.069,51.561,47.874,46.124,53.677,38.506,48.28,44.747,51.757,49.623,48.952,51.711,61.541,44.394,50.254,52.619,50.844
08225,茨城県,常陸大宮市,2025,53.272,39.049,62.503,34.62,61.21,39.696,41.85,44.774,35.823,51.015,35.74,49.313,45.728,55.446,57.173,49.13,52.706,37.728,58.549,49.441,48.63,45.249,47.557,41.583
08226,茨城県,那珂市,2025,48.655,39.847,60.136,37.359,50.315,45.235,42.567,50.623,42.29,48.161,35.74,52.404,38.506,49.786,55.008,53.126,52.94,41.446,55.463,51.694,44.394,45.052,49.553,46.46
08227,茨城県,筑西市,2025,45.429,39.625,60.565,42.271,48.191,45.148,42.143,48.676,41.628,39.726,35.74,44.07,38.506,48.671,48.943,48.541,53.551,47.474,52.087,48.252,44.299,48.762,48.318,45.716
08228,茨城県,坂東市,2025,53.214,37.355,63.049,41.337,50.631,43.959,42.061,48.096,30.493,40.802,35.74,50.886,38.506,48.802,49.555,47.224,55.477,48.352,50.88,36.152,44.394,44.852,47.887,50.07
08229,茨城県,稲敷市,2025,42.599,36.633,65.104,33.66,65.16,39.264,41.35,44.547,41.408,37.053,35.74,43.055,45.728,50.599,57.96,46.355,54.192,48.201,54.02,32.554,44.84,43.597,47.626,44.718
08230,茨城県,かすみがうら市,2025,50.049,39.857,59.17,35.143,44.394,43.741,41.556,40.936,34.306,40.754,35.74,46.889,45.728,51.287,59.641,47.104,51.557,38.575,50.423,39.32,44.617,45.647,46.961,46.741
08231,茨城県,桜川市,2025,48.488,37.252,64.593,37.88,47.617,38.223,42.1,42.842,40.228,41.648,46.124,48.003,60.172,54.469,53.18,46.409,55.02,45.152,59.311,42.967,48.853,44.945,46.734,44.085
08232,茨城県,神栖市,2025,47.921,43.003,55.44,39.612,47.879,49.406,42.39,49.239,42.198,56.968,35.74,42.593,45.728,47.723,54.112,49.024,47.163,47.636,52.824,41.429,44.617,47.15,55.096,47.92
08234,茨城県,鉾田市,2025,50.639,36.708,63.655,35.538,46.682,41.736,41.515,44.977,35.165,40.112,35.74,37.38,38.506,53.125,57.32,52.7,52.306,47.119,53.969,38.996,44.394,46.12,54.555,44.028
08235,茨城県,つくばみらい市,2025,50.773,39.614,56.072,37.778,45.92,53.659,42.659,46.147,45.55,37.652,56.509,57.636,38.506,49.363,47.604,51.024,54.187,49.207,56.57,50.459,44.394,46.913,54.604,49.386
08236,茨城県,小美玉市,2025,47.548,36.413,59.356,37.795,42.452,45.346,41.258,42.664,41.469,41.343,35.74,47.05,52.95,51.2,56.949,48.677,50.777,46.262,59.869,40.845,44.394,44.329,53.15,46.115
08341,茨城県,東海村,2025,60.525,42.146,56.412,42.206,44.824,47.495,43.228,56.548,37.68,44.454,35.74,53.369,38.506,48.608,53.464,53.548,51.65,43.42,58.137,50.515,44.394,46.634,51.605,53.537
08443,茨城県,阿見町,2025,49.678,43.446,55.275,40.394,49.837,52.058,42.809,48.082,43.805,44.973,35.74,43.043,45.728,50.095,46.661,49.079,48.701,47.366,53.942,45.829,44.394,48.313,51.057,46.461
08542,茨城県,五霞町,2025,46.381,36.926,54.754,26.299,40.65,42.534,41.785,40.766,40.274,38.337,35.74,47.747,38.506,48.882,40.937,49.008,55.878,36.848,57.655,39.95,44.394,45.132,48.341,45.018
08546,茨城県,境町,2025,50.524,42.119,59.422,42.445,51.721,38.087,42.37,40.411,41.712,41.854,35.74,49.282,38.506,48.364,53.256,50.409,55.192,45.007,62.426,41.601,44.394,48.101,55.262,52.393
09201,栃木県,宇都宮市,2025,47.056,48.627,52.135,45.079,49.53,47.199,44.146,50.501,53.929,55.245,46.124,46.31,38.506,50.238,52.552,53.364,49.787,48.535,47.057,50.898,54.769,49.115,52.312,47.445
09202,栃木県,足利市,2025,53.385,44.03,58.123,43.414,47.248,45.83,44.929,46.63,50.048,50.953,46.124,43.114,38.506,53.423,50.211,49.046,51.083,49.413,48.457,39.89,51.429,46.551,47.93,45.63
09203,栃木県,栃木市,2025,48.934,41.258,59.086,38.816,50.931,43.844,42.679,47.772,46.083,45.953,56.509,48.904,38.506,51.398,52.719,48.194,53.725,48.448,54.675,42.172,44.152,45.535,47.133,46.902
09204,栃木県,佐野市,2025,50.716,45.856,58.407,40.913,52.839,46.459,42.769,48.604,47.864,48.835,46.124,44.802,45.728,56.78,52.899,47.997,53.647,47.307,53.063,42.038,44.191,49.758,47.674,44.899
09205,栃木県,鹿沼市,2025,48.403,42.82,59.953,41.367,51.523,46.853,42.98,49.593,45.229,42.036,56.509,51.237,45.728,59.659,52.648,49.909,52.539,45.814,46.586,45.586,48.63,45.369,48.68,42.893
09206,栃木県,日光市,2025,46.162,42.781,60.292,38.559,62.248,40.634,42.218,49.165,47.783,45.583,56.509,44.597,74.615,61.303,58.628,52.51,53.481,42.059,53.003,43.405,51.977,50.592,50.607,41.396
09208,栃木県,小山市,2025,49.535,44.219,54.273,42.119,48.395,47.638,42.906,46.68,49.057,51.801,46.124,46.02,45.728,48.039,50.51,51.67,52.137,54.618,46.44,50.524,44.329,46.515,50.733,49.701
09209,栃木県,真岡市,2025,50.399,42.748,58.87,41.054,49.526,46.743,42.405,50.138,39.295,50.038,46.124,49.384,38.506,48.926,52.101,49.937,52.831,47.805,46.592,42.475,44.84,48.329,50.529,45.596
09210,栃木県,大田原市,2025,52.249,40.875,57.306,42.679,47.289,44.137,42.189,52.737,34.211,42.285,35.74,52.836,45.728,53.019,54.049,48.254,51.295,46.998,53.698,46.306,53.442,48.619,55.414,43.117
09213,栃木県,那須塩原市,2025,45.153,45.228,57.404,40.467,58.399,51.125,41.895,48.858,49.111,42.58,46.124,45.313,52.95,55.445,63.427,56.816,48.515,48.524,50.662,52.405,48.016,45.826,54.628,45.609
09214,栃木県,さくら市,2025,56.115,40.639,58.76,38.056,49.001,48.207,41.42,51.83,48.279,42.579,46.124,51.297,38.506,51.694,52.777,49.462,52.051,42.573,46.951,47.37,44.394,45.281,45.4,44.901
09216,栃木県,下野市,2025,53.504,43.51,56.641,42.166,44.971,44.867,42.176,49.903,43.37,53.733,35.74,51.414,38.506,48.611,50.451,54.26,51.985,41.536,51.311,54.815,44.394,48.42,50.349,51.048
09361,栃木県,壬生町,2025,47.221,43.189,59.668,41.031,45.262,44.463,42.375,51.087,37.418,44.963,35.74,51.463,38.506,50.21,52.986,47.478,52.957,54.37,57.35,47.422,44.394,47.183,51.25,44.342
10201,群馬県,前橋市,2025,51.838,46.584,56.101,45.029,51.211,48.22,44.182,48.539,61.255,51.977,46.124,34.757,52.95,51.858,53.015,57.297,52.695,45.656,48.434,50.062,48.493,49.15,51.177,46.824
10202,群馬県,高崎市,2025,52.335,46.466,55.287,45.024,50.689,48.89,44.568,48.243,41.478,47.311,56.509,37.525,38.506,54.687,47.118,50.09,52.397,45.252,53.769,47.596,44.786,47.964,53.687,46.901
10203,群馬県,桐生市,2025,55.988,45.522,58.911,47.042,46.474,44.255,45.108,52.085,42.011,41.092,46.124,38.27,45.728,58.143,48.738,52.561,52.849,42.98,50.284,39.427,48.556,48.733,48.889,44.995
10204,群馬県,伊勢崎市,2025,51.35,45.069,56.313,41.573,47.223,49.757,43.483,48.941,44.562,46.862,56.509,35.952,38.506,48.651,50.419,51.531,48.016,53.062,45.832,42.361,43.879,46.323,50.89,47.305
10205,群馬県,太田市,2025,49.881,44.235,56.862,40.976,47.643,52.757,43.832,49.147,42.948,48.463,46.124,35.604,38.506,48.478,49.508,49.829,49.502,51.136,49.732,43.908,44.652,46.386,51.037,46.468
10206,群馬県,沼田市,2025,49.42,45.654,59.624,40.748,55.997,44.598,43.137,45.98,38.006,37.036,35.74,44.026,45.728,62.201,53.738,48.8,53.343,38.515,56.858,46.15,48.853,44.814,52.865,44.213
10207,群馬県,館林市,2025,49.639,48.074,57.123,44.803,50.006,46.057,43.773,45.249,42.865,55.027,35.74,39.671,45.728,47.31,44.531,51.076,50.186,50.806,43.0,47.323,52.996,50.303,44.683,46.167
10208,群馬県,渋川市,2025,50.493,42.096,62.499,38.763,55.317,42.397,43.228,48.346,46.33,46.103,46.124,38.699,45.728,58.826,47.486,51.779,51.126,48.862,53.76,38.606,44.617,47.307,50.904,44.87
10209,群馬県,藤岡市,2025,49.081,43.468,60.563,41.404,49.668,46.238,43.142,49.828,38.551,40.027,46.124,43.943,38.506,58.262,55.16,51.075,50.171,37.421,49.356,46.695,48.63,45.406,47.824,44.237
10210,群馬県,富岡市,2025,54.138,42.174,61.702,41.887,50.138,48.426,43.111,51.137,42.458,41.541,56.509,50.509,45.728,56.357,55.317,50.385,51.465,39.908,53.073,45.203,49.522,49.182,49.185,43.145
10211,群馬県,安中市,2025,47.955,40.659,61.803,35.893,51.599,47.03,42.133,47.236,41.651,35.531,35.74,40.189,74.615,57.424,52.288,52.024,49.382,43.045,54.328,44.86,48.853,47.851,48.559,43.975
10212,群馬県,みどり市,2025,49.02,44.081,59.366,42.797,55.544,50.252,43.319,50.888,44.835,32.265,35.74,36.421,38.506,59.117,48.049,50.076,51.863,47.383,48.821,39.499,44.394,45.047,50.992,44.377
10424,群馬県,長野原町,2025,41.92,43.73,55.08,27.9,80.0,42.616,41.843,45.41,28.018,41.97,46.124,39.849,52.95,59.369,53.916,50.583,57.218,37.161,62.222,42.198,48.63,44.2,55.201,41.734
10464,群馬県,玉村町,2025,51.498,38.912,54.23,41.966,46.873,49.592,43.984,51.118,37.706,46.273,46.124,46.804,38.506,49.488,47.292,47.535,50.73,46.449,47.545,50.099,44.617,45.598,44.254,42.529
10524,群馬県,大泉町,2025,56.273,46.842,52.345,50.612,45.454,52.986,46.073,55.352,30.525,51.972,35.74,30.936,38.506,45.028,44.8,48.203,48.571,58.976,56.031,46.595,44.394,44.887,40.193,47.476
11100,埼玉県,さいたま市,2025,50.709,51.035,45.551,52.438,46.072,52.31,50.83,48.479,63.333,54.986,66.893,53.066,60.172,42.455,53.739,49.242,48.997,54.508,48.051,55.309,46.49,49.653,51.451,51.417
11201,埼玉県,川越市,2025,48.386,48.519,49.823,48.715,46.788,50.138,48.195,45.765,46.043,46.405,56.509,52.323,52.95,46.655,49.373,50.665,49.176,49.773,45.002,48.664,46.88,48.186,49.235,48.151
11202,埼玉県,熊谷市,2025,50.412,45.143,56.769,46.304,45.541,46.309,44.072,53.147,52.982,58.282,46.124,48.354,38.506,47.668,47.971,49.654,49.669,44.63,46.083,41.087,45.139,47.421,48.196,47.383
11203,埼玉県,川口市,2025,49.996,52.565,43.008,53.954,45.782,51.685,54.648,47.942,46.925,53.367,46.124,52.223,38.506,43.156,48.07,46.932,46.373,55.307,39.116,44.904,46.835,47.329,48.053,50.435
11206,埼玉県,行田市,2025,46.063,45.603,58.338,46.127,43.784,43.728,43.656,50.942,41.554,45.193,35.74,50.405,38.506,46.739,47.256,52.588,49.587,44.492,54.011,45.857,48.761,47.554,43.733,45.267
11207,埼玉県,秩父市,2025,50.429,48.448,60.559,42.3,50.43,43.02,43.483,52.328,39.483,46.668,46.124,47.225,52.95,58.729,54.035,52.678,54.583,53.168,54.668,44.152,48.853,49.109,47.491,41.889
11208,埼玉県,所沢市,2025,48.011,50.193,46.532,51.922,45.833,49.503,48.581,48.144,41.937,51.085,46.124,53.815,45.728,45.89,51.539,48.076,47.375,50.37,45.448,52.927,48.02,49.593,48.377,48.545
11209,埼玉県,飯能市,2025,48.768,45.644,54.77,48.547,50.297,43.955,45.846,47.767,43.675,46.29,56.509,51.302,45.728,58.201,50.746,51.315,47.371,47.101,47.993,45.249,44.617,48.537,43.247,48.567
11210,埼玉県,加須市,2025,43.4,41.291,57.956,41.201,45.501,43.823,43.048,49.266,45.045,45.683,35.74,52.994,38.506,48.691,54.309,50.666,52.993,54.061,48.241,46.231,44.278,47.032,46.776,47.387
11211,埼玉県,本庄市,2025,50.999,49.261,55.759,45.715,47.573,47.628,44.435,49.476,41.761,48.741,35.74,43.372,45.728,51.435,51.067,54.053,51.546,48.661,50.487,43.631,44.394,47.337,47.122,47.846
11212,埼玉県,東松山市,2025,51.266,49.925,53.63,44.844,49.61,45.594,43.934,54.283,30.837,49.65,35.74,45.436,38.506,47.268,46.267,50.244,49.439,49.295,51.417,45.652,44.84,46.816,45.74,46.374
11214,埼玉県,春日部市,2025,47.967,50.466,51.815,51.051,45.775,45.423,46.874,47.223,45.391,50.12,56.509,53.145,45.728,46.873,44.171,50.658,48.228,47.437,44.417,44.706,45.26,49.486,46.505,49.453
11215,埼玉県,狭山市,2025,50.259,48.72,50.805,53.41,46.375,46.732,47.813,54.157,47.846,44.05,46.124,53.393,38.506,46.594,49.578,49.736,46.733,46.252,45.562,52.308,45.503,47.268,44.551,46.223
11216,埼玉県,羽生市,2025,51.215,39.159,58.196,44.662,53.852,43.255,43.741,49.44,40.39,49.358,35.74,45.07,38.506,48.783,51.711,52.969,50.758,46.107,49.697,43.674,44.394,49.91,45.947,48.939
11217,埼玉県,鴻巣市,2025,53.467,47.271,55.427,47.899,44.866,46.526,44.831,55.751,47.968,45.581,35.74,53.384,38.506,47.079,49.661,53.719,50.633,53.729,47.73,51.927,45.102,48.101,46.718,46.392
11218,埼玉県,深谷市,2025,49.772,45.819,57.685,43.132,46.238,46.216,43.243,52.865,43.101,43.416,35.74,45.354,38.506,48.545,52.002,49.813,50.253,46.49,45.073,42.993,44.878,49.89,48.979,45.163
11219,埼玉県,上尾市,2025,53.265,49.535,50.875,51.441,48.769,51.731,49.605,51.548,39.456,50.183,35.74,54.342,38.506,44.568,48.022,51.115,47.888,49.362,43.227,50.91,45.419,51.988,47.454,47.447
11221,埼玉県,草加市,2025,48.332,52.274,45.221,53.509,47.036,48.525,53.803,47.275,42.134,52.11,56.509,52.943,38.506,42.644,48.682,46.286,46.306,45.878,49.212,48.401,49.53,47.288,46.955,49.035
11222,埼玉県,越谷市,2025,51.954,53.357,49.075,52.797,49.772,50.656,49.71,49.629,55.55,46.08,66.893,52.74,38.506,45.04,48.067,47.535,47.527,48.767,44.407,51.594,45.841,54.405,50.64,49.124
11223,埼玉県,蕨市,2025,53.727,57.956,40.283,57.201,53.389,46.911,67.091,43.929,39.67,46.805,35.74,50.552,38.506,37.484,47.282,52.749,45.974,57.195,51.165,52.095,44.394,53.048,47.983,53.752
11224,埼玉県,戸田市,2025,51.773,52.973,38.529,54.952,44.362,55.136,51.55,45.845,54.02,50.781,46.124,55.112,45.728,42.185,46.154,51.11,46.851,55.964,43.254,49.631,46.83,47.557,49.825,49.287
11225,埼玉県,入間市,2025,47.896,50.545,51.28,51.318,48.613,51.03,49.81,49.536,47.892,50.207,46.124,54.946,45.728,46.584,49.552,50.822,45.769,46.853,42.246,51.048,45.784,48.179,45.913,45.263
11227,埼玉県,朝霞市,2025,50.383,49.434,41.458,54.163,46.882,51.61,50.073,49.144,38.783,51.459,56.509,55.976,45.728,44.509,48.709,49.274,45.278,53.415,44.336,52.831,47.011,49.182,51.459,49.068
11228,埼玉県,志木市,2025,51.194,50.258,44.532,53.191,44.869,52.811,59.472,49.443,41.143,51.553,46.124,56.665,38.506,44.121,51.007,48.445,44.582,48.502,46.005,55.896,44.394,47.721,47.357,51.065
11229,埼玉県,和光市,2025,50.898,48.154,38.197,50.997,45.119,53.933,53.226,47.525,37.069,51.76,56.509,54.256,45.728,43.832,44.762,49.923,44.586,52.56,48.691,56.565,44.394,51.493,54.716,53.953
11230,埼玉県,新座市,2025,47.693,50.557,46.583,50.467,45.573,53.283,54.873,48.533,47.986,44.882,56.509,57.527,38.506,45.224,47.486,50.518,46.343,58.955,48.71,51.38,47.757,47.874,48.558,49.234
11231,埼玉県,桶川市,2025,53.706,45.45,54.533,51.581,44.534,49.99,46.042,52.65,35.24,45.025,35.74,54.447,38.506,45.722,53.74,48.035,47.072,52.485,48.423,52.66,44.394,47.023,47.834,48.85
11232,埼玉県,久喜市,2025,46.992,47.368,55.741,47.15,45.467,47.491,45.113,53.284,42.205,49.292,35.74,51.405,45.728,47.066,48.922,53.626,51.299,56.746,55.123,52.62,45.434,46.089,49.647,46.975
11233,埼玉県,北本市,2025,51.349,49.034,52.852,47.903,44.273,43.193,46.771,52.404,35.946,49.334,35.74,53.778,38.506,45.75,52.571,49.026,46.293,49.153,52.862,53.829,44.394,52.554,40.678,45.383
11234,埼玉県,八潮市,2025,47.381,50.263,45.932,53.655,47.805,45.557,50.089,46.886,41.669,44.19,46.124,48.679,38.506,44.38,43.71,45.876,45.678,53.342,51.28,50.253,44.617,46.996,54.447,50.191
11235,埼玉県,富士見市,2025,48.695,51.704,45.099,50.866,44.685,50.569,49.548,47.752,43.267,48.909,35.74,53.61,38.506,46.043,46.713,51.565,45.329,50.791,44.665,46.851,46.904,46.721,53.254,47.573
11237,埼玉県,三郷市,2025,44.578,49.596,47.162,51.92,46.808,48.763,50.375,46.148,40.533,50.422,46.124,50.585,38.506,46.76,43.854,50.166,47.566,52.981,47.131,47.89,45.869,47.394,51.723,48.04
11238,埼玉県,蓮田市,2025,49.04,46.743,55.824,46.357,42.294,41.397,45.904,49.165,42.93,48.817,35.74,56.484,45.728,46.946,45.857,54.608,49.383,51.198,47.852,50.235,44.394,46.888,45.28,47.234
11239,埼玉県,坂戸市,2025,51.381,47.504,50.526,49.89,42.61,48.507,46.577,47.828,39.404,49.741,35.74,49.41,38.506,47.638,49.744,47.907,46.92,50.141,41.401,47.617,45.428,47.539,40.654,48.577
11240,埼玉県,幸手市,2025,45.661,46.155,56.991,48.195,48.261,43.401,44.212,47.247,39.706,47.549,35.74,50.269,38.506,46.897,45.551,50.375,48.147,45.651,47.306,48.86,44.394,45.986,43.374,47.336
11241,埼玉県,鶴ヶ島市,2025,52.395,51.422,49.546,48.15,45.034,49.203,48.838,48.811,44.628,48.094,35.74,51.756,38.506,47.791,45.064,50.657,47.553,44.438,44.652,52.402,44.394,49.45,42.978,48.377
11242,埼玉県,日高市,2025,46.417,40.679,57.096,47.693,48.419,47.806,43.766,48.947,44.914,48.259,35.74,54.261,38.506,50.113,54.834,50.02,51.642,44.856,50.87,46.016,44.617,47.379,46.553,44.768
11243,埼玉県,吉川市,2025,46.4,45.529,51.199,51.209,42.759,48.912,44.609,49.541,40.061,49.055,35.74,56.859,38.506,47.646,46.86,49.915,48.522,47.879,48.495,52.388,44.394,47.77,47.157,49.731
11245,埼玉県,ふじみ野市,2025,50.826,52.608,47.072,52.027,45.876,53.033,54.004,48.529,48.58,50.927,35.74,53.149,38.506,44.665,49.747,52.321,43.269,57.659,49.535,53.351,46.001,48.479,46.517,46.604
11246,埼玉県,白岡市,2025,47.107,44.569,54.987,42.424,42.671,41.041,45.096,47.223,35.802,42.066,35.74,58.751,38.506,47.326,48.389,48.977,51.446,43.437,48.293,52.866,44.394,47.189,51.563,46.02
11301,埼玉県,伊奈町,2025,51.116,46.049,54.012,53.082,41.618,50.356,50.323,47.157,41.271,45.988,35.74,53.555,38.506,48.047,45.816,49.63,47.208,46.615,46.389,54.32,44.394,51.536,50.911,47.167
11324,埼玉県,三芳町,2025,54.066,50.344,50.198,47.268,43.165,52.055,46.041,58.412,39.809,45.447,35.74,57.117,45.728,46.702,46.45,50.457,46.848,58.62,52.456,50.623,44.394,46.5,46.823,47.485
11361,埼玉県,横瀬町,2025,47.77,38.459,54.302,32.489,48.156,55.89,42.792,48.476,38.606,37.602,35.74,61.83,38.506,57.537,49.917,51.053,52.904,45.658,60.78,43.278,44.394,46.599,45.063,48.175
11442,埼玉県,宮代町,2025,45.83,46.134,55.171,49.759,44.813,47.147,45.875,55.968,40.495,40.139,35.74,53.394,38.506,46.093,51.497,49.162,50.82,41.158,53.568,48.936,44.394,49.653,45.274,47.226
11464,埼玉県,杉戸町,2025,43.896,44.726,58.561,48.397,43.758,42.597,45.323,48.171,44.124,44.105,35.74,54.491,45.728,47.499,47.048,52.389,48.979,46.371,48.559,48.08,44.394,45.44,44.243,47.511
12100,千葉県,千葉市,2025,53.203,48.23,45.974,51.707,46.217,50.693,50.112,45.259,60.736,57.847,46.124,50.011,45.728,44.295,54.199,47.533,48.664,50.799,48.608,52.71,45.559,48.593,47.351,59.271
12202,千葉県,銚子市,2025,46.426,44.324,59.298,51.488,47.154,39.122,43.357,40.539,38.176,35.725,46.124,46.652,45.728,52.283,53.696,47.648,56.2,51.714,45.973,42.652,53.219,45.796,46.172,41.921
12203,千葉県,市川市,2025,53.195,50.003,40.467,54.748,45.657,53.603,54.569,48.069,56.43,48.818,66.893,54.282,45.728,45.326,48.353,39.912,45.738,50.383,44.129,51.313,48.706,50.261,51.743,48.46
12204,千葉県,船橋市,2025,55.879,50.715,44.444,54.195,45.949,51.193,52.946,48.176,53.653,52.281,66.893,56.388,38.506,43.705,49.327,47.204,47.605,50.325,44.449,52.832,46.551,49.733,50.711,49.831
12205,千葉県,館山市,2025,48.443,48.807,57.483,46.176,57.392,43.662,43.171,50.438,41.843,33.272,46.124,41.429,45.728,51.175,53.143,45.297,50.948,35.313,54.892,44.184,44.394,48.48,49.299,43.408
12206,千葉県,木更津市,2025,52.211,47.542,55.492,45.442,50.516,46.9,44.835,44.247,49.554,48.564,46.124,45.881,38.506,49.821,53.972,49.49,47.662,53.816,53.361,49.653,44.685,45.751,54.992,46.781
12207,千葉県,松戸市,2025,52.923,51.892,46.329,54.566,48.017,54.218,54.036,48.412,49.342,49.194,56.509,52.333,45.728,44.145,50.322,50.677,47.063,53.503,45.313,49.678,50.116,48.879,47.165,53.477
12208,千葉県,野田市,2025,51.755,46.221,56.747,48.544,46.132,46.929,44.382,48.989,42.892,46.824,35.74,49.641,45.728,48.29,45.593,52.794,48.824,42.031,48.245,40.349,48.212,46.5,48.823,52.06
12210,千葉県,茂原市,2025,47.812,44.37,58.17,44.494,53.081,40.911,43.313,44.561,41.901,41.285,46.124,41.922,38.506,47.868,52.522,46.646,50.226,49.269,45.554,43.078,44.394,45.534,43.677,45.704
12211,千葉県,成田市,2025,46.891,45.799,49.106,46.377,53.98,41.149,42.714,49.219,53.473,43.997,46.124,45.355,38.506,50.457,51.869,52.513,48.626,43.845,41.03,47.639,48.479,48.853,56.892,46.825
12212,千葉県,佐倉市,2025,52.459,46.076,55.555,51.102,50.193,50.002,45.17,52.704,43.454,48.703,56.509,57.335,38.506,49.724,50.513,55.154,49.949,50.233,49.716,56.325,51.771,51.078,45.22,48.94
12213,千葉県,東金市,2025,48.191,45.499,56.359,43.237,51.788,40.304,42.73,47.434,34.682,38.304,35.74,40.588,38.506,49.061,52.915,49.572,48.054,35.393,45.664,45.656,44.394,48.94,41.912,46.3
12215,千葉県,旭市,2025,54.848,40.245,60.165,44.325,49.105,41.439,42.352,44.232,38.701,34.696,35.74,50.026,38.506,49.883,46.99,48.985,52.098,42.283,45.715,42.497,44.394,45.713,51.585,42.18
12216,千葉県,習志野市,2025,51.996,49.89,44.35,53.178,49.296,56.061,54.338,48.612,44.057,55.364,35.74,54.124,38.506,42.043,47.045,49.892,46.985,44.307,51.122,57.109,46.306,49.793,48.772,48.521
12217,千葉県,柏市,2025,53.162,49.464,48.981,51.282,47.923,52.806,48.992,50.994,51.047,48.062,66.893,51.811,52.95,46.915,48.265,55.496,48.855,48.524,48.369,56.82,46.287,48.701,51.969,51.823
12219,千葉県,市原市,2025,52.733,44.001,54.594,46.785,50.767,44.832,43.564,43.688,43.539,49.373,56.509,48.454,45.728,49.113,51.132,48.533,48.441,46.859,50.371,43.704,44.48,45.898,49.805,46.29
12220,千葉県,流山市,2025,57.393,48.654,47.96,52.689,43.969,60.989,50.563,51.734,55.481,46.499,66.893,57.947,45.728,47.66,49.502,54.355,49.757,48.018,55.612,57.634,46.563,51.843,54.668,51.131
12221,千葉県,八千代市,2025,49.753,50.044,49.237,52.241,46.963,50.299,49.0,49.998,44.793,52.606,35.74,53.102,38.506,46.509,48.752,51.631,45.311,45.329,47.928,50.121,45.501,47.732,47.969,47.547
12222,千葉県,我孫子市,2025,52.323,48.267,52.01,49.865,45.178,49.082,46.518,49.022,37.905,46.98,46.124,56.873,52.95,47.734,49.291,47.57,48.665,47.709,47.884,56.314,46.578,48.302,44.565,50.3
12224,千葉県,鎌ケ谷市,2025,52.656,50.324,51.146,53.0,43.738,47.255,48.814,45.2,42.6,46.699,46.124,55.144,38.506,46.31,47.43,48.99,46.773,46.883,47.622,51.282,45.302,50.606,47.586,49.066
12225,千葉県,君津市,2025,50.026,47.016,56.277,44.32,57.595,45.116,42.672,48.955,41.379,39.398,46.124,46.422,52.95,54.889,51.04,44.739,49.719,42.307,52.707,50.965,44.617,46.38,52.059,44.509
12226,千葉県,富津市,2025,52.52,39.275,60.577,43.305,62.186,40.128,42.136,44.451,38.262,42.449,35.74,51.548,45.728,53.982,53.355,43.31,53.292,40.48,57.205,39.435,44.394,45.099,51.989,44.862
12227,千葉県,浦安市,2025,52.122,53.38,36.52,56.952,49.991,54.038,59.026,61.343,53.859,45.807,56.509,54.876,38.506,44.26,46.804,44.11,46.055,51.765,51.496,63.434,47.522,54.277,55.468,53.679
12228,千葉県,四街道市,2025,53.108,44.65,55.595,50.064,48.098,49.119,48.347,48.581,43.099,47.747,35.74,55.217,38.506,47.222,48.329,53.319,47.908,44.241,45.22,58.186,44.394,47.748,43.876,47.502
12229,千葉県,袖ケ浦市,2025,61.052,42.68,57.152,42.982,47.216,45.149,42.332,52.145,46.163,48.345,56.509,53.631,60.172,49.61,48.449,46.699,50.102,42.071,57.962,49.69,44.394,45.902,51.906,45.872
12230,千葉県,八街市,2025,44.793,40.849,59.572,44.144,47.556,36.801,42.944,43.487,41.725,34.662,35.74,46.98,38.506,51.405,52.871,50.126,47.41,43.841,33.181,43.118,44.394,44.732,45.755,48.057
12231,千葉県,印西市,2025,49.692,43.163,55.952,43.358,50.887,52.102,43.403,57.195,46.533,48.119,56.509,53.632,45.728,50.059,51.593,49.922,51.025,45.636,50.637,60.577,46.041,52.388,54.148,54.226
12232,千葉県,白井市,2025,52.152,47.691,53.429,46.485,47.453,46.12,45.425,50.086,41.462,50.698,35.74,56.548,38.506,48.233,46.645,48.598,47.936,54.091,45.796,54.639,44.617,49.362,50.597,49.966
12233,千葉県,富里市,2025,54.096,43.462,54.671,43.529,54.315,37.035,42.894,44.958,44.696,36.975,35.74,48.502,45.728,50.542,48.213,50.034,50.313,53.712,32.512,45.276,44.394,44.604,48.87,47.678
12234,千葉県,南房総市,2025,49.911,38.221,63.866,40.776,57.724,38.094,41.836,47.286,38.485,33.563,35.74,47.99,45.728,55.501,51.812,42.47,55.819,38.451,66.359,39.57,45.064,45.759,47.57,43.299
12236,千葉県,香取市,2025,50.253,40.521,61.549,39.855,51.36,38.002,41.827,46.118,43.725,35.957,46.124,51.172,45.728,51.478,56.966,47.935,54.786,42.154,44.426,38.324,48.984,45.376,47.293,43.531
12237,千葉県,山武市,2025,47.808,37.366,63.485,38.351,49.253,39.911,42.117,47.674,33.025,36.309,46.124,42.89,38.506,50.282,50.923,48.483,50.685,38.48,37.569,42.436,44.394,45.397,42.059,51.933
12238,千葉県,いすみ市,2025,51.821,40.759,64.17,42.857,69.605,38.948,41.918,42.45,29.046,38.704,35.74,40.49,45.728,53.472,55.905,41.689,55.054,35.14,51.257,41.919,44.617,45.203,40.806,44.426
12239,千葉県,大網白里市,2025,54.144,39.897,59.441,43.787,45.008,41.711,42.734,42.153,40.835,38.054,46.124,49.813,38.506,48.865,48.146,48.086,51.706,41.979,48.795,46.724,44.394,46.073,43.346,46.799
13101,東京都,千代田区,2025,56.007,74.574,23.17,62.059,80.0,55.919,73.724,59.778,62.355,61.534,66.893,32.426,52.95,40.477,37.464,48.617,55.987,49.676,56.218,57.204,51.907,66.744,67.939,69.833
13102,東京都,中央区,2025,52.869,74.574,22.892,61.654,80.0,58.954,62.099,63.443,51.571,54.823,46.124,39.633,45.728,41.842,40.665,43.301,52.111,57.92,62.883,56.433,56.137,55.533,64.587,72.45
13103,東京都,港区,2025,52.986,74.574,24.27,60.952,80.0,59.583,74.242,70.356,59.609,57.438,56.509,37.116,52.95,39.161,45.438,50.599,56.388,62.521,47.709,56.427,58.146,62.126,63.18,75.575
13104,東京都,新宿区,2025,51.21,74.574,25.192,60.586,77.831,53.401,73.747,59.858,51.151,54.647,46.124,39.801,60.172,38.627,46.625,53.136,47.13,58.034,42.116,50.052,57.309,57.239,54.628,75.256
13105,東京都,文京区,2025,53.738,62.671,25.134,60.549,47.504,61.341,80.0,58.766,59.536,51.704,46.124,56.766,45.728,38.931,44.163,55.229,50.442,49.906,62.811,61.358,59.999,62.27,61.187,65.061
13106,東京都,台東区,2025,51.266,73.117,27.165,60.203,63.135,52.511,77.422,52.705,54.563,52.323,56.509,41.677,52.95,39.611,42.68,46.86,51.116,61.24,55.356,46.01,57.464,63.181,55.59,63.647
13107,東京都,墨田区,2025,53.376,63.563,31.196,59.45,49.982,54.864,73.708,52.02,52.499,54.486,46.124,50.668,38.506,42.092,48.7,47.838,46.819,55.995,54.079,46.426,52.142,54.227,54.252,51.822
13108,東京都,江東区,2025,48.741,55.791,30.855,59.566,48.376,58.715,60.595,58.386,50.674,54.163,56.509,55.46,45.728,44.192,45.84,46.743,46.135,52.645,54.928,48.831,50.775,51.467,55.547,54.646
13109,東京都,品川区,2025,49.146,61.508,25.42,60.051,55.206,59.73,67.88,53.563,61.016,52.193,46.124,54.643,38.506,39.09,45.396,48.127,45.472,51.711,52.496,58.909,51.602,59.026,60.122,58.075
13110,東京都,目黒区,2025,52.234,61.008,27.499,59.227,58.962,58.762,76.618,59.48,50.933,56.527,56.509,56.954,45.728,38.921,46.158,50.989,47.906,55.284,52.175,60.862,53.798,58.555,58.453,62.188
13111,東京都,大田区,2025,47.789,56.01,33.398,58.734,47.112,55.267,57.848,52.376,63.109,54.819,46.124,53.565,45.728,40.107,45.054,43.41,45.137,47.318,55.368,48.644,48.478,49.256,54.555,48.778
13112,東京都,世田谷区,2025,48.944,55.667,32.466,57.296,51.125,52.439,71.21,51.835,59.763,54.475,46.124,57.169,45.728,40.046,49.386,49.471,47.793,60.345,55.548,59.136,53.463,54.784,55.164,56.274
13113,東京都,渋谷区,2025,51.968,74.574,24.157,60.465,80.0,56.131,72.367,66.957,55.722,58.143,46.124,40.001,45.728,38.942,41.035,52.299,51.729,59.388,52.601,61.97,54.132,65.248,62.979,75.778
13114,東京都,中野区,2025,51.977,59.494,28.959,58.79,52.841,54.418,75.955,50.685,55.695,54.022,46.124,53.318,38.506,39.275,47.454,51.15,43.725,54.021,48.264,55.79,56.472,54.513,51.362,54.158
13115,東京都,杉並区,2025,53.012,58.152,31.496,57.835,51.464,56.779,70.109,51.373,56.215,54.268,66.893,58.835,52.95,39.436,47.512,51.449,45.115,58.497,50.073,62.527,53.463,53.193,55.327,53.665
13116,東京都,豊島区,2025,51.8,67.993,27.236,59.578,67.049,54.311,80.0,58.504,43.151,53.823,56.509,44.424,45.728,38.953,49.539,50.462,43.77,63.172,48.105,49.842,55.794,67.678,53.151,58.457
13117,東京都,北区,2025,51.492,57.035,33.212,58.319,47.273,59.234,78.593,57.542,47.969,54.529,46.124,53.959,38.506,41.205,45.505,48.269,43.319,62.629,58.065,49.382,53.118,53.767,47.338,52.458
13118,東京都,荒川区,2025,50.749,58.534,32.857,59.141,46.547,54.489,73.773,48.515,50.749,54.238,46.124,53.334,38.506,40.594,45.754,43.967,44.642,56.494,48.556,47.217,48.92,49.573,48.801,53.298
13119,東京都,板橋区,2025,51.87,55.625,33.354,57.735,46.948,56.187,69.427,50.376,52.202,52.199,66.893,55.424,45.728,40.156,42.7,51.311,43.91,56.284,53.866,47.88,49.272,51.534,47.219,51.308
13120,東京都,練馬区,2025,51.942,53.888,37.199,56.44,46.933,55.651,66.078,52.69,54.61,54.476,46.124,58.293,38.506,39.905,46.713,52.178,44.444,53.983,49.658,52.514,51.821,52.066,50.565,51.595
13121,東京都,足立区,2025,51.328,54.711,38.649,56.82,45.062,54.78,62.047,47.751,56.369,52.637,46.124,50.815,38.506,40.437,46.088,47.807,44.088,53.386,53.23,35.579,46.441,51.754,42.459,53.539
13122,東京都,葛飾区,2025,52.535,55.749,40.149,56.833,46.164,54.971,64.82,54.134,49.562,52.551,35.74,52.417,45.728,42.002,47.898,47.909,45.086,55.801,49.884,41.212,47.392,47.865,45.699,48.916
13123,東京都,江戸川区,2025,49.458,53.277,38.14,57.122,44.347,56.646,62.694,56.55,51.747,52.236,66.893,54.633,45.728,42.902,48.003,47.492,45.453,61.878,50.053,47.037,47.982,47.217,48.091,48.491
13201,東京都,八王子市,2025,51.155,50.266,46.226,53.196,47.703,49.121,53.421,51.227,57.455,53.291,56.509,51.332,60.172,50.565,54.964,50.198,45.542,47.211,47.201,52.456,49.715,56.389,43.287,49.529
13202,東京都,立川市,2025,51.399,53.681,41.517,56.235,50.096,48.517,54.179,55.371,44.09,52.356,46.124,46.303,38.506,41.506,52.371,49.543,43.754,53.746,48.876,51.114,47.658,52.899,46.691,52.121
13203,東京都,武蔵野市,2025,56.623,62.952,33.598,58.466,57.573,55.34,72.113,53.817,52.996,50.704,35.74,48.445,45.728,39.632,54.156,49.992,46.325,59.073,54.896,56.305,56.472,57.179,55.779,54.441
13204,東京都,三鷹市,2025,51.613,52.438,37.363,56.803,43.672,52.637,57.858,54.738,51.171,51.764,56.509,57.074,45.728,41.073,51.125,50.046,45.276,59.154,56.923,59.583,52.464,52.693,50.927,52.365
13205,東京都,青梅市,2025,54.986,47.531,50.589,53.819,48.778,49.466,48.334,53.461,46.86,48.5,35.74,54.415,52.95,55.097,53.058,50.472,46.313,49.276,50.085,43.886,45.997,44.913,41.954,45.098
13206,東京都,府中市,2025,53.361,51.938,39.835,55.619,46.707,56.67,55.195,55.045,51.781,52.651,56.509,58.12,38.506,40.839,53.598,51.131,46.006,43.522,50.728,54.53,49.139,51.21,48.906,53.17
13207,東京都,昭島市,2025,49.267,54.332,45.665,56.09,46.109,51.519,54.835,52.095,44.015,52.275,35.74,43.362,38.506,42.7,52.862,50.567,41.922,51.404,51.335,46.324,46.347,48.25,45.676,45.548
13208,東京都,調布市,2025,54.258,54.437,37.337,55.976,47.271,53.787,60.604,64.077,56.397,54.601,66.893,55.872,38.506,42.337,54.884,51.202,44.017,54.778,51.506,56.894,51.68,51.093,51.446,53.002
13209,東京都,町田市,2025,50.792,51.77,47.634,52.512,46.702,49.839,53.567,53.455,61.835,59.704,66.893,54.754,38.506,44.497,54.453,48.243,46.097,54.281,50.581,57.421,48.02,50.368,45.77,50.482
13210,東京都,小金井市,2025,53.931,52.857,38.911,57.394,45.703,54.637,65.631,50.508,43.47,47.724,35.74,56.82,45.728,40.621,54.941,52.905,46.277,59.882,50.426,61.537,53.92,53.869,51.404,57.609
13211,東京都,小平市,2025,53.867,52.158,43.677,56.379,43.41,52.942,59.854,52.089,47.53,47.937,35.74,54.567,38.506,40.527,53.285,51.766,45.145,51.868,50.947,55.15,52.65,49.646,49.081,50.007
13212,東京都,日野市,2025,54.414,50.004,44.948,55.143,42.597,48.772,51.095,55.3,46.763,49.111,35.74,58.447,45.728,43.718,54.73,49.423,46.407,56.272,51.718,57.168,47.121,51.554,50.985,49.598
13213,東京都,東村山市,2025,51.402,53.538,46.718,54.267,45.202,50.162,60.297,51.19,47.761,50.715,35.74,54.812,45.728,42.08,49.917,49.984,44.399,49.269,54.73,52.33,47.869,48.389,44.36,48.632
13214,東京都,国分寺市,2025,51.999,54.596,41.429,57.491,47.33,50.934,57.35,43.938,44.823,52.829,35.74,57.607,45.728,40.533,56.646,50.362,44.891,56.256,57.396,61.149,53.555,51.786,53.203,50.974
13215,東京都,国立市,2025,54.784,55.248,39.971,55.509,45.072,53.877,66.505,47.173,35.499,51.148,35.74,49.201,38.506,40.39,48.009,51.289,43.536,51.576,56.172,57.38,44.394,53.685,48.508,50.46
13218,東京都,福生市,2025,56.715,53.624,44.573,57.009,48.045,50.502,52.963,61.224,46.872,54.142,35.74,49.948,38.506,42.086,51.069,53.81,41.381,52.803,46.631,46.954,44.394,46.786,43.095,44.232
13219,東京都,狛江市,2025,50.958,52.635,38.511,57.094,43.991,53.373,58.131,49.06,46.443,53.947,35.74,59.34,38.506,42.501,51.283,48.757,42.627,51.544,53.43,53.269,44.394,49.081,50.531,50.144
13220,東京都,東大和市,2025,52.979,52.608,48.498,54.524,44.064,51.497,55.626,53.478,40.145,47.94,35.74,51.918,45.728,43.942,50.869,49.199,43.526,43.778,53.699,54.871,44.394,46.804,44.366,48.592
13221,東京都,清瀬市,2025,59.705,44.367,46.001,54.252,47.511,49.811,58.858,52.793,42.281,44.798,35.74,56.43,45.728,43.896,54.033,53.003,42.983,53.588,57.489,49.724,44.394,49.346,44.272,47.864
13222,東京都,東久留米市,2025,53.132,53.419,46.244,53.738,43.425,53.42,60.985,45.785,41.779,41.553,35.74,56.366,38.506,41.961,50.572,48.984,43.304,45.501,50.544,54.056,48.721,47.823,44.898,49.013
13223,東京都,武蔵村山市,2025,52.36,51.031,51.441,54.488,46.212,50.663,52.847,45.751,42.586,54.775,35.74,46.94,38.506,44.346,51.589,50.964,41.946,43.322,48.459,49.38,44.394,44.34,40.866,46.169
13224,東京都,多摩市,2025,51.764,51.722,41.823,54.536,48.915,53.703,56.258,63.877,46.388,57.491,35.74,54.777,45.728,42.937,55.048,48.603,45.82,57.708,51.241,56.832,49.091,54.801,43.736,52.418
13225,東京都,稲城市,2025,53.593,49.526,42.711,51.736,45.276,53.611,54.339,55.826,44.95,54.075,35.74,59.487,38.506,45.779,52.306,49.453,46.208,45.025,57.197,60.81,44.394,49.78,51.833,51.655
13227,東京都,羽村市,2025,55.728,57.276,47.672,56.886,47.923,52.105,51.544,53.462,39.948,49.766,35.74,52.887,38.506,41.822,50.771,52.379,42.496,47.383,46.995,48.877,44.394,45.555,45.815,43.341
13228,東京都,あきる野市,2025,58.17,49.049,55.272,50.083,47.852,47.945,47.997,57.129,43.706,45.399,35.74,54.62,52.95,57.387,52.807,48.954,48.445,45.522,53.378,50.755,44.394,49.081,45.246,46.462
13229,東京都,西東京市,2025,54.622,49.927,41.92,55.863,45.005,56.247,63.234,56.184,43.398,49.54,35.74,60.163,45.728,41.231,53.112,54.175,43.468,49.376,46.879,54.525,52.809,53.718,46.408,50.258
14100,神奈川県,横浜市,2025,48.875,50.959,41.715,54.488,46.839,51.742,56.354,43.164,68.14,58.887,56.509,56.666,67.393,42.179,52.157,46.579,51.539,56.743,49.588,53.901,56.125,50.392,49.247,63.932
14130,神奈川県,川崎市,2025,48.901,53.098,37.372,56.353,46.854,53.22,55.617,45.364,63.861,56.181,56.509,56.758,45.728,42.117,50.442,44.65,47.83,58.488,53.395,53.642,49.759,50.362,51.546,60.894
14150,神奈川県,相模原市,2025,47.818,49.648,46.012,52.306,47.018,51.182,49.787,49.144,54.93,50.396,66.893,51.862,60.172,47.953,51.74,53.743,47.883,57.033,51.518,47.487,46.092,48.869,44.793,47.92
14201,神奈川県,横須賀市,2025,44.625,47.268,50.767,53.75,50.692,47.87,52.596,47.321,56.114,54.008,46.124,49.02,52.95,45.89,50.105,48.483,48.626,49.26,46.176,50.455,48.552,46.154,46.076,45.89
14203,神奈川県,平塚市,2025,48.962,50.793,49.476,55.331,47.677,49.529,49.009,53.181,50.617,50.86,56.509,49.582,52.95,47.668,48.194,52.088,49.842,46.784,49.858,49.724,44.999,48.195,45.557,46.667
14204,神奈川県,鎌倉市,2025,48.149,50.949,49.081,53.909,49.889,44.635,59.202,50.267,52.711,52.46,56.509,52.957,52.95,45.399,54.106,50.49,54.781,51.153,54.38,62.577,61.186,54.407,50.911,56.543
14205,神奈川県,藤沢市,2025,49.325,52.661,44.489,54.025,47.457,49.628,53.689,52.926,54.298,56.364,46.124,52.895,45.728,44.549,50.949,52.009,48.685,47.482,45.368,62.254,49.292,50.781,49.631,54.305
14206,神奈川県,小田原市,2025,45.44,48.66,52.282,52.774,49.887,45.257,47.225,53.755,48.139,48.447,46.124,48.452,60.172,55.337,51.827,51.818,55.803,47.689,49.642,48.483,48.098,46.084,47.306,46.846
14207,神奈川県,茅ヶ崎市,2025,48.299,51.463,48.958,53.573,46.3,52.152,52.955,46.291,45.644,48.405,56.509,58.365,45.728,45.842,48.884,48.886,49.998,53.621,49.922,61.736,46.511,52.32,46.725,52.23
14208,神奈川県,逗子市,2025,42.549,47.756,51.05,51.16,45.314,45.63,54.698,58.073,36.704,55.208,66.893,46.396,52.95,47.772,53.333,45.465,49.254,51.173,52.476,56.05,44.617,52.696,47.648,49.932
14210,神奈川県,三浦市,2025,41.213,45.653,52.637,51.081,73.026,35.382,44.989,44.757,35.432,53.621,46.124,40.322,38.506,48.359,52.169,40.096,52.802,52.198,49.04,45.217,48.63,45.006,41.912,44.432
14211,神奈川県,秦野市,2025,51.435,47.426,51.462,53.005,47.41,46.628,45.779,47.282,44.112,46.706,46.124,55.138,60.172,57.868,50.733,51.109,47.176,47.462,45.049,50.839,48.314,48.326,41.637,47.023
14212,神奈川県,厚木市,2025,50.98,48.548,47.768,52.51,49.205,47.857,47.128,50.998,52.749,53.592,46.124,48.106,45.728,51.363,45.639,59.004,47.255,53.395,44.907,45.672,44.604,47.48,45.859,49.232
14213,神奈川県,大和市,2025,51.24,54.97,44.091,53.179,49.16,54.131,55.316,48.963,40.701,52.416,46.124,47.746,45.728,42.634,47.693,52.014,47.152,44.873,49.689,48.935,46.154,47.044,46.07,46.989
14214,神奈川県,伊勢原市,2025,44.023,47.521,49.137,50.869,46.325,42.959,45.638,47.222,44.296,45.328,46.124,51.762,60.172,54.864,45.412,50.788,50.659,46.486,48.419,57.124,48.443,54.785,49.232,46.863
14215,神奈川県,海老名市,2025,48.363,50.223,46.377,51.05,50.045,46.983,49.199,51.496,45.675,46.8,46.124,52.496,38.506,45.455,50.415,52.097,48.553,53.591,58.952,59.361,45.503,48.76,52.484,49.895
14216,神奈川県,座間市,2025,46.255,50.236,46.624,54.174,44.616,45.144,52.997,52.39,43.024,49.589,46.124,51.264,38.506,43.275,49.894,50.541,45.073,45.295,49.663,51.454,45.789,47.653,42.53,48.876
14217,神奈川県,南足柄市,2025,50.149,41.607,57.519,53.713,43.529,43.528,44.237,53.56,39.958,51.168,46.124,56.057,45.728,59.773,52.047,50.006,53.862,54.373,49.057,49.991,44.394,54.69,41.338,46.199
14218,神奈川県,綾瀬市,2025,49.391,47.041,52.373,52.196,43.709,44.768,48.903,48.798,45.662,51.683,46.124,54.006,38.506,46.039,47.85,52.711,48.39,56.435,47.417,50.865,44.394,45.022,43.597,46.134
14321,神奈川県,寒川町,2025,47.975,43.465,52.344,52.72,47.432,44.885,47.576,52.906,46.363,49.709,35.74,51.841,38.506,47.226,47.598,53.247,48.762,43.067,44.279,50.672,44.394,45.586,43.827,46.925
14401,神奈川県,愛川町,2025,46.343,44.604,54.562,51.0,48.91,45.007,45.704,53.404,35.298,53.084,35.74,55.336,38.506,53.786,46.846,51.584,48.88,45.903,43.688,44.837,44.394,49.157,40.943,48.034
15100,新潟県,新潟市,2025,48.81,45.953,56.197,46.33,47.525,51.596,43.596,45.949,61.671,54.55,56.509,53.761,60.172,47.535,55.906,53.033,53.851,52.028,46.266,48.518,61.886,46.726,49.454,46.996
15202,新潟県,長岡市,2025,55.767,42.914,59.5,44.837,49.007,47.965,42.677,48.879,53.601,53.519,56.509,57.72,60.172,57.858,52.089,49.386,53.133,44.943,51.177,49.966,50.85,46.827,53.56,49.613
15204,新潟県,三条市,2025,53.612,44.906,62.744,43.723,49.858,45.898,42.522,45.454,41.101,41.303,46.124,56.483,52.95,59.476,42.043,54.466,57.551,47.795,56.327,55.245,48.761,45.92,54.569,44.388
15205,新潟県,柏崎市,2025,51.721,42.558,61.553,38.765,45.0,49.221,42.961,48.242,43.987,41.048,46.124,54.352,52.95,57.628,51.077,52.035,55.995,40.104,58.207,45.348,53.311,48.452,52.473,42.149
15206,新潟県,新発田市,2025,54.742,43.239,61.904,42.707,55.145,45.077,41.872,47.453,41.316,47.041,46.124,56.929,45.728,57.703,49.855,50.652,52.887,46.993,52.106,51.427,49.076,46.351,53.047,42.793
15208,新潟県,小千谷市,2025,51.086,41.383,63.594,40.457,49.186,46.859,42.282,49.131,42.493,39.043,35.74,60.2,38.506,57.228,43.947,52.289,58.031,38.024,63.409,53.102,44.617,47.513,54.596,42.05
15209,新潟県,加茂市,2025,52.0,44.312,66.535,47.628,58.015,47.361,44.603,44.389,45.379,49.401,35.74,55.366,38.506,60.927,45.287,45.568,55.376,39.457,57.558,46.647,44.394,47.3,47.645,43.203
15210,新潟県,十日町市,2025,53.284,41.868,66.107,43.119,50.704,43.726,42.225,45.943,38.027,44.411,35.74,61.621,60.172,61.323,47.603,51.27,57.133,41.113,60.948,53.209,62.044,44.075,55.142,42.83
15211,新潟県,見附市,2025,57.002,43.643,64.74,47.035,49.86,45.37,43.119,45.586,43.303,51.687,35.74,63.744,38.506,53.944,45.978,48.854,57.521,46.749,53.269,54.52,44.394,46.419,48.676,41.802
15212,新潟県,村上市,2025,51.443,40.359,66.221,37.827,50.441,40.985,41.529,46.028,45.19,45.11,46.124,52.811,45.728,61.708,46.911,50.46,57.33,45.469,59.367,35.289,53.442,47.205,52.775,40.676
15213,新潟県,燕市,2025,52.949,43.966,63.443,44.833,48.531,47.795,42.583,45.835,44.708,42.756,35.74,58.056,45.728,50.323,49.471,49.527,54.761,47.272,54.155,50.096,48.63,51.353,56.401,41.74
15216,新潟県,糸魚川市,2025,51.199,41.944,64.756,41.233,47.188,45.013,41.974,47.348,44.899,45.481,46.124,52.266,67.393,62.777,52.971,50.416,55.428,43.802,66.577,51.033,49.299,47.198,57.44,42.595
15217,新潟県,妙高市,2025,58.392,40.655,66.479,39.855,54.593,41.297,41.427,51.304,34.342,40.36,35.74,52.622,52.95,60.476,56.183,52.591,59.573,46.222,57.073,50.908,48.63,51.467,48.925,43.224
15218,新潟県,五泉市,2025,52.585,39.053,66.802,46.399,43.22,41.907,41.545,47.185,38.349,38.013,35.74,60.016,38.506,61.097,43.274,54.885,57.557,47.895,56.83,49.73,44.394,44.182,52.411,40.16
15222,新潟県,上越市,2025,50.121,41.609,60.989,40.84,47.413,44.746,42.494,46.613,43.635,42.257,46.124,56.173,52.95,57.521,50.211,49.417,57.835,49.686,58.724,48.582,47.721,46.339,57.405,43.918
15223,新潟県,阿賀野市,2025,48.044,37.847,66.404,37.877,44.283,43.441,41.548,43.667,42.437,44.05,35.74,60.147,38.506,54.68,50.959,51.029,55.317,41.178,55.205,49.339,44.394,44.251,49.569,41.714
15224,新潟県,佐渡市,2025,58.58,41.569,67.159,37.402,50.836,40.855,42.189,43.629,41.911,38.196,46.124,47.612,67.393,59.324,56.404,46.24,53.646,42.253,61.431,45.592,59.017,44.098,55.093,41.538
15225,新潟県,魚沼市,2025,54.758,43.061,66.163,37.754,46.462,45.742,41.539,46.065,37.505,42.926,46.124,61.325,67.393,63.802,43.52,48.713,59.04,41.887,62.128,45.654,49.207,45.894,55.516,40.721
15226,新潟県,南魚沼市,2025,56.254,40.394,64.181,39.112,46.734,43.781,41.785,44.282,43.007,44.689,46.124,60.004,67.393,62.983,50.155,49.386,57.781,40.397,59.644,47.96,48.63,50.871,55.888,45.572
15342,新潟県,弥彦村,2025,59.131,41.251,54.602,35.847,63.992,39.881,41.717,45.618,34.121,45.897,35.74,61.718,45.728,54.54,41.948,45.356,53.903,35.446,68.351,53.201,44.617,43.747,53.965,40.336
15385,新潟県,阿賀町,2025,42.202,37.29,55.141,25.79,60.849,39.516,40.933,35.007,37.796,35.642,35.74,64.602,52.95,62.719,51.593,47.948,56.853,44.314,56.082,46.418,45.064,45.485,48.283,39.036
16201,富山県,富山市,2025,48.526,45.496,57.636,44.523,50.194,48.965,43.023,44.671,56.534,56.31,56.509,51.777,52.95,60.615,54.87,52.867,54.996,45.095,53.958,47.458,48.966,49.197,56.835,46.823
16202,富山県,高岡市,2025,54.12,48.547,62.417,44.963,51.452,47.249,43.867,44.427,52.974,50.206,46.124,50.106,52.95,54.066,47.545,49.709,56.234,56.249,60.988,46.239,55.315,55.482,56.627,48.904
16205,富山県,氷見市,2025,52.678,39.523,67.406,39.229,45.095,47.544,41.978,46.269,45.807,42.935,46.124,57.055,52.95,57.878,53.53,43.102,58.788,40.956,57.371,46.497,44.394,48.165,51.862,41.887
16207,富山県,黒部市,2025,48.651,40.255,64.85,43.953,47.479,49.22,41.064,51.187,43.34,44.538,35.74,56.873,60.172,62.69,48.407,48.094,55.025,49.156,60.731,36.842,48.63,57.41,56.618,44.177
16208,富山県,砺波市,2025,53.44,40.059,63.161,38.455,55.502,47.574,42.109,49.265,42.911,46.702,56.509,55.537,38.506,55.875,47.484,50.854,58.754,54.148,62.47,56.895,44.394,53.169,59.934,45.031
16210,富山県,南砺市,2025,56.82,39.412,67.326,41.425,51.864,44.781,41.72,59.081,49.632,38.665,35.74,59.713,67.393,63.851,57.11,47.437,64.725,46.073,66.624,52.448,58.347,51.412,58.729,45.397
16211,富山県,射水市,2025,51.637,40.474,63.933,42.078,48.118,47.286,43.092,50.088,53.472,53.079,35.74,55.368,45.728,49.869,50.776,50.564,58.907,51.171,65.506,45.202,44.394,49.247,54.775,45.467
16323,富山県,立山町,2025,44.565,36.339,67.943,40.565,46.571,42.882,41.023,54.265,41.93,34.915,35.74,59.174,52.95,60.741,50.459,52.098,56.562,39.494,62.86,53.401,49.299,53.975,52.665,45.983
16343,富山県,朝日町,2025,44.989,40.688,54.754,31.507,53.077,42.009,40.927,55.705,46.097,38.161,35.74,66.171,52.95,63.053,47.749,50.674,53.845,45.521,59.734,32.835,44.394,48.392,50.356,41.343
17201,石川県,金沢市,2025,49.711,52.212,52.884,51.015,51.868,52.995,46.506,55.305,49.738,53.188,66.893,50.152,67.393,59.674,52.214,50.231,51.496,49.889,46.926,51.897,60.274,52.74,55.25,55.128
17202,石川県,七尾市,2025,45.351,44.844,63.529,41.726,57.077,41.388,42.355,47.723,35.949,41.7,56.509,52.794,45.728,57.454,60.976,47.876,58.838,48.383,55.589,47.68,49.207,47.265,55.401,42.467
17203,石川県,小松市,2025,53.961,43.549,62.364,42.144,52.654,51.221,44.073,48.037,38.27,47.707,46.124,55.851,45.728,60.646,52.301,54.936,54.513,48.515,59.893,54.109,55.363,46.68,56.787,46.632
17205,石川県,珠洲市,2025,51.147,39.389,68.083,39.783,46.176,41.449,42.132,43.269,36.856,37.351,35.74,52.508,52.95,60.092,61.517,41.689,58.02,43.863,57.363,52.957,49.207,47.383,55.451,44.699
17206,石川県,加賀市,2025,53.276,43.182,63.938,41.037,54.85,45.695,43.487,45.793,56.32,48.936,56.509,46.776,60.172,62.683,56.192,52.039,54.317,48.884,56.64,43.428,53.666,55.033,50.885,43.969
17210,石川県,白山市,2025,49.115,43.484,62.861,40.822,51.789,52.596,42.252,49.07,39.834,38.792,46.124,55.774,67.393,62.985,51.866,50.106,55.603,55.059,58.783,59.314,48.678,47.162,53.453,47.26
17211,石川県,能美市,2025,53.686,38.642,62.651,42.381,46.781,52.158,42.946,62.195,46.26,52.229,35.74,63.568,38.506,55.751,47.446,50.241,52.87,49.523,67.237,58.218,44.394,45.878,54.166,48.012
17212,石川県,野々市市,2025,50.881,54.899,48.431,51.896,57.757,61.473,46.442,51.142,41.099,46.717,35.74,47.65,38.506,46.433,47.288,51.755,44.707,53.576,58.134,61.881,44.617,49.55,55.243,49.389
17361,石川県,津幡町,2025,50.951,41.329,63.438,41.778,46.631,45.628,42.618,45.77,40.748,40.998,35.74,59.669,45.728,58.493,52.811,49.324,56.03,46.462,60.56,56.371,44.394,51.34,52.777,45.953
18201,福井県,福井市,2025,52.402,48.718,58.546,45.994,53.866,51.004,45.061,48.343,50.127,47.463,56.509,51.802,60.172,61.794,47.649,52.863,58.384,49.049,49.642,56.128,55.27,59.947,58.015,47.897
18202,福井県,敦賀市,2025,54.796,48.653,57.269,43.962,50.395,47.637,44.725,50.246,42.874,46.168,46.124,51.522,52.95,61.699,51.299,44.526,54.236,50.393,62.668,53.268,58.032,52.14,57.28,42.601
18207,福井県,鯖江市,2025,50.856,43.185,63.284,44.873,51.779,51.217,43.344,48.726,57.991,49.52,46.124,60.883,38.506,58.802,51.011,52.143,57.831,51.998,59.954,51.449,44.84,49.407,56.936,45.391
18209,福井県,越前市,2025,51.808,44.189,63.352,42.572,47.305,48.684,43.706,43.309,49.535,49.105,56.509,56.817,52.95,62.451,47.591,52.538,60.561,59.007,64.442,52.202,53.534,54.384,56.758,44.285
18210,福井県,坂井市,2025,44.763,40.404,64.657,43.221,47.394,50.001,42.462,53.248,45.818,41.858,46.124,58.149,45.728,59.283,51.018,53.245,62.124,50.265,57.818,61.193,53.889,48.197,55.155,47.187
19201,山梨県,甲府市,2025,52.798,51.783,53.112,48.208,50.308,50.142,49.184,48.167,56.276,47.336,46.124,39.855,52.95,56.923,51.385,53.021,50.81,45.542,49.379,46.62,56.865,56.132,51.074,48.154
19202,山梨県,富士吉田市,2025,48.318,53.233,59.021,48.816,53.592,46.12,50.9,61.168,39.115,45.87,46.124,50.306,60.172,58.985,52.862,48.275,54.57,43.054,57.039,49.634,49.968,49.649,53.376,47.074
19208,山梨県,南アルプス市,2025,56.671,41.255,60.311,41.861,48.963,49.378,44.174,50.271,40.736,42.435,46.124,49.761,60.172,58.896,51.343,53.947,53.134,48.092,59.912,52.967,49.207,45.17,52.461,46.303
19209,山梨県,北杜市,2025,56.816,40.677,62.7,35.447,61.952,42.114,42.248,58.096,46.033,37.559,46.124,45.757,74.615,60.786,55.381,52.639,53.172,42.397,70.729,56.035,49.207,52.639,49.832,49.657
19210,山梨県,甲斐市,2025,58.697,47.86,55.801,43.873,50.795,54.633,45.303,50.896,40.84,39.352,46.124,48.905,52.95,55.592,53.825,53.21,49.793,46.984,47.673,54.891,53.219,46.103,48.357,46.964
19211,山梨県,笛吹市,2025,49.498,42.64,57.825,38.524,55.188,45.87,42.806,45.657,37.939,37.65,46.124,40.253,45.728,58.717,50.845,49.566,56.528,52.527,60.526,48.283,58.032,46.661,51.981,45.667
20201,長野県,長野市,2025,53.49,47.929,55.41,48.411,49.022,49.137,44.145,48.894,63.093,46.428,66.893,48.418,74.615,56.449,56.349,49.987,56.644,40.628,49.519,61.87,46.815,47.811,54.964,51.216
20202,長野県,松本市,2025,55.858,47.384,53.845,46.985,49.677,48.085,43.718,60.361,55.712,46.426,46.124,45.224,74.615,62.398,56.185,49.965,53.47,56.742,51.121,61.382,53.328,56.858,54.333,50.281
20203,長野県,上田市,2025,52.154,44.255,57.757,45.726,51.839,45.894,43.371,48.531,51.364,43.768,46.124,47.557,67.393,57.113,52.235,54.448,52.103,47.729,56.521,53.756,48.705,48.287,52.833,49.966
20204,長野県,岡谷市,2025,52.054,46.252,58.813,46.498,55.021,50.214,47.448,47.29,42.16,55.401,35.74,46.081,45.728,57.942,52.214,49.259,50.244,51.573,51.759,64.139,48.984,55.027,51.389,44.227
20205,長野県,飯田市,2025,55.965,48.714,60.676,46.875,55.152,48.67,43.565,49.84,46.84,36.102,56.509,51.845,60.172,66.89,53.537,50.206,60.042,39.833,59.709,60.412,49.522,47.072,59.115,44.385
20206,長野県,諏訪市,2025,52.637,49.59,53.958,46.071,55.283,49.526,45.862,48.998,45.951,42.489,46.124,37.88,52.95,56.933,57.392,49.775,52.508,51.072,55.213,61.665,49.207,48.499,53.263,45.538
20207,長野県,須坂市,2025,57.984,43.414,60.49,46.052,44.176,44.835,44.42,46.534,38.7,38.609,46.124,53.527,52.95,55.847,50.253,51.284,53.369,46.386,49.266,63.795,48.63,50.713,52.516,44.765
20208,長野県,小諸市,2025,52.754,43.219,60.287,39.967,47.857,45.549,42.153,51.276,40.628,41.142,46.124,45.809,45.728,53.189,56.649,45.265,55.142,40.713,54.433,62.262,45.064,45.449,47.201,45.734
20209,長野県,伊那市,2025,51.096,42.678,61.569,42.499,59.012,41.538,42.342,51.337,51.55,35.343,46.124,50.914,60.172,63.373,57.337,49.958,59.567,44.443,62.991,65.315,44.84,50.713,57.053,45.934
20211,長野県,中野市,2025,52.231,44.359,62.56,43.562,45.404,46.969,42.622,47.579,43.228,38.822,35.74,54.227,38.506,53.274,43.578,49.869,58.569,40.318,57.021,57.936,44.394,46.74,53.456,44.079
20214,長野県,茅野市,2025,48.032,38.761,58.34,40.974,51.739,48.969,42.657,46.836,52.727,39.884,46.124,42.74,67.393,55.558,47.937,47.615,54.321,49.029,59.563,62.454,48.761,48.977,56.645,45.779
20215,長野県,塩尻市,2025,50.173,42.754,56.382,41.8,46.705,44.892,42.946,47.65,54.019,41.688,35.74,53.111,60.172,62.765,52.385,50.232,54.898,47.681,45.397,63.1,50.323,49.216,52.311,46.173
20217,長野県,佐久市,2025,53.403,42.352,59.429,41.781,49.694,47.427,42.36,52.239,45.624,42.189,56.509,46.834,52.95,55.575,59.716,54.258,55.86,44.002,66.928,64.244,45.956,52.964,54.448,44.529
20218,長野県,千曲市,2025,55.101,44.253,62.736,41.009,50.618,47.804,43.84,45.499,36.786,41.428,46.124,47.23,52.95,55.274,48.247,45.624,51.058,47.978,57.061,61.269,57.678,50.335,51.252,45.605
20220,長野県,安曇野市,2025,51.708,40.303,61.546,40.217,49.284,42.313,42.184,50.155,43.475,43.29,46.124,49.626,60.172,59.494,46.542,48.69,54.055,46.573,63.472,56.804,44.84,47.313,53.739,47.162
21201,岐阜県,岐阜市,2025,46.71,50.76,55.367,49.858,49.681,49.017,47.414,48.642,57.194,49.221,56.509,42.591,52.95,52.168,52.696,49.236,50.765,49.853,44.385,48.156,48.69,56.832,53.305,49.702
21202,岐阜県,大垣市,2025,45.65,48.288,57.321,45.656,49.751,49.571,44.863,49.624,43.916,46.587,56.509,47.373,45.728,56.632,50.664,51.188,54.55,53.248,43.622,50.756,51.804,51.622,49.53,45.931
21203,岐阜県,高山市,2025,56.144,45.621,62.827,40.247,57.054,51.1,41.867,58.15,44.29,39.175,56.509,51.075,67.393,64.031,60.218,51.814,54.031,49.879,64.658,55.196,56.343,52.323,60.517,45.778
21204,岐阜県,多治見市,2025,50.096,42.503,58.904,45.909,48.677,46.742,46.41,51.876,40.862,46.904,46.124,52.767,45.728,53.302,54.706,48.712,53.349,44.547,56.866,56.495,48.318,53.777,53.395,46.193
21205,岐阜県,関市,2025,53.056,44.296,61.093,43.202,51.272,48.735,43.792,53.389,44.558,46.875,46.124,49.314,45.728,67.072,49.358,48.798,54.451,52.842,53.452,56.142,50.638,48.592,54.899,45.74
21206,岐阜県,中津川市,2025,51.275,43.511,62.653,39.356,47.461,44.039,42.979,47.914,43.645,36.297,66.893,53.279,67.393,66.125,53.878,52.034,52.635,52.143,62.472,59.894,48.761,45.123,56.166,44.679
21207,岐阜県,美濃市,2025,46.544,40.424,64.23,40.76,53.971,44.845,43.763,45.869,42.546,34.159,46.124,53.019,45.728,66.119,44.524,50.77,61.209,39.684,59.965,52.295,45.51,47.887,55.196,45.375
21208,岐阜県,瑞浪市,2025,53.475,44.5,60.924,38.185,55.386,46.103,43.435,50.185,42.092,36.466,46.124,51.307,60.172,58.757,53.302,49.486,51.71,47.556,61.947,59.706,48.63,54.006,51.588,43.644
21209,岐阜県,羽島市,2025,45.931,42.893,59.655,43.581,48.3,47.429,42.943,45.044,45.128,39.745,46.124,52.559,38.506,48.473,53.478,51.733,54.111,45.183,47.318,43.256,44.394,45.191,52.28,46.485
21210,岐阜県,恵那市,2025,52.666,40.789,64.442,37.498,54.405,42.845,42.785,49.786,48.07,37.122,56.509,54.464,74.615,63.95,62.019,51.503,54.441,43.296,67.272,53.177,44.617,45.634,54.528,44.065
21211,岐阜県,美濃加茂市,2025,50.709,43.262,57.905,44.816,52.188,52.266,43.972,48.916,40.157,48.923,46.124,50.205,45.728,56.531,58.053,53.966,52.928,50.951,52.177,55.783,44.617,50.923,50.354,49.139
21212,岐阜県,土岐市,2025,47.524,41.781,61.139,38.859,48.258,44.441,45.111,44.401,40.752,44.717,46.124,51.096,38.506,54.744,50.837,45.093,50.4,40.288,59.269,48.026,44.394,46.303,52.235,43.628
21213,岐阜県,各務原市,2025,47.654,47.435,57.471,48.384,50.35,50.813,44.541,52.211,48.499,51.429,66.893,50.718,52.95,48.93,54.691,53.928,52.874,47.604,51.824,56.422,48.25,47.776,55.373,46.769
21214,岐阜県,可児市,2025,47.21,43.116,57.462,45.772,51.552,48.896,44.532,47.956,40.791,46.111,46.124,58.858,60.172,52.01,51.943,51.374,51.045,50.755,48.416,60.423,56.84,46.806,49.755,47.202
21216,岐阜県,瑞穂市,2025,48.459,41.839,55.527,45.32,44.359,52.872,43.839,52.055,36.108,35.139,35.74,49.022,38.506,50.552,46.942,49.363,49.752,44.779,49.945,55.432,44.394,46.64,53.794,48.47
21218,岐阜県,本巣市,2025,44.324,42.481,64.536,42.467,52.328,41.544,42.762,49.342,42.817,31.741,46.124,45.552,45.728,64.928,50.884,50.473,53.358,44.813,62.358,54.01,44.394,45.265,55.845,45.871
21219,岐阜県,郡上市,2025,49.985,44.024,67.466,39.141,62.14,44.797,43.206,51.023,44.312,36.771,46.124,49.133,67.393,67.334,57.005,47.595,56.564,50.477,68.796,46.738,52.865,50.734,60.085,46.141
21220,岐阜県,下呂市,2025,49.091,43.489,65.656,40.609,58.476,39.652,42.42,49.401,38.913,33.537,46.124,51.636,60.172,67.409,52.487,46.652,54.419,41.872,68.467,50.244,45.064,44.129,60.365,42.293
21341,岐阜県,養老町,2025,43.938,36.73,67.661,36.918,46.931,41.449,42.331,45.569,39.089,44.299,35.74,53.887,45.728,54.834,47.665,48.524,56.769,54.407,44.254,45.971,44.394,46.341,43.2,43.992
22100,静岡県,静岡市,2025,50.908,49.927,51.503,50.529,48.555,49.196,45.851,52.54,55.925,54.594,56.509,42.484,67.393,63.439,53.265,49.436,53.212,42.342,49.211,52.395,52.757,51.041,52.326,49.248
22130,静岡県,浜松市,2025,49.39,46.77,53.911,48.337,48.709,53.014,44.491,50.024,60.186,45.258,46.124,41.425,60.172,51.279,58.158,49.696,51.886,50.911,51.924,58.566,54.804,48.402,52.188,58.148
22203,静岡県,沼津市,2025,54.458,48.271,52.284,50.188,50.636,46.476,46.907,50.227,54.604,50.533,46.124,39.223,60.172,60.362,52.953,48.022,50.343,42.759,43.494,49.25,47.896,45.792,49.447,47.158
22205,静岡県,熱海市,2025,43.458,49.869,48.839,51.55,73.487,37.548,45.62,59.067,43.306,46.304,46.124,36.845,52.95,60.319,54.075,45.853,51.24,46.008,47.062,40.201,44.617,46.49,42.275,44.83
22206,静岡県,三島市,2025,53.043,50.53,52.202,50.5,50.771,47.85,47.868,54.915,51.6,50.876,56.509,45.538,67.393,55.141,49.427,50.311,51.693,47.508,42.41,52.78,51.274,48.866,46.078,46.013
22207,静岡県,富士宮市,2025,53.722,45.221,58.117,45.749,46.493,44.347,43.598,53.547,43.264,40.084,66.893,46.663,74.615,62.792,53.355,50.95,53.263,45.807,50.373,48.631,50.867,50.029,52.914,44.765
22208,静岡県,伊東市,2025,55.599,49.572,56.949,48.222,72.393,41.237,42.95,52.603,44.337,36.561,46.124,38.751,52.95,59.054,53.243,46.098,48.012,41.812,47.797,46.725,44.394,44.846,44.478,43.55
22209,静岡県,島田市,2025,53.97,44.73,58.678,40.813,47.849,43.96,43.347,50.841,50.591,43.732,56.509,48.456,45.728,67.249,52.476,51.611,55.068,44.3,61.863,60.177,44.617,46.779,54.579,46.379
22210,静岡県,富士市,2025,52.291,46.976,56.257,47.557,49.7,48.15,44.653,49.731,51.615,50.43,46.124,44.13,74.615,58.504,53.346,53.958,51.568,55.469,44.177,51.005,47.701,47.316,50.967,45.875
22211,静岡県,磐田市,2025,51.029,41.296,57.533,43.966,45.54,48.224,43.475,51.776,49.134,41.445,46.124,42.868,38.506,54.05,52.348,48.613,53.705,51.108,58.494,58.495,44.217,45.702,54.074,44.945
22212,静岡県,焼津市,2025,49.122,45.391,57.612,46.426,48.71,44.207,44.699,48.779,55.144,46.921,46.124,42.621,38.506,51.2,51.516,46.436,53.284,54.077,49.013,55.278,44.129,46.104,52.711,44.817
22213,静岡県,掛川市,2025,49.145,43.205,57.629,41.258,47.064,47.164,42.819,52.902,49.134,45.094,56.509,44.099,52.95,59.985,53.141,48.433,54.124,53.478,59.917,56.132,44.359,47.649,53.682,44.195
22214,静岡県,藤枝市,2025,54.866,47.485,57.696,43.213,46.233,47.351,44.235,51.526,54.596,48.95,46.124,49.18,52.95,63.5,54.205,48.974,55.201,47.939,54.263,56.108,47.52,47.892,54.368,47.06
22215,静岡県,御殿場市,2025,59.097,44.575,54.556,43.954,61.009,47.46,42.988,51.197,43.187,42.966,56.509,40.622,67.393,56.657,49.498,49.67,51.479,47.944,51.369,57.525,48.63,48.652,56.507,46.033
22216,静岡県,袋井市,2025,54.213,41.74,55.76,44.052,50.175,49.164,42.583,56.29,48.544,50.679,56.509,38.137,45.728,53.759,50.892,50.465,53.342,50.145,57.358,58.394,45.51,47.385,54.37,44.396
22220,静岡県,裾野市,2025,51.194,41.752,57.922,42.819,48.074,46.689,44.553,55.659,51.226,33.443,46.124,43.893,52.95,61.533,49.25,48.535,53.854,45.524,50.246,55.455,48.853,46.356,53.277,46.727
22221,静岡県,湖西市,2025,50.215,43.26,57.887,44.363,48.791,40.731,43.355,50.143,51.347,44.975,46.124,46.667,45.728,53.617,57.182,48.485,53.534,54.857,51.914,62.582,44.617,49.382,50.592,45.521
22223,静岡県,御前崎市,2025,47.14,40.91,60.417,45.038,57.054,42.885,42.172,65.502,52.479,39.066,35.74,46.566,38.506,56.107,58.187,49.593,56.427,48.696,55.855,55.597,44.617,50.583,55.682,43.609
22224,静岡県,菊川市,2025,56.007,41.966,57.205,42.146,48.176,44.748,42.878,50.636,45.053,38.399,35.74,46.768,45.728,56.168,53.07,46.845,55.131,56.855,62.771,55.14,44.84,46.144,57.286,43.772
22225,静岡県,伊豆の国市,2025,52.63,45.429,55.407,46.113,52.86,41.279,43.259,47.454,37.276,44.205,46.124,38.845,52.95,58.001,54.75,51.441,55.167,46.549,54.439,51.621,44.617,45.788,50.321,45.462
22226,静岡県,牧之原市,2025,50.471,40.601,60.693,38.376,49.28,42.659,42.315,49.216,48.936,38.028,35.74,45.326,38.506,56.543,56.334,43.994,53.495,55.197,59.126,57.921,44.617,46.801,53.671,42.989
22325,静岡県,函南町,2025,51.941,46.222,56.299,46.519,47.482,45.725,43.268,54.384,37.859,38.014,46.124,35.526,60.172,58.59,47.598,48.809,51.05,41.221,41.454,49.864,48.761,51.082,45.964,43.616
22342,静岡県,長泉町,2025,57.714,48.256,49.35,50.582,48.641,53.643,44.482,63.562,43.907,42.406,46.124,42.704,45.728,56.657,46.912,48.666,50.751,41.124,66.313,55.661,48.63,50.295,53.716,47.764
23100,愛知県,名古屋市,2025,49.78,55.989,44.12,54.746,51.639,51.848,55.224,47.003,68.2,58.072,77.277,45.222,52.95,42.594,52.621,52.581,49.919,54.952,45.541,46.884,54.494,51.685,50.797,65.662
23201,愛知県,豊橋市,2025,50.261,48.32,54.376,47.834,48.569,50.328,44.496,48.55,55.95,51.315,66.893,50.2,60.172,50.035,55.699,51.445,51.509,53.505,45.043,53.757,47.745,48.693,54.374,46.874
23202,愛知県,岡崎市,2025,51.525,47.916,53.223,46.645,48.031,47.427,45.786,51.23,56.81,50.996,56.509,56.925,52.95,56.02,49.95,52.073,53.223,50.861,57.424,60.242,46.357,47.148,56.117,47.572
23203,愛知県,一宮市,2025,53.129,47.161,55.253,46.388,47.616,49.064,47.276,50.702,51.983,49.776,46.124,50.311,38.506,46.302,50.18,54.927,52.458,53.516,46.683,52.977,45.062,46.645,52.447,47.498
23204,愛知県,瀬戸市,2025,50.147,45.813,55.974,48.86,46.051,45.359,47.242,50.52,47.537,45.792,56.509,51.466,52.95,52.177,51.099,48.236,50.727,49.475,53.05,57.236,48.351,46.813,49.985,44.903
23205,愛知県,半田市,2025,56.06,50.684,54.216,48.246,49.841,52.244,46.245,53.691,41.793,49.298,66.893,47.925,52.95,45.451,50.487,50.361,49.809,56.897,46.131,51.132,44.755,48.489,51.993,45.465
23206,愛知県,春日井市,2025,51.346,48.096,52.048,47.739,46.031,52.186,48.928,46.681,50.319,54.807,46.124,48.82,52.95,47.851,47.666,52.675,47.518,48.851,44.019,53.96,45.184,48.968,52.172,46.864
23207,愛知県,豊川市,2025,53.227,46.384,56.365,44.914,46.316,50.347,44.647,53.596,52.054,44.908,35.74,49.472,52.95,52.159,50.81,51.469,52.367,48.755,49.672,59.094,48.081,46.214,56.649,46.552
23208,愛知県,津島市,2025,56.192,43.408,57.758,47.864,49.175,45.022,46.894,48.532,46.005,39.402,35.74,48.35,38.506,47.236,51.528,50.696,51.406,53.072,45.16,49.752,45.064,47.36,47.839,47.455
23209,愛知県,碧南市,2025,52.657,45.518,57.405,48.594,43.952,49.351,44.582,54.131,35.409,49.51,46.124,53.534,38.506,46.469,46.918,44.466,51.219,48.17,57.463,54.655,44.394,49.025,53.571,46.385
23210,愛知県,刈谷市,2025,53.336,45.764,49.562,48.846,51.667,51.756,45.973,54.767,47.112,55.341,35.74,56.214,45.728,47.634,48.326,49.757,49.808,45.033,61.205,58.705,44.429,47.212,58.551,47.096
23211,愛知県,豊田市,2025,48.464,42.998,52.971,44.713,48.875,49.779,44.498,53.652,62.484,49.369,56.509,56.593,60.172,58.868,48.362,52.503,52.551,46.982,57.48,59.913,47.765,49.485,57.026,47.393
23212,愛知県,安城市,2025,52.724,47.218,51.198,48.414,46.941,54.063,44.538,55.958,52.699,52.605,35.74,54.448,45.728,47.488,51.156,55.66,50.66,50.767,53.89,61.839,44.108,48.889,56.784,47.243
23213,愛知県,西尾市,2025,50.675,42.984,60.081,46.581,47.003,50.37,43.394,55.079,49.329,40.696,35.74,55.574,45.728,50.497,50.93,51.989,57.273,53.44,63.521,57.211,44.395,45.221,55.698,46.363
23214,愛知県,蒲郡市,2025,55.307,47.698,57.982,49.947,51.183,46.175,46.488,52.872,50.656,39.545,56.509,49.504,45.728,52.546,53.79,45.897,51.378,50.658,50.471,58.031,44.394,52.973,52.632,44.272
23215,愛知県,犬山市,2025,52.121,40.78,57.477,48.91,51.216,45.174,44.454,50.62,46.107,47.556,56.509,53.043,60.172,53.431,51.525,50.334,51.858,48.528,53.285,59.805,51.977,49.337,51.728,45.824
23216,愛知県,常滑市,2025,53.77,43.969,56.1,46.187,48.119,46.45,43.2,46.645,40.435,46.815,46.124,48.252,38.506,48.556,53.283,43.062,49.57,49.994,54.1,54.019,48.761,45.928,58.9,49.374
23217,愛知県,江南市,2025,53.753,47.907,56.433,48.599,46.66,50.201,47.668,46.734,40.765,41.446,35.74,50.474,38.506,44.273,53.403,50.414,49.343,43.349,53.474,56.094,49.076,46.843,49.932,48.287
23219,愛知県,小牧市,2025,56.857,47.875,51.399,47.354,50.562,50.42,45.895,51.799,47.489,49.526,35.74,49.009,45.728,47.588,45.814,50.529,51.879,59.171,48.264,58.327,44.419,46.803,51.183,46.158
23220,愛知県,稲沢市,2025,54.74,44.973,56.524,48.049,45.803,47.079,45.23,53.945,47.709,41.415,35.74,51.159,45.728,48.119,46.077,50.154,52.845,44.431,52.002,55.122,45.859,46.58,53.139,48.695
23221,愛知県,新城市,2025,47.705,39.112,65.808,39.449,51.725,38.529,43.167,47.602,47.668,39.06,35.74,52.869,45.728,63.308,57.651,46.71,57.433,56.187,64.966,58.438,53.534,51.328,56.078,42.32
23222,愛知県,東海市,2025,54.571,47.752,50.737,49.111,51.611,51.954,45.614,55.122,45.194,47.913,35.74,55.624,45.728,45.471,44.398,48.083,48.957,55.269,51.654,52.941,44.228,49.104,56.821,47.092
23223,愛知県,大府市,2025,59.69,46.626,52.293,43.792,47.514,54.878,45.674,59.405,49.987,46.933,35.74,56.323,45.728,47.678,50.427,52.741,49.463,57.061,52.8,56.51,44.394,53.479,57.651,46.839
23224,愛知県,知多市,2025,52.353,40.889,55.976,48.891,46.493,49.043,44.152,50.413,43.006,47.73,35.74,56.555,45.728,46.824,46.727,48.847,49.24,53.615,48.866,53.792,44.394,51.897,52.442,47.278
23225,愛知県,知立市,2025,54.623,46.647,48.946,49.212,46.45,52.053,48.124,48.438,45.253,49.764,35.74,50.803,38.506,46.927,49.403,49.368,48.241,51.121,51.839,58.571,44.617,46.705,50.764,46.862
23226,愛知県,尾張旭市,2025,53.388,48.523,53.595,52.452,46.275,46.4,47.406,51.185,43.526,61.458,35.74,54.372,38.506,44.44,48.591,54.815,48.6,50.383,50.83,61.26,44.394,48.308,53.264,50.362
23227,愛知県,高浜市,2025,59.528,48.762,54.623,49.676,42.78,53.483,46.644,52.074,38.222,45.46,35.74,55.588,38.506,45.13,47.347,43.773,49.641,54.255,56.788,53.207,44.394,48.563,53.803,45.316
23228,愛知県,岩倉市,2025,56.942,50.682,49.966,52.109,42.553,50.029,48.18,50.376,46.135,46.045,35.74,50.719,38.506,46.738,51.751,52.54,51.105,57.785,48.849,56.757,44.394,47.923,50.746,45.145
23229,愛知県,豊明市,2025,53.124,49.832,51.961,47.353,43.842,50.064,47.045,51.926,40.936,47.938,35.74,56.048,38.506,47.995,48.368,50.041,47.711,51.284,57.22,57.479,44.394,47.508,52.371,46.744
23230,愛知県,日進市,2025,55.441,48.009,52.046,46.248,44.774,56.543,47.639,55.409,54.056,47.83,35.74,53.748,45.728,48.376,51.698,51.306,50.256,63.083,56.014,64.538,44.394,51.709,58.384,48.369
23231,愛知県,田原市,2025,51.409,38.566,62.101,40.136,48.999,44.365,42.292,45.666,48.139,48.292,35.74,57.8,45.728,52.207,54.785,46.342,57.423,52.375,66.939,56.854,44.394,47.515,58.838,42.179
23232,愛知県,愛西市,2025,52.239,41.229,62.734,46.242,46.753,43.335,43.785,47.153,37.028,39.859,35.74,56.416,38.506,48.15,47.721,47.631,57.755,42.251,49.596,49.884,44.617,45.554,49.799,45.318
23233,愛知県,清須市,2025,55.514,43.926,52.22,48.469,44.481,53.975,47.943,48.248,35.298,49.085,35.74,47.453,38.506,46.033,40.979,50.478,51.544,46.948,52.757,50.667,44.394,47.584,52.155,48.797
23234,愛知県,北名古屋市,2025,59.3,47.406,51.758,47.772,46.959,53.886,49.728,49.515,42.503,44.88,35.74,52.313,38.506,47.057,44.379,47.539,48.791,56.224,51.047,57.71,44.617,46.49,54.679,48.329
23235,愛知県,弥富市,2025,54.628,40.757,58.191,40.812,80.0,48.2,43.237,47.746,32.013,46.049,35.74,50.373,38.506,47.828,47.058,50.074,54.145,41.585,53.345,53.982,44.617,45.972,50.459,46.15
23236,愛知県,みよし市,2025,56.032,43.964,53.709,42.643,46.096,50.75,44.733,53.607,42.74,49.471,46.124,53.828,45.728,48.553,45.414,49.48,49.529,51.371,62.819,60.419,44.394,47.828,58.721,48.865
23237,愛知県,あま市,2025,56.024,45.722,56.952,46.87,44.226,46.592,47.388,43.907,37.157,41.71,35.74,48.445,38.506,46.589,44.726,49.157,50.48,43.395,46.59,44.264,44.84,45.707,50.395,48.754
23238,愛知県,長久手市,2025,62.278,46.984,47.612,48.67,46.367,56.901,47.166,57.14,40.129,48.54,46.124,53.944,38.506,48.741,51.86,49.831,47.863,53.231,54.883,64.275,44.394,52.976,55.772,52.204
23302,愛知県,東郷町,2025,54.277,46.836,54.425,41.893,49.845,53.216,46.528,49.407,41.233,40.169,35.74,58.898,38.506,47.728,49.57,47.901,51.272,53.175,56.492,57.352,44.394,46.489,55.369,44.931
23425,愛知県,蟹江町,2025,48.755,49.67,50.539,47.235,53.701,50.302,46.362,50.366,31.853,42.027,35.74,47.457,38.506,48.13,45.525,51.315,48.303,45.795,47.385,53.745,44.84,46.425,52.318,47.567
23442,愛知県,東浦町,2025,62.42,43.667,55.434,46.771,46.569,47.063,44.21,52.457,38.199,44.856,46.124,53.444,38.506,49.305,51.348,48.81,48.215,55.179,54.277,51.564,44.394,47.345,48.697,48.732
23447,愛知県,武豊町,2025,54.869,47.683,57.596,49.141,45.855,51.121,43.554,53.663,30.013,39.075,35.74,54.744,38.506,46.683,60.504,45.9,50.944,55.308,58.529,56.512,44.394,45.237,48.206,48.21
23501,愛知県,幸田町,2025,54.842,43.909,56.66,39.927,48.885,50.827,43.631,51.302,33.491,40.931,35.74,61.394,52.95,54.269,50.915,46.853,55.179,53.783,57.14,62.183,44.394,46.372,58.436,43.262
24201,三重県,津市,2025,48.488,45.083,56.54,44.834,47.807,46.695,43.481,47.456,49.217,42.453,56.509,44.604,45.728,58.37,56.177,45.8,54.823,48.294,51.467,51.71,51.196,48.721,52.967,48.285
24202,三重県,四日市市,2025,50.537,46.804,53.682,48.309,47.101,45.753,45.094,50.269,49.708,48.783,46.124,52.363,52.95,48.402,47.098,48.847,51.417,55.807,49.338,54.389,44.401,47.938,54.79,47.782
24203,三重県,伊勢市,2025,52.791,47.214,57.798,45.328,47.149,48.464,44.943,55.668,52.294,46.961,46.124,51.02,52.95,57.158,54.549,46.775,53.991,46.229,56.636,53.435,48.438,45.373,53.297,44.847
24204,三重県,松阪市,2025,49.879,45.123,57.955,41.375,48.934,47.721,43.423,46.876,39.836,43.396,56.509,50.539,52.95,61.386,53.58,45.315,53.465,53.275,50.567,46.633,44.497,47.332,52.449,45.577
24205,三重県,桑名市,2025,49.025,45.355,57.601,45.909,50.062,49.222,44.702,48.217,37.417,47.391,46.124,55.417,38.506,51.662,50.146,47.813,52.549,53.818,52.328,54.629,48.167,46.784,56.222,47.003
24207,三重県,鈴鹿市,2025,50.053,43.323,56.084,46.087,49.742,50.207,43.422,47.564,41.059,45.251,56.509,54.421,52.95,50.824,48.502,45.028,51.864,49.607,53.568,51.761,43.906,48.085,51.988,47.668
24208,三重県,名張市,2025,55.516,40.295,60.057,50.58,50.212,45.019,43.875,40.666,43.023,45.286,35.74,56.348,45.728,57.846,46.927,51.693,54.32,57.573,52.617,48.419,48.63,45.492,48.501,44.707
24210,三重県,亀山市,2025,44.327,40.048,58.792,36.42,44.136,45.008,42.519,48.823,42.064,44.16,56.509,53.792,67.393,57.628,48.773,47.863,53.74,51.985,60.305,50.727,48.853,46.302,56.165,44.396
24214,三重県,いなべ市,2025,46.778,36.889,63.683,44.703,48.878,48.001,42.201,45.771,48.675,34.361,35.74,55.253,52.95,60.181,55.88,47.058,56.838,64.765,56.382,47.277,44.394,44.233,56.576,42.422
24215,三重県,志摩市,2025,45.609,40.84,62.776,43.737,60.865,41.7,42.374,42.164,42.462,35.635,46.124,45.991,52.95,56.045,59.181,44.967,52.955,46.917,59.246,43.336,48.761,44.3,47.568,44.982
24216,三重県,伊賀市,2025,45.43,37.967,60.644,39.781,48.701,44.685,42.178,42.286,38.582,33.569,56.509,49.172,52.95,59.227,50.858,50.966,55.968,61.382,57.571,51.375,54.781,55.421,55.329,45.194
24341,三重県,菰野町,2025,48.696,37.687,60.971,43.086,47.24,46.317,42.049,53.788,38.732,30.135,35.74,57.185,45.728,57.792,56.209,46.881,53.71,47.369,60.37,56.295,44.394,44.531,51.435,45.309
24441,三重県,多気町,2025,52.282,37.383,55.012,29.973,41.217,46.307,42.373,53.113,45.692,37.397,35.74,59.383,45.728,57.84,55.476,45.244,56.088,42.979,67.433,50.294,44.394,46.794,54.743,47.301
24442,三重県,明和町,2025,46.712,36.781,61.871,39.446,47.575,48.445,41.935,45.36,46.081,44.412,35.74,62.281,45.728,51.459,57.21,47.124,58.684,46.72,60.18,48.78,48.761,45.889,51.092,43.193
24543,三重県,紀北町,2025,50.309,42.945,54.734,29.758,61.411,38.654,44.155,41.692,35.885,42.857,35.74,48.239,60.172,69.162,64.565,42.074,53.319,47.981,63.016,38.455,48.63,44.777,47.577,40.224
25201,滋賀県,大津市,2025,49.589,47.544,53.596,48.193,49.471,45.632,46.701,48.718,45.761,45.502,66.893,53.396,60.172,58.494,53.38,51.688,54.489,37.543,50.007,57.322,69.151,50.203,48.555,51.526
25202,滋賀県,彦根市,2025,56.65,49.567,55.719,48.704,49.535,49.145,45.027,44.867,41.395,49.051,56.509,47.883,60.172,53.159,48.527,50.406,54.13,51.875,49.281,58.41,52.218,53.371,52.489,47.479
25203,滋賀県,長浜市,2025,51.702,41.298,63.077,42.243,50.583,43.019,42.887,49.687,43.433,43.991,56.509,49.947,60.172,63.846,51.304,48.719,64.095,48.984,51.928,55.361,61.56,46.206,53.366,45.03
25204,滋賀県,近江八幡市,2025,52.95,44.94,57.5,45.552,46.873,42.776,43.288,48.74,40.518,38.975,66.893,52.654,60.172,52.805,50.72,51.276,58.982,48.337,56.863,56.244,64.945,50.972,52.972,46.882
25206,滋賀県,草津市,2025,52.926,49.289,48.063,49.57,51.233,49.738,46.815,50.469,48.473,54.391,46.124,50.961,52.95,49.51,46.116,50.067,53.179,48.429,51.591,65.869,49.285,50.298,49.876,52.28
25207,滋賀県,守山市,2025,58.882,47.112,56.184,47.695,44.835,45.229,44.781,49.229,38.622,52.623,46.124,56.675,45.728,50.854,49.674,52.047,57.335,56.525,56.123,63.916,49.877,47.884,54.609,51.06
25208,滋賀県,栗東市,2025,52.457,45.134,54.079,44.587,80.0,48.89,45.271,46.145,39.439,42.985,46.124,55.737,45.728,52.129,48.104,50.714,49.395,49.787,49.746,61.6,50.191,46.939,55.464,48.82
25209,滋賀県,甲賀市,2025,50.026,37.642,61.975,38.962,57.506,44.602,42.574,50.694,45.558,36.766,46.124,54.348,60.172,57.426,54.551,49.216,56.735,52.334,59.695,55.947,54.913,47.348,54.33,45.139
25210,滋賀県,野洲市,2025,48.807,43.097,56.941,43.143,48.75,43.475,42.628,51.156,41.162,53.753,46.124,56.754,45.728,52.21,45.841,53.847,54.025,47.629,61.295,60.32,56.12,46.081,50.298,46.229
25211,滋賀県,湖南市,2025,54.694,41.393,55.876,43.427,45.166,47.856,45.139,49.851,41.173,51.673,46.124,48.068,38.506,53.131,50.746,49.138,53.321,60.165,53.025,56.961,46.179,44.685,52.92,47.208
25212,滋賀県,高島市,2025,54.017,38.967,64.998,40.693,54.93,40.799,42.321,52.343,39.203,34.687,46.124,44.665,60.172,62.717,50.635,49.476,59.097,46.602,63.203,56.345,53.666,45.627,50.258,44.663
25213,滋賀県,東近江市,2025,49.865,39.918,60.884,41.799,49.364,42.721,42.757,51.29,40.644,40.5,46.124,52.72,74.615,58.049,50.452,48.029,56.771,50.34,51.817,62.319,52.609,45.366,49.551,44.765
25214,滋賀県,米原市,2025,50.443,36.727,65.653,38.752,48.159,43.803,43.241,48.965,40.38,32.883,46.124,53.282,67.393,63.62,52.506,49.016,61.112,46.03,61.847,58.395,53.442,54.777,51.106,44.803
26100,京都府,京都市,2025,48.809,55.908,43.762,57.099,47.337,48.548,55.508,43.396,60.103,56.679,66.893,52.752,80.0,52.52,50.781,51.472,52.639,53.874,44.914,47.313,71.044,49.48,42.898,64.638
26201,京都府,福知山市,2025,51.333,44.134,58.252,42.872,50.054,47.056,43.238,49.648,41.234,44.936,46.124,49.154,52.95,56.726,51.49,52.938,54.072,59.044,55.443,47.415,48.853,45.948,55.969,45.529
26202,京都府,舞鶴市,2025,49.185,47.007,56.602,45.056,54.003,46.309,44.539,44.971,49.236,40.997,35.74,52.515,45.728,56.536,48.452,49.108,54.22,51.23,51.247,50.041,58.255,47.443,56.285,43.871
26204,京都府,宇治市,2025,49.927,49.893,53.222,54.775,46.246,49.885,52.43,53.274,48.62,48.756,56.509,59.986,60.172,53.331,48.843,46.905,48.004,48.726,44.218,59.019,57.198,50.934,42.316,48.311
26206,京都府,亀岡市,2025,46.164,46.132,58.447,46.636,52.159,40.264,43.889,43.388,40.828,40.723,46.124,54.572,52.95,58.509,51.467,52.321,55.373,50.067,49.048,56.405,50.323,46.567,49.013,46.613
26207,京都府,城陽市,2025,51.242,46.356,55.241,53.879,46.542,45.33,48.117,43.216,30.965,48.774,35.74,62.378,38.506,51.737,48.16,47.451,48.661,54.516,49.514,59.213,49.43,48.004,46.442,48.299
26208,京都府,向日市,2025,49.507,52.231,50.49,56.816,45.344,52.561,58.658,53.45,40.8,47.218,35.74,57.447,38.506,44.268,45.404,48.989,49.088,53.955,45.327,55.841,44.617,48.069,49.859,51.257
26209,京都府,長岡京市,2025,52.905,47.766,49.417,55.034,45.829,49.922,57.126,49.542,44.772,51.031,56.509,59.738,45.728,50.122,45.609,50.682,48.598,54.537,49.418,57.224,44.394,49.667,49.099,51.999
26210,京都府,八幡市,2025,46.474,45.298,52.909,51.288,45.842,46.181,46.91,43.292,35.475,51.106,35.74,56.754,38.506,49.248,41.408,53.929,48.26,51.807,43.679,53.991,54.112,46.295,38.246,49.203
26211,京都府,京田辺市,2025,49.356,46.633,51.53,51.069,45.443,49.421,45.491,53.946,40.43,46.703,35.74,60.886,38.506,54.185,48.935,50.435,51.112,49.787,58.615,59.661,54.335,48.786,49.163,50.214
26212,京都府,京丹後市,2025,50.828,40.038,66.568,38.143,53.932,41.344,42.763,42.937,39.813,32.52,35.74,57.31,67.393,56.597,54.334,49.992,60.071,44.487,64.623,55.685,53.666,44.959,55.031,44.711
26214,京都府,木津川市,2025,50.968,42.742,57.684,46.702,45.373,52.389,44.564,50.444,43.199,46.588,35.74,63.584,52.95,55.33,52.624,48.639,52.072,50.867,52.232,58.427,57.013,50.491,45.46,50.419
26366,京都府,精華町,2025,51.401,40.482,59.34,49.591,46.834,47.267,45.342,46.861,42.694,51.158,35.74,64.713,38.506,50.722,48.119,51.695,50.663,46.979,53.748,59.835,49.207,48.251,46.649,51.018
27100,大阪府,大阪市,2025,46.152,62.773,38.689,59.276,53.16,53.028,65.258,51.526,70.262,57.054,77.277,34.099,52.95,41.191,46.101,49.623,48.293,55.896,50.663,33.141,57.441,49.207,41.917,69.275
27140,大阪府,堺市,2025,46.172,51.759,48.765,53.247,45.938,57.346,52.176,47.165,63.495,54.62,56.509,45.139,52.95,43.563,50.097,48.129,46.469,51.29,47.216,43.254,53.148,49.246,43.461,57.283
27202,大阪府,岸和田市,2025,46.581,49.942,53.69,51.973,47.426,52.924,48.121,47.32,40.708,53.392,56.509,46.278,52.95,49.571,48.902,45.443,49.05,48.825,42.318,35.177,51.411,45.518,41.744,47.998
27203,大阪府,豊中市,2025,45.304,54.362,43.002,55.764,45.862,57.802,59.321,53.642,58.983,52.415,46.124,47.855,38.506,42.584,48.751,52.196,44.656,55.48,45.07,52.069,53.608,51.183,47.728,53.055
27204,大阪府,池田市,2025,47.876,52.525,45.402,53.527,47.172,55.826,52.75,53.254,53.46,55.71,35.74,49.797,38.506,49.765,47.52,49.159,45.137,45.67,54.21,61.089,46.984,54.259,47.85,48.321
27205,大阪府,吹田市,2025,49.833,54.06,41.32,56.239,48.622,57.182,58.901,53.729,52.223,51.454,46.124,47.619,38.506,42.565,45.534,54.308,45.85,53.485,56.084,60.8,46.568,56.918,49.802,58.337
27206,大阪府,泉大津市,2025,48.112,53.382,49.036,51.166,49.364,55.421,48.653,43.485,40.091,53.506,35.74,37.173,38.506,40.327,49.25,41.829,46.673,50.483,43.997,42.642,45.064,45.598,44.616,47.121
27207,大阪府,高槻市,2025,46.451,52.198,49.061,53.79,45.744,52.394,53.653,52.878,54.429,50.219,46.124,55.88,38.506,53.743,45.307,53.939,48.121,47.393,53.161,60.364,48.654,51.088,45.903,49.769
27208,大阪府,貝塚市,2025,44.605,47.221,54.17,52.557,49.301,54.608,47.424,47.084,33.251,53.247,35.74,44.733,45.728,53.167,47.665,46.256,47.248,45.236,41.245,26.981,49.207,53.611,44.218,45.128
27209,大阪府,守口市,2025,47.776,56.958,46.346,55.768,45.704,55.486,62.476,39.843,45.749,48.309,35.74,41.807,38.506,41.74,45.6,51.242,46.853,48.139,46.633,37.19,45.844,46.848,42.156,48.706
27210,大阪府,枚方市,2025,46.272,51.113,50.316,53.512,45.284,51.007,53.576,53.804,52.518,55.672,46.124,50.679,38.506,47.127,48.692,51.154,47.742,56.151,47.307,52.571,45.599,49.775,45.306,48.799
27211,大阪府,茨木市,2025,45.962,51.742,44.169,54.234,45.967,54.79,52.859,56.249,52.001,49.435,56.509,49.598,38.506,51.654,47.421,50.272,47.507,51.706,46.496,54.354,48.605,49.758,48.557,48.887
27212,大阪府,八尾市,2025,46.557,52.925,50.471,55.915,45.178,55.242,53.452,50.981,52.143,49.081,46.124,46.176,45.728,47.548,43.204,53.595,46.896,51.137,49.142,41.021,44.51,50.783,42.598,47.799
27213,大阪府,泉佐野市,2025,46.744,49.248,52.889,49.391,58.062,47.153,46.335,40.626,43.291,42.455,46.124,41.903,60.172,53.113,47.439,48.198,48.893,47.482,38.734,32.993,57.633,50.863,46.994,50.297
27214,大阪府,富田林市,2025,52.62,46.756,52.589,52.899,44.636,50.919,50.005,54.479,46.409,54.933,35.74,50.366,45.728,48.014,49.37,50.634,48.008,51.536,44.053,43.733,49.124,48.511,40.94,46.832
27215,大阪府,寝屋川市,2025,47.096,54.737,49.154,53.797,45.778,55.271,59.289,43.439,51.43,48.21,46.124,43.295,45.728,43.267,46.473,50.564,48.151,47.239,48.853,42.706,45.144,48.307,37.739,50.035
27216,大阪府,河内長野市,2025,46.11,43.37,57.939,50.012,43.701,44.615,47.752,53.647,51.225,48.425,35.74,55.157,45.728,57.585,50.516,49.717,47.632,44.534,47.573,51.892,60.112,52.785,42.208,48.179
27217,大阪府,松原市,2025,47.013,49.434,51.567,51.294,45.317,51.598,56.586,45.288,43.014,49.38,35.74,39.268,38.506,46.153,44.569,48.358,48.323,53.446,44.423,38.163,47.75,45.706,39.613,50.409
27218,大阪府,大東市,2025,47.292,51.731,48.704,57.077,44.2,57.617,60.159,45.939,42.601,47.82,56.509,43.912,45.728,45.979,46.681,48.472,47.544,53.783,41.914,41.27,44.78,52.105,41.941,48.162
27219,大阪府,和泉市,2025,46.763,47.197,53.216,50.916,49.225,50.867,46.67,46.821,46.772,44.677,35.74,48.128,45.728,51.973,51.93,49.976,49.142,50.441,49.151,47.171,51.766,48.666,45.211,48.456
27220,大阪府,箕面市,2025,46.541,51.643,48.358,53.4,43.494,52.572,54.58,56.775,49.974,52.508,56.509,50.698,45.728,56.145,43.614,48.612,46.244,55.22,56.738,60.51,52.487,51.459,47.993,48.804
27221,大阪府,柏原市,2025,49.082,48.126,51.935,54.014,46.488,45.989,51.454,46.003,49.516,44.162,35.74,48.541,45.728,50.97,46.446,44.347,48.584,49.827,49.538,48.102,53.351,50.278,42.701,46.037
27222,大阪府,羽曳野市,2025,47.072,48.111,55.702,51.323,45.453,49.631,48.08,50.309,40.611,45.365,46.124,46.341,52.95,49.223,42.034,46.717,47.785,53.704,47.762,44.931,51.794,47.687,40.877,52.696
27223,大阪府,門真市,2025,46.731,57.875,47.171,53.67,49.639,50.182,58.12,46.581,46.084,47.483,35.74,35.914,38.506,40.891,45.778,53.771,45.164,55.796,37.057,34.646,44.781,46.965,36.099,47.784
27224,大阪府,摂津市,2025,47.097,52.969,45.994,55.088,46.156,51.516,53.963,49.54,39.645,51.713,35.74,43.232,38.506,45.835,40.467,49.315,46.069,41.08,46.02,48.024,44.394,47.537,47.211,46.574
27225,大阪府,高石市,2025,47.576,53.321,50.985,53.308,45.528,54.611,54.995,44.603,34.281,54.245,35.74,43.6,45.728,40.736,45.217,45.155,48.225,47.135,53.249,35.549,44.394,47.67,41.042,47.181
27226,大阪府,藤井寺市,2025,50.248,57.563,51.17,52.49,46.314,52.721,60.184,47.208,42.395,43.302,46.124,48.212,38.506,46.797,47.512,47.277,47.593,52.297,48.959,50.493,48.984,46.539,41.544,50.031
27227,大阪府,東大阪市,2025,45.926,54.267,46.867,56.451,47.993,51.668,58.21,42.155,50.406,48.782,46.124,38.716,45.728,46.168,44.687,50.955,47.454,50.551,47.43,39.048,44.989,48.522,41.633,49.006
27228,大阪府,泉南市,2025,52.514,43.021,56.395,47.989,51.324,47.791,45.979,41.711,42.291,47.241,35.74,49.328,52.95,54.495,48.667,47.747,48.208,49.215,33.669,30.534,48.761,46.154,33.427,45.122
27229,大阪府,四條畷市,2025,47.814,45.887,50.988,52.377,49.371,52.431,49.365,47.576,45.65,41.499,35.74,43.543,45.728,51.508,41.828,47.315,50.358,53.301,47.224,41.775,44.394,48.556,47.13,49.201
27230,大阪府,交野市,2025,48.006,48.85,54.625,51.895,40.542,54.975,50.83,43.805,36.875,46.208,46.124,52.061,45.728,50.914,48.172,45.734,51.73,55.021,54.491,59.838,44.84,51.629,44.651,48.589
27231,大阪府,大阪狭山市,2025,47.085,46.34,52.516,53.239,44.609,51.908,49.843,50.147,42.134,48.422,35.74,55.19,38.506,45.886,44.148,49.197,45.777,50.84,56.403,50.982,44.394,51.015,47.275,48.964
27232,大阪府,阪南市,2025,41.549,44.153,59.513,49.739,49.16,44.198,47.913,46.338,41.932,49.663,35.74,51.016,45.728,54.608,52.367,40.923,49.257,45.418,48.859,45.686,48.984,45.928,38.745,49.51
27321,大阪府,豊能町,2025,50.965,38.384,66.301,48.976,46.737,37.314,45.202,53.569,38.94,46.2,35.74,61.766,38.506,58.405,53.238,47.288,53.102,48.328,51.56,60.126,44.394,50.281,35.518,49.446
27361,大阪府,熊取町,2025,49.734,40.977,57.147,50.78,43.091,52.113,48.89,51.045,42.302,48.372,35.74,59.371,38.506,50.546,46.342,54.342,50.533,56.25,49.112,43.239,49.43,48.077,45.548,50.709
28100,兵庫県,神戸市,2025,49.628,54.387,44.95,53.099,48.908,52.674,50.844,45.833,64.339,58.51,66.893,45.861,60.172,46.284,48.371,53.266,50.695,49.741,46.957,54.796,62.064,49.834,45.499,58.695
28201,兵庫県,姫路市,2025,48.158,49.313,54.702,48.939,48.691,49.952,46.361,49.127,51.047,53.613,66.893,41.258,52.95,52.507,52.163,48.166,53.277,50.17,48.567,47.487,56.934,57.652,49.803,47.735
28202,兵庫県,尼崎市,2025,43.589,56.147,42.848,58.868,48.428,50.636,55.946,52.824,49.299,54.988,46.124,40.612,45.728,42.603,44.789,46.691,45.17,51.878,43.588,44.23,49.578,49.678,43.639,47.599
28203,兵庫県,明石市,2025,47.153,52.592,48.226,54.147,45.693,52.775,51.263,48.7,48.191,50.489,46.124,45.898,38.506,44.786,44.905,50.555,47.137,57.714,52.46,52.47,45.065,51.464,48.642,48.215
28204,兵庫県,西宮市,2025,49.002,52.183,43.989,54.428,45.304,53.195,54.81,56.971,47.043,51.711,77.277,53.915,52.95,48.83,47.578,47.452,47.905,48.41,46.05,58.977,49.89,51.126,51.078,50.076
28205,兵庫県,洲本市,2025,48.195,42.537,58.561,39.646,58.61,41.834,43.377,47.472,41.816,33.59,35.74,36.459,45.728,55.061,55.354,50.48,54.228,44.084,59.482,49.97,57.363,47.162,51.271,47.497
28206,兵庫県,芦屋市,2025,49.914,52.776,44.904,56.066,49.957,52.038,57.086,46.804,43.227,49.106,56.509,52.241,45.728,46.988,45.892,44.565,46.295,58.203,56.696,66.467,48.984,52.82,53.559,51.682
28207,兵庫県,伊丹市,2025,47.919,53.183,46.728,57.536,44.48,55.367,52.983,51.4,50.258,54.511,56.509,51.213,38.506,45.697,45.678,47.922,46.058,51.739,45.672,55.357,47.857,51.218,44.453,47.886
28209,兵庫県,豊岡市,2025,51.257,45.019,62.493,42.394,57.315,43.263,43.221,51.052,41.926,34.99,46.124,50.825,74.615,57.981,50.31,49.815,58.443,42.472,55.616,57.634,54.204,45.9,53.593,46.776
28210,兵庫県,加古川市,2025,49.379,49.22,55.478,47.108,47.235,50.7,45.072,50.163,56.178,48.326,35.74,48.199,38.506,47.312,47.885,47.03,50.207,42.283,51.552,54.226,45.225,46.56,49.601,47.397
28212,兵庫県,赤穂市,2025,48.351,46.905,60.502,46.634,51.231,44.763,43.944,47.9,39.885,50.459,35.74,46.227,52.95,53.619,53.616,42.973,54.74,52.412,56.463,48.791,57.363,48.568,47.798,44.907
28214,兵庫県,宝塚市,2025,49.457,48.786,49.07,53.283,44.724,50.644,50.947,50.402,51.264,44.247,56.509,57.133,52.95,52.602,51.544,54.626,46.455,58.888,48.637,61.238,49.98,50.579,47.825,48.668
28215,兵庫県,三木市,2025,45.928,44.673,60.77,43.157,58.303,48.824,42.866,52.735,43.06,55.674,35.74,45.633,38.506,50.397,48.456,51.296,51.612,52.937,43.637,52.509,45.51,51.312,40.792,45.451
28216,兵庫県,高砂市,2025,48.307,50.704,57.92,49.934,45.45,52.476,48.112,47.468,46.245,47.943,35.74,43.776,38.506,46.127,44.655,42.621,50.386,49.615,42.679,51.833,48.761,45.638,44.15,47.929
28217,兵庫県,川西市,2025,49.79,46.082,54.692,51.544,45.761,53.01,48.515,43.122,45.855,45.836,46.124,47.248,45.728,51.53,53.634,49.442,47.01,50.321,51.989,60.023,46.158,50.807,43.369,49.459
28218,兵庫県,小野市,2025,46.658,38.441,61.634,43.946,51.981,46.027,43.045,52.721,37.185,36.777,35.74,51.523,38.506,50.117,45.331,50.894,52.167,48.671,50.185,53.136,45.287,50.582,51.321,45.401
28219,兵庫県,三田市,2025,46.751,42.923,53.088,48.114,46.231,49.429,45.42,52.929,47.852,53.75,56.509,58.088,38.506,52.476,52.631,53.359,52.996,52.42,52.916,60.215,45.307,56.781,49.956,49.995
28220,兵庫県,加西市,2025,46.306,36.47,63.929,39.05,49.511,44.869,42.521,51.79,45.722,38.455,35.74,49.485,45.728,51.042,56.268,49.554,55.098,57.824,62.232,51.083,50.546,52.106,52.982,44.444
28222,兵庫県,養父市,2025,51.321,38.303,67.32,38.72,53.101,41.849,42.509,48.674,40.405,38.379,46.124,43.558,45.728,61.374,49.842,49.512,61.101,49.496,61.946,42.481,49.207,45.736,51.18,41.593
28223,兵庫県,丹波市,2025,47.883,37.366,64.903,36.625,46.651,50.381,42.915,47.889,44.574,34.034,35.74,50.127,38.506,57.877,57.037,49.334,58.535,45.164,64.234,49.187,49.299,47.78,55.305,44.844
28224,兵庫県,南あわじ市,2025,44.765,38.968,62.669,37.583,51.798,45.038,42.642,42.605,43.164,34.262,35.74,43.35,45.728,55.863,51.584,44.967,54.743,51.29,65.82,51.684,57.231,56.432,55.284,45.656
28226,兵庫県,淡路市,2025,48.188,40.775,59.459,36.567,52.565,41.383,42.163,45.022,40.234,43.235,35.74,37.217,52.95,52.805,56.314,44.887,53.974,48.03,57.863,52.551,48.984,45.429,49.814,47.047
28228,兵庫県,加東市,2025,45.269,40.308,61.212,39.252,60.388,49.192,42.004,56.99,37.232,47.155,35.74,41.754,38.506,52.899,45.688,54.757,51.644,58.289,49.711,49.676,49.653,45.809,57.284,47.307
28229,兵庫県,たつの市,2025,51.863,39.717,62.743,40.222,46.579,45.764,43.448,49.58,53.123,44.0,35.74,49.958,45.728,53.192,52.986,47.447,54.047,51.173,56.73,48.045,49.653,53.118,49.169,47.302
28301,兵庫県,猪名川町,2025,46.116,41.658,63.596,47.925,43.989,44.278,44.769,57.366,40.348,55.464,35.74,59.918,38.506,57.901,51.86,52.651,50.589,50.196,52.506,65.242,44.617,46.711,42.985,46.408
28365,兵庫県,多可町,2025,50.402,37.138,69.343,42.413,49.327,42.667,43.121,46.455,42.284,38.539,35.74,53.367,38.506,58.824,53.429,48.371,58.531,45.898,61.992,53.513,48.63,46.773,51.476,45.064
29201,奈良県,奈良市,2025,46.56,48.345,52.293,51.173,48.38,43.89,47.341,44.939,55.501,47.951,46.124,53.541,67.393,53.287,52.273,49.419,53.972,53.987,55.766,58.729,63.843,49.798,45.757,49.369
29202,奈良県,大和高田市,2025,46.378,47.173,54.219,52.184,49.498,41.752,49.47,41.362,34.613,42.211,35.74,42.361,38.506,45.867,46.015,48.385,50.179,40.684,50.172,41.689,49.207,46.336,38.665,48.042
29203,奈良県,大和郡山市,2025,50.051,44.792,55.405,49.008,50.544,44.294,45.902,49.83,39.538,51.722,35.74,49.986,38.506,48.036,42.228,48.137,53.619,50.363,49.514,48.978,50.638,48.749,41.211,45.793
29204,奈良県,天理市,2025,48.875,44.575,57.355,47.692,45.354,45.76,44.07,38.281,50.214,40.526,35.74,49.17,52.95,53.611,52.27,47.974,54.36,54.436,51.156,49.66,46.179,49.705,47.809,45.492
29205,奈良県,橿原市,2025,47.543,49.587,53.984,51.3,48.534,44.538,47.166,48.668,36.393,48.285,46.124,45.916,52.95,47.666,45.043,46.529,51.928,48.378,48.417,60.318,57.165,47.143,46.896,48.978
29206,奈良県,桜井市,2025,46.856,46.624,58.084,47.375,45.649,37.917,45.21,40.75,40.041,42.231,46.124,49.634,60.172,56.873,47.789,44.926,55.586,42.454,49.426,48.032,55.359,45.858,43.798,47.624
29209,奈良県,生駒市,2025,49.501,47.459,55.67,51.261,43.092,46.263,47.11,53.935,51.45,49.534,46.124,59.087,52.95,51.112,53.467,49.833,50.238,58.202,56.665,57.55,47.54,50.398,47.997,48.722
29210,奈良県,香芝市,2025,49.939,47.972,56.256,49.94,45.351,52.648,50.35,50.101,44.024,42.783,35.74,59.853,45.728,47.802,43.596,48.431,50.568,50.451,51.135,59.606,48.761,52.793,50.589,51.065
29211,奈良県,葛城市,2025,48.76,42.682,60.712,48.454,46.664,41.156,43.698,51.136,43.23,42.523,46.124,57.131,52.95,54.126,47.063,48.515,54.27,44.334,63.382,51.912,59.817,45.754,46.422,45.925
29363,奈良県,田原本町,2025,52.701,47.013,60.327,46.866,43.652,39.446,44.34,49.109,39.691,44.556,35.74,51.712,38.506,47.804,46.211,49.237,57.747,45.781,55.159,59.984,44.394,45.853,46.417,51.41
29426,奈良県,広陵町,2025,49.86,45.99,64.103,48.431,45.771,43.794,45.523,52.285,38.845,48.016,35.74,58.15,38.506,47.24,48.618,49.988,57.307,52.686,53.149,56.113,44.617,48.281,49.236,48.676
30201,和歌山県,和歌山市,2025,47.991,48.727,54.373,49.86,49.063,43.295,47.145,42.291,53.163,46.977,46.124,45.613,67.393,51.001,44.599,51.292,54.61,48.993,43.382,45.417,58.901,47.657,48.875,48.069
30202,和歌山県,海南市,2025,50.526,44.097,62.043,41.255,47.427,39.531,43.966,46.807,43.089,33.192,35.74,48.297,52.95,52.415,46.291,48.686,55.562,48.926,47.937,52.229,59.24,54.03,45.27,42.33
30203,和歌山県,橋本市,2025,50.774,45.864,60.953,48.307,44.799,41.7,45.366,41.126,45.093,41.299,35.74,51.801,52.95,57.804,50.874,44.179,53.09,52.572,54.597,55.783,49.207,48.806,47.331,50.554
30206,和歌山県,田辺市,2025,53.939,47.278,58.391,42.161,59.107,42.774,44.262,47.133,51.051,34.129,56.509,47.825,74.615,67.308,56.302,45.21,51.762,43.841,55.228,46.996,49.076,46.005,47.757,46.745
30208,和歌山県,紀の川市,2025,49.194,39.389,63.566,42.33,47.593,42.162,42.618,47.186,40.827,33.438,35.74,52.54,60.172,57.987,51.294,47.251,55.108,44.851,60.988,46.842,58.478,45.695,51.269,42.625
30209,和歌山県,岩出市,2025,47.353,44.226,56.104,45.201,55.16,45.608,44.239,55.404,37.844,37.918,35.74,51.018,45.728,54.87,48.22,47.421,46.95,44.231,48.265,53.74,54.112,44.868,48.032,48.228
31201,鳥取県,鳥取市,2025,51.375,45.852,56.313,44.826,51.808,51.711,43.711,50.172,57.259,48.731,56.509,54.464,60.172,57.488,54.541,50.643,54.816,48.46,46.246,48.385,55.523,53.48,53.424,45.99
31202,鳥取県,米子市,2025,51.72,48.988,56.413,44.922,49.289,52.039,45.418,46.345,56.72,52.106,46.124,50.966,45.728,49.464,55.084,50.24,52.304,50.328,50.701,49.898,51.703,54.434,54.915,46.542
31203,鳥取県,倉吉市,2025,56.363,49.134,59.507,43.699,53.608,50.91,43.191,49.507,41.921,46.796,46.124,51.398,60.172,56.176,56.384,50.368,53.212,45.982,49.269,53.406,44.617,56.809,54.279,42.916
31204,鳥取県,境港市,2025,50.35,47.199,61.781,50.223,47.875,53.306,44.865,44.005,39.827,55.437,35.74,50.479,38.506,47.65,58.286,47.307,50.21,48.249,58.08,52.306,44.394,55.918,51.963,44.51
32201,島根県,松江市,2025,51.642,46.081,54.583,45.934,51.142,51.741,44.604,44.132,50.873,45.417,46.124,55.109,60.172,53.807,54.706,53.795,54.686,52.156,62.248,56.197,49.741,50.229,54.894,46.295
32202,島根県,浜田市,2025,49.872,41.569,58.367,42.268,58.22,46.647,42.989,48.682,44.882,43.966,46.124,55.495,45.728,55.173,55.533,49.307,51.104,48.942,63.833,37.215,53.127,54.187,55.508,41.952
32203,島根県,出雲市,2025,48.742,43.12,60.23,43.261,49.196,53.983,43.138,47.202,45.246,42.608,56.509,59.602,52.95,54.184,51.043,49.732,56.955,46.925,65.528,57.297,51.576,48.953,57.961,45.84
32204,島根県,益田市,2025,52.077,43.571,61.419,44.043,54.817,49.353,43.48,44.582,38.41,46.219,46.124,55.726,52.95,57.255,51.56,45.205,55.665,47.646,64.083,46.56,57.809,52.608,57.918,43.164
32206,島根県,安来市,2025,44.306,38.568,65.16,39.201,48.209,46.974,42.878,53.921,40.28,39.041,35.74,56.658,45.728,56.238,47.902,44.088,56.27,48.659,63.327,54.894,49.207,51.132,56.855,42.794
32209,島根県,雲南市,2025,45.846,36.776,67.239,37.066,52.667,43.009,42.794,41.289,43.032,37.425,35.74,59.241,38.506,55.798,60.299,47.292,60.569,45.165,67.459,53.569,48.984,45.672,59.68,44.957
33100,岡山県,岡山市,2025,47.316,48.03,50.843,47.531,49.614,50.423,44.331,47.821,51.517,51.786,56.509,45.274,60.172,49.07,47.779,55.637,52.74,53.038,41.87,54.688,60.054,50.112,49.913,54.382
33202,岡山県,倉敷市,2025,44.041,46.498,54.981,45.737,47.941,49.032,45.077,49.893,54.827,49.845,56.509,49.793,52.95,47.213,49.424,50.359,53.801,48.527,46.182,54.265,58.002,46.912,52.258,44.809
33203,岡山県,津山市,2025,48.447,43.014,59.624,41.48,52.746,47.791,43.199,45.007,57.914,37.398,56.509,43.484,45.728,54.825,51.642,53.742,52.898,41.802,55.738,50.367,54.204,47.458,55.276,43.642
33204,岡山県,玉野市,2025,45.053,37.663,61.657,46.877,54.335,43.379,46.376,49.335,37.279,49.989,35.74,48.477,45.728,49.295,42.233,41.146,49.942,46.618,54.755,47.459,44.394,46.481,48.614,43.49
33205,岡山県,笠岡市,2025,49.235,38.715,60.684,39.088,45.363,46.02,44.38,50.123,37.576,39.442,35.74,44.098,45.728,49.253,42.988,43.583,54.745,47.644,53.578,48.991,53.219,51.577,43.945,43.417
33207,岡山県,井原市,2025,44.798,38.296,62.96,45.09,49.371,43.982,43.059,52.838,39.833,38.254,35.74,52.037,38.506,52.587,45.155,44.232,58.037,39.47,54.639,51.299,48.63,56.726,48.937,45.684
33208,岡山県,総社市,2025,45.134,40.194,58.044,41.881,48.176,46.64,43.096,55.013,38.605,40.097,35.74,54.342,45.728,51.321,42.632,50.839,54.684,54.563,56.929,58.27,57.678,50.897,52.094,45.107
33211,岡山県,備前市,2025,42.906,37.517,63.098,40.174,48.017,44.691,44.149,45.479,36.763,32.634,35.74,46.829,45.728,52.081,48.025,45.281,52.264,46.804,58.581,54.607,58.063,50.876,48.815,42.536
33212,岡山県,瀬戸内市,2025,41.759,38.038,61.331,42.138,47.7,45.64,42.356,48.416,47.675,28.401,46.124,50.839,45.728,50.442,50.974,44.179,55.119,48.796,56.583,52.977,45.287,49.054,46.707,43.025
33213,岡山県,赤磐市,2025,44.327,39.166,64.331,38.51,45.34,45.941,42.96,50.232,40.459,38.975,35.74,51.96,38.506,51.522,54.533,51.356,51.696,48.905,60.189,59.658,48.761,48.807,52.902,46.008
33681,岡山県,吉備中央町,2025,48.844,35.927,55.219,26.531,47.902,40.781,42.189,45.559,33.952,35.818,35.74,65.419,38.506,52.449,46.59,52.372,57.021,48.611,67.098,54.558,53.311,59.12,53.888,40.889
34100,広島県,広島市,2025,47.774,52.278,46.83,53.625,50.225,50.461,50.002,42.113,60.6,54.009,46.124,53.039,67.393,51.19,46.457,51.118,48.712,50.721,44.868,56.45,49.612,51.582,51.629,51.053
34202,広島県,呉市,2025,41.658,46.455,53.349,51.2,49.032,45.132,45.892,50.57,52.717,52.754,46.124,45.327,60.172,51.845,42.94,44.889,52.524,44.925,47.797,46.654,51.301,46.054,51.65,43.614
34204,広島県,三原市,2025,45.945,43.088,57.919,42.752,50.437,42.673,43.214,47.349,50.186,42.181,35.74,47.994,52.95,52.251,46.136,42.221,52.207,54.324,56.06,44.42,45.064,45.711,52.214,44.335
34205,広島県,尾道市,2025,45.838,44.316,58.131,44.785,48.538,44.444,44.277,49.406,44.809,49.947,56.509,47.284,52.95,51.676,45.351,41.291,51.737,48.977,57.898,45.36,61.905,46.908,53.813,43.978
34207,広島県,福山市,2025,46.966,46.513,55.548,47.854,49.169,50.88,45.71,50.695,54.937,51.49,56.509,49.836,52.95,50.189,50.393,46.778,52.949,45.695,41.536,53.399,55.348,47.642,52.963,45.985
34208,広島県,府中市,2025,50.866,44.676,61.344,47.67,48.032,41.786,43.154,45.21,38.468,47.34,35.74,51.918,38.506,53.037,52.117,50.904,56.583,45.611,47.342,49.365,44.394,46.432,47.693,43.917
34209,広島県,三次市,2025,49.53,43.305,59.144,39.131,56.339,42.905,42.534,47.833,48.265,47.018,56.509,51.172,38.506,53.836,56.458,52.128,53.439,54.36,65.274,44.699,49.299,48.193,59.361,42.29
34212,広島県,東広島市,2025,48.801,41.552,52.635,42.234,48.471,46.249,43.185,52.52,54.818,42.368,35.74,53.437,67.393,51.456,51.739,49.115,50.101,55.986,47.317,60.701,44.525,47.629,56.106,53.108
34213,広島県,廿日市市,2025,51.101,46.359,56.285,49.348,46.352,45.701,45.775,48.714,45.194,49.825,46.124,56.382,67.393,55.603,49.167,47.67,50.644,49.337,54.05,58.705,49.984,50.345,55.526,46.039
34302,広島県,府中町,2025,46.3,52.273,45.678,56.113,42.789,53.802,54.018,47.146,30.196,52.11,35.74,56.957,38.506,45.294,37.25,46.332,48.735,42.178,40.178,59.598,44.394,48.299,54.358,46.082
35201,山口県,下関市,2025,42.832,45.232,54.55,46.718,49.801,47.089,44.032,44.709,45.308,50.949,66.893,49.119,60.172,53.071,50.61,45.875,51.073,44.552,46.57,44.418,51.925,46.523,52.399,44.235
35202,山口県,宇部市,2025,42.278,45.078,54.874,48.961,50.878,48.521,44.105,48.394,60.583,51.042,56.509,49.386,45.728,50.337,49.647,48.362,52.342,49.797,47.121,44.694,47.68,48.686,52.577,47.428
35203,山口県,山口市,2025,41.58,43.808,53.848,43.134,49.087,50.328,43.241,53.674,54.732,45.834,56.509,51.785,60.172,56.798,53.696,51.685,55.875,44.383,48.669,52.672,50.364,50.778,54.501,46.628
35204,山口県,萩市,2025,48.449,44.171,60.522,44.21,56.3,44.609,43.573,54.284,39.892,38.818,66.893,48.505,67.393,56.778,50.791,45.573,56.945,42.762,57.836,40.34,58.625,54.651,57.494,41.538
35206,山口県,防府市,2025,43.898,43.097,56.859,42.216,47.412,51.874,44.464,49.107,35.999,46.677,46.124,53.519,52.95,50.783,44.482,46.32,50.974,50.508,53.884,45.414,47.646,47.135,55.473,46.173
35207,山口県,下松市,2025,51.998,44.64,54.837,44.796,49.746,53.143,44.682,51.193,43.019,45.244,56.509,54.995,45.728,54.055,44.477,44.531,49.469,48.821,51.309,49.304,44.617,47.079,54.029,45.258
35208,山口県,岩国市,2025,43.636,42.476,57.079,44.695,51.024,49.325,44.921,52.596,46.071,44.024,56.509,48.75,80.0,59.02,49.955,45.16,52.902,42.673,50.575,39.166,50.461,48.702,52.826,44.863
35210,山口県,光市,2025,48.654,41.052,58.787,45.086,50.71,47.884,45.18,53.884,42.362,43.109,46.124,55.802,45.728,53.005,45.199,42.768,54.259,48.81,63.675,51.405,44.617,45.955,50.324,45.266
35212,山口県,柳井市,2025,41.64,45.447,59.711,43.885,63.045,43.541,43.611,48.08,42.693,39.193,46.124,45.416,45.728,54.384,54.762,46.841,53.323,40.592,60.79,39.804,44.617,48.048,51.516,43.602
35215,山口県,周南市,2025,47.67,43.86,55.418,45.052,52.326,51.105,44.475,48.088,49.083,47.457,56.509,53.149,45.728,57.191,44.879,44.281,50.586,42.259,52.51,49.269,47.831,46.496,55.176,44.815
35216,山口県,山陽小野田市,2025,44.431,42.868,57.296,44.559,50.285,48.678,43.97,45.345,42.623,54.028,35.74,53.406,38.506,50.697,46.583,43.302,51.541,44.895,52.686,43.71,44.617,46.533,51.522,42.223
36201,徳島県,徳島市,2025,48.287,50.925,51.59,47.26,52.175,52.235,45.379,48.409,50.596,49.818,46.124,43.259,45.728,51.504,51.632,47.833,50.601,45.123,45.592,44.42,58.984,53.564,51.973,48.223
36202,徳島県,鳴門市,2025,50.512,41.814,59.015,44.002,51.675,46.634,43.895,48.866,45.485,44.614,35.74,43.423,45.728,53.314,50.932,42.48,52.572,50.218,51.222,35.122,53.442,46.106,47.495,45.476
36203,徳島県,小松島市,2025,45.107,45.896,59.507,41.696,47.67,46.872,44.251,38.72,43.455,42.09,35.74,41.064,45.728,49.897,50.439,44.067,53.542,39.365,47.0,40.372,48.761,44.761,44.825,43.756
36204,徳島県,阿南市,2025,47.258,38.348,62.11,42.698,47.249,49.74,43.67,53.181,50.099,41.091,35.74,50.131,52.95,56.978,53.401,45.6,54.355,49.09,51.272,44.96,48.761,48.335,48.808,42.487
36205,徳島県,吉野川市,2025,48.046,40.56,62.631,43.182,43.878,47.266,43.343,46.155,31.182,37.973,35.74,47.021,45.728,58.073,55.978,47.094,54.955,39.794,58.042,41.403,53.127,46.825,47.027,43.217
36403,徳島県,藍住町,2025,48.507,49.967,57.04,41.869,49.631,56.196,44.02,50.82,31.177,39.75,35.74,51.521,38.506,48.859,46.602,47.781,52.869,53.153,44.827,46.303,48.984,45.251,47.304,45.85
37201,香川県,高松市,2025,48.323,48.943,52.873,48.942,50.865,49.418,44.813,48.134,68.575,50.963,56.509,43.561,67.393,50.651,51.575,45.384,51.522,45.215,50.652,45.555,53.016,49.859,53.963,51.125
37202,香川県,丸亀市,2025,49.684,45.986,57.623,42.388,48.652,52.097,44.751,51.262,42.33,51.691,46.124,43.448,52.95,49.745,49.518,45.081,52.127,52.413,57.376,51.567,51.272,46.841,50.868,46.408
37203,香川県,坂出市,2025,42.064,41.053,59.201,38.411,55.186,47.475,43.919,49.477,48.769,46.151,35.74,38.511,52.95,49.225,47.461,44.89,50.763,39.013,55.602,45.061,49.653,46.649,51.226,45.199
37205,香川県,観音寺市,2025,40.829,42.576,61.391,40.904,48.366,45.189,42.88,45.503,39.552,41.342,35.74,46.14,60.172,54.61,49.808,45.523,53.926,45.754,63.459,49.875,53.442,45.6,54.837,45.387
37206,香川県,さぬき市,2025,44.554,40.437,60.38,41.203,47.731,42.071,42.581,46.343,43.643,47.251,35.74,46.459,45.728,52.128,50.315,48.809,56.783,49.191,46.583,50.88,49.653,45.271,48.621,43.509
37208,香川県,三豊市,2025,46.356,37.791,65.029,38.192,50.436,44.17,42.519,48.706,52.923,39.267,35.74,52.691,45.728,52.601,62.462,48.923,58.702,47.961,59.062,48.496,49.653,51.14,54.058,44.611
38201,愛媛県,松山市,2025,49.323,50.959,51.199,52.143,47.621,47.654,45.19,45.757,62.632,53.73,56.509,50.725,67.393,52.726,49.307,54.16,51.734,49.044,49.175,51.133,54.598,51.917,49.297,49.652
38202,愛媛県,今治市,2025,46.506,46.549,58.882,46.245,49.72,47.963,43.316,47.873,47.808,44.958,46.124,44.926,60.172,54.201,42.059,42.99,52.047,40.222,56.995,43.012,55.355,46.315,52.854,42.853
38203,愛媛県,宇和島市,2025,48.111,44.232,58.885,45.062,55.034,49.496,43.417,46.417,45.016,44.907,46.124,45.865,74.615,62.088,48.896,43.96,54.856,44.664,55.577,40.979,53.219,44.406,49.262,43.444
38205,愛媛県,新居浜市,2025,52.405,49.357,56.442,45.601,49.8,51.835,46.082,53.135,58.528,41.875,46.124,50.135,45.728,61.716,43.934,45.515,50.163,49.453,52.239,37.665,50.581,49.317,55.524,43.542
38206,愛媛県,西条市,2025,52.468,42.534,58.875,42.366,51.448,46.867,43.062,49.769,48.726,43.487,46.124,48.216,74.615,62.639,46.714,45.79,51.527,36.63,56.225,49.558,50.54,57.173,54.809,44.117
38207,愛媛県,大洲市,2025,46.426,42.15,58.929,38.81,56.031,44.862,42.972,47.184,43.239,41.673,56.509,47.353,52.95,61.67,40.363,45.177,50.737,38.879,62.231,41.947,54.112,53.417,55.33,43.76
38210,愛媛県,伊予市,2025,43.614,43.332,61.682,40.326,44.593,48.698,42.266,45.205,46.461,39.636,56.509,54.86,52.95,59.664,45.148,45.113,55.139,45.325,65.739,47.093,44.394,44.766,52.357,45.699
38213,愛媛県,四国中央市,2025,49.12,45.779,56.172,42.015,48.115,47.871,43.68,55.349,42.193,38.616,46.124,50.692,52.95,64.199,45.069,46.494,51.039,39.436,52.498,38.218,48.984,49.901,58.286,43.311
38215,愛媛県,東温市,2025,51.4,41.72,56.678,43.692,52.764,41.833,42.464,45.171,50.268,39.661,46.124,53.128,45.728,61.983,44.192,48.873,49.688,39.97,57.664,50.113,44.84,46.988,55.58,42.61
39201,高知県,高知市,2025,41.641,53.043,51.235,49.727,53.277,51.599,47.004,41.893,43.296,49.655,46.124,47.468,45.728,62.801,47.355,51.529,49.912,44.372,41.629,46.161,52.948,48.398,49.185,46.024
39204,高知県,南国市,2025,44.076,41.014,56.009,41.681,50.995,50.35,44.362,44.116,38.772,42.863,35.74,53.973,38.506,60.505,43.96,51.037,47.265,46.027,49.401,48.998,48.984,46.196,48.053,48.233
39208,高知県,宿毛市,2025,49.298,44.956,59.981,42.112,79.161,40.569,44.363,42.332,40.648,47.251,35.74,50.488,52.95,64.674,50.554,45.473,47.11,40.979,54.7,41.119,48.761,46.691,47.29,40.868
40100,福岡県,北九州市,2025,46.377,51.271,48.875,51.809,49.611,49.866,48.917,39.816,61.645,58.653,66.893,41.001,74.615,48.759,51.808,50.595,48.025,53.937,42.8,39.932,55.215,49.176,45.503,52.694
40130,福岡県,福岡市,2025,46.785,55.693,40.876,56.04,50.716,48.926,52.772,45.542,68.68,57.114,66.893,46.235,52.95,47.143,48.285,46.852,49.298,53.997,43.908,50.906,48.259,54.033,48.074,68.554
40202,福岡県,大牟田市,2025,48.224,50.376,55.788,49.165,50.871,45.652,46.653,45.75,47.046,49.508,56.509,45.405,45.728,47.37,54.694,45.572,46.25,45.854,43.5,38.018,44.458,48.497,42.248,43.454
40203,福岡県,久留米市,2025,51.231,47.734,52.086,47.914,50.211,49.912,44.624,50.19,56.098,48.88,56.509,41.991,45.728,50.131,51.227,54.532,50.359,50.148,44.821,41.44,44.956,46.938,49.352,49.479
40204,福岡県,直方市,2025,49.557,45.444,56.892,44.205,49.672,45.974,45.46,42.425,49.114,54.474,35.74,39.369,45.728,53.949,49.071,51.647,48.354,46.059,55.925,39.722,44.394,44.386,42.041,43.819
40205,福岡県,飯塚市,2025,53.956,45.629,53.635,44.653,53.449,45.684,44.018,45.991,47.154,46.118,35.74,35.178,45.728,55.044,53.128,52.177,46.536,41.412,46.995,34.843,50.828,45.726,43.333,46.292
40206,福岡県,田川市,2025,51.603,48.291,55.02,46.331,49.848,50.218,44.967,49.941,44.314,44.383,35.74,34.519,38.506,49.556,44.179,53.157,47.7,46.536,55.636,34.667,44.394,44.727,35.71,43.907
40207,福岡県,柳川市,2025,49.909,42.106,60.009,43.808,46.2,43.617,44.075,48.669,43.79,41.47,46.124,51.043,38.506,48.649,46.743,42.019,57.095,43.854,52.53,43.952,48.63,51.408,46.263,47.199
40210,福岡県,八女市,2025,49.278,41.652,62.158,40.751,47.77,42.249,42.2,46.739,43.733,36.77,46.124,44.281,38.506,60.364,49.073,50.736,57.143,45.59,55.703,42.955,44.617,44.788,52.93,43.354
40211,福岡県,筑後市,2025,49.827,44.404,57.004,44.857,45.502,49.937,44.477,45.899,40.355,38.025,35.74,47.032,38.506,47.375,45.381,54.481,54.661,54.981,55.694,51.204,44.394,47.66,54.917,45.432
40213,福岡県,行橋市,2025,43.341,44.578,56.394,44.626,46.135,46.251,43.914,49.933,33.547,37.192,46.124,43.188,45.728,50.523,48.304,46.122,48.492,44.313,52.908,51.577,44.394,53.648,47.532,46.798
40214,福岡県,豊前市,2025,50.204,42.749,61.571,44.138,44.291,43.528,43.992,44.882,36.318,44.609,46.124,45.081,52.95,56.261,52.08,44.988,50.692,51.129,59.138,39.165,44.394,46.692,46.264,43.188
40215,福岡県,中間市,2025,49.082,43.949,56.458,53.197,48.764,44.88,48.975,45.683,37.566,46.414,56.509,44.476,45.728,45.324,48.902,47.945,47.607,43.933,45.288,48.686,44.394,45.745,37.323,46.703
40216,福岡県,小郡市,2025,49.751,42.693,57.088,46.121,47.496,46.173,44.251,48.834,40.943,44.543,46.124,54.693,38.506,48.234,46.651,53.956,47.823,54.427,51.943,59.224,44.394,47.037,47.709,45.987
40217,福岡県,筑紫野市,2025,44.619,48.249,51.208,42.758,49.065,46.413,45.3,48.096,39.708,45.509,35.74,50.705,45.728,54.175,47.03,50.935,48.012,51.204,47.475,54.339,48.54,48.802,49.073,49.576
40218,福岡県,春日市,2025,41.57,54.12,47.895,55.056,45.547,52.93,54.206,49.989,43.641,54.186,35.74,45.497,38.506,41.988,46.555,53.475,48.869,50.982,46.157,57.016,48.662,46.866,47.015,50.836
40219,福岡県,大野城市,2025,47.11,48.763,47.822,53.848,46.88,50.754,49.89,54.894,41.916,59.343,35.74,51.935,45.728,49.722,47.205,50.324,48.26,43.444,47.818,55.199,48.273,46.841,48.271,47.224
40220,福岡県,宗像市,2025,44.476,44.062,54.756,45.585,47.082,47.087,43.849,52.656,49.42,50.01,46.124,55.159,45.728,53.729,55.06,53.384,49.645,47.171,50.839,56.707,44.84,47.884,48.359,48.76
40221,福岡県,太宰府市,2025,45.142,48.891,52.432,47.985,48.356,50.308,51.016,54.902,42.185,42.818,56.509,48.821,45.728,51.432,44.896,51.542,49.974,44.361,50.95,57.265,54.02,50.251,42.04,48.168
40223,福岡県,古賀市,2025,46.992,42.634,52.897,45.251,47.093,48.407,45.199,48.578,37.589,43.97,46.124,51.523,45.728,53.185,40.857,47.365,48.472,51.451,51.823,50.075,44.394,45.896,50.568,48.666
40224,福岡県,福津市,2025,50.903,47.221,54.882,45.435,50.284,54.794,43.706,49.708,37.768,40.892,46.124,53.217,45.728,51.081,55.06,44.761,49.396,46.547,56.08,54.632,44.617,46.162,51.176,49.847
40228,福岡県,朝倉市,2025,40.823,40.267,63.153,37.728,43.482,40.459,42.408,46.737,35.534,35.267,35.74,47.902,52.95,59.34,49.674,51.692,53.203,48.567,58.734,44.852,44.617,44.856,51.519,46.603
40230,福岡県,糸島市,2025,46.425,43.905,57.718,45.09,46.6,44.636,42.634,46.361,43.175,49.717,35.74,51.683,45.728,58.457,50.855,49.69,54.293,46.17,55.89,51.152,44.84,49.414,47.288,52.86
40231,福岡県,那珂川市,2025,47.438,46.342,50.948,50.284,47.657,50.846,46.715,50.153,34.834,42.475,35.74,49.088,45.728,59.484,46.452,58.06,51.673,51.804,45.115,52.432,48.761,50.167,47.081,51.104
40343,福岡県,志免町,2025,44.451,52.332,50.102,50.995,49.8,51.136,47.234,46.255,42.738,48.012,35.74,47.327,38.506,44.047,54.871,46.217,47.411,55.76,45.641,52.422,44.617,45.356,46.83,49.262
40349,福岡県,粕屋町,2025,43.84,49.224,45.888,51.468,47.466,58.896,45.91,50.938,36.149,48.25,35.74,41.013,38.506,45.732,54.685,48.04,50.337,49.638,43.958,46.848,44.394,46.043,51.815,48.68
40621,福岡県,苅田町,2025,48.914,45.63,51.937,43.857,47.234,49.384,43.252,52.062,41.716,45.529,35.74,36.219,52.95,48.893,51.397,46.256,46.38,50.306,51.997,52.857,44.394,45.512,52.254,43.643
41201,佐賀県,佐賀市,2025,49.995,48.569,53.861,44.826,52.144,50.055,43.614,52.176,58.486,48.892,66.893,39.926,52.95,55.398,49.494,48.228,54.713,47.725,57.092,54.804,48.801,54.083,54.884,47.2
41202,佐賀県,唐津市,2025,43.987,43.886,59.983,43.509,49.39,49.026,43.36,43.243,36.71,35.937,66.893,45.461,80.0,57.417,52.473,42.99,53.496,42.786,58.529,43.912,51.066,46.174,51.607,45.508
41203,佐賀県,鳥栖市,2025,50.158,44.995,52.599,43.152,50.202,51.247,44.078,51.125,42.975,43.686,35.74,48.33,38.506,53.661,43.639,52.926,50.561,38.92,54.577,50.946,44.394,47.158,54.003,47.933
41205,佐賀県,伊万里市,2025,46.935,43.224,58.984,41.153,51.667,47.26,42.536,47.938,40.854,40.838,35.74,45.54,60.172,57.574,46.273,48.137,55.084,42.316,55.121,44.108,48.984,45.338,54.772,45.501
41206,佐賀県,武雄市,2025,45.425,42.135,61.262,36.747,55.595,46.847,42.741,54.134,41.081,43.764,46.124,46.96,45.728,56.343,52.479,47.993,58.775,37.685,61.482,45.319,48.984,46.889,54.189,44.297
41208,佐賀県,小城市,2025,42.183,39.18,60.551,37.282,44.418,51.404,42.55,45.663,38.843,36.374,35.74,51.651,45.728,53.86,48.398,53.023,58.054,40.203,48.653,56.562,48.761,44.789,52.688,44.588
41341,佐賀県,基山町,2025,52.193,36.816,57.664,42.212,43.871,51.635,44.97,55.392,42.101,51.817,35.74,55.466,45.728,57.733,51.057,55.157,52.061,50.103,64.374,57.623,48.761,47.286,50.007,51.752
41401,佐賀県,有田町,2025,50.354,39.938,63.885,45.174,43.233,44.621,43.181,51.509,36.365,47.061,35.74,51.025,38.506,57.633,47.713,48.201,58.097,42.098,64.082,49.654,48.984,48.827,55.095,42.364
42201,長崎県,長崎市,2025,44.558,48.234,50.657,53.257,50.132,45.735,48.479,46.238,53.782,48.766,66.893,51.901,60.172,52.999,48.185,51.994,49.05,45.764,47.639,36.181,51.861,49.375,47.805,50.269
42202,長崎県,佐世保市,2025,48.39,44.599,53.872,50.142,52.87,49.344,44.9,52.445,50.061,52.028,46.124,50.405,60.172,53.919,48.887,49.441,54.15,43.541,49.433,39.34,54.581,47.927,51.065,45.25
42203,長崎県,島原市,2025,56.642,44.208,59.082,47.626,56.875,51.575,44.997,56.491,40.919,42.876,46.124,52.646,52.95,54.14,52.668,45.202,51.084,42.345,59.871,38.641,48.63,51.445,53.346,44.411
42204,長崎県,諫早市,2025,47.605,45.712,55.433,44.163,52.972,47.978,43.372,55.828,38.655,45.919,35.74,52.972,45.728,55.419,49.347,47.687,50.724,40.209,60.73,45.219,47.653,49.338,53.256,45.612
42205,長崎県,大村市,2025,52.827,46.224,54.965,45.76,49.133,49.987,44.374,47.81,48.453,46.928,46.124,55.239,45.728,56.434,52.694,50.722,49.755,45.527,61.993,49.527,52.996,49.843,52.521,47.565
42214,長崎県,南島原市,2025,52.082,37.322,66.098,43.56,53.836,44.389,42.82,50.207,44.37,37.309,46.124,55.264,52.95,56.5,54.212,45.717,54.315,38.921,61.218,38.887,48.63,47.891,50.934,43.513
42307,長崎県,長与町,2025,47.485,44.886,56.507,52.399,43.538,52.573,45.442,49.571,39.607,46.202,35.74,62.204,38.506,52.48,52.716,48.583,51.405,52.853,50.357,55.135,44.394,46.947,53.448,48.047
43100,熊本県,熊本市,2025,48.595,49.524,49.685,51.156,50.982,53.291,46.041,42.064,58.514,55.279,66.893,53.095,60.172,47.976,51.004,56.231,50.899,44.346,45.733,51.799,52.353,53.273,49.989,55.544
43202,熊本県,八代市,2025,48.617,43.765,57.76,45.23,50.266,45.505,43.342,43.919,51.881,41.356,46.124,53.17,45.728,65.45,48.155,46.072,53.969,43.142,55.486,41.473,54.01,46.394,48.719,43.753
43204,熊本県,荒尾市,2025,45.493,41.514,57.865,46.206,60.376,47.855,43.612,42.914,48.711,53.148,56.509,51.727,38.506,48.74,55.899,45.517,49.509,48.3,48.082,40.048,44.617,44.888,42.937,44.099
43206,熊本県,玉名市,2025,50.066,41.272,60.019,43.213,49.001,45.362,42.783,46.386,41.861,41.644,56.509,52.935,45.728,51.715,45.813,51.765,52.749,38.86,60.571,46.178,48.984,44.445,51.154,43.686
43208,熊本県,山鹿市,2025,52.998,41.844,61.791,42.821,49.107,46.297,41.839,49.182,40.585,39.525,46.124,52.114,52.95,57.799,46.317,46.632,54.099,44.049,61.973,41.945,48.984,44.249,53.14,43.216
43210,熊本県,菊池市,2025,51.697,40.014,59.37,41.865,49.789,46.129,42.041,48.944,41.16,36.949,56.509,56.195,52.95,57.682,53.427,50.605,56.053,50.298,59.107,44.627,48.761,45.082,49.224,44.338
43213,熊本県,宇城市,2025,50.759,38.93,58.779,36.517,50.532,44.566,42.009,47.781,43.463,42.534,56.509,56.239,45.728,54.546,53.709,47.459,52.91,39.289,55.1,46.96,48.853,45.6,50.321,45.269
43215,熊本県,天草市,2025,51.286,40.019,60.343,40.489,53.849,45.733,42.229,47.715,44.265,40.92,46.124,50.991,60.172,58.628,49.856,47.643,54.772,43.296,62.148,39.148,48.853,45.867,50.792,42.938
43216,熊本県,合志市,2025,52.753,40.606,57.472,47.731,42.271,55.045,43.001,49.708,44.815,51.532,35.74,61.453,38.506,49.09,45.77,49.749,52.231,47.651,59.212,52.111,44.394,46.609,49.465,52.344
43404,熊本県,菊陽町,2025,56.46,47.772,50.892,45.181,50.013,48.936,42.741,48.503,44.286,46.706,35.74,53.982,38.506,49.605,44.343,50.776,49.461,47.24,51.483,58.805,44.394,46.811,57.209,47.236
44201,大分県,大分市,2025,46.131,48.691,50.367,47.684,50.043,52.474,45.235,47.423,52.129,54.017,56.509,54.861,67.393,53.181,43.545,49.587,52.11,47.432,46.243,51.607,48.636,47.454,52.732,49.844
44202,大分県,別府市,2025,50.571,54.318,50.123,51.299,58.894,52.745,46.921,48.407,47.722,46.149,56.509,49.682,60.172,53.076,52.325,50.909,47.466,50.091,54.135,42.702,51.334,48.051,45.593,46.755
44203,大分県,中津市,2025,44.434,45.115,56.156,42.039,53.843,50.902,43.829,47.301,45.544,39.766,46.124,49.524,52.95,58.51,43.254,48.728,53.958,47.25,55.057,42.91,53.666,46.758,52.118,45.355
44204,大分県,日田市,2025,48.441,43.646,58.413,42.051,51.688,47.5,43.729,47.748,47.777,39.285,46.124,53.266,67.393,62.623,49.495,52.729,55.669,47.954,56.582,41.738,54.112,52.132,53.339,44.734
44205,大分県,佐伯市,2025,46.693,43.839,60.526,39.881,60.997,42.705,43.914,46.547,38.514,49.228,66.893,51.95,52.95,60.853,51.143,43.441,49.217,43.668,59.238,54.286,44.394,55.572,47.601,41.855
44211,大分県,宇佐市,2025,49.106,40.569,60.151,37.339,48.809,48.954,42.624,45.044,41.318,39.245,46.124,44.799,52.95,54.834,50.287,49.973,54.504,50.578,59.673,44.895,49.299,50.006,48.818,43.186
45201,宮崎県,宮崎市,2025,51.947,49.523,51.369,47.603,52.462,48.905,44.078,49.604,40.335,57.068,56.509,46.619,67.393,59.79,50.675,49.416,48.73,49.571,43.327,54.392,49.009,47.64,50.6,50.151
45202,宮崎県,都城市,2025,54.489,45.62,56.707,42.088,50.119,45.704,42.862,46.936,52.308,48.801,46.124,42.712,60.172,59.921,46.867,51.661,48.794,50.191,58.549,36.995,44.583,44.086,53.766,46.834
45203,宮崎県,延岡市,2025,54.178,47.448,55.848,45.318,55.06,48.093,44.564,46.464,56.328,42.617,46.124,49.972,52.95,63.738,50.146,47.825,51.378,44.451,49.95,38.798,47.787,45.226,51.332,44.355
45204,宮崎県,日南市,2025,49.045,43.814,59.296,42.122,53.351,44.06,43.182,44.421,42.332,46.402,46.124,50.026,67.393,66.421,52.292,44.811,49.816,46.496,53.419,37.041,48.63,44.049,49.379,46.072
45206,宮崎県,日向市,2025,53.714,50.932,56.422,44.915,55.927,48.545,43.852,42.986,43.212,46.488,56.509,48.596,60.172,63.765,54.077,46.176,52.491,47.738,49.861,45.605,48.63,45.712,54.182,44.165
46201,鹿児島県,鹿児島市,2025,44.701,50.654,49.2,52.094,50.462,53.148,46.829,48.454,54.822,49.024,77.277,48.697,67.393,59.71,51.103,53.98,48.123,49.894,41.764,43.662,52.203,48.596,50.279,50.205
46203,鹿児島県,鹿屋市,2025,52.298,41.91,56.241,40.407,54.036,49.435,42.521,46.562,48.841,46.005,35.74,48.865,38.506,59.166,50.152,57.694,50.646,40.41,52.184,38.898,43.84,47.537,54.374,45.497
46208,鹿児島県,出水市,2025,45.068,38.905,58.096,44.689,51.274,50.713,42.858,51.915,39.434,38.786,46.124,46.944,45.728,63.764,49.203,48.401,49.763,54.444,57.561,43.103,48.761,46.26,51.947,45.433
46215,鹿児島県,薩摩川内市,2025,51.449,39.527,55.494,42.451,53.71,47.938,42.533,49.189,44.333,41.873,46.124,44.493,52.95,62.939,52.104,51.054,50.179,41.573,58.449,41.129,48.984,46.867,51.258,44.694
46216,鹿児島県,日置市,2025,51.175,39.401,59.275,41.512,52.111,46.373,42.937,50.341,45.271,44.479,35.74,43.898,38.506,61.772,58.745,51.512,49.726,46.917,63.7,46.497,44.394,49.639,46.883,44.057
46218,鹿児島県,霧島市,2025,47.732,42.314,54.134,41.164,52.432,49.887,43.293,50.177,47.177,44.432,46.124,41.995,52.95,62.146,54.433,47.365,47.133,42.558,59.528,41.883,44.594,46.268,51.448,45.817
46222,鹿児島県,奄美市,2025,51.404,44.06,51.411,48.899,64.278,52.169,45.805,45.572,32.676,47.187,46.124,49.635,45.728,59.539,49.941,39.902,46.615,43.396,54.23,30.502,44.617,45.158,47.21,48.649
46225,鹿児島県,姶良市,2025,48.084,43.719,56.328,43.752,49.05,49.942,43.887,48.896,42.12,40.837,35.74,49.099,52.95,66.334,50.684,45.71,49.45,38.606,58.888,48.72,48.761,46.644,49.73,49.176
47201,沖縄県,那覇市,2025,50.8,61.684,41.038,54.855,55.232,53.25,57.947,49.766,55.98,53.409,46.124,53.34,52.95,43.014,50.867,49.155,43.337,52.805,45.146,39.953,53.733,51.902,37.048,54.464
47205,沖縄県,宜野湾市,2025,51.692,54.11,43.664,48.196,53.014,52.05,51.417,43.17,48.792,49.416,46.124,56.788,38.506,43.987,45.458,48.425,46.664,49.506,54.848,47.94,45.757,50.699,38.057,51.135
47207,沖縄県,石垣市,2025,55.689,50.277,46.196,48.363,80.0,52.222,43.499,45.865,43.181,53.476,46.124,55.103,52.95,52.234,53.204,47.83,49.047,47.538,61.2,48.39,49.299,51.526,53.731,53.586
47208,沖縄県,浦添市,2025,52.646,56.221,43.588,50.018,54.712,51.002,54.123,52.039,41.895,49.006,46.124,56.729,45.728,42.962,47.517,46.689,44.317,47.416,56.419,43.118,48.447,46.333,40.97,53.397
47209,沖縄県,名護市,2025,54.115,45.35,47.317,39.619,58.032,47.276,44.421,47.668,38.585,53.315,46.124,50.236,45.728,55.215,50.372,40.776,44.864,40.851,64.412,41.375,44.617,47.9,45.854,53.784
47210,沖縄県,糸満市,2025,53.854,46.851,48.945,46.598,50.624,50.409,45.545,53.598,39.027,49.97,46.124,56.137,52.95,50.199,48.476,44.72,47.302,46.944,46.851,28.54,48.63,45.842,43.058,53.324
47211,沖縄県,沖縄市,2025,53.783,52.323,47.23,44.984,48.433,54.767,48.667,46.148,50.322,51.368,46.124,58.264,38.506,47.004,53.293,48.735,42.523,43.696,49.181,37.815,47.924,44.448,34.841,50.529
47212,沖縄県,豊見城市,2025,50.532,50.237,47.128,46.955,45.72,53.708,48.672,45.716,34.796,50.882,46.124,63.864,38.506,49.098,44.186,47.394,47.472,43.041,48.233,46.381,44.394,45.682,45.196,54.612
47213,沖縄県,うるま市,2025,53.134,44.647,51.167,44.335,48.367,56.429,45.951,41.848,39.91,52.563,46.124,60.124,45.728,49.747,50.715,47.446,44.818,41.215,58.209,31.26,44.505,44.423,37.554,54.385
47214,沖縄県,宮古島市,2025,54.679,46.552,49.389,43.929,80.0,49.123,42.486,43.221,45.52,51.199,46.124,51.049,38.506,50.026,54.497,52.556,50.22,36.642,66.346,41.584,53.088,45.946,57.213,54.479
01100,北海道,札幌市,2024,43.913,50.538,46.673,55.027,47.599,48.797,47.58,43.064,67.798,59.209,66.893,51.593,48.804,47.472,56.144,53.784,48.755,52.79,62.667,50.512,48.928,50.104,43.809,58.114
01202,北海道,函館市,2024,47.619,51.824,53.523,52.85,49.411,47.939,55.578,44.65,56.892,55.225,46.124,50.418,48.804,53.268,50.552,54.905,46.703,56.018,60.014,27.473,51.23,47.401,44.653,45.683
01203,北海道,小樽市,2024,46.516,50.787,54.718,52.974,50.335,46.404,56.354,46.23,43.596,51.148,46.124,52.074,57.297,53.799,49.76,51.159,48.159,48.127,58.002,25.722,54.794,49.212,37.497,43.934
01204,北海道,旭川市,2024,49.508,52.178,54.935,52.09,48.625,49.222,50.759,44.591,52.871,58.409,66.893,55.6,40.311,51.404,49.549,52.006,46.775,51.637,49.211,47.0,49.18,49.112,48.028,45.417
01205,北海道,室蘭市,2024,44.627,49.212,52.55,52.728,45.278,45.415,54.795,43.663,53.742,59.043,35.74,50.247,40.311,47.882,47.63,43.468,47.485,50.14,68.166,38.657,51.81,48.75,45.999,40.089
01206,北海道,釧路市,2024,49.012,52.126,53.248,52.303,51.747,47.37,52.84,40.865,53.808,53.138,46.124,54.916,48.804,50.992,56.453,47.434,46.038,46.766,45.196,26.437,44.879,46.823,47.61,43.597
01207,北海道,帯広市,2024,53.018,53.634,53.376,52.346,49.654,47.779,49.817,41.848,49.789,62.749,35.74,55.0,48.804,50.626,53.048,51.482,47.728,43.15,54.308,46.495,45.13,46.885,54.562,47.165
01208,北海道,北見市,2024,53.227,49.533,55.067,50.189,48.821,47.011,54.485,44.047,45.541,51.984,56.509,56.515,48.804,50.242,53.986,47.009,48.422,40.338,49.457,44.158,44.908,45.155,50.461,43.489
01210,北海道,岩見沢市,2024,50.353,44.712,57.606,48.178,49.35,44.574,52.814,40.53,44.69,58.331,35.74,55.647,40.311,51.139,46.606,49.611,48.321,43.12,57.025,44.817,51.81,44.471,44.255,43.331
01211,北海道,網走市,2024,49.859,47.275,53.832,51.548,56.934,46.649,55.5,44.312,44.499,54.519,35.74,58.107,48.804,50.142,56.869,49.169,47.095,43.51,67.031,42.493,45.929,47.644,55.033,40.428
01213,北海道,苫小牧市,2024,53.308,50.303,53.665,49.872,53.583,47.298,49.5,44.238,47.021,60.113,35.74,50.181,48.804,52.553,55.082,45.721,44.492,50.729,48.569,40.373,44.426,44.516,52.283,45.556
01217,北海道,江別市,2024,46.623,48.286,56.141,51.249,44.591,41.53,46.987,50.007,46.619,51.158,35.74,58.604,40.311,47.55,49.597,52.971,46.345,51.287,59.65,57.894,49.27,50.892,39.246,45.173
01222,北海道,三笠市,2024,40.256,44.256,57.489,47.495,55.469,43.278,59.303,42.877,39.177,58.687,35.74,43.756,40.311,56.674,54.464,51.38,51.903,38.051,79.464,36.95,51.81,44.043,39.196,46.913
01224,北海道,千歳市,2024,46.741,50.041,51.445,49.964,51.245,50.524,49.203,46.714,53.547,57.884,35.74,53.078,48.804,54.475,52.592,54.091,47.373,49.953,64.86,56.829,45.26,46.08,54.125,45.626
01225,北海道,滝川市,2024,42.646,49.97,54.693,52.037,52.036,42.933,51.856,44.007,32.712,57.986,35.74,53.383,40.311,48.333,46.76,52.155,47.517,45.14,69.605,46.539,45.26,43.855,51.505,41.806
01230,北海道,登別市,2024,46.69,47.966,57.406,48.986,48.514,43.993,56.118,45.479,46.336,50.649,35.74,54.656,48.804,55.361,47.304,44.114,49.181,43.918,65.371,55.165,45.26,49.561,46.241,42.417
01231,北海道,恵庭市,2024,45.685,47.235,55.522,49.896,47.969,45.465,46.525,47.577,44.357,61.721,35.74,57.694,48.804,54.219,52.55,54.153,45.735,48.816,64.812,60.433,45.26,45.285,44.838,45.093
01234,北海道,北広島市,2024,51.184,46.188,57.885,47.122,51.801,47.286,49.803,46.818,42.011,62.258,35.74,60.536,40.311,50.757,47.551,56.253,49.416,51.936,51.698,57.24,45.26,46.108,40.398,45.678
01235,北海道,石狩市,2024,45.978,48.175,59.959,50.509,50.571,47.999,47.43,47.896,44.413,51.609,35.74,54.514,48.804,52.333,57.941,49.81,49.972,50.947,58.052,52.158,51.81,45.105,42.023,49.029
01236,北海道,北斗市,2024,48.605,46.4,57.86,46.579,47.044,44.954,56.233,47.418,36.087,53.921,35.74,57.082,40.311,54.681,53.123,43.911,51.654,44.345,68.573,35.246,45.26,46.857,41.027,41.681
01631,北海道,音更町,2024,56.922,46.168,58.669,45.627,47.212,49.275,54.358,46.109,39.979,52.598,35.74,61.561,40.311,50.218,49.111,50.555,47.706,40.968,68.527,50.11,45.26,53.873,50.226,45.115
02201,青森県,青森市,2024,55.608,50.264,57.818,51.261,48.43,51.23,50.844,47.781,50.052,51.767,46.124,50.014,48.804,52.954,50.144,47.038,52.991,48.579,48.83,27.705,45.974,49.037,45.853,47.012
02202,青森県,弘前市,2024,55.96,50.319,57.293,51.873,51.274,49.796,52.771,45.51,36.291,49.728,56.509,50.722,65.789,51.034,50.306,53.927,53.008,39.78,52.237,29.711,49.922,48.079,51.83,44.11
02203,青森県,八戸市,2024,52.682,48.971,57.028,50.744,51.484,52.726,53.876,42.603,55.209,52.236,56.509,49.483,57.297,46.98,51.706,52.603,51.072,48.23,47.262,27.261,45.619,46.314,50.522,43.359
02205,青森県,五所川原市,2024,55.015,49.404,63.163,45.906,49.122,45.548,54.848,39.256,38.722,46.871,35.74,46.565,48.804,53.069,53.834,53.438,53.028,35.895,78.493,31.28,45.929,44.602,43.522,42.23
02206,青森県,十和田市,2024,54.373,48.79,60.615,46.055,61.109,51.061,54.102,46.379,38.009,40.951,35.74,50.358,48.804,50.779,50.344,49.646,49.146,49.823,55.823,27.66,45.595,43.942,52.482,44.414
02207,青森県,三沢市,2024,53.269,51.719,57.897,48.388,54.445,53.017,52.481,45.164,40.677,55.671,35.74,47.155,40.311,47.701,48.137,46.152,48.12,52.349,76.842,37.019,45.26,46.21,53.66,44.267
02208,青森県,むつ市,2024,52.327,47.924,60.315,45.701,53.465,47.436,55.339,38.7,41.687,41.06,56.509,49.132,57.297,54.427,50.451,43.146,50.074,42.058,64.782,20.0,45.595,46.55,49.606,41.524
03201,岩手県,盛岡市,2024,54.928,51.066,51.365,51.886,55.04,49.365,51.154,46.801,50.651,53.432,56.509,54.531,48.804,54.472,50.084,50.724,50.724,48.238,57.046,44.057,46.648,50.182,52.681,49.957
03202,岩手県,宮古市,2024,51.784,45.482,60.115,43.874,51.145,45.203,58.252,44.283,43.351,38.053,35.74,58.332,57.297,56.713,58.534,47.62,50.172,42.3,73.162,27.535,45.26,50.41,50.262,40.658
03205,岩手県,花巻市,2024,55.468,46.612,63.034,42.969,48.463,44.07,52.842,48.355,33.33,48.912,35.74,56.376,48.804,54.918,52.105,52.826,55.993,46.509,65.951,40.119,46.264,44.264,54.399,44.217
03206,岩手県,北上市,2024,53.667,47.643,56.088,45.3,50.079,51.539,49.656,46.987,41.538,48.94,46.124,52.919,48.804,53.859,48.419,56.475,50.394,48.251,61.086,48.075,45.929,44.108,55.661,46.894
03209,岩手県,一関市,2024,52.871,45.485,63.736,44.112,52.916,48.217,54.421,45.697,47.967,37.625,46.124,55.339,65.789,53.563,54.837,52.179,56.618,49.254,76.859,37.618,44.583,47.684,54.266,43.078
03215,岩手県,奥州市,2024,54.652,47.109,62.433,44.612,55.407,46.301,51.593,43.385,48.102,40.169,46.124,53.905,65.789,52.765,50.068,51.347,53.968,46.496,72.708,51.323,45.335,44.696,54.805,42.355
03216,岩手県,滝沢市,2024,52.284,41.827,58.029,45.923,43.931,39.159,50.464,44.793,41.403,45.787,35.74,63.88,48.804,53.815,54.076,49.061,52.467,46.228,56.573,45.942,45.26,48.487,53.062,50.431
03321,岩手県,紫波町,2024,50.381,43.419,64.326,43.566,44.376,34.753,52.72,45.405,34.582,45.023,35.74,62.507,40.311,54.714,54.222,51.031,55.431,50.651,66.89,40.129,45.595,52.725,50.367,47.352
03322,岩手県,矢巾町,2024,59.674,45.851,56.871,43.641,41.215,44.13,46.626,36.888,35.648,35.678,35.74,59.984,40.311,52.554,47.848,50.501,51.769,42.702,71.176,47.101,45.26,44.861,52.864,40.336
04100,宮城県,仙台市,2024,52.711,49.929,45.94,53.666,48.391,53.079,47.586,44.477,70.402,59.723,56.509,53.743,65.789,48.901,55.31,53.485,51.566,52.221,36.461,61.764,51.917,50.466,50.02,59.649
04202,宮城県,石巻市,2024,47.78,47.239,58.37,47.116,47.372,46.438,55.402,39.901,42.114,54.314,46.124,46.63,57.297,52.269,54.265,47.559,54.296,48.82,55.586,42.566,48.78,45.556,52.67,42.419
04203,宮城県,塩竈市,2024,49.732,50.465,56.962,50.947,48.369,46.922,50.529,45.504,43.794,57.479,46.124,55.613,57.297,43.913,48.07,45.097,52.194,51.084,58.399,49.63,52.145,45.818,41.801,44.424
04205,宮城県,気仙沼市,2024,54.784,46.891,62.569,48.407,49.62,45.276,57.387,41.138,43.509,42.12,35.74,51.549,48.804,53.726,54.866,50.595,56.596,42.57,77.012,47.216,51.81,45.597,53.23,43.066
04207,宮城県,名取市,2024,51.984,49.925,55.519,44.813,52.086,43.771,42.355,43.809,47.847,48.715,35.74,54.284,57.297,48.536,49.117,48.364,50.421,44.876,44.828,52.045,45.929,46.541,50.351,46.104
04209,宮城県,多賀城市,2024,50.561,50.366,51.645,50.975,47.389,55.089,48.166,54.958,42.784,47.622,46.124,54.341,48.804,43.613,45.038,44.887,49.847,45.02,46.999,56.186,51.81,49.023,47.259,46.298
04211,宮城県,岩沼市,2024,53.483,47.86,55.467,46.18,47.098,44.581,43.648,52.071,40.238,54.42,35.74,55.872,57.297,48.738,53.357,45.543,48.971,44.174,55.423,47.659,45.26,45.302,49.726,44.143
04212,宮城県,登米市,2024,55.951,44.159,64.185,42.989,51.837,46.265,54.463,42.839,37.626,41.553,46.124,56.972,48.804,52.223,52.963,50.973,55.81,49.949,79.247,34.591,45.595,49.924,54.142,41.909
04213,宮城県,栗原市,2024,54.636,43.808,65.999,41.123,44.337,44.017,54.985,42.353,42.484,41.88,35.74,57.557,48.804,53.846,56.408,54.327,57.736,45.255,79.494,45.009,45.26,45.873,54.111,41.488
04214,宮城県,東松島市,2024,49.185,47.039,60.313,44.281,49.145,49.903,53.357,43.208,34.694,54.094,35.74,55.834,48.804,49.266,58.182,47.429,52.534,36.466,71.344,47.931,45.26,44.448,43.156,46.323
04215,宮城県,大崎市,2024,52.283,46.824,59.057,43.024,47.252,49.32,51.29,44.172,37.77,42.09,46.124,53.331,57.297,53.714,55.616,51.125,56.816,40.586,65.179,41.512,44.259,46.171,49.367,44.972
04216,宮城県,富谷市,2024,53.502,46.574,59.043,46.501,48.49,48.342,46.741,44.416,36.259,48.657,35.74,65.351,40.311,48.358,47.813,52.166,50.907,47.947,56.176,56.506,45.26,46.062,52.801,48.433
04323,宮城県,柴田町,2024,51.875,49.742,56.046,47.902,45.523,42.217,52.238,43.966,43.258,51.177,46.124,55.233,40.311,50.461,49.071,47.685,53.47,41.925,66.161,46.932,45.26,44.786,41.019,43.173
05201,秋田県,秋田市,2024,50.194,50.113,56.505,50.494,51.957,47.598,50.743,47.257,61.78,50.777,46.124,54.712,40.311,54.903,54.689,50.336,51.22,48.105,53.296,48.368,51.644,50.178,50.594,47.63
05202,秋田県,能代市,2024,46.887,49.831,63.231,45.53,52.449,46.928,53.44,46.854,39.092,41.533,35.74,53.101,40.311,55.053,53.435,52.78,53.389,44.043,77.832,39.115,51.81,49.781,45.852,40.915
05203,秋田県,横手市,2024,52.661,45.929,65.175,44.922,50.184,43.849,52.681,43.67,46.246,50.057,46.124,61.89,40.311,55.265,47.398,53.318,54.481,39.947,77.46,40.664,46.264,48.097,52.988,44.744
05204,秋田県,大館市,2024,50.826,46.593,61.352,45.617,52.867,45.117,54.19,42.288,38.712,46.602,35.74,58.099,48.804,57.739,50.286,50.696,54.236,41.55,74.055,34.34,45.595,48.838,50.206,42.325
05207,秋田県,湯沢市,2024,55.54,46.254,67.279,45.575,48.28,43.112,55.298,38.608,37.886,39.438,35.74,61.92,48.804,59.548,48.408,52.732,59.667,41.264,77.286,42.045,45.26,45.185,48.318,41.291
05210,秋田県,由利本荘市,2024,48.747,47.234,62.867,41.813,48.121,47.168,54.549,43.647,48.876,44.912,35.74,59.917,57.297,56.919,56.021,50.713,55.155,42.756,79.293,38.746,52.145,45.916,52.988,40.24
05211,秋田県,潟上市,2024,46.774,43.368,63.585,46.268,46.35,40.245,52.492,41.755,30.37,46.423,35.74,62.41,40.311,52.276,51.617,48.502,50.402,48.173,73.458,39.709,45.929,43.73,44.786,44.309
05212,秋田県,大仙市,2024,50.548,45.324,65.34,41.978,52.676,44.614,56.59,42.367,49.636,46.353,35.74,61.302,40.311,56.341,50.658,49.972,55.974,51.553,79.206,37.176,46.264,51.049,52.387,44.31
06201,山形県,山形市,2024,51.189,50.445,54.732,47.464,51.148,52.05,48.491,45.669,52.97,52.994,46.124,50.663,48.804,52.373,49.523,56.677,56.531,48.063,50.967,61.878,52.634,47.179,54.671,46.581
06202,山形県,米沢市,2024,51.708,49.738,57.99,47.641,48.687,46.382,52.531,46.771,39.283,42.19,56.509,49.472,65.789,56.202,55.247,52.101,57.086,48.327,66.884,47.223,45.595,49.12,53.6,45.554
06203,山形県,鶴岡市,2024,56.463,48.486,64.954,44.426,50.83,48.268,52.497,48.916,51.047,41.825,56.509,53.758,57.297,58.806,56.696,53.762,58.715,50.984,78.198,47.659,59.157,45.244,56.501,44.803
06204,山形県,酒田市,2024,54.154,49.682,62.392,46.032,48.245,46.639,51.655,46.915,45.886,48.421,46.124,55.077,48.804,56.014,54.857,47.337,57.061,42.768,67.957,39.702,48.672,45.805,52.72,43.593
06206,山形県,寒河江市,2024,53.095,50.985,64.526,45.583,51.034,45.597,52.321,48.553,45.677,50.375,35.74,55.553,40.311,54.431,52.125,52.113,59.487,52.546,72.21,53.216,52.145,44.764,53.569,42.665
06209,山形県,長井市,2024,53.181,47.884,63.657,45.398,48.179,44.672,53.548,42.309,40.202,40.522,46.124,59.039,57.297,57.593,58.909,52.088,58.437,49.332,78.582,58.708,45.26,46.28,57.978,43.22
06210,山形県,天童市,2024,54.695,49.923,59.962,45.509,51.811,51.957,49.79,53.251,40.915,48.863,46.124,51.463,40.311,51.135,43.945,58.455,56.281,46.547,70.23,53.411,52.145,45.921,55.781,46.503
06211,山形県,東根市,2024,52.426,45.391,61.385,45.855,48.825,48.132,51.016,50.032,44.036,43.188,35.74,53.051,40.311,54.679,43.179,52.101,55.836,47.811,60.922,57.636,45.26,44.37,58.167,45.399
07201,福島県,福島市,2024,54.464,49.136,54.815,48.807,50.125,48.732,51.105,49.331,46.952,45.474,46.124,55.262,57.297,53.146,55.595,50.325,53.617,44.944,47.767,46.567,46.12,52.176,52.004,45.004
07202,福島県,会津若松市,2024,55.784,51.403,57.257,50.233,52.937,46.795,53.122,53.916,61.617,52.936,46.124,52.645,57.297,52.831,56.343,50.296,53.039,46.405,59.833,44.549,49.947,46.092,53.256,45.816
07203,福島県,郡山市,2024,52.126,49.02,52.482,47.884,49.408,47.81,48.699,48.422,53.886,46.363,46.124,51.869,57.297,51.906,51.308,53.315,51.463,46.524,42.621,47.54,49.633,47.13,51.838,46.43
07204,福島県,いわき市,2024,49.266,46.531,56.866,46.094,49.302,46.347,55.048,48.471,51.838,44.581,46.124,53.376,40.311,51.849,56.963,47.893,51.57,43.163,51.262,27.088,45.404,45.591,47.505,44.441
07205,福島県,白河市,2024,49.779,45.874,59.027,43.588,53.971,48.647,54.057,53.417,46.319,45.624,66.893,53.508,48.804,52.693,53.405,50.701,54.824,41.113,68.623,39.365,45.26,46.417,50.897,41.513
07207,福島県,須賀川市,2024,52.504,45.886,60.124,43.973,54.027,48.143,52.009,45.429,41.037,44.988,35.74,56.918,48.804,51.432,51.297,53.161,57.336,33.578,58.44,39.469,45.26,51.781,54.913,43.628
07208,福島県,喜多方市,2024,51.37,47.479,66.111,45.764,44.948,49.239,56.284,44.725,38.757,37.829,46.124,51.322,57.297,56.53,47.933,50.019,56.11,37.364,69.358,42.807,52.479,52.127,53.315,41.211
07210,福島県,二本松市,2024,48.098,43.634,63.614,41.527,44.749,47.739,55.576,47.572,35.647,36.154,46.124,56.952,48.804,51.86,54.839,51.457,57.209,36.118,77.595,44.382,45.26,53.389,51.433,40.719
07212,福島県,南相馬市,2024,46.12,46.249,59.964,41.463,47.559,48.734,55.369,46.196,39.63,42.849,35.74,45.177,48.804,51.02,58.433,52.111,52.849,45.141,68.509,44.249,45.595,44.562,51.612,46.243
07213,福島県,伊達市,2024,51.737,45.483,64.052,47.47,45.656,46.66,53.605,41.93,45.152,34.984,35.74,60.099,40.311,52.327,43.918,46.983,55.138,47.221,63.882,40.946,45.595,43.628,48.008,42.626
07466,福島県,矢吹町,2024,56.49,46.083,61.937,44.224,57.618,45.909,48.403,44.828,41.744,40.593,35.74,48.248,40.311,50.206,49.162,47.103,53.341,28.445,65.979,40.796,45.26,44.656,50.798,39.459
08201,茨城県,水戸市,2024,53.311,51.834,52.014,47.933,51.697,49.629,46.536,46.306,46.616,53.805,77.277,42.524,48.804,47.719,55.559,54.21,49.259,45.217,49.53,40.645,50.67,49.134,51.452,48.921
08202,茨城県,日立市,2024,49.843,49.851,55.973,49.704,49.586,47.515,52.625,52.45,46.045,50.394,46.124,48.89,48.804,52.588,52.752,48.826,47.672,43.01,52.003,50.886,44.389,45.726,43.161,45.966
08203,茨城県,土浦市,2024,53.424,49.58,52.215,46.38,50.371,48.126,44.816,51.787,35.955,47.311,56.509,40.564,57.297,47.861,49.402,49.644,49.021,48.103,41.238,39.122,45.183,49.693,45.62,47.133
08204,茨城県,古河市,2024,50.951,47.246,56.834,46.81,48.926,46.248,50.48,47.691,44.042,41.027,56.509,49.28,40.311,49.923,49.909,52.494,52.078,49.059,54.558,38.991,44.581,46.747,46.947,47.001
08205,茨城県,石岡市,2024,52.269,46.25,59.923,43.35,50.814,44.435,53.637,49.594,48.67,40.83,56.509,45.481,48.804,53.622,55.757,51.739,51.955,38.139,58.661,43.143,45.595,47.06,48.119,44.192
08207,茨城県,結城市,2024,48.958,45.679,60.524,46.673,45.196,45.952,51.493,45.43,41.038,42.855,46.124,51.692,40.311,49.06,45.521,52.704,50.848,54.891,57.702,49.757,45.26,45.179,47.191,48.476
08208,茨城県,龍ケ崎市,2024,50.266,49.215,56.957,49.143,53.319,45.915,52.503,51.365,42.748,52.956,35.74,45.464,40.311,48.668,45.352,51.257,49.908,49.305,50.659,46.101,45.595,48.805,44.588,49.369
08210,茨城県,下妻市,2024,44.929,46.277,59.818,44.693,52.361,46.625,49.629,53.706,33.706,44.133,35.74,47.346,40.311,48.552,50.77,46.861,53.668,51.264,65.894,42.369,45.595,44.15,48.954,48.836
08211,茨城県,常総市,2024,47.863,43.132,60.96,43.22,46.752,42.554,51.378,43.269,42.972,41.278,35.74,50.05,40.311,49.145,48.524,54.097,53.211,48.621,68.485,40.54,45.929,46.645,47.956,47.927
08212,茨城県,常陸太田市,2024,51.866,42.673,63.819,41.924,48.601,43.212,55.288,48.105,44.495,40.3,35.74,55.009,48.804,55.358,56.604,49.819,54.11,42.286,67.265,49.165,45.929,49.192,44.768,44.001
08215,茨城県,北茨城市,2024,50.133,43.089,59.529,45.013,44.801,42.743,57.199,45.558,39.495,42.177,35.74,50.399,40.311,53.983,55.393,45.65,48.348,45.731,61.212,33.995,45.26,49.655,48.613,42.806
08216,茨城県,笠間市,2024,50.459,46.084,60.423,40.918,49.167,42.247,52.565,55.042,46.715,46.489,46.124,50.02,40.311,52.057,57.877,49.995,52.629,45.512,64.564,37.295,52.814,49.224,47.615,43.855
08217,茨城県,取手市,2024,50.965,48.169,54.174,50.25,47.218,47.458,49.194,45.182,44.709,52.361,35.74,47.43,40.311,48.745,48.839,49.653,51.087,46.12,45.98,51.075,46.86,47.055,43.965,51.954
08219,茨城県,牛久市,2024,54.799,48.565,54.688,49.039,47.514,47.831,40.914,51.671,38.815,46.298,46.124,51.761,40.311,50.376,50.823,47.354,51.822,56.436,47.094,57.479,52.145,47.311,48.31,50.18
08220,茨城県,つくば市,2024,51.537,45.22,49.214,45.353,47.681,55.397,48.392,48.136,61.455,44.299,56.509,46.684,48.804,50.533,57.65,49.613,49.726,50.285,60.069,52.656,46.13,49.179,54.677,62.213
08221,茨城県,ひたちなか市,2024,49.913,48.78,55.368,49.428,50.08,44.615,46.811,49.543,50.508,56.816,35.74,52.35,40.311,48.656,52.215,54.196,48.807,44.89,50.321,50.309,44.447,45.993,50.89,45.354
08222,茨城県,鹿嶋市,2024,51.524,43.832,55.609,45.507,51.189,49.4,51.737,46.664,30.149,44.387,35.74,40.347,48.804,50.797,55.951,49.255,48.199,48.448,59.201,46.624,46.599,47.835,49.514,45.517
08224,茨城県,守谷市,2024,55.254,46.618,54.501,49.931,48.71,46.79,45.895,58.069,50.753,47.874,46.124,53.677,40.311,48.28,44.142,51.757,49.623,48.952,52.437,61.668,45.26,50.254,51.467,52.095
08225,茨城県,常陸大宮市,2024,54.701,44.777,62.503,39.817,61.21,44.359,57.296,44.774,34.619,51.015,35.74,49.313,48.804,55.446,57.817,49.13,52.706,37.728,75.035,49.861,45.26,45.249,46.078,40.519
08226,茨城県,那珂市,2024,50.792,44.901,60.136,41.867,50.315,44.523,50.527,50.623,44.066,48.161,35.74,52.404,40.311,49.786,55.78,53.126,52.94,41.446,59.798,49.998,45.26,45.052,48.17,46.616
08227,茨城県,筑西市,2024,48.269,44.873,60.565,45.505,48.191,46.105,50.856,48.676,40.911,39.726,35.74,44.07,40.311,48.671,49.586,48.541,53.551,47.474,65.397,49.043,44.845,48.762,47.308,45.685
08228,茨城県,坂東市,2024,54.51,42.926,63.049,45.094,50.631,43.156,53.094,48.096,32.618,40.802,35.74,50.886,40.311,48.802,48.799,47.224,55.477,48.352,65.051,30.005,45.26,44.852,46.782,51.128
08229,茨城県,稲敷市,2024,46.201,43.09,65.104,39.034,65.16,44.02,54.723,44.547,40.066,37.053,35.74,43.055,48.804,50.599,56.309,46.355,54.192,48.201,66.114,38.831,45.929,43.597,46.668,44.438
08230,茨城県,かすみがうら市,2024,51.994,44.837,59.17,40.131,44.394,43.217,51.247,40.936,33.163,40.754,35.74,46.889,48.804,51.287,59.764,47.104,51.557,38.575,65.414,33.653,45.595,45.647,45.504,46.967
08231,茨城県,桜川市,2024,50.812,43.277,64.593,42.199,47.617,39.814,55.543,42.842,39.175,41.648,46.124,48.003,48.804,54.469,52.424,46.409,55.02,45.152,77.597,39.22,45.595,44.945,45.29,43.647
08232,茨城県,神栖市,2024,50.117,47.091,55.44,43.432,47.879,50.7,51.388,49.239,41.553,56.968,35.74,42.593,48.804,47.723,54.169,49.024,47.163,47.636,58.128,33.769,45.595,47.15,54.988,48.44
08234,茨城県,鉾田市,2024,52.632,43.207,63.655,40.591,46.682,45.811,50.335,44.977,36.843,40.112,35.74,37.38,40.311,53.125,57.963,52.7,52.306,47.119,67.95,33.067,45.26,46.12,54.644,43.576
08235,茨城県,つくばみらい市,2024,52.362,44.282,56.072,42.087,45.92,52.489,46.905,46.147,44.39,37.652,56.509,57.636,40.311,49.363,48.569,51.024,54.187,49.207,56.468,49.102,45.26,46.913,53.59,50.272
08236,茨城県,小美玉市,2024,50.058,42.879,59.356,42.269,42.452,46.005,47.502,42.664,40.373,41.343,35.74,47.05,48.804,51.2,57.914,48.677,50.777,46.262,69.147,37.832,45.26,44.329,52.91,46.184
08341,茨城県,東海村,2024,60.062,45.756,56.412,45.161,44.824,49.932,46.855,56.548,42.478,44.454,35.74,53.369,40.311,48.608,52.859,53.548,51.65,43.42,62.185,47.592,45.26,46.634,50.617,55.461
08443,茨城県,阿見町,2024,51.309,47.258,55.275,44.017,49.837,47.395,43.961,48.082,42.713,44.973,35.74,43.043,48.804,50.095,48.505,49.079,48.701,47.366,54.939,44.502,45.26,48.313,50.431,46.617
08542,茨城県,五霞町,2024,49.182,43.408,54.754,34.563,40.65,48.054,53.118,40.766,42.858,38.337,35.74,47.747,40.311,48.882,41.902,49.008,55.878,36.848,80.0,38.017,45.26,45.132,46.414,44.812
08546,茨城県,境町,2024,52.249,46.674,59.422,45.669,51.721,42.253,49.909,40.411,43.742,41.854,35.74,49.282,40.311,48.364,53.379,50.409,55.192,45.007,69.597,37.216,45.26,48.101,54.705,54.031
09201,栃木県,宇都宮市,2024,48.796,50.317,52.135,47.149,49.53,45.552,44.167,50.501,52.771,55.245,46.124,46.31,40.311,50.238,52.073,53.364,49.787,48.535,41.245,51.307,50.333,49.115,52.676,47.846
09202,栃木県,足利市,2024,54.12,47.362,58.123,46.22,47.248,47.398,51.475,46.63,49.707,50.953,46.124,43.114,40.311,53.423,50.854,49.046,51.083,49.413,54.95,34.678,50.116,46.551,46.901,45.577
09203,栃木県,栃木市,2024,50.853,45.853,59.086,42.605,50.931,44.249,50.879,47.772,44.843,45.953,56.509,48.904,40.311,51.398,52.215,48.194,53.725,48.448,68.516,37.263,44.649,45.535,45.912,47.168
09204,栃木県,佐野市,2024,52.301,49.222,58.407,44.566,52.839,46.32,49.23,48.604,46.667,48.835,46.124,44.802,40.311,56.78,52.395,47.997,53.647,47.307,66.492,37.345,44.701,49.758,46.824,44.663
09205,栃木県,鹿沼市,2024,50.469,46.943,59.953,45.087,51.523,46.862,53.181,49.593,44.593,42.036,56.509,51.237,48.804,59.659,53.291,49.909,52.539,45.814,59.241,43.658,45.26,45.369,47.342,42.157
09206,栃木県,日光市,2024,48.943,47.449,60.292,42.981,62.248,42.92,57.537,49.165,47.472,45.583,56.509,44.597,65.789,61.303,60.444,52.51,53.481,42.059,66.169,40.067,50.28,50.592,49.926,40.285
09208,栃木県,小山市,2024,51.047,47.441,54.273,45.002,48.395,47.748,48.212,46.68,51.096,51.801,46.124,46.02,40.311,48.039,48.859,51.67,52.137,54.618,44.909,47.546,44.885,46.515,49.815,50.666
09209,栃木県,真岡市,2024,52.088,46.76,58.87,44.576,49.526,47.086,51.427,50.138,40.976,50.038,46.124,49.384,40.311,48.926,52.744,49.937,52.831,47.805,59.862,38.307,45.929,48.329,49.5,45.535
09210,栃木県,大田原市,2024,53.683,45.654,57.306,46.212,47.289,44.931,55.204,52.737,35.992,42.285,35.74,52.836,40.311,53.019,54.821,48.254,51.295,46.998,55.545,44.468,52.479,48.619,55.295,42.437
09213,栃木県,那須塩原市,2024,47.921,48.975,57.404,44.278,58.399,46.404,48.528,48.858,48.229,42.58,46.124,45.313,57.297,55.445,63.535,56.816,48.515,48.524,51.588,52.396,49.801,45.826,54.156,45.551
09214,栃木県,さくら市,2024,56.794,45.568,58.76,42.282,49.001,43.336,42.277,51.83,47.366,42.579,46.124,51.297,40.311,51.694,53.742,49.462,52.051,42.573,56.098,48.775,45.26,45.281,43.759,44.667
09216,栃木県,下野市,2024,54.309,47.148,56.641,44.807,44.971,43.927,46.637,49.903,41.936,53.733,35.74,51.414,40.311,48.611,51.415,54.26,51.985,41.536,56.928,55.044,45.26,48.42,49.191,48.006
09361,栃木県,壬生町,2024,49.475,46.914,59.668,43.936,45.262,45.614,48.878,51.087,37.066,44.963,35.74,51.463,40.311,50.21,53.95,47.478,52.957,54.37,63.778,43.072,45.26,47.183,50.62,43.967
10201,群馬県,前橋市,2024,52.924,49.407,56.101,47.554,51.211,46.99,48.091,48.539,64.052,51.977,46.124,34.757,40.311,51.858,52.511,57.297,52.695,45.656,44.739,52.078,46.202,49.15,50.968,47.071
10202,群馬県,高崎市,2024,53.237,49.067,55.287,47.523,50.689,49.759,47.743,48.243,41.227,47.311,56.509,37.525,40.311,54.687,47.175,50.09,52.397,45.252,56.593,46.855,45.494,47.964,53.306,47.166
10203,群馬県,桐生市,2024,56.272,48.729,58.911,49.267,46.474,47.837,50.714,52.085,44.516,41.092,46.124,38.27,40.311,58.143,49.381,52.561,52.849,42.98,59.01,37.224,50.52,48.733,47.341,44.784
10204,群馬県,伊勢崎市,2024,52.585,48.37,56.313,44.303,47.223,49.435,45.2,48.941,43.479,46.862,56.509,35.952,40.311,48.651,49.814,51.531,48.016,53.062,46.028,38.318,44.284,46.323,50.035,47.671
10205,群馬県,太田市,2024,51.44,47.783,56.862,44.198,47.643,52.711,47.529,49.147,42.345,48.463,46.124,35.604,40.311,48.478,50.151,49.829,49.502,51.136,45.317,38.327,45.315,46.386,49.812,46.626
10206,群馬県,沼田市,2024,51.388,49.291,59.624,44.576,55.997,46.552,57.493,45.98,36.865,37.036,35.74,44.026,40.311,62.201,53.233,48.8,53.343,38.515,71.998,45.375,45.595,44.814,51.925,43.806
10207,群馬県,館林市,2024,51.257,50.584,57.123,47.33,50.006,48.099,49.894,45.249,41.739,55.027,35.74,39.671,48.804,47.31,45.174,51.076,50.186,50.806,50.568,44.786,51.81,50.303,42.719,46.249
10208,群馬県,渋川市,2024,52.245,46.732,62.499,42.979,55.317,44.275,53.819,48.346,45.176,46.103,46.124,38.699,40.311,58.826,47.554,51.779,51.126,48.862,58.004,40.718,45.595,47.307,49.885,44.627
10209,群馬県,藤岡市,2024,50.974,47.506,60.563,44.925,49.668,48.341,53.209,49.828,40.352,40.027,46.124,43.943,40.311,58.262,56.125,51.075,50.171,37.421,63.834,46.406,45.26,45.406,46.239,43.836
10210,群馬県,富岡市,2024,55.164,46.619,61.702,45.419,50.138,48.883,54.54,51.137,44.003,41.541,56.509,50.509,48.804,56.357,55.961,50.385,51.465,39.908,65.086,50.664,46.599,49.182,47.687,42.471
10211,群馬県,安中市,2024,50.308,45.615,61.803,40.673,51.599,44.28,50.14,47.236,40.549,35.531,35.74,40.189,74.282,57.424,53.06,52.024,49.382,43.045,64.616,45.255,45.595,47.851,47.191,43.509
10212,群馬県,みどり市,2024,50.822,47.909,59.366,46.14,55.544,48.697,51.906,50.888,44.037,32.265,35.74,36.421,40.311,59.117,49.893,50.076,51.863,47.383,54.687,34.788,45.26,45.047,49.734,44.011
10424,群馬県,長野原町,2024,45.777,48.615,55.08,36.248,80.0,53.753,59.907,45.41,32.585,41.97,46.124,39.849,48.804,59.369,53.16,50.583,57.218,37.161,80.0,48.6,45.26,44.2,55.201,40.708
10464,群馬県,玉村町,2024,52.828,43.87,54.23,45.124,46.873,46.392,52.365,51.118,37.52,46.273,46.124,46.804,40.311,49.488,47.36,47.535,50.73,46.449,52.057,48.32,45.595,45.598,44.254,41.701
10524,群馬県,大泉町,2024,56.118,49.269,52.345,51.51,45.454,52.823,49.63,55.352,32.3,51.972,35.74,30.936,40.311,45.028,45.764,48.203,48.571,58.976,70.187,41.227,45.26,44.887,40.193,47.886
11100,埼玉県,さいたま市,2024,49.648,49.464,45.551,50.707,46.072,52.75,41.709,48.479,62.866,54.986,66.893,53.066,57.297,42.455,51.217,49.242,48.997,54.508,38.386,53.031,47.766,49.653,51.415,52.811
11201,埼玉県,川越市,2024,49.03,49.148,49.823,49.218,46.788,48.409,45.77,45.765,44.933,46.405,56.509,52.323,48.804,46.655,48.869,50.665,49.176,49.773,35.368,45.998,48.286,48.186,48.63,48.729
11202,埼玉県,熊谷市,2024,51.993,48.014,56.769,48.4,45.541,44.518,50.231,53.147,52.276,58.282,46.124,48.354,40.311,47.668,48.614,49.654,49.669,44.63,46.944,37.573,45.965,47.421,47.518,47.769
11203,埼玉県,川口市,2024,47.682,49.187,43.008,50.872,45.782,49.98,46.774,47.942,45.677,53.367,46.124,52.223,40.311,43.156,48.152,46.932,46.373,55.307,30.395,35.657,48.226,47.329,48.396,51.584
11206,埼玉県,行田市,2024,48.618,48.271,58.338,48.391,43.784,43.62,49.903,50.942,43.323,45.193,35.74,50.405,40.311,46.739,47.899,52.588,49.587,44.492,62.41,43.994,51.81,47.554,42.649,45.124
11207,埼玉県,秩父市,2024,52.423,51.276,60.559,45.786,50.43,44.821,52.985,52.328,38.47,46.668,46.124,47.225,48.804,58.729,53.53,52.678,54.583,53.168,69.508,39.346,45.595,49.109,46.751,40.902
11208,埼玉県,所沢市,2024,48.751,49.52,46.532,51.089,45.833,47.817,45.131,48.144,41.085,51.085,46.124,53.815,40.311,45.89,49.887,48.076,47.375,50.37,40.633,54.881,49.806,49.593,48.012,49.221
11209,埼玉県,飯能市,2024,50.367,48.456,54.77,50.518,50.297,43.178,50.816,47.767,42.749,46.29,56.509,51.302,40.311,58.201,51.39,51.315,47.371,47.101,53.539,50.402,45.595,48.537,41.714,49.249
11210,埼玉県,加須市,2024,46.619,45.636,57.956,44.604,45.501,46.442,46.309,49.266,43.905,45.683,35.74,52.994,40.311,48.691,52.658,50.666,52.993,54.061,48.922,44.026,44.816,47.032,45.642,47.774
11211,埼玉県,本庄市,2024,52.659,51.514,55.759,48.148,47.573,46.858,47.123,49.476,40.703,48.741,35.74,43.372,48.804,51.435,51.71,54.053,51.546,48.661,57.739,41.262,45.26,47.337,46.088,48.348
11212,埼玉県,東松山市,2024,52.151,51.816,53.63,47.247,49.61,43.635,43.905,54.283,32.997,49.65,35.74,45.436,40.311,47.268,46.323,50.244,49.439,49.295,51.61,45.994,45.929,46.816,44.962,46.508
11214,埼玉県,春日部市,2024,48.231,49.875,51.815,50.935,45.775,45.817,44.215,47.223,47.469,50.12,56.509,53.145,48.804,46.873,44.253,50.658,48.228,47.437,41.831,38.794,46.125,49.486,46.183,50.356
11215,埼玉県,狭山市,2024,50.665,49.589,50.805,53.19,46.375,45.757,49.796,54.157,46.601,44.05,46.124,53.393,40.311,46.594,49.074,49.736,46.733,46.252,44.906,56.272,46.45,47.268,42.724,46.319
11216,埼玉県,羽生市,2024,52.719,43.95,58.196,47.417,53.852,41.19,52.849,49.44,39.243,49.358,35.74,45.07,40.311,48.783,51.207,52.969,50.758,46.107,56.713,39.657,45.26,49.91,44.877,49.714
11217,埼玉県,鴻巣市,2024,53.844,49.286,55.427,49.439,44.866,45.798,50.813,55.751,46.799,45.581,35.74,53.384,40.311,47.079,49.743,53.719,50.633,53.729,46.586,50.64,45.915,48.101,45.217,46.53
11218,埼玉県,深谷市,2024,51.095,48.882,57.685,46.087,46.238,47.895,47.394,52.865,43.139,43.416,35.74,45.354,40.311,48.545,53.231,49.813,50.253,46.49,45.838,39.754,45.617,49.89,48.177,44.994
11219,埼玉県,上尾市,2024,52.419,49.334,50.875,51.005,48.769,46.273,47.37,51.548,38.282,50.183,35.74,54.342,40.311,44.568,47.517,51.115,47.888,49.362,35.182,47.051,46.338,51.988,46.669,47.849
11221,埼玉県,草加市,2024,48.805,49.296,45.221,50.82,47.036,45.688,46.437,47.275,40.951,52.11,56.509,52.943,40.311,42.644,47.617,46.286,46.306,45.878,44.08,43.65,47.584,47.288,46.662,49.834
11222,埼玉県,越谷市,2024,50.257,51.874,49.075,51.36,49.772,47.079,41.419,49.629,54.365,46.08,66.893,52.74,40.311,45.04,47.563,47.535,47.527,48.767,38.412,47.762,46.901,54.405,50.419,49.945
11223,埼玉県,蕨市,2024,48.142,50.875,40.283,51.409,53.389,48.228,52.899,43.929,38.314,46.805,35.74,50.552,40.311,37.484,48.247,52.749,45.974,57.195,54.678,45.568,45.26,53.048,48.359,55.73
11224,埼玉県,戸田市,2024,48.703,49.773,38.529,51.832,44.362,52.803,42.802,45.845,53.489,50.781,46.124,55.112,48.804,42.185,46.237,51.11,46.851,55.964,41.074,41.925,48.22,47.557,49.89,50.149
11225,埼玉県,入間市,2024,47.746,50.741,51.28,51.195,48.613,46.424,50.598,49.536,49.83,50.207,46.124,54.946,40.311,46.584,49.634,50.822,45.769,46.853,42.545,54.342,46.825,48.179,44.575,45.119
11227,埼玉県,朝霞市,2024,48.619,46.408,41.458,51.48,46.882,44.696,37.845,49.144,40.52,51.459,56.509,55.976,48.804,44.509,48.794,49.274,45.278,53.415,30.521,50.607,48.46,49.182,51.396,49.875
11228,埼玉県,志木市,2024,48.04,47.724,44.532,50.466,44.869,50.706,51.776,49.443,39.948,51.553,46.124,56.665,40.311,44.121,51.972,48.445,44.582,48.502,41.47,54.821,45.26,47.721,46.365,52.371
11229,埼玉県,和光市,2024,51.135,45.648,38.197,48.989,45.119,51.115,47.486,47.525,35.804,51.76,56.509,54.256,48.804,43.832,44.819,49.923,44.586,52.56,42.971,57.151,45.26,51.493,54.436,51.637
11230,埼玉県,新座市,2024,47.059,49.316,46.583,49.421,45.573,48.525,46.401,48.533,47.091,44.882,56.509,57.527,40.311,45.224,48.129,50.518,46.343,58.955,39.507,49.421,49.455,47.874,48.479,50.083
11231,埼玉県,桶川市,2024,53.344,46.601,54.533,52.021,44.534,47.541,46.981,52.65,34.046,45.025,35.74,54.447,40.311,45.722,54.705,48.035,47.072,52.485,46.643,50.387,45.26,47.023,46.86,49.602
11232,埼玉県,久喜市,2024,48.47,49.579,55.741,48.716,45.467,46.011,49.268,53.284,40.938,49.292,35.74,51.405,48.804,47.066,48.417,53.626,51.299,56.746,56.453,51.478,46.357,46.089,49.149,47.259
11233,埼玉県,北本市,2024,51.437,49.749,52.852,48.613,44.273,41.372,52.232,52.404,34.79,49.334,35.74,53.778,40.311,45.75,51.815,49.026,46.293,49.153,56.448,52.013,45.26,52.554,38.879,45.268
11234,埼玉県,八潮市,2024,48.912,50.064,45.932,52.77,47.805,41.104,51.037,46.886,40.432,44.19,46.124,48.679,40.311,44.38,44.353,45.876,45.678,53.342,45.644,49.209,45.595,46.996,54.688,51.279
11235,埼玉県,富士見市,2024,47.705,49.298,45.099,49.657,44.685,45.36,48.586,47.752,42.102,48.909,35.74,53.61,40.311,46.043,46.795,51.565,45.329,50.791,36.974,42.277,48.318,46.721,53.623,48.006
11237,埼玉県,三郷市,2024,45.916,49.936,47.162,51.46,46.808,46.357,51.478,46.148,39.326,50.422,46.124,50.585,40.311,46.76,43.35,50.166,47.566,52.981,40.35,43.353,46.938,47.394,52.289,48.591
11238,埼玉県,蓮田市,2024,49.728,48.784,55.824,47.917,42.294,42.556,53.83,49.165,41.736,48.817,35.74,56.484,48.804,46.946,45.914,54.608,49.383,51.198,50.585,46.949,45.26,46.888,43.599,47.582
11239,埼玉県,坂戸市,2024,51.312,48.681,50.526,50.691,42.61,47.474,47.625,47.828,38.2,49.741,35.74,49.41,40.311,47.638,50.387,47.907,46.92,50.141,46.432,45.411,46.35,47.539,38.409,49.262
11240,埼玉県,幸手市,2024,48.231,48.063,56.991,49.96,48.261,44.132,51.708,47.247,38.48,47.549,35.74,50.269,40.311,46.897,45.608,50.375,48.147,45.651,51.111,47.711,45.26,45.986,41.829,47.71
11241,埼玉県,鶴ヶ島市,2024,52.26,51.895,49.546,48.405,45.034,47.772,52.18,48.811,43.559,48.094,35.74,51.756,40.311,47.791,45.707,50.657,47.553,44.438,43.346,51.984,45.26,49.45,41.356,49.011
11242,埼玉県,日高市,2024,48.505,44.86,57.096,49.373,48.419,46.829,50.592,48.947,44.246,48.259,35.74,54.261,40.311,50.113,55.477,50.02,51.642,44.856,54.377,48.102,45.595,47.379,45.53,44.5
11243,埼玉県,吉川市,2024,48.693,46.51,51.199,51.685,42.759,46.574,44.654,49.541,39.377,49.055,35.74,56.859,40.311,47.646,47.825,49.915,48.522,47.879,45.416,49.8,45.26,47.77,46.196,50.704
11245,埼玉県,ふじみ野市,2024,50.237,49.761,47.072,50.085,45.876,51.585,51.19,48.529,47.539,50.927,35.74,53.149,40.311,44.665,50.712,52.321,43.269,57.659,43.178,52.058,47.114,48.479,46.28,46.796
11246,埼玉県,白岡市,2024,49.409,46.852,54.987,44.373,42.671,38.302,50.944,47.223,37.55,42.066,35.74,58.751,40.311,47.326,49.353,48.977,51.446,43.437,48.043,52.1,45.26,47.189,50.431,46.065
11301,埼玉県,伊奈町,2024,51.98,48.432,54.012,53.291,41.618,45.244,43.424,47.157,43.039,45.988,35.74,53.555,40.311,48.047,45.901,49.63,47.208,46.615,38.214,51.213,45.26,51.536,49.989,47.499
11324,埼玉県,三芳町,2024,53.902,51.512,50.198,48.874,43.165,48.959,49.163,58.412,38.531,45.447,35.74,57.117,40.311,46.702,47.415,50.457,46.848,58.62,50.018,50.128,45.26,46.5,46.088,47.896
11361,埼玉県,横瀬町,2024,50.211,43.984,54.302,39.412,48.156,51.317,50.545,48.476,37.496,37.602,35.74,61.83,40.311,57.537,46.561,51.053,52.904,45.658,80.0,37.264,45.26,46.599,43.222,48.759
11442,埼玉県,宮代町,2024,48.435,48.331,55.171,50.881,44.813,48.391,51.977,55.968,39.469,40.139,35.74,53.394,40.311,46.093,50.993,49.162,50.82,41.158,49.948,46.295,45.26,49.653,44.008,47.573
11464,埼玉県,杉戸町,2024,46.77,47.28,58.561,50.041,43.758,42.999,46.679,48.171,42.957,44.105,35.74,54.491,40.311,47.499,48.013,52.389,48.979,46.371,48.955,45.927,45.26,45.44,43.083,47.929
12100,千葉県,千葉市,2024,52.639,48.333,45.974,51.314,46.217,51.924,47.913,45.259,60.459,57.847,46.124,50.011,40.311,44.295,53.134,47.533,48.664,50.799,39.749,48.961,46.524,48.593,47.925,54.088
12202,千葉県,銚子市,2024,48.814,48.39,59.298,52.789,47.154,43.367,53.438,40.539,40.763,35.725,46.124,46.652,48.804,52.283,54.339,47.648,56.2,51.714,57.6,37.816,52.145,45.796,45.213,40.942
12203,千葉県,市川市,2024,50.605,47.418,40.467,51.61,45.657,51.956,45.897,48.069,56.047,48.818,66.893,54.282,40.311,45.326,46.702,39.912,45.738,50.383,34.681,49.092,50.72,50.261,52.076,49.115
12204,千葉県,船橋市,2024,53.256,48.179,44.444,51.663,45.949,48.426,44.326,48.176,53.23,52.281,66.893,56.388,40.311,43.705,47.676,47.204,47.605,50.325,34.214,50.014,47.848,49.733,50.651,50.829
12205,千葉県,館山市,2024,50.629,51.788,57.483,48.855,57.392,49.56,53.517,50.438,40.661,33.272,46.124,41.429,48.804,51.175,53.786,45.297,50.948,35.313,60.095,54.183,45.26,48.48,48.966,42.801
12206,千葉県,木更津市,2024,53.173,50.038,55.492,47.734,50.516,44.506,46.91,44.247,49.03,48.564,46.124,45.881,40.311,49.821,55.788,49.49,47.662,53.816,47.39,46.04,45.359,45.751,55.246,47.017
12207,千葉県,松戸市,2024,50.941,49.739,46.329,52.05,48.017,50.963,47.916,48.412,49.807,49.194,56.509,52.333,40.311,44.145,50.404,50.677,47.063,53.503,36.786,45.188,48.365,48.879,47.438,51.042
12208,千葉県,野田市,2024,52.54,48.84,56.747,50.093,46.132,44.32,49.444,48.989,42.395,46.824,35.74,49.641,48.804,48.29,45.088,52.794,48.824,42.031,43.776,38.242,45.826,46.5,48.222,49.271
12210,千葉県,茂原市,2024,49.953,48.247,58.17,47.275,53.081,42.154,49.941,44.561,41.177,41.285,46.124,41.922,40.311,47.868,53.165,46.646,50.226,49.269,50.29,39.052,45.26,45.534,42.419,45.67
12211,千葉県,成田市,2024,48.978,48.868,49.106,48.879,53.98,42.417,47.762,49.219,52.845,43.997,46.124,45.355,40.311,50.457,51.365,52.513,48.626,43.845,49.65,46.713,50.418,48.853,56.87,47.072
12212,千葉県,佐倉市,2024,52.914,47.806,55.555,51.857,50.193,47.716,49.462,52.704,42.427,48.703,56.509,57.335,40.311,49.724,48.862,55.154,49.949,50.233,52.739,56.79,50.572,51.078,43.49,49.715
12213,千葉県,東金市,2024,50.329,49.156,56.359,46.405,51.788,44.572,51.083,47.434,37.167,38.304,35.74,40.588,40.311,49.061,52.972,49.572,48.054,35.393,55.109,43.001,45.26,48.94,40.877,46.415
12215,千葉県,旭市,2024,55.759,45.55,60.165,47.36,49.105,44.331,53.538,44.232,37.78,34.696,35.74,50.026,40.311,49.883,47.075,48.985,52.098,42.283,56.801,39.659,45.26,45.713,50.581,41.265
12216,千葉県,習志野市,2024,50.024,48.299,44.35,50.664,49.296,53.536,44.485,48.612,46.515,55.364,35.74,54.124,40.311,42.043,47.688,49.892,46.985,44.307,50.224,56.244,47.521,49.793,48.234,49.191
12217,千葉県,柏市,2024,52.392,49.234,48.981,50.742,47.923,48.536,44.9,50.994,50.541,48.062,66.893,51.811,48.804,46.915,46.614,55.496,48.855,48.524,39.735,57.234,47.495,48.701,51.664,53.319
12219,千葉県,市原市,2024,53.645,47.385,54.594,48.978,50.767,45.057,51.328,43.688,42.339,49.373,56.509,48.454,48.804,49.113,50.067,48.533,48.441,46.859,53.584,38.174,45.086,45.898,50.242,46.403
12220,千葉県,流山市,2024,55.469,48.514,47.96,51.712,43.969,52.69,43.333,51.734,54.99,46.499,66.893,57.947,48.804,47.66,48.998,54.355,49.757,48.018,46.293,56.848,47.863,51.843,54.354,52.454
12221,千葉県,八千代市,2024,49.938,49.193,49.237,51.794,46.963,49.668,42.972,49.998,46.944,52.606,35.74,53.102,40.311,46.509,48.248,51.631,45.311,45.329,38.254,48.168,46.446,47.732,47.11,47.974
12222,千葉県,我孫子市,2024,52.317,48.985,52.01,49.819,45.178,48.31,46.628,49.022,39.606,46.98,46.124,56.873,48.804,47.734,49.934,47.57,48.665,47.709,45.057,56.929,47.883,48.302,43.377,51.416
12224,千葉県,鎌ケ谷市,2024,51.692,49.69,51.146,52.043,43.738,45.485,45.466,45.2,44.647,46.699,46.124,55.144,40.311,46.31,48.073,48.99,46.773,46.883,41.365,47.872,46.181,50.606,46.983,49.872
12225,千葉県,君津市,2024,51.646,49.825,56.277,47.249,57.595,45.535,52.116,48.955,40.159,39.398,46.124,46.422,48.804,54.889,50.536,44.739,49.719,42.307,57.273,48.661,45.595,46.38,51.697,44.176
12226,千葉県,富津市,2024,53.989,44.637,60.577,46.591,62.186,39.534,53.934,44.451,37.176,42.449,35.74,51.548,48.804,53.982,53.998,43.31,53.292,40.48,62.245,33.998,45.26,45.099,51.493,44.617
12227,千葉県,浦安市,2024,48.735,49.457,36.52,53.64,49.991,55.868,51.898,61.343,53.529,45.807,56.509,54.876,40.311,44.26,46.3,44.11,46.055,51.765,45.071,63.275,49.142,54.277,55.324,51.295
12228,千葉県,四街道市,2024,53.318,46.425,55.595,50.807,48.098,48.084,45.938,48.581,41.979,47.747,35.74,55.217,40.311,47.222,48.972,53.319,47.908,44.241,43.272,57.506,45.26,47.748,42.2,47.918
12229,千葉県,袖ケ浦市,2024,60.547,46.43,57.152,46.143,47.216,43.136,44.357,52.145,44.951,48.345,56.509,53.631,57.297,49.61,49.092,46.699,50.102,42.071,58.007,46.434,45.26,45.902,50.929,45.881
12230,千葉県,八街市,2024,47.528,45.547,59.572,47.09,47.556,40.451,48.883,43.487,40.61,34.662,35.74,46.98,40.311,51.405,53.514,50.126,47.41,43.841,39.894,38.075,45.26,44.732,45.477,48.611
12231,千葉県,印西市,2024,51.294,46.605,55.952,46.126,50.887,50.721,48.43,57.195,45.918,48.119,56.509,53.632,40.311,50.059,52.236,49.922,51.025,45.636,50.996,61.49,47.167,52.388,53.035,56.323
12232,千葉県,白井市,2024,52.877,49.45,53.429,48.407,47.453,47.257,48.254,50.086,40.54,50.698,35.74,56.548,40.311,48.233,47.288,48.598,47.936,54.091,53.747,53.468,45.595,49.362,49.193,50.997
12233,千葉県,富里市,2024,54.822,47.421,54.671,46.559,54.315,38.787,49.44,44.958,43.589,36.975,35.74,48.502,40.311,50.542,48.298,50.034,50.313,53.712,37.703,42.298,45.26,44.604,48.192,48.138
12234,千葉県,南房総市,2024,52.03,44.241,63.866,44.752,57.724,46.382,55.527,47.286,41.098,33.563,35.74,47.99,48.804,55.501,51.056,42.47,55.819,38.451,80.0,47.468,46.264,45.759,46.453,42.664
12236,千葉県,香取市,2024,52.146,45.682,61.549,43.921,51.36,41.129,53.646,46.118,43.35,35.957,46.124,51.172,48.804,51.478,57.61,47.935,54.786,42.154,57.897,40.947,52.145,45.376,46.418,42.955
12237,千葉県,山武市,2024,50.287,43.509,63.485,42.736,49.253,43.952,52.879,47.674,32.399,36.309,46.124,42.89,40.311,50.282,51.888,48.483,50.685,38.48,51.464,37.094,45.26,45.397,40.17,53.457
12238,千葉県,いすみ市,2024,53.526,46.044,64.17,46.385,69.605,40.586,55.372,42.45,32.441,38.704,35.74,40.49,48.804,53.472,52.548,41.689,55.054,35.14,71.464,47.319,45.595,45.203,39.106,44.072
12239,千葉県,大網白里市,2024,55.031,44.912,59.441,46.704,45.008,44.749,50.615,42.153,39.631,38.054,46.124,49.813,40.311,48.865,48.231,48.086,51.706,41.979,54.501,42.104,45.26,46.073,41.244,47.039
13101,東京都,千代田区,2024,49.734,62.195,23.17,54.728,80.0,58.725,61.004,59.778,62.419,61.534,66.893,32.426,48.804,40.477,36.96,48.617,55.987,49.676,52.999,55.113,54.988,66.744,69.27,75.831
13102,東京都,中央区,2024,47.224,62.195,22.892,54.404,80.0,61.752,54.202,63.443,53.986,54.823,46.124,39.633,48.804,41.842,41.308,43.301,52.111,57.92,49.0,52.747,56.394,55.533,65.237,79.103
13103,東京都,港区,2024,47.317,62.195,24.27,53.842,80.0,61.036,59.365,70.356,59.376,57.438,56.509,37.116,48.804,39.161,46.106,50.599,56.388,62.521,33.545,53.196,59.071,62.126,63.792,78.665
13104,東京都,新宿区,2024,45.897,62.195,25.192,53.55,77.831,56.038,62.142,59.858,53.49,54.647,46.124,39.801,57.297,38.627,46.121,53.136,47.13,58.034,34.657,45.929,57.956,57.239,56.859,74.07
13105,東京都,文京区,2024,47.919,53.268,25.134,53.52,47.504,60.877,64.611,58.766,59.138,51.704,46.124,56.766,48.804,38.931,43.659,55.229,50.442,49.906,57.122,60.982,57.307,62.27,61.564,65.522
13106,東京都,台東区,2024,45.941,61.102,27.165,53.243,63.135,56.421,66.098,52.705,53.289,52.323,56.509,41.677,57.297,39.611,43.323,46.86,51.116,61.24,45.995,39.945,58.162,63.181,58.579,59.559
13107,東京都,墨田区,2024,47.63,53.937,31.196,52.641,49.982,54.779,59.72,52.02,51.338,54.486,46.124,50.668,40.311,42.092,48.782,47.838,46.819,55.995,49.196,39.484,51.066,54.227,56.229,53.317
13108,東京都,江東区,2024,43.921,48.108,30.855,52.734,48.376,56.894,54.841,58.386,49.504,54.163,56.509,55.46,40.311,44.192,45.335,46.743,46.135,52.645,51.147,43.172,53.479,51.467,56.355,56.848
13109,東京都,品川区,2024,44.245,52.395,25.42,53.122,55.206,55.801,56.919,53.563,60.791,52.193,46.124,54.643,40.311,39.09,45.478,48.127,45.472,51.711,39.454,57.732,54.581,59.026,60.823,61.135
13110,東京都,目黒区,2024,46.716,52.02,27.499,52.463,58.962,57.587,62.755,59.48,53.05,56.527,56.509,56.954,40.311,38.921,44.506,50.989,47.906,55.284,39.292,60.342,57.509,58.555,58.627,61.93
13111,東京都,大田区,2024,43.16,48.272,33.398,52.068,47.112,52.063,53.186,52.376,62.9,54.819,46.124,53.565,40.311,40.107,45.136,43.41,45.137,47.318,47.579,43.411,50.417,49.256,55.821,49.512
13112,東京都,世田谷区,2024,44.084,48.014,32.466,50.918,51.125,52.289,57.935,51.835,59.77,54.475,46.124,57.169,40.311,40.046,48.321,49.471,47.793,60.345,48.12,58.94,57.063,54.784,55.176,58.883
13113,東京都,渋谷区,2024,46.503,62.195,24.157,53.452,80.0,54.187,59.36,66.957,54.81,58.143,46.124,40.001,40.311,38.942,41.092,52.299,51.729,59.388,44.513,62.49,57.956,65.248,64.024,78.918
13114,東京都,中野区,2024,46.511,50.885,28.959,52.112,52.841,52.131,60.389,50.685,54.78,54.022,46.124,53.318,40.311,39.275,48.097,51.15,43.725,54.021,39.513,54.081,56.84,54.513,52.409,56.237
13115,東京都,杉並区,2024,47.338,49.878,31.496,51.349,51.464,53.081,57.599,51.373,55.434,54.268,66.893,58.835,48.804,39.436,47.008,51.449,45.115,58.497,39.724,64.381,57.063,53.193,55.539,55.622
13116,東京都,豊島区,2024,46.368,57.259,27.236,52.743,67.049,56.215,63.625,58.504,45.577,53.823,56.509,44.424,48.804,38.953,49.06,50.462,43.77,63.172,47.714,45.204,55.936,67.678,54.283,61.611
13117,東京都,北区,2024,46.122,49.041,33.212,51.736,47.273,59.084,65.29,57.542,49.935,54.529,46.124,53.959,40.311,41.205,43.854,48.269,43.319,62.629,56.913,45.586,52.367,53.767,48.298,54.113
13118,東京都,荒川区,2024,45.528,50.165,32.857,52.394,46.547,53.573,63.687,48.515,49.828,54.238,46.124,53.334,40.311,40.594,46.397,43.967,44.642,56.494,41.608,41.657,51.006,49.573,50.096,55.163
13119,東京都,板橋区,2024,46.425,47.983,33.354,51.269,46.948,52.828,57.13,50.376,50.993,52.199,66.893,55.424,48.804,40.156,43.929,51.311,43.91,56.284,47.889,44.29,51.475,51.534,48.912,52.675
13120,東京都,練馬区,2024,46.483,46.68,37.199,50.233,46.933,49.82,57.531,52.69,56.653,54.476,46.124,58.293,40.311,39.905,47.356,52.178,44.444,53.983,40.192,50.726,54.874,52.066,51.526,53.034
13121,東京都,足立区,2024,45.991,47.298,38.649,50.536,45.062,55.164,56.198,47.751,55.954,52.637,46.124,50.815,40.311,40.437,46.171,47.807,44.088,53.386,48.028,25.532,47.7,51.754,44.07,51.12
13122,東京都,葛飾区,2024,46.957,48.076,40.149,50.547,46.164,53.951,58.849,54.134,48.425,52.551,35.74,52.417,48.804,42.002,47.98,47.909,45.086,55.801,46.966,32.711,48.969,47.865,47.078,49.685
13123,東京都,江戸川区,2024,44.495,46.222,38.14,50.778,44.347,55.502,52.194,56.55,50.462,52.236,66.893,54.633,48.804,42.902,49.232,47.492,45.453,61.878,46.287,40.228,49.755,47.217,49.575,49.154
13201,東京都,八王子市,2024,51.133,49.727,46.226,52.506,47.703,45.763,52.964,51.227,57.25,53.291,56.509,51.332,57.297,50.565,53.313,50.198,45.542,47.211,43.17,57.295,52.065,56.389,42.77,50.451
13202,東京都,立川市,2024,50.227,51.589,41.517,53.856,50.096,48.323,48.75,55.371,43.292,52.356,46.124,46.303,40.311,41.506,52.428,49.543,43.754,53.746,41.257,50.921,49.323,52.899,47.709,53.692
13203,東京都,武蔵野市,2024,51.698,55.107,33.598,52.9,57.573,54.967,59.65,53.817,53.151,50.704,35.74,48.445,40.311,39.632,53.091,49.992,46.325,59.073,52.093,57.497,56.84,57.179,56.103,56.591
13204,東京都,三鷹市,2024,48.413,48.093,37.363,52.385,43.672,51.815,47.555,54.738,50.316,51.764,56.509,57.074,40.311,41.073,50.621,50.046,45.276,59.154,53.255,64.01,55.731,52.693,51.102,53.996
13205,東京都,青梅市,2024,55.205,48.765,50.589,54.138,48.778,50.027,52.633,53.461,46.573,48.5,35.74,54.415,57.297,55.097,52.554,50.472,46.313,49.276,48.144,47.9,47.108,44.913,41.853,44.913
13206,東京都,府中市,2024,50.831,49.283,39.835,52.569,46.707,54.57,46.929,55.045,51.051,52.651,56.509,58.12,40.311,40.839,53.094,51.131,46.006,43.522,43.819,55.413,51.297,51.21,49.244,50.658
13207,東京都,昭島市,2024,48.331,52.549,45.665,53.782,46.109,49.44,52.288,52.095,42.816,52.275,35.74,43.362,40.311,42.7,52.106,50.567,41.922,51.404,43.257,44.027,47.575,48.25,45.721,45.475
13208,東京都,調布市,2024,50.743,50.071,37.337,51.957,47.271,47.83,51.864,64.077,56.264,54.601,66.893,55.872,40.311,42.337,54.38,51.202,44.017,54.778,43.283,58.322,54.686,51.093,51.312,54.793
13209,東京都,町田市,2024,49.818,50.489,47.634,51.087,46.702,47.326,48.442,53.455,62.003,59.704,66.893,54.754,40.311,44.497,52.802,48.243,46.097,54.281,45.611,59.934,49.806,50.368,45.661,51.642
13210,東京都,小金井市,2024,50.444,48.604,38.911,52.968,45.703,49.706,53.725,50.508,42.616,47.724,35.74,56.82,40.311,40.621,55.906,52.905,46.277,59.882,43.453,65.485,53.436,53.869,51.376,52.011
13211,東京都,小平市,2024,51.142,49.291,43.677,53.043,43.41,50.554,49.807,52.089,47.035,47.937,35.74,54.567,40.311,40.527,52.78,51.766,45.145,51.868,44.62,57.521,51.744,49.646,48.845,51.048
13212,東京都,日野市,2024,52.566,49.045,44.948,53.131,42.597,46.742,44.236,55.3,46.562,49.111,35.74,58.447,40.311,43.718,53.665,49.423,46.407,56.272,41.604,61.285,48.607,51.554,51.043,50.537
13213,東京都,東村山市,2024,49.59,50.776,46.718,51.527,45.202,45.433,55.508,51.19,46.602,50.715,35.74,54.812,40.311,42.08,51.146,49.984,44.399,49.269,53.561,53.166,49.604,48.389,44.296,49.33
13214,東京都,国分寺市,2024,49.002,50.325,41.429,53.279,47.33,40.994,46.364,43.938,43.689,52.829,35.74,57.607,40.311,40.533,55.89,50.362,44.891,56.256,54.938,63.188,52.951,51.786,52.734,52.258
13215,東京都,国立市,2024,52.12,51.94,39.971,52.435,45.072,48.519,56.884,47.173,37.847,51.148,35.74,49.201,40.311,40.39,48.652,51.289,43.536,51.576,53.924,58.52,45.26,53.685,48.325,51.615
13218,東京都,福生市,2024,54.849,51.875,44.573,54.752,48.045,53.343,53.471,61.224,45.668,54.142,35.74,49.948,40.311,42.086,51.126,53.81,41.381,52.803,46.364,45.225,45.26,46.786,42.942,43.83
13219,東京都,狛江市,2024,47.375,47.981,38.511,52.198,43.991,42.581,49.139,49.06,48.497,53.947,35.74,59.34,40.311,42.501,50.779,48.757,42.627,51.544,53.339,51.701,45.26,49.081,50.477,51.22
13220,東京都,東大和市,2024,51.387,50.658,48.498,52.397,44.064,47.474,51.051,53.478,39.29,47.94,35.74,51.918,40.311,43.942,50.926,49.199,43.526,43.778,54.291,55.967,45.26,46.804,44.622,49.281
13221,東京都,清瀬市,2024,56.53,44.086,46.001,52.136,47.511,43.891,58.389,52.793,42.168,44.798,35.74,56.43,40.311,43.896,54.115,53.003,42.983,53.588,55.084,51.95,45.26,49.346,45.181,48.371
13222,東京都,東久留米市,2024,50.683,50.497,46.244,50.808,43.425,48.159,57.439,45.785,45.197,41.553,35.74,56.366,40.311,41.961,50.068,48.984,43.304,45.501,44.696,55.033,50.741,47.823,44.735,49.806
13223,東京都,武蔵村山市,2024,52.005,51.082,51.441,53.251,46.212,44.589,48.773,45.751,41.602,54.775,35.74,46.94,40.311,44.346,52.553,50.964,41.946,43.322,42.824,49.976,45.26,44.34,40.933,46.251
13224,東京都,多摩市,2024,50.532,50.286,41.823,52.501,48.915,48.369,55.316,63.877,46.081,57.491,35.74,54.777,40.311,42.937,52.25,48.603,45.82,57.708,48.978,61.498,51.234,54.801,43.22,54.063
13225,東京都,稲城市,2024,52.7,48.922,42.711,51.026,45.276,48.174,53.419,55.826,48.329,54.075,35.74,59.487,40.311,45.779,51.55,49.453,46.208,45.025,56.822,62.527,45.26,49.78,51.65,53.108
13227,東京都,羽村市,2024,54.197,55.258,47.672,54.809,47.923,53.642,51.186,53.462,39.578,49.766,35.74,52.887,40.311,41.822,50.015,52.379,42.496,47.383,48.547,49.671,45.26,45.555,45.323,42.716
13228,東京都,あきる野市,2024,57.841,50.708,55.272,51.159,47.852,45.539,50.616,57.129,42.975,45.399,35.74,54.62,48.804,57.387,52.051,48.954,48.445,45.522,51.459,51.976,45.26,49.081,44.268,46.617
13229,東京都,西東京市,2024,50.337,45.941,41.92,51.164,45.005,48.91,54.208,56.184,45.469,49.54,35.74,60.163,40.311,41.231,52.608,54.175,43.468,49.376,40.519,55.185,51.956,53.718,46.489,51.362
14100,神奈川県,横浜市,2024,47.07,48.175,41.715,51.636,46.839,53.185,48.494,43.164,68.792,58.887,56.509,56.666,65.789,42.179,52.264,46.579,51.539,56.743,43.882,51.924,52.142,50.392,49.539,59.915
14130,神奈川県,川崎市,2024,45.954,48.003,37.372,51.952,46.854,52.586,45.426,45.364,63.773,56.181,56.509,56.758,40.311,42.117,50.442,44.65,47.83,58.488,48.674,50.824,52.124,50.362,52.172,56.118
14150,神奈川県,相模原市,2024,47.793,48.786,46.012,51.782,47.018,52.539,46.528,49.144,54.543,50.396,66.893,51.862,65.789,47.953,50.675,53.743,47.883,57.033,52.156,43.843,47.235,48.869,44.698,48.44
14201,神奈川県,横須賀市,2024,45.422,47.753,50.767,52.792,50.692,50.678,51.11,47.321,55.427,54.008,46.124,49.02,48.804,45.89,50.748,48.483,48.626,49.26,47.257,46.582,50.516,46.154,45.435,45.902
14203,神奈川県,平塚市,2024,49.01,50.618,49.476,54.276,47.677,49.992,48.912,53.181,49.657,50.86,56.509,49.582,48.804,47.668,48.838,52.088,49.842,46.784,45.44,48.354,45.777,48.195,44.833,46.873
14204,神奈川県,鎌倉市,2024,48.152,50.421,49.081,53.131,49.889,45.302,53.619,50.267,52.287,52.46,56.509,52.957,57.297,45.399,54.188,50.49,54.781,51.153,51.498,65.225,63.125,54.407,49.739,54.874
14205,神奈川県,藤沢市,2024,48.699,51.147,44.489,52.468,47.457,48.893,45.463,52.926,56.326,56.364,46.124,52.895,40.311,44.549,49.298,52.009,48.685,47.482,36.075,65.163,47.267,50.781,49.231,52.077
14206,神奈川県,小田原市,2024,47.099,49.965,52.282,53.017,49.887,49.363,49.986,53.755,47.129,48.447,46.124,48.452,57.297,55.337,53.87,51.818,55.803,47.689,47.191,49.79,49.91,46.084,47.387,47.098
14207,神奈川県,茅ヶ崎市,2024,47.357,49.193,48.958,51.607,46.3,49.708,45.277,46.291,47.46,48.405,56.509,58.365,48.804,45.842,48.38,48.886,49.998,53.621,44.474,64.481,47.793,52.32,45.41,53.828
14208,神奈川県,逗子市,2024,44.727,48.411,51.05,51.064,45.314,48.203,52.561,58.073,35.987,55.208,66.893,46.396,57.297,47.772,54.104,45.465,49.254,51.173,54.965,57.113,45.595,52.696,46.173,50.956
14210,神奈川県,三浦市,2024,44.363,48.702,52.637,52.225,73.026,39.502,54.072,44.757,38.64,53.621,46.124,40.322,40.311,48.359,52.813,40.096,52.802,52.198,52.656,43.878,45.26,45.006,41.074,44.08
14211,神奈川県,秦野市,2024,51.443,48.561,51.462,52.888,47.41,48.518,43.967,47.282,43.272,46.706,46.124,55.138,48.804,57.868,50.815,51.109,47.176,47.462,43.812,52.912,45.963,48.326,40.097,47.319
14212,神奈川県,厚木市,2024,51.445,49.705,47.768,52.611,49.205,49.566,47.079,50.998,52.262,53.592,46.124,48.106,48.804,51.363,43.988,59.004,47.255,53.395,43.018,42.916,45.251,47.48,45.217,50.081
14213,神奈川県,大和市,2024,48.939,51.688,44.091,50.513,49.16,51.483,46.484,48.963,39.655,52.416,46.124,47.746,40.311,42.634,48.336,52.014,47.152,44.873,42.544,44.847,47.318,47.044,45.525,47.276
14214,神奈川県,伊勢原市,2024,46.679,48.63,49.137,51.618,46.325,40.248,41.065,47.222,43.389,45.328,46.124,51.762,57.297,54.864,46.055,50.788,50.659,46.486,44.281,57.229,50.37,54.785,48.684,47.119
14215,神奈川県,海老名市,2024,48.236,50.428,46.377,50.592,50.045,43.231,43.567,51.496,44.815,46.8,46.124,52.496,40.311,45.455,51.058,52.097,48.553,53.591,55.424,59.826,46.45,48.76,51.85,50.908
14216,神奈川県,座間市,2024,45.364,48.713,46.624,51.903,44.616,41.507,46.611,52.39,41.775,49.589,46.124,51.264,40.311,43.275,50.666,50.541,45.073,45.295,47.448,49.871,46.831,47.653,42.009,49.635
14217,神奈川県,南足柄市,2024,51.182,45.395,57.519,54.307,43.529,47.837,48.435,53.56,38.658,51.168,46.124,56.057,48.804,59.773,51.543,50.006,53.862,54.373,64.202,53.543,45.26,54.69,39.496,46.289
14218,神奈川県,綾瀬市,2024,49.072,48.288,52.373,51.925,43.709,44.182,45.614,48.798,44.536,51.683,46.124,54.006,40.311,46.039,48.622,52.711,48.39,56.435,45.039,47.875,45.26,45.022,42.077,46.208
14321,神奈川県,寒川町,2024,49.852,46.08,52.344,52.816,47.432,41.458,47.288,52.906,45.364,49.709,35.74,51.841,40.311,47.226,47.093,53.247,48.762,43.067,38.894,49.367,45.26,45.586,43.827,47.196
14401,神奈川県,愛川町,2024,48.604,47.73,54.562,52.14,48.91,47.504,51.365,53.404,37.799,53.084,35.74,55.336,40.311,53.786,46.903,51.584,48.88,45.903,46.61,40.673,45.26,49.157,40.943,48.582
15100,新潟県,新潟市,2024,50.261,48.32,56.197,48.141,47.525,53.067,48.688,45.949,61.557,54.55,56.509,53.761,57.297,47.535,54.841,53.033,53.851,52.028,45.153,49.007,55.848,46.726,49.33,47.286
15202,新潟県,長岡市,2024,56.049,46.85,59.5,47.597,49.007,47.64,52.04,48.879,52.762,53.519,56.509,57.72,57.297,57.858,51.584,49.386,53.133,44.943,56.34,46.765,53.579,46.827,52.516,46.212
15204,新潟県,三条市,2024,54.347,48.137,62.744,46.898,49.858,49.517,52.645,45.454,43.996,41.303,46.124,56.483,57.297,59.476,42.128,54.466,57.551,47.795,65.551,51.997,51.81,45.92,53.897,44.025
15205,新潟県,柏崎市,2024,53.109,46.709,61.553,42.89,45.0,51.613,56.143,48.242,46.969,41.048,46.124,54.352,57.297,57.628,50.473,52.035,55.995,40.104,71.633,47.994,45.929,48.452,51.665,41.226
15206,新潟県,新発田市,2024,55.681,47.186,61.904,45.908,55.145,47.11,50.631,47.453,41.854,47.041,46.124,56.929,48.804,57.703,49.351,50.652,52.887,46.993,57.506,52.728,45.929,46.351,52.739,42.031
15208,新潟県,小千谷市,2024,52.459,46.09,63.594,44.309,49.186,47.607,54.128,49.131,45.081,39.043,35.74,60.2,40.311,57.228,44.911,52.289,58.031,38.024,77.415,49.507,45.595,47.513,53.704,41.103
15209,新潟県,加茂市,2024,53.045,48.069,66.535,49.994,58.015,53.415,57.169,44.389,44.605,49.401,35.74,55.366,40.311,60.927,44.53,45.568,55.376,39.457,79.771,42.862,45.26,47.3,46.36,42.544
15210,新潟県,十日町市,2024,54.594,46.545,66.107,46.6,50.704,48.764,57.72,45.943,40.799,44.411,35.74,61.621,57.297,61.323,46.846,51.27,57.133,41.113,80.0,52.286,59.029,44.075,54.347,42.078
15211,新潟県,見附市,2024,57.075,47.345,64.74,49.184,49.86,46.791,54.762,45.586,42.616,51.687,35.74,63.744,40.311,53.944,45.222,48.854,57.521,46.749,65.384,55.2,45.26,46.419,46.926,40.793
15212,新潟県,村上市,2024,53.138,45.626,66.221,42.323,50.441,46.204,56.376,46.028,44.833,45.11,46.124,52.811,48.804,61.708,46.154,50.46,57.33,45.469,75.657,42.624,52.479,47.205,52.577,39.385
15213,新潟県,燕市,2024,54.037,47.904,63.443,47.54,48.531,48.992,53.626,45.835,43.599,42.756,35.74,58.056,48.804,50.323,49.57,49.527,54.761,47.272,62.043,47.16,45.26,51.353,55.799,40.715
15216,新潟県,糸魚川市,2024,52.835,46.491,64.756,45.078,47.188,48.641,56.163,47.348,44.218,45.481,46.124,52.266,57.297,62.777,51.881,50.416,55.428,43.802,80.0,53.393,46.264,47.198,56.88,41.784
15217,新潟県,妙高市,2024,58.613,45.907,66.479,44.001,54.593,45.091,53.999,51.304,37.101,40.36,35.74,52.622,48.804,60.476,56.985,52.591,59.573,46.222,73.984,50.126,45.26,51.467,47.781,42.57
15218,新潟県,五泉市,2024,53.938,44.217,66.802,48.891,43.22,44.392,53.396,47.185,40.975,38.013,35.74,60.016,40.311,61.097,43.359,54.885,57.557,47.895,68.051,49.951,45.26,44.182,51.472,38.74
15222,新潟県,上越市,2024,51.857,46.134,60.989,44.699,47.413,46.957,54.864,46.613,46.323,42.257,46.124,56.173,57.297,57.521,49.707,49.417,57.835,49.686,65.528,50.69,49.407,46.339,57.153,43.437
15223,新潟県,阿賀野市,2024,50.338,43.528,66.404,42.38,44.283,45.672,54.956,43.667,41.628,44.05,35.74,60.147,40.311,54.68,51.044,51.029,55.317,41.178,68.163,49.478,45.26,44.251,48.376,40.683
15224,新潟県,佐渡市,2024,59.01,46.751,67.159,42.101,50.836,47.158,59.217,43.629,42.327,38.196,46.124,47.612,74.282,59.324,55.925,46.24,53.646,42.253,80.0,41.379,54.487,44.098,54.922,40.463
15225,新潟県,魚沼市,2024,55.868,47.652,66.163,42.288,46.462,48.059,56.332,46.065,37.666,42.926,46.124,61.325,65.789,63.802,43.606,48.713,59.04,41.887,78.974,50.069,52.479,45.894,54.929,39.442
15226,新潟県,南魚沼市,2024,57.019,45.794,64.181,43.375,46.734,46.618,53.279,44.282,42.244,44.689,46.124,60.004,65.789,62.983,49.065,49.386,57.781,40.397,76.979,49.143,45.26,50.871,55.098,45.505
15342,新潟県,弥彦村,2024,59.476,46.202,54.602,41.782,63.992,43.282,49.085,45.618,36.367,45.897,35.74,61.718,48.804,54.54,42.033,45.356,53.903,35.446,80.0,50.541,45.595,43.747,52.583,38.961
15385,新潟県,阿賀町,2024,46.011,43.499,55.141,34.679,60.849,44.409,59.454,35.007,36.5,35.642,35.74,64.602,48.804,62.719,51.678,47.948,56.853,44.314,80.0,51.579,46.264,45.485,47.297,37.335
16201,富山県,富山市,2024,50.343,48.417,57.636,46.955,50.194,48.726,49.187,44.671,59.606,56.31,56.509,51.777,48.804,60.615,55.538,52.867,54.996,45.095,55.464,47.908,51.067,49.197,56.413,47.068
16202,富山県,高岡市,2024,54.818,50.98,62.417,47.279,51.452,48.285,50.988,44.427,52.606,50.206,46.124,50.106,57.297,54.066,48.774,49.709,56.234,56.249,67.366,50.693,55.297,55.482,55.885,45.326
16205,富山県,氷見市,2024,54.063,44.612,67.406,42.927,45.095,48.326,52.124,46.269,44.962,42.935,46.124,57.055,57.297,57.878,54.759,43.102,58.788,40.956,76.364,52.454,45.26,48.165,50.49,40.898
16207,富山県,黒部市,2024,50.859,45.488,64.85,47.28,47.479,52.175,47.473,51.187,42.779,44.538,35.74,56.873,48.804,62.69,49.179,48.094,55.025,49.156,72.878,31.108,45.26,57.41,55.63,43.761
16208,富山県,砺波市,2024,54.679,45.101,63.161,42.5,55.502,45.619,51.066,49.265,42.157,46.702,56.509,55.537,40.311,55.875,47.569,50.854,58.754,54.148,76.951,58.731,45.26,53.169,59.156,44.828
16210,富山県,南砺市,2024,57.473,44.737,67.326,45.026,51.864,47.028,54.394,59.081,49.323,38.665,35.74,59.713,74.282,63.851,57.778,47.437,64.725,46.073,80.0,60.569,53.483,51.412,57.765,45.286
16211,富山県,射水市,2024,52.985,44.901,63.933,44.988,48.118,49.185,50.464,50.088,53.364,53.079,35.74,55.368,40.311,49.869,51.419,50.564,58.907,51.171,80.0,46.496,45.26,49.247,53.469,45.374
16323,富山県,立山町,2024,47.732,42.638,67.943,44.603,46.571,41.97,47.923,54.265,40.622,34.915,35.74,59.174,48.804,60.741,52.303,52.098,56.562,39.494,73.568,55.463,46.264,53.975,51.127,46.019
16343,富山県,朝日町,2024,47.791,45.828,54.754,38.43,53.077,47.478,51.575,55.705,44.732,38.161,35.74,66.171,48.804,63.053,46.993,50.674,53.845,45.521,80.0,30.008,45.26,48.392,49.04,40.219
17201,石川県,金沢市,2024,50.522,52.422,52.884,51.565,51.868,54.616,46.978,55.305,49.576,53.188,66.893,50.152,74.282,59.674,52.296,50.231,51.496,49.889,42.507,56.609,53.699,52.74,55.035,48.91
17202,石川県,七尾市,2024,48.25,48.807,63.529,45.453,57.077,47.839,54.207,47.723,34.881,41.7,56.509,52.794,48.804,57.454,62.791,47.876,58.838,48.383,76.67,48.248,52.479,47.265,54.452,41.624
17203,石川県,小松市,2024,54.858,47.715,62.364,45.408,52.654,54.617,51.37,48.037,37.536,47.707,46.124,55.851,48.804,60.646,53.53,54.936,54.513,48.515,67.418,59.807,55.36,46.68,56.089,46.83
17205,石川県,珠洲市,2024,53.059,45.118,68.083,44.046,46.176,49.536,59.21,43.269,37.084,37.351,35.74,52.508,48.804,60.092,61.616,41.689,58.02,43.863,80.0,55.501,52.479,47.383,54.576,44.413
17206,石川県,加賀市,2024,54.524,47.628,63.938,44.635,54.85,48.231,56.576,45.793,55.252,48.936,56.509,46.776,65.789,62.683,57.447,52.039,54.317,48.884,80.0,50.178,52.814,55.033,50.477,43.501
17210,石川県,白山市,2024,50.922,47.413,62.861,44.373,51.789,51.178,52.835,49.07,42.378,38.792,46.124,55.774,57.297,62.985,53.095,50.106,55.603,55.059,64.761,65.074,50.683,47.162,52.024,47.616
17211,石川県,能美市,2024,54.687,44.111,62.651,45.65,46.781,51.512,49.702,62.195,45.057,52.229,35.74,63.568,40.311,55.751,48.922,50.241,52.87,49.523,78.128,62.508,45.26,45.878,52.933,48.555
17212,石川県,野々市市,2024,51.142,54.456,48.431,51.9,57.757,58.08,38.732,51.142,40.231,46.717,35.74,47.65,40.311,46.433,48.517,51.755,44.707,53.576,56.933,66.249,45.595,49.55,54.707,50.277
17361,石川県,津幡町,2024,52.393,45.592,63.438,45.254,46.631,45.702,50.33,45.77,39.807,40.998,35.74,59.669,48.804,58.493,53.454,49.324,56.03,46.462,65.291,61.384,45.26,51.34,52.777,45.982
18201,福井県,福井市,2024,53.37,50.946,58.546,48.432,53.866,52.886,51.022,48.343,52.917,47.463,56.509,51.802,65.789,61.794,48.292,52.863,58.384,49.049,47.372,55.862,51.002,59.947,58.259,48.412
18202,福井県,敦賀市,2024,55.382,50.615,57.269,46.869,50.395,51.266,52.903,50.246,41.907,46.168,46.124,51.522,57.297,61.699,52.528,44.526,54.236,50.393,75.039,55.146,59.364,52.14,56.893,41.792
18207,福井県,鯖江市,2024,52.377,47.143,63.284,47.592,51.779,51.31,42.406,48.726,58.261,49.52,46.124,60.883,40.311,58.802,52.827,52.143,57.831,51.998,58.818,52.761,45.929,49.407,55.888,45.279
18209,福井県,越前市,2024,53.233,48.135,63.352,45.914,47.305,51.433,50.656,43.309,48.29,49.105,56.509,56.817,48.804,62.451,48.821,52.538,60.561,59.007,67.562,54.452,46.264,54.384,55.817,43.896
18210,福井県,坂井市,2024,47.599,45.402,64.657,46.477,47.394,52.226,48.69,53.248,45.273,41.858,46.124,58.149,48.804,59.283,51.661,53.245,62.124,50.265,68.201,62.324,53.149,48.197,53.955,47.523
19201,山梨県,甲府市,2024,53.156,52.44,53.112,49.44,50.308,51.845,52.758,48.167,56.396,47.336,46.124,39.855,48.804,56.923,51.467,53.021,50.81,45.542,49.77,45.209,57.364,56.132,51.061,48.733
19202,山梨県,富士吉田市,2024,50.109,54.416,59.021,50.314,53.592,48.453,57.108,61.168,38.103,45.87,46.124,50.306,57.297,58.985,52.945,48.275,54.57,43.054,80.0,51.961,47.268,49.649,53.376,47.382
19208,山梨県,南アルプス市,2024,57.098,46.091,60.311,45.249,48.963,47.924,53.647,50.271,40.52,42.435,46.124,49.761,57.297,58.896,51.986,53.947,53.134,48.092,65.091,52.222,52.479,45.17,52.461,46.42
19209,山梨県,北杜市,2024,57.62,46.248,62.7,40.557,61.952,42.915,56.248,58.096,45.565,37.559,46.124,45.757,65.789,60.786,57.225,52.639,53.172,42.397,80.0,57.822,52.479,52.639,49.832,50.611
19210,山梨県,甲斐市,2024,57.975,50.198,55.801,46.464,50.795,53.681,50.446,50.896,43.09,39.352,46.124,48.905,57.297,55.592,55.669,53.21,49.793,46.984,50.617,54.006,52.145,46.103,47.292,47.245
19211,山梨県,笛吹市,2024,51.405,47.07,57.825,42.636,55.188,48.606,50.415,45.657,37.487,37.65,46.124,40.253,48.804,58.717,51.617,49.566,56.528,52.527,71.416,48.913,59.364,46.661,51.981,45.624
20201,長野県,長野市,2024,54.166,50.106,55.41,50.23,49.022,47.243,51.159,48.894,63.659,46.428,66.893,48.418,65.789,56.449,55.284,49.987,56.644,40.628,46.816,70.12,48.198,47.811,54.641,48.216
20202,長野県,松本市,2024,56.22,49.624,53.845,49.117,49.677,48.727,49.363,60.361,55.193,46.426,46.124,45.224,74.282,62.398,55.397,49.965,53.47,56.742,50.165,67.37,48.412,56.858,53.784,47.047
20203,長野県,上田市,2024,53.48,48.133,57.757,48.387,51.839,47.337,47.962,48.531,50.571,43.768,46.124,47.557,57.297,57.113,54.05,54.448,52.103,47.729,63.679,54.595,50.719,48.287,51.986,46.653
20204,長野県,岡谷市,2024,52.992,48.741,58.813,48.52,55.021,53.527,53.908,47.29,43.696,55.401,35.74,46.081,48.804,57.942,53.443,49.259,50.244,51.573,63.535,68.765,52.145,55.027,49.917,43.824
20205,長野県,飯田市,2024,56.519,51.374,60.676,49.453,55.152,49.932,50.741,49.84,49.047,36.102,56.509,51.845,57.297,66.89,54.766,50.206,60.042,39.833,69.35,63.286,46.599,47.072,58.72,44.022
20206,長野県,諏訪市,2024,53.666,51.767,53.958,48.234,55.283,50.502,50.675,48.998,44.798,42.489,46.124,37.88,48.804,56.933,58.621,49.775,52.508,51.072,66.481,65.215,52.479,48.499,52.303,45.463
20207,長野県,須坂市,2024,58.113,47.505,60.49,48.457,44.176,49.198,51.462,46.534,40.8,38.609,46.124,53.527,48.804,55.847,51.217,51.284,53.369,46.386,50.647,70.011,45.26,50.713,51.269,44.496
20208,長野県,小諸市,2024,54.081,47.717,60.287,43.898,47.857,46.78,47.882,51.276,39.906,41.142,46.124,45.809,48.804,53.189,58.124,45.265,55.142,40.713,67.938,66.142,46.264,45.449,45.636,45.708
20209,長野県,伊那市,2024,52.802,47.217,61.569,46.003,59.012,45.243,51.909,51.337,50.405,35.343,46.124,50.914,57.297,63.373,57.419,49.958,59.567,44.443,73.847,71.951,45.929,50.713,56.303,45.957
20211,長野県,中野市,2024,53.602,48.47,62.56,46.782,45.404,43.724,50.865,47.579,42.302,38.822,35.74,54.227,40.311,53.274,43.663,49.869,58.569,40.318,64.051,61.33,45.26,46.74,52.243,43.639
20214,長野県,茅野市,2024,50.275,43.998,58.34,44.736,51.739,48.26,49.652,46.836,51.45,39.884,46.124,42.74,57.297,55.558,48.901,47.615,54.321,49.029,64.964,64.625,51.81,48.977,55.673,45.764
20215,長野県,塩尻市,2024,51.786,46.58,56.382,45.311,46.705,49.311,48.53,47.65,53.27,41.688,35.74,53.111,65.789,62.765,51.629,50.232,54.898,47.681,52.155,66.668,54.153,49.216,51.246,46.256
20217,長野県,佐久市,2024,54.643,46.968,59.429,45.315,49.694,49.927,47.432,52.239,47.683,42.189,56.509,46.834,57.297,55.575,58.065,54.258,55.86,44.002,79.932,67.301,47.603,52.964,53.497,44.201
20218,長野県,千曲市,2024,55.805,48.168,62.736,44.57,50.618,46.736,50.308,45.499,35.779,41.428,46.124,47.23,57.297,55.274,48.89,45.624,51.058,47.978,61.27,66.889,52.479,50.335,49.762,45.546
20220,長野県,安曇野市,2024,53.305,45.422,61.546,44.074,49.284,46.15,49.084,50.155,42.235,43.29,46.124,49.626,48.804,59.494,48.386,48.69,54.055,46.573,70.259,64.026,45.929,47.313,52.575,47.493
21201,岐阜県,岐阜市,2024,48.222,51.95,55.367,50.686,49.681,47.605,47.692,48.642,56.354,49.221,56.509,42.591,57.297,52.168,51.631,49.236,50.765,49.853,38.148,44.793,50.699,56.832,53.579,50.667
21202,岐阜県,大垣市,2024,47.818,50.517,57.321,47.898,49.751,51.567,46.941,49.624,47.883,46.587,56.509,47.373,48.804,56.632,51.307,51.188,54.55,53.248,45.785,51.698,46.381,51.622,47.883,45.954
21203,岐阜県,高山市,2024,56.822,49.101,62.827,44.29,57.054,48.38,52.329,58.15,46.565,39.175,56.509,51.075,57.297,64.031,60.886,51.814,54.031,49.879,74.333,58.477,56.83,52.323,60.305,45.763
21204,岐阜県,多治見市,2024,51.443,46.508,58.904,48.074,48.677,46.286,50.472,51.876,39.594,46.904,46.124,52.767,40.311,53.302,54.763,48.712,53.349,44.547,64.528,56.774,45.967,53.777,51.958,46.281
21205,岐阜県,関市,2024,54.277,48.186,61.093,46.413,51.272,51.87,51.115,53.389,43.83,46.875,46.124,49.314,48.804,67.072,48.853,48.798,54.451,52.842,59.505,58.412,48.272,48.592,53.843,45.716
21206,岐阜県,中津川市,2024,53.062,48.039,62.653,43.565,47.461,48.897,55.803,47.914,43.284,36.297,66.893,53.279,65.789,66.125,53.374,52.034,52.635,52.143,70.23,59.624,51.81,45.123,55.207,44.389
21207,岐阜県,美濃市,2024,49.205,45.355,64.23,44.697,53.971,50.218,53.993,45.869,42.06,34.159,46.124,53.019,48.804,66.119,44.609,50.77,61.209,39.684,71.994,58.512,46.933,47.887,53.976,45.259
21208,岐阜県,瑞浪市,2024,54.651,48.494,60.924,42.571,55.386,51.644,52.072,50.185,40.896,36.466,46.124,51.307,57.297,58.757,54.266,49.486,51.71,47.556,71.531,58.701,45.26,54.006,50.008,43.095
21209,岐阜県,羽島市,2024,48.66,46.647,59.655,46.305,48.3,44.879,48.145,45.044,46.899,39.745,46.124,52.559,40.311,48.473,54.121,51.733,54.111,45.183,52.829,37.267,45.26,45.191,51.149,46.646
21210,岐阜県,恵那市,2024,54.185,46.0,64.442,42.165,54.405,47.802,56.361,49.786,47.185,37.122,56.509,54.464,74.282,63.95,63.249,51.503,54.441,43.296,80.0,49.457,45.595,45.634,53.254,43.621
21211,岐阜県,美濃加茂市,2024,52.085,47.476,57.905,47.626,52.188,46.452,43.719,48.916,38.968,48.923,46.124,50.205,48.804,56.531,58.722,53.966,52.928,50.951,62.186,57.342,45.595,50.923,48.768,49.964
21212,岐阜県,土岐市,2024,49.675,46.283,61.139,42.828,48.258,47.871,54.657,44.401,39.579,44.717,46.124,51.096,40.311,54.744,51.48,45.093,50.4,40.288,71.204,45.043,45.26,46.303,50.864,43.075
21213,岐阜県,各務原市,2024,49.404,49.837,57.471,49.94,50.35,49.818,45.168,52.211,47.485,51.429,66.893,50.718,57.297,48.93,54.748,53.928,52.874,47.604,48.85,55.306,45.877,47.776,54.681,47.002
21214,岐阜県,可児市,2024,49.245,47.022,57.462,48.148,51.552,45.238,46.664,47.956,39.706,46.111,46.124,58.858,57.297,52.01,52.586,51.374,51.045,50.755,47.791,61.668,45.26,46.806,48.027,47.542
21216,岐阜県,瑞穂市,2024,49.917,45.887,55.527,47.609,44.359,48.324,41.582,52.055,34.852,35.139,35.74,49.022,40.311,50.552,47.027,49.363,49.752,44.779,48.001,54.262,45.26,46.64,52.715,49.127
21218,岐阜県,本巣市,2024,47.57,47.127,64.536,46.073,52.328,47.339,50.839,49.342,42.522,31.741,46.124,45.552,48.804,64.928,50.94,50.473,53.358,44.813,65.261,54.167,45.26,45.265,54.651,45.879
21219,岐阜県,郡上市,2024,52.146,48.665,67.466,43.515,62.14,49.338,57.613,51.023,43.687,36.771,46.124,49.133,65.789,67.334,58.234,47.595,56.564,50.477,80.0,60.107,45.26,50.734,59.543,46.217
21220,岐阜県,下呂市,2024,51.493,48.167,65.656,44.666,58.476,42.622,56.079,49.401,41.3,33.537,46.124,51.636,57.297,67.409,53.13,46.652,54.419,41.872,80.0,61.227,46.264,44.129,59.808,41.407
21341,岐阜県,養老町,2024,47.216,43.125,67.661,41.461,46.931,44.295,50.335,45.569,38.564,44.299,35.74,53.887,48.804,54.834,47.75,48.524,56.769,54.407,58.257,46.388,45.26,46.341,43.2,43.53
22100,静岡県,静岡市,2024,51.525,50.51,51.503,51.362,48.555,53.979,49.994,52.54,55.874,54.594,56.509,42.484,65.789,63.439,52.786,49.436,53.212,42.342,48.868,48.897,51.887,51.041,52.412,50.1
22130,静岡県,浜松市,2024,50.746,49.079,53.911,50.136,48.709,55.605,46.713,50.024,59.948,45.258,46.124,41.425,65.789,51.279,58.266,49.696,51.886,50.911,59.864,61.205,46.405,48.402,51.578,56.459
22203,静岡県,沼津市,2024,54.571,49.669,52.284,51.147,50.636,50.316,51.439,50.227,56.891,50.533,46.124,39.223,48.804,60.362,53.035,48.022,50.343,42.759,44.778,46.818,45.405,45.792,47.406,47.488
22205,静岡県,熱海市,2024,46.486,51.787,48.839,52.915,73.487,45.461,60.814,59.067,44.887,46.304,46.124,36.845,48.804,60.319,54.158,45.853,51.24,46.008,61.804,34.007,45.595,46.49,42.275,44.578
22206,静岡県,三島市,2024,53.206,50.932,52.202,51.137,50.771,50.803,48.617,54.915,50.669,50.876,56.509,45.538,65.789,55.141,48.362,50.311,51.693,47.508,54.058,51.492,49.909,48.866,44.614,46.056
22207,静岡県,富士宮市,2024,54.498,48.068,58.117,48.26,46.493,46.331,50.345,53.547,41.991,40.084,66.893,46.663,65.789,62.792,55.171,50.95,53.263,45.807,57.724,49.328,45.132,50.029,51.914,44.496
22208,静岡県,伊東市,2024,56.217,52.256,56.949,50.31,72.393,48.327,50.255,52.603,43.063,36.561,46.124,38.751,48.804,59.054,53.341,46.098,48.012,41.812,53.085,43.785,45.26,44.846,44.411,42.978
22209,静岡県,島田市,2024,54.73,48.099,58.678,44.416,47.849,44.913,50.195,50.841,49.309,43.732,56.509,48.456,48.804,67.249,51.972,51.611,55.068,44.3,76.464,60.05,45.595,46.779,53.559,46.514
22210,静岡県,富士市,2024,52.983,49.237,56.257,49.096,49.7,48.969,46.909,49.731,50.416,50.43,46.124,44.13,65.789,58.504,52.281,53.958,51.568,55.469,42.966,49.215,45.145,47.316,50.085,45.883
22211,静岡県,磐田市,2024,52.396,45.542,57.533,46.782,45.54,50.082,45.84,51.776,51.189,41.445,46.124,42.868,40.311,54.05,51.844,48.613,53.705,51.108,67.813,60.493,44.735,45.702,53.807,44.722
22212,静岡県,焼津市,2024,50.391,47.996,57.612,48.26,48.71,48.433,47.119,48.779,53.881,46.921,46.124,42.621,40.311,51.2,51.012,46.436,53.284,54.077,52.396,51.342,44.617,46.104,51.779,44.562
22213,静岡県,掛川市,2024,51.054,47.256,57.629,44.763,47.064,46.348,49.354,52.902,48.256,45.094,56.509,44.099,48.804,59.985,54.37,48.433,54.124,53.478,75.879,57.717,44.925,47.649,52.45,43.784
22214,静岡県,藤枝市,2024,55.131,49.613,57.696,45.84,46.233,48.485,48.09,51.526,53.397,48.95,46.124,49.18,48.804,63.5,52.554,48.974,55.201,47.939,57.203,53.072,49.139,47.892,53.394,47.365
22215,静岡県,御殿場市,2024,58.899,47.889,54.556,46.644,61.009,50.414,48.217,51.197,44.809,42.966,56.509,40.622,57.297,56.657,51.342,49.67,51.479,47.944,58.244,57.468,45.26,48.652,55.898,46.081
22216,静岡県,袋井市,2024,55.058,46.207,55.76,46.929,50.175,52.408,43.572,56.29,47.263,50.679,56.509,38.137,48.804,53.759,51.664,50.465,53.342,50.145,70.955,61.276,46.933,47.385,53.755,44.035
22220,静岡県,裾野市,2024,52.56,45.337,57.922,45.853,48.074,50.814,54.215,55.659,53.276,33.443,46.124,43.893,48.804,61.533,50.479,48.535,53.854,45.524,60.012,53.936,45.595,46.356,51.984,46.95
22221,静岡県,湖西市,2024,51.868,47.341,57.887,47.084,48.791,43.467,49.478,50.143,50.069,44.975,46.124,46.667,48.804,53.617,56.678,48.485,53.534,54.857,68.547,65.992,45.595,49.382,49.281,45.441
22223,静岡県,御前崎市,2024,49.474,45.923,60.417,47.766,57.054,49.514,50.403,65.502,51.209,39.066,35.74,46.566,40.311,56.107,59.152,49.593,56.427,48.696,78.677,56.065,45.595,50.583,55.682,43.052
22224,静岡県,菊川市,2024,56.65,46.45,57.205,45.623,48.176,46.826,50.051,50.636,43.779,38.399,35.74,46.768,48.804,56.168,54.035,46.845,55.131,56.855,79.569,54.278,45.929,46.144,56.335,43.255
22225,静岡県,伊豆の国市,2024,53.798,48.779,55.407,48.523,52.86,45.957,47.372,47.454,38.895,44.205,46.124,38.845,48.804,58.001,55.979,51.441,55.167,46.549,71.431,49.726,45.595,45.788,48.379,45.367
22226,静岡県,牧之原市,2024,52.342,45.474,60.693,42.572,49.28,47.291,51.752,49.216,47.646,38.028,35.74,45.326,40.311,56.543,55.73,43.994,53.495,55.197,77.154,57.712,45.595,46.801,52.314,42.277
22325,静岡県,函南町,2024,53.09,48.755,56.299,48.652,47.482,49.959,47.519,54.384,36.817,38.014,46.124,35.526,57.297,58.59,48.563,48.809,51.05,41.221,49.859,49.747,51.81,51.082,45.964,43.061
22342,静岡県,長泉町,2024,57.0,49.494,49.35,51.326,48.641,54.631,36.752,63.562,42.701,42.406,46.124,42.704,40.311,56.657,47.877,48.666,50.751,41.124,73.86,54.777,45.26,50.295,53.716,48.245
23100,愛知県,名古屋市,2024,48.753,53.335,44.12,52.592,51.639,55.21,48.504,47.003,68.124,58.072,77.277,45.222,48.804,42.594,50.408,52.581,49.919,54.952,38.346,43.309,54.202,51.685,51.516,62.077
23201,愛知県,豊橋市,2024,51.142,49.919,54.376,49.026,48.569,51.391,45.061,48.55,59.139,51.315,66.893,50.2,65.789,50.035,54.634,51.445,51.509,53.505,45.825,57.151,45.204,48.693,53.768,47.133
23202,愛知県,岡崎市,2024,52.135,49.275,53.223,48.455,48.031,45.632,42.572,51.23,55.538,50.996,56.509,56.925,48.804,56.02,49.471,52.073,53.223,50.861,64.551,62.02,47.588,47.148,55.633,48.005
23203,愛知県,一宮市,2024,53.2,48.738,55.253,47.674,47.616,48.411,45.214,50.702,51.072,49.776,46.124,50.311,40.311,46.302,48.529,54.927,52.458,53.516,40.552,51.241,45.861,46.645,51.936,47.913
23204,愛知県,瀬戸市,2024,51.086,47.729,55.974,50.091,46.051,41.154,48.589,50.52,46.834,45.792,56.509,51.466,57.297,52.177,51.742,48.236,50.727,49.475,56.476,56.975,50.247,46.813,48.609,44.669
23205,愛知県,半田市,2024,55.652,51.667,54.216,49.132,49.841,53.601,45.798,53.691,41.321,49.298,66.893,47.925,48.804,45.451,49.983,50.361,49.809,56.897,46.324,50.988,45.452,48.489,50.903,45.371
23206,愛知県,春日井市,2024,51.508,49.117,52.048,48.488,46.031,51.237,45.982,46.681,48.972,54.807,46.124,48.82,48.804,47.851,46.015,52.675,47.518,48.851,36.226,53.401,46.024,48.968,51.633,47.12
23207,愛知県,豊川市,2024,53.917,49.009,56.365,47.082,46.316,48.516,45.71,53.596,51.525,44.908,35.74,49.472,57.297,52.159,51.454,51.469,52.367,48.755,45.613,59.696,45.651,46.214,56.23,46.73
23208,愛知県,津島市,2024,56.055,46.787,57.758,49.296,49.175,47.807,49.863,48.532,45.287,39.402,35.74,48.35,40.311,47.236,51.024,50.696,51.406,53.072,45.394,48.137,46.264,47.36,46.62,47.859
23209,愛知県,碧南市,2024,53.281,47.971,57.405,49.738,43.952,52.754,43.883,54.131,37.077,49.51,46.124,53.534,40.311,46.469,46.313,44.466,51.219,48.17,66.575,52.968,45.26,49.025,52.378,46.522
23210,愛知県,刈谷市,2024,53.397,48.103,49.562,49.551,51.667,52.129,40.506,54.767,46.297,55.341,35.74,56.214,40.311,47.634,48.969,49.757,49.808,45.033,64.961,57.609,45.017,47.212,58.058,47.41
23211,愛知県,豊田市,2024,50.033,46.255,52.971,47.472,48.875,51.499,48.348,53.652,62.358,49.369,56.509,56.593,57.297,58.868,48.445,52.503,52.551,46.982,60.229,61.398,45.23,49.485,56.512,47.781
23212,愛知県,安城市,2024,53.184,49.282,51.198,49.44,46.941,53.102,37.981,55.958,52.055,52.605,35.74,54.448,48.804,47.488,50.091,55.66,50.66,50.767,59.113,62.237,44.59,48.889,56.076,47.594
23213,愛知県,西尾市,2024,51.99,46.6,60.081,48.52,47.003,49.055,43.93,55.079,48.463,40.696,35.74,55.574,48.804,50.497,50.426,51.989,57.273,53.44,76.382,56.235,44.972,45.221,54.832,46.494
23214,愛知県,蒲郡市,2024,55.436,49.914,57.982,50.968,51.183,46.121,52.422,52.872,50.457,39.545,56.509,49.504,48.804,52.546,53.286,45.897,51.378,50.658,53.742,59.889,45.26,52.973,51.724,43.88
23215,愛知県,犬山市,2024,53.027,44.758,57.477,50.422,51.216,46.113,47.961,50.62,45.358,47.556,56.509,53.043,65.789,53.431,51.021,50.334,51.858,48.528,56.852,63.492,50.28,49.337,50.329,45.821
23216,愛知県,常滑市,2024,54.438,47.764,56.1,48.385,48.119,48.524,46.078,46.645,39.899,46.815,46.124,48.252,40.311,48.556,53.926,43.062,49.57,49.994,52.349,53.382,51.81,45.928,58.43,50.258
23217,愛知県,江南市,2024,53.686,49.39,56.433,49.178,46.66,47.967,43.395,46.734,39.655,41.446,35.74,50.474,40.311,44.273,53.501,50.414,49.343,43.349,55.532,56.322,45.929,46.843,48.553,48.899
23219,愛知県,小牧市,2024,56.396,49.602,51.399,48.697,50.562,52.0,46.255,51.799,46.284,49.526,35.74,49.009,48.804,47.588,47.29,50.529,51.879,59.171,46.346,57.896,45.005,46.803,50.365,46.238
23220,愛知県,稲沢市,2024,55.155,48.115,56.524,49.551,45.803,44.893,51.958,53.945,47.813,41.415,35.74,51.159,40.311,48.119,45.573,50.154,52.845,44.431,49.933,54.373,46.925,46.58,52.035,49.41
23221,愛知県,新城市,2024,50.146,44.496,65.808,43.699,51.725,40.688,56.949,47.602,46.94,39.06,35.74,52.869,48.804,63.308,56.561,46.71,57.433,56.187,79.749,61.16,46.264,51.328,55.325,41.44
23222,愛知県,東海市,2024,54.413,49.37,50.737,49.763,51.611,48.225,41.095,55.122,44.296,47.913,35.74,55.624,40.311,45.471,43.894,48.083,48.957,55.269,44.743,49.524,44.749,49.104,56.536,47.406
23223,愛知県,大府市,2024,58.519,48.602,52.293,45.806,47.514,49.951,40.64,59.405,49.545,46.933,35.74,56.323,40.311,47.678,49.923,52.741,49.463,57.061,48.972,54.709,45.26,53.479,56.941,47.089
23224,愛知県,知多市,2024,52.882,44.162,55.976,50.029,46.493,48.904,44.505,50.413,41.852,47.73,35.74,56.555,40.311,46.824,46.122,48.847,49.24,53.615,48.752,51.003,45.26,51.897,51.372,47.637
23225,愛知県,知立市,2024,53.931,47.981,48.946,49.465,46.45,49.465,41.82,48.438,44.014,49.764,35.74,50.803,40.311,46.927,49.502,49.368,48.241,51.121,56.6,58.076,45.595,46.705,49.357,47.118
23226,愛知県,尾張旭市,2024,53.013,49.54,53.595,52.0,46.275,45.315,38.931,51.185,42.28,61.458,35.74,54.372,40.311,44.44,47.5,54.815,48.6,50.383,47.852,62.611,45.26,48.308,51.866,51.493
23227,愛知県,高浜市,2024,58.144,49.993,54.623,50.254,42.78,52.319,42.085,52.074,39.876,45.46,35.74,55.588,40.311,45.13,47.99,43.773,49.641,54.255,64.469,48.309,45.26,48.563,52.82,45.185
23228,愛知県,岩倉市,2024,55.797,50.679,49.966,51.174,42.553,49.187,46.028,50.376,45.537,46.045,35.74,50.719,40.311,46.738,51.146,52.54,51.105,57.785,48.25,55.991,45.26,47.923,49.68,44.971
23229,愛知県,豊明市,2024,53.001,50.841,51.961,48.434,43.842,46.541,43.574,51.926,40.007,47.938,35.74,56.048,40.311,47.995,48.436,50.041,47.711,51.284,59.253,58.598,45.26,47.508,51.207,46.97
23230,愛知県,日進市,2024,55.247,49.644,52.046,47.859,44.774,51.18,44.356,55.409,53.212,47.83,35.74,53.748,40.311,48.376,51.093,51.306,50.256,63.083,50.525,66.049,45.26,51.709,57.495,49.001
23231,愛知県,田原市,2024,53.042,44.099,62.101,44.027,48.999,45.404,52.105,45.666,47.964,48.292,35.74,57.8,48.804,52.207,53.134,46.342,57.423,52.375,72.561,60.507,45.26,47.515,58.05,41.264
23232,愛知県,愛西市,2024,53.455,45.476,62.734,48.676,46.753,44.154,51.075,47.153,36.14,39.859,35.74,56.416,40.311,48.15,46.086,47.631,57.755,42.251,50.229,49.669,45.595,45.554,48.152,45.188
23233,愛知県,清須市,2024,54.968,46.489,52.22,49.118,44.481,55.895,44.519,48.248,34.023,49.085,35.74,47.453,40.311,46.033,41.047,50.478,51.544,46.948,54.364,46.816,45.26,47.584,51.433,49.537
23234,愛知県,北名古屋市,2024,57.616,48.405,51.758,48.158,46.959,50.094,45.371,49.515,41.805,44.88,35.74,52.313,40.311,47.057,44.464,47.539,48.791,56.224,50.48,55.846,45.595,46.49,53.935,48.952
23235,愛知県,弥富市,2024,55.307,44.671,58.191,44.244,80.0,43.78,51.737,47.746,34.166,46.049,35.74,50.373,40.311,47.828,47.127,50.074,54.145,41.585,58.406,52.189,45.595,45.972,49.145,46.227
23236,愛知県,みよし市,2024,56.143,47.077,53.709,45.221,46.096,48.985,45.001,53.607,41.693,49.471,46.124,53.828,48.804,48.553,44.657,49.48,49.529,51.371,66.385,61.115,45.26,47.828,58.016,49.622
23237,愛知県,あま市,2024,55.578,48.113,56.952,48.0,44.226,44.519,47.032,43.907,39.03,41.71,35.74,48.445,40.311,46.589,44.795,49.157,50.48,43.395,43.071,43.036,45.929,45.707,49.388,49.483
23238,愛知県,長久手市,2024,60.447,48.055,47.612,49.798,46.367,52.99,35.756,57.14,39.465,48.54,46.124,53.944,40.311,48.741,51.356,49.831,47.863,53.231,44.83,64.603,45.26,52.976,54.635,53.795
23302,愛知県,東郷町,2024,54.583,49.468,54.425,44.545,49.845,52.206,46.98,49.407,40.12,40.169,35.74,58.898,40.311,47.728,49.627,47.901,51.272,53.175,52.39,59.826,45.26,46.489,55.369,44.704
23425,愛知県,蟹江町,2024,49.55,50.539,50.539,48.045,53.701,47.933,47.431,50.366,33.6,42.027,35.74,47.457,40.311,48.13,45.593,51.315,48.303,45.795,43.709,52.778,45.929,46.425,52.318,47.999
23442,愛知県,東浦町,2024,61.367,46.881,55.434,48.546,46.569,45.133,48.342,52.457,37.285,44.856,46.124,53.444,40.311,49.305,50.04,48.81,48.215,55.179,54.141,47.562,45.26,47.345,48.697,49.455
23447,愛知県,武豊町,2024,55.137,49.786,57.596,50.123,45.855,49.243,45.394,53.663,31.729,39.075,35.74,54.744,40.311,46.683,61.276,45.9,50.944,55.308,58.076,57.331,45.26,45.237,48.206,48.802
23501,愛知県,幸田町,2024,55.415,47.584,56.66,43.184,48.885,50.331,45.665,51.302,36.428,40.931,35.74,61.394,48.804,54.269,51.013,46.853,55.179,53.783,61.613,65.342,45.26,46.372,58.436,42.617
24201,三重県,津市,2024,50.381,48.577,56.54,47.672,47.807,48.183,49.732,47.456,47.966,42.453,56.509,44.604,48.804,58.37,55.673,45.8,54.823,48.294,51.538,51.005,45.569,48.721,52.692,48.897
24202,三重県,四日市市,2024,51.572,49.155,53.682,49.768,47.101,45.636,48.244,50.269,48.437,48.783,46.124,52.363,48.804,48.402,46.594,48.847,51.417,55.807,44.92,57.053,44.98,47.938,55.024,48.268
24203,三重県,伊勢市,2024,53.675,50.023,57.798,47.852,47.149,49.663,52.123,55.668,51.39,46.961,46.124,51.02,57.297,57.158,54.045,46.775,53.991,46.229,63.539,54.991,46.128,45.373,52.757,44.599
24204,三重県,松阪市,2024,51.629,48.65,57.955,44.996,48.934,50.07,49.902,46.876,41.532,43.396,56.509,50.539,48.804,61.386,53.076,45.315,53.465,53.275,51.646,46.263,45.108,47.332,52.474,45.511
24205,三重県,桑名市,2024,50.554,48.341,57.601,48.19,50.062,48.649,49.936,48.217,39.61,47.391,46.124,55.417,40.311,51.662,49.642,47.813,52.549,53.818,51.605,58.581,45.766,46.784,55.72,47.294
24207,三重県,鈴鹿市,2024,51.434,47.062,56.084,48.357,49.742,49.761,46.394,47.564,40.239,45.251,56.509,54.421,57.297,50.824,47.998,45.028,51.864,49.607,57.067,52.892,44.321,48.085,50.867,48.125
24208,三重県,名張市,2024,55.999,45.09,60.057,52.037,50.212,42.578,49.145,40.666,45.359,45.286,35.74,56.348,48.804,57.846,47.57,51.693,54.32,57.573,58.855,47.43,45.26,45.492,47.05,44.424
24210,三重県,亀山市,2024,47.308,45.18,58.792,41.07,44.136,46.613,48.32,48.823,41.206,44.16,56.509,53.792,65.789,57.628,48.269,47.863,53.74,51.985,61.748,51.119,45.595,46.302,55.319,44.035
24214,三重県,いなべ市,2024,49.44,43.073,63.683,47.728,48.878,42.924,49.202,45.771,47.691,34.361,35.74,55.253,48.804,60.181,54.815,47.058,56.838,64.765,61.021,49.879,45.26,44.233,55.701,41.568
24215,三重県,志摩市,2024,48.425,45.892,62.776,47.018,60.865,45.464,56.912,42.164,42.452,35.635,46.124,45.991,57.297,56.045,61.36,44.967,52.955,46.917,74.743,41.3,51.81,44.3,46.585,44.767
24216,三重県,伊賀市,2024,48.281,43.802,60.644,43.918,48.701,44.351,54.303,42.286,40.337,33.569,56.509,49.172,48.804,59.227,51.501,50.966,55.968,61.382,67.151,55.03,54.487,55.421,54.925,45.033
24341,三重県,菰野町,2024,50.699,43.257,60.971,46.305,47.24,49.367,44.787,53.788,37.453,30.135,35.74,57.185,48.804,57.792,57.174,46.881,53.71,47.369,62.922,58.663,45.26,44.531,50.226,45.177
24441,三重県,多気町,2024,53.967,43.693,55.012,37.666,41.217,49.858,53.152,53.113,44.347,37.397,35.74,59.383,48.804,57.84,53.879,45.244,56.088,42.979,78.91,51.382,45.26,46.794,53.557,47.667
24442,三重県,明和町,2024,49.253,43.034,61.871,43.49,47.575,44.644,44.448,45.36,45.445,44.412,35.74,62.281,40.311,51.459,58.685,47.124,58.684,46.72,68.335,45.53,51.81,45.889,49.651,42.531
24543,三重県,紀北町,2024,52.218,47.663,54.734,37.46,61.411,47.735,57.906,41.692,39.003,42.857,35.74,48.239,65.789,69.162,66.409,42.074,53.319,47.981,80.0,41.629,45.26,44.777,46.342,38.82
25201,滋賀県,大津市,2024,50.748,49.318,53.596,49.705,49.471,46.93,46.414,48.718,44.556,45.502,66.893,53.396,57.297,58.494,54.049,51.688,54.489,37.543,46.15,58.142,69.509,50.203,47.874,52.948
25202,滋賀県,彦根市,2024,56.772,51.681,55.719,50.461,49.535,53.027,47.167,44.867,40.183,49.051,56.509,47.883,65.789,53.159,49.17,50.406,54.13,51.875,46.55,58.106,51.168,53.371,51.723,47.889
25203,滋賀県,長浜市,2024,53.275,45.947,63.077,45.771,50.583,45.089,51.672,49.687,42.387,43.991,56.509,49.947,57.297,63.846,51.386,48.719,64.095,48.984,58.093,55.237,59.388,46.206,52.779,44.828
25204,滋賀県,近江八幡市,2024,54.001,48.232,57.5,48.032,46.873,42.562,43.799,48.74,39.558,38.975,66.893,52.654,65.789,52.805,51.949,51.276,58.982,48.337,56.283,58.644,63.38,50.972,52.382,47.143
25206,滋賀県,草津市,2024,53.059,50.021,48.063,50.264,51.233,48.281,42.517,50.469,47.715,54.391,46.124,50.961,48.804,49.51,47.346,50.067,53.179,48.429,44.945,68.939,51.492,50.298,48.806,53.891
25207,滋賀県,守山市,2024,58.356,49.462,56.184,49.222,44.835,45.557,40.812,49.229,38.323,52.623,46.124,56.675,48.804,50.854,50.317,52.047,57.335,56.525,55.7,66.703,53.483,47.884,53.502,52.365
25208,滋賀県,栗東市,2024,53.134,47.653,54.079,46.804,80.0,49.385,43.295,46.145,38.175,42.985,46.124,55.737,48.804,52.129,48.189,50.714,49.395,49.787,48.419,61.668,47.603,46.939,54.765,49.565
25209,滋賀県,甲賀市,2024,51.99,43.603,61.975,43.209,57.506,46.743,51.817,50.694,44.287,36.766,46.124,54.348,57.297,57.426,54.047,49.216,56.735,52.334,67.659,60.929,61.037,47.348,53.266,44.964
25210,滋賀県,野洲市,2024,50.701,47.041,56.941,46.119,48.75,47.791,47.533,51.156,40.018,53.753,46.124,56.754,48.804,52.21,45.926,53.847,54.025,47.629,60.416,60.898,56.496,46.081,48.764,46.327
25211,滋賀県,湖南市,2024,55.419,45.819,55.876,46.3,45.166,48.708,50.759,49.851,40.957,51.673,46.124,48.068,40.311,53.131,54.349,49.138,53.321,60.165,58.115,58.13,47.938,44.685,51.972,47.55
25212,滋賀県,高島市,2024,55.246,44.576,64.998,44.689,54.93,44.73,55.27,52.343,40.973,34.687,46.124,44.665,57.297,62.717,49.326,49.476,59.097,46.602,78.56,59.52,52.814,45.627,49.446,44.369
25213,滋賀県,東近江市,2024,51.756,44.96,60.884,45.347,49.364,43.638,50.854,51.29,39.47,40.5,46.124,52.72,74.282,58.049,51.095,48.029,56.771,50.34,57.472,66.85,51.69,45.366,48.191,44.497
25214,滋賀県,米原市,2024,52.408,42.857,65.653,43.043,48.159,46.468,53.938,48.965,42.055,32.883,46.124,53.282,57.297,63.62,53.509,49.016,61.112,46.03,72.797,60.281,52.479,54.777,49.671,44.544
26100,京都府,京都市,2024,48.49,52.902,43.762,55.019,47.337,53.474,53.241,43.396,59.568,56.679,66.893,52.752,80.0,52.52,50.888,51.472,52.639,53.874,42.276,45.198,68.059,49.48,43.746,60.797
26201,京都府,福知山市,2024,53.011,48.172,58.252,46.382,50.054,51.429,53.066,49.648,42.848,44.936,46.124,49.154,57.297,56.726,52.133,52.938,54.072,59.044,58.369,51.194,45.595,45.948,56.207,45.452
26202,京都府,舞鶴市,2024,50.997,50.019,56.602,47.923,54.003,51.557,54.855,44.971,48.464,40.997,35.74,52.515,48.804,56.536,49.095,49.108,54.22,51.23,56.969,53.126,59.699,47.443,56.52,43.379
26204,京都府,宇治市,2024,49.9,49.19,53.222,52.928,46.246,50.691,50.008,53.274,47.942,48.756,56.509,59.986,65.789,53.331,49.487,46.905,48.004,48.726,44.202,60.202,57.808,50.934,41.461,48.929
26206,京都府,亀岡市,2024,48.503,48.936,58.447,48.961,52.159,42.347,50.554,43.388,42.972,40.723,46.124,54.572,57.297,58.509,53.283,52.321,55.373,50.067,48.416,56.747,54.153,46.567,47.921,46.806
26207,京都府,城陽市,2024,51.591,46.908,55.241,53.326,46.542,48.96,49.415,43.216,32.57,48.774,35.74,62.378,40.311,51.737,48.804,47.451,48.661,54.516,48.714,60.923,52.814,48.004,45.352,48.914
26208,京都府,向日市,2024,48.427,50.464,50.49,54.158,45.344,52.063,52.918,53.45,39.859,47.218,35.74,57.447,40.311,44.268,46.047,48.989,49.088,53.955,40.585,56.16,45.595,48.069,49.269,52.611
26209,京都府,長岡京市,2024,51.852,47.182,49.417,53.154,45.829,49.437,50.058,49.542,47.406,51.031,56.509,59.738,48.804,50.122,46.574,50.682,48.598,54.537,47.44,59.818,45.26,49.667,48.323,53.539
26210,京都府,八幡市,2024,47.678,47.497,52.909,51.609,45.842,49.515,53.128,43.292,38.999,51.106,35.74,56.754,40.311,49.248,42.051,53.929,48.26,51.807,44.2,51.449,53.483,46.295,37.574,50.044
26211,京都府,京田辺市,2024,50.518,48.507,51.53,51.76,45.443,53.188,43.105,53.946,42.475,46.703,35.74,60.886,40.311,54.185,49.578,50.435,51.112,49.787,58.556,61.219,53.818,48.786,48.291,51.308
26212,京都府,京丹後市,2024,52.75,45.466,66.568,42.628,53.932,44.969,56.724,42.937,41.523,32.52,35.74,57.31,65.789,56.597,55.563,49.992,60.071,44.487,80.0,56.236,52.814,44.959,54.863,44.429
26214,京都府,木津川市,2024,52.223,46.528,57.684,48.936,45.373,51.769,47.001,50.444,44.822,46.588,35.74,63.584,48.804,55.33,52.12,48.639,52.072,50.867,53.827,58.085,57.835,50.491,43.754,51.564
26366,京都府,精華町,2024,52.353,44.947,59.34,50.862,46.834,43.84,49.158,46.861,44.544,51.158,35.74,64.713,40.311,50.722,48.763,51.695,50.663,46.979,54.361,58.85,52.479,48.251,46.649,52.313
27100,大阪府,大阪市,2024,43.027,54.826,38.689,53.731,53.16,54.97,56.948,51.526,70.189,57.054,77.277,34.099,48.804,41.191,46.209,49.623,48.293,55.896,50.131,20.803,62.367,49.207,44.656,66.594
27140,大阪府,堺市,2024,46.107,50.292,48.765,51.671,45.938,56.595,49.617,47.165,62.643,54.62,56.509,45.139,48.804,43.563,50.204,48.129,46.469,51.29,49.169,39.344,52.407,49.246,44.591,51.603
27202,大阪府,岸和田市,2024,47.462,49.763,53.69,51.569,47.426,54.315,47.784,47.32,40.312,53.392,56.509,46.278,57.297,49.571,48.398,45.443,49.05,48.825,39.183,35.571,50.092,45.518,42.595,48.538
27203,大阪府,豊中市,2024,43.465,49.959,43.002,51.639,45.862,56.103,46.426,53.642,58.065,52.415,46.124,47.855,40.311,42.584,50.567,52.196,44.656,55.48,39.944,49.668,48.786,51.183,48.599,50.514
27204,大阪府,池田市,2024,46.884,49.504,45.402,51.318,47.172,52.956,46.235,53.254,53.184,55.71,35.74,49.797,40.311,49.765,48.163,49.159,45.137,45.67,58.241,61.743,48.424,54.259,46.478,48.942
27205,大阪府,吹田市,2024,47.204,49.748,41.32,52.388,48.622,55.464,47.782,53.729,52.578,51.454,46.124,47.619,40.311,42.565,47.35,54.308,45.85,53.485,54.2,61.985,47.87,56.918,49.679,57.117
27206,大阪府,泉大津市,2024,47.173,50.986,49.036,49.137,49.364,56.67,46.04,43.485,39.469,53.506,35.74,37.173,40.311,40.327,47.599,41.829,46.673,50.483,45.159,39.193,46.264,45.598,44.846,47.441
27207,大阪府,高槻市,2024,46.01,50.554,49.061,52.458,45.744,52.798,49.748,52.878,54.446,50.219,46.124,55.88,40.311,53.743,45.364,53.939,48.121,47.393,54.699,64.43,46.416,51.088,45.472,50.751
27208,大阪府,貝塚市,2024,46.117,48.81,54.17,52.684,49.301,52.45,48.151,47.084,37.672,53.247,35.74,44.733,48.804,53.167,48.308,46.256,47.248,45.236,46.1,30.472,52.479,53.611,43.813,44.95
27209,大阪府,守口市,2024,45.364,51.902,46.346,51.459,45.704,54.542,56.269,39.843,47.573,48.309,35.74,41.807,40.311,41.74,45.657,51.242,46.853,48.139,46.494,27.133,46.905,46.848,43.716,49.422
27210,大阪府,枚方市,2024,45.911,49.814,50.316,51.615,45.284,47.097,48.26,53.804,52.236,55.672,46.124,50.679,40.311,47.127,48.774,51.154,47.742,56.151,43.956,50.28,46.578,49.775,45.221,49.54
27211,大阪府,茨木市,2024,46.037,50.121,44.169,52.846,45.967,52.946,47.178,56.249,51.521,49.435,56.509,49.598,40.311,51.654,48.064,50.272,47.507,51.706,40.029,56.1,50.586,49.758,47.853,49.649
27212,大阪府,八尾市,2024,46.039,50.306,50.471,53.305,45.178,53.931,50.971,50.981,51.755,49.081,46.124,46.176,48.804,47.548,44.433,53.595,46.896,51.137,52.655,34.024,45.125,50.783,43.703,48.289
27213,大阪府,泉佐野市,2024,48.158,50.524,52.889,50.193,58.062,45.876,48.173,40.626,43.14,42.455,46.124,41.903,57.297,53.113,46.935,48.198,48.893,47.482,42.616,31.458,58.388,50.863,47.119,47.067
27214,大阪府,富田林市,2024,52.846,48.063,52.589,52.803,44.636,49.335,54.559,54.479,46.125,54.933,35.74,50.366,48.804,48.014,50.013,50.634,48.008,51.536,51.5,41.604,47.043,48.511,40.58,47.081
27215,大阪府,寝屋川市,2024,45.459,51.151,49.154,50.647,45.778,56.982,52.776,43.439,50.588,48.21,46.124,43.295,40.311,43.267,46.53,50.564,48.151,47.239,54.987,35.611,45.972,48.307,38.592,51.083
27216,大阪府,河内長野市,2024,47.666,45.843,57.939,51.117,43.701,46.224,49.013,53.647,50.109,48.425,35.74,55.157,48.804,57.585,50.012,49.717,47.632,44.534,49.707,51.802,61.693,52.785,41.099,48.764
27217,大阪府,松原市,2024,46.492,47.937,51.567,49.56,45.317,47.396,52.307,45.288,42.803,49.38,35.74,39.268,40.311,46.153,45.212,48.358,48.323,53.446,43.634,33.078,49.446,45.706,40.369,51.551
27218,大阪府,大東市,2024,46.808,48.773,48.704,53.69,44.2,55.452,51.922,45.939,41.638,47.82,56.509,43.912,48.804,45.979,47.324,48.472,47.544,53.783,43.789,31.382,45.486,52.105,40.268,48.743
27219,大阪府,和泉市,2024,47.614,48.062,53.216,51.011,49.225,47.662,45.704,46.821,45.78,44.677,35.74,48.128,48.804,51.973,50.279,49.976,49.142,50.441,47.765,48.087,54.801,48.666,45.223,49.11
27220,大阪府,箕面市,2024,46.885,50.766,48.358,52.432,43.494,52.035,50.539,56.775,49.354,52.508,56.509,50.698,48.804,56.145,43.699,48.612,46.244,55.22,54.061,63.951,51.527,51.459,46.859,49.545
27221,大阪府,柏原市,2024,49.692,47.649,51.935,53.218,46.488,47.123,54.46,46.003,49.448,44.162,35.74,48.541,48.804,50.97,46.503,44.347,48.584,49.827,53.671,44.582,58.695,50.278,41.789,46.086
27222,大阪府,羽曳野市,2024,47.564,48.564,55.702,50.84,45.453,51.159,50.535,50.309,39.565,45.365,46.124,46.341,48.804,49.223,42.119,46.717,47.785,53.704,50.618,40.66,50.603,47.687,41.287,50.066
27223,大阪府,門真市,2024,45.013,53.142,47.171,50.262,49.639,52.691,56.44,46.581,44.869,47.483,35.74,35.914,40.311,40.891,45.173,53.771,45.164,55.796,38.635,23.524,45.487,46.965,38.111,48.27
27224,大阪府,摂津市,2024,47.077,51.799,45.994,53.222,46.156,50.44,52.938,49.54,41.247,51.713,35.74,43.232,40.311,45.835,41.239,49.315,46.069,41.08,42.337,43.489,45.26,47.537,47.219,46.758
27225,大阪府,高石市,2024,47.033,50.847,50.985,50.956,45.528,49.897,47.676,44.603,36.471,54.245,35.74,43.6,40.311,40.736,45.861,45.155,48.225,47.135,62.917,41.403,45.26,47.67,40.072,47.516
27226,大阪府,藤井寺市,2024,49.021,54.329,51.17,50.459,46.314,51.504,55.66,47.208,42.455,43.302,46.124,48.212,40.311,46.797,48.156,47.277,47.593,52.297,55.127,46.025,52.145,46.539,41.213,51.079
27227,大阪府,東大阪市,2024,44.542,50.755,46.867,52.695,47.993,51.996,53.208,42.155,49.703,48.782,46.124,38.716,48.804,46.168,44.183,50.955,47.454,50.551,44.787,31.045,45.765,48.522,43.01,49.798
27228,大阪府,泉南市,2024,53.319,45.908,56.395,49.325,51.324,44.752,50.273,41.711,47.794,47.241,35.74,49.328,48.804,54.495,48.724,47.747,48.208,49.215,44.759,34.899,51.81,46.154,31.483,44.943
27229,大阪府,四條畷市,2024,47.568,44.718,50.988,51.782,49.371,51.493,45.266,47.576,44.739,41.499,35.74,43.543,48.804,51.508,42.471,47.315,50.358,53.301,50.367,37.401,45.26,48.556,46.337,50.041
27230,大阪府,交野市,2024,48.136,48.911,54.625,51.479,40.542,54.315,46.947,43.805,38.929,46.208,46.124,52.061,48.804,50.914,48.943,45.734,51.73,55.021,55.573,59.558,45.929,51.629,43.211,49.276
27231,大阪府,大阪狭山市,2024,47.858,47.735,52.516,52.623,44.609,51.805,47.411,50.147,41.806,48.422,35.74,55.19,40.311,45.886,44.233,49.197,45.777,50.84,55.223,50.877,45.26,51.015,46.351,49.745
27232,大阪府,阪南市,2024,44.213,47.275,59.513,50.767,49.16,45.721,56.202,46.338,41.212,49.663,35.74,51.016,40.311,54.608,54.183,40.923,49.257,45.418,52.769,48.096,52.145,45.928,36.657,50.427
27321,大阪府,豊能町,2024,52.251,42.656,66.301,50.931,46.737,41.487,55.954,53.569,42.21,46.2,35.74,61.766,40.311,58.405,53.295,47.288,53.102,48.328,64.611,63.518,45.26,50.281,31.25,50.348
27361,大阪府,熊取町,2024,50.48,43.551,57.147,51.259,43.091,46.445,49.467,51.045,41.031,48.372,35.74,59.371,40.311,50.546,47.307,54.342,50.533,56.25,48.365,45.804,52.814,48.077,44.086,51.927
28100,兵庫県,神戸市,2024,49.525,52.844,44.95,52.367,48.908,55.301,50.63,45.833,64.802,58.51,66.893,45.861,57.297,46.284,47.892,53.266,50.695,49.741,46.518,55.459,60.06,49.834,46.714,53.369
28201,兵庫県,姫路市,2024,49.696,51.01,54.702,50.261,48.691,52.756,49.995,49.127,53.099,53.613,66.893,41.258,57.297,52.507,51.685,48.166,53.277,50.17,50.761,44.812,61.691,57.652,49.789,48.209
28202,兵庫県,尼崎市,2024,42.529,51.657,42.848,54.784,48.428,51.49,51.205,52.824,48.456,54.988,46.124,40.612,40.311,42.603,43.724,46.691,45.17,51.878,37.151,38.522,51.883,49.678,45.886,48.039
28203,兵庫県,明石市,2024,47.214,51.355,48.226,52.553,45.693,52.436,44.181,48.7,48.09,50.489,46.124,45.898,40.311,44.786,44.987,50.555,47.137,57.714,49.647,51.822,45.866,51.464,48.624,48.809
28204,兵庫県,西宮市,2024,47.862,48.955,43.989,52.213,45.304,53.173,47.542,56.971,46.479,51.711,77.277,53.915,57.297,48.83,47.073,47.452,47.905,48.41,39.578,59.593,52.299,51.126,51.289,51.135
28205,兵庫県,洲本市,2024,50.498,47.109,58.561,43.792,58.61,45.288,56.058,47.472,40.968,33.59,35.74,36.459,48.804,55.061,55.411,50.48,54.228,44.084,71.92,52.245,58.36,47.162,50.917,47.911
28206,兵庫県,芦屋市,2024,48.233,49.465,44.904,53.383,49.957,56.311,51.46,46.804,42.019,49.106,56.509,52.241,48.804,46.988,46.535,44.565,46.295,58.203,59.083,70.313,52.145,52.82,52.91,53.143
28207,兵庫県,伊丹市,2024,46.762,50.456,46.728,54.393,44.48,52.32,44.13,51.4,49.173,54.511,56.509,51.213,40.311,45.697,44.026,47.922,46.058,51.739,42.641,54.903,49.589,51.218,44.072,48.398
28209,兵庫県,豊岡市,2024,52.999,48.994,62.493,46.012,57.315,48.627,54.814,51.052,40.952,34.99,46.124,50.825,65.789,57.981,49.806,49.815,58.443,42.472,69.667,58.626,47.268,45.9,52.905,47.01
28210,兵庫県,加古川市,2024,50.246,49.966,55.478,48.358,47.235,51.811,43.086,50.163,55.925,48.326,35.74,48.199,40.311,47.312,47.968,47.03,50.207,42.283,52.997,55.558,46.079,46.56,48.553,47.787
28212,兵庫県,赤穂市,2024,50.303,49.94,60.502,49.145,51.231,49.105,53.279,47.9,41.506,50.459,35.74,46.227,48.804,53.619,54.259,42.973,54.74,52.412,66.413,55.489,58.36,48.568,46.306,44.673
28214,兵庫県,宝塚市,2024,49.428,48.285,49.07,52.576,44.724,49.796,48.503,50.402,50.093,44.247,56.509,57.133,48.804,52.602,51.626,54.626,46.455,58.888,44.122,63.241,52.42,50.579,47.026,49.375
28215,兵庫県,三木市,2024,48.251,48.225,60.77,46.378,58.303,49.173,52.5,52.735,42.27,55.674,35.74,45.633,40.311,50.397,49.421,51.296,51.612,52.937,56.617,59.404,46.933,51.312,38.409,45.354
28216,兵庫県,高砂市,2024,49.347,51.5,57.92,50.419,45.45,49.924,48.797,47.468,45.698,47.943,35.74,43.776,40.311,46.127,44.151,42.621,50.386,49.615,49.62,50.639,51.81,45.638,43.182,48.451
28217,兵庫県,川西市,2024,50.045,47.194,54.692,51.445,45.761,52.826,45.91,43.122,44.747,45.836,46.124,47.248,40.311,51.53,53.716,49.442,47.01,50.321,56.942,61.607,47.323,50.807,42.015,50.364
28218,兵庫県,小野市,2024,49.067,43.499,61.634,47.065,51.981,48.547,48.964,52.721,36.073,36.777,35.74,51.523,40.311,50.117,45.388,50.894,52.167,48.671,53.969,56.364,46.599,50.582,49.876,45.292
28219,兵庫県,三田市,2024,48.751,45.68,53.088,50.104,46.231,48.814,49.257,52.929,47.039,53.75,56.509,58.088,40.311,52.476,53.861,53.359,52.996,52.42,54.271,65.152,46.188,56.781,48.276,51.034
28220,兵庫県,加西市,2024,49.078,42.505,63.929,43.31,49.511,43.101,55.221,51.79,44.81,38.455,35.74,49.485,40.311,51.042,57.27,49.554,55.098,57.824,71.639,53.411,54.487,52.106,51.763,44.095
28222,兵庫県,養父市,2024,53.189,44.395,67.32,43.177,53.101,46.304,57.016,48.674,44.965,38.379,46.124,43.558,48.804,61.374,50.806,49.512,61.101,49.496,80.0,47.06,52.479,45.736,49.855,40.532
28223,兵庫県,丹波市,2024,50.405,43.595,64.903,41.361,46.651,47.542,55.429,47.889,44.537,34.034,35.74,50.127,40.311,57.877,57.68,49.334,58.535,45.164,78.052,54.138,46.264,47.78,54.11,44.595
28224,兵庫県,南あわじ市,2024,47.881,44.816,62.669,42.12,51.798,49.722,53.361,42.605,41.976,34.262,35.74,43.35,48.804,55.863,51.67,44.967,54.743,51.29,78.507,57.273,51.81,56.432,54.851,45.61
28226,兵庫県,淡路市,2024,50.578,46.089,59.459,41.247,52.565,43.759,54.934,45.022,38.87,43.235,35.74,37.217,48.804,52.805,56.438,44.887,53.974,48.03,70.829,52.878,52.145,45.429,48.839,47.349
28228,兵庫県,加東市,2024,48.231,45.326,61.212,43.385,60.388,50.624,48.972,56.99,36.633,47.155,35.74,41.754,40.311,52.899,45.773,54.757,51.644,58.289,54.342,55.108,53.149,45.809,56.477,47.675
28229,兵庫県,たつの市,2024,53.358,44.925,62.743,44.09,46.579,49.622,49.041,49.58,51.915,44.0,35.74,49.958,48.804,53.192,53.629,47.447,54.047,51.173,66.26,50.106,53.149,53.118,47.782,47.667
28301,兵庫県,猪名川町,2024,48.404,45.508,63.596,50.169,43.989,47.508,50.803,57.366,39.854,55.464,35.74,59.918,40.311,57.901,53.704,52.651,50.589,50.196,58.583,67.519,45.595,46.711,42.985,46.55
28365,兵庫県,多可町,2024,52.438,43.449,69.343,46.067,49.327,43.497,58.375,46.455,41.728,38.539,35.74,53.367,40.311,58.824,54.394,48.371,58.531,45.898,80.0,54.934,45.26,46.773,51.476,44.871
29201,奈良県,奈良市,2024,47.741,49.375,52.293,51.715,48.38,46.364,50.778,44.939,55.007,47.951,46.124,53.541,65.789,53.287,52.355,49.419,53.972,53.987,61.158,61.176,62.432,49.798,45.835,50.251
29202,奈良県,大和高田市,2024,47.657,48.305,54.219,52.11,49.498,46.44,50.727,41.362,34.26,42.211,35.74,42.361,40.311,45.867,46.071,48.385,50.179,40.684,64.372,40.151,52.479,46.336,38.368,48.592
29203,奈良県,大和郡山市,2024,51.286,47.63,55.405,50.258,50.544,47.824,49.157,49.83,39.309,51.722,35.74,49.986,40.311,48.036,42.313,48.137,53.619,50.363,49.833,48.263,48.272,48.749,39.944,45.781
29204,奈良県,天理市,2024,50.639,47.837,57.355,49.59,45.354,48.473,48.143,38.281,50.25,40.526,35.74,49.17,57.297,53.611,54.086,47.974,54.36,54.436,57.158,45.797,47.938,49.705,46.899,45.405
29205,奈良県,橿原市,2024,48.863,50.662,53.984,51.603,48.534,49.071,47.301,48.668,35.665,48.285,46.124,45.916,57.297,47.666,43.952,46.529,51.928,48.378,48.792,65.296,57.764,47.143,45.71,49.762
29206,奈良県,桜井市,2024,48.955,48.976,58.084,49.303,45.649,41.141,52.755,40.75,39.304,42.231,46.124,49.634,65.789,56.873,47.846,44.926,55.586,42.454,54.915,46.494,61.707,45.858,43.113,48.07
29209,奈良県,生駒市,2024,50.462,48.848,55.67,51.728,43.092,47.863,43.879,53.935,51.245,49.534,46.124,59.087,57.297,51.112,55.869,49.833,50.238,58.202,59.158,57.951,49.166,50.398,46.277,49.442
29210,奈良県,香芝市,2024,50.632,49.124,56.256,50.341,45.351,54.0,48.611,50.101,43.444,42.783,35.74,59.853,48.804,47.802,43.681,48.431,50.568,50.451,49.037,60.324,51.81,52.793,49.234,52.372
29211,奈良県,葛城市,2024,50.476,46.615,60.712,50.006,46.664,44.008,42.154,51.136,42.507,42.523,46.124,57.131,57.297,54.126,48.028,48.515,54.27,44.334,74.32,51.398,62.042,45.754,44.306,45.947
29363,奈良県,田原本町,2024,53.643,49.691,60.327,48.477,43.652,43.086,48.662,49.109,38.816,44.556,35.74,51.712,40.311,47.804,46.983,49.237,57.747,45.781,59.135,62.326,45.26,45.853,46.417,52.803
29426,奈良県,広陵町,2024,51.139,48.574,64.103,49.577,45.771,45.784,50.487,52.285,38.699,48.016,35.74,58.15,40.311,47.24,49.583,49.988,57.307,52.686,52.677,56.572,45.595,48.281,49.236,49.385
30201,和歌山県,和歌山市,2024,49.511,50.359,54.373,50.799,49.063,45.328,49.221,42.291,52.845,46.977,46.124,45.613,65.789,51.001,45.828,51.292,54.61,48.993,40.099,41.918,60.079,47.657,50.059,48.626
30202,和歌山県,海南市,2024,52.243,48.157,62.043,44.809,47.427,45.103,57.519,46.807,42.292,33.192,35.74,48.297,48.804,52.415,46.348,48.686,55.562,48.926,64.632,52.87,54.822,54.03,43.863,41.453
30203,和歌山県,橋本市,2024,52.371,49.389,60.953,50.348,44.799,45.096,56.599,41.126,44.145,41.299,35.74,51.801,57.297,57.804,50.931,44.179,53.09,52.572,64.34,57.899,52.479,48.806,45.659,51.733
30206,和歌山県,田辺市,2024,55.095,50.365,58.391,45.669,59.107,48.525,57.553,47.133,52.112,34.129,56.509,47.825,74.282,67.308,57.532,45.21,51.762,43.841,73.526,42.347,45.929,46.005,47.127,46.971
30208,和歌山県,紀の川市,2024,51.294,44.79,63.566,45.831,47.593,45.564,54.8,47.186,39.535,33.438,35.74,52.54,65.789,57.987,51.937,47.251,55.108,44.851,71.109,44.933,60.033,45.695,50.301,41.822
30209,和歌山県,岩出市,2024,49.116,47.579,56.104,47.309,55.16,43.776,40.779,55.404,36.59,37.918,35.74,51.018,48.804,54.87,48.305,47.421,46.95,44.231,49.373,52.922,53.483,44.868,46.681,48.825
31201,鳥取県,鳥取市,2024,52.781,49.058,56.313,47.708,51.808,48.599,52.476,50.172,56.353,48.731,56.509,54.464,57.297,57.488,56.357,50.643,54.816,48.46,45.466,50.417,55.574,53.48,53.787,46.028
31202,鳥取県,米子市,2024,52.794,51.318,56.413,47.394,49.289,49.821,51.453,46.345,56.902,52.106,46.124,50.966,48.804,49.464,56.9,50.24,52.304,50.328,52.52,50.655,50.481,54.434,54.915,46.718
31203,鳥取県,倉吉市,2024,56.926,52.057,59.507,46.91,53.608,48.6,55.046,49.507,40.802,46.796,46.124,51.398,65.789,56.176,55.88,50.368,53.212,45.982,53.097,55.802,45.595,56.809,54.279,42.185
31204,鳥取県,境港市,2024,51.839,50.235,61.781,51.758,47.875,52.161,53.542,44.005,38.663,55.437,35.74,50.479,40.311,47.65,59.761,47.307,50.21,48.249,66.744,53.672,45.26,55.918,51.963,44.177
32201,島根県,松江市,2024,52.972,49.123,54.583,48.649,51.142,52.952,52.405,44.132,50.177,45.417,46.124,55.109,65.789,53.807,56.522,53.795,54.686,52.156,69.42,59.968,47.865,50.229,55.173,46.409
32202,島根県,浜田市,2024,51.844,46.332,58.367,45.982,58.22,49.103,57.26,48.682,44.543,43.966,46.124,55.495,48.804,55.173,56.305,49.307,51.104,48.942,78.405,43.461,58.36,54.187,54.99,40.98
32203,島根県,出雲市,2024,50.821,47.425,60.23,46.609,49.196,53.597,51.048,47.202,45.089,42.608,56.509,59.602,57.297,54.184,50.539,49.732,56.955,46.925,71.259,60.148,50.312,48.953,57.586,45.84
32204,島根県,益田市,2024,53.624,47.982,61.419,47.381,54.817,54.052,57.316,44.582,38.711,46.219,46.124,55.726,57.297,57.255,51.617,45.205,55.665,47.646,76.228,53.727,59.029,52.608,57.81,42.495
32206,島根県,安来市,2024,47.475,44.191,65.16,43.515,48.209,47.977,56.937,53.921,40.734,39.041,35.74,56.658,48.804,56.238,48.674,44.088,56.27,48.659,76.576,60.156,52.479,51.132,56.409,42.033
32209,島根県,雲南市,2024,48.803,43.083,67.239,41.873,52.667,48.231,58.598,41.289,41.93,37.425,35.74,59.241,40.311,55.798,60.398,47.292,60.569,45.165,78.749,60.094,52.145,45.672,59.236,44.736
33100,岡山県,岡山市,2024,49.096,49.887,50.843,49.241,49.614,52.414,45.844,47.821,50.855,51.786,56.509,45.274,57.297,49.07,46.714,55.637,52.74,53.038,38.471,55.356,57.381,50.112,50.239,52.174
33202,岡山県,倉敷市,2024,46.409,49.046,54.981,47.8,47.941,51.658,47.346,49.893,54.707,49.845,56.509,49.793,57.297,47.213,48.359,50.359,53.801,48.527,39.534,54.42,58.88,46.912,52.461,44.552
33203,岡山県,津山市,2024,50.63,47.347,59.624,45.189,52.746,47.081,51.287,45.007,58.051,37.398,56.509,43.484,48.804,54.825,52.285,53.742,52.898,41.802,61.045,54.336,47.268,47.458,54.789,43.093
33204,岡山県,玉野市,2024,47.846,43.337,61.657,49.22,54.335,51.069,57.812,49.335,39.201,49.989,35.74,48.477,48.804,49.295,42.876,41.146,49.942,46.618,60.428,47.302,45.26,46.481,47.571,42.903
33205,岡山県,笠岡市,2024,51.248,44.135,60.684,43.185,45.363,46.233,58.072,50.123,39.715,39.442,35.74,44.098,48.804,49.253,43.044,43.583,54.745,47.644,71.286,56.95,52.145,51.577,42.139,42.812
33207,岡山県,井原市,2024,47.747,44.206,62.96,48.155,49.371,52.539,57.796,52.838,38.699,38.254,35.74,52.037,40.311,52.587,46.12,44.232,58.037,39.47,67.259,60.135,45.26,56.726,47.021,45.646
33208,岡山県,総社市,2024,47.691,44.951,58.044,45.301,48.176,46.876,46.922,55.013,37.849,40.097,35.74,54.342,48.804,51.321,43.275,50.839,54.684,54.563,57.993,58.51,52.479,50.897,51.099,44.924
33211,岡山県,備前市,2024,46.431,43.632,63.098,44.258,48.017,46.397,59.541,45.479,38.454,32.634,35.74,46.829,48.804,52.081,49.254,45.281,52.264,46.804,72.492,59.292,65.763,50.876,47.506,41.71
33212,岡山県,瀬戸内市,2024,45.431,43.91,61.331,45.679,47.7,48.265,53.82,48.416,46.754,28.401,46.124,50.839,48.804,50.442,53.698,44.179,55.119,48.796,68.433,55.521,46.599,49.054,44.373,42.322
33213,岡山県,赤磐市,2024,47.428,44.784,64.331,42.854,45.34,46.597,53.161,50.232,39.641,38.975,35.74,51.96,40.311,51.522,55.305,51.356,51.696,48.905,70.736,62.519,51.81,48.807,51.467,46.05
33681,岡山県,吉備中央町,2024,51.344,42.808,55.219,35.238,47.902,51.019,59.134,45.559,38.455,35.818,35.74,65.419,40.311,52.449,45.985,52.372,57.021,48.611,80.0,55.916,45.929,59.12,52.937,39.652
34100,広島県,広島市,2024,48.63,51.912,46.83,53.476,50.225,53.581,48.611,42.113,60.486,54.009,46.124,53.039,65.789,51.19,44.805,51.118,48.712,50.721,40.201,59.904,47.692,51.582,52.39,52.356
34202,広島県,呉市,2024,44.801,49.249,53.349,52.408,49.032,50.26,56.197,50.57,52.011,52.754,46.124,45.327,65.789,51.845,43.583,44.889,52.524,44.925,52.996,54.657,54.181,46.054,51.846,43.057
34204,広島県,三原市,2024,48.577,47.089,57.919,46.109,50.437,48.75,54.434,47.349,48.993,42.181,35.74,47.994,48.804,52.251,46.779,42.221,52.207,54.324,61.37,53.742,46.264,45.711,52.214,43.959
34205,広島県,尾道市,2024,48.39,48.018,58.131,47.508,48.538,48.927,55.827,49.406,45.347,49.947,56.509,47.284,57.297,51.676,46.123,41.291,51.737,48.977,68.709,47.956,59.849,46.908,53.67,43.513
34207,広島県,福山市,2024,48.971,48.848,55.548,49.479,49.169,53.582,50.727,50.695,57.989,51.49,56.509,49.836,57.297,50.189,51.622,46.778,52.949,45.695,36.913,55.895,51.106,47.642,52.991,46.022
34208,広島県,府中市,2024,52.418,48.51,61.344,49.983,48.032,46.121,56.087,45.21,37.954,47.34,35.74,51.918,40.311,53.037,52.185,50.904,56.583,45.611,63.882,51.298,45.26,46.432,47.693,43.437
34209,広島県,三次市,2024,51.72,47.948,59.144,43.532,56.339,47.676,57.905,47.833,48.096,47.018,56.509,51.172,40.311,53.836,55.953,52.128,53.439,54.36,74.43,53.388,46.264,48.193,59.361,41.403
34212,広島県,東広島市,2024,50.825,46.016,52.635,45.731,48.471,47.585,50.77,52.52,53.935,42.368,35.74,53.437,65.789,51.456,52.994,49.115,50.101,55.986,40.153,67.194,45.146,47.629,55.653,50.581
34213,広島県,廿日市市,2024,52.309,49.199,56.285,51.096,46.352,47.649,51.832,48.714,44.977,49.825,46.124,56.382,74.282,55.603,50.642,47.67,50.644,49.337,52.255,65.312,48.189,50.345,55.526,46.088
34302,広島県,府中町,2024,45.957,49.964,45.678,53.403,42.789,53.432,47.093,47.146,31.951,52.11,35.74,56.957,40.311,45.294,38.215,46.332,48.735,42.178,38.479,64.373,45.26,48.299,54.358,46.143
35201,山口県,下関市,2024,45.836,48.481,54.55,49.081,49.801,48.172,54.288,44.709,47.873,50.949,66.893,49.119,65.789,53.071,50.692,45.875,51.073,44.552,46.94,49.778,50.777,46.523,52.611,43.833
35202,山口県,宇部市,2024,45.218,48.359,54.874,50.794,50.878,48.921,51.753,48.394,61.194,51.042,56.509,49.386,40.311,50.337,49.729,48.362,52.342,49.797,46.305,47.753,45.117,48.686,53.1,47.825
35203,山口県,山口市,2024,45.013,47.787,53.848,46.423,49.087,46.766,52.255,53.674,54.31,45.834,56.509,51.785,57.297,56.798,53.778,51.685,55.875,44.383,47.603,62.693,48.696,50.778,53.915,46.826
35204,山口県,萩市,2024,50.827,48.332,60.522,47.481,56.3,46.474,59.787,54.284,39.34,38.818,66.893,48.505,74.282,56.778,52.267,45.573,56.945,42.762,68.609,49.208,47.938,54.651,57.478,40.463
35206,山口県,防府市,2024,46.334,46.633,56.859,45.373,47.412,49.249,50.131,49.107,38.343,46.677,46.124,53.519,57.297,50.783,45.126,46.32,50.974,50.508,52.724,47.964,45.072,47.135,54.722,46.257
35207,山口県,下松市,2024,53.037,47.76,54.837,47.365,49.746,51.033,48.242,51.193,42.136,45.244,56.509,54.995,48.804,54.055,44.534,44.531,49.469,48.821,48.63,48.496,45.595,47.079,53.228,45.112
35208,山口県,岩国市,2024,46.583,46.549,57.079,47.576,51.024,51.682,58.349,52.596,48.051,44.024,56.509,48.75,80.0,59.02,48.864,45.16,52.902,42.673,51.586,45.216,44.59,48.702,52.496,44.619
35210,山口県,光市,2024,50.654,45.662,58.787,47.789,50.71,49.78,54.085,53.884,45.045,43.109,46.124,55.802,48.804,53.005,45.256,42.768,54.259,48.81,75.135,55.843,45.595,45.955,49.251,45.123
35212,山口県,柳井市,2024,45.415,48.987,59.711,47.13,63.045,47.09,56.246,48.08,44.498,39.193,46.124,45.416,48.804,54.384,55.405,46.841,53.323,40.592,71.587,49.005,45.595,48.048,50.684,43.043
35215,山口県,周南市,2024,49.765,47.416,55.418,47.537,52.326,50.694,55.008,48.088,48.322,47.457,56.509,53.149,48.804,57.191,44.936,44.281,50.586,42.259,51.684,52.858,45.318,46.496,54.822,44.558
35216,山口県,山陽小野田市,2024,47.294,47.211,57.296,47.451,50.285,51.314,55.415,45.345,41.941,54.028,35.74,53.406,40.311,50.697,46.64,43.302,51.541,44.895,58.973,50.113,45.595,46.533,51.069,41.319
36201,徳島県,徳島市,2024,49.835,52.249,51.59,48.928,52.175,50.94,49.83,48.409,50.082,49.818,46.124,43.259,48.804,51.504,52.861,47.833,50.601,45.123,44.787,50.226,55.953,53.564,53.195,48.819
36202,徳島県,鳴門市,2024,52.186,46.367,59.015,47.0,51.675,45.097,53.074,48.866,44.64,44.614,35.74,43.423,48.804,53.314,51.575,42.48,52.572,50.218,61.871,42.683,52.479,46.106,46.953,45.385
36203,徳島県,小松島市,2024,47.823,49.441,59.507,45.033,47.67,45.943,52.835,38.72,45.75,42.09,35.74,41.064,48.804,49.897,50.507,44.067,53.542,39.365,64.066,45.34,51.81,44.761,44.825,43.235
36204,徳島県,阿南市,2024,49.734,43.996,62.11,46.134,47.249,50.66,56.076,53.181,49.484,41.091,35.74,50.131,57.297,56.978,52.897,45.6,54.355,49.09,65.479,49.73,51.81,48.335,48.704,41.649
36205,徳島県,吉野川市,2024,50.351,45.717,62.631,46.356,43.878,43.844,56.567,46.155,33.059,37.973,35.74,47.021,48.804,58.073,56.034,47.094,54.955,39.794,74.372,42.193,58.36,46.825,47.027,42.561
36403,徳島県,藍住町,2024,50.121,52.041,57.04,44.917,49.631,51.769,42.645,50.82,33.347,39.75,35.74,51.521,40.311,48.859,46.687,47.781,52.869,53.153,49.299,43.063,52.145,45.251,47.304,45.853
37201,香川県,高松市,2024,49.837,50.809,52.873,50.319,50.865,51.381,46.075,48.134,68.912,50.963,56.509,43.561,65.789,50.651,51.657,45.384,51.522,45.215,50.023,46.602,52.232,49.859,54.414,48.102
37202,香川県,丸亀市,2024,51.312,49.356,57.623,45.389,48.652,56.034,50.687,51.262,42.172,51.691,46.124,43.448,48.804,49.745,50.161,45.081,52.127,52.413,62.773,56.471,54.142,46.841,50.043,46.55
37203,香川県,坂出市,2024,45.277,45.316,59.201,42.503,55.186,53.229,53.869,49.477,48.246,46.151,35.74,38.511,57.297,49.225,48.104,44.89,50.763,39.013,64.244,51.341,53.149,46.649,50.766,45.038
37205,香川県,観音寺市,2024,44.492,47.022,61.391,44.496,48.366,45.622,50.62,45.503,42.139,41.342,35.74,46.14,65.789,54.61,50.451,45.523,53.926,45.754,74.078,58.904,52.479,45.6,53.901,45.274
37206,香川県,さぬき市,2024,47.606,45.533,60.38,44.946,47.731,48.013,52.681,46.343,43.007,47.251,35.74,46.459,48.804,52.128,50.372,48.809,56.783,49.191,54.106,54.415,53.149,45.271,46.943,42.926
37208,香川県,三豊市,2024,49.108,43.785,65.029,42.599,50.436,49.769,54.713,48.706,52.583,39.267,35.74,52.691,48.804,52.601,61.705,48.923,58.702,47.961,70.727,53.622,53.149,51.14,53.05,44.304
38201,愛媛県,松山市,2024,50.263,51.385,51.199,52.378,47.621,46.93,45.344,45.757,62.23,53.73,56.509,50.725,65.789,52.726,49.976,54.16,51.734,49.044,49.378,52.024,54.341,51.917,50.128,50.605
38202,愛媛県,今治市,2024,48.923,49.871,58.882,48.821,49.72,47.505,54.152,47.873,49.551,44.958,46.124,44.926,57.297,54.201,42.83,42.99,52.047,40.222,70.727,39.883,55.351,46.315,52.697,42.106
38203,愛媛県,宇和島市,2024,50.387,48.304,58.885,48.021,55.034,51.183,57.219,46.417,46.724,44.907,46.124,45.865,74.282,62.088,48.964,43.96,54.856,44.664,79.217,39.178,52.145,44.406,49.262,42.845
38205,愛媛県,新居浜市,2024,53.333,51.392,56.442,47.759,49.8,50.727,52.294,53.135,57.73,41.875,46.124,50.135,40.311,61.716,45.163,45.515,50.163,49.453,53.656,40.788,48.985,49.317,55.374,42.967
38206,愛媛県,西条市,2024,53.77,46.917,58.875,45.786,51.448,49.873,53.822,49.769,47.528,43.487,46.124,48.216,65.789,62.639,46.796,45.79,51.527,36.63,66.407,53.424,48.931,57.173,54.005,43.686
38207,愛媛県,大洲市,2024,49.17,47.002,58.929,43.107,56.031,50.86,58.356,47.184,44.937,41.673,56.509,47.353,57.297,61.67,40.431,45.177,50.737,38.879,75.011,49.128,53.483,53.417,55.314,43.24
38210,愛媛県,伊予市,2024,46.822,47.608,61.682,44.302,44.593,47.677,52.97,45.205,49.015,39.636,56.509,54.86,48.804,59.664,46.113,45.113,55.139,45.325,79.926,50.188,45.26,44.766,51.505,45.664
38213,愛媛県,四国中央市,2024,50.949,49.108,56.172,45.342,48.115,49.63,52.724,55.349,40.84,38.616,46.124,50.692,48.804,64.199,45.712,46.494,51.039,39.436,56.09,37.604,52.145,49.901,58.286,42.679
38215,愛媛県,東温市,2024,52.788,46.137,56.678,46.897,52.764,47.41,48.806,45.171,51.974,39.661,46.124,53.128,40.311,61.983,44.277,48.873,49.688,39.97,75.824,45.604,45.929,46.988,55.2,41.803
39201,高知県,高知市,2024,43.867,53.389,51.235,50.897,53.277,50.47,50.072,41.893,42.939,49.655,46.124,47.468,48.804,62.801,47.999,51.529,49.912,44.372,38.931,49.107,52.141,48.398,51.54,46.07
39204,高知県,南国市,2024,47.327,45.699,56.009,45.216,50.995,47.764,56.195,44.116,38.245,42.863,35.74,53.973,40.311,60.505,44.924,51.037,47.265,46.027,48.27,53.402,52.145,46.196,48.465,44.488
39208,高知県,宿毛市,2024,51.654,49.244,59.981,45.744,79.161,45.693,60.111,42.332,40.644,47.251,35.74,50.488,57.297,64.674,51.519,45.473,47.11,40.979,76.469,50.594,51.81,46.691,47.274,39.625
40100,福岡県,北九州市,2024,47.764,51.467,48.875,51.983,49.611,53.736,51.539,39.816,61.936,58.653,66.893,41.001,74.282,48.759,51.808,50.595,48.025,53.937,41.034,42.121,55.164,49.176,46.108,50.063
40130,福岡県,福岡市,2024,46.507,52.458,40.876,53.557,50.716,51.999,44.506,45.542,68.127,57.114,66.893,46.235,57.297,47.143,47.806,46.852,49.298,53.997,39.963,52.002,50.124,54.033,49.209,65.692
40202,福岡県,大牟田市,2024,49.901,52.105,55.788,50.403,50.871,50.625,53.493,45.75,49.721,49.508,56.509,45.405,48.804,47.37,55.923,45.572,46.25,45.854,49.766,47.027,45.057,48.497,43.444,42.857
40203,福岡県,久留米市,2024,52.331,49.955,52.086,49.429,50.211,51.716,47.695,50.19,56.305,48.88,56.509,41.991,48.804,50.131,50.162,54.532,50.359,50.148,44.158,43.708,45.721,46.938,50.134,50.389
40204,福岡県,直方市,2024,51.288,48.818,56.892,46.933,49.672,49.829,50.596,42.425,51.689,54.474,35.74,39.369,48.804,53.949,49.739,51.647,48.354,46.059,62.422,49.583,45.26,44.386,42.685,43.314
40205,福岡県,飯塚市,2024,54.86,48.994,53.635,47.485,53.449,49.932,48.066,45.991,49.134,46.118,35.74,35.178,48.804,55.044,53.772,52.177,46.536,41.412,53.635,39.966,49.314,45.726,46.092,46.406
40206,福岡県,田川市,2024,53.012,51.16,55.02,48.711,49.848,56.518,51.93,49.941,43.904,44.383,35.74,34.519,40.311,49.556,44.236,53.157,47.7,46.536,78.131,42.0,45.26,44.727,37.673,43.424
40207,福岡県,柳川市,2024,51.693,46.579,60.009,46.72,46.2,48.077,51.512,48.669,42.866,41.47,46.124,51.043,40.311,48.649,46.8,42.019,57.095,43.854,66.18,49.2,45.26,51.408,45.453,47.539
40210,福岡県,八女市,2024,51.4,46.489,62.158,44.628,47.77,47.712,53.424,46.739,42.575,36.77,46.124,44.281,40.311,60.364,49.717,50.736,57.143,45.59,73.343,51.231,45.595,44.788,52.622,42.733
40211,福岡県,筑後市,2024,51.491,48.232,57.004,47.215,45.502,47.803,48.526,45.899,39.493,38.025,35.74,47.032,40.311,47.375,46.346,54.481,54.661,54.981,61.91,56.281,45.26,47.66,54.261,45.331
40213,福岡県,行橋市,2024,46.298,48.11,56.394,47.312,46.135,48.633,49.31,49.933,32.619,37.192,46.124,43.188,48.804,50.523,50.148,46.122,48.492,44.313,57.404,58.675,45.26,53.648,47.726,47.038
40214,福岡県,豊前市,2024,52.168,47.407,61.571,47.362,44.291,47.07,53.881,44.882,35.56,44.609,46.124,45.081,57.297,56.261,53.309,44.988,50.692,51.129,79.67,48.748,45.26,46.692,45.219,42.525
40215,福岡県,中間市,2024,50.14,46.578,56.458,53.179,48.764,49.337,54.43,45.683,39.876,46.414,56.509,44.476,48.804,45.324,50.746,47.945,47.607,43.933,59.032,52.44,45.26,45.745,37.723,46.919
40216,福岡県,小郡市,2024,51.306,46.696,57.088,48.365,47.496,46.763,50.582,48.834,39.752,44.543,46.124,54.693,40.311,48.234,47.294,53.956,47.823,54.427,61.337,66.448,45.26,47.037,46.291,46.024
40217,福岡県,筑紫野市,2024,46.52,49.735,51.208,45.028,49.065,44.281,37.367,48.096,42.495,45.509,35.74,50.705,48.804,54.175,47.115,50.935,48.012,51.204,47.92,61.381,50.499,48.802,48.462,50.51
40218,福岡県,春日市,2024,41.912,51.826,47.895,52.577,45.547,52.429,41.079,49.989,47.031,54.186,35.74,45.497,40.311,41.988,47.52,53.475,48.869,50.982,47.454,59.613,50.662,46.866,45.995,52.086
40219,福岡県,大野城市,2024,47.621,48.757,47.822,52.632,46.88,49.226,38.328,54.894,41.081,59.343,35.74,51.935,48.804,49.722,48.17,50.324,48.26,43.444,43.648,59.137,50.143,46.841,47.436,47.57
40220,福岡県,宗像市,2024,47.13,47.673,54.756,47.814,47.082,47.472,43.032,52.656,48.22,50.01,46.124,55.159,48.804,53.729,55.728,53.384,49.645,47.171,47.858,65.247,45.929,47.884,47.382,49.49
40221,福岡県,太宰府市,2024,46.68,49.492,52.432,48.765,48.356,52.091,43.825,54.902,44.017,42.818,56.509,48.821,48.804,51.432,45.54,51.542,49.974,44.361,52.291,62.385,59.699,50.251,40.578,48.75
40223,福岡県,古賀市,2024,48.712,45.761,52.897,47.173,47.093,47.603,44.163,48.578,36.311,43.97,46.124,51.523,48.804,53.185,39.205,47.365,48.472,51.451,53.602,53.723,45.26,45.896,50.074,49.372
40224,福岡県,福津市,2024,52.051,49.835,54.882,47.711,50.284,56.532,38.258,49.708,37.071,40.892,46.124,53.217,48.804,51.081,55.183,44.761,49.396,46.547,50.854,64.342,45.595,46.162,50.288,50.849
40228,福岡県,朝倉市,2024,44.648,45.551,63.153,42.158,43.482,46.541,52.934,46.737,40.146,35.267,35.74,47.902,57.297,59.34,50.904,51.692,53.203,48.567,68.229,53.501,45.595,44.856,51.048,46.794
40230,福岡県,糸島市,2024,48.681,47.369,57.718,47.757,46.6,46.38,45.574,46.361,42.624,49.717,35.74,51.683,48.804,58.457,50.351,49.69,54.293,46.17,64.018,62.341,45.929,49.414,45.844,54.615
40231,福岡県,那珂川市,2024,48.692,46.836,50.948,50.646,47.657,51.368,49.718,50.153,40.239,42.475,35.74,49.088,48.804,59.484,47.417,58.06,51.673,51.804,50.707,52.496,51.81,50.167,46.484,52.421
40343,福岡県,志免町,2024,45.605,52.168,50.102,50.589,49.8,49.401,37.042,46.255,41.539,48.012,35.74,47.327,40.311,44.047,55.835,46.217,47.411,55.76,45.378,56.793,45.595,45.356,46.83,50.118
40349,福岡県,粕屋町,2024,45.826,50.411,45.888,51.746,47.466,63.966,37.07,50.938,38.54,48.25,35.74,41.013,40.311,45.732,55.649,48.04,50.337,49.638,40.636,48.849,45.26,46.043,51.815,49.39
40621,福岡県,苅田町,2024,50.769,48.761,51.937,46.605,47.234,51.627,48.003,52.062,40.586,45.529,35.74,36.219,57.297,48.893,52.626,46.256,46.38,50.306,58.814,55.023,45.26,45.512,52.254,43.094
41201,佐賀県,佐賀市,2024,51.61,50.789,53.861,47.425,52.144,50.878,49.033,52.176,58.867,48.892,66.893,39.926,57.297,55.398,48.99,48.228,54.713,47.725,65.505,62.051,50.847,54.083,55.083,47.541
41202,佐賀県,唐津市,2024,47.075,48.184,59.983,46.793,49.39,47.018,55.018,43.243,38.359,35.937,66.893,45.461,80.0,57.417,53.116,42.99,53.496,42.786,73.475,49.329,49.631,46.174,51.3,45.426
41203,佐賀県,鳥栖市,2024,51.561,48.392,52.599,45.871,50.202,50.384,44.359,51.125,42.122,43.686,35.74,48.33,40.311,53.661,44.282,52.926,50.561,38.92,56.296,57.278,45.26,47.158,53.169,48.457
41205,佐賀県,伊万里市,2024,49.528,47.541,58.984,44.985,51.667,49.365,52.985,47.938,40.665,40.838,35.74,45.54,57.297,57.574,46.33,48.137,55.084,42.316,71.004,52.28,52.145,45.338,54.904,45.417
41206,佐賀県,武雄市,2024,48.379,46.769,61.262,41.428,55.595,49.436,51.344,54.134,39.881,43.764,46.124,46.96,40.311,56.343,51.975,47.993,58.775,37.685,73.989,56.882,52.145,46.889,53.359,43.911
41208,佐賀県,小城市,2024,45.622,44.43,60.551,41.742,44.418,52.118,51.379,45.663,40.557,36.374,35.74,51.651,48.804,53.86,49.363,53.023,58.054,40.203,52.726,64.757,51.81,44.789,51.634,44.275
41341,佐賀県,基山町,2024,53.247,42.96,57.664,45.171,43.871,47.091,52.202,55.392,40.801,51.817,35.74,55.466,48.804,57.733,51.829,55.157,52.061,50.103,76.763,62.402,51.81,47.286,48.46,53.23
41401,佐賀県,有田町,2024,52.299,45.311,63.885,48.142,43.233,45.591,52.531,51.509,37.51,47.061,35.74,51.025,40.311,57.633,48.678,48.201,58.097,42.098,80.0,60.691,52.145,48.827,54.503,41.495
42201,長崎県,長崎市,2024,46.844,49.873,50.657,53.752,50.132,48.198,55.812,46.238,52.962,48.766,66.893,51.901,65.789,52.999,48.267,51.994,49.05,45.764,53.128,44.272,54.926,49.375,49.475,47.032
42202,長崎県,佐世保市,2024,50.21,47.761,53.872,51.721,52.87,51.251,53.656,52.445,52.1,52.028,46.124,50.405,57.297,53.919,48.383,49.441,54.15,43.541,58.903,45.274,54.319,47.927,51.868,45.103
42203,長崎県,島原市,2024,57.064,48.185,59.082,49.865,56.875,53.319,56.017,56.491,43.217,42.876,46.124,52.646,48.804,54.14,53.898,45.202,51.084,42.345,76.329,47.339,45.26,51.445,53.144,44.053
42204,長崎県,諫早市,2024,49.835,49.091,55.433,47.149,52.972,49.535,50.243,55.828,37.608,45.919,35.74,52.972,48.804,55.419,50.577,47.687,50.724,40.209,70.341,55.895,49.316,49.338,53.528,45.555
42205,長崎県,大村市,2024,53.675,48.987,54.965,48.058,49.133,49.716,45.071,47.81,47.614,46.928,46.124,55.239,48.804,56.434,53.337,50.722,49.755,45.527,62.587,54.088,51.81,49.843,53.006,47.996
42214,長崎県,南島原市,2024,53.712,43.479,66.098,46.913,53.836,49.509,59.025,50.207,43.671,37.309,46.124,55.264,48.804,56.5,56.056,45.717,54.315,38.921,80.0,44.81,45.26,47.891,50.002,42.931
42307,長崎県,長与町,2024,49.033,47.438,56.507,53.063,43.538,51.542,46.262,49.571,38.581,46.202,35.74,62.204,40.311,52.48,51.96,48.583,51.405,52.853,51.061,58.962,45.26,46.947,53.448,48.598
43100,熊本県,熊本市,2024,49.643,50.363,49.685,51.652,50.982,55.474,45.132,42.064,58.087,55.279,66.893,53.095,65.789,47.976,49.939,56.231,50.899,44.346,41.267,58.902,47.112,53.273,50.644,53.625
43202,熊本県,八代市,2024,50.66,47.606,57.76,48.04,50.266,51.562,54.132,43.919,51.181,41.356,46.124,53.17,48.804,65.45,49.385,46.072,53.969,43.142,72.119,50.996,49.321,46.394,48.415,43.232
43204,熊本県,荒尾市,2024,48.011,46.037,57.865,48.579,60.376,52.818,51.609,42.914,50.87,53.148,56.509,51.727,40.311,48.74,55.395,45.517,49.509,48.3,60.118,50.072,45.595,44.888,42.383,43.664
43206,熊本県,玉名市,2024,51.966,46.184,60.019,46.501,49.001,48.436,52.649,46.386,43.718,41.644,56.509,52.935,48.804,51.715,46.456,51.765,52.749,38.86,80.0,59.267,52.145,44.445,50.223,43.148
43208,熊本県,山鹿市,2024,54.412,46.357,61.791,46.217,49.107,50.486,51.891,49.182,42.236,39.525,46.124,52.114,48.804,57.799,46.374,46.632,54.099,44.049,80.0,50.816,52.145,44.249,52.232,42.56
43210,熊本県,菊池市,2024,53.297,45.346,59.37,45.387,49.789,50.554,54.038,48.944,42.826,36.949,56.509,56.195,48.804,57.682,53.509,50.605,56.053,50.298,74.97,53.637,51.81,45.082,48.263,43.963
43213,熊本県,宇城市,2024,52.553,44.344,58.779,41.164,50.532,48.704,52.45,47.781,42.408,42.534,56.509,56.239,48.804,54.546,54.674,47.459,52.91,39.289,70.814,56.484,45.595,45.6,49.41,45.126
43215,熊本県,天草市,2024,53.096,45.41,60.343,44.538,53.849,53.915,56.053,47.715,43.126,40.92,46.124,50.991,65.789,58.628,49.913,47.643,54.772,43.296,80.0,48.722,45.595,45.867,50.337,42.213
43216,熊本県,合志市,2024,53.556,44.092,57.472,49.653,42.271,53.335,38.682,49.708,43.881,51.532,35.74,61.453,40.311,49.09,46.734,49.749,52.231,47.651,63.927,57.689,45.26,46.609,47.672,53.971
43404,熊本県,菊陽町,2024,56.612,50.034,50.892,47.567,50.013,45.092,38.022,48.503,43.208,46.706,35.74,53.982,40.311,49.605,45.307,50.776,49.461,47.24,52.458,61.019,45.26,46.811,57.209,47.585
44201,大分県,大分市,2024,48.13,50.574,50.367,49.804,50.043,52.755,46.644,47.423,51.582,54.017,56.509,54.861,65.789,53.181,44.188,49.587,52.11,47.432,47.353,60.397,46.392,47.454,53.84,50.845
44202,大分県,別府市,2024,51.498,54.215,50.123,52.655,58.894,53.17,50.942,48.407,46.681,46.149,56.509,49.682,65.789,53.076,52.968,50.909,47.466,50.091,66.379,50.408,45.753,48.051,48.174,46.983
44203,大分県,中津市,2024,47.362,48.809,56.156,45.842,53.843,51.844,53.763,47.301,44.284,39.766,46.124,49.524,48.804,58.51,43.897,48.728,53.958,47.25,60.079,49.012,52.814,46.758,52.398,45.233
44204,大分県,日田市,2024,50.709,47.683,58.413,45.881,51.688,51.73,56.035,47.748,46.766,39.285,46.124,53.266,65.789,62.623,48.991,52.729,55.669,47.954,72.775,52.608,53.483,52.132,53.677,44.458
44205,大分県,佐伯市,2024,49.405,48.08,60.526,44.15,60.997,47.456,56.863,46.547,37.315,49.228,66.893,51.95,57.297,60.853,51.786,43.441,49.217,43.668,80.0,54.259,45.26,55.572,47.911,40.858
44211,大分県,宇佐市,2024,51.344,45.812,60.151,42.133,48.809,47.958,56.52,45.044,41.367,39.245,46.124,44.799,57.297,54.834,51.252,49.973,54.504,50.578,76.535,57.343,46.264,50.006,48.912,42.523
45201,宮崎県,宮崎市,2024,52.986,51.363,51.369,49.404,52.462,51.376,45.674,49.604,39.187,57.068,56.509,46.619,65.789,59.79,50.171,49.416,48.73,49.571,40.709,59.322,51.125,47.64,51.368,51.228
45202,宮崎県,都城市,2024,55.369,49.201,56.707,45.589,50.119,50.503,52.662,46.936,51.734,48.801,46.124,42.712,57.297,59.921,47.51,51.661,48.794,50.191,58.121,44.527,45.223,44.086,53.5,47.083
45203,宮崎県,延岡市,2024,54.957,49.93,55.848,48.11,55.06,52.976,54.456,46.464,55.053,42.617,46.124,49.972,57.297,63.738,51.962,47.825,51.378,44.451,57.227,48.197,45.26,45.226,52.476,43.984
45204,宮崎県,日南市,2024,51.178,48.043,59.296,45.782,53.351,49.295,56.263,44.421,41.139,46.402,46.124,50.026,74.282,66.421,52.935,44.811,49.816,46.496,67.352,45.561,45.26,44.049,48.887,46.13
45206,宮崎県,日向市,2024,54.644,52.901,56.422,47.816,55.927,52.581,54.61,42.986,43.011,46.488,56.509,48.596,57.297,63.765,54.72,46.176,52.491,47.738,56.828,58.408,45.26,45.712,54.492,43.746
46201,鹿児島県,鹿児島市,2024,46.561,51.066,49.2,52.884,50.462,51.095,47.776,48.454,54.525,49.024,77.277,48.697,74.282,59.71,50.624,53.98,48.123,49.894,38.675,51.078,51.147,48.596,51.62,51.297
46203,鹿児島県,鹿屋市,2024,53.683,46.435,56.241,44.324,54.036,52.558,51.788,46.562,51.42,46.005,35.74,48.865,40.311,59.166,50.795,57.694,50.646,40.41,56.776,42.684,44.233,47.537,54.374,45.411
46208,鹿児島県,出水市,2024,47.983,44.542,58.096,47.815,51.274,52.304,54.926,51.915,41.12,38.786,46.124,46.944,48.804,63.764,50.678,48.401,49.763,54.444,73.117,54.655,51.81,46.26,50.185,45.332
46215,鹿児島県,薩摩川内市,2024,53.147,44.753,55.494,46.079,53.71,50.447,53.762,49.189,46.517,41.873,46.124,44.493,57.297,62.939,53.333,51.054,50.179,41.573,75.052,50.94,52.145,46.867,50.623,44.408
46216,鹿児島県,日置市,2024,52.915,44.564,59.275,45.346,52.111,48.475,53.761,50.341,44.087,44.479,35.74,43.898,40.311,61.772,58.868,51.512,49.726,46.917,79.285,59.746,45.26,49.639,46.883,43.611
46218,鹿児島県,霧島市,2024,50.018,46.73,54.134,45.035,52.432,52.039,54.08,50.177,47.198,44.432,46.124,41.995,48.804,62.146,53.929,47.365,47.133,42.558,71.069,52.174,45.237,46.268,51.716,45.811
46222,鹿児島県,奄美市,2024,53.031,48.175,51.411,51.057,64.278,53.999,59.026,45.572,36.301,47.187,46.124,49.635,48.804,59.539,49.223,39.902,46.615,43.396,76.069,32.7,45.595,45.158,50.611,49.351
46225,鹿児島県,姶良市,2024,50.058,47.291,56.328,46.932,49.05,47.62,48.156,48.896,41.827,40.837,35.74,49.099,57.297,66.334,51.649,45.71,49.45,38.606,67.21,58.712,51.81,46.644,49.271,50.01
47201,沖縄県,那覇市,2024,48.895,56.442,41.038,52.094,55.232,56.314,49.022,49.766,55.299,53.409,46.124,53.34,57.297,43.014,51.51,49.155,43.337,52.805,60.668,40.472,53.188,51.902,39.093,56.62
47205,沖縄県,宜野湾市,2024,51.3,53.405,43.664,47.92,53.014,55.64,43.452,43.17,47.934,49.416,46.124,56.788,40.311,43.987,46.423,48.425,46.664,49.506,67.051,47.652,46.788,50.699,37.988,52.459
47207,沖縄県,石垣市,2024,56.096,51.52,46.196,50.578,80.0,57.355,55.194,45.865,45.331,53.476,46.124,55.103,48.804,52.234,54.434,47.83,49.047,47.538,80.0,41.693,46.264,51.526,55.048,55.522
47208,沖縄県,浦添市,2024,51.246,53.97,43.588,48.738,54.712,50.26,43.128,52.039,43.948,49.006,46.124,56.729,48.804,42.962,47.585,46.689,44.317,47.416,72.317,41.455,50.376,46.333,41.261,55.286
47209,沖縄県,名護市,2024,54.861,48.858,47.317,43.403,58.032,52.024,51.704,47.668,42.432,53.315,46.124,50.236,48.804,55.215,50.429,40.776,44.864,40.851,80.0,41.871,45.595,47.9,46.595,55.77
47210,沖縄県,糸満市,2024,54.429,48.736,48.945,48.521,50.624,49.395,47.791,53.598,38.23,49.97,46.124,56.137,57.297,50.199,48.545,44.72,47.302,46.944,65.971,32.81,45.26,45.842,42.797,55.196
47211,沖縄県,沖縄市,2024,53.27,52.088,47.23,45.767,48.433,54.076,44.693,46.148,49.598,51.368,46.124,58.264,40.311,47.004,53.936,48.735,42.523,43.696,58.487,37.117,45.442,44.448,36.178,51.701
47212,沖縄県,豊見城市,2024,51.2,51.374,47.128,48.117,45.72,52.649,41.714,45.716,34.285,50.882,46.124,63.864,40.311,49.098,44.271,47.394,47.472,43.041,56.563,45.861,45.26,45.682,44.277,56.805
47213,沖縄県,うるま市,2024,53.83,47.743,51.167,46.464,48.367,57.323,48.361,41.848,39.663,52.563,46.124,60.124,48.804,49.747,50.783,47.446,44.818,41.215,67.761,31.084,45.12,44.423,37.391,56.521
47214,沖縄県,宮古島市,2024,55.749,49.734,49.389,47.183,80.0,55.465,54.802,43.221,47.842,51.199,46.124,51.049,40.311,50.026,56.313,52.556,50.22,36.642,78.298,32.584,45.595,45.946,58.526,56.639
01100,北海道,札幌市,2023,43.568,50.537,46.895,55.029,47.599,48.346,48.316,43.064,65.799,57.059,67.575,52.891,53.921,47.472,56.976,53.784,48.883,54.328,62.473,49.706,48.955,50.121,43.795,56.722
01202,北海道,函館市,2023,48.228,51.821,52.622,52.753,49.411,47.919,55.61,44.65,51.376,55.494,46.245,49.296,41.267,53.268,48.705,54.905,47.341,54.091,59.825,27.445,51.284,47.395,44.649,45.576
01203,北海道,小樽市,2023,45.945,50.812,54.782,52.877,50.335,46.241,56.336,46.23,37.073,51.397,46.245,51.177,53.921,53.799,51.274,51.159,49.987,46.795,57.816,26.217,54.873,49.22,37.534,42.511
01204,北海道,旭川市,2023,49.08,52.176,54.503,52.024,48.625,49.118,50.7,44.591,47.91,58.675,67.575,55.668,41.267,51.404,49.412,52.006,46.949,48.432,49.012,46.151,49.23,49.103,48.037,45.561
01205,北海道,室蘭市,2023,44.904,49.21,52.361,52.374,45.278,49.427,54.509,43.663,54.828,59.295,35.579,51.704,41.267,47.882,50.563,43.468,47.592,46.886,67.978,39.242,51.883,48.743,45.939,41.083
01206,北海道,釧路市,2023,49.075,52.126,52.271,52.256,51.747,47.661,52.615,40.865,46.468,53.365,46.245,55.484,53.921,50.992,55.995,47.434,46.411,45.926,45.051,26.365,44.9,46.816,47.623,43.505
01207,北海道,帯広市,2023,52.127,53.633,53.286,52.096,49.654,49.001,49.709,41.848,50.534,63.001,35.579,55.998,53.921,50.626,53.461,51.482,47.575,43.474,54.124,45.96,45.152,46.876,54.6,46.273
01208,北海道,北見市,2023,52.914,49.533,54.8,50.124,48.821,47.762,54.476,44.047,41.196,52.226,56.91,56.614,53.921,50.242,51.898,47.009,49.68,38.897,49.334,43.256,44.929,45.147,50.411,45.752
01210,北海道,岩見沢市,2023,49.515,44.712,56.895,47.887,49.35,44.827,52.734,40.53,44.047,58.574,35.579,55.28,41.267,51.139,46.842,49.611,50.308,40.44,58.213,44.522,51.883,44.462,44.273,43.787
01211,北海道,網走市,2023,47.831,47.276,53.075,51.408,56.934,46.269,55.49,44.312,42.249,54.762,35.579,56.88,53.921,50.142,52.913,49.169,52.115,45.215,66.853,41.74,45.963,47.636,54.949,42.911
01213,北海道,苫小牧市,2023,52.584,50.327,51.855,50.049,53.583,49.931,50.335,44.238,46.565,60.355,35.579,49.24,53.921,52.553,51.918,45.721,46.876,50.887,48.408,41.585,44.447,44.511,52.302,44.365
01217,北海道,江別市,2023,46.058,48.285,55.502,51.272,44.591,42.628,46.903,50.007,43.841,51.404,35.579,60.317,41.267,47.55,50.228,52.971,48.293,54.802,59.461,57.758,44.924,50.887,39.249,47.631
01222,北海道,三笠市,2023,39.933,44.257,56.664,46.828,55.469,41.072,59.425,42.877,36.302,58.929,35.579,43.486,41.267,56.674,55.697,51.38,51.94,35.315,79.425,38.741,51.883,44.034,39.253,39.762
01224,北海道,千歳市,2023,45.863,50.041,51.637,50.036,51.245,53.746,49.224,46.714,47.54,58.137,35.579,52.915,53.921,54.475,54.676,54.091,46.525,49.882,64.624,56.392,45.291,46.073,54.124,47.188
01225,北海道,滝川市,2023,43.083,49.97,54.07,52.113,52.036,44.924,51.638,44.007,33.858,58.228,35.579,50.082,41.267,48.333,47.225,52.155,46.436,43.65,69.342,45.826,45.291,43.848,51.517,45.612
01230,北海道,登別市,2023,46.475,47.971,56.25,48.923,48.514,44.692,55.836,45.479,42.919,50.898,35.579,55.012,53.921,55.361,48.03,44.114,49.619,36.816,65.161,53.228,45.291,49.552,46.198,40.837
01231,北海道,恵庭市,2023,45.009,47.235,54.722,49.934,47.969,45.967,46.166,47.577,48.434,61.979,35.579,54.86,53.921,54.219,52.32,54.153,45.879,39.999,64.592,59.811,45.291,45.279,44.836,44.295
01234,北海道,北広島市,2023,51.148,46.188,57.509,46.922,51.801,46.578,49.471,46.818,36.535,62.52,35.579,61.309,41.267,50.757,47.985,56.253,51.341,46.754,51.573,58.71,45.291,46.103,40.419,48.35
01235,北海道,石狩市,2023,45.227,48.172,60.441,49.89,50.571,46.129,47.218,47.896,45.405,51.867,35.579,54.392,53.921,52.333,53.553,49.81,52.125,50.288,57.83,51.62,51.883,45.094,41.986,45.181
01236,北海道,北斗市,2023,49.406,46.398,57.302,46.6,47.044,44.579,55.967,47.418,36.431,54.163,35.579,54.979,41.267,54.681,52.708,43.911,49.419,40.469,68.37,36.977,45.291,46.848,41.013,47.185
01631,北海道,音更町,2023,55.194,46.167,58.31,45.819,47.212,48.475,54.242,46.109,41.364,52.84,35.579,61.445,41.267,50.218,49.079,50.555,47.138,41.725,68.265,49.64,45.291,53.864,50.273,45.217
02201,青森県,青森市,2023,55.261,50.264,57.401,51.105,48.43,51.118,50.633,47.781,49.014,51.813,46.245,51.202,53.921,52.954,46.472,47.038,50.687,47.383,48.637,27.69,45.995,49.031,45.857,47.105
02202,青森県,弘前市,2023,55.447,50.319,57.815,51.781,51.274,49.508,52.652,45.51,37.015,49.996,56.91,53.828,66.575,51.034,45.759,53.927,52.343,41.739,52.053,29.906,49.961,48.074,51.844,43.596
02203,青森県,八戸市,2023,52.5,48.972,56.093,50.835,51.484,53.357,53.995,42.603,51.076,52.45,56.91,50.651,66.575,46.98,51.155,52.603,50.979,48.912,47.081,26.016,45.641,46.308,50.554,41.703
02205,青森県,五所川原市,2023,55.235,49.403,63.693,45.708,49.122,46.273,56.215,39.256,34.241,47.123,35.579,50.406,53.921,53.069,51.061,53.438,53.384,36.792,78.264,31.614,45.963,44.593,43.52,43.267
02206,青森県,十和田市,2023,54.099,48.792,60.399,46.299,61.109,50.13,56.317,46.379,41.841,41.211,35.579,51.589,53.921,50.779,51.551,49.646,51.38,51.349,55.637,26.617,45.627,43.934,52.468,44.082
02207,青森県,三沢市,2023,52.486,51.723,57.374,48.645,54.445,53.186,52.271,45.164,37.196,55.913,35.579,48.854,41.267,47.701,48.395,46.152,45.97,48.984,79.24,35.737,45.291,46.201,53.726,43.71
02208,青森県,むつ市,2023,51.719,47.923,61.13,45.617,53.465,49.292,55.233,38.7,37.418,41.33,56.91,51.897,66.575,54.427,49.286,43.146,52.604,38.78,67.438,20.0,45.627,46.542,49.612,39.781
03201,岩手県,盛岡市,2023,54.946,51.073,51.603,52.007,55.04,48.871,51.122,46.801,54.296,53.557,56.91,52.751,53.921,54.472,51.616,50.724,51.191,48.053,56.862,43.626,46.674,50.184,52.71,48.905
03202,岩手県,宮古市,2023,50.881,45.482,57.883,43.656,51.145,45.126,58.292,44.283,44.85,38.225,35.579,57.076,66.575,56.713,56.592,47.62,50.688,43.068,72.941,27.113,45.291,50.402,50.293,40.036
03205,岩手県,花巻市,2023,56.253,46.612,64.04,43.147,48.463,46.674,53.069,48.355,31.268,49.171,35.579,56.203,53.921,54.918,51.727,52.826,56.142,45.072,65.761,39.983,46.299,44.255,54.386,41.695
03206,岩手県,北上市,2023,53.651,47.643,60.062,45.283,50.079,52.633,50.391,46.987,49.069,49.196,46.245,52.717,53.921,53.859,48.298,56.475,50.856,48.752,65.309,48.672,45.963,44.099,55.649,46.927
03209,岩手県,一関市,2023,53.056,45.484,62.862,44.072,52.916,48.729,55.375,45.697,49.225,37.909,46.245,55.375,66.575,53.563,57.148,52.179,55.511,49.059,76.613,37.663,44.603,47.676,54.298,40.313
03215,岩手県,奥州市,2023,54.704,47.108,62.98,44.684,55.407,47.438,52.366,43.385,46.855,40.418,46.245,54.896,66.575,52.765,48.477,51.347,56.072,46.464,72.499,51.519,45.359,44.687,54.789,43.488
03216,岩手県,滝沢市,2023,52.758,41.828,56.713,46.01,43.931,36.634,50.548,44.793,42.786,46.045,35.579,61.869,53.921,53.815,52.631,49.061,53.736,43.523,56.389,45.66,45.291,48.494,53.104,49.215
03321,岩手県,紫波町,2023,50.605,43.419,63.903,43.699,44.376,43.109,52.893,45.405,33.127,45.27,35.579,62.431,41.267,54.714,54.557,51.031,56.291,46.111,66.692,40.359,45.627,52.716,50.377,41.289
03322,岩手県,矢巾町,2023,60.339,45.851,58.537,43.152,41.215,44.944,46.205,36.888,36.524,35.928,35.579,57.037,41.267,52.554,47.923,50.501,54.47,48.939,70.934,46.407,45.291,44.854,52.819,41.756
04100,宮城県,仙台市,2023,52.78,49.939,45.967,53.705,48.391,52.777,47.666,44.477,71.031,59.943,56.91,52.792,53.921,48.901,55.933,53.485,50.368,50.6,36.311,61.981,51.969,50.463,50.011,59.106
04202,宮城県,石巻市,2023,47.874,47.24,57.059,46.961,47.372,46.773,55.561,39.901,39.755,51.749,46.245,46.251,53.921,52.269,51.097,47.559,55.255,49.441,55.422,43.201,48.829,45.548,52.663,41.785
04203,宮城県,塩竈市,2023,49.556,50.477,57.863,51.116,48.369,45.046,50.307,45.504,44.841,57.751,46.245,55.779,41.267,43.913,49.42,45.097,49.048,50.89,58.196,50.78,52.219,45.808,41.79,44.893
04205,宮城県,気仙沼市,2023,54.235,46.894,61.084,48.51,49.62,45.466,57.263,41.138,46.073,42.255,35.579,52.042,53.921,53.726,55.417,50.595,54.799,40.902,76.77,47.166,51.883,45.588,53.266,41.531
04207,宮城県,名取市,2023,51.12,49.929,54.802,44.98,52.086,40.374,42.364,43.809,48.915,48.965,35.579,53.224,41.267,48.536,49.243,48.364,50.199,46.919,48.279,51.126,45.963,46.536,50.27,44.227
04209,宮城県,多賀城市,2023,50.764,50.368,50.95,50.966,47.389,49.209,48.469,54.958,44.388,47.883,46.245,53.972,41.267,43.613,45.516,44.887,49.555,44.274,46.839,54.27,51.883,49.314,47.274,45.101
04211,宮城県,岩沼市,2023,52.813,47.866,54.247,46.567,47.098,43.357,43.146,52.071,49.134,54.668,35.579,53.382,41.267,48.738,53.059,45.543,48.087,47.185,58.558,47.381,45.291,45.293,49.761,44.616
04212,宮城県,登米市,2023,56.899,44.158,64.618,42.883,51.837,46.999,54.503,42.839,38.511,41.802,46.245,57.865,53.921,52.223,52.884,50.973,56.305,52.204,79.207,36.081,45.627,49.915,54.136,40.862
04213,宮城県,栗原市,2023,55.128,43.808,65.847,41.237,44.337,45.401,54.746,42.353,42.85,42.128,35.579,56.848,53.921,53.846,55.832,54.327,56.739,46.148,79.297,46.673,45.291,45.864,54.176,42.602
04214,宮城県,東松島市,2023,48.359,47.039,60.4,44.801,49.145,50.507,53.336,43.208,31.858,54.336,35.579,53.754,41.267,49.266,56.434,47.429,52.77,39.625,71.095,46.774,45.291,44.439,43.187,43.075
04215,宮城県,大崎市,2023,52.711,46.824,57.933,42.894,47.252,49.016,52.11,44.172,31.774,42.339,46.245,52.253,53.921,53.714,55.924,51.125,54.211,46.896,64.935,41.462,44.279,46.162,49.373,40.424
04216,宮城県,富谷市,2023,54.251,46.579,57.728,47.11,48.49,47.166,46.428,44.416,37.531,48.989,35.579,64.756,41.267,48.358,48.096,52.166,52.885,44.362,56.01,58.641,45.291,46.053,52.782,52.782
04323,宮城県,柴田町,2023,52.205,49.742,55.842,48.253,45.523,41.762,52.187,43.966,43.293,51.433,46.245,53.005,41.267,50.461,49.168,47.685,49.522,42.901,65.955,47.659,45.291,44.78,41.023,41.285
05201,秋田県,秋田市,2023,50.445,50.114,55.494,50.524,51.957,48.348,51.227,47.257,63.552,51.018,46.245,53.062,41.267,54.903,53.647,50.336,51.397,48.777,53.098,47.718,51.699,50.174,50.618,46.812
05202,秋田県,能代市,2023,47.798,49.832,64.153,45.521,52.449,45.422,53.131,46.854,36.391,41.782,35.579,53.035,41.267,55.053,53.912,52.78,51.035,45.487,77.648,38.681,51.883,49.772,45.92,40.086
05203,秋田県,横手市,2023,52.703,45.928,65.248,44.99,50.184,44.888,52.443,43.67,48.246,50.326,46.245,60.608,41.267,55.265,47.874,53.318,56.682,45.908,77.279,39.975,46.299,48.088,52.998,44.126
05204,秋田県,大館市,2023,50.319,46.592,62.946,45.574,52.867,45.369,54.115,42.288,39.575,46.85,35.579,58.577,41.267,57.739,50.127,50.696,53.127,41.447,76.264,33.985,45.627,48.829,50.215,41.333
05207,秋田県,湯沢市,2023,55.113,46.254,66.868,45.724,48.28,43.589,55.023,38.608,37.055,39.697,35.579,60.69,53.921,59.548,49.481,52.732,55.548,42.495,77.107,41.188,45.291,45.176,48.346,44.112
05210,秋田県,由利本荘市,2023,49.714,47.234,65.179,42.078,48.121,46.61,54.424,43.647,44.102,45.171,35.579,59.459,66.575,56.919,56.378,50.713,53.869,46.813,79.098,38.022,52.219,45.907,53.013,39.659
05211,秋田県,潟上市,2023,45.823,43.368,63.642,46.333,46.35,37.08,52.481,41.755,31.439,46.682,35.579,61.674,41.267,52.276,55.087,48.502,52.905,48.118,73.245,38.794,45.963,43.721,44.785,44.92
05212,秋田県,大仙市,2023,50.97,45.323,65.442,42.089,52.676,44.516,56.499,42.367,51.072,46.596,35.579,60.72,41.267,56.341,51.107,49.972,54.537,52.946,78.966,36.943,46.299,51.04,52.393,41.592
06201,山形県,山形市,2023,51.006,50.44,55.394,47.462,51.148,50.604,48.467,45.669,46.723,53.251,46.245,48.872,53.921,52.373,51.818,56.677,55.534,48.994,50.799,61.884,52.689,47.171,54.638,46.681
06202,山形県,米沢市,2023,53.147,49.737,57.704,47.63,48.687,46.582,52.856,46.771,41.177,42.439,56.91,50.008,66.575,56.202,56.473,52.101,53.785,45.716,64.222,46.557,45.627,49.113,53.621,44.06
06203,山形県,鶴岡市,2023,56.403,48.485,64.199,44.354,50.83,48.612,52.458,48.916,42.95,42.054,56.91,51.685,53.921,58.806,56.83,53.762,58.428,50.019,77.968,47.864,59.169,45.235,56.52,45.845
06204,山形県,酒田市,2023,54.067,49.68,63.776,45.872,48.245,46.925,51.408,46.915,41.403,48.669,46.245,51.492,53.921,56.014,56.198,47.337,59.602,45.699,67.758,40.191,48.721,45.796,52.714,42.955
06206,山形県,寒河江市,2023,53.508,50.984,65.812,45.146,51.034,44.487,52.18,48.553,35.339,50.634,35.579,54.261,41.267,54.431,53.174,52.113,59.471,46.656,71.977,53.668,52.219,44.755,53.586,42.461
06209,山形県,長井市,2023,53.013,47.884,65.408,45.441,48.179,46.421,53.539,42.309,35.788,40.771,46.245,59.648,66.575,57.593,58.45,52.088,55.564,51.445,78.393,55.51,45.291,46.271,57.993,42.244
06210,山形県,天童市,2023,54.355,49.922,60.376,45.485,51.811,50.601,49.771,53.251,45.757,49.112,35.579,48.105,41.267,51.135,51.031,58.455,58.185,42.06,69.983,55.15,52.219,45.914,55.782,47.13
06211,山形県,東根市,2023,52.24,45.39,61.273,45.985,48.825,47.016,51.14,50.032,39.557,43.427,35.579,52.324,41.267,54.679,42.955,52.101,55.404,44.626,60.719,57.786,45.291,44.361,58.159,43.884
07201,福島県,福島市,2023,54.273,49.135,53.827,48.741,50.125,49.902,51.199,49.331,46.642,45.734,46.245,54.042,53.921,53.146,55.37,50.325,53.892,43.731,47.595,46.373,46.142,52.169,52.019,46.058
07202,福島県,会津若松市,2023,55.543,51.403,55.383,50.342,52.937,48.008,52.993,53.916,61.789,50.751,46.245,53.185,53.921,52.831,57.955,50.296,53.484,45.118,59.633,45.086,49.999,46.085,53.299,44.375
07203,福島県,郡山市,2023,51.377,49.017,53.593,47.867,49.408,48.353,48.682,48.422,53.678,46.589,46.245,49.751,53.921,51.906,51.251,53.315,51.778,45.466,42.45,47.428,49.683,47.122,51.889,45.708
07204,福島県,いわき市,2023,48.822,46.531,55.357,46.183,49.302,47.208,55.031,48.471,53.213,44.841,46.245,52.088,41.267,51.849,58.071,47.893,51.07,44.939,53.267,28.031,45.428,45.583,47.55,44.591
07205,福島県,白河市,2023,49.411,45.873,58.788,43.828,53.971,49.098,54.131,53.417,51.82,45.893,67.575,54.798,41.267,52.693,55.15,50.701,56.314,38.931,68.42,39.864,45.291,46.408,50.812,43.445
07207,福島県,須賀川市,2023,51.549,45.886,60.157,44.096,54.027,45.009,51.862,45.429,46.5,45.254,35.579,59.104,41.267,51.432,50.823,53.161,58.592,40.215,62.97,39.971,45.291,51.772,54.904,42.023
07208,福島県,喜多方市,2023,51.225,47.479,64.943,45.814,44.948,50.617,56.995,44.725,39.843,37.86,46.245,51.319,66.575,56.53,48.419,50.019,55.043,37.229,69.185,42.604,52.555,52.118,53.26,41.241
07210,福島県,二本松市,2023,49.038,43.633,62.31,41.488,44.749,46.983,56.734,47.572,34.319,36.403,46.245,55.718,53.921,51.86,52.525,51.457,56.369,42.11,77.362,43.832,45.291,53.379,51.438,41.531
07212,福島県,南相馬市,2023,45.712,46.249,58.851,41.565,47.559,46.975,55.365,46.196,39.986,43.018,35.579,42.796,53.921,51.02,58.654,52.111,55.04,45.988,68.286,43.297,45.627,44.553,51.576,44.456
07213,福島県,伊達市,2023,51.74,45.483,62.588,47.455,45.656,46.074,55.214,41.93,45.672,35.26,35.579,59.672,41.267,52.327,44.181,46.983,53.088,45.27,63.69,41.976,45.627,43.619,48.031,40.88
07466,福島県,矢吹町,2023,55.643,46.082,58.037,44.166,57.618,50.05,48.27,44.828,44.46,40.692,35.579,52.364,41.267,50.206,49.579,47.103,52.011,29.119,73.657,40.518,45.291,44.647,50.761,44.062
08201,茨城県,水戸市,2023,53.146,51.838,52.262,48.059,51.697,50.441,46.492,46.306,47.322,54.071,78.241,46.254,41.267,47.719,56.616,54.21,48.858,41.737,49.357,40.378,50.723,49.132,51.444,48.854
08202,茨城県,日立市,2023,50.033,49.787,55.875,49.661,49.586,48.053,51.793,52.45,45.26,50.625,46.245,49.916,41.267,52.588,52.766,48.826,49.048,44.577,51.832,50.003,44.41,45.674,43.154,44.147
08203,茨城県,土浦市,2023,52.603,49.579,53.965,46.433,50.371,47.471,44.422,51.787,39.879,47.58,56.91,44.598,66.575,47.861,50.589,49.644,50.684,50.27,47.046,39.391,45.205,49.688,45.609,47.265
08204,茨城県,古河市,2023,50.713,47.248,56.571,46.975,48.926,47.139,50.191,47.691,39.66,41.276,56.91,49.031,41.267,49.923,46.576,52.494,52.507,47.853,54.355,39.143,44.603,46.738,46.93,45.968
08205,茨城県,石岡市,2023,51.58,46.249,59.741,43.237,50.814,44.918,53.709,49.594,37.236,41.1,56.91,47.492,53.921,53.622,54.409,51.739,53.956,39.102,61.314,42.504,45.627,47.051,48.136,46.448
08207,茨城県,結城市,2023,49.084,45.677,59.015,46.727,45.196,47.293,51.107,45.43,40.828,43.105,46.245,50.984,41.267,49.06,47.746,52.704,52.896,50.581,57.541,49.967,45.291,45.17,47.229,50.688
08208,茨城県,龍ケ崎市,2023,49.904,49.213,57.203,48.668,53.319,46.559,52.233,51.365,31.698,53.205,35.579,50.708,41.267,48.668,46.473,51.257,50.07,46.425,50.509,44.787,45.627,48.797,44.593,49.671
08210,茨城県,下妻市,2023,45.397,46.277,59.735,44.825,52.361,49.043,49.62,53.706,33.818,44.399,35.579,46.106,41.267,48.552,49.32,46.861,53.837,50.702,69.437,40.493,45.627,44.141,48.963,51.074
08211,茨城県,常総市,2023,48.01,43.132,61.13,43.437,46.752,43.808,51.565,43.269,46.731,41.537,35.579,47.053,41.267,49.145,47.779,54.097,55.244,51.827,69.241,39.724,45.627,46.636,47.98,48.05
08212,茨城県,常陸太田市,2023,51.501,42.652,62.992,41.941,48.601,44.57,54.642,48.105,41.634,40.573,35.579,56.732,53.921,55.358,56.824,49.819,53.365,44.628,67.15,48.409,45.963,49.183,44.794,40.761
08215,茨城県,北茨城市,2023,49.807,43.085,60.645,44.917,44.801,45.548,57.008,45.558,36.577,42.427,35.579,50.695,41.267,53.983,54.997,45.65,51.63,47.657,61.029,33.124,45.291,49.646,48.617,41.188
08216,茨城県,笠間市,2023,50.335,46.079,60.603,40.883,49.167,41.809,51.718,55.042,46.717,46.733,46.245,49.51,41.267,52.057,58.286,49.995,55.01,46.105,64.344,36.736,52.891,49.215,47.66,44.559
08217,茨城県,取手市,2023,51.684,48.168,55.468,49.668,47.218,47.947,49.373,45.182,45.599,52.621,35.579,49.226,41.267,48.745,48.768,49.653,48.814,51.018,47.21,51.134,46.881,47.048,43.96,49.877
08219,茨城県,牛久市,2023,54.005,48.559,56.183,49.079,47.514,48.227,40.256,51.671,41.606,46.547,46.245,52.775,41.267,50.376,51.263,47.354,51.305,55.636,46.932,57.04,52.219,47.295,48.352,46.858
08220,茨城県,つくば市,2023,51.163,45.211,51.114,45.584,47.681,51.502,47.159,48.136,61.649,44.559,56.91,47.162,53.921,50.533,57.202,49.613,49.439,51.532,59.88,52.271,45.928,49.162,54.712,64.544
08221,茨城県,ひたちなか市,2023,48.744,48.777,55.908,49.464,50.08,45.005,46.371,49.543,45.942,57.07,35.579,52.606,41.267,48.656,51.515,54.196,48.888,44.77,52.069,50.167,44.468,45.984,50.943,47.882
08222,茨城県,鹿嶋市,2023,50.946,43.83,57.125,45.674,51.189,50.262,51.862,46.664,31.146,44.636,35.579,44.002,53.921,50.797,59.515,49.255,46.574,52.359,59.004,45.789,46.635,47.824,49.393,44.204
08224,茨城県,守谷市,2023,54.544,46.621,55.478,50.015,48.71,49.36,46.058,58.069,49.67,48.124,46.245,55.667,41.267,48.28,47.136,51.757,48.787,51.899,54.652,60.843,45.291,50.245,51.437,52.836
08225,茨城県,常陸大宮市,2023,54.599,44.775,61.85,39.367,61.21,44.98,57.071,44.774,35.757,51.267,35.579,51.852,41.267,55.446,56.62,49.13,50.506,38.275,79.786,49.035,45.291,45.24,46.103,42.175
08226,茨城県,那珂市,2023,48.439,44.899,59.566,41.853,50.315,44.598,50.306,50.623,38.444,48.43,35.579,53.567,41.267,49.786,55.032,53.126,53.406,39.606,60.508,50.461,45.291,45.044,48.196,48.545
08227,茨城県,筑西市,2023,48.619,44.873,61.658,45.478,48.191,46.939,51.508,48.676,40.962,39.976,35.579,47.063,41.267,48.671,50.208,48.541,54.849,50.192,65.192,49.446,44.866,48.753,47.321,46.991
08228,茨城県,坂東市,2023,54.056,42.926,64.29,45.162,50.631,43.801,52.835,48.096,30.965,41.051,35.579,50.988,41.267,48.802,50.249,47.224,57.246,47.243,64.893,29.997,45.291,44.843,46.758,49.522
08229,茨城県,稲敷市,2023,46.924,43.089,64.942,38.88,65.16,42.581,54.102,44.547,41.997,37.426,35.579,46.891,53.921,50.599,56.13,46.355,56.181,47.211,65.921,39.232,45.963,43.588,46.656,46.367
08230,茨城県,かすみがうら市,2023,51.614,44.836,59.368,40.166,44.394,46.44,51.313,40.936,33.971,41.013,35.579,49.673,53.921,51.287,59.4,47.104,53.466,40.783,65.199,34.485,45.627,45.638,45.529,44.59
08231,茨城県,桜川市,2023,50.663,43.275,64.662,42.283,47.617,38.478,55.372,42.842,40.187,41.825,46.245,54.169,53.921,54.469,53.668,46.409,53.48,46.223,77.415,39.477,45.627,44.935,45.301,39.934
08232,茨城県,神栖市,2023,50.274,47.09,56.74,43.339,47.879,49.895,51.047,49.239,33.712,54.812,35.579,44.094,53.921,47.723,55.31,49.024,45.898,46.507,64.38,33.298,45.627,47.141,54.978,45.088
08234,茨城県,鉾田市,2023,52.132,43.207,64.098,40.656,46.682,48.731,50.427,44.977,37.205,40.199,35.579,41.084,41.267,53.125,56.272,52.7,51.891,47.934,67.748,33.837,45.291,46.111,54.623,41.75
08235,茨城県,つくばみらい市,2023,50.271,44.276,58.348,42.514,45.92,48.128,47.63,46.147,45.932,37.947,56.91,57.743,41.267,49.363,51.094,51.024,51.305,47.476,58.327,48.813,45.291,46.903,53.606,55.041
08236,茨城県,小美玉市,2023,49.523,42.876,61.237,42.192,42.452,49.417,47.306,42.664,30.987,41.603,35.579,50.068,53.921,51.2,57.631,48.677,50.39,49.518,72.35,37.991,45.291,44.32,52.97,46.593
08341,茨城県,東海村,2023,60.383,45.763,55.599,45.312,44.824,52.105,47.048,56.548,41.07,44.704,35.579,51.866,41.267,48.608,57.532,53.548,51.85,42.527,64.31,45.979,45.291,46.625,50.644,47.157
08443,茨城県,阿見町,2023,50.623,47.255,55.464,44.482,49.837,46.056,44.092,48.082,33.954,45.223,35.579,44.163,53.921,50.095,46.756,49.079,51.814,49.179,58.39,44.054,45.291,48.3,50.459,53.657
08542,茨城県,五霞町,2023,48.045,43.408,54.956,34.563,40.65,40.676,53.097,40.766,40.886,38.589,35.579,45.699,41.267,48.882,42.611,49.008,55.882,41.033,80.0,37.419,45.291,45.123,46.669,44.528
08546,茨城県,境町,2023,52.384,46.672,61.262,46.089,51.721,43.703,50.32,40.411,45.253,42.124,35.579,47.833,41.267,48.364,54.21,50.409,52.604,51.795,69.414,36.488,45.291,48.092,54.635,50.54
09201,栃木県,宇都宮市,2023,49.042,50.317,53.052,47.106,49.53,45.574,43.432,50.501,50.06,55.513,46.245,45.692,41.267,50.238,52.948,53.364,49.944,49.211,41.08,49.844,50.384,49.111,52.644,47.434
09202,栃木県,足利市,2023,54.084,47.362,57.376,46.294,47.248,48.264,51.095,46.63,47.126,51.212,46.245,43.752,41.267,53.423,50.711,49.046,48.672,46.712,54.742,34.785,50.167,46.545,46.899,46.191
09203,栃木県,栃木市,2023,50.726,45.852,60.031,42.77,50.931,43.908,50.761,47.772,49.122,46.201,56.91,49.203,41.267,51.398,51.481,48.194,53.158,51.206,68.321,36.499,44.67,45.526,45.918,44.193
09204,栃木県,佐野市,2023,52.867,49.222,57.827,44.584,52.839,48.331,50.897,48.604,46.081,49.094,46.245,47.094,41.267,56.78,52.219,47.997,52.988,45.867,66.262,37.906,44.721,49.75,46.824,44.352
09205,栃木県,鹿沼市,2023,50.341,46.943,60.026,45.082,51.523,47.042,53.094,49.593,33.687,42.285,56.91,51.16,53.921,59.659,53.787,49.909,51.351,44.056,61.118,43.913,45.291,45.36,47.291,41.975
09206,栃木県,日光市,2023,50.173,47.455,60.109,43.091,62.248,43.63,57.683,49.165,45.809,45.912,56.91,46.071,53.921,61.303,60.344,52.51,51.282,44.02,65.971,39.949,50.33,50.583,49.938,40.398
09208,栃木県,小山市,2023,51.34,47.44,54.937,45.002,48.395,49.305,48.265,46.68,50.901,52.01,46.245,44.398,41.267,48.039,46.859,51.67,51.146,54.112,47.176,46.706,44.905,46.507,49.789,49.187
09209,栃木県,真岡市,2023,51.983,46.76,58.611,44.666,49.526,47.747,51.206,50.138,47.442,50.28,46.245,51.085,41.267,48.926,51.058,49.937,53.593,52.594,59.678,38.221,45.963,48.32,49.475,43.963
09210,栃木県,大田原市,2023,53.893,45.653,56.972,46.449,47.289,45.111,55.172,52.737,42.691,42.534,35.579,54.562,41.267,53.019,55.959,48.254,52.978,46.771,59.525,44.208,52.555,48.61,55.366,41.208
09213,栃木県,那須塩原市,2023,47.61,48.975,57.502,44.476,58.399,45.996,49.651,48.858,40.352,40.42,46.245,47.321,53.921,55.445,60.533,56.816,48.49,46.404,51.41,52.81,49.851,45.817,54.102,46.766
09214,栃木県,さくら市,2023,56.27,45.568,57.492,42.245,49.001,43.581,42.1,51.83,46.03,42.464,46.245,47.239,41.267,51.694,50.968,49.462,53.184,40.372,55.918,49.916,45.291,45.272,43.77,41.943
09216,栃木県,下野市,2023,54.403,47.148,56.48,44.763,44.971,46.58,46.608,49.903,41.425,53.992,35.579,52.068,41.267,48.611,48.812,54.26,52.093,45.519,56.727,55.59,45.291,48.414,49.243,43.834
09361,栃木県,壬生町,2023,49.651,46.913,57.092,43.971,45.262,44.829,48.837,51.087,35.841,45.211,35.579,52.512,41.267,50.21,53.12,47.478,51.17,50.628,63.521,43.204,45.291,47.176,50.621,48.892
10201,群馬県,前橋市,2023,53.403,49.408,55.502,47.536,51.211,47.155,47.967,48.539,63.201,52.246,46.245,40.004,41.267,51.858,53.38,57.297,52.26,46.821,46.37,52.317,46.225,49.147,50.99,47.627
10202,群馬県,高崎市,2023,53.111,49.066,54.26,47.697,50.689,50.506,47.327,48.243,41.747,47.559,56.91,40.669,41.267,54.687,48.788,50.09,51.845,44.296,56.374,47.25,45.517,47.96,53.291,47.09
10203,群馬県,桐生市,2023,56.973,48.728,57.755,49.458,46.474,48.998,50.263,52.085,37.099,41.356,46.245,44.607,41.267,58.143,52.222,52.561,52.539,43.211,58.823,37.043,50.348,48.724,47.319,45.622
10204,群馬県,伊勢崎市,2023,52.888,48.369,56.443,44.401,47.223,49.166,44.328,48.941,40.471,47.112,56.91,42.048,41.267,48.651,47.889,51.531,50.145,52.194,45.881,39.195,44.305,46.316,50.064,47.074
10205,群馬県,太田市,2023,51.19,47.783,56.575,44.217,47.643,50.87,47.384,49.147,40.66,48.712,46.245,40.357,41.267,48.478,48.843,49.829,50.241,48.131,45.162,38.895,45.34,46.379,49.834,46.873
10206,群馬県,沼田市,2023,51.757,49.287,60.224,44.614,55.997,48.671,57.202,45.98,33.689,37.271,35.579,45.214,41.267,62.201,52.498,48.8,51.944,34.013,71.783,45.722,45.627,44.805,51.937,40.763
10207,群馬県,館林市,2023,51.341,50.584,57.026,47.248,50.006,49.367,49.687,45.249,34.682,52.94,35.579,44.404,53.921,47.31,48.543,51.076,50.753,46.637,50.403,44.613,51.883,50.294,42.753,43.55
10208,群馬県,渋川市,2023,51.648,46.72,61.659,43.131,55.317,44.975,53.697,48.346,45.735,46.346,46.245,42.068,41.267,58.826,51.283,51.779,52.703,41.993,57.825,40.124,45.627,47.298,49.875,44.622
10209,群馬県,藤岡市,2023,51.24,47.505,59.43,44.999,49.668,47.647,52.829,49.828,41.593,40.275,46.245,46.918,41.267,58.262,56.439,51.075,48.769,43.123,63.619,46.13,45.291,45.398,46.288,43.04
10210,群馬県,富岡市,2023,55.184,46.616,61.784,45.492,50.138,50.691,54.394,51.137,43.538,41.79,56.91,51.249,53.921,56.357,55.97,50.385,50.203,39.407,64.886,51.218,46.635,49.173,47.712,38.632
10211,群馬県,安中市,2023,50.55,45.615,63.705,40.579,51.599,44.085,51.273,47.236,40.417,35.78,35.579,43.479,66.575,57.424,53.987,52.024,52.442,44.782,64.432,45.316,45.627,47.842,47.204,40.654
10212,群馬県,みどり市,2023,51.105,47.917,59.45,46.212,55.544,54.082,51.787,50.888,42.905,32.515,35.579,42.562,41.267,59.117,48.145,50.076,52.575,48.768,54.505,35.386,45.291,45.053,49.766,45.524
10424,群馬県,長野原町,2023,46.007,48.617,55.487,36.248,80.0,56.161,60.795,45.41,31.38,42.22,46.245,51.942,53.921,59.369,53.722,50.583,53.709,29.435,80.0,50.12,45.291,44.191,55.392,43.892
10464,群馬県,玉村町,2023,53.01,43.869,55.217,45.28,46.873,47.559,52.416,51.118,36.239,46.523,46.245,51.774,41.267,49.488,47.075,47.535,51.526,49.58,51.89,47.228,45.627,45.593,44.268,44.233
10524,群馬県,大泉町,2023,56.344,49.268,52.2,51.281,45.454,51.264,49.685,55.352,31.857,52.222,35.579,38.277,41.267,45.028,46.68,48.203,49.942,59.166,69.931,40.153,45.291,44.877,40.198,44.606
11100,埼玉県,さいたま市,2023,49.056,49.471,45.874,50.927,46.072,52.896,41.905,48.479,63.414,55.264,67.575,53.713,53.921,42.455,51.955,49.242,49.728,55.56,38.254,53.324,47.787,49.682,51.353,51.042
11201,埼玉県,川越市,2023,48.978,49.148,49.848,49.521,46.788,48.447,45.703,45.765,43.458,46.64,56.91,52.201,41.267,46.655,48.484,50.665,48.855,47.16,35.246,46.131,48.31,48.182,48.649,49.141
11202,埼玉県,熊谷市,2023,52.018,48.014,56.305,48.306,45.541,44.569,50.244,53.147,51.638,56.147,46.245,49.48,41.267,47.668,48.912,49.654,50.033,47.052,46.786,37.488,45.987,47.412,47.495,46.338
11203,埼玉県,川口市,2023,47.753,49.187,43.784,50.954,45.782,51.042,46.597,47.942,37.526,53.704,46.245,52.512,41.267,43.156,45.861,46.932,47.58,53.479,30.292,35.111,48.248,47.324,48.412,49.934
11206,埼玉県,行田市,2023,47.964,48.27,58.902,48.516,43.784,44.216,49.714,50.942,31.255,45.442,35.579,48.295,41.267,46.739,49.295,52.588,52.037,43.943,62.203,44.584,51.883,47.547,42.694,46.172
11207,埼玉県,秩父市,2023,52.237,51.283,61.14,45.932,50.43,45.968,52.872,52.328,40.848,46.92,46.245,44.847,53.921,58.729,53.791,52.678,52.972,46.744,69.299,40.957,45.627,49.1,46.813,43.892
11208,埼玉県,所沢市,2023,48.809,49.527,46.503,50.914,45.833,46.058,45.064,48.144,41.065,51.346,46.245,53.809,41.267,45.89,50.305,48.076,47.148,50.811,39.642,54.399,49.83,49.59,48.03,48.74
11209,埼玉県,飯能市,2023,49.714,48.46,54.802,50.753,50.297,42.627,52.705,47.767,41.762,44.13,56.91,51.125,41.267,58.201,51.324,51.315,48.464,48.588,53.369,50.496,45.627,48.532,41.698,47.785
11210,埼玉県,加須市,2023,45.027,45.636,59.271,44.482,45.501,44.906,46.169,49.266,41.049,45.866,35.579,51.471,41.267,48.691,52.422,50.666,53.203,53.918,48.75,44.386,44.837,47.024,45.647,45.596
11211,埼玉県,本庄市,2023,51.618,51.516,56.729,48.143,47.573,47.987,48.817,49.476,41.318,49.001,35.579,46.419,53.921,51.435,52.143,54.053,52.869,52.996,57.521,41.991,45.291,47.33,45.831,47.088
11212,埼玉県,東松山市,2023,50.835,51.82,54.197,47.152,49.61,43.935,43.782,54.283,31.809,48.727,35.579,48.584,41.267,47.268,47.959,50.244,48.425,44.469,51.436,46.069,45.627,46.81,44.975,47.521
11214,埼玉県,春日部市,2023,48.43,49.877,51.532,50.962,45.775,44.554,44.084,47.223,43.983,50.298,56.91,52.69,53.921,46.873,48.601,50.658,47.799,47.791,41.669,38.993,46.146,49.479,46.188,51.382
11215,埼玉県,狭山市,2023,49.913,49.604,50.665,52.537,46.375,47.314,49.778,54.157,46.493,44.292,46.245,52.634,41.267,46.594,48.372,49.736,46.847,49.84,44.743,56.519,46.471,47.285,42.736,45.774
11216,埼玉県,羽生市,2023,52.158,43.949,59.553,47.315,53.852,40.609,52.617,49.44,33.943,49.606,35.579,43.909,41.267,48.783,51.798,52.969,52.58,43.898,56.542,38.738,45.291,49.903,44.856,46.291
11217,埼玉県,鴻巣市,2023,53.421,49.285,55.242,49.086,44.866,46.23,50.625,55.751,48.054,45.824,35.579,54.563,41.267,47.079,51.926,53.719,52.031,53.535,46.43,51.459,45.935,48.091,45.206,46.025
11218,埼玉県,深谷市,2023,50.885,48.882,57.724,46.072,46.238,48.479,46.902,52.865,50.201,43.581,35.579,45.546,41.267,48.545,53.311,49.813,51.198,46.199,45.695,39.694,45.639,49.883,48.199,46.083
11219,埼玉県,上尾市,2023,51.987,49.344,50.825,50.722,48.769,46.645,47.167,51.548,38.299,48.022,35.579,53.786,41.267,44.568,48.106,51.115,46.659,49.503,36.642,46.963,46.359,51.983,46.666,48.948
11221,埼玉県,草加市,2023,48.8,49.296,45.658,51.147,47.036,48.172,46.089,47.275,37.708,49.947,46.245,53.423,41.267,42.644,44.677,46.286,45.842,45.623,43.916,43.903,47.605,47.283,46.601,50.655
11222,埼玉県,越谷市,2023,49.926,51.873,49.633,51.494,49.772,47.329,41.572,49.629,50.431,46.335,67.575,53.196,41.267,45.04,46.07,47.535,48.091,51.684,38.256,48.337,46.922,54.402,50.369,49.092
11223,埼玉県,蕨市,2023,48.067,50.875,40.698,51.601,53.389,49.519,53.22,43.929,36.391,47.157,35.579,52.471,41.267,37.484,45.811,52.749,46.686,57.15,54.487,46.259,45.291,53.039,48.383,53.015
11224,埼玉県,戸田市,2023,48.913,49.772,38.708,51.982,44.362,52.199,42.973,45.845,54.614,46.223,46.245,55.349,53.921,42.185,46.432,51.11,45.697,48.985,40.935,41.687,48.24,47.548,49.887,49.84
11225,埼玉県,入間市,2023,47.826,50.746,51.288,50.596,48.613,46.266,50.398,49.536,51.777,48.06,46.245,55.177,41.267,46.584,51.623,50.822,46.368,48.667,42.381,53.387,46.846,48.174,44.595,46.195
11227,埼玉県,朝霞市,2023,49.166,46.401,40.841,52.181,46.882,45.229,38.179,49.144,45.082,51.73,46.245,56.355,53.921,44.509,49.651,49.274,45.097,54.227,30.408,49.523,48.482,49.177,51.43,51.219
11228,埼玉県,志木市,2023,48.448,47.723,43.551,50.904,44.869,50.135,51.732,49.443,41.863,51.812,46.245,56.985,41.267,44.121,49.415,48.445,45.803,46.294,41.326,56.593,45.291,47.712,46.458,49.007
11229,埼玉県,和光市,2023,51.308,45.648,37.87,49.432,45.119,46.516,47.651,47.525,37.388,52.025,56.91,55.382,53.921,43.832,43.922,49.923,43.452,49.08,42.8,56.743,45.291,51.495,54.411,54.009
11230,埼玉県,新座市,2023,47.655,49.324,47.183,49.429,45.573,47.923,46.575,48.533,50.545,45.132,56.91,56.791,41.267,45.224,46.349,50.518,45.12,52.655,41.621,50.633,49.476,47.888,48.427,50.686
11231,埼玉県,桶川市,2023,52.626,46.603,54.329,51.179,44.534,47.899,46.627,52.65,38.779,45.275,35.579,53.983,41.267,45.722,53.889,48.035,49.948,51.202,46.593,50.165,45.291,47.014,46.939,45.567
11232,埼玉県,久喜市,2023,48.643,49.579,54.405,48.953,45.467,48.668,49.076,53.284,41.174,49.558,35.579,51.662,53.921,47.066,49.138,53.626,49.146,55.383,56.27,51.418,46.378,46.08,49.116,47.609
11233,埼玉県,北本市,2023,51.037,49.755,54.119,48.23,44.273,41.129,51.906,52.404,36.449,47.174,35.579,53.645,41.267,45.75,52.428,49.026,48.87,48.625,56.265,53.031,45.291,52.545,38.93,48.037
11234,埼玉県,八潮市,2023,49.068,50.063,46.614,52.877,47.805,42.652,50.856,46.886,40.147,44.48,46.245,50.723,41.267,44.38,43.583,45.876,46.232,53.579,45.474,49.719,45.627,46.987,54.654,49.04
11235,埼玉県,富士見市,2023,48.017,49.295,45.142,49.882,44.685,45.379,48.754,47.752,44.027,49.132,35.579,54.645,41.267,46.043,47.486,51.565,45.621,50.401,38.914,42.08,48.339,46.712,53.668,46.53
11237,埼玉県,三郷市,2023,45.543,49.936,47.743,52.076,46.808,43.055,51.443,46.148,44.457,50.688,46.245,50.668,41.267,46.76,42.26,50.166,47.023,51.028,40.23,42.887,46.959,47.385,52.464,48.24
11238,埼玉県,蓮田市,2023,49.125,48.786,55.172,48.083,42.294,45.149,53.254,49.165,35.59,49.087,35.579,55.537,53.921,46.946,45.799,54.608,49.063,52.076,50.398,47.301,45.291,46.879,43.59,44.046
11239,埼玉県,坂戸市,2023,51.065,48.683,49.691,50.298,42.61,46.944,47.566,47.828,44.975,47.581,35.579,49.724,41.267,47.638,50.72,47.907,48.025,48.794,49.353,47.508,46.371,47.545,38.418,49.356
11240,埼玉県,幸手市,2023,47.76,48.062,56.667,50.018,48.261,44.472,52.032,47.247,38.179,46.96,35.579,49.586,41.267,46.897,45.857,50.375,49.671,47.667,51.633,48.235,45.291,45.984,41.844,52.25
11241,埼玉県,鶴ヶ島市,2023,51.49,51.902,50.104,48.247,45.034,48.012,51.954,48.811,44.008,48.354,35.579,48.827,41.267,47.791,47.24,50.657,47.281,53.017,43.191,51.752,45.291,49.441,41.436,49.807
11242,埼玉県,日高市,2023,48.917,44.863,56.184,49.41,48.419,43.951,51.497,48.947,45.864,48.519,35.579,55.964,41.267,50.113,56.429,50.02,50.174,45.22,55.248,47.158,45.627,47.382,45.483,44.063
11243,埼玉県,吉川市,2023,48.389,46.509,51.569,52.14,42.759,44.463,44.218,49.541,37.898,49.304,35.579,58.508,41.267,47.646,48.335,49.915,47.117,49.543,46.351,49.282,45.291,47.761,46.186,46.994
11245,埼玉県,ふじみ野市,2023,50.16,49.759,46.494,50.296,45.876,55.259,51.185,48.529,50.466,48.765,35.579,51.627,41.267,44.665,51.095,52.321,44.737,51.378,43.014,51.451,47.135,48.477,46.353,47.688
11246,埼玉県,白岡市,2023,49.484,46.852,54.959,44.839,42.671,38.075,50.995,47.223,34.099,42.326,35.579,59.075,41.267,47.326,50.1,48.977,51.75,49.969,47.876,53.079,45.291,47.18,50.453,46.888
11301,埼玉県,伊奈町,2023,51.651,48.436,51.786,53.866,41.618,45.124,43.032,47.157,42.653,46.231,35.579,53.68,41.267,48.047,46.751,49.63,49.308,43.954,42.582,50.126,45.291,51.54,49.942,43.63
11324,埼玉県,三芳町,2023,53.867,51.513,48.332,49.3,43.165,44.575,49.067,58.412,44.249,45.697,35.579,54.706,41.267,46.702,48.069,50.457,49.83,56.713,49.823,52.005,45.291,46.5,45.974,47.081
11361,埼玉県,横瀬町,2023,50.465,43.992,54.569,39.412,48.156,52.44,50.365,48.476,39.851,37.851,35.579,53.728,41.267,57.537,47.199,51.053,52.483,44.674,80.0,38.998,45.291,46.59,43.224,38.506
11442,埼玉県,宮代町,2023,49.161,48.333,53.067,51.888,44.813,46.821,52.135,55.968,40.726,40.346,35.579,52.908,41.267,46.093,51.171,49.162,51.523,39.139,52.87,46.308,45.291,49.653,44.007,46.43
11464,埼玉県,杉戸町,2023,46.821,47.28,55.925,49.592,43.758,40.884,46.677,48.171,41.04,41.956,35.579,53.551,41.267,47.499,46.243,52.389,50.741,45.889,48.806,45.327,45.291,45.431,43.145,47.594
12100,千葉県,千葉市,2023,52.423,48.338,46.494,51.421,46.217,52.513,47.683,45.259,57.77,58.126,46.245,49.562,41.267,44.295,52.357,47.533,48.226,52.09,39.606,48.697,46.545,48.597,47.913,53.042
12202,千葉県,銚子市,2023,49.078,48.389,59.158,52.336,47.154,46.445,52.98,40.539,40.372,35.975,46.245,45.868,53.921,52.283,53.006,47.648,55.945,50.881,57.42,39.052,52.219,45.79,45.245,40.372
12203,千葉県,市川市,2023,50.449,47.417,40.998,51.719,45.657,53.272,45.861,48.069,51.949,49.068,67.575,52.967,41.267,45.326,46.675,39.912,45.388,50.55,34.544,50.254,50.744,50.262,52.058,48.64
12204,千葉県,船橋市,2023,53.205,48.169,45.052,51.691,45.949,49.047,44.38,48.176,54.859,52.54,67.575,54.376,41.267,43.705,47.374,47.204,47.587,48.788,34.082,50.054,47.868,49.728,50.622,50.428
12205,千葉県,館山市,2023,49.904,51.789,57.924,48.832,57.392,49.523,53.447,50.438,39.058,33.521,46.245,36.047,53.921,51.175,52.335,45.297,53.208,34.783,59.913,54.817,45.291,48.471,49.003,46.5
12206,千葉県,木更津市,2023,53.224,50.042,55.987,47.794,50.516,44.32,46.915,44.247,51.79,48.833,46.245,46.46,41.267,49.821,55.307,49.49,48.209,52.621,47.23,44.364,45.379,45.746,55.252,45.593
12207,千葉県,松戸市,2023,51.055,49.739,46.007,51.975,48.017,51.469,47.842,48.412,48.389,49.441,56.91,50.753,41.267,44.145,49.288,50.677,46.493,53.34,36.64,44.753,48.387,48.88,47.417,50.959
12208,千葉県,野田市,2023,52.307,48.84,57.284,49.905,46.132,43.68,49.397,48.989,42.57,47.083,35.579,51.319,41.267,48.29,48.34,52.794,49.659,44.564,43.632,38.476,45.848,46.492,48.245,48.034
12210,千葉県,茂原市,2023,50.195,48.249,58.314,46.901,53.081,43.383,50.109,44.561,45.302,41.533,46.245,42.912,41.267,47.868,50.766,46.646,47.932,47.06,50.443,40.135,45.291,45.525,42.399,44.37
12211,千葉県,成田市,2023,49.583,48.862,50.631,48.875,53.98,47.755,47.656,49.219,55.373,44.24,46.245,49.271,41.267,50.457,53.602,52.513,47.616,46.912,49.477,48.703,50.47,48.843,56.768,46.083
12212,千葉県,佐倉市,2023,53.43,47.806,55.472,51.719,50.193,47.061,49.183,52.704,39.916,48.939,56.91,56.438,41.267,49.724,50.904,55.154,49.192,52.927,52.561,55.945,50.621,51.072,43.547,47.751
12213,千葉県,東金市,2023,49.585,49.159,56.475,46.58,51.788,45.286,50.553,47.434,39.798,38.554,35.579,40.367,41.267,49.061,52.83,49.572,48.148,42.015,54.964,43.17,45.291,48.935,40.922,47.573
12215,千葉県,旭市,2023,56.594,45.55,60.518,47.633,49.105,45.035,53.449,44.232,33.311,34.945,35.579,49.324,41.267,49.883,47.87,48.985,51.203,38.569,56.633,41.168,45.291,45.704,50.665,45.159
12216,千葉県,習志野市,2023,48.831,48.295,43.63,50.538,49.296,51.208,44.395,48.612,46.845,53.21,35.579,55.304,41.267,42.043,47.333,49.892,47.834,45.282,50.05,56.504,47.542,49.802,48.229,53.737
12217,千葉県,柏市,2023,52.114,49.221,50.222,50.215,47.923,47.571,44.759,50.994,47.735,48.322,67.575,52.131,41.267,46.915,47.986,55.496,50.522,49.969,39.546,57.306,47.516,48.689,51.675,55.751
12219,千葉県,市原市,2023,53.794,47.382,54.563,48.884,50.767,45.301,51.366,43.688,46.984,49.612,56.91,45.204,41.267,49.113,47.529,48.533,48.249,46.538,53.364,38.639,45.109,45.889,50.288,44.291
12220,千葉県,流山市,2023,54.657,48.516,50.44,51.619,43.969,52.935,43.924,51.734,54.368,46.829,67.575,57.189,41.267,47.66,50.272,54.355,49.487,46.167,46.126,56.906,47.884,51.837,54.313,51.005
12221,千葉県,八千代市,2023,49.487,49.2,49.043,52.141,46.963,44.948,42.911,49.998,49.136,52.832,35.579,53.093,41.267,46.509,48.125,51.631,46.245,44.612,38.092,49.459,46.467,47.731,47.143,50.742
12222,千葉県,我孫子市,2023,51.939,48.985,53.33,49.415,45.178,48.22,46.324,49.022,44.366,47.228,46.245,56.125,53.921,47.734,49.93,47.57,48.537,46.712,47.079,57.549,47.904,48.299,43.342,51.143
12224,千葉県,鎌ケ谷市,2023,52.305,49.679,51.14,51.913,43.738,45.529,45.058,45.2,45.685,47.042,46.245,53.455,41.267,46.31,45.012,48.99,48.052,44.712,41.224,48.537,46.202,50.597,46.995,48.936
12225,千葉県,君津市,2023,51.853,49.827,56.951,47.475,57.595,42.782,51.855,48.955,43.139,39.648,46.245,47.745,53.921,54.889,49.892,44.739,51.133,41.895,57.088,48.403,45.627,46.371,51.625,41.42
12226,千葉県,富津市,2023,53.515,44.639,61.9,46.696,62.186,39.958,53.659,44.451,39.765,42.691,35.579,50.256,53.921,53.982,50.856,43.31,53.49,39.207,67.386,34.101,45.291,45.089,51.508,42.019
12227,千葉県,浦安市,2023,49.712,49.457,37.651,53.411,49.991,55.565,51.257,61.343,45.78,46.135,56.91,54.988,41.267,44.26,44.063,44.11,46.377,53.415,44.892,63.361,49.163,54.293,55.314,50.997
12228,千葉県,四街道市,2023,52.926,46.417,56.411,51.161,48.098,47.296,45.957,48.581,41.908,47.82,35.579,56.69,41.267,47.222,48.923,53.319,49.301,44.642,45.003,56.134,45.291,47.738,42.154,51.224
12229,千葉県,袖ケ浦市,2023,60.691,46.429,57.676,45.913,47.216,37.625,45.552,52.145,44.808,48.587,56.91,54.408,53.921,49.61,47.229,46.699,47.74,42.047,57.833,45.636,45.291,45.893,50.927,45.997
12230,千葉県,八街市,2023,48.335,45.547,59.564,47.121,47.556,43.233,48.647,43.487,40.094,34.91,35.579,48.183,41.267,51.405,52.407,50.126,46.798,47.004,39.758,37.342,45.291,44.723,45.471,53.469
12231,千葉県,印西市,2023,50.957,46.597,56.148,46.447,50.887,44.367,48.747,57.195,48.242,48.368,56.91,55.689,41.267,50.059,50.196,49.922,51.308,44.163,50.883,60.877,47.191,52.361,53.01,55.726
12232,千葉県,白井市,2023,52.226,49.447,54.249,48.393,47.453,45.035,48.023,50.086,42.368,50.946,35.579,58.228,41.267,48.233,47.686,48.598,49.813,54.656,53.552,53.04,45.627,49.353,49.133,53.576
12233,千葉県,富里市,2023,54.814,47.418,55.668,46.812,54.315,39.391,48.841,44.958,35.285,37.222,35.579,51.362,41.267,50.542,48.877,50.034,49.838,53.59,37.595,42.492,45.291,44.595,48.178,49.075
12234,千葉県,南房総市,2023,52.36,44.241,66.934,44.888,57.724,50.775,55.42,47.286,44.557,33.813,35.579,41.965,53.921,55.501,50.906,42.47,56.721,37.271,80.0,47.909,46.299,45.75,46.544,43.804
12236,千葉県,香取市,2023,52.007,45.681,62.011,43.989,51.36,42.655,53.608,46.118,33.554,35.863,46.245,53.145,53.921,51.478,55.766,47.935,54.739,42.362,57.726,42.861,52.219,45.367,46.485,42.082
12237,千葉県,山武市,2023,49.525,43.508,62.633,42.073,49.253,44.474,52.686,47.674,31.098,36.579,46.245,44.835,41.267,50.282,52.756,48.483,50.759,44.125,51.308,36.226,45.291,45.388,40.175,53.692
12238,千葉県,いすみ市,2023,53.374,46.044,63.324,46.285,69.605,42.127,55.335,42.45,33.598,38.953,35.579,39.829,53.921,53.472,53.528,41.689,55.092,33.912,71.247,48.097,45.627,45.194,39.149,45.149
12239,千葉県,大網白里市,2023,53.865,44.913,60.432,45.984,45.008,41.08,50.557,42.153,33.577,38.299,35.579,47.867,41.267,48.865,49.127,48.086,49.886,42.52,55.965,42.625,45.291,46.064,41.267,50.403
13101,東京都,千代田区,2023,50.308,62.195,23.683,54.866,80.0,59.402,61.224,59.778,60.743,59.383,67.575,32.426,41.267,40.477,36.95,48.617,55.135,52.067,52.824,54.934,55.016,66.744,69.27,75.397
13102,東京都,中央区,2023,47.494,62.195,22.956,54.505,80.0,63.27,54.664,63.443,54.644,52.587,46.245,37.33,41.267,41.842,40.124,43.301,54.337,59.36,48.822,52.257,56.422,55.557,65.237,77.409
13103,東京都,港区,2023,47.832,62.195,24.707,53.832,80.0,61.751,59.897,70.356,57.45,57.718,56.91,41.763,41.267,39.161,43.0,50.599,56.541,63.971,31.867,52.926,59.1,62.126,63.792,78.101
13104,東京都,新宿区,2023,45.824,62.195,24.699,53.413,77.831,55.187,62.365,59.858,50.092,54.895,46.245,42.706,53.921,38.627,45.504,53.136,47.439,57.189,34.546,46.54,57.98,57.239,56.7,69.346
13105,東京都,文京区,2023,48.584,53.267,26.697,53.556,47.504,60.764,65.075,58.766,59.297,51.964,46.245,57.296,41.267,38.931,41.624,55.229,51.235,52.894,56.938,60.266,57.333,62.27,61.309,64.447
13106,東京都,台東区,2023,46.71,61.102,26.28,53.284,63.135,56.272,66.062,52.705,49.652,52.583,56.91,43.104,53.921,39.611,47.071,46.86,51.81,58.694,45.832,39.75,58.199,63.216,58.546,57.389
13107,東京都,墨田区,2023,48.675,53.936,31.581,53.071,49.982,55.527,60.012,52.02,48.691,54.754,46.245,52.191,41.267,42.092,50.277,47.838,47.446,57.687,49.024,40.048,51.087,54.226,56.217,52.017
13108,東京都,江東区,2023,44.225,48.108,30.391,52.719,48.376,56.148,54.936,58.386,43.614,54.411,56.91,57.202,41.267,44.192,44.07,46.743,46.383,53.549,52.295,43.238,53.501,51.474,56.234,56.408
13109,東京都,品川区,2023,45.024,52.394,25.597,53.218,55.206,55.524,57.284,53.563,58.052,52.451,46.245,55.058,41.267,39.09,44.127,48.127,46.457,48.464,39.321,57.521,54.604,59.056,60.839,61.32
13110,東京都,目黒区,2023,47.132,52.019,26.669,52.374,58.962,57.238,63.711,59.48,55.385,56.808,56.91,56.999,41.267,38.921,44.666,50.989,46.506,52.798,37.465,60.155,57.533,58.591,58.562,61.457
13111,東京都,大田区,2023,43.616,48.271,32.416,52.057,47.112,51.349,53.265,52.376,65.344,55.09,46.245,53.913,41.267,40.107,44.947,43.41,45.739,47.656,47.409,43.289,50.439,49.254,55.747,48.541
13112,東京都,世田谷区,2023,44.179,48.014,31.998,51.061,51.125,53.344,57.975,51.835,61.548,54.742,46.245,56.522,41.267,40.046,48.36,49.471,47.161,63.035,47.949,59.514,57.085,54.711,55.071,59.213
13113,東京都,渋谷区,2023,47.153,62.195,24.563,53.314,80.0,54.395,59.553,66.957,55.486,58.378,46.245,43.461,41.267,38.942,41.263,52.299,51.811,56.013,44.348,62.804,57.98,65.248,64.024,77.911
13114,東京都,中野区,2023,46.791,50.884,28.992,52.278,52.841,55.708,60.924,50.685,55.633,51.873,46.245,53.303,41.267,39.275,48.079,51.15,44.916,57.307,39.385,54.683,56.861,54.554,52.442,55.215
13115,東京都,杉並区,2023,47.345,49.878,32.29,51.303,51.464,52.107,57.788,51.373,55.395,52.107,67.575,59.567,53.921,39.436,46.895,51.449,44.647,54.754,39.596,64.746,57.085,53.206,55.445,55.087
13116,東京都,豊島区,2023,46.935,57.259,27.049,52.856,67.049,54.726,63.916,58.504,56.235,54.093,56.91,42.425,53.921,38.953,52.575,50.462,43.679,63.361,47.544,45.397,55.958,67.754,54.229,59.705
13117,東京都,北区,2023,46.232,49.04,32.137,51.977,47.273,57.057,65.921,57.542,54.156,52.381,46.245,53.826,41.267,41.205,48.169,48.269,43.338,59.936,56.729,45.113,52.39,53.785,48.312,52.143
13118,東京都,荒川区,2023,46.316,50.164,34.03,52.462,46.547,57.022,63.919,48.515,53.817,54.499,46.245,54.253,41.267,40.594,45.267,43.967,44.839,58.37,41.494,42.338,51.027,49.575,50.043,53.593
13119,東京都,板橋区,2023,46.814,47.983,33.275,51.217,46.948,53.542,57.149,50.376,55.608,52.456,67.575,55.811,53.921,40.156,46.341,51.311,43.506,54.687,47.717,43.699,51.495,51.549,48.89,53.152
13120,東京都,練馬区,2023,47.005,46.679,37.384,50.346,46.933,50.704,57.55,52.69,53.737,52.324,46.245,58.344,41.267,39.905,46.328,52.178,44.634,52.745,40.072,50.4,54.895,52.066,51.533,50.295
13121,東京都,足立区,2023,46.897,47.297,38.601,50.591,45.062,57.974,56.417,47.751,57.641,52.89,46.245,52.426,41.267,40.437,46.488,47.807,43.985,52.389,47.858,25.66,47.721,51.755,44.033,49.872
13122,東京都,葛飾区,2023,47.322,48.075,39.983,50.897,46.164,54.512,58.803,54.134,51.926,52.809,35.579,54.281,53.921,42.002,46.295,47.909,45.061,56.273,46.797,31.919,48.989,47.862,47.089,48.817
13123,東京都,江戸川区,2023,44.912,46.222,38.33,50.862,44.347,52.596,53.033,56.55,50.27,52.481,67.575,55.132,53.921,42.902,46.38,47.492,45.991,59.645,46.119,40.123,49.776,47.099,49.576,48.288
13201,東京都,八王子市,2023,50.759,49.725,45.997,52.137,47.703,46.324,52.842,51.227,59.561,53.544,56.91,52.49,53.921,50.565,53.215,50.198,46.142,48.306,42.362,57.015,52.114,56.397,42.8,51.079
13202,東京都,立川市,2023,50.216,51.589,40.067,53.734,50.096,48.96,49.181,55.371,44.361,52.612,46.245,50.011,41.267,41.506,50.849,49.543,43.226,48.321,41.127,50.907,49.343,52.913,47.859,52.048
13203,東京都,武蔵野市,2023,51.242,55.106,31.721,52.943,57.573,55.789,59.804,53.817,54.63,51.051,35.579,49.718,41.267,39.632,53.176,49.992,47.425,58.865,51.287,57.545,56.861,57.21,55.965,56.642
13204,東京都,三鷹市,2023,48.59,48.093,37.668,52.536,43.672,50.521,47.608,54.738,48.968,52.022,56.91,57.009,41.267,41.073,53.972,50.046,45.099,54.152,53.077,64.089,55.752,52.726,51.042,53.204
13205,東京都,青梅市,2023,55.434,48.764,51.85,54.25,48.778,50.428,52.195,53.461,42.37,48.749,35.579,53.716,66.575,55.097,54.476,50.472,44.048,48.088,47.656,48.203,47.132,44.904,41.88,46.126
13206,東京都,府中市,2023,50.719,49.282,38.916,52.775,46.707,54.332,46.957,55.045,54.405,52.911,56.91,56.566,41.267,40.839,49.1,51.131,45.3,41.982,43.026,54.867,51.318,51.216,49.192,51.691
13207,東京都,昭島市,2023,48.306,52.536,43.456,53.529,46.109,49.335,52.532,52.095,44.152,52.524,35.579,46.882,41.267,42.7,52.423,50.567,42.57,56.758,43.139,43.475,47.596,48.232,45.796,46.963
13208,東京都,調布市,2023,50.399,50.07,37.213,51.863,47.271,47.867,52.145,64.077,51.894,54.962,67.575,56.527,41.267,42.337,51.978,51.202,44.474,55.623,43.139,57.839,54.706,51.115,51.314,54.926
13209,東京都,町田市,2023,49.873,50.487,45.997,51.463,46.702,46.133,48.226,53.455,58.792,59.971,67.575,55.521,41.267,44.497,51.901,48.243,45.774,51.351,45.445,60.21,49.828,50.373,45.672,52.156
13210,東京都,小金井市,2023,50.775,48.603,38.804,52.998,45.703,47.968,53.978,50.508,41.141,47.995,35.579,57.699,41.267,40.621,56.313,52.905,48.285,59.841,43.297,65.392,53.457,53.899,51.203,52.614
13211,東京都,小平市,2023,51.397,49.29,42.812,52.753,43.41,50.03,50.016,52.089,50.607,48.264,35.579,54.589,41.267,40.527,51.822,51.766,43.809,53.925,44.481,57.654,51.764,49.664,48.88,50.071
13212,東京都,日野市,2023,52.405,49.045,43.834,53.038,42.597,50.728,44.569,55.3,48.617,49.392,35.579,57.187,41.267,43.718,56.594,49.423,44.716,55.502,41.441,60.878,48.63,51.562,51.019,52.348
13213,東京都,東村山市,2023,49.562,50.811,45.19,51.966,45.202,47.837,55.676,51.19,47.113,50.974,35.579,57.686,41.267,42.08,57.823,49.984,43.936,52.305,53.382,54.157,49.626,48.404,44.338,50.791
13214,東京都,国分寺市,2023,48.727,50.33,40.793,53.034,47.33,40.555,46.324,43.938,45.141,53.086,35.579,59.018,41.267,40.533,56.273,50.362,44.428,55.464,54.75,63.694,52.972,51.788,52.71,53.095
13215,東京都,国立市,2023,51.65,51.942,39.139,51.913,45.072,53.102,56.724,47.173,40.198,51.41,35.579,49.85,41.267,40.39,53.608,51.289,42.41,50.91,53.769,58.836,45.291,53.721,48.236,52.654
13218,東京都,福生市,2023,54.845,51.874,46.028,54.959,48.045,53.745,53.512,61.224,42.346,54.402,35.579,51.887,41.267,42.086,48.862,53.81,43.689,51.493,47.07,44.782,45.291,46.777,42.944,45.637
13219,東京都,狛江市,2023,47.769,47.98,39.123,52.433,43.991,41.832,49.431,49.06,48.647,54.218,35.579,59.967,41.267,42.501,49.281,48.757,44.032,55.759,53.177,51.499,45.291,49.072,50.416,51.794
13220,東京都,東大和市,2023,51.062,50.657,45.664,52.534,44.064,48.021,50.989,53.478,40.731,48.188,35.579,50.738,41.267,43.942,49.57,49.199,43.525,46.508,54.111,55.979,45.291,46.795,44.725,48.387
13221,東京都,清瀬市,2023,55.968,44.077,43.086,51.854,47.511,46.918,58.607,52.793,44.779,44.965,35.579,58.06,41.267,43.896,50.985,53.003,43.136,54.238,54.912,52.074,45.291,49.335,45.151,51.902
13222,東京都,東久留米市,2023,50.641,50.496,45.419,50.766,43.425,48.291,57.655,45.785,42.563,41.886,35.579,55.766,41.267,41.961,54.039,48.984,44.28,44.958,44.558,55.598,50.762,47.814,44.733,48.209
13223,東京都,武蔵村山市,2023,51.826,51.131,50.239,53.328,46.212,47.573,48.931,45.751,39.375,55.014,35.579,47.377,41.267,44.346,52.432,50.964,45.434,40.862,42.679,50.233,45.291,44.331,40.918,44.126
13224,東京都,多摩市,2023,50.533,50.285,40.173,52.255,48.915,47.189,55.474,63.877,48.279,57.749,35.579,56.075,41.267,42.937,51.317,48.603,45.553,57.875,48.83,61.249,51.254,54.824,43.144,54.954
13225,東京都,稲城市,2023,52.103,48.922,42.087,50.916,45.276,50.995,53.508,55.826,40.468,54.322,35.579,58.428,41.267,45.779,51.942,49.453,46.021,46.978,56.638,61.28,45.291,49.785,51.688,53.988
13227,東京都,羽村市,2023,53.971,55.257,47.325,54.779,47.923,52.959,50.575,53.462,38.063,50.099,35.579,52.296,41.267,41.822,48.128,52.379,44.07,52.402,48.389,50.469,45.291,45.546,45.408,43.921
13228,東京都,あきる野市,2023,57.652,50.709,55.223,50.677,47.852,47.74,50.192,57.129,41.592,45.649,35.579,56.047,53.921,57.387,52.287,48.954,46.643,49.391,51.307,52.678,45.291,49.075,44.359,50.096
13229,東京都,西東京市,2023,50.25,45.941,41.577,51.315,45.005,48.965,54.155,56.184,49.098,49.782,35.579,59.844,41.267,41.231,51.125,54.175,45.182,52.327,40.365,54.704,51.977,53.718,46.478,51.584
14100,神奈川県,横浜市,2023,47.14,48.179,42.16,51.563,46.839,52.621,48.626,43.164,69.424,59.165,56.91,56.699,53.921,42.179,52.042,46.579,51.99,56.168,43.732,52.044,52.176,50.397,49.515,59.116
14130,神奈川県,川崎市,2023,46.086,47.988,37.392,51.971,46.854,52.398,45.268,45.364,66.543,56.46,56.91,57.557,41.267,42.117,50.252,44.65,47.517,58.293,48.483,50.691,52.151,50.359,52.119,54.115
14150,神奈川県,相模原市,2023,47.96,48.79,45.946,52.229,47.018,53.078,47.107,49.144,54.798,50.661,67.575,52.747,79.229,47.953,50.695,53.743,47.384,54.707,51.979,43.195,47.256,48.872,44.692,49.938
14201,神奈川県,横須賀市,2023,45.221,47.768,49.898,52.793,50.692,51.666,50.877,47.321,58.049,54.132,46.245,49.843,53.921,45.89,49.691,48.483,49.301,49.743,47.088,46.125,50.564,46.159,45.409,46.094
14203,神奈川県,平塚市,2023,48.79,50.618,50.137,53.463,47.677,50.759,48.763,53.181,49.114,51.12,56.91,50.13,53.921,47.668,46.239,52.088,48.496,46.408,45.274,48.272,45.799,48.37,44.82,45.343
14204,神奈川県,鎌倉市,2023,47.789,50.424,48.553,52.956,49.889,46.994,53.665,50.267,58.305,52.628,56.91,55.079,41.267,45.399,56.654,50.49,53.715,55.556,51.323,65.846,63.193,54.414,49.862,53.858
14205,神奈川県,藤沢市,2023,48.731,51.15,45.633,52.805,47.457,49.105,45.362,52.926,58.508,54.206,46.245,54.232,41.267,44.549,49.055,52.009,49.026,46.677,36.02,64.878,47.288,50.784,49.207,52.451
14206,神奈川県,小田原市,2023,47.345,49.962,51.947,53.205,49.887,48.468,49.856,53.755,48.463,46.287,46.245,47.363,53.921,55.337,53.589,51.818,55.519,47.226,48.065,50.255,49.959,46.078,47.413,46.149
14207,神奈川県,茅ヶ崎市,2023,47.678,49.198,49.344,51.715,46.3,46.545,45.509,46.291,51.127,48.65,56.91,58.16,53.921,45.842,48.074,48.886,49.897,54.015,44.312,64.436,47.814,52.317,45.51,51.141
14208,神奈川県,逗子市,2023,45.555,48.693,51.496,50.84,45.314,46.507,56.348,58.073,45.505,55.468,67.575,48.692,41.267,47.772,55.069,45.465,50.336,49.877,54.794,57.454,45.627,53.086,46.296,52.933
14210,神奈川県,三浦市,2023,44.251,48.704,53.952,51.368,73.026,39.884,54.218,44.757,44.154,51.471,46.245,40.554,41.267,48.359,52.876,40.096,52.178,53.502,52.459,42.401,45.291,44.996,41.106,44.508
14211,神奈川県,秦野市,2023,51.459,48.562,50.994,52.774,47.41,49.049,43.806,47.282,45.827,46.956,46.245,55.67,53.921,57.868,52.525,51.109,48.881,45.915,43.659,51.526,45.983,48.319,40.114,46.141
14212,神奈川県,厚木市,2023,52.073,49.705,47.201,52.546,49.205,46.941,46.659,50.998,52.452,53.859,46.245,46.769,53.921,51.363,49.421,59.004,47.244,53.784,42.849,43.618,45.272,47.481,45.249,49.821
14213,神奈川県,大和市,2023,49.031,51.652,45.286,50.588,49.16,51.429,46.684,48.963,47.406,52.759,46.245,49.803,41.267,42.634,48.112,52.014,45.956,48.966,42.382,44.327,47.339,47.023,45.495,46.106
14214,神奈川県,伊勢原市,2023,46.787,48.625,49.847,51.564,46.325,39.113,41.171,47.222,46.228,45.511,46.245,51.279,66.575,54.864,47.545,50.788,50.788,47.526,44.788,56.735,50.42,54.777,48.717,44.724
14215,神奈川県,海老名市,2023,47.217,50.42,48.467,50.706,50.045,44.444,43.536,51.496,48.5,47.05,46.245,54.322,41.267,45.455,53.054,52.097,48.991,55.551,57.482,60.429,46.471,48.751,51.803,49.623
14216,神奈川県,座間市,2023,45.455,48.715,47.018,51.645,44.616,41.689,46.956,52.39,44.337,49.812,46.245,52.922,41.267,43.275,50.412,50.541,45.29,47.502,49.137,48.398,46.851,47.644,42.004,48.962
14217,神奈川県,南足柄市,2023,51.739,45.394,58.223,54.149,43.529,48.918,48.197,53.56,40.989,52.044,46.245,58.501,53.921,59.773,52.909,50.006,54.189,48.791,64.006,55.902,45.291,54.681,39.51,43.203
14218,神奈川県,綾瀬市,2023,49.329,48.288,51.946,52.398,43.709,45.323,45.61,48.798,47.015,51.926,46.245,55.492,41.267,46.039,47.257,52.711,50.509,56.808,43.279,47.743,45.291,45.013,42.101,45.904
14321,神奈川県,寒川町,2023,49.494,46.08,48.811,52.856,47.432,38.938,47.12,52.906,46.19,49.959,35.579,56.035,41.267,47.226,48.055,53.247,51.203,47.279,38.786,49.64,45.291,45.577,43.857,44.874
14401,神奈川県,愛川町,2023,47.863,47.735,53.033,51.917,48.91,47.677,51.548,53.404,38.828,53.332,35.579,55.846,41.267,53.786,47.988,51.584,49.459,50.725,48.593,40.666,45.291,49.148,40.936,46.983
15100,新潟県,新潟市,2023,50.093,48.32,55.53,48.17,47.525,52.565,48.583,45.949,60.89,54.823,56.91,53.707,66.575,47.535,55.14,53.033,54.211,51.634,44.993,48.627,55.929,46.72,49.355,46.222
15202,新潟県,長岡市,2023,55.612,46.85,59.733,47.694,49.007,47.889,52.037,48.879,53.332,53.782,56.91,56.617,53.921,57.858,51.827,49.386,53.895,44.592,56.156,46.437,53.657,46.819,52.521,45.093
15204,新潟県,三条市,2023,54.066,48.144,63.057,46.938,49.858,51.109,52.657,45.454,41.975,41.541,46.245,55.203,53.921,59.476,42.499,54.466,58.566,51.885,65.319,52.979,51.883,45.914,53.911,43.372
15205,新潟県,柏崎市,2023,52.649,46.708,61.483,42.699,45.0,49.764,55.996,48.242,44.608,41.297,46.245,52.946,66.575,57.628,50.546,52.035,55.839,37.018,71.415,48.107,45.963,48.444,51.699,42.102
15206,新潟県,新発田市,2023,55.88,47.186,62.665,45.838,55.145,48.607,50.697,47.453,47.118,47.289,46.245,55.622,53.921,57.703,49.534,50.652,54.106,46.096,57.32,51.238,45.963,46.342,52.761,41.485
15208,新潟県,小千谷市,2023,52.67,46.089,64.142,44.544,49.186,48.259,53.948,49.131,43.175,39.291,35.579,58.875,41.267,57.228,45.159,52.289,58.051,38.72,77.234,50.468,45.627,47.504,53.694,39.475
15209,新潟県,加茂市,2023,52.762,48.068,66.259,49.856,58.015,51.452,57.117,44.389,38.315,49.66,35.579,56.518,41.267,60.927,44.58,45.568,56.408,36.829,79.573,43.059,45.291,47.298,46.378,40.713
15210,新潟県,十日町市,2023,54.022,46.544,65.587,46.587,50.704,49.88,57.556,45.943,33.617,44.6,35.579,61.178,53.921,61.323,46.491,51.27,55.445,40.084,80.0,52.323,59.146,44.066,54.327,42.29
15211,新潟県,見附市,2023,56.827,47.345,63.314,49.122,49.86,46.855,54.746,45.586,42.649,51.946,35.579,62.641,41.267,53.944,45.205,48.854,53.689,44.032,65.2,54.792,45.291,46.41,46.93,39.301
15212,新潟県,村上市,2023,52.124,45.625,66.153,41.956,50.441,48.101,56.253,46.028,37.184,45.358,46.245,51.489,53.921,61.708,47.044,50.46,57.201,46.082,78.228,41.588,45.963,47.196,52.582,43.912
15213,新潟県,燕市,2023,53.389,47.904,64.251,47.585,48.531,48.319,53.239,45.835,45.32,43.006,35.579,56.255,53.921,50.323,47.986,49.527,56.679,52.541,61.83,46.946,45.291,51.344,55.747,42.653
15216,新潟県,糸魚川市,2023,52.884,46.493,65.052,44.852,47.188,48.722,56.351,47.348,42.235,45.729,46.245,51.919,53.921,62.777,52.766,50.416,57.071,44.725,80.0,53.403,46.299,47.189,56.878,41.647
15217,新潟県,妙高市,2023,58.407,45.908,65.497,44.169,54.593,50.525,54.16,51.304,44.229,40.608,35.579,51.959,53.921,60.476,56.777,52.591,58.349,44.349,73.783,49.07,45.291,51.458,47.791,48.147
15218,新潟県,五泉市,2023,54.07,44.216,65.705,48.819,43.22,44.454,53.356,47.185,33.586,38.31,35.579,59.471,41.267,61.097,43.968,54.885,55.625,43.524,71.235,49.251,45.291,44.173,51.479,40.713
15222,新潟県,上越市,2023,50.992,46.133,61.55,44.78,47.413,47.648,54.889,46.613,40.781,42.508,46.245,55.731,53.921,57.521,50.939,49.417,56.743,48.866,67.455,50.436,49.457,46.33,57.178,43.713
15223,新潟県,阿賀野市,2023,50.285,43.528,67.297,42.538,44.283,46.135,55.394,43.667,44.086,44.119,35.579,59.068,41.267,54.68,51.051,51.029,58.925,43.102,70.746,50.126,45.291,44.242,48.377,41.344
15224,新潟県,佐渡市,2023,58.694,46.751,66.227,42.406,50.836,49.002,59.418,43.629,41.437,36.9,46.245,47.224,66.575,59.324,55.539,46.24,55.884,41.803,80.0,40.925,54.57,44.088,54.958,39.824
15225,新潟県,魚沼市,2023,56.559,47.652,65.462,42.558,46.462,48.207,56.669,46.065,42.266,43.174,46.245,59.38,66.575,63.802,43.994,48.713,53.538,42.694,78.782,49.121,52.555,45.885,54.929,39.006
15226,新潟県,南魚沼市,2023,57.135,45.793,64.52,43.407,46.734,47.187,53.182,44.282,33.724,42.55,46.245,60.436,66.575,62.983,49.425,49.386,54.845,43.102,76.802,48.592,45.291,50.862,55.083,42.664
15342,新潟県,弥彦村,2023,59.829,46.202,54.96,41.782,63.992,44.793,48.76,45.618,41.723,46.139,35.579,66.668,53.921,54.54,42.391,45.356,57.207,35.878,80.0,48.968,45.627,43.738,52.586,39.017
15385,新潟県,阿賀町,2023,46.119,43.498,55.382,34.679,60.849,44.048,59.345,35.007,39.143,35.891,35.579,60.857,53.921,62.719,52.586,47.948,55.118,44.558,80.0,52.646,46.299,45.476,47.229,40.051
16201,富山県,富山市,2023,50.556,48.416,58.775,46.997,50.194,50.938,49.074,44.671,58.975,56.588,56.91,50.647,53.921,60.615,56.291,52.867,54.089,46.014,55.282,48.913,51.119,49.19,56.46,47.064
16202,富山県,高岡市,2023,55.162,50.979,63.659,47.161,51.452,47.871,50.866,44.427,53.612,50.465,46.245,49.109,53.921,54.066,52.322,49.709,55.736,57.238,67.182,49.934,55.378,55.475,55.833,44.939
16205,富山県,氷見市,2023,54.762,44.611,67.322,42.953,45.095,48.156,51.816,46.269,35.739,43.184,46.245,56.099,53.921,57.878,56.693,43.102,56.753,41.437,76.315,52.866,45.291,48.155,50.503,43.615
16207,富山県,黒部市,2023,50.845,45.488,65.976,47.119,47.479,49.492,47.514,51.187,37.366,44.786,35.579,54.587,53.921,62.69,47.726,48.094,55.776,50.018,72.733,30.236,45.291,57.401,55.581,41.786
16208,富山県,砺波市,2023,54.083,45.101,63.934,42.15,55.502,45.732,50.443,49.265,46.836,46.896,56.91,54.813,41.267,55.875,47.917,50.854,56.123,52.138,76.775,58.864,45.291,53.16,59.11,46.617
16210,富山県,南砺市,2023,57.903,44.736,67.835,44.902,51.864,46.78,54.323,59.081,53.045,38.894,35.579,58.248,66.575,63.851,58.601,47.437,63.426,45.231,80.0,60.695,53.562,51.403,57.758,44.822
16211,富山県,射水市,2023,53.112,44.901,64.377,44.719,48.118,50.221,50.303,50.088,52.635,53.328,35.579,49.186,41.267,49.869,51.863,50.564,58.029,54.608,80.0,46.533,45.291,49.24,53.473,44.69
16323,富山県,立山町,2023,47.145,42.638,64.086,44.292,46.571,42.628,47.251,54.265,39.904,35.164,35.579,59.779,53.921,60.741,50.593,52.098,57.634,40.169,73.51,55.765,46.299,53.966,51.141,47.703
16343,富山県,朝日町,2023,47.085,45.828,55.101,38.43,53.077,44.603,51.302,55.705,47.705,38.41,35.579,66.357,53.921,63.053,47.674,50.674,56.212,47.078,80.0,29.126,45.291,48.383,49.07,39.17
17201,石川県,金沢市,2023,50.248,52.42,53.455,51.635,51.868,54.729,46.662,55.305,60.67,53.459,67.575,51.192,66.575,59.674,53.272,50.231,51.327,51.402,42.327,56.417,53.758,52.737,55.047,49.96
17202,石川県,七尾市,2023,49.848,48.807,64.975,45.888,57.077,47.483,53.966,47.723,40.964,41.747,56.91,51.38,53.921,57.454,60.794,47.876,60.198,51.987,76.496,48.007,52.555,47.256,54.372,39.719
17203,石川県,小松市,2023,55.701,47.714,63.86,45.342,52.654,53.399,51.339,48.037,39.037,47.975,46.245,55.865,53.921,60.646,52.664,54.936,56.57,49.746,67.223,60.752,55.442,46.673,56.05,44.786
17205,石川県,珠洲市,2023,52.653,45.118,70.164,43.952,46.176,51.392,59.23,43.269,36.135,37.599,35.579,52.379,53.921,60.092,61.708,41.689,57.503,41.026,80.0,58.631,52.555,47.374,54.603,46.365
17206,石川県,加賀市,2023,54.059,47.628,64.458,44.7,54.85,46.72,56.458,45.793,52.854,49.195,56.91,46.125,66.575,62.683,56.88,52.039,54.826,50.924,80.0,51.106,52.891,55.024,50.518,43.063
17210,石川県,白山市,2023,50.217,47.412,65.318,44.391,51.789,50.044,52.611,49.07,42.988,38.906,46.245,60.227,53.921,62.985,53.659,50.106,55.124,55.232,64.597,64.793,50.511,47.155,51.983,49.423
17211,石川県,能美市,2023,53.985,44.11,65.08,45.674,46.781,52.26,49.252,62.195,46.02,52.481,35.579,62.709,41.267,55.751,49.294,50.241,54.698,52.37,77.942,62.817,45.291,45.871,52.956,47.123
17212,石川県,野々市市,2023,50.967,54.456,49.91,51.841,57.757,58.215,39.179,51.142,40.246,47.039,35.579,50.906,41.267,46.433,49.652,51.755,45.234,51.714,56.679,66.459,45.627,49.558,54.695,53.255
17361,石川県,津幡町,2023,50.135,45.592,62.089,45.182,46.631,46.476,50.092,45.77,37.537,41.248,35.579,61.254,41.267,58.493,54.099,49.324,52.761,44.985,65.082,61.084,45.291,51.331,52.802,48.959
18201,福井県,福井市,2023,53.393,50.945,58.971,48.397,53.866,52.632,50.825,48.343,50.949,47.721,56.91,51.227,66.575,61.794,45.172,52.863,58.292,47.689,44.014,55.203,51.051,59.939,58.239,50.78
18202,福井県,敦賀市,2023,55.062,50.617,57.594,46.913,50.395,52.105,54.319,50.246,35.138,46.427,46.245,52.125,53.921,61.699,50.47,44.526,52.667,49.728,74.878,54.47,59.482,52.135,56.957,43.466
18207,福井県,鯖江市,2023,51.925,47.142,63.308,47.454,51.779,50.616,42.455,48.726,57.195,49.773,46.245,58.896,41.267,58.802,50.263,52.143,56.858,50.136,58.634,52.222,45.963,49.398,55.841,43.721
18209,福井県,越前市,2023,53.154,48.134,63.218,45.692,47.305,51.984,50.733,43.309,46.984,49.364,56.91,56.888,41.267,62.451,49.223,52.538,59.699,63.66,67.381,53.899,46.299,54.377,55.832,43.877
18210,福井県,坂井市,2023,48.488,45.402,65.883,46.272,47.394,52.328,48.595,53.248,45.38,42.107,46.245,57.929,53.921,59.283,50.707,53.245,60.872,46.004,67.98,63.059,53.227,48.188,53.947,49.144
19201,山梨県,甲府市,2023,52.594,52.439,52.896,49.493,50.308,51.706,52.626,48.167,58.817,47.596,46.245,38.904,53.921,56.923,49.974,53.021,51.362,47.236,49.584,45.375,57.447,56.13,51.029,48.663
19202,山梨県,富士吉田市,2023,49.805,54.414,58.274,50.469,53.592,47.767,56.906,61.168,37.271,46.119,46.245,49.471,53.921,58.985,52.207,48.275,51.109,42.748,80.0,52.892,47.307,49.645,53.321,49.545
19208,山梨県,南アルプス市,2023,57.67,46.09,61.225,45.367,48.963,46.09,53.553,50.271,38.559,42.689,46.245,51.397,66.575,58.896,51.589,53.947,54.329,48.284,64.904,50.651,52.555,45.161,52.419,42.887
19209,山梨県,北杜市,2023,56.768,46.247,61.616,40.398,61.952,41.109,56.378,58.096,42.564,37.805,46.245,47.753,66.575,60.786,57.801,52.639,54.738,46.866,80.0,58.85,52.555,52.63,49.746,48.291
19210,山梨県,甲斐市,2023,57.477,50.197,56.478,46.579,50.795,52.742,50.83,50.896,45.321,39.619,46.245,50.046,66.575,55.592,56.205,53.21,50.917,46.919,50.853,55.381,52.219,46.094,47.238,49.619
19211,山梨県,笛吹市,2023,50.798,47.07,59.5,42.76,55.188,46.435,50.138,45.657,37.985,37.717,46.245,40.526,41.267,58.717,51.109,49.566,53.544,45.307,71.21,51.136,59.482,46.652,52.011,43.942
20201,長野県,長野市,2023,54.093,50.106,55.489,50.289,49.022,46.881,51.251,48.894,60.878,46.687,67.575,48.702,53.921,56.449,57.039,49.987,56.038,43.038,46.622,69.665,48.226,47.807,54.606,48.309
20202,長野県,松本市,2023,56.958,49.626,53.504,49.173,49.677,51.19,49.443,60.361,58.658,46.698,46.245,46.847,66.575,62.398,55.603,49.965,53.218,56.757,53.217,66.361,48.442,56.853,53.741,46.291
20203,長野県,上田市,2023,53.709,48.133,57.366,48.472,51.839,47.536,47.82,48.531,50.843,44.027,46.245,48.907,66.575,57.113,56.723,54.448,53.506,47.306,63.485,54.111,50.774,48.281,51.975,46.126
20204,長野県,岡谷市,2023,52.85,48.743,59.685,48.354,55.021,54.355,53.627,47.29,44.409,55.671,35.579,48.164,53.921,57.942,51.792,49.259,54.528,45.772,63.352,68.805,52.219,55.018,49.756,41.457
20205,長野県,飯田市,2023,56.605,51.369,60.76,49.24,55.152,50.091,50.633,49.84,44.33,36.352,56.91,52.738,66.575,66.89,54.769,50.206,59.453,41.213,69.136,63.589,46.635,47.063,58.716,44.147
20206,長野県,諏訪市,2023,54.433,51.767,54.643,48.564,55.283,51.059,50.712,48.998,45.888,42.759,46.245,39.354,53.921,56.933,58.809,49.775,51.716,50.518,66.218,65.251,52.555,48.49,52.323,46.19
20207,長野県,須坂市,2023,57.653,47.506,58.987,48.898,44.176,51.148,51.468,46.534,43.111,38.858,46.245,53.995,53.921,55.847,51.589,51.284,55.89,46.912,52.568,71.195,45.291,50.703,51.357,44.405
20208,長野県,小諸市,2023,54.277,47.719,61.177,43.895,47.857,45.427,47.558,51.276,37.804,41.401,46.245,47.809,53.921,53.189,58.439,45.265,50.325,39.758,70.089,65.751,46.299,45.44,45.099,43.116
20209,長野県,伊那市,2023,52.259,47.216,63.37,46.014,59.012,48.086,51.812,51.337,54.201,35.603,46.245,49.53,66.575,63.373,58.769,49.958,55.798,43.185,73.694,71.551,45.963,50.704,56.127,47.418
20211,長野県,中野市,2023,54.475,48.47,63.599,46.583,45.404,44.949,50.874,47.579,42.72,39.072,35.579,56.946,41.267,53.274,47.965,49.869,55.051,43.667,63.895,61.477,45.291,46.731,52.339,44.428
20214,長野県,茅野市,2023,50.203,43.998,57.349,44.747,51.739,48.503,49.468,46.836,49.086,40.143,46.245,43.206,66.575,55.558,49.538,47.615,54.356,50.11,64.724,64.632,51.883,48.969,55.855,43.877
20215,長野県,塩尻市,2023,51.629,46.58,56.529,45.33,46.705,51.042,48.111,47.65,57.07,41.918,35.579,52.283,53.921,62.765,49.848,50.232,57.11,49.975,51.987,66.245,54.234,49.209,51.188,46.141
20217,長野県,佐久市,2023,55.48,46.968,59.658,45.051,49.694,48.092,48.477,52.239,47.332,42.451,56.91,47.358,66.575,55.575,56.643,54.258,58.561,46.933,79.732,67.631,47.643,52.957,53.431,43.874
20218,長野県,千曲市,2023,55.681,48.167,62.64,44.462,50.618,45.925,50.172,45.499,43.638,41.688,46.245,48.373,53.921,55.274,49.443,45.624,53.112,49.181,63.791,65.43,52.555,50.325,49.776,42.253
20220,長野県,安曇野市,2023,52.982,45.422,62.515,44.04,49.284,45.466,49.113,50.155,40.024,43.549,46.245,50.175,53.921,59.494,46.587,48.69,52.714,46.641,70.054,63.478,45.963,47.304,52.576,48.699
21201,岐阜県,岐阜市,2023,48.861,51.951,56.081,50.83,49.681,47.281,47.705,48.642,58.173,49.48,56.91,42.761,53.921,52.168,50.763,49.236,51.5,49.466,38.011,45.961,50.747,56.834,53.688,50.838
21202,岐阜県,大垣市,2023,47.396,50.517,57.71,47.869,49.751,51.587,46.777,49.624,49.591,46.802,56.91,50.308,53.921,56.632,50.991,51.188,53.5,50.831,45.634,51.084,46.403,51.617,47.88,48.319
21203,岐阜県,高山市,2023,56.671,49.101,62.733,44.32,57.054,46.345,52.33,58.15,46.683,39.458,56.91,50.982,53.921,64.031,58.867,51.814,56.059,47.482,74.112,57.817,56.922,52.314,60.295,47.185
21204,岐阜県,多治見市,2023,51.547,46.51,59.104,47.503,48.677,48.438,50.459,51.876,43.146,47.154,46.245,51.428,41.267,53.302,52.287,48.712,52.372,47.368,64.306,57.163,45.99,53.77,51.961,46.833
21205,岐阜県,関市,2023,54.582,48.186,60.253,46.62,51.272,47.614,51.255,53.389,44.162,47.134,46.245,52.01,41.267,67.072,51.147,48.798,55.016,52.166,59.326,57.62,48.314,48.587,53.884,46.767
21206,岐阜県,中津川市,2023,53.233,48.037,62.497,43.736,47.461,48.282,56.179,47.914,40.623,36.547,67.575,56.565,53.921,66.125,52.367,52.034,55.428,50.001,72.089,59.655,51.883,45.114,55.212,42.656
21207,岐阜県,美濃市,2023,49.704,45.356,65.872,44.226,53.971,48.313,54.028,45.869,42.959,34.408,46.245,52.962,41.267,66.119,45.587,50.77,59.92,43.606,71.789,57.964,46.971,47.878,54.023,46.094
21208,岐阜県,瑞浪市,2023,54.556,48.494,59.861,42.515,55.386,50.967,51.705,50.185,40.474,36.715,46.245,51.415,53.921,58.757,51.932,49.486,53.069,46.672,71.355,59.473,45.291,54.001,50.05,42.394
21209,岐阜県,羽島市,2023,48.849,46.646,61.096,46.344,48.3,45.164,48.055,45.044,42.578,39.989,46.245,53.299,41.267,48.473,54.292,51.733,52.806,45.672,52.644,37.068,45.291,45.184,51.18,47.387
21210,岐阜県,恵那市,2023,54.111,45.999,63.114,41.988,54.405,47.99,56.295,49.786,49.47,33.285,56.91,54.779,66.575,63.95,62.233,51.503,54.856,44.565,80.0,49.851,45.627,45.625,53.402,45.306
21211,岐阜県,美濃加茂市,2023,51.796,47.476,58.056,47.429,52.188,46.575,43.883,48.916,37.504,49.181,46.245,48.549,53.921,56.531,57.047,53.966,50.451,46.173,62.022,56.521,45.627,50.917,48.776,46.412
21212,岐阜県,土岐市,2023,50.084,46.313,60.694,42.707,48.258,48.502,54.726,44.401,40.04,44.967,46.245,53.132,41.267,54.744,46.933,45.093,50.456,48.494,70.959,46.41,45.291,46.31,50.914,43.48
21213,岐阜県,各務原市,2023,49.195,49.841,57.904,50.172,50.35,48.304,44.868,52.211,46.837,49.279,67.575,49.688,53.921,48.93,53.287,53.928,52.98,49.289,48.711,53.724,45.898,47.774,54.543,48.024
21214,岐阜県,可児市,2023,49.373,47.024,58.098,48.22,51.552,46.892,46.656,47.956,38.774,46.242,46.245,57.925,66.575,52.01,48.769,51.374,50.649,51.036,47.639,60.873,45.291,46.801,48.065,47.552
21216,岐阜県,瑞穂市,2023,50.0,45.886,55.798,47.946,44.359,48.377,41.811,52.055,32.571,35.368,35.579,51.195,41.267,50.552,47.299,49.363,49.791,48.426,49.819,54.771,45.291,46.635,52.725,52.615
21218,岐阜県,本巣市,2023,47.114,47.128,65.003,45.894,52.328,47.311,50.684,49.342,37.626,31.991,46.245,49.876,53.921,64.928,50.851,50.473,55.722,46.268,65.071,54.645,45.291,45.256,54.643,46.144
21219,岐阜県,郡上市,2023,52.154,48.669,66.972,43.19,62.14,49.071,57.637,51.023,42.276,37.02,46.245,48.455,53.921,67.334,60.513,47.595,59.095,51.554,80.0,60.28,45.291,50.725,59.581,45.547
21220,岐阜県,下呂市,2023,51.635,48.167,64.427,44.723,58.476,43.832,55.915,49.401,43.219,33.807,46.245,50.172,66.575,67.409,52.28,46.652,55.464,44.689,80.0,60.382,46.299,44.119,59.819,41.285
21341,岐阜県,養老町,2023,47.458,43.125,64.488,41.54,46.931,44.095,50.185,45.569,33.734,44.547,35.579,50.132,53.921,54.834,48.3,48.524,58.931,50.918,58.082,46.059,45.291,46.332,43.285,43.085
22100,静岡県,静岡市,2023,51.708,50.539,51.096,51.302,48.555,54.634,50.011,52.54,56.807,54.875,56.91,41.623,66.575,63.439,53.205,49.436,52.336,42.194,48.678,49.491,51.94,51.064,52.367,51.154
22130,静岡県,浜松市,2023,51.298,49.081,54.061,50.118,48.709,55.677,46.63,50.024,58.081,45.526,46.245,40.399,66.575,51.279,58.87,49.696,52.598,52.532,59.676,61.311,46.43,48.397,51.555,55.341
22203,静岡県,沼津市,2023,54.453,49.669,52.284,50.967,50.636,46.962,51.341,50.227,56.66,50.79,46.245,35.509,53.921,60.362,52.697,48.022,51.117,43.704,44.616,45.136,45.427,45.784,47.399,46.128
22205,静岡県,熱海市,2023,47.708,51.794,47.638,52.763,73.487,46.209,60.822,59.067,45.897,46.557,46.245,32.831,53.921,60.319,53.348,45.853,54.875,44.356,61.607,34.598,45.627,46.488,41.954,45.098
22206,静岡県,三島市,2023,52.92,50.943,51.136,51.365,50.771,50.223,47.405,54.915,51.051,51.127,56.91,44.72,66.575,55.141,48.659,50.311,51.723,43.609,53.871,51.159,49.958,48.881,44.604,46.425
22207,静岡県,富士宮市,2023,54.61,48.068,58.679,48.158,46.493,47.541,50.148,53.547,45.798,40.343,56.91,46.825,66.575,62.792,54.92,50.95,51.782,45.503,57.524,49.468,45.154,50.02,51.847,47.155
22208,静岡県,伊東市,2023,55.835,52.256,56.247,50.197,72.393,49.91,55.293,52.603,42.295,36.811,46.245,36.607,53.921,59.054,52.412,46.098,49.254,42.924,52.887,44.288,45.291,44.837,44.381,43.782
22209,静岡県,島田市,2023,54.715,48.097,59.837,44.432,47.849,47.301,50.098,50.841,43.871,43.992,56.91,48.872,41.267,67.249,52.045,51.611,53.738,46.124,76.249,60.216,45.627,46.77,53.521,45.759
22210,静岡県,富士市,2023,52.796,49.23,55.617,49.035,49.7,49.937,47.036,49.731,51.755,50.696,46.245,43.27,66.575,58.504,54.339,53.958,52.475,57.556,42.835,48.879,45.167,47.305,50.109,46.584
22211,静岡県,磐田市,2023,52.612,45.542,56.907,46.923,45.54,49.844,45.15,51.776,51.531,41.695,46.245,42.148,41.267,54.05,51.048,48.613,54.203,50.841,67.591,59.757,44.755,45.696,53.785,45.214
22212,静岡県,焼津市,2023,50.707,47.995,57.333,48.336,48.71,47.604,47.13,48.779,54.248,47.083,46.245,44.367,41.267,51.2,52.727,46.436,52.51,49.212,52.239,52.087,44.638,46.096,51.797,44.988
22213,静岡県,掛川市,2023,51.199,47.256,57.691,44.719,47.064,47.473,49.402,52.902,52.292,45.354,56.91,43.017,41.267,59.985,54.532,48.433,53.913,54.618,75.665,57.128,44.947,47.64,52.478,44.839
22214,静岡県,藤枝市,2023,54.239,49.613,57.442,45.844,46.233,48.967,47.952,51.526,55.059,49.214,46.245,46.895,41.267,63.5,51.781,48.974,55.48,46.968,56.594,52.926,49.188,47.884,53.388,49.816
22215,静岡県,御殿場市,2023,58.891,47.89,53.932,46.414,61.009,50.721,47.765,51.197,48.548,43.213,56.91,41.675,66.575,56.657,53.603,49.67,49.623,43.945,62.488,57.685,45.291,48.643,55.911,41.547
22216,静岡県,袋井市,2023,54.84,46.208,56.135,46.883,50.175,54.186,43.076,56.29,48.685,50.284,56.91,38.217,53.921,53.759,51.944,50.465,54.15,50.085,70.729,60.715,46.971,47.377,53.74,45.303
22220,静岡県,裾野市,2023,52.461,45.335,53.661,46.421,48.074,51.978,54.06,55.659,43.543,33.684,46.245,44.514,53.921,61.533,49.192,48.535,54.433,49.261,59.828,53.509,45.627,46.345,51.961,48.557
22221,静岡県,湖西市,2023,51.395,47.341,57.686,47.615,48.791,44.625,49.274,50.143,48.292,45.235,46.245,46.997,53.921,53.617,53.763,48.485,51.858,53.777,68.333,66.399,45.627,49.373,49.367,43.223
22223,静岡県,御前崎市,2023,49.05,45.923,60.083,48.234,57.054,54.483,50.26,65.502,50.341,39.326,35.579,46.576,41.267,56.107,59.144,49.593,53.087,50.763,80.0,56.568,45.627,50.574,55.657,41.559
22224,静岡県,菊川市,2023,56.821,46.449,59.242,45.54,48.176,46.463,50.041,50.636,43.905,38.648,35.579,46.856,53.921,56.168,54.838,46.845,54.707,60.861,79.53,54.723,45.963,46.135,56.357,47.014
22225,静岡県,伊豆の国市,2023,53.834,48.779,56.179,48.281,52.86,46.298,47.106,47.454,39.93,42.055,46.245,35.501,53.921,58.001,55.914,51.441,53.791,44.494,71.224,49.656,45.627,45.778,48.365,46.249
22226,静岡県,牧之原市,2023,53.523,45.473,62.2,42.221,49.28,46.278,51.692,49.216,47.366,38.278,35.579,45.393,41.267,56.543,54.781,43.994,58.95,54.93,76.922,57.067,45.627,46.792,52.277,42.886
22325,静岡県,函南町,2023,52.616,48.755,54.584,49.2,47.482,43.815,47.596,54.384,36.479,38.264,35.579,35.481,53.921,58.59,48.949,48.809,49.855,44.131,49.682,50.391,51.883,51.073,45.98,48.315
22342,静岡県,長泉町,2023,56.786,49.496,50.149,51.535,48.641,54.586,36.362,63.562,42.978,42.656,46.245,44.119,41.267,56.657,48.258,48.666,51.881,35.003,73.629,54.093,45.291,50.286,53.679,44.36
23100,愛知県,名古屋市,2023,48.91,53.338,43.985,52.598,51.639,55.096,48.535,47.003,68.965,58.35,67.575,44.089,41.267,42.594,49.627,52.581,50.796,56.396,38.172,43.651,54.261,51.662,51.584,61.846
23201,愛知県,豊橋市,2023,51.259,49.919,54.509,49.236,48.569,52.861,44.958,48.55,54.959,51.573,67.575,46.636,66.575,50.035,55.196,51.445,50.645,55.565,45.683,57.081,45.227,48.687,53.734,48.413
23202,愛知県,岡崎市,2023,52.901,49.279,53.572,48.442,48.031,45.263,42.443,51.23,56.406,51.278,56.91,56.408,53.921,56.02,53.294,52.073,54.248,50.804,64.355,63.665,47.619,47.149,55.627,47.774
23203,愛知県,一宮市,2023,53.843,48.738,55.878,48.079,47.616,48.739,45.158,50.702,50.861,50.052,46.245,51.653,41.267,46.302,48.279,54.927,53.189,48.679,40.427,51.097,45.883,46.59,51.971,48.795
23204,愛知県,瀬戸市,2023,50.598,47.728,55.249,50.479,46.051,42.433,48.283,50.52,48.629,46.054,56.91,50.036,53.921,52.177,45.61,48.236,49.15,46.589,56.292,58.444,50.297,46.806,48.662,45.167
23205,愛知県,半田市,2023,55.441,51.666,54.456,49.104,49.841,50.406,45.756,53.691,41.309,49.517,67.575,47.516,53.921,45.451,49.702,50.361,47.753,53.048,46.162,50.27,45.474,48.482,50.965,49.091
23206,愛知県,春日井市,2023,51.492,49.118,51.017,48.441,46.031,51.171,45.738,46.681,49.293,55.074,46.245,49.304,53.921,47.851,46.22,52.675,49.035,47.26,36.09,52.885,46.045,48.961,51.656,49.334
23207,愛知県,豊川市,2023,53.891,49.011,56.027,47.078,46.316,48.145,45.732,53.596,52.555,45.154,35.579,51.15,53.921,52.159,50.401,51.469,53.23,50.335,47.717,59.628,45.675,46.205,56.242,46.413
23208,愛知県,津島市,2023,56.168,46.786,57.242,49.034,49.175,48.288,49.289,48.532,37.713,39.652,35.579,48.433,41.267,47.236,48.335,50.696,54.18,53.753,45.257,47.541,46.299,47.351,46.71,47.306
23209,愛知県,碧南市,2023,53.374,47.97,56.664,49.875,43.952,52.761,43.74,54.131,31.52,49.76,46.245,54.841,41.267,46.469,48.831,44.466,51.937,50.095,68.862,53.58,45.291,49.016,52.323,44.471
23210,愛知県,刈谷市,2023,53.287,48.103,49.331,49.745,51.667,53.46,40.404,54.767,44.298,55.606,35.579,53.584,41.267,47.634,46.574,49.757,48.643,45.484,64.726,57.53,45.038,47.205,58.109,50.065
23211,愛知県,豊田市,2023,50.378,46.255,53.182,47.473,48.875,51.881,48.97,53.652,55.003,49.646,56.91,55.572,53.921,58.868,47.849,52.503,53.42,47.579,60.685,61.395,45.252,49.477,56.477,47.842
23212,愛知県,安城市,2023,53.165,49.282,51.576,49.715,46.941,52.995,37.724,55.958,53.541,52.876,35.579,55.593,53.921,47.488,46.529,55.66,51.024,47.056,58.931,62.495,44.61,48.88,56.233,47.794
23213,愛知県,西尾市,2023,52.338,46.6,60.173,48.636,47.003,49.003,43.899,55.079,50.72,40.932,35.579,50.246,53.921,50.497,48.886,51.989,57.634,54.276,76.21,56.212,44.995,45.212,54.896,47.178
23214,愛知県,蒲郡市,2023,54.925,49.914,56.859,51.546,51.183,46.563,52.283,52.872,50.736,39.801,56.91,49.701,53.921,52.546,50.744,45.897,53.705,47.547,57.541,59.808,45.291,52.97,51.769,43.543
23215,愛知県,犬山市,2023,52.873,44.757,56.749,50.304,51.216,45.23,47.306,50.62,46.103,45.407,56.91,54.056,66.575,53.431,49.165,50.334,51.868,47.556,56.67,63.461,50.33,49.331,50.296,46.403
23216,愛知県,常滑市,2023,55.326,47.764,56.782,48.608,48.119,48.057,46.122,46.645,44.147,47.064,46.245,51.236,41.267,48.556,53.622,43.062,49.852,51.729,52.196,53.214,51.883,45.919,58.463,48.097
23217,愛知県,江南市,2023,54.021,49.389,55.73,49.135,46.66,46.487,43.151,46.734,42.67,41.394,35.579,52.275,41.267,44.273,50.947,50.414,50.428,44.261,55.342,56.2,45.963,46.838,48.533,47.959
23219,愛知県,小牧市,2023,56.508,49.601,52.31,48.605,50.562,53.278,45.89,51.799,48.837,49.772,35.579,49.076,53.921,47.588,51.708,50.529,50.4,59.04,48.333,58.036,45.026,46.796,50.428,49.246
23220,愛知県,稲沢市,2023,54.89,48.115,57.021,49.56,45.803,45.047,50.886,53.945,44.972,41.665,35.579,49.333,41.267,48.119,48.453,50.154,53.563,45.585,49.802,54.352,46.951,46.573,52.071,46.693
23221,愛知県,新城市,2023,50.429,44.498,63.371,43.723,51.725,40.01,57.047,47.602,48.11,39.319,35.579,52.736,53.921,63.308,55.727,46.71,56.693,57.225,79.551,61.09,46.299,51.319,55.352,39.786
23222,愛知県,東海市,2023,54.261,49.369,51.811,49.805,51.611,47.412,41.041,55.122,48.328,48.173,35.579,55.088,41.267,45.471,42.421,48.083,49.616,56.505,44.601,48.581,44.771,49.1,56.47,46.285
23223,愛知県,大府市,2023,58.171,48.602,53.136,46.269,47.514,51.743,40.701,59.405,48.299,47.192,35.579,57.141,41.267,47.678,48.514,52.741,50.457,56.391,48.826,53.718,45.291,53.48,56.903,51.315
23224,愛知県,知多市,2023,52.674,44.162,55.989,50.084,46.493,47.894,44.291,50.413,36.88,47.99,35.579,56.498,41.267,46.824,44.394,48.847,49.106,53.586,48.62,50.057,45.291,51.888,51.463,48.75
23225,愛知県,知立市,2023,53.218,47.98,48.834,49.365,46.45,48.89,41.92,48.438,44.789,47.603,35.579,52.124,41.267,46.927,47.793,49.368,48.565,52.185,56.436,57.73,45.627,46.696,49.304,44.016
23226,愛知県,尾張旭市,2023,52.939,49.54,53.26,52.338,46.275,47.383,38.884,51.185,42.829,61.795,35.579,53.314,41.267,44.44,46.906,54.815,48.972,44.385,47.68,64.377,45.291,48.311,51.883,48.407
23227,愛知県,高浜市,2023,58.164,49.992,52.226,50.391,42.78,52.292,42.045,52.074,37.827,45.71,35.579,53.793,41.267,45.13,43.02,43.773,49.431,54.821,64.24,47.841,45.291,48.554,52.788,44.791
23228,愛知県,岩倉市,2023,56.108,50.679,49.444,51.734,42.553,54.223,46.258,50.376,36.425,46.295,35.579,52.496,41.267,46.738,50.027,52.54,48.112,57.046,48.087,55.762,45.291,47.914,49.736,44.809
23229,愛知県,豊明市,2023,53.765,50.84,53.141,48.192,43.842,46.9,43.918,51.926,31.895,48.271,35.579,54.246,41.267,47.995,48.475,50.041,49.382,58.541,59.04,57.759,45.291,47.514,51.245,48.049
23230,愛知県,日進市,2023,55.421,49.646,51.618,48.007,44.774,49.853,42.401,55.409,52.561,48.076,35.579,52.507,41.267,48.376,51.798,51.306,51.534,59.525,50.376,66.28,45.291,51.726,57.476,53.055
23231,愛知県,田原市,2023,53.784,44.099,61.02,43.701,48.999,46.332,51.973,45.666,51.996,48.545,35.579,58.926,53.921,52.207,53.277,46.342,56.614,53.064,72.419,60.444,45.291,47.506,58.138,40.653
23232,愛知県,愛西市,2023,53.767,45.475,64.108,48.697,46.753,43.537,50.874,47.153,39.863,40.101,35.579,56.556,41.267,48.15,46.689,47.631,57.434,46.755,50.095,51.12,45.627,45.545,48.204,47.631
23233,愛知県,清須市,2023,54.685,46.488,51.614,49.451,44.481,54.005,44.849,48.248,30.471,49.334,35.579,47.209,41.267,46.033,43.064,50.478,50.673,41.99,54.17,46.282,45.291,47.581,51.371,50.931
23234,愛知県,北名古屋市,2023,57.98,48.404,51.672,48.282,46.959,50.607,45.358,49.515,40.474,45.13,35.579,51.61,41.267,47.057,44.799,47.539,51.031,59.164,50.306,55.529,45.627,46.493,53.976,48.922
23235,愛知県,弥富市,2023,55.04,44.671,57.148,44.298,80.0,40.722,51.317,47.746,31.628,46.299,35.579,47.315,41.267,47.828,46.361,50.074,54.276,42.477,61.125,52.042,45.627,45.963,49.147,43.046
23236,愛知県,みよし市,2023,56.282,47.077,52.363,45.377,46.096,50.969,44.795,53.607,34.34,49.706,46.245,51.932,53.921,48.553,44.575,49.48,50.921,50.168,66.197,59.712,45.291,47.823,58.004,47.061
23237,愛知県,あま市,2023,55.182,48.112,56.481,48.316,44.226,45.0,46.823,43.907,41.709,41.96,35.579,48.427,41.267,46.589,45.177,49.157,51.966,42.848,42.952,42.742,45.963,45.697,49.43,49.484
23238,愛知県,長久手市,2023,60.469,48.063,47.588,50.299,46.367,51.16,36.251,57.14,37.775,48.788,46.245,54.134,41.267,48.741,50.166,49.831,48.842,56.941,44.695,64.453,45.291,53.014,54.549,52.351
23302,愛知県,東郷町,2023,54.334,49.468,53.173,45.202,49.845,48.891,47.174,49.407,44.194,40.419,35.579,55.83,41.267,47.728,48.32,47.901,47.992,53.859,52.076,58.125,45.291,46.48,55.421,48.037
23425,愛知県,蟹江町,2023,48.97,50.539,53.652,48.485,53.701,48.095,47.02,50.366,33.849,42.277,35.579,46.756,41.267,48.13,45.987,51.315,47.737,44.507,43.6,53.97,45.963,46.416,52.347,45.468
23442,愛知県,東浦町,2023,61.043,46.88,56.036,48.488,46.569,45.721,48.039,52.457,39.969,45.055,46.245,57.155,41.267,49.305,49.227,48.81,49.195,55.523,53.965,46.63,45.291,47.336,48.665,46.565
23447,愛知県,武豊町,2023,54.918,49.786,54.613,50.547,45.855,54.586,44.482,53.663,33.336,39.324,35.579,54.729,41.267,46.683,58.666,45.9,50.112,52.521,57.932,57.67,45.291,45.228,48.21,47.837
23501,愛知県,幸田町,2023,55.912,47.584,55.891,43.033,48.885,50.159,45.426,51.302,40.849,41.18,35.579,59.95,53.921,54.269,48.182,46.853,53.126,55.034,61.434,64.831,45.291,46.363,58.445,50.433
24201,三重県,津市,2023,50.37,48.577,56.507,47.674,47.807,48.403,49.614,47.456,43.061,42.675,56.91,47.63,53.921,58.37,55.679,45.8,53.575,48.411,51.365,51.207,45.593,48.715,52.723,50.072
24202,三重県,四日市市,2023,51.265,49.155,53.533,49.844,47.101,50.108,48.108,50.269,41.615,49.053,46.245,52.132,53.921,48.402,47.677,48.847,51.856,53.415,44.778,57.274,45.002,47.931,54.996,49.859
24203,三重県,伊勢市,2023,53.741,50.023,59.073,47.802,47.149,47.151,51.956,55.668,47.602,44.809,46.245,49.324,53.921,57.158,54.173,46.775,54.496,46.318,63.357,55.275,46.151,45.365,52.807,45.668
24204,三重県,松阪市,2023,51.616,48.649,57.46,44.996,48.934,50.213,49.77,46.876,35.57,43.655,56.91,50.535,53.921,61.386,53.974,45.315,52.259,54.909,51.505,45.475,45.132,47.323,52.514,48.882
24205,三重県,桑名市,2023,51.037,48.344,58.327,48.088,50.062,48.076,50.005,48.217,47.478,47.623,46.245,54.632,41.267,51.662,50.61,47.813,53.442,52.754,51.436,57.718,45.788,46.776,55.696,48.883
24207,三重県,鈴鹿市,2023,51.171,47.061,56.278,48.355,49.742,49.76,46.264,47.564,41.107,45.509,56.91,54.452,66.575,50.824,49.09,45.028,50.997,48.845,56.869,55.053,44.341,48.078,50.848,51.098
24208,三重県,名張市,2023,56.128,45.091,60.385,51.885,50.212,43.665,49.164,40.666,44.88,45.545,35.579,55.289,53.921,57.846,46.809,51.693,53.785,60.276,58.682,46.421,45.291,45.483,47.073,48.919
24210,三重県,亀山市,2023,47.455,45.18,58.382,40.936,44.136,42.174,48.272,48.823,44.313,44.414,56.91,56.387,53.921,57.628,48.173,47.863,54.28,53.603,61.545,53.277,45.627,46.293,55.315,44.692
24214,三重県,いなべ市,2023,50.548,43.073,62.378,47.57,48.878,40.432,48.919,45.771,46.783,34.611,35.579,56.502,53.921,60.181,53.927,47.058,54.377,62.053,63.307,49.883,45.291,44.224,55.669,45.541
24215,三重県,志摩市,2023,48.498,45.891,62.07,47.008,60.865,45.265,56.774,42.164,34.136,33.475,46.245,46.747,53.921,56.045,61.697,44.967,54.495,49.264,74.545,40.393,51.883,44.291,46.574,40.906
24216,三重県,伊賀市,2023,47.221,43.802,62.073,43.891,48.701,44.465,54.541,42.286,40.324,33.837,56.91,47.457,53.921,59.227,47.905,50.966,58.962,62.762,66.969,55.95,54.57,55.412,54.92,45.761
24341,三重県,菰野町,2023,50.171,43.257,58.247,45.772,47.24,47.406,45.03,53.788,38.866,30.385,35.579,57.28,53.921,57.792,55.07,46.881,54.569,43.012,62.712,59.461,45.291,44.522,49.615,46.396
24441,三重県,多気町,2023,54.396,43.693,54.692,37.666,41.217,51.955,53.204,53.113,43.419,37.646,35.579,63.628,41.267,57.84,51.992,45.244,60.995,40.416,78.718,51.697,45.291,46.785,53.585,43.514
24442,三重県,明和町,2023,47.534,43.034,60.658,43.765,47.575,45.588,44.941,45.36,44.038,42.262,35.579,60.451,41.267,51.459,55.686,47.124,53.306,46.848,71.236,45.088,51.883,45.88,49.765,53.147
24543,三重県,紀北町,2023,50.54,47.665,58.479,42.697,61.411,49.594,57.972,41.692,35.821,40.69,35.579,50.015,53.921,69.162,64.163,42.074,51.679,45.925,80.0,41.557,45.291,44.768,46.338,45.117
25201,滋賀県,大津市,2023,50.36,49.314,54.417,49.691,49.471,51.377,46.326,48.718,46.631,45.759,67.575,53.036,53.921,58.494,55.206,51.688,54.529,38.422,47.372,57.455,69.509,50.197,48.099,54.711
25202,滋賀県,彦根市,2023,56.508,51.68,57.439,50.6,49.535,53.561,47.299,44.867,42.533,49.295,56.91,47.773,66.575,53.159,49.355,50.406,54.131,51.142,46.399,59.195,51.224,53.367,51.724,45.61
25203,滋賀県,長浜市,2023,53.534,45.945,63.812,45.59,50.583,43.508,51.574,49.687,46.508,44.26,56.91,52.068,66.575,63.846,51.44,48.719,62.173,48.416,57.902,56.886,59.4,46.198,52.736,45.576
25204,滋賀県,近江八幡市,2023,53.835,48.231,59.459,48.111,46.873,42.823,44.24,48.74,43.89,39.225,67.575,50.699,66.575,52.805,51.663,51.276,57.608,48.494,56.115,57.173,63.513,50.963,52.363,51.8
25206,滋賀県,草津市,2023,52.561,50.018,47.475,50.668,51.233,52.903,42.67,50.469,49.4,54.656,46.245,53.575,53.921,49.51,49.595,50.067,53.304,48.931,44.793,69.009,51.547,50.291,48.734,56.259
25207,滋賀県,守山市,2023,58.281,49.461,56.115,48.832,44.835,51.041,40.773,49.229,43.572,52.836,46.245,57.516,53.921,50.854,48.774,52.047,56.68,53.435,56.923,65.345,53.562,47.874,53.485,48.291
25208,滋賀県,栗東市,2023,52.384,47.649,53.596,46.794,80.0,54.4,42.879,46.145,36.684,43.235,46.245,57.197,53.921,52.129,48.189,50.714,49.489,49.094,48.217,62.986,47.643,46.93,54.85,45.729
25209,滋賀県,甲賀市,2023,53.096,43.601,62.9,43.278,57.506,47.481,51.649,50.694,45.844,37.015,46.245,54.486,53.921,57.426,53.372,49.216,56.005,55.453,67.476,62.219,61.162,47.338,53.285,45.132
25210,滋賀県,野洲市,2023,51.604,47.041,56.603,46.335,48.75,49.663,47.37,51.156,37.102,53.995,46.245,57.636,53.921,52.21,46.122,53.847,54.067,51.817,60.231,60.681,56.586,46.072,48.739,47.879
25211,滋賀県,湖南市,2023,56.615,45.813,55.676,46.437,45.166,49.514,50.934,49.851,39.155,51.92,46.245,49.091,41.267,53.131,54.189,49.138,51.923,59.329,57.935,56.547,47.978,44.676,51.955,47.661
25212,滋賀県,高島市,2023,55.527,44.575,64.171,44.316,54.93,39.26,55.16,52.343,32.461,34.937,46.245,42.588,66.575,62.717,51.592,49.476,55.813,48.118,78.371,60.039,52.891,45.618,49.454,46.204
25213,滋賀県,東近江市,2023,51.256,44.958,59.906,45.354,49.364,41.534,50.774,51.29,39.865,40.77,46.245,53.489,79.229,58.049,49.892,48.029,56.853,51.322,57.295,67.016,51.749,45.357,48.185,45.524
25214,滋賀県,米原市,2023,52.453,42.856,66.236,43.193,48.159,45.771,53.854,48.965,41.312,33.133,46.245,53.758,66.575,63.62,53.451,49.016,59.656,48.275,72.601,58.612,52.555,54.767,49.947,46.293
26100,京都府,京都市,2023,48.306,52.909,44.365,55.098,47.337,51.98,53.045,43.396,59.534,56.808,67.575,52.44,79.229,52.52,51.005,51.472,53.218,54.649,41.216,45.113,68.132,49.504,43.728,60.533
26201,京都府,福知山市,2023,53.39,48.169,57.075,46.623,50.054,52.489,53.12,49.648,45.307,45.185,46.245,49.837,53.921,56.726,51.254,52.938,54.169,59.175,59.16,51.831,45.627,45.936,56.238,45.626
26202,京都府,舞鶴市,2023,51.715,50.02,57.442,47.893,54.003,52.113,54.522,44.971,48.231,41.254,35.579,51.193,53.921,56.536,48.711,49.108,54.805,50.197,56.82,52.205,59.818,47.433,56.568,43.787
26204,京都府,宇治市,2023,50.563,49.19,52.2,52.948,46.246,50.228,49.688,53.274,42.846,49.005,56.91,58.934,66.575,53.331,48.89,46.905,50.253,45.031,44.025,60.961,57.895,50.932,41.472,51.242
26206,京都府,亀岡市,2023,48.806,48.936,56.037,48.147,52.159,42.939,51.439,43.388,42.613,40.923,46.245,54.873,53.921,58.509,53.007,52.321,55.017,52.765,48.213,57.983,54.234,46.56,47.905,51.067
26207,京都府,城陽市,2023,51.279,46.91,55.584,53.494,46.542,47.537,49.37,43.216,34.896,48.978,35.579,58.322,41.267,51.737,49.281,47.451,51.22,49.071,48.567,61.664,52.891,47.995,45.356,50.279
26208,京都府,向日市,2023,48.902,50.466,49.973,54.244,45.344,50.661,52.967,53.45,39.844,47.546,35.579,59.728,41.267,44.268,45.911,48.989,48.744,54.986,40.439,55.195,45.627,48.06,49.013,46.659
26209,京都府,長岡京市,2023,51.802,47.186,50.328,52.718,45.829,48.317,50.009,49.542,48.916,51.297,56.91,62.201,53.921,50.122,46.544,50.682,48.245,58.014,47.294,59.665,45.291,49.67,48.298,47.659
26210,京都府,八幡市,2023,47.761,47.495,52.832,52.935,45.842,50.358,53.029,43.292,40.662,51.366,35.579,57.288,41.267,49.248,46.299,53.929,50.697,49.129,43.616,51.486,53.562,46.286,37.58,52.346
26211,京都府,京田辺市,2023,50.551,48.515,50.516,51.865,45.443,50.708,42.824,53.946,40.066,46.861,35.579,62.088,41.267,54.185,48.838,50.435,50.131,49.91,58.355,60.681,53.898,48.796,48.119,53.743
26212,京都府,京丹後市,2023,52.611,45.466,66.309,42.365,53.932,45.963,57.672,42.937,44.542,32.769,35.579,58.999,79.229,56.597,53.515,49.992,57.67,45.607,79.976,56.664,52.891,44.949,54.867,44.84
26214,京都府,木津川市,2023,52.041,46.532,57.979,49.026,45.373,49.897,47.156,50.444,46.972,46.837,35.579,62.457,41.267,55.33,50.653,48.639,51.535,50.556,53.662,59.659,57.929,50.482,43.776,51.745
26366,京都府,精華町,2023,51.667,44.946,58.179,50.004,46.834,43.262,49.068,46.861,46.566,51.407,35.579,64.76,41.267,50.722,47.272,51.695,53.326,46.882,56.435,58.242,52.555,48.242,46.635,57.729
27100,大阪府,大阪市,2023,42.919,54.826,38.664,53.79,53.16,55.05,56.927,51.526,69.198,57.334,67.575,34.334,41.267,41.191,45.507,49.623,48.21,56.183,49.927,21.193,62.461,49.169,44.672,65.661
27140,大阪府,堺市,2023,45.843,50.292,48.666,51.655,45.938,56.509,49.315,47.165,56.102,54.889,56.91,46.034,41.267,43.563,49.866,48.129,47.255,52.311,49.027,39.397,52.465,49.247,44.61,49.652
27202,大阪府,岸和田市,2023,47.488,49.764,52.732,51.512,47.426,51.603,47.294,47.32,47.478,53.662,56.91,44.518,66.575,49.571,48.125,45.443,48.301,49.911,39.063,37.124,50.143,45.509,42.611,49.863
27203,大阪府,豊中市,2023,43.504,49.959,43.782,51.786,45.862,56.404,47.456,53.642,55.284,52.685,46.245,49.661,41.267,42.584,49.587,52.196,44.885,54.765,39.815,49.196,48.81,51.205,48.595,50.109
27204,大阪府,池田市,2023,46.677,49.505,44.776,51.219,47.172,53.671,46.058,53.254,53.854,56.076,35.579,51.59,41.267,49.765,46.052,49.159,45.838,47.699,58.061,60.446,48.447,54.251,46.523,49.5
27205,大阪府,吹田市,2023,46.805,49.747,42.165,52.669,48.622,55.394,47.899,53.729,55.322,51.814,46.245,46.991,41.267,42.565,48.74,54.308,45.487,52.708,54.02,61.924,47.892,57.113,49.762,55.769
27206,大阪府,泉大津市,2023,46.792,50.985,48.274,49.555,49.364,51.363,45.803,43.485,43.608,53.781,35.579,37.484,41.267,40.327,46.133,41.829,47.409,53.777,45.016,40.301,46.299,45.589,44.793,45.469
27207,大阪府,高槻市,2023,45.758,50.554,49.011,52.177,45.744,52.562,49.533,52.878,53.022,50.489,46.245,55.935,41.267,53.743,43.933,53.939,48.273,46.792,54.512,65.192,46.437,51.195,45.483,49.516
27208,大阪府,貝塚市,2023,46.671,48.809,53.212,52.655,49.301,53.378,47.931,47.084,37.884,53.517,35.579,44.779,53.921,53.167,44.355,46.256,48.214,45.018,45.964,32.665,45.963,53.606,43.92,46.749
27209,大阪府,守口市,2023,45.205,51.901,45.088,51.577,45.704,53.754,55.963,39.843,45.314,48.545,35.579,40.423,41.267,41.74,45.926,51.242,46.397,48.99,46.347,27.687,46.925,46.856,43.721,49.359
27210,大阪府,枚方市,2023,45.809,49.814,50.009,51.59,45.284,46.019,48.069,53.804,53.376,55.938,46.245,51.468,41.267,47.127,48.169,51.154,47.857,58.58,43.823,49.964,46.602,49.781,45.229,49.703
27211,大阪府,茨木市,2023,46.088,50.155,44.819,53.047,45.967,56.488,48.029,56.249,50.463,49.705,56.91,52.212,41.267,51.654,46.234,50.272,47.379,53.257,39.891,56.469,50.634,49.807,47.832,50.944
27212,大阪府,八尾市,2023,46.203,50.306,49.819,53.304,45.178,53.857,50.635,50.981,51.499,49.445,46.245,46.227,53.921,47.548,47.966,53.595,45.969,51.441,52.477,35.394,45.146,50.78,43.691,48.077
27213,大阪府,泉佐野市,2023,47.254,50.52,51.162,50.016,58.062,46.308,47.91,40.626,41.769,42.704,46.245,41.852,66.575,53.113,46.665,48.198,48.253,44.829,42.48,32.017,58.397,50.859,47.097,48.36
27214,大阪府,富田林市,2023,52.992,48.063,52.56,51.304,44.636,48.316,54.226,54.479,45.782,55.203,35.579,50.625,41.267,48.014,49.661,50.634,50.327,53.679,51.317,41.242,47.067,48.354,40.623,46.208
27215,大阪府,寝屋川市,2023,45.602,51.155,49.22,50.762,45.778,54.307,52.903,43.439,48.398,48.46,46.245,42.789,41.267,43.267,44.924,50.564,48.071,47.69,54.806,34.634,45.992,48.308,38.69,49.111
27216,大阪府,河内長野市,2023,46.965,45.823,57.686,50.382,43.701,47.069,48.795,53.647,49.043,48.683,35.579,54.285,53.921,57.585,52.298,49.717,50.36,48.521,49.525,52.838,61.711,52.738,41.153,49.253
27217,大阪府,松原市,2023,46.381,47.936,51.02,49.189,45.317,46.853,51.985,45.288,41.8,47.221,35.579,43.654,41.267,46.153,44.313,48.358,45.252,55.53,43.486,33.629,49.495,45.71,40.413,50.025
27218,大阪府,大東市,2023,47.9,48.772,48.163,53.601,44.2,53.159,51.537,45.939,43.099,48.069,56.91,46.031,53.921,45.979,45.421,48.472,47.546,57.356,46.521,31.471,45.507,52.132,40.327,46.407
27219,大阪府,和泉市,2023,47.529,48.068,51.869,50.784,49.225,45.486,45.355,46.821,35.143,44.903,35.579,47.551,53.921,51.973,48.698,49.976,46.765,50.639,49.321,48.58,54.88,48.66,45.277,50.717
27220,大阪府,箕面市,2023,46.602,50.885,48.701,52.52,43.494,52.664,51.781,56.775,44.23,52.756,56.91,52.401,53.921,56.145,44.019,48.612,47.725,53.472,51.945,63.791,51.576,51.528,46.799,50.934
27221,大阪府,柏原市,2023,48.944,47.648,52.911,53.438,46.488,47.455,54.201,46.003,48.731,44.411,35.579,49.648,53.921,50.97,45.862,44.347,49.729,50.743,53.517,44.797,58.81,50.287,41.829,51.28
27222,大阪府,羽曳野市,2023,47.78,48.563,54.287,51.159,45.453,50.731,49.738,50.309,39.047,45.619,46.245,46.545,53.921,49.223,42.597,46.717,46.804,54.991,51.034,41.252,50.652,47.696,41.085,48.558
27223,大阪府,門真市,2023,45.416,53.141,45.273,50.288,49.639,54.041,56.099,46.581,46.531,47.842,35.579,35.762,41.267,40.891,42.509,53.771,44.484,53.265,38.528,24.245,45.508,46.956,38.143,48.934
27224,大阪府,摂津市,2023,47.292,51.798,46.453,53.742,46.156,51.794,52.774,49.54,43.304,51.973,35.579,44.706,41.267,45.835,44.595,49.315,45.497,43.93,41.068,42.575,45.291,47.543,47.259,44.236
27225,大阪府,高石市,2023,46.824,50.846,51.15,51.222,45.528,53.04,48.07,44.603,36.011,54.515,35.579,43.344,41.267,40.736,44.316,45.155,47.383,47.442,62.71,42.727,45.291,47.661,40.08,49.471
27226,大阪府,藤井寺市,2023,49.066,54.328,50.447,49.83,46.314,49.473,55.333,47.208,41.785,43.636,46.245,48.814,41.267,46.797,46.878,47.277,48.651,53.35,54.945,45.052,52.219,46.53,41.36,45.796
27227,大阪府,東大阪市,2023,44.802,50.754,47.208,52.94,47.993,52.595,52.606,42.155,46.137,49.129,46.245,41.066,53.921,46.168,43.863,50.955,46.239,49.06,44.622,30.813,45.786,48.525,43.003,49.116
27228,大阪府,泉南市,2023,53.069,45.908,56.457,48.614,51.324,45.72,49.772,41.711,44.115,47.502,35.579,48.984,53.921,54.495,46.783,47.747,50.588,50.079,47.21,35.004,45.291,46.145,31.528,48.85
27229,大阪府,四條畷市,2023,47.878,44.725,51.232,51.62,49.371,51.338,45.047,47.576,46.899,41.751,35.579,46.241,53.921,51.508,45.466,47.315,49.617,54.925,50.207,33.291,45.291,48.561,46.264,53.134
27230,大阪府,交野市,2023,47.128,48.869,53.962,51.645,40.542,52.544,46.162,43.805,37.996,46.428,46.245,51.915,53.921,50.914,47.843,45.734,49.745,57.136,55.406,59.532,45.963,51.62,43.091,52.235
27231,大阪府,大阪狭山市,2023,48.285,47.734,52.291,51.749,44.609,44.77,47.402,50.147,45.554,48.723,35.579,52.515,41.267,45.886,44.549,49.197,48.245,52.569,55.035,51.432,45.291,51.016,46.401,48.602
27232,大阪府,阪南市,2023,44.227,47.273,57.877,49.842,49.16,45.619,54.048,46.338,45.415,49.913,35.579,51.284,41.267,54.608,54.151,40.923,48.57,48.983,52.623,47.31,52.219,45.919,36.734,47.497
27321,大阪府,豊能町,2023,52.02,42.655,63.024,49.655,46.737,44.055,56.12,53.569,44.67,46.449,35.579,62.807,41.267,58.405,53.159,47.288,55.897,46.854,64.434,64.131,45.291,50.271,31.273,49.135
27361,大阪府,熊取町,2023,49.454,43.571,57.2,51.202,43.091,44.239,49.864,51.045,40.899,48.632,35.579,59.295,41.267,50.546,47.881,54.342,48.373,58.503,51.022,43.953,46.299,48.163,44.128,47.284
28100,兵庫県,神戸市,2023,49.399,52.854,44.197,52.425,48.908,55.26,50.696,45.833,66.568,58.804,56.91,46.338,53.921,46.284,46.322,53.266,51.421,47.559,46.33,55.559,60.155,49.862,46.697,52.953
28201,兵庫県,姫路市,2023,50.049,51.011,55.355,50.474,48.691,51.999,49.783,49.127,53.575,53.892,67.575,40.509,53.921,52.507,51.768,48.166,53.319,48.239,50.586,45.183,61.487,57.647,49.733,48.529
28202,兵庫県,尼崎市,2023,42.79,51.656,42.873,54.563,48.428,48.237,51.042,52.824,48.979,55.287,46.245,41.111,41.267,42.603,43.76,46.691,44.406,53.747,37.045,36.45,51.935,49.678,45.916,47.837
28203,兵庫県,明石市,2023,46.381,51.371,48.774,52.576,45.693,50.089,44.557,48.7,49.532,50.734,46.245,47.388,41.267,44.786,44.895,50.555,46.795,58.483,49.463,51.841,45.888,51.459,48.594,49.732
28204,兵庫県,西宮市,2023,48.021,48.954,43.773,52.315,45.304,55.338,47.365,56.971,54.964,49.545,78.241,54.12,66.575,48.83,46.214,47.452,47.467,47.954,39.415,60.734,52.35,51.141,51.586,52.011
28205,兵庫県,洲本市,2023,49.364,47.108,59.156,43.553,58.61,41.128,56.118,47.472,41.204,33.84,35.579,38.362,53.921,55.061,54.216,50.48,51.727,42.98,71.743,53.118,58.475,47.153,50.948,48.702
28206,兵庫県,芦屋市,2023,49.403,49.467,42.952,53.185,49.957,54.42,51.064,46.804,43.871,49.453,56.91,49.456,53.921,46.988,48.572,44.565,45.953,60.485,58.896,70.407,52.219,52.822,52.91,54.536
28207,兵庫県,伊丹市,2023,46.663,50.456,47.383,54.684,44.48,53.709,44.066,51.4,48.852,54.781,56.91,47.818,41.267,45.697,50.955,47.922,45.86,56.287,42.487,54.623,49.639,51.214,44.086,47.756
28209,兵庫県,豊岡市,2023,52.714,48.993,62.239,45.947,57.315,50.596,55.153,51.052,50.678,35.24,46.245,51.303,66.575,57.981,49.982,49.815,63.008,43.589,69.496,58.37,47.307,45.893,52.905,48.221
28210,兵庫県,加古川市,2023,50.343,49.96,55.49,48.285,47.235,53.278,42.861,50.163,57.545,48.596,35.579,47.113,41.267,47.312,47.888,47.03,50.207,39.284,52.819,55.034,46.105,46.552,48.536,49.39
28212,兵庫県,赤穂市,2023,49.018,49.939,59.669,48.99,51.231,46.477,52.846,47.9,40.856,50.701,35.579,47.723,53.921,53.619,51.922,42.973,53.726,49.87,66.231,56.056,58.475,48.562,46.38,43.546
28214,兵庫県,宝塚市,2023,49.092,48.29,47.467,52.285,44.724,50.373,48.413,50.402,45.512,44.496,56.91,56.081,53.921,52.602,53.607,54.626,48.475,58.519,43.948,62.853,52.469,50.578,47.117,49.531
28215,兵庫県,三木市,2023,46.639,48.225,60.527,46.205,58.303,49.106,52.239,52.735,42.658,55.926,35.579,46.098,41.267,50.397,49.621,51.296,51.949,49.681,56.407,58.651,46.971,51.304,38.424,46.079
28216,兵庫県,高砂市,2023,48.381,51.497,57.884,50.19,45.45,48.699,48.76,47.468,48.892,48.289,35.579,41.977,41.267,46.127,42.978,42.621,51.077,51.717,47.725,50.174,51.883,45.629,43.324,48.361
28217,兵庫県,川西市,2023,49.755,47.194,54.015,51.593,45.761,51.472,46.161,43.122,48.13,46.083,46.245,44.41,41.267,51.53,55.722,49.442,45.307,53.389,56.749,60.817,47.345,50.802,41.985,51.578
28218,兵庫県,小野市,2023,48.413,43.499,60.741,47.125,51.981,49.169,48.639,52.721,41.338,37.001,35.579,50.08,41.267,50.117,46.031,50.894,54.564,50.403,53.814,56.023,46.635,50.573,49.896,47.2
28219,兵庫県,三田市,2023,48.474,45.68,55.613,49.326,46.231,48.099,49.286,52.929,45.981,53.992,56.91,58.064,41.267,52.476,51.678,53.359,51.901,51.301,52.315,64.367,46.212,56.775,48.26,50.684
28220,兵庫県,加西市,2023,49.38,42.505,64.222,43.157,49.511,43.348,55.239,51.79,44.969,38.715,35.579,49.74,41.267,51.042,57.148,49.554,57.061,53.604,71.432,54.437,54.57,52.097,51.776,43.915
28222,兵庫県,養父市,2023,52.949,44.395,65.455,43.063,53.101,49.978,56.984,48.674,47.795,38.629,46.245,42.556,53.921,61.374,51.162,49.512,62.073,48.974,80.0,47.689,52.555,45.727,49.898,43.585
28223,兵庫県,丹波市,2023,49.505,43.595,65.418,41.455,46.651,45.148,56.122,47.889,37.184,34.284,35.579,51.629,41.267,57.877,56.256,49.334,58.328,49.836,77.866,54.245,46.299,47.771,54.22,47.002
28224,兵庫県,南あわじ市,2023,46.226,44.81,63.399,42.15,51.798,51.462,53.344,42.605,39.227,34.495,35.579,43.277,53.921,55.863,52.104,44.967,54.988,46.603,78.318,57.371,51.883,56.422,54.88,42.972
28226,兵庫県,淡路市,2023,50.159,46.089,60.182,41.617,52.565,44.148,54.904,45.022,37.755,43.477,35.579,37.236,53.921,52.805,56.56,44.887,52.122,42.13,70.656,52.995,52.219,45.422,49.116,48.318
28228,兵庫県,加東市,2023,48.041,45.325,58.691,43.54,60.388,53.091,49.044,56.99,37.631,47.407,35.579,39.327,41.267,52.899,44.809,54.757,54.915,57.245,54.187,56.027,53.227,45.729,56.496,47.84
28229,兵庫県,たつの市,2023,53.037,44.924,62.377,44.31,46.579,47.9,48.978,49.58,52.382,44.249,35.579,47.821,53.921,53.192,50.498,47.447,53.17,46.142,66.063,50.162,53.227,53.109,47.787,44.121
28301,兵庫県,猪名川町,2023,48.717,45.509,60.949,48.366,43.989,47.41,50.4,57.366,43.939,55.706,35.579,55.723,41.267,57.901,53.667,52.651,53.648,51.305,58.401,66.105,45.627,46.702,43.009,47.106
28365,兵庫県,多可町,2023,52.756,43.449,67.504,45.905,49.327,43.262,58.218,46.455,40.612,38.788,35.579,55.044,41.267,58.824,54.655,48.371,58.321,48.546,80.0,55.076,45.291,46.764,51.51,45.351
29201,奈良県,奈良市,2023,47.731,49.375,52.384,51.583,48.38,47.69,51.402,44.939,54.648,46.578,46.245,50.542,53.921,53.287,52.0,49.419,53.452,56.746,60.967,61.851,62.477,49.797,45.861,49.679
29202,奈良県,大和高田市,2023,48.003,48.304,56.486,52.041,49.498,45.87,50.477,41.362,35.405,42.461,35.579,42.363,41.267,45.867,45.808,48.385,52.556,45.806,64.14,39.704,52.555,46.327,38.42,46.328
29203,奈良県,大和郡山市,2023,51.264,47.63,57.095,49.956,50.544,45.891,48.798,49.83,38.005,52.074,35.579,48.985,41.267,48.036,42.665,48.137,49.795,45.56,49.688,47.855,48.314,48.74,39.956,45.032
29204,奈良県,天理市,2023,51.397,47.84,58.244,49.509,45.354,48.651,49.714,38.281,51.325,40.775,35.579,48.766,53.921,53.611,51.38,47.974,49.75,53.181,56.952,46.591,47.978,49.708,46.876,51.186
29205,奈良県,橿原市,2023,48.141,50.661,54.316,51.159,48.534,48.781,47.328,48.668,34.46,48.535,46.245,46.188,53.921,47.666,43.637,46.529,51.539,49.777,45.734,65.407,57.853,47.14,45.654,53.456
29206,奈良県,桜井市,2023,48.939,48.974,58.339,49.199,45.649,44.042,54.006,40.75,43.136,42.498,46.245,49.806,53.921,56.873,47.058,44.926,58.584,36.499,54.766,45.572,61.834,45.849,43.187,45.151
29209,奈良県,生駒市,2023,49.616,48.851,55.83,51.874,43.092,48.901,43.613,53.935,54.406,47.384,46.245,58.826,53.921,51.112,54.312,49.833,51.738,58.15,58.971,58.252,49.195,50.394,46.275,50.733
29210,奈良県,香芝市,2023,50.679,49.125,57.505,50.318,45.351,55.322,48.15,50.101,42.633,43.033,35.579,58.494,53.921,47.802,44.265,48.431,50.941,49.803,48.627,60.868,51.883,52.787,49.29,52.985
29211,奈良県,葛城市,2023,50.049,46.615,61.937,50.102,46.664,41.993,42.204,51.136,39.702,42.772,46.245,56.917,53.921,54.126,48.63,48.515,56.251,48.396,74.164,51.537,62.17,45.745,44.229,52.236
29363,奈良県,田原本町,2023,53.386,49.69,59.357,47.71,43.652,45.916,48.468,49.109,42.53,44.903,35.579,51.822,41.267,47.804,47.417,49.237,55.866,43.569,60.415,62.129,45.291,45.844,46.414,44.133
29426,奈良県,広陵町,2023,50.751,48.573,61.186,49.041,45.771,46.054,50.444,52.285,41.181,48.272,35.579,56.027,41.267,47.24,53.226,49.988,55.306,51.163,54.925,55.19,45.627,48.279,49.296,47.722
30201,和歌山県,和歌山市,2023,50.512,50.344,54.322,50.739,49.063,44.805,49.217,42.291,53.646,47.239,46.245,44.18,53.921,51.001,44.727,51.292,54.921,48.187,39.981,42.065,60.093,47.633,50.051,47.923
30202,和歌山県,海南市,2023,52.797,48.157,55.985,44.453,47.427,45.398,57.375,46.807,41.548,33.452,35.579,48.296,41.267,52.415,45.983,48.686,54.336,49.509,64.509,53.124,54.906,54.02,43.77,41.209
30203,和歌山県,橋本市,2023,52.258,49.388,60.939,50.128,44.799,45.463,56.585,41.126,43.945,41.548,35.579,55.387,53.921,57.804,50.881,44.179,52.83,50.858,64.146,58.748,52.555,48.797,45.678,49.793
30206,和歌山県,田辺市,2023,54.686,50.365,56.329,45.452,59.107,47.845,57.577,47.133,42.122,34.378,56.91,46.29,66.575,67.308,54.941,45.21,53.669,47.383,73.305,41.59,45.963,45.995,47.369,46.146
30208,和歌山県,紀の川市,2023,51.042,44.79,63.243,45.508,47.593,45.354,54.636,47.186,43.605,33.688,35.579,51.42,66.575,57.987,49.732,47.251,55.039,48.003,70.9,45.907,60.154,45.688,50.41,46.35
30209,和歌山県,岩出市,2023,49.303,47.582,56.205,47.097,55.16,44.391,41.003,55.404,39.358,38.16,35.579,52.678,41.267,54.87,49.385,47.421,49.862,48.007,49.233,53.05,53.562,44.858,46.676,48.013
31201,鳥取県,鳥取市,2023,53.874,49.057,56.438,47.673,51.808,48.445,52.4,50.172,56.816,48.99,56.91,52.986,66.575,57.488,54.659,50.643,55.833,47.651,45.321,50.915,55.655,53.472,53.803,46.39
31202,鳥取県,米子市,2023,53.259,51.305,55.193,47.245,49.289,48.469,51.347,46.345,53.86,52.382,46.245,49.759,53.921,49.464,57.288,50.24,51.409,53.447,52.347,49.906,50.53,54.424,54.919,46.465
31203,鳥取県,倉吉市,2023,57.733,52.06,60.584,47.03,53.608,47.933,55.313,49.507,31.599,47.055,46.245,51.995,53.921,56.176,55.554,50.368,54.229,46.639,52.953,55.003,45.627,56.804,54.288,45.177
31204,鳥取県,境港市,2023,50.262,50.235,60.237,51.837,47.875,54.175,53.594,44.005,33.871,55.696,35.579,53.996,41.267,47.65,60.824,47.307,53.744,48.255,66.551,53.019,45.291,55.909,51.96,42.297
32201,島根県,松江市,2023,53.194,49.105,53.892,48.68,51.142,52.922,52.35,44.132,48.968,45.669,46.245,55.527,66.575,53.807,56.745,53.795,54.01,53.229,69.216,60.782,47.894,50.214,55.187,46.343
32202,島根県,浜田市,2023,52.22,46.321,57.486,45.835,58.22,50.545,57.239,48.682,41.894,44.208,46.245,53.45,53.921,55.173,52.643,49.307,52.933,51.761,78.217,43.161,58.475,54.174,55.06,42.65
32203,島根県,出雲市,2023,51.663,47.425,60.863,46.446,49.196,52.423,51.067,47.202,49.013,42.856,56.91,59.048,66.575,54.184,51.799,49.732,57.422,48.258,71.079,59.286,50.365,48.945,57.604,46.091
32204,島根県,益田市,2023,53.662,47.981,61.336,47.165,54.817,54.556,57.304,44.582,44.672,46.477,46.245,52.781,53.921,57.255,52.025,45.205,57.524,46.704,76.004,52.822,59.146,52.599,57.846,42.514
32206,島根県,安来市,2023,47.529,44.192,66.34,43.598,48.209,49.676,57.119,53.921,40.334,39.291,35.579,53.07,41.267,56.238,48.902,44.088,57.79,46.496,76.402,60.39,52.555,51.126,56.427,42.087
32209,島根県,雲南市,2023,49.095,43.081,68.245,41.767,52.667,48.735,58.676,41.289,43.077,37.669,35.579,59.735,41.267,55.798,58.104,47.292,60.898,41.603,78.558,60.067,52.219,45.663,59.266,44.092
33100,岡山県,岡山市,2023,49.364,49.89,51.358,49.243,49.614,52.292,45.847,47.821,53.251,52.063,56.91,47.352,53.921,49.07,47.213,55.637,53.126,53.328,38.344,54.964,53.072,50.112,50.234,52.875
33202,岡山県,倉敷市,2023,46.44,49.046,54.75,48.021,47.941,49.835,47.155,49.893,53.042,50.115,56.91,49.766,53.921,47.213,47.025,50.359,52.758,50.2,39.409,53.983,58.891,46.907,52.436,45.427
33203,岡山県,津山市,2023,49.667,47.336,57.999,45.276,52.746,45.989,51.548,45.007,56.703,36.88,56.91,43.913,53.921,54.825,51.611,53.742,52.487,44.739,60.857,55.235,47.307,47.445,54.796,43.804
33204,岡山県,玉野市,2023,48.168,43.34,60.046,49.211,54.335,48.05,57.842,49.335,39.417,50.232,35.579,48.576,53.921,49.295,42.522,41.146,49.393,48.419,60.258,48.687,45.291,46.472,47.583,42.838
33205,岡山県,笠岡市,2023,51.331,44.133,60.631,43.161,45.363,46.394,58.082,50.123,37.661,39.691,35.579,44.789,53.921,49.253,44.079,43.583,53.24,51.387,73.52,56.782,52.219,51.568,42.126,40.895
33207,岡山県,井原市,2023,46.867,44.203,63.951,47.719,49.371,48.957,57.496,52.838,38.776,38.503,35.579,51.024,41.267,52.587,46.805,44.232,58.284,42.924,67.065,59.808,45.291,56.717,47.051,43.246
33208,岡山県,総社市,2023,48.196,44.951,57.902,45.151,48.176,49.981,46.869,55.013,35.887,40.346,35.579,55.792,53.921,51.321,44.629,50.839,51.926,53.72,62.674,57.326,52.555,50.89,51.087,50.549
33211,岡山県,備前市,2023,45.634,43.623,63.416,44.221,48.017,44.386,59.393,45.479,43.881,32.883,35.579,45.343,53.921,52.081,49.362,45.281,53.473,49.566,72.303,59.279,65.776,50.867,47.512,40.904
33212,岡山県,瀬戸内市,2023,47.195,43.909,66.325,45.776,47.7,47.564,54.195,48.416,39.835,28.652,46.245,51.028,53.921,50.442,52.618,44.179,57.311,52.217,68.223,55.688,46.635,49.045,44.373,44.447
33213,岡山県,赤磐市,2023,47.149,44.782,62.977,42.912,45.34,48.206,53.102,50.232,37.807,39.225,35.579,50.965,41.267,51.522,54.967,51.356,52.839,47.87,70.53,62.841,51.883,48.798,51.513,45.816
33681,岡山県,吉備中央町,2023,49.28,42.811,55.498,35.238,47.902,51.832,59.362,45.559,33.266,36.067,35.579,62.187,41.267,52.449,46.561,52.372,51.256,44.394,80.0,56.088,45.963,59.111,52.997,45.115
34100,広島県,広島市,2023,47.828,51.918,46.255,53.494,50.225,52.996,48.638,42.113,59.2,54.271,46.245,53.962,53.921,51.19,45.394,51.118,48.845,49.912,40.042,59.002,47.495,51.584,52.394,52.584
34202,広島県,呉市,2023,45.326,49.228,55.727,52.179,49.032,50.77,56.04,50.57,47.85,50.642,46.245,45.016,66.575,51.845,42.846,44.889,50.365,44.357,52.818,54.964,54.261,46.033,51.857,40.755
34204,広島県,三原市,2023,47.732,47.084,57.22,45.97,50.437,50.454,54.481,47.349,48.742,42.447,35.579,47.42,53.921,52.251,47.988,42.221,50.909,47.623,65.862,54.601,46.299,45.702,52.365,41.69
34205,広島県,尾道市,2023,48.427,48.017,58.591,47.624,48.538,49.16,55.793,49.406,43.233,50.227,56.91,47.609,53.921,51.676,45.595,41.291,52.695,48.159,68.508,47.403,59.865,46.9,53.629,41.406
34207,広島県,福山市,2023,48.915,48.848,55.528,49.624,49.169,54.117,51.053,50.695,58.929,51.774,56.91,50.903,53.921,50.189,51.895,46.778,52.574,46.073,39.745,56.34,51.162,47.635,52.958,45.326
34208,広島県,府中市,2023,52.012,48.516,62.615,49.983,48.032,46.746,55.897,45.21,42.968,47.599,35.579,49.189,41.267,53.037,52.055,50.904,54.618,47.362,63.633,50.467,45.291,46.423,47.715,42.278
34209,広島県,三次市,2023,49.962,47.948,59.499,43.341,56.339,46.701,58.072,47.833,50.624,47.265,56.91,50.756,41.267,53.836,53.951,52.128,52.299,51.684,78.658,54.006,46.299,48.184,59.391,43.762
34212,広島県,東広島市,2023,50.899,46.016,52.259,45.731,48.471,48.424,50.8,52.52,53.098,40.206,35.579,53.735,66.575,51.456,50.014,49.115,47.879,54.414,40.038,67.56,45.169,47.602,55.682,51.414
34213,広島県,廿日市市,2023,51.557,49.18,55.449,50.68,46.352,47.785,51.723,48.714,47.114,50.067,46.245,55.554,66.575,55.603,49.48,47.67,50.953,51.723,52.102,66.313,48.22,50.329,55.51,48.871
34302,広島県,府中町,2023,45.287,49.963,49.643,53.624,42.789,55.025,47.915,47.146,32.076,52.359,35.579,56.726,41.267,45.294,39.485,46.332,49.628,45.067,40.018,65.076,45.291,48.29,54.284,46.99
35201,山口県,下関市,2023,45.826,48.481,53.993,49.188,49.801,47.959,54.044,44.709,49.996,51.219,67.575,47.126,66.575,53.071,52.391,45.875,51.243,43.763,46.777,48.412,50.83,46.517,52.609,44.292
35202,山口県,宇部市,2023,45.344,48.358,55.449,50.788,50.878,48.1,51.748,48.394,63.132,51.31,56.91,48.784,41.267,50.337,53.569,48.362,51.18,52.743,46.13,47.692,45.138,48.681,53.091,46.658
35203,山口県,山口市,2023,45.194,47.788,54.144,46.391,49.087,46.734,52.458,53.674,55.9,46.101,56.91,51.829,41.267,56.798,56.501,51.685,55.704,45.646,47.448,61.932,48.729,50.773,53.929,47.572
35204,山口県,萩市,2023,51.334,48.332,60.066,47.383,56.3,45.629,59.813,54.284,41.756,39.067,67.575,48.324,66.575,56.778,53.054,45.573,58.372,47.329,67.192,48.223,47.978,54.643,57.477,39.304
35206,山口県,防府市,2023,46.414,46.634,55.762,45.45,47.412,50.151,50.171,49.107,44.258,46.936,46.245,51.856,53.921,50.783,49.86,46.32,51.267,47.183,52.578,48.052,45.094,47.129,54.684,45.93
35207,山口県,下松市,2023,52.463,47.761,54.01,47.512,49.746,50.923,48.351,51.193,37.288,45.493,56.91,51.862,53.921,54.055,44.134,44.531,48.23,44.824,47.536,49.226,45.627,47.069,53.136,44.079
35208,山口県,岩国市,2023,46.55,46.549,57.551,47.527,51.024,51.816,58.343,52.596,49.187,44.267,56.91,47.611,80.0,59.02,50.362,45.16,52.241,46.75,56.872,44.682,44.613,48.694,52.515,45.0
35210,山口県,光市,2023,51.209,45.662,59.321,47.783,50.71,51.165,55.726,53.884,48.137,43.359,46.245,53.548,53.921,53.005,47.001,42.768,54.43,48.923,74.908,55.715,45.627,45.946,49.204,44.522
35212,山口県,柳井市,2023,45.955,48.986,58.619,47.059,63.045,48.198,56.15,48.08,42.173,39.442,46.245,43.26,53.921,54.384,57.548,46.841,54.179,37.706,71.367,50.422,45.627,48.039,50.868,46.367
35215,山口県,周南市,2023,49.676,47.415,55.229,47.549,52.326,49.376,56.218,48.088,51.943,47.717,56.91,50.511,53.921,57.191,45.519,44.281,50.293,44.214,54.789,52.795,45.339,46.487,54.79,45.688
35216,山口県,山陽小野田市,2023,47.842,47.211,57.212,47.455,50.285,51.956,55.245,45.345,41.171,54.27,35.579,51.564,41.267,50.697,45.563,43.302,49.062,49.565,58.789,50.985,45.627,46.526,51.096,46.048
36201,徳島県,徳島市,2023,50.521,52.249,52.094,48.985,52.175,50.959,50.244,48.409,55.05,50.089,46.245,41.881,41.267,51.504,50.718,47.833,51.429,43.504,41.732,49.713,56.035,53.571,53.269,49.368
36202,徳島県,鳴門市,2023,52.249,46.366,59.9,46.672,51.675,45.534,53.411,48.866,44.518,44.873,35.579,40.696,53.921,53.314,51.045,42.48,52.961,51.303,61.671,42.31,52.555,46.099,47.0,43.199
36203,徳島県,小松島市,2023,49.547,49.44,60.039,44.945,47.67,46.707,52.74,38.72,38.703,42.339,35.579,39.198,41.267,49.897,50.756,44.067,52.344,38.584,63.869,45.513,51.883,44.752,44.867,43.685
36204,徳島県,阿南市,2023,51.137,43.995,61.819,45.666,47.249,50.381,56.038,53.181,43.351,41.266,35.579,50.309,53.921,56.978,53.851,45.6,54.405,49.746,64.753,49.236,51.883,48.326,48.647,41.568
36205,徳島県,吉野川市,2023,50.681,45.717,61.712,45.949,43.878,44.681,56.844,46.155,37.641,38.221,35.579,48.03,41.267,58.073,56.688,47.094,53.307,41.446,74.169,41.999,58.475,46.816,47.063,41.471
36403,徳島県,藍住町,2023,50.144,52.04,57.114,44.213,49.631,52.879,42.35,50.82,34.736,40.0,35.579,51.116,41.267,48.859,47.148,47.781,49.462,53.69,51.001,42.127,52.219,45.242,47.422,47.168
37201,香川県,高松市,2023,49.922,50.808,52.429,50.53,50.865,51.564,45.539,48.134,64.576,51.243,56.91,40.405,53.921,50.651,52.009,45.384,52.678,45.455,49.832,47.246,52.287,49.853,54.416,48.166
37202,香川県,丸亀市,2023,50.874,49.356,57.665,45.465,48.652,51.133,50.7,51.262,45.365,51.944,46.245,41.896,53.921,49.745,45.847,45.081,53.438,51.137,62.58,56.27,54.22,46.833,50.051,47.019
37203,香川県,坂出市,2023,45.312,45.315,59.396,42.588,55.186,51.492,53.887,49.477,42.003,46.41,35.579,37.099,53.921,49.225,46.724,44.89,51.443,39.302,64.029,51.364,53.227,46.64,50.808,44.935
37205,香川県,観音寺市,2023,44.862,47.021,62.143,44.541,48.366,47.2,50.53,45.503,45.971,41.602,35.579,50.702,66.575,54.61,49.164,45.523,55.007,45.943,73.924,58.83,52.555,45.591,53.909,43.214
37206,香川県,さぬき市,2023,48.374,45.532,60.165,44.667,47.731,46.24,52.447,46.343,43.224,47.493,35.579,48.708,53.921,52.128,50.631,48.809,55.306,49.382,53.978,54.752,53.227,45.263,46.972,43.28
37208,香川県,三豊市,2023,48.659,43.784,65.68,42.477,50.436,48.801,54.677,48.706,50.423,39.516,35.579,51.896,53.921,52.601,62.053,48.923,60.245,48.522,70.511,54.181,53.227,51.13,53.084,45.862
38201,愛媛県,松山市,2023,49.611,51.386,50.851,52.412,47.621,46.793,45.301,45.757,61.061,54.01,56.91,46.006,53.921,52.726,49.506,54.16,51.965,46.791,49.199,51.716,54.18,51.915,50.102,50.781
38202,愛媛県,今治市,2023,49.058,49.871,59.617,48.586,49.72,47.475,54.167,47.873,49.377,45.217,46.245,41.962,53.921,54.201,40.153,42.99,52.665,42.745,70.501,39.825,55.433,46.307,52.858,42.702
38203,愛媛県,宇和島市,2023,51.028,48.304,56.751,48.052,55.034,50.741,57.319,46.417,49.334,42.746,46.245,44.244,79.229,62.088,49.763,43.96,53.031,46.619,79.177,39.425,52.219,44.398,49.228,41.126
38205,愛媛県,新居浜市,2023,52.59,51.392,56.437,47.74,49.8,50.335,52.251,53.135,59.07,42.127,46.245,46.326,41.267,61.716,43.517,45.515,49.518,45.638,53.473,40.947,49.034,49.307,55.33,45.8
38206,愛媛県,西条市,2023,53.446,46.92,59.686,45.554,51.448,50.251,53.891,49.769,45.325,43.736,46.245,43.535,66.575,62.639,43.789,45.79,50.338,36.185,66.21,53.334,48.981,57.164,53.924,44.41
38207,愛媛県,大洲市,2023,48.842,47.001,59.199,42.833,56.031,50.441,58.377,47.184,46.289,41.931,56.91,45.187,53.921,61.67,40.575,45.177,55.16,40.685,74.8,50.443,53.562,53.408,55.382,43.109
38210,愛媛県,伊予市,2023,45.913,47.608,61.465,44.463,44.593,48.068,53.064,45.205,47.494,39.87,56.91,55.216,53.921,59.664,45.975,45.113,50.592,43.032,79.889,50.944,45.291,44.757,51.521,46.427
38213,愛媛県,四国中央市,2023,49.69,49.108,57.969,45.352,48.115,50.003,52.576,55.349,40.497,36.456,46.245,48.067,41.267,64.199,44.091,46.494,51.878,41.582,55.967,37.483,52.219,49.891,58.263,42.413
38215,愛媛県,東温市,2023,52.707,46.137,56.47,46.512,52.764,47.524,48.299,45.171,44.829,39.92,46.245,51.139,41.267,61.983,44.373,48.873,47.982,41.375,75.61,46.254,45.963,46.982,55.206,46.167
39201,高知県,高知市,2023,44.206,53.389,50.075,50.966,53.277,50.412,50.884,41.893,39.444,49.916,46.245,47.178,41.267,62.801,49.448,51.529,49.133,43.673,36.516,48.783,52.197,48.394,51.507,46.687
39204,高知県,南国市,2023,47.029,45.7,55.533,45.285,50.995,46.007,56.224,44.116,35.202,43.133,35.579,53.079,41.267,60.505,44.754,51.037,49.172,46.76,50.129,54.948,52.219,46.192,48.494,44.198
39208,高知県,宿毛市,2023,52.142,49.227,58.953,45.721,79.161,46.805,60.118,42.332,41.575,47.503,35.579,49.977,53.921,64.674,51.222,45.473,49.833,48.434,77.567,51.566,51.883,46.682,47.266,39.466
40100,福岡県,北九州市,2023,47.862,51.471,49.146,51.908,49.611,54.039,51.58,39.816,62.977,58.926,67.575,40.348,66.575,48.759,52.324,50.595,48.696,54.311,40.891,41.64,55.245,49.177,46.104,50.608
40130,福岡県,福岡市,2023,46.35,52.459,41.342,53.528,50.716,52.523,44.647,45.542,63.341,57.393,67.575,46.704,53.921,47.143,45.575,46.852,48.91,54.092,39.823,52.157,50.152,54.043,49.179,66.308
40202,福岡県,大牟田市,2023,50.227,52.094,54.789,50.3,50.871,49.775,53.484,45.75,50.237,49.755,56.91,43.248,53.921,47.37,56.362,45.572,49.117,44.586,49.63,47.699,45.079,48.478,43.543,44.688
40203,福岡県,久留米市,2023,52.517,49.955,51.974,49.664,50.211,50.725,47.853,50.19,56.628,49.155,56.91,44.721,53.921,50.131,49.973,54.532,50.822,48.235,44.026,43.91,45.744,46.933,50.126,49.482
40204,福岡県,直方市,2023,51.249,48.816,55.37,47.179,49.672,49.92,50.552,42.425,50.488,54.72,35.579,37.659,53.921,53.949,49.29,51.647,49.554,48.217,62.215,50.49,45.291,44.377,42.7,46.0
40205,福岡県,飯塚市,2023,54.451,48.99,52.702,47.352,53.449,48.353,48.176,45.991,49.475,46.377,35.579,33.502,41.267,55.044,54.041,52.177,47.065,41.482,56.379,39.026,49.363,45.719,46.071,48.177
40206,福岡県,田川市,2023,53.594,51.158,52.853,48.796,49.848,55.808,56.202,49.941,45.755,44.653,35.579,31.36,41.267,49.556,45.802,53.157,49.936,50.539,77.945,42.483,45.291,44.72,37.723,47.696
40207,福岡県,柳川市,2023,51.592,46.579,60.958,46.84,46.2,48.772,51.796,48.669,34.466,41.737,46.245,49.34,41.267,48.649,48.175,42.019,56.785,42.174,65.991,49.687,45.291,51.399,45.448,48.353
40210,福岡県,八女市,2023,51.768,46.49,62.506,44.742,47.77,46.072,53.775,46.739,44.768,36.967,46.245,46.869,41.267,60.364,48.794,50.736,57.98,49.008,73.09,50.936,45.627,44.78,52.792,44.786
40211,福岡県,筑後市,2023,51.539,48.232,56.737,47.148,45.502,47.215,48.669,45.899,38.281,38.275,35.579,47.046,41.267,47.375,43.985,54.481,54.646,52.986,61.706,55.715,45.291,47.654,54.234,49.237
40213,福岡県,行橋市,2023,46.028,48.109,55.951,47.356,46.135,48.505,49.475,49.933,39.699,37.407,46.245,46.195,53.921,50.523,45.289,46.122,48.927,44.386,59.577,59.136,45.291,53.638,47.78,44.68
40214,福岡県,豊前市,2023,51.652,47.406,61.934,47.497,44.291,47.099,53.843,44.882,35.468,44.868,46.245,43.571,66.575,56.261,52.852,44.988,53.514,51.599,79.472,49.253,45.291,46.683,45.257,40.625
40215,福岡県,中間市,2023,50.139,46.579,55.738,53.29,48.764,49.086,54.389,45.683,31.199,46.669,56.91,47.362,41.267,45.324,51.19,47.945,45.881,49.91,58.846,52.64,45.291,45.736,37.727,47.873
40216,福岡県,小郡市,2023,51.147,46.695,57.103,48.392,47.496,48.707,50.604,48.834,41.512,44.792,46.245,56.721,41.267,48.234,47.028,53.956,49.415,52.495,61.138,67.131,45.291,47.028,46.649,49.246
40217,福岡県,筑紫野市,2023,45.267,49.734,52.259,45.12,49.065,40.835,37.656,48.096,36.959,45.754,35.579,49.678,41.267,54.175,45.825,50.935,47.96,51.504,47.752,60.927,50.547,48.793,48.398,46.56
40218,福岡県,春日市,2023,42.159,51.825,48.575,52.716,45.547,51.715,41.307,49.989,44.293,51.298,35.579,47.035,41.267,41.988,47.877,53.475,47.332,51.631,47.285,59.678,50.71,46.865,46.033,51.341
40219,福岡県,大野城市,2023,47.582,48.757,48.48,52.677,46.88,48.661,38.46,54.894,45.227,59.621,35.579,52.273,41.267,49.722,48.197,50.324,48.526,46.914,43.487,59.709,50.192,46.832,47.392,49.643
40220,福岡県,宗像市,2023,47.381,47.672,54.347,47.577,47.082,46.528,43.557,52.656,47.654,50.258,46.245,55.677,53.921,53.729,55.92,53.384,50.548,50.16,47.728,65.172,45.963,47.878,47.434,51.293
40221,福岡県,太宰府市,2023,45.995,49.493,52.019,49.031,48.356,45.762,43.654,54.902,47.423,43.148,56.91,49.91,41.267,51.432,45.763,51.542,50.399,46.242,52.103,62.817,53.227,50.28,40.593,52.586
40223,福岡県,古賀市,2023,49.442,45.761,53.293,46.842,47.093,45.325,44.114,48.578,42.2,44.229,46.245,52.547,53.921,53.185,45.136,47.365,50.716,50.413,53.414,55.728,45.291,45.891,50.04,54.549
40224,福岡県,福津市,2023,51.012,49.835,55.45,47.84,50.284,55.104,39.307,49.708,38.56,41.137,46.245,53.972,53.921,51.081,55.445,44.761,50.71,48.162,50.672,63.931,45.291,46.153,50.286,51.607
40228,福岡県,朝倉市,2023,45.084,45.551,60.413,42.975,43.482,47.547,53.102,46.737,33.413,35.516,35.579,45.446,53.921,59.34,51.33,51.692,56.043,47.464,68.028,53.773,45.627,44.847,51.06,47.212
40230,福岡県,糸島市,2023,48.503,47.369,57.748,47.317,46.6,42.793,46.071,46.361,46.767,45.156,35.579,54.729,53.921,58.457,51.142,49.69,55.338,43.923,63.823,62.125,45.291,49.406,45.842,55.116
40231,福岡県,那珂川市,2023,47.504,46.841,51.941,50.665,47.657,54.32,50.774,50.153,31.417,42.725,35.579,50.112,41.267,59.484,47.82,58.06,49.649,54.514,54.704,52.377,51.883,50.158,46.521,54.146
40343,福岡県,志免町,2023,44.715,52.168,51.328,50.614,49.8,50.656,36.839,46.255,34.409,48.262,35.579,48.315,41.267,44.047,56.167,46.217,50.133,55.592,45.198,57.374,45.627,45.347,46.785,48.892
40349,福岡県,粕屋町,2023,45.674,50.41,49.484,51.724,47.466,61.817,37.112,50.938,36.728,48.583,35.579,43.016,41.267,45.732,55.881,48.04,48.237,52.679,40.505,50.022,45.291,46.034,51.785,49.968
40621,福岡県,苅田町,2023,51.949,48.762,51.081,46.983,47.234,53.421,48.158,52.062,41.379,45.779,35.579,39.549,66.575,48.893,50.732,46.256,45.368,48.046,58.638,54.611,45.291,45.507,52.241,44.047
41201,佐賀県,佐賀市,2023,51.876,50.79,53.496,47.373,52.144,51.589,49.112,52.176,59.61,49.18,67.575,37.92,41.267,55.398,49.207,48.228,55.278,50.203,65.294,61.744,50.9,54.078,55.042,51.459
41202,佐賀県,唐津市,2023,47.544,48.182,58.587,46.809,49.39,47.702,55.1,43.243,40.233,36.186,67.575,44.591,79.229,57.417,52.595,42.99,55.492,42.955,73.265,49.825,49.681,46.165,51.285,47.267
41203,佐賀県,鳥栖市,2023,51.958,48.393,53.059,45.996,50.202,50.331,44.095,51.125,41.518,43.918,35.579,49.143,41.267,53.661,43.604,52.926,48.93,42.602,56.137,57.42,45.291,47.152,53.174,49.138
41205,佐賀県,伊万里市,2023,49.625,47.538,59.23,45.164,51.667,52.852,53.0,47.938,43.05,41.087,35.579,47.694,53.921,57.574,45.61,48.137,53.425,42.325,70.81,51.562,52.219,45.329,54.887,42.682
41206,佐賀県,武雄市,2023,48.728,46.77,60.528,41.498,55.595,49.116,51.308,54.134,33.9,41.615,46.245,47.297,41.267,56.343,50.842,47.993,56.597,42.585,73.79,56.695,52.219,46.88,53.312,47.795
41208,佐賀県,小城市,2023,46.47,44.429,62.442,41.862,44.418,48.855,51.184,45.663,45.216,36.623,35.579,45.378,53.921,53.86,49.94,53.023,58.713,37.572,52.617,64.454,51.883,44.781,51.713,45.457
41341,佐賀県,基山町,2023,53.017,42.959,56.494,45.174,43.871,46.034,52.741,55.392,40.394,52.087,35.579,57.833,41.267,57.733,50.532,55.157,50.894,46.622,76.588,62.59,51.883,47.275,48.407,47.3
41401,佐賀県,有田町,2023,53.122,45.3,63.459,47.848,43.233,47.076,52.512,51.509,38.718,47.304,35.579,51.13,41.267,57.633,49.714,48.201,57.982,37.898,80.0,61.408,52.219,48.81,54.507,44.842
42201,長崎県,長崎市,2023,46.791,49.873,50.321,53.794,50.132,48.783,55.817,46.238,50.377,49.021,67.575,51.583,53.921,52.999,50.334,51.994,49.525,45.726,52.941,44.774,54.995,49.377,49.506,46.961
42202,長崎県,佐世保市,2023,49.299,47.764,52.738,51.725,52.87,50.179,53.685,52.445,51.999,52.297,46.245,50.363,66.575,53.919,50.578,49.441,52.039,41.332,58.703,45.719,54.398,47.921,51.886,45.5
42203,長崎県,島原市,2023,56.998,48.195,59.942,49.77,56.875,53.504,56.086,56.491,45.479,42.834,46.245,52.897,53.921,54.14,51.588,45.202,54.91,40.681,76.151,48.435,45.291,51.436,53.187,42.872
42204,長崎県,諫早市,2023,49.388,49.088,55.495,47.172,52.972,49.024,50.326,55.828,44.519,46.158,35.579,51.844,41.267,55.419,49.725,47.687,52.022,41.802,70.126,56.515,49.366,49.328,53.559,45.706
42205,長崎県,大村市,2023,53.566,48.984,55.521,48.285,49.133,50.779,45.156,47.81,45.897,47.18,46.245,55.398,41.267,56.434,51.967,50.722,50.692,44.066,64.032,52.882,51.883,49.836,53.036,50.955
42214,長崎県,南島原市,2023,53.604,43.478,66.218,46.904,53.836,53.349,59.07,50.207,44.855,37.569,46.245,53.315,53.921,56.5,56.997,45.717,54.462,39.396,80.0,45.828,45.291,47.882,50.041,41.021
42307,長崎県,長与町,2023,49.848,47.438,53.87,53.374,43.538,50.563,46.21,49.571,43.228,46.451,35.579,60.888,41.267,52.48,51.643,48.583,48.437,48.363,57.598,58.425,45.291,46.946,53.46,47.079
43100,熊本県,熊本市,2023,50.008,50.36,50.141,51.717,50.982,54.191,45.154,42.064,57.602,55.559,67.575,53.762,41.267,47.976,48.743,56.231,50.617,45.277,41.14,59.07,46.914,53.266,50.636,53.151
43202,熊本県,八代市,2023,51.629,47.606,58.025,47.997,50.266,51.807,54.097,43.919,47.271,41.607,46.245,52.306,53.921,65.45,50.564,46.072,52.548,45.217,71.911,52.109,49.372,46.385,48.432,45.242
43204,熊本県,荒尾市,2023,47.849,46.036,57.054,48.823,60.376,54.082,51.441,42.914,49.221,50.999,56.91,50.348,41.267,48.74,56.439,45.517,48.081,47.774,59.931,50.861,45.627,44.879,42.416,43.126
43206,熊本県,玉名市,2023,51.39,46.184,59.642,46.515,49.001,47.74,52.617,46.386,39.625,41.893,56.91,51.709,41.267,51.715,48.218,51.765,49.949,38.067,80.0,60.075,52.219,44.437,50.267,48.411
43208,熊本県,山鹿市,2023,54.544,46.356,59.703,46.169,49.107,49.218,52.943,49.182,43.819,39.734,46.245,51.422,41.267,57.799,46.598,46.632,53.762,45.485,80.0,50.427,52.219,44.239,52.229,48.729
43210,熊本県,菊池市,2023,53.559,45.345,59.59,45.328,49.789,50.765,54.243,48.944,43.173,37.183,56.91,56.248,53.921,57.682,53.779,50.605,57.758,41.651,74.768,54.305,51.883,45.073,48.376,42.082
43213,熊本県,宇城市,2023,52.092,44.343,59.211,40.906,50.532,51.948,52.462,47.781,40.246,42.783,56.91,54.524,53.921,54.546,51.409,47.459,55.519,40.99,70.685,56.714,45.627,45.59,49.432,45.441
43215,熊本県,天草市,2023,53.662,45.41,60.399,44.549,53.849,52.552,56.02,47.715,43.01,41.169,46.245,50.075,79.229,58.628,50.162,47.643,55.182,44.369,80.0,48.973,45.627,45.858,50.333,42.175
43216,熊本県,合志市,2023,54.094,44.091,58.52,50.082,42.271,49.745,39.056,49.708,45.579,51.782,35.579,62.456,41.267,49.09,47.207,49.749,52.887,47.361,63.696,60.513,45.291,46.6,47.649,54.057
43404,熊本県,菊陽町,2023,56.901,50.029,52.271,48.032,50.013,49.67,37.891,48.503,38.308,46.947,35.579,57.875,41.267,49.605,45.499,50.776,49.665,50.59,52.275,60.407,45.291,46.801,57.195,48.002
44201,大分県,大分市,2023,47.863,50.569,51.02,49.998,50.043,51.358,46.686,47.423,53.299,54.282,56.91,53.063,66.575,53.181,44.385,49.587,51.409,46.61,47.227,60.948,46.414,47.444,53.791,49.437
44202,大分県,別府市,2023,52.306,54.212,49.964,52.681,58.894,51.69,50.835,48.407,45.252,46.396,56.91,46.37,66.575,53.076,52.597,50.909,48.807,47.355,66.167,50.332,45.774,48.05,48.186,46.253
44203,大分県,中津市,2023,48.495,48.809,56.682,45.836,53.843,53.314,53.892,47.301,48.697,40.025,46.245,48.938,53.921,58.51,44.821,48.728,53.065,47.009,67.841,49.764,52.891,46.75,52.374,42.684
44204,大分県,日田市,2023,51.032,47.683,58.335,46.079,51.688,51.244,56.043,47.748,44.503,39.546,46.245,52.353,66.575,62.623,45.96,52.729,57.351,45.227,72.573,53.552,53.562,52.123,53.633,45.588
44205,大分県,佐伯市,2023,49.128,48.081,59.094,43.883,60.997,48.532,56.883,46.547,41.371,49.49,56.91,50.297,53.921,60.853,52.273,43.441,50.024,42.839,80.0,55.38,45.291,55.563,47.886,40.593
44211,大分県,宇佐市,2023,51.566,45.811,61.827,41.946,48.809,48.924,56.632,45.044,40.36,39.503,46.245,44.271,53.921,54.834,49.901,49.973,52.733,49.373,76.311,58.136,46.299,49.997,48.919,45.004
45201,宮崎県,宮崎市,2023,52.735,51.372,51.779,49.519,52.462,51.122,45.863,49.604,40.649,57.347,56.91,43.716,66.575,59.79,51.357,49.416,49.543,50.942,40.554,59.387,51.176,47.64,51.352,50.072
45202,宮崎県,都城市,2023,55.716,49.197,56.837,45.499,50.119,50.608,52.746,46.936,49.601,49.036,46.245,39.504,53.921,59.921,50.359,51.661,47.068,47.836,57.879,44.336,45.245,44.077,53.51,47.395
45203,宮崎県,延岡市,2023,55.328,49.921,54.162,48.086,55.06,52.989,54.328,46.464,54.048,42.887,46.245,46.012,66.575,63.738,53.404,47.825,50.84,41.397,57.048,48.352,45.058,45.209,52.489,45.618
45204,宮崎県,日南市,2023,52.337,48.038,57.668,45.876,53.351,50.264,56.311,44.421,42.308,44.237,46.245,45.939,66.575,66.421,53.76,44.811,49.902,47.374,67.161,44.719,45.291,44.04,49.032,44.608
45206,宮崎県,日向市,2023,54.667,52.919,55.479,47.979,55.927,53.177,54.777,42.986,45.474,46.736,56.91,48.863,53.921,63.765,54.776,46.176,50.721,47.066,55.013,58.191,45.291,45.702,54.469,44.539
46201,鹿児島県,鹿児島市,2023,47.623,51.056,48.606,52.998,50.462,44.397,47.794,48.454,57.267,49.285,78.241,47.773,66.575,59.71,49.946,53.98,47.919,49.857,40.334,51.163,51.199,48.561,51.645,51.378
46203,鹿児島県,鹿屋市,2023,53.92,46.434,55.234,44.479,54.036,54.034,51.917,46.562,51.939,46.264,35.579,48.558,41.267,59.166,52.246,57.694,48.548,36.258,56.607,42.582,44.254,47.528,54.4,46.138
46208,鹿児島県,出水市,2023,47.774,44.541,58.956,47.893,51.274,53.269,55.013,51.915,41.618,39.033,46.245,46.111,41.267,63.764,51.602,48.401,46.092,52.965,72.892,53.836,51.883,46.251,50.181,42.186
46215,鹿児島県,薩摩川内市,2023,52.105,44.748,55.411,45.518,53.71,50.069,53.666,49.189,49.906,41.917,46.245,44.631,66.575,62.939,58.2,51.054,49.188,40.395,74.839,51.16,52.219,46.853,50.624,48.336
46216,鹿児島県,日置市,2023,53.108,44.562,58.888,45.553,52.111,48.085,54.213,50.341,35.279,44.728,35.579,42.63,41.267,61.772,58.711,51.512,50.392,44.903,79.09,60.315,45.291,49.627,46.953,48.642
46218,鹿児島県,霧島市,2023,50.079,46.729,55.858,44.98,52.432,52.063,54.261,50.177,46.071,44.701,46.245,39.706,53.921,62.146,54.684,47.365,47.026,41.077,70.874,53.04,45.26,46.26,51.724,51.056
46222,鹿児島県,奄美市,2023,52.507,48.2,50.866,50.678,64.278,55.952,59.292,45.572,46.8,47.44,46.245,50.579,53.921,59.539,46.739,39.902,46.664,41.181,75.9,32.801,45.627,45.149,50.624,44.779
46225,鹿児島県,姶良市,2023,51.421,47.284,56.425,46.814,49.05,47.211,48.372,48.896,37.712,41.097,35.579,47.396,53.921,66.334,52.113,45.71,48.327,40.388,67.009,58.992,51.883,46.635,49.374,52.544
47201,沖縄県,那覇市,2023,48.731,56.452,41.696,51.968,55.232,56.894,48.846,49.766,52.268,53.956,46.245,53.824,41.267,43.014,49.311,49.155,41.566,54.044,60.483,39.908,53.243,51.771,39.092,54.777
47205,沖縄県,宜野湾市,2023,50.227,53.404,44.066,47.931,53.014,55.059,43.447,43.17,41.637,49.655,46.245,57.764,41.267,43.987,44.07,48.425,45.513,49.001,69.674,47.446,46.81,50.696,38.228,54.281
47207,沖縄県,石垣市,2023,57.684,51.508,47.346,50.224,80.0,58.962,55.252,45.865,47.629,51.308,46.245,56.175,53.921,52.234,53.373,47.83,48.321,48.18,80.0,42.122,46.299,51.517,54.978,55.579
47208,沖縄県,浦添市,2023,50.871,53.96,44.693,48.734,54.712,50.739,42.98,52.039,41.992,49.339,46.245,56.183,41.267,42.962,45.697,46.689,44.271,49.859,72.109,40.294,50.424,46.32,41.264,51.746
47209,沖縄県,名護市,2023,54.397,48.854,47.413,43.364,58.032,50.822,51.432,47.668,39.739,53.574,46.245,52.181,53.921,55.215,50.795,40.776,47.584,46.601,80.0,41.988,45.627,47.892,46.61,52.57
47210,沖縄県,糸満市,2023,54.942,48.736,48.096,48.613,50.624,49.786,48.01,53.598,40.19,50.219,46.245,55.431,66.575,50.199,44.869,44.72,47.049,45.425,66.763,33.239,45.291,45.833,42.878,53.295
47211,沖縄県,沖縄市,2023,53.515,52.074,47.825,46.022,48.433,57.736,43.189,46.148,51.256,51.617,46.245,55.878,41.267,47.004,53.951,48.735,43.482,41.372,58.312,36.948,45.463,44.438,36.256,52.694
47212,沖縄県,豊見城市,2023,50.468,51.373,47.003,48.067,45.72,55.021,41.72,45.716,35.926,51.131,46.245,64.944,41.267,49.098,44.631,47.394,46.118,45.601,56.369,45.452,45.291,45.673,44.308,56.866
47213,沖縄県,うるま市,2023,52.79,47.737,51.261,46.328,48.367,57.054,48.427,41.848,40.383,52.823,46.245,59.743,41.267,49.747,51.958,47.446,45.861,45.872,67.557,30.571,45.14,44.414,37.437,56.349
47214,沖縄県,宮古島市,2023,55.69,49.723,51.261,47.166,80.0,54.661,54.802,43.221,42.288,51.441,46.245,54.013,41.267,50.026,54.058,52.556,48.913,38.473,78.11,32.81,45.627,45.937,58.627,56.706
