市区町村コード,都道府県,市区町村,類型,幸福度,主観24分野平均,主観_医療・福祉,主観_買物・飲食,主観_住宅環境,主観_移動・交通,主観_遊び・娯楽,主観_子育て,主観_初等・中等教育,主観_地域行政,主観_デジタル生活,主観_公共空間,主観_都市景観,主観_事故・犯罪,主観_自然景観,主観_自然の恵み,主観_環境共生,主観_自然災害,主観_地域とのつながり,主観_多様性と寛容性,主観_自己効力感,主観_健康状態,主観_文化・芸術,主観_教育機会の豊かさ,主観_雇用・所得,主観_事業創造
01100,北海道,札幌市,都市部,6.54468542290189,55.88513299160311,59.751012619229485,58.11205706097156,54.95521336703109,59.73894836446897,58.89913868769415,52.61626980214839,61.15284873753345,54.62733965529514,54.118973635343075,59.193643382078896,59.08951095674216,59.874530482572254,56.664434220959606,54.70321302342903,52.33405961947879,53.850512281588145,48.4079092752428,51.568459110050696,55.90521646287855,52.937466684031286,52.15327515864409,56.724449950225186,57.14202759402327,56.722681666814616
01202,北海道,函館市,地方の中心都市,6.313577354392921,44.83997785410429,49.060872285136874,45.12654588671545,52.823230279993695,43.25474307080286,45.36235515050685,35.27264811893108,39.069156205418565,39.91193203347238,39.01440385213718,44.50662489734602,71.20982147610988,46.48860836561258,62.780141310421335,55.87148399526793,36.14320375713095,42.56222474439126,37.5132349148219,41.055232184289046,41.347047001944475,45.86589759115738,48.08949897957966,44.484149026071364,33.97632206926207,35.37009130198241
01203,北海道,小樽市,地方の中心都市,6.3584969731418175,44.77751684730546,40.08091568627658,40.03255576411302,54.30310569232177,48.97457945492615,44.94052199845955,34.299850259188176,35.006009953249716,36.01874862678953,32.788996597306046,43.64592565072139,68.82829620968347,49.42831544641622,64.79129171613869,63.21929577589929,37.42387896145823,41.39355412025091,44.904729779005606,39.38466952434205,47.394398042506,48.2371586712111,49.002543360307605,40.270179062628486,32.85623931798682,37.4346446641449
01204,北海道,旭川市,地方の中心都市,6.351158100519388,46.92676847399243,54.79713423476287,52.30115810219261,53.543528874842906,45.218001066817415,50.2687783659846,42.58464360294906,50.432458450484795,46.2305538394535,44.97789773150209,48.20947966087261,50.95405670390557,49.81356739781735,53.72022373657258,55.99693552097506,43.22974415056058,43.543993276271465,36.721412516231105,41.08090797487635,45.50294559351081,44.029718166458665,42.527379968051584,44.47634091541285,43.94377192318675,42.13781160212522
01205,北海道,室蘭市,地方の中心都市,6.671904111891904,43.90691595566956,48.56930185854233,42.91472859678042,54.4722838883407,40.92609415531523,41.603317224645316,36.2358713452327,31.724958584466666,36.24325974228269,40.41832422066474,35.30400333241506,58.086003135681395,43.73709003405697,59.707369003693344,53.63620360347129,50.42860381607083,38.87984869784956,41.93857412178493,41.02575693148355,51.40853872032264,45.555109056654615,43.025019697957866,39.08213907160199,39.52084222829933,39.32274186845545
01206,北海道,釧路市,地方の中心都市,6.502867383444416,42.98818270894437,37.95375483793711,38.692930293879066,56.963017753087456,37.21774349181943,38.10449788640707,33.525553286860564,39.965011107257986,34.08857322306318,37.00363011018957,45.201821478740754,56.112767376916516,45.13128845210994,63.548777367365666,58.91140677357116,40.158815443879995,39.10645845132747,42.412855388807614,42.60394372018125,47.92085854926407,49.35001291023616,41.61593477252618,39.16693586159087,33.64378344877269,33.31601302887328
01207,北海道,帯広市,地方の中心都市,6.591983318140137,48.35015210637178,47.11426405388896,53.05289557356389,57.122239238415055,37.92715754076811,46.514689445206145,42.956276108252396,52.59154177513131,41.19870673215618,41.40758894237793,50.946840339570045,50.69498679346147,50.449511227405466,57.99405535757253,62.87787431768467,60.327821996764946,47.29592273173311,41.37687503167849,39.329713911251936,46.800970144494215,48.34699307860283,49.12567595029301,42.74329409813909,46.43766387571448,45.77009228879658
01208,北海道,北見市,農山村の小都市,6.616976757970073,44.10534578834,33.132161423975504,45.396693375918034,58.02356230895826,39.06723492603227,43.32226709766131,37.73760472870761,48.20575967092501,34.2823501887505,56.59308548215875,45.39120943075365,34.50642510133834,46.06537412478764,39.7327424608971,57.97883151397282,48.407723697965196,43.502869328443865,47.28420849684983,44.898837967792886,38.50918348912764,50.88516759158722,46.20420659282609,40.84026507024696,38.8947529736697,39.66578187681397
01210,北海道,岩見沢市,農山村の小都市,6.461056905615478,38.30205923827267,33.92176138128636,30.240133934606277,53.015650200642945,39.00625846675281,34.38034595234665,35.610073853732,36.71168805191027,34.53593451471377,43.23233356239434,36.0241925745425,31.007797983230244,44.39752100880466,35.677268738045996,53.716316608469455,46.311536819816126,36.600680648354526,37.29142299233415,36.470239123485996,43.53214589831934,45.648041131587824,37.56246096423367,33.98665098730077,30.214029683924505,30.15493663770898
01213,北海道,苫小牧市,地方の中心都市,6.706680872796167,49.777453785753856,49.23727769298955,51.11687261215031,54.57929615781708,41.63659660364548,45.61088768125468,50.630048144767116,54.420759415361374,49.84915608421249,51.637354616129294,47.03767737499606,40.98407900187586,50.284565483597625,46.11488499275766,55.16746515134395,68.02253929388544,54.5685673826483,44.81957757732657,46.90537618719012,53.71702896844587,53.867813588444726,46.10494664938044,43.39738498496584,45.993786542654924,48.95494867025199
01217,北海道,江別市,地方の中心都市,6.611267474076086,51.097556886766114,48.78609668452199,52.15842629267927,57.60421112088152,51.28478427745315,50.53328234392266,52.517147848995606,56.352332278269145,50.77170944375028,49.56820143642421,50.64859327993422,47.48905054722071,53.0851237679605,49.03779162653061,52.74739700052522,51.51194013618759,48.850943846346375,49.41873564864341,51.796950368784486,49.155377534771674,51.41053223436216,47.603038527222,54.12079420683029,49.90024702989687,49.988657800272904
01224,北海道,千歳市,地方の中心都市,6.452120685999932,51.0473453964277,39.82918092145093,45.596774795956385,43.49065143671734,46.12898569818254,44.55542709531314,52.06775172335942,50.84069986323763,51.06279370206924,51.17313339834279,51.60677748752618,53.45357706317817,53.46269047531565,60.33995818922632,62.502360810085044,63.19400064282638,61.88841065021552,45.53801309959697,48.662318433136576,45.79402539648531,54.350613752427165,44.83935207511096,48.76400539956942,51.31562691374596,54.67916049118983
01230,北海道,登別市,地方の中心都市,6.513306643325597,43.24764126451818,37.3476289712935,40.46941306464593,51.011650101269886,38.383915304819006,36.69885086994896,36.11137812812815,40.89963652779799,37.606691422767156,45.651359913458364,44.807823924737484,51.242459382253514,46.802560771852946,54.472064241880084,57.84496009033892,48.206822229438565,43.05088077405822,43.0945413050583,41.52493904147166,45.910304872796864,40.068321854838686,38.69578881085826,40.1430681995469,35.869416633463025,42.02891391171396
01231,北海道,恵庭市,地方の中心都市,6.753616021344735,53.59328318656097,47.744614522467096,49.64168081048124,58.82349135734505,49.972344328391195,45.1200275191719,54.37244630505335,51.30980713675788,51.10133026848186,51.4032545883103,60.92746346684855,51.805434477466875,54.98915248212037,54.60184311893955,61.34649028212226,66.02795300088276,55.8668153996704,55.777000151142836,54.2222362054101,55.19497540895591,51.79138980243618,48.06710943460498,52.396998892701085,51.3779998246712,52.35693769303049
01234,北海道,北広島市,地方の中心都市,6.768322494151974,48.09657554675691,32.66599355232663,28.66371776189228,56.67790914048475,44.69240230846233,47.03830774392659,47.98754494485175,44.85932588687708,48.92356942291918,50.44275773869344,53.354104038758194,57.04016273601238,48.65290416401445,53.769174529641816,58.0334393252724,50.3494110838224,47.707128564134806,47.893080566549116,52.14826870022928,46.76714655314724,49.44193724720781,47.14734536893033,45.34899056118779,44.90195407366411,49.81123710915984
01235,北海道,石狩市,農山村の小都市,6.615424354931559,44.373742269001376,29.858986137590033,33.36131501676272,56.59616219031088,39.576154707545584,32.19005173131629,47.813804343712,39.98261312921067,45.15360922155796,44.18462776736181,43.95412724835941,39.204372520855856,46.19286018989779,49.057200549552725,54.245950865359696,63.62476549550272,43.96390350071845,44.336987327481516,44.5874320851102,52.30316868383881,51.526642004953096,39.75291589028468,42.78450551879508,38.52713248066373,42.190525849291475
01236,北海道,北斗市,農山村の小都市,6.513476428288958,48.463296021945425,44.363752349398204,45.46232449842827,50.470416322027674,40.00345655097098,42.575025789381854,66.7741227081425,43.736861323169286,51.05835488014734,43.15715465157472,48.417319461360066,54.933684735107576,48.87448526069787,59.15605541557562,60.079099998568964,66.02985978715105,55.18184691355495,46.29040888376933,44.708623132516024,36.39493689776757,50.113570713138486,49.685382155130576,40.817988853178775,34.75264268567717,40.08173056025533
02201,青森県,青森市,地方の中心都市,6.421151925154821,43.1727511113585,39.3367633247381,44.44240985937968,52.66232516395627,45.957319184551935,44.32279316497659,39.43867211904747,49.01291520057083,42.305605361419644,41.04049733629697,42.77893992234496,44.63644475433298,41.381900977875375,51.28927011168238,55.42512143249236,43.856901061788776,36.62240899191558,40.26565002762618,42.00079491368238,44.013906968595556,39.83800770227165,48.29492012891216,38.79723602358911,33.65658375273909,34.76863918781814
02202,青森県,弘前市,農山村の小都市,6.230943423165915,46.22871656402111,54.88075274048184,50.489259574369264,55.641147186926915,38.05140776924898,43.34712014958665,43.779165952308816,47.04461644489727,42.23798453873717,38.22746196921829,44.36628117587285,66.85140613971333,42.295822239497866,69.67128217392415,66.25740256557711,47.579343274495265,44.80255859708512,39.97437680225283,35.65467705467246,31.880037134803988,38.7749368473222,57.320910568515046,48.20969820168147,28.842499938574104,33.30904849674381
02203,青森県,八戸市,地方の中心都市,6.335239819759552,47.4208292595624,48.026719663035955,49.71901939454304,54.05893629923392,45.987780838604984,46.445104127269296,42.64215855060087,51.04774813785944,44.56358738178953,44.102792780365064,46.52676322049019,50.80843948360848,46.971669620180705,55.26771365591695,54.688962312730844,41.9873884555755,56.36689272991648,45.465921342558154,44.738077403220736,38.9695568428804,45.37278900807023,52.96677718986401,45.96363518526863,41.49168387135923,43.91978473455514
02205,青森県,五所川原市,農山村の小都市,6.488018356140456,31.054540856843115,20.754464713986405,33.047671010416764,49.063067252118415,32.256158341512,35.24302343369195,27.530819578535183,23.52074746517117,27.12041951793215,24.10407608713156,28.999912317265764,38.76809844162911,27.563816371398588,44.13475020722154,55.15374444108903,29.98287688862541,26.295700445535555,31.20829232172592,30.178048951025747,30.472278815517363,39.86876874089902,37.989619825821606,19.595933361037456,16.403841300294346,16.052850734652814
02206,青森県,十和田市,農山村の小都市,6.140297017940019,42.256164562077274,35.785710184388805,36.71540496025509,52.92118340735769,31.82051245021215,31.948982889542158,38.21303231959579,38.52079521446622,38.0354159556167,36.09308964781056,42.14608061063052,56.138214255660564,43.59710726664033,63.19264175045573,63.35908464926287,45.881448403170914,50.7745323544371,43.342215476496186,41.51766104586897,36.058907625777834,35.780297090387144,50.20277729375577,39.30729234893634,30.43092183051933,32.36464045861003
02208,青森県,むつ市,農山村の小都市,6.3505721759881455,34.768226707069765,6.5388199797569015,23.182846853058564,50.164238946739125,28.060088691821313,20.235283432197345,29.353903259431807,20.609659468010374,40.060961567139884,38.581930793510665,34.33281481806079,42.470531093559124,33.128233348927935,56.03056998507201,63.435378865172034,49.88386591781327,41.963672936378444,39.33649157219533,35.45244466190742,37.88515413610982,44.00216807189662,42.646561817455016,21.2057957078914,17.2690853454559,18.606939700113468
03201,岩手県,盛岡市,地方の中心都市,6.251768535119775,51.84902431757802,50.99697315930925,48.94148491848903,53.7288700379326,46.15693990165545,49.2286954146206,47.729319229516435,53.625832441979384,47.16418740868573,43.7067548026745,53.57681536346612,63.50535643497952,50.81772906831867,65.21205935717559,64.41234139070417,56.98611196293854,54.08686932106624,51.728341380121115,50.54048248202809,44.55985002010954,46.70907591749519,59.01634045791367,53.5706002135603,43.47190069851018,44.90365223862265
03202,岩手県,宮古市,農山村の小都市,6.024732355168613,32.950748861200616,7.366623920534863,13.304623530182823,43.05837677549151,31.819485018698675,18.599029281263704,30.56549100290226,23.95815612775902,31.87294002104741,26.35573915467212,32.02616509266882,46.453590609034926,36.79394777344709,60.82508981355475,67.8937962739043,54.54644226359282,58.63665519632216,44.623759451951734,34.76056841627535,13.381644665408494,17.87441493134555,41.82282555813903,24.55143900377569,12.82172437583251,16.905444411009423
03205,岩手県,花巻市,農山村の小都市,6.151542821665212,42.11336584867988,32.36966545689767,31.23008517167751,52.59627591007872,35.75094883626799,30.774037385110535,42.04695526150754,42.672771601415675,38.715350141851545,38.06107924084876,38.0279350777842,40.20815411115167,42.686039239720635,55.64659341804372,65.60009453732621,52.557756125943406,51.27422976884394,46.836532183616086,44.86535393721532,35.05594999081097,37.755163570827975,51.05086782134481,39.26938979496025,32.47370537618734,33.19584640888472
03206,岩手県,北上市,地方の中心都市,6.275317304909373,47.84204341788826,42.980272134828205,47.45233841893957,51.245128217794836,38.1162176873861,46.535009680677625,41.80629227423256,41.784173563969816,43.00761057972441,42.85374545153007,43.551117231436116,50.88973689308557,42.930493119068046,55.913913548697565,62.04783927846273,57.64015553040999,50.63597925560888,49.034863006257076,50.43682013773585,41.005520966138185,45.215820053391326,54.34809464008024,45.000387203855176,51.80641222346641,51.9711009325421
03209,岩手県,一関市,農山村の小都市,5.894670381398615,36.306158329315096,24.55909935684306,26.498717067335853,51.04128684283819,31.5711817559681,26.03584073591633,32.537858372813986,27.16546969429997,33.67661368531357,32.09594230248949,31.428178762383602,38.392954934299425,33.19031790789464,51.30855585278163,63.465029856726844,39.84134449069195,45.16218019206111,48.208264153215154,43.066152527001066,32.15366880548402,29.614751203289025,44.584187746534035,31.028183393158454,26.46832236416845,28.25369790005452
03215,岩手県,奥州市,農山村の小都市,6.157332240230064,39.29021999342678,25.926865631481604,36.78698535780085,51.80905436355193,32.157417707315744,28.53520122066702,32.960909599093725,34.21424292448417,34.344782006854274,33.80934759312748,32.63493864465113,41.37474793653222,38.08274697807368,48.927377525618404,60.351075958167186,57.00036563707919,47.307817511219184,48.40387106996482,41.85009523710536,33.95478378226604,33.300236499749346,46.598740426226165,33.63019137699129,33.940357550196055,35.063127304026075
03216,岩手県,滝沢市,地方の中心都市,6.308526052267942,49.14415412373782,40.113119949094965,39.40647183660185,54.491550347523244,44.811246470657544,40.28419923445483,50.552832867226364,45.65926863935607,49.16054680741587,43.40029955368175,46.49136692807176,52.680915277315464,45.40882498399335,61.459815280188664,66.11384391175636,54.07391134401796,56.72361982805446,56.43167852696445,54.30834365247464,39.03678203463056,44.99537444182338,52.13335088410512,52.435014577433186,39.83148540982742,49.455836183038514
04100,宮城県,仙台市,都市部,6.431707005551009,52.87646413627533,54.54696626135405,50.734964366763286,49.55085744864896,55.11232811849831,53.673209528594285,49.381100046085095,57.529966002994314,51.088543889879745,51.505793268898145,53.110721016500555,56.26159780774761,54.80595342893819,52.27689342711853,52.34769079785892,52.87553552949378,61.0361011737221,49.32100482935516,50.585495561873536,50.94998314563877,49.22255785142288,51.328345385957405,53.174845097611424,54.39200031547748,54.22268497017551
04202,宮城県,石巻市,地方の中心都市,6.29831739758679,37.70318738852466,31.49864120019058,32.8744047597298,48.72439192858584,35.47897685212792,35.86232560680926,30.192193166495315,28.81785183524789,31.485391686585242,30.20892965853199,35.59961291239183,37.27045164927296,37.86195661863718,46.63761157415845,53.57785778132995,35.27395993415328,57.45935057849443,48.032399861166745,38.870271013726054,30.937979105385374,43.59372329888432,38.74120487787389,35.59420163243812,30.333861805538124,29.94894798683752
04203,宮城県,塩竈市,地方の中心都市,6.1642589891223984,42.96936140267248,38.71981609001923,37.575407191399854,49.07296008369139,48.26742011857998,42.35713306791063,39.66015547758613,44.46020466358977,45.95261119197811,38.68050420212448,32.703460035575404,52.51412833636665,43.23186108617716,51.37713828794909,45.68449226220932,34.70915159116813,53.98842127640798,45.208265979464336,44.25838925893636,35.262692395648415,34.02251546722462,45.829663837709795,44.20702101895807,40.78808088131916,42.73317986214569
04205,宮城県,気仙沼市,農山村の小都市,6.1924042791370075,32.163193619130084,6.744753850671984,19.66987984799917,40.96707026227562,27.286367666274206,21.96724922750102,22.798706923022532,10.662854800038765,24.91660343085891,25.143864293393058,27.125750200839633,49.166920595604154,33.41922855989614,56.71443304270769,64.02732559652576,37.22800019014683,68.60664386180692,45.56764632850299,35.13744874041462,31.51932188243773,28.012324521472546,39.898048940396585,23.800171317086846,11.844380111652015,19.691652667596568
04207,宮城県,名取市,都市部,6.53389126437402,52.49864884557633,37.8583606707049,42.29653623975852,53.31618984493939,47.790416864705804,53.712847533889445,55.431583002790845,48.01095638954428,53.42813800595648,53.22120370902567,52.418332598921566,51.171571515664624,57.33797178227315,53.21758115246716,58.75840235344994,61.84583240521884,69.84053084489915,56.09225099995942,53.08257627607013,49.7736796527498,45.30473524557454,50.94733209279469,52.66076012263524,49.35950632960822,53.09027666023016
04209,宮城県,多賀城市,都市部,6.263477134407936,52.97397317929605,50.561695233474296,53.84197661467479,48.93712165045305,55.13216201016152,54.166135465811166,51.317105677689455,56.87923809671296,57.61890683913373,58.84737493110585,56.024112173452856,57.12441234059561,53.81220866522347,50.849654929788265,49.78878966270223,51.35378088210075,71.35962176451807,49.54667104579526,51.5448034615072,37.049623196859116,42.561823004049806,56.727179440173444,52.918380242922616,51.854515030990065,51.55806394320973
04212,宮城県,登米市,農山村の小都市,6.052866166480089,34.34718040055358,18.586781829508375,20.547586667027023,49.34935630262811,27.52848969698547,22.812758509981215,30.271541336687903,16.65992505441722,28.952655523559113,27.454905564792583,33.251446992179254,34.35015020052017,32.903980923541525,50.508714046015065,62.87779169348167,45.586908185265834,48.80879509556328,47.13563706278031,40.98385806951576,27.528835294427132,41.41027859105958,41.27369420630329,29.046954744600896,21.487861116828242,25.01342290561711
04213,宮城県,栗原市,農山村の小都市,5.975845939834159,32.598359189722245,19.299899240021535,14.078254834516493,48.759486510115046,30.620756044113822,21.348975701588877,44.18840921496958,18.94000460221248,29.319753854372415,28.9374860307456,24.01758002092511,32.62074783929771,30.41772540932732,48.71863675759025,60.95498219325411,32.40497796517678,38.12635499811235,47.76855245391232,41.59365038850599,31.82414318036598,36.11136759816011,37.01665002440549,23.498036154410897,19.255622011964114,22.538567525269592
04215,宮城県,大崎市,地方の中心都市,6.178299385394987,37.660258120392506,38.82122536923715,36.14453909999011,49.055326428459544,37.59813764242849,34.20885049624955,33.541392195443834,37.13248564296341,32.93579082573354,36.96089665271671,31.715308298266617,31.09340767605522,36.537774317631985,39.468154353734505,53.66153237638025,43.5322052298976,42.945771698463886,38.292774959821735,35.99562036030132,39.166042871004386,40.64908267394924,38.52453292140302,33.125031006817224,30.702260287068647,32.03805150540242
04216,宮城県,富谷市,地方の中心都市,6.699134396871862,56.962383209606685,50.79256742747828,53.32755892855467,55.201541526629825,41.196413751294486,51.24464309035904,72.67617352805605,64.10058162719349,61.88342303610004,57.474775139205235,53.047758140308794,45.998064822263665,60.7915439009977,44.91294178619945,57.01393466445382,64.10304639427584,68.02840092400386,66.76518036760521,61.90516525558438,56.48092748165921,55.7192973252846,55.09180471744263,55.78029408188434,53.3632857330586,60.19787338066737
05201,秋田県,秋田市,地方の中心都市,6.3334281604113905,45.74816580738809,48.52280498405128,46.133744912709034,56.12069806018884,41.34057305494481,42.93863856739263,42.22058948507989,47.046554639183526,41.68011953167027,42.57211848290651,43.38483742746071,46.391150858572054,47.67015898100032,51.57429140644958,58.337401270722395,53.14568035019026,43.52588076175012,46.5253933552491,45.197003695793896,41.45838081572145,45.68493002173065,50.76593678918316,44.89750038825866,34.73603269514423,36.085558841960875
05202,秋田県,能代市,農山村の小都市,5.801857231916235,36.13504695432863,32.39362113983097,27.402714283671894,55.019709993215216,31.028865092201396,24.98135423090695,31.094108884496602,26.30531354268238,32.72344760766393,30.59904409969483,37.01769552006929,35.79867646006589,40.348271321637455,50.13762046463134,60.29921506886893,63.17490245273029,43.425151227143225,36.83389430186183,34.15157444930252,32.53269223617896,33.063214830906645,39.90194527781622,25.503512236014316,20.780244238555905,22.724337943740323
05203,秋田県,横手市,農山村の小都市,6.3092987307135555,40.3087570680717,36.25651496595951,32.873954271059525,53.476179107203755,31.631418681652548,31.460315621195676,39.9893489861632,31.727684336586584,38.56061611480382,37.805215875206194,36.44633369054767,40.630354695959,40.253070683269655,50.83407776962259,63.55163624383316,46.478343224607826,44.70379750449356,53.43328140575738,43.88336660601706,36.146732835460426,42.19154391851687,43.951711482214286,37.23085266471534,24.931372154242222,28.962446794633003
05204,秋田県,大館市,農山村の小都市,6.452348399774583,39.031259874676934,25.74339984570922,30.229355951086397,53.28258157228723,33.150701498525194,28.026353885399224,32.916028843650544,35.170197083998644,39.89871593633921,37.874366643447445,34.943306590853766,35.22512902075346,40.88878851283489,47.420027485486045,65.06340526534235,62.321075172215174,43.072490625932446,41.32064643180479,41.920277135388666,42.42940183401731,37.62339908797616,39.877131915492996,31.744275711931962,27.46704705166958,29.14213389010387
05210,秋田県,由利本荘市,農山村の小都市,5.903806599845083,38.359266279568644,33.560474040259514,27.39583217872507,50.088190084640985,32.022896779814864,27.482284081736257,36.33284934640182,30.48418887879954,35.27923736653125,40.18272519335068,35.48926944088512,38.3251228252903,39.396419311062644,52.90497987889273,63.62853068367985,49.061614664949005,46.97308101803741,45.9052452653179,40.641735913093875,30.647719604214657,34.370243466040634,41.758267128767436,33.64847981503689,26.632520336327783,28.41048340779153
05212,秋田県,大仙市,農山村の小都市,6.323666160540381,39.65263510213384,38.18128211787611,31.34330299941024,55.32764643513606,34.868102911524886,29.982661912720488,43.137074668280185,38.387185281553904,39.89999759284197,34.70743858265218,35.98733321202041,35.104609185844076,36.38989466260333,49.78116568362106,62.71096728328121,45.60999346809196,48.89651590494006,55.23676919730776,38.590321416954076,28.751567752169493,44.40131846637429,42.14682763150721,31.5322563486256,23.661674087657907,27.027335648217957
06201,山形県,山形市,地方の中心都市,6.261482352253299,45.92992593295203,50.67489766244832,47.464147998277745,51.1736609206092,38.388096294069136,42.01105245831197,43.05374097040334,47.79976533676698,44.62358042262251,46.68179641797614,44.2521100724522,49.954076616459325,49.69930090184398,52.59780230278054,58.31971888645947,49.48105983787052,51.7990592778381,46.52115931749701,46.289292092440014,34.651038864312554,33.98758760079153,45.689469480592514,45.8361910765356,40.490880913037245,40.87873666845285
06202,山形県,米沢市,地方の中心都市,6.156893134095639,42.16593452267092,34.35610205270691,35.675099778866795,51.50022160191801,33.10037608384104,34.81291695230988,35.436673264789334,29.178814607547807,38.99515103746663,37.14748656667642,36.57848831737461,46.92211490474392,41.61898317274922,55.190708810533735,62.36288430745574,46.06529085369269,46.00263841903146,48.54619789134236,47.48421375263467,43.798966808366096,37.932880619403406,50.201700938239284,43.13099623457628,37.1199560080532,38.82356555978279
06203,山形県,鶴岡市,農山村の小都市,6.24436811643235,40.56895305800342,30.439152983433303,29.800746859981757,53.79472418381985,31.984293469434014,32.55773892158156,33.6133785226381,31.037215555627604,34.5296222790906,34.154303998549445,39.729745277417045,48.64507698026468,39.773457812422905,59.768123695833815,64.60028558561727,47.51841060736047,44.150762521807465,51.7828039569064,43.33933791464351,33.2730953754302,40.51152983496961,48.076785512040225,36.45724890490892,31.364472083186588,32.75256055511704
06204,山形県,酒田市,農山村の小都市,6.135078127295564,40.064566364348096,36.12685428638734,31.228934515642962,53.2929880367842,31.233480540779162,30.44205090685421,31.704915752257826,29.974661062854487,32.37134038723602,37.69473367873829,41.53935410987444,48.13965970352878,38.93315319190133,61.09881964341477,64.85649644273948,49.20447754922448,46.5342789778132,47.6948718286582,43.24854332764612,33.883333371016214,31.830051913940288,44.48631149321366,36.38883234596172,27.921414594670406,31.720035083216786
06210,山形県,天童市,地方の中心都市,6.219864510175655,47.42583236767077,43.52376370941191,47.382368390830145,54.02255431684721,37.767679190369506,46.32268605516526,58.412131476418125,45.18879887282171,49.70556721379486,46.24906674403927,47.84479345404287,49.05099213304949,46.788425961276744,52.521520257035355,60.242351113042545,44.22169725074216,56.46536017726107,52.07503625116734,46.505350189913436,37.301393151074834,39.55361279324978,45.58284011198302,46.98658930696087,41.67989574766448,42.82550295593674
06211,山形県,東根市,農山村の小都市,6.06155808610874,48.888751043485684,44.48182475730854,48.9384189343532,47.98074008625082,38.62905777913034,44.47761669031526,63.572321674336564,52.4666773497574,52.85883838508835,50.36908279755714,42.10957955878243,44.001453302441895,45.979455598309485,47.63202540114159,60.27942498854919,63.13434191427429,62.14135271223451,49.96900855321855,54.1937505710077,30.611430071519347,31.405918767561985,49.7191139474439,54.8190982272303,48.10587980494437,45.453613170899246
07201,福島県,福島市,地方の中心都市,6.353376165876219,46.59654700497848,51.46374253609552,46.65263841005663,54.17262201438913,44.744034387842476,41.28737779664825,42.79881089624234,46.44205882863188,43.43479053423622,44.34875717481714,46.494916314213306,43.92469946507057,46.698641591849345,52.80561561053278,59.95488254549803,47.452769091480796,47.26096470949719,47.29854462898508,44.628667333972516,41.22297223826831,46.973755016735964,47.39953928286318,44.125464223121654,44.439589799404686,42.291273689030795
07202,福島県,会津若松市,地方の中心都市,6.385255993481969,44.4919983362037,46.041174899051896,43.19093921963048,51.67054331593993,36.415045805878485,35.51997410048148,36.22496951363485,43.53804054899328,36.751726395758666,45.531797733512484,39.53609615128788,55.44401021190429,40.85845513801368,58.492027316275156,58.98444091049176,50.142168062136435,43.41423646764584,49.436696644037724,43.64784813082093,44.64537630033399,43.931138406892394,54.35694107426856,42.623406081593636,31.595298430297944,35.81560921000715
07203,福島県,郡山市,地方の中心都市,6.3786123537726676,50.116966091566304,54.90691232486466,55.21668212223413,50.11650751934419,45.085740570439214,53.62326139440167,50.4758191164853,53.3390613909627,50.007678896989894,55.853841068396406,48.7440508639948,45.73231240108656,47.23092856568546,47.39399365286543,52.046033521382,43.50649022736127,51.72263684502831,49.3627104656418,51.00948667776431,44.19316455670885,42.41539997129345,51.092226137664845,53.30817276697671,52.8426651058122,53.58141003420728
07204,福島県,いわき市,地方の中心都市,6.238501518126227,39.40897143698477,24.894746577572725,37.58512942994746,45.38786816205748,34.6360412753596,39.62816349520856,35.36771248512871,34.14753010110883,36.979680382299165,36.39720792188307,38.47947878654307,40.37870418219867,38.25819612964222,46.25361832925688,51.78366914036992,39.591455932099755,43.69627997869322,41.49963344417857,42.86935560499133,43.44835097451431,41.49436624263139,42.82811137635718,36.074403562402395,36.76558247902985,37.37002849416024
07205,福島県,白河市,地方の中心都市,6.265787833751002,41.60178068335978,32.116547617351664,38.51021583718663,50.067802990147385,35.617715666141535,34.61659004189142,35.924081815709634,35.47796278434207,35.03369420774453,37.93301895674264,36.538825610079385,47.058487540135836,41.203582027939774,51.83510630129182,61.675503875490776,46.05765475512911,46.576566450193255,48.56560676418909,43.27213042248921,43.536539017687,43.23113936728519,48.122513437517874,35.91038744967949,34.77575054593016,34.785312918339265
07207,福島県,須賀川市,地方の中心都市,6.45876549089023,43.75885975460539,36.9905254411749,41.21507062622941,51.76334405645659,36.63242236923508,39.95191012500618,39.35117279163999,37.22336944033637,42.09417211025482,41.12497754383308,43.241003983730344,43.94263601481824,40.44313552959544,47.410596675528595,56.78787597127149,44.13474980940503,48.38838408842359,47.35864040147934,45.574320355026174,53.88974640454122,48.334536853406604,44.26367340856631,38.89225201726504,39.681017504044014,41.523100589261716
07208,福島県,喜多方市,農山村の小都市,6.309391707944919,37.323619879382775,20.676790698951162,24.49529347350257,50.39151240665726,31.992773252175958,26.944304185162444,34.331000149336155,26.134931013912837,32.81204799796486,30.622063106872105,35.98669717974697,45.17489524928022,34.81814766317643,64.09296754659044,65.73425535641927,41.798762074701045,38.411022415222156,47.15607473337241,36.123940952215676,42.404706115606274,40.79395731337137,40.706456234446215,32.61419230166912,24.721750268438434,26.82833541639539
07210,福島県,二本松市,農山村の小都市,6.029046696171973,39.61052971287765,34.53831478816602,25.543215204622122,47.62806306135129,33.29641314869354,29.276707794189722,35.33222249973128,30.608659490496954,34.26184986489586,27.47411210915158,33.766196393658596,43.36099136327334,37.8966609639099,55.41438274288318,64.59981558588093,48.94844799817122,47.61048367646142,55.0354883169532,42.100007550056546,39.62072717901694,41.8169695795943,46.74692243630876,34.23544161465756,30.093305805036625,31.447313941902905
07212,福島県,南相馬市,地方の中心都市,6.191926432756934,39.591281263601665,18.1867711239103,28.395686062091514,48.487313036642234,32.180709221634174,28.461172914089726,44.01545531946075,31.35467357260274,42.10447468921575,41.92380671303119,36.11223390290253,33.6654360185881,40.2527836903344,40.45944418359763,54.51924038572169,60.183670629391564,55.26176730639931,41.644860381993695,40.03099096637304,37.47081609177013,40.79606428025028,42.50899474822989,35.77570730024034,35.288443870163434,41.110233917805644
07213,福島県,伊達市,農山村の小都市,6.024554359052438,37.480986768197916,31.224359043484338,24.346153227535538,49.44793694056296,36.722419433772174,28.1595334668573,34.06538873028324,27.620450395623664,36.44883884076259,38.25435438083531,33.474063844741984,36.088945280058546,36.304603643306535,47.73430541893755,56.91898112293223,33.896660439149386,43.413334480362536,58.788695716957946,49.49117039735549,31.695719184614116,37.25340496746243,36.67909044533704,29.9671886846493,30.50994153865553,31.038142812512408
08201,茨城県,水戸市,都市部,6.4986304926255665,47.88139090431461,46.141133240911024,50.50660816828174,49.47773955586605,45.87967962294756,48.412170625177296,43.72543489782487,49.46475631406858,45.84818628918495,47.13385318651794,47.48197204739674,51.95231084914533,44.333215766053314,50.887211047166254,51.13966914660364,49.28442894633831,43.51854466213194,39.844121813715304,42.69063163487499,48.561538584194444,50.29062844824373,50.36074014476335,50.78086670828195,51.66511342504681,49.77282657881452
08202,茨城県,日立市,地方の中心都市,6.1793852618138425,42.19618357612372,37.88727206557084,35.36619998540893,48.58947684599884,38.4654659050377,37.088809018589316,39.57997789605764,38.401434085474165,39.71997652457859,44.6943581445515,37.241245322268384,46.40579339908597,42.77094645354885,53.25810992931559,53.8409565908657,49.09927597127568,46.130313183083715,38.19854868636442,43.69555373971225,43.88717822617461,40.3803720120988,41.354360574657655,40.278210856186654,38.536292458050156,37.838277953013474
08203,茨城県,土浦市,都市部,6.0938175825954914,47.41221505644767,52.77154154574438,51.08217334368631,48.0253950402077,45.193087600685445,48.6339638035364,46.598961896371414,50.32204684247094,46.518218517072015,51.66978311147876,42.05183116186397,45.369219724636295,42.937025562877224,47.345123756367336,49.07177237799535,53.37750671261561,48.893268127080304,45.981683281602,45.51782508797846,44.191524964860875,39.44341879890649,43.082086997345534,48.00296107558268,51.74087416604185,50.07186785773692
08204,茨城県,古河市,都市部,6.083638777869821,36.7349521694848,33.92010697827865,36.34448706129689,47.15053350365049,40.79321993796899,35.22459037737222,35.37167473842575,37.50030023773361,33.97275144056691,38.035996414008366,31.217970608678748,31.665569316785348,31.579915708604048,36.13793276706191,45.132206207202216,30.53907717147454,35.1894781142651,35.92366785944598,39.73624004061919,39.551006028745576,39.72253626734528,37.74619345837032,35.565012922208986,37.034039532240286,36.584345375285864
08205,茨城県,石岡市,地方の中心都市,6.396201225972927,40.003134591142626,29.554068160243496,31.978760431260206,48.38173418522338,38.13698145234181,38.40122031496408,36.117388059178474,30.692389290077426,33.49400554619629,37.204087954230985,31.68753252235843,36.88361732300383,35.70051627123785,48.76473338460858,54.146603246282965,43.011094250590936,35.41988442616862,49.21756077410174,48.337057298205536,45.80427377000318,49.06395362572697,44.3359141700145,36.09954172610292,39.01032086283804,38.631991142462944
08207,茨城県,結城市,地方の中心都市,6.061786481768751,35.76968452339618,33.779279196936905,43.4394247326036,45.78513828120368,37.70246359803278,33.00818962261955,31.959840306650413,30.249405117004994,35.989395499946525,36.113665368259205,31.546279956497802,33.404296741329546,32.80720036406191,31.717237236835796,41.22760100679236,35.29025650153229,35.18584714456524,42.066252267118145,36.150377849618465,30.66937875095556,37.41113398415476,40.84807945215081,34.08790018034752,33.60983507098247,34.42395033130819
08208,茨城県,龍ケ崎市,地方の中心都市,6.125499428114583,39.453015087827474,37.701730525468435,41.58865805459934,51.61735704229217,38.451991606324974,38.512096337395306,40.35347577257937,35.3281102751298,39.89237722805413,44.124020022870965,40.49034400300722,31.79581254191299,43.364823801920295,38.28116967371823,49.925188010718266,42.959834054183176,46.41719580034615,37.309063186594926,36.14479880110885,35.23243308367265,39.576611427815706,34.630411067232046,32.58432157567742,34.44107753323544,36.149460682001724
08211,茨城県,常総市,地方の中心都市,6.275548883242731,30.49479550546536,20.182079031489266,14.778559923961517,45.33745722354787,34.116567456489776,27.036289736970414,28.6580457843216,21.906420544310787,28.748349971608775,27.81851068234896,27.36266232563923,24.42494032816107,27.485099133101905,32.52024729267913,47.94444895370115,23.649316774757157,35.88746415532472,38.83155225642099,34.454028172761944,35.15446701955793,39.323384579650096,25.38354032409494,24.778719887318204,34.315606127825106,31.77733444512617
08212,茨城県,常陸太田市,農山村の小都市,6.30315250101815,34.200400268718376,20.18336723605163,19.560311468522354,47.95752914944631,28.53801770883363,22.813189924235402,42.45030644409535,14.259229466010282,35.349389229403144,32.04104607480045,37.757929925764884,36.43745504310857,34.125349842674325,53.06365007709399,64.51521776319436,42.950175685163366,38.695386026476804,45.681016780683535,39.03271888293282,26.085057887686002,32.659047728173746,34.04977617286424,26.321455506258534,21.289856075643133,24.993126350124268
08216,茨城県,笠間市,地方の中心都市,6.332201756240608,42.15851048450168,43.310849746811165,32.51826765602358,49.741139448812234,39.077419839083944,36.627022546651254,40.75960958869095,32.893379599965535,43.19181028341259,47.20937827891979,35.47796918353195,41.63953467364951,40.17688960030057,49.10961656262243,54.312524919466654,48.935269691573474,46.89872720692895,42.78004590652968,40.618538084156924,38.511333702536646,41.54641508704496,49.09355749042626,40.822226618569545,37.25855454324987,39.294171369081965
08217,茨城県,取手市,地方の中心都市,6.2282102557151156,42.39079660418337,35.70990744119027,36.432990230139424,52.88063784875691,50.244084234114396,38.415299795500154,40.81868732275222,40.45555520114108,39.57231968585716,44.278136571319564,50.303973244126695,36.100499580578436,39.82762467627597,43.25476813339658,51.31044385336583,40.71683271631098,39.935892803329516,42.53340263473864,41.02118246459676,43.975185061166556,43.8820002884888,46.14502067586637,40.599718272001965,39.174247930712816,39.79070783467399
08219,茨城県,牛久市,都市部,6.582309018506853,48.69748783677245,47.007637445103,50.34359971735768,57.38195769659861,46.08251934340392,43.478484690935865,50.10703688893114,50.42863720131816,47.45941168625966,45.70811603995241,43.500975709275345,41.10174138282193,49.172689625800416,45.610063727874824,53.35663716503923,54.89561126816148,49.45050628946615,49.71912343889162,49.3495803056738,56.1946204420902,54.40765565950618,42.37611907695305,45.911580001882854,48.938778319408655,46.756624959832834
08220,茨城県,つくば市,都市部,6.558380069322659,55.108435066238556,58.17754888224171,51.8065630255257,55.010723085451296,43.81462486874177,51.81952408821229,57.001227008471126,47.078968818331255,49.47967593897081,61.77530850114756,53.275468170742684,55.7394215383723,48.75863357789245,60.162153545513384,57.461043535862714,66.53189411374628,55.98053523738025,46.79194763058397,54.27899233924572,53.79319463780883,54.430194005390454,56.4311839599306,64.15442536900055,57.63502450779453,61.21416520336727
08221,茨城県,ひたちなか市,都市部,6.482603564672506,48.87776915835425,42.343888591404664,53.23851280615018,53.53729890096199,42.54745104950513,52.850728934913626,43.01355306925953,47.68243787356054,47.00763550514729,48.733467144283914,43.26130000319402,53.86208447773558,44.25810041010493,54.3820997688477,50.827842887873196,58.49458154108031,48.9929123131744,48.530969016179256,51.68112103383343,38.85731532248453,45.5305095386417,49.06470294013988,49.01551454781801,52.14285186743512,53.209580256773265
08222,茨城県,鹿嶋市,地方の中心都市,6.233936852965053,31.515822126415966,10.933959491003556,27.543039184145908,50.77021973788425,26.786936045871645,26.96400330067226,30.09741540212513,21.286661749053884,27.426245265938505,29.45737650268625,30.367948788125933,33.9256938285414,27.607791011377934,40.25960642543698,51.05497924116261,36.688034547609554,30.807610368050604,26.424713200880955,29.927775006839312,34.804164226910125,43.07237785661007,33.886822886624856,24.35840316364515,31.795960848614346,30.131992954172112
08224,茨城県,守谷市,都市部,6.661904597109916,55.46586289664646,47.73051183660907,57.88021032831664,55.02671323106505,52.49940748206659,53.78597066047547,60.21040842173759,51.97385189498097,55.99986417460387,62.842103518260295,58.90635760606929,48.29933542337914,57.586104031877156,53.0906707352767,55.8931263364742,61.93484753837656,59.704947154445634,58.31070657418176,58.86125710437867,52.58014077457372,57.492745315360914,51.63275135442463,54.05954606274424,51.63589766033921,53.24323429949806
08226,茨城県,那珂市,地方の中心都市,6.372312423529678,36.728888825443306,33.159736826355285,38.17194470364478,51.35924153440303,34.12465057721853,29.697604516809985,30.08152109717944,32.294624142019174,33.847876695162,34.01507155587867,34.51654456751409,30.093923287746474,31.66935167506571,37.37639546202705,52.10391548317815,36.59578869518586,34.03262800100261,50.00454644157249,39.56255300298392,36.70402269345139,36.96158056051087,40.71692775603444,37.26322355564676,32.5366787521376,34.602980227911125
08227,茨城県,筑西市,地方の中心都市,6.476093496590354,37.02549647846155,27.058037917992305,26.54941441946312,46.99336595586649,34.367181282933444,29.860052124979,36.436507055857,26.083180729709355,33.872159632502694,33.46258798251868,33.68823637935864,31.190795387483927,32.57059200482059,39.405517649230326,52.40168829642101,51.9960530586079,38.23399648128593,42.97593874472504,42.97562827577358,41.346879310943734,42.14314430856266,39.59015990835676,36.16960364340888,34.33768038826584,34.90351454401046
08228,茨城県,坂東市,地方の中心都市,6.106240940751809,27.42677197048739,11.025476348926261,23.224961605613373,40.565465044292154,26.548328958864154,25.74630542976599,24.2564971251153,20.119404583737673,25.364691817283877,26.289593302640398,19.786163448248082,21.78819481495613,25.38932258583879,32.60923518205777,46.9798238352014,19.23655606939703,24.08211665886856,34.81355967392267,35.42912031918699,26.692150825955082,31.037319285017468,30.29399540439201,24.253749526266567,32.80865696304576,29.901838483104125
08232,茨城県,神栖市,都市部,6.417173533025424,39.20324051797707,20.99413639779634,42.738386657107924,52.641069250989744,29.431009949704844,35.00772153896726,56.5955164668968,30.378049886235075,40.22183552776987,41.048933517108985,35.715227232900695,35.08287609075049,31.76544584285406,33.213018088532806,39.18810167044029,54.07399560006594,42.429940596129555,33.45777200942094,38.57521300056868,43.32171303884566,37.84262116805354,38.88583267576027,38.295284528447006,47.49651159129312,42.477560104809896
08234,茨城県,鉾田市,農山村の小都市,6.183153817548844,26.965978145173718,9.86454036094171,14.71275851831576,42.51087682131535,27.597318926291646,18.95433112127382,22.28304556437958,21.364888662802695,25.305699713684987,24.580322902826918,15.764624010022523,24.48508452348194,26.244729448314203,35.97591178174515,50.11560813937451,21.065436886263523,26.95760351190829,35.57818177474553,33.12175272917438,33.117163016024215,36.46168529441498,26.635318590934997,21.244339368741496,24.980363666256167,28.261890150935052
08235,茨城県,つくばみらい市,地方の中心都市,6.393864123809863,42.02149778334476,32.705223420603126,27.10256619253102,48.4866457121778,40.03367430534315,32.18983313204793,50.20542495103061,41.187080728973996,44.5681212925682,43.701890026966026,43.9296882060428,37.8857668477623,41.323420494051184,43.4715021612746,52.6385439576941,36.717073521686565,41.769400056933,41.90136385484283,48.60638943558873,50.50166113005824,49.29501752198706,39.10026459832861,37.31926760606373,40.091507638050466,43.78462000766838
08236,茨城県,小美玉市,地方の中心都市,6.468728143157747,34.37747488744816,24.60290152577681,19.44068642409921,49.28678501318509,34.10530721663545,29.098134976078182,30.602439676584208,20.960798554325983,34.981576663778114,35.7881059379191,28.196441168285638,29.846919167443414,31.606377161106053,35.66637505426031,50.51252226768611,34.6804558961708,36.439691166927105,36.157632993714685,33.531562011876986,44.42440163564078,46.29098950665014,39.82702652255889,29.632834681685225,34.710194710691255,34.66923736567641
08443,茨城県,阿見町,地方の中心都市,6.500514641809958,46.64412884184419,52.43909182709153,43.46052308309775,54.84895708951362,37.57738361952772,38.244397295104754,52.28316635509991,44.21322267831102,45.81589898201565,44.57031272141865,43.78788915501767,40.115049201538156,41.4976937670453,46.71693208129946,53.587179646741355,47.53035279177828,47.07045543319232,54.32153600721047,48.01778158167251,51.91910053030897,49.15673975015066,47.363881299755896,44.79789637261011,46.12695264011224,43.996698294646684
09201,栃木県,宇都宮市,都市部,6.39706940013419,51.76059608900997,53.5962992192759,55.219732890984375,50.79971394957193,47.34686698293688,55.24615688024147,57.34474083854202,54.724224228503715,52.98838268446569,51.14982755167997,47.7658408601472,48.42500145033289,52.37535115169282,48.5280271215838,51.78637726075073,53.1218166544701,51.33386949338883,51.091681179751845,52.53598567262331,49.890608408100654,50.38955693720369,48.79670925988671,53.02802126266737,53.02290229968742,51.74661189775013
09202,栃木県,足利市,地方の中心都市,6.236045493579865,45.277574973019895,45.29100492787327,45.194566406045695,48.85766378741702,38.112869115739095,44.015283088820546,38.87399185826122,41.089399487564364,41.05942887939669,47.24241934617233,45.16560234527732,55.27932361043634,40.812264302291936,54.04944112132897,55.86155351928971,40.468444863743706,42.239320866438966,49.82315717414798,49.249103162189364,41.26895143383988,43.95522430730304,49.222088112848866,46.95022697270921,41.602059354488865,40.97841130885323
09203,栃木県,栃木市,地方の中心都市,6.4904736091056785,42.256169099211675,39.09412833540493,38.511481502336366,47.581510229552634,40.81591544899881,35.64962110426477,43.129222478026044,39.989404290069224,38.491313233625284,35.11572460226035,41.397752305015146,44.34450416110832,37.3242190965217,50.66576077792719,54.49773236120542,39.38951219794416,37.29368274081912,42.36252941071882,46.50582605232976,48.84577749739976,47.3608159718772,41.661583350568584,41.42884802451729,41.193424870245245,41.49776833834429
09204,栃木県,佐野市,地方の中心都市,6.447126584503567,43.24681876409817,37.680140376263026,41.49888475349588,47.72980884702578,38.55616562852313,45.7493476553892,40.29504856373476,34.440683600873065,38.58364038734162,40.493702078316986,40.77720424965317,45.56999900335808,39.23837775864216,50.02415354002938,55.692859294820146,41.93606016927872,42.9273059918312,45.530048544195985,47.81272611352574,45.39124583289051,48.376262413492015,43.87307052378733,40.911117043841045,42.30012013968036,42.53567782836712
09205,栃木県,鹿沼市,地方の中心都市,6.419857296137472,42.04853058901534,36.21411953139989,35.72001200020151,51.75930878323954,37.08682702177684,34.186197035123335,42.46015337196353,37.175574657075416,38.93984574256637,41.65870496215908,38.158207725696684,39.57673903283213,42.02157011965479,53.032354205791115,60.62719116892452,51.137749278893985,48.179024433035,46.68077513085872,43.07741466853524,38.16310714110996,36.931284513161565,44.812199132909775,39.382098670965085,36.868885686975226,35.315390121519165
09206,栃木県,日光市,農山村の小都市,6.416530109692447,40.331190134849955,26.58969037954606,22.72528229602733,53.487490477554395,35.263313353201404,29.270349802540082,36.38328724521018,17.15778043454916,32.94343145559955,32.904912355594405,41.585003669141315,53.864308416283485,37.791111268254696,69.75032970364062,71.38853304680394,42.399628997565365,37.22386382287635,52.90033103004193,41.666341097208324,46.6153056599363,47.12332670203289,47.41684752421656,30.619720067577923,29.59209421623769,31.286280214759135
09208,栃木県,小山市,都市部,6.509946692672688,44.973761801841846,47.07686753657804,50.52722149276843,48.14701462278408,45.54574326523709,46.17117877639411,42.50507840156466,42.554753985467215,46.36824746121286,47.5339337979661,43.794742926182515,37.17993853646732,40.47260867916201,40.379277329668874,45.36483694127335,46.83023416000814,45.01407730629419,43.53859038263059,43.68652411203637,50.72374440923575,55.31672445971753,37.96343278274585,40.468107478072746,47.22173915304392,44.985665247692864
09209,栃木県,真岡市,地方の中心都市,6.5488787828276,43.79061819175905,43.83335954751287,37.802729248153504,49.433624470776635,31.8970862882261,33.14495686385623,46.03693439658755,39.58578828867677,40.60098604828336,39.30119774610284,44.65832230060764,40.55167894821845,41.811552402167536,44.80372246564117,54.163070984263086,50.17479637384382,46.80789066319156,49.99540969050504,44.34910987372129,49.47989399287007,52.715743797384675,47.21675907198511,39.772561126005456,42.588636730000175,40.24902528363647
09210,栃木県,大田原市,農山村の小都市,6.386859332927028,46.722733826724806,46.96659518855791,42.38524549863677,58.025708362979394,34.66475248766866,38.76827749094166,46.765396651829384,38.29933858409545,43.51018798440256,41.48709350372361,47.59262893224039,40.84098260861661,44.4736861281787,54.694767108645024,64.26504077610012,52.45404006679095,50.57322767311798,52.688976205425675,50.28806408159274,48.5314365830961,50.4467049742826,49.206214357072696,40.152096032748496,42.23075340541752,42.03439715523431
09213,栃木県,那須塩原市,地方の中心都市,6.402850194003188,45.04449480115695,42.12425055039451,42.11452560691655,55.64041107190708,36.55324805978057,41.684426551195145,43.07100710826661,38.934300577014184,42.14673137059027,44.31832439403833,43.76395893956371,45.53238764497416,40.97560751636344,58.74243118181464,62.26963028799938,55.038603775547415,46.75189058746744,46.44145606277242,45.542374198505065,45.55244197066206,36.13661143702104,42.07054994636694,41.08094876110829,41.75635402294786,42.82540360454987
09216,栃木県,下野市,地方の中心都市,6.507044116154802,51.43985623349471,66.30716898904227,43.691403543927066,54.731469894339895,47.69537991420319,41.29210210522616,55.86108364815044,50.53841038229577,50.596189336931886,48.860277661998424,53.84092096575765,43.86045046122104,52.27926221938271,45.58566438952478,56.83482544185878,55.97702345675807,52.289372585253155,52.8389668757356,56.412421796824496,53.07350667786736,57.4713592344344,46.74492754076016,49.1193116832185,49.44848595120723,49.20656484795407
10201,群馬県,前橋市,都市部,6.221885804429565,46.740307549808215,52.93661453090651,46.77924034299517,53.46687553730925,37.0497347100286,43.7782722378224,49.016819798555105,45.984950725130865,42.737429694433935,47.074182191982196,47.87197968371099,43.19595459303065,46.57434794816915,48.509993117081976,53.94242961524839,50.35648238490207,46.111249398529,48.01529312086089,48.63228933577623,43.27380734954767,42.808738091099244,46.359355592670504,45.76908922236384,45.58910574841835,45.93314622482428
10202,群馬県,高崎市,都市部,6.35040593120955,50.178103709632914,51.10208467746834,46.207973459255925,53.15363038300937,41.90718802351532,45.92339649152983,52.209803958532866,46.77874967477321,49.05164636068805,48.18163686573545,49.885149991659965,48.31276909360456,49.1538309511857,50.5895652630047,53.99311036679891,51.759953044689766,50.68722803231472,52.06740419598812,52.728289003437,49.705631879527026,50.568635754942804,54.55779157205158,51.33913750655363,52.177492141860256,52.2323903390629
10203,群馬県,桐生市,地方の中心都市,6.556703489603748,41.57813024569218,37.62856081186551,34.01986885588741,56.13842759432934,34.77856330561774,35.99855891625218,38.263565183325966,31.570039584075502,35.44260587859053,36.05990588716691,44.116034940290135,44.068303864375466,37.868880128673545,51.09510158687998,59.424456922329924,37.93286718333062,37.8469229468077,49.377664423454526,45.12929235836962,46.40976150374947,45.497876447288924,43.72991993144082,43.56223297173245,35.2125438477561,36.703170823022035
10204,群馬県,伊勢崎市,都市部,6.330429176842059,43.12534098888774,48.388555170732786,51.70247501955921,49.557005505128274,37.052819675028374,49.62942324655737,45.60096751398397,45.91283065342245,42.362517942830095,44.478313100956,44.89758334916566,37.71823723334713,37.45820068543932,36.906457924167675,43.13035920600733,41.078882062424256,36.982056035620566,40.46459843166241,45.40271267734924,39.814007397107446,44.73989302921928,41.45986961503947,40.059675750503466,46.54611396646031,43.664628541593956
10205,群馬県,太田市,都市部,6.413002753808316,47.26077250467699,47.949782739931436,47.884907279283084,51.3316564732448,34.77361056476264,48.134529894502315,58.325992281089526,47.24979196446377,47.95988526040625,54.795135677698,41.17998127649227,40.78279931313048,42.425337322218354,39.25066589376894,44.78275979883662,57.31161584103756,45.05884973415309,45.81119797853667,49.35535350207975,48.20691542297623,45.88866540029878,43.68075722776617,48.072919441022485,52.10873725470587,51.93669256984297
10206,群馬県,沼田市,農山村の小都市,6.3887263745361915,36.368681355121026,31.385035574853664,30.837304216389565,51.06742318157079,32.38852409242177,28.978809524628158,27.879316248144356,18.623756813922117,31.229075539455415,32.00574166707423,32.614700526840394,42.69097931582405,34.09342563597957,53.58112775317085,62.836397586239634,39.43463818562981,30.666431173482053,48.34022081262087,43.71963247575636,37.04048624895008,35.989057022822465,39.7269393705325,27.088975884204253,28.572981405095472,32.05737226729629
10207,群馬県,館林市,都市部,6.261906485300817,37.58218922887018,26.200870725248695,40.70615016672489,50.397889797819744,37.42989653237959,34.1387632184474,29.013556928364103,34.941232319771856,32.893483122738104,37.164869121362166,38.10867117724871,40.97996812320446,35.357165332873635,47.60987637192559,48.142404943125996,39.0959063814571,35.62064984641607,38.79581617912858,42.76353517530961,33.952091258823636,31.90135185010698,42.732211888585304,36.57867978044181,33.937864046961884,33.5096372044184
10208,群馬県,渋川市,地方の中心都市,6.392229091903521,41.576721584091885,31.399860337648256,27.287617976040895,56.944658900868916,34.56108778019488,32.267693042203035,43.509376271875134,28.681897746793997,36.94582552522409,36.808025619567516,39.24463866962976,41.40229396054263,35.32217198149659,53.62740065220896,61.50907081406613,49.5774501316239,41.58440818268182,56.90642240096998,47.28690439110205,41.63884425889945,43.732939408556476,45.333158368553335,37.52750717496329,36.65833032406559,38.08373409842871
10209,群馬県,藤岡市,地方の中心都市,6.432740575097947,41.40364496048613,41.29629482024737,37.83584005953547,52.841260000385766,34.92926532879028,35.80835814708908,36.78324352407584,37.37351514138886,35.60928816249905,35.893446609526976,35.98238371374911,33.22538814494452,36.662059916541125,43.86038593509183,52.03529672592563,41.96395712459144,40.748468771069575,48.6955201766276,47.10344194726057,45.339812845346955,50.879572780487344,46.40023050561125,41.739453440891715,40.849364775614156,39.83163045437594
10210,群馬県,富岡市,地方の中心都市,6.321940212897031,37.88502049450076,35.11904313286563,29.640100056022995,47.64699797688286,33.000062257423465,27.37416897475199,35.49450350339848,22.440467726734507,37.12364198272263,40.10937648676611,29.465642119755227,39.95540290203073,36.98611075769262,46.775950967890346,56.624712582344586,31.36449929765619,43.612552544389885,46.2506229095068,46.394492106559476,37.393903398228105,43.59142041060851,40.77570170819273,33.84690690676129,35.304665697824476,32.94954546100883
10211,群馬県,安中市,地方の中心都市,6.1835917093059,37.67820508482801,23.291944018093556,19.44320330333135,53.14896039500109,32.06539555825397,27.078331491208953,35.38873889651235,17.231401433339,34.53302678331022,33.279195128885675,34.62659505404583,37.777270393322574,33.792093014408714,52.458612329705524,60.28105182713654,43.74122948313314,37.39643594272398,49.03396456766731,45.47401643438337,40.23570214766402,47.92613708550652,42.822666765643405,34.963606782934086,33.93358932001867,34.3537538796425
10212,群馬県,みどり市,地方の中心都市,6.296128471907175,42.208694764307296,37.7278141795104,40.44212143619575,53.9511118040663,35.11662991532734,37.89457105496145,48.44670454573804,41.63506234673622,39.33643472482406,39.74764696910581,34.98634582044501,37.99747222495219,33.21251398483105,50.27137984535503,56.630004391197495,41.848661115124585,41.618627282075515,50.5486137821581,45.60707370554409,43.21787731346792,33.547292697602046,51.06412309450529,36.7747822280477,40.74543153050116,40.64037835110278
11100,埼玉県,さいたま市,都市部,6.579129978404062,53.25360084119479,51.070603746677804,57.59858669325307,50.24776122552886,59.39161679630596,57.31292979133111,55.93140979826823,59.53978601760217,55.511884015812186,58.90780735814271,53.9426807332284,47.05815183574265,53.873237709357795,42.27777494359931,39.79574908314014,47.759722234736515,51.612552950099364,49.45617971827279,51.630684511849275,54.399718218423814,54.45686743571814,52.905614787365494,56.954323331238044,58.946322652816626,57.5044546001647
11201,埼玉県,川越市,都市部,6.566742683716064,51.174921730477195,44.35667394949634,53.08194719765472,50.912180409837205,54.56765764862302,54.38708596250576,48.38524760485774,51.01916260567205,50.951131542005115,52.08511409763926,50.904977829983906,59.550613646240926,45.024668044889474,48.04577321745106,45.96382758309296,44.422111173531725,44.19674617118974,54.77179433485373,52.79182810780757,52.86453001652848,53.646835324393585,54.32041923223831,52.67287655124779,54.95422992849751,54.32068935121496
11202,埼玉県,熊谷市,都市部,6.3205263109431336,40.49942997848423,35.09245946737535,42.1832230791397,51.96362830285504,45.87147095691937,43.17243796955817,40.20744171667296,37.48094104719807,40.4790904560064,40.99797592342664,42.69337126671903,36.12264572064962,38.50936133899081,37.062359587467895,45.05284242275371,33.18328314503546,35.39399382570301,40.5134430679214,40.21736982943891,38.546093728745475,44.36517087669952,40.43748407938462,39.15344248308895,42.092804740419005,41.19398445145264
11203,埼玉県,川口市,都市部,6.270207683983206,46.09878667329675,48.71515462399288,57.87419340651076,45.84149472023898,58.2762578069454,56.575276487491024,49.69301766753324,54.50492187064631,49.027434155787496,55.71759779909841,47.65219700929238,38.97249949254295,44.35797010253664,32.7259582699893,32.16264099536977,41.330228290067254,38.09694283743968,35.65919117318755,42.0598990429658,46.403715927840366,48.18144802475442,39.61083938664061,44.762926274172976,50.707198461352306,47.46187633272565
11206,埼玉県,行田市,地方の中心都市,6.472549753802151,41.517069471816924,34.89533261300036,33.45139169127696,50.27146105867199,40.66189122503019,35.32889193599253,39.796374392330264,29.008548928235854,42.51828679553412,38.27269875720147,41.74590247430799,45.02959314221091,39.07400081874219,46.429556968419575,51.09958557350214,43.063960607554634,41.41673049952412,47.16484461336369,47.31835706904103,39.45071133053871,49.750747401985784,41.451981294927805,39.16082050752096,39.20490626124237,40.843091363450704
11207,埼玉県,秩父市,地方の中心都市,6.384632135836668,42.359952714424445,20.1032021587427,28.301854927211455,47.491142981769364,34.88552683927831,35.233702940369014,38.38720801277857,26.418475906768304,35.92953594822827,33.481438849869214,37.84822528070531,56.0314481776529,37.22847518582077,70.01104143170832,71.41168063333836,46.77308674476033,44.597850474265705,58.90749407176195,47.3353747249818,45.95738926069982,46.318382882480265,59.829526926103725,37.110603476276786,26.386651522732095,30.659545787883456
11208,埼玉県,所沢市,都市部,6.436122798325394,51.00294925578718,51.11718238868863,55.28166601320369,54.469579448537836,57.55903835169449,57.302447002720605,49.84983217733703,50.66044910111364,53.02479192131641,52.62336937988536,51.375249794207264,48.594862926701,50.7402530392264,50.310044443837,48.20149802384801,49.188968154464305,49.48652237850756,47.197958239348914,46.535518740779565,47.225432968757914,53.44008873920989,46.35523857517115,49.10531351464098,52.51073335858709,51.91474345710765
11209,埼玉県,飯能市,地方の中心都市,6.347836615082726,46.95540505441857,29.016080913389533,32.778845055892845,51.83593727924722,49.44763421216493,43.17493319542694,41.473054223651026,40.94399892402151,39.616117979709394,40.27562966709602,54.10211283048125,52.98514909673158,41.42757347398759,67.31538984251726,69.37452296936036,45.789842470093724,45.24982296694863,58.33592175205384,51.561323507668135,50.30883570515451,52.639491746514615,47.293460278883906,41.143100367196716,39.640125190156034,41.20081765769837
11210,埼玉県,加須市,地方の中心都市,6.19764472330598,37.366449707361795,30.233546113228414,25.881091986717383,46.64294658780554,37.361356101212415,31.825112560697598,40.08481667171972,26.88944114911822,37.699625052874666,36.201994028621044,34.72122585591,30.767830437008712,35.24556752447505,34.128889311022114,44.181383254111026,65.57976273616596,45.24026024865102,37.32843016227109,41.695517512121704,34.5181808765608,37.400452941371576,35.56945243616451,33.17681560774602,37.03995504795183,37.38113877315693
11211,埼玉県,本庄市,地方の中心都市,6.603263820399803,43.87252998233014,31.76735642310973,43.70845666944906,54.85558081935624,44.77458607304363,43.47332979795115,43.03087117848673,42.43557158705596,44.622046604501044,43.74337904369448,43.85510578205997,35.692333178020704,42.608942432324014,36.76403925330504,48.4502911241689,45.37424710777532,40.34796914803408,46.4877970372388,44.90358097210574,48.798839261500596,49.453820851503956,44.48622376659505,43.87103465083748,44.12341139470506,45.311905419100675
11212,埼玉県,東松山市,都市部,6.550646323625902,48.064100308159034,40.552377542727214,45.670846742664516,54.252930486514806,48.694264954790924,49.40996154261966,48.74569321616723,48.68015435132792,49.8867142866179,44.94778576370042,47.66912083856498,42.169611210510126,45.258664243819986,49.05094318559572,54.17855838567258,46.67473978846287,49.5749880221347,51.91447123161627,46.61498832069926,46.323365372806606,55.32237436597851,45.23365081104894,47.984797266331775,47.634526008201945,47.09287945724209
11214,埼玉県,春日部市,都市部,6.194300166940942,43.838511677464865,40.9138292224775,43.6429314747936,50.05883467698692,52.75076228553589,46.82993386254902,42.73212333824226,43.83513345152009,46.29490855783479,46.32310066337665,46.74716546847979,37.263929162832646,41.63841434919824,35.45359914767107,39.071217854852065,40.18063993321159,42.358136486737216,45.75128183714532,43.78527988974187,44.76243197777452,44.319439757909905,44.19493733728648,42.73483049648765,45.32079925927031,45.160619767241535
11215,埼玉県,狭山市,都市部,6.148982741372686,43.747995213769094,43.64235000148997,43.90255667214679,48.883910701814315,52.20154888780175,42.34929144305072,45.785936928042474,42.84509157729294,46.1428167607112,48.94748978884654,47.323214163687695,40.66861066255889,44.71701501921788,42.951157322304965,47.129005542944086,46.37021319945617,44.29250614274931,40.71942788427339,41.79489745616277,37.147767397056676,41.09162575340545,37.897221073878704,36.93612201085593,44.00232170252367,42.209787038186185
11216,埼玉県,羽生市,地方の中心都市,6.479191599999863,38.54150820761994,37.56717737907539,41.49181308318881,51.36148136562209,40.201627020053486,45.70092864922249,36.80918255042237,30.203325412360318,38.246336210580225,36.93681896768172,36.03181607857903,28.866642452093508,34.73015215603089,33.16405841251313,45.69454588744121,31.360604330677635,35.799588833207096,42.69161517944451,42.210840415958465,44.38734372523183,47.92698251422226,34.03327890534228,32.66727551249898,38.446625299249504,38.46613664218142
11217,埼玉県,鴻巣市,都市部,6.307325324607708,41.73103370147122,27.57878602090556,37.63927070098184,47.4677338563723,49.891934683011044,44.47726971678457,42.82760228888736,40.27481076680686,46.44328614884044,44.03288029715476,43.85362769183159,39.46106495863165,40.61426470890065,43.279721016250086,45.695792708909515,41.90169384143248,42.12917160660566,40.579699360011396,43.56685536298443,39.75715683406315,40.4042245879594,36.95730897680612,41.40911834624095,40.83198234598858,40.46955200894902
11218,埼玉県,深谷市,地方の中心都市,6.331058116717356,47.097388311646704,45.07805833755474,44.7598543969927,54.967698152592625,41.242375455415804,41.94402899623871,53.287338711626596,46.682644404457015,50.52303688652745,55.13068005197753,45.01002479828489,37.50355343618577,44.09145957961927,39.04875248135478,50.18816552161158,52.076018124585914,50.21296871326214,52.9241576499717,49.9391168142005,45.43123400373834,47.43995429833906,43.614012803876555,45.80790741256859,46.496278276676534,46.938000171862285
11219,埼玉県,上尾市,都市部,6.289592528584895,47.347234060035426,47.96964572694658,54.46889882689206,45.740721790701926,52.85087223858663,55.5509782508605,52.77353174569984,51.22363645208083,50.241183917056674,51.09660679355682,45.902069918058416,36.45667927451386,47.462973535411905,34.28169282600102,40.703523798506616,45.52165672568361,47.85495903333075,49.55891851390901,48.09047995155073,41.68404959849852,50.00051166761384,40.51308097008702,46.239223114856784,51.868282403692575,48.27944036675382
11221,埼玉県,草加市,都市部,6.090385415000061,45.929541506751676,44.20112635242268,55.7826484042277,45.799696425759024,58.51432240828654,54.760845198573186,43.95509216966784,53.66039577804566,48.59686799538936,51.68588775257336,47.75593683012337,47.22908550379419,42.74541856048098,41.608342106686166,31.443189295704137,32.80558975301234,38.373277171157014,41.85672489737566,44.49228967154313,45.44144938551881,48.42404898574684,41.005246154340206,45.127664908024556,49.75850816313462,47.285342290452945
11222,埼玉県,越谷市,都市部,6.605465934475611,50.64280716499229,48.63135991368219,58.21007929853535,49.901441439055894,58.26406497805055,60.39002961222748,50.43189838533997,53.37615876568724,52.79443670435764,55.97588382227477,54.099304765794294,46.89904166964506,49.89133657592988,41.33241295150114,39.33334709762924,44.88756539159264,46.01207957109572,47.119412551506116,50.155077707596604,53.95960611375864,54.06922785669677,46.375457072668944,49.54127791055777,51.92999032468276,51.84688147994837
11223,埼玉県,蕨市,都市部,6.3198179681101,48.94999779890456,50.21832303377656,64.56258425745301,45.237232370375914,63.327237573725185,56.59864276868524,54.97333294151629,59.366066225723834,61.0265833521713,55.505812496624216,41.949455312601835,31.159077467990663,49.599270305622866,22.2628893557482,22.303491357284287,39.18624329334039,51.680909047630585,42.43933678615052,45.651922385703934,55.24736400467392,58.241202869475345,47.32764674018849,52.3550453078385,52.45915294473285,52.121124974675865
11224,埼玉県,戸田市,都市部,6.642258680653819,54.52935104414286,58.85589272778002,59.003608796692816,49.066052511883214,59.57830404040214,53.513072652973506,70.74571920255494,60.48361513746577,64.7155876857825,66.78287737586622,59.50891926531911,45.49723922342042,56.237901914883054,44.82523136132316,37.73197766242845,48.46507435866007,60.04405139555122,43.238858988485106,49.44433010265761,54.783448837318225,52.64940906576261,50.39149756812676,53.64716193076216,54.703871252189465,54.79072200114024
11225,埼玉県,入間市,都市部,6.455604649569274,47.34574893198769,40.2298318106374,49.87099441638563,50.55821525502373,51.730885078409976,52.83417208840095,45.82135865587553,47.751749412891236,47.8249506208487,52.188482485002844,50.277967368552304,45.586606644867985,45.502462640130744,45.01064463997607,47.88573284198378,41.74777116197803,45.70733512689958,51.25561813744965,49.62380550412625,46.10205688879615,48.932330192041626,42.499210936014926,42.263849067431195,47.55212115459281,47.53982223938774
11227,埼玉県,朝霞市,都市部,6.526491236154468,53.320650380113875,50.687447418188455,59.04568655605212,48.811943971327985,62.00874728150819,55.29310892852964,56.27490929826393,52.887943131506134,57.42326557616462,54.6531294077266,59.28160957028394,48.43172919654338,48.580087768657314,46.921953048569755,47.42502447110123,51.571423659337015,48.47010181721171,46.324846957787564,52.399964693957536,56.71882083678726,57.914925295098094,50.794027790353944,53.93224288350291,56.8565800222193,56.9860895420545
11228,埼玉県,志木市,都市部,6.416786130527936,52.55468233855723,46.57586960084794,52.60613612427716,55.130254521641234,59.677403742030506,51.37508156959809,51.91565492338338,56.165374449931186,57.248070497383296,51.63839034620043,58.35807911642873,45.77161493764691,59.06139449766368,46.87798642730413,48.818829165503516,49.001086402082365,55.63411647121031,51.96547987743468,53.86567554250461,52.84809652372937,54.797675515024046,45.8545775895469,51.240332499809966,51.18484600470489,53.70034977948633
11229,埼玉県,和光市,都市部,6.4113242475545045,49.157616735904924,44.201411778761184,55.613742892495694,43.21645937451189,62.616626810577344,50.758621894130066,53.57826333483087,47.50150996816045,54.20288058042108,52.63530410091955,52.633169918187924,40.15805267916282,50.392921594144916,40.84016773075432,40.00213333391777,40.6197971650849,53.30384327432043,46.53980278729293,52.85544817616782,49.568121052128674,46.529402954853175,43.11468373903286,48.82284074210056,55.0002278860454,55.077367893715696
11230,埼玉県,新座市,都市部,6.4734327585063856,46.84221915218116,47.725987581402684,54.21053787680068,48.70052218105614,55.110819329346945,50.09754662514924,46.303617069415935,50.69137437802423,45.96274924866899,47.63881312006354,48.59829239409674,41.81304870112031,46.30848854591164,43.32154952789844,41.72489113135412,40.26873529941774,41.32234740763239,40.58583395222236,44.959110222859856,51.8107009295198,48.763937871333944,42.67761238245373,46.96407272275856,51.15413366599224,47.498537487847685
11231,埼玉県,桶川市,都市部,6.272822834715972,41.41071269082942,30.46617875171216,45.740293871408774,50.4795041907478,49.34723760075736,44.36422033962383,45.58517890140666,46.9762378799437,45.49757718531074,41.501040276445494,39.62537901395896,29.32445086719461,42.548841585378504,30.105400131372196,37.81171920867253,34.19924790702014,36.0120848844054,45.60937418850612,44.74961135397718,47.119722597572974,44.00656783529478,39.32252711711511,36.96752860089711,43.88893137134651,42.6082489198377
11232,埼玉県,久喜市,都市部,6.061532480129852,39.55109080839955,33.010057149910644,41.22392648684152,46.59102948991492,49.55993538289154,45.516285406204744,41.403024849940564,36.46516866947552,41.85976015044776,39.80506850848266,42.8374034798863,35.06824206067755,40.60087564484159,33.596609787297396,40.436093728545735,34.40300996596863,34.62315694110469,40.12568125491931,42.30629591139099,37.169395209232235,37.08972350317292,33.04087515364226,37.84298630571452,43.21254599772382,41.439028363361516
11233,埼玉県,北本市,都市部,6.566565401643846,48.402286303909655,40.25089377830716,50.01034238649397,56.319182086919376,47.45826545973438,44.416397925562876,47.062845135632585,42.378620976285674,50.90400741251764,48.93531594260619,47.82222307292067,37.76184728285457,45.65193396162282,52.01136738538193,50.20193748950291,47.09940019457803,50.009015923858534,52.78542377404554,53.11051238162547,58.17873370213592,52.19332608077615,45.06908011421058,49.663385364323716,45.669175275088605,46.69163818684659
11234,埼玉県,八潮市,都市部,6.271461872284954,35.12575695088147,30.766072850074043,42.166027141731035,41.419068882793766,53.312203703506206,44.65104384068732,35.55387805507517,32.97029308741347,36.93277849714438,39.96071601240706,37.193981659796044,28.510328866138313,32.85524000652478,22.646858737090955,26.49104032802169,19.05813120211032,21.67838720518102,25.211186866994623,35.63864955830327,41.15983956578791,40.094990837774006,32.255483981487956,36.695397802849364,43.35098562862869,42.44558250363406
11235,埼玉県,富士見市,都市部,6.4066829553103615,45.77897871644484,44.86401728813599,53.033543572693844,48.94544582106493,55.61767467065264,56.03128685892914,49.86214545509674,44.35602977219239,48.35390812662022,47.65854601979662,46.704679341518656,40.43281982067418,45.37451594281729,37.24179602573348,39.986338902674724,39.881265835758825,42.56079415694092,44.520042415136,44.75444058200633,49.619395903988604,50.1807903470142,38.970310124983975,40.19566151986301,44.626075230786725,44.923965459596815
11237,埼玉県,三郷市,都市部,6.229942065699324,41.67886128887366,43.08371902525326,48.79354544563718,46.500843328178334,52.13118081883081,54.09531578505181,44.12731483746944,45.4454853825624,42.43847062103154,46.05654820795611,48.93471355129504,36.26309311779262,41.20402690230591,30.726233468616414,32.7421544759028,28.555952093336348,37.67826288610986,36.07499442331787,38.88096808776169,41.70892489709654,42.85337283576161,37.164601629074966,39.7690332432805,43.601427516803035,41.46248835254193
11238,埼玉県,蓮田市,都市部,6.490943111723362,36.58510271358095,26.574344203947607,35.38830631015766,46.14175353520864,48.57375534692217,33.700345686896895,34.759208777599255,31.617090209959084,33.43855364388611,32.79855121414501,41.15518683195019,31.385061217058286,34.67323656974659,34.992275717690205,45.39709870946138,29.355629470487276,26.298354898345735,37.36548894225113,32.92204859696496,50.10605114886085,54.43489270821671,32.62128678101925,32.53854634751689,37.52158863080718,34.28380962684393
11239,埼玉県,坂戸市,都市部,6.35903572868559,44.03781485604263,36.60286929956203,47.04500523325288,50.378296507557366,49.99862951833855,43.42999970365733,43.621740593929516,44.39393423815204,42.952559133222664,41.498455945223306,45.91625086707842,33.03394434047725,45.292883074754826,41.14080448375395,46.85401701125628,39.616220311194795,41.85416623030365,43.27714568959648,46.10090898492326,46.98071396414649,53.305593866513036,40.1972218949459,42.49088997048954,46.26997388039472,44.655331802299045
11240,埼玉県,幸手市,地方の中心都市,6.3893354235324455,41.47212181522431,32.117242032992344,45.68914496399177,53.15138041595175,43.83513893800004,42.305834649687434,35.85725294787763,31.118246764440247,36.819724689196875,35.216352774280935,39.13356988221872,50.69557303570848,36.55287070629896,59.53941839161256,50.06900810588957,36.30132533023996,34.15578640778921,43.295859618069414,44.61720288058251,47.53951867817421,48.600776067460366,35.589127133145055,34.08386794368095,40.928523016463025,38.11817819163161
11241,埼玉県,鶴ヶ島市,都市部,6.524187736497496,51.44494391049273,52.35065781909628,63.56806317385008,55.843067370366285,55.19304534726577,53.114957086081624,53.96842886630463,53.670894556583036,54.077638269014436,53.80995909286913,53.25041275515673,37.72767599311384,52.91897006260808,39.53375036565177,47.55975692427758,50.09458551819468,51.88502032727479,51.273888920795386,54.08307524369124,46.33364129222034,50.04246936718139,48.36205024473237,49.311740185658145,54.16131732060238,52.54358774923576
11242,埼玉県,日高市,地方の中心都市,6.316777541734853,40.28766622857562,36.843209928737195,21.24673321550903,48.08333502472659,38.05223857631092,28.312694822320346,38.86886294318992,39.23322807836195,37.83566436714143,35.932123334988745,42.67072618480661,41.388867392693115,37.88083827593739,57.471562168637405,59.837045960995816,44.401418392055255,44.64159552850255,41.30733994408455,36.48663064504811,44.637767988547026,46.35158053002627,40.350016069527456,36.25654194744863,33.56006930405365,35.25389886216503
11243,埼玉県,吉川市,都市部,6.6281200139156695,44.147274566516394,33.84767832388366,47.125564389732176,48.28263385131955,51.87512827014826,48.53573669572819,46.36590523331031,44.214727687065796,48.777580718904815,48.43311929788132,49.80329134973778,36.96202796313223,46.500956226310606,35.57824036795278,43.20417831249404,35.67493437667393,41.68868238835059,41.63311639307159,43.75944191909717,44.34209150231476,54.43981805112303,41.05701030586428,39.25698306815409,44.225278032677664,43.95046487146498
11245,埼玉県,ふじみ野市,都市部,6.512521847429843,47.84722655323133,47.15657160480922,62.068313385401225,51.29187480844051,55.169210882343776,53.84097068183374,54.48531614171065,52.57733045758752,52.92525276554457,51.85109524710871,46.412488504735464,34.361660506484405,46.4815640528742,29.576806987343264,35.21357952994338,47.97246141331855,54.38903157394198,42.979500211326,47.36467511333148,50.744452408763664,51.97460421212891,40.63429028803297,43.81980128168967,46.47460555400847,48.56797966484968
11246,埼玉県,白岡市,都市部,6.551817214884344,42.572136660140934,35.15752017027092,29.375989420831583,53.85727675687966,46.427040982497246,37.42236198659138,44.02978836249805,39.410243064047805,45.06385967656327,41.02919825680299,46.32077035386878,31.71841361594884,40.26611377877361,34.848139486067566,46.39275849461315,34.980082923185805,39.600392041002515,53.71404687231958,53.23732468010148,51.24562187257602,53.25683093191881,38.42919811062851,42.52353824692452,42.62425871792732,40.80051104054314
12100,千葉県,千葉市,都市部,6.3771100432186225,50.027970201677455,51.920015977256675,50.97854989755215,49.722625988281756,56.519322049536825,53.85533759142876,49.59632188256055,56.37495588494578,52.67415347706817,53.5473702810207,51.90653512863293,47.42427962417401,53.32471859914282,42.518784842672616,41.15449291711084,43.12253196227795,47.75991030278716,47.989077667898655,47.81302318223698,48.949575952308095,50.490035759760765,46.392414329697594,50.625252947026745,53.62615023502011,52.385848359860404
12202,千葉県,銚子市,農山村の小都市,6.185906188554599,28.964672537519146,11.03255040283711,23.491698144426163,44.01021472218792,31.88961085226065,26.7072334528249,12.706844151140459,12.966443189168103,22.56034065185184,17.928726753661063,26.758465437066878,42.58061794771434,28.81971840990589,56.773903877642574,49.01722583792329,34.3674402378868,27.419185156118985,34.3081906980655,27.438638683659278,35.252634070627046,35.64127706818999,34.88994887135167,22.80239037160916,18.272081316190125,17.516760596149883
12203,千葉県,市川市,都市部,6.417046029102821,50.5901352218479,50.19767508870367,59.36684093312299,46.36451372228941,61.039425924495596,58.023384554370466,50.74086492630696,54.4387430158324,52.18048104124013,59.65965379754382,55.863907102478365,48.167145267251634,50.21418808877967,43.70678276018745,38.06162888966627,42.512407492982064,49.544447372099846,44.90110157735538,45.55042877257721,51.000279779267935,48.00699617743601,48.1011995451099,52.413875993400566,53.06883644786719,51.03843705398498
12204,千葉県,船橋市,都市部,6.588310598219633,49.24737270336349,53.44923457992607,55.54587044652199,50.0720839298685,60.46300232548218,57.35068895491919,51.095383603842045,53.86130848794135,52.018911619788355,55.001607224136464,46.26977463616275,40.827514613263006,45.88809052460272,34.49667662407637,36.30818568342444,43.57857004584302,46.56320709936308,42.84704802459445,47.24794753349697,53.1009636357647,53.65666416286218,46.96205489275268,49.48445979573773,53.955083843717944,51.89261259263574
12205,千葉県,館山市,農山村の小都市,6.441275071090932,36.00748346198396,30.748366674363915,31.75836881173516,46.13541147627986,31.93665663233085,30.45354838989598,31.72222688901385,17.496003952700352,28.881506099359246,27.455861653917296,34.914339261941876,49.25298157672957,31.027219209988868,61.285742131604735,63.64003982384314,25.961054016740274,27.499610123157318,44.57805378106088,38.80271056453955,43.74079374218001,47.37134468334855,39.10443980516101,32.33699545243889,21.236560449297148,26.83976788598693
12206,千葉県,木更津市,都市部,6.2075415239228615,39.568414819501314,36.20273035286818,42.45570322338097,46.02303543760987,42.79921391103744,45.885133716894536,38.43376074207774,38.77526839541757,35.501774068045044,37.42816629689092,40.69659374791251,43.320026376079596,36.494565203665545,45.13779584218769,45.94997374343694,33.77574695047514,34.2267963740775,39.783334830377456,42.308996379214186,40.589919947134376,35.800907305395356,32.5465684118976,35.21216004998463,40.53024498326619,39.76353937870468
12207,千葉県,松戸市,都市部,6.348295901506095,48.972109450843035,53.30605238398431,54.89317110271253,50.208940490072514,58.39718199817755,52.31183377256537,56.45571246158406,55.69114290249162,52.783407116841786,54.35014933971731,47.60733429227383,40.41057699840379,47.810869459122635,38.92519975265282,40.75875753804462,44.96539002588238,41.891397176216955,43.316431094971705,44.64391055916109,51.519148939271936,53.30547795282358,45.329670361577385,47.08501675797039,49.854469366874376,49.50938497683831
12208,千葉県,野田市,都市部,6.4092497812381355,42.866896729706724,37.44487829409131,40.23269974845435,52.00582729060577,46.616955289779014,42.216762151582515,40.48055222245454,38.16922647085065,43.20348834026952,41.07096632471454,44.13483248221613,38.24377711920358,38.840017653258435,45.04664339770124,48.710055223022216,50.005266327887355,40.06160800738239,45.16022785509067,42.07875358723732,45.561032751516294,40.63223345350616,42.38455336290473,40.47544612316593,41.86564061514062,44.16407742092618
12210,千葉県,茂原市,地方の中心都市,6.269616850471183,37.492895230387525,22.58040865754538,40.557558240178814,54.47899152846114,40.07512216012242,39.35902495899509,34.5850406121411,30.62647124256588,35.95841109487514,30.30897055910723,36.87037648521073,33.48271362621468,30.495287620318162,39.90794458872621,48.723172112762526,40.37502149052674,25.868302852690316,44.31853402151669,39.52185007120845,48.08866994168621,49.35431150995757,34.490399580953806,30.87816698626001,34.6731639982514,34.251571589025104
12211,千葉県,成田市,都市部,6.532762635545367,50.08013650564356,50.68671001460403,48.74604768428315,52.173528145173634,47.047784076562436,53.969834111585804,54.3366664408649,45.97054847737739,48.28655259333246,48.649538602037616,46.454454264391146,55.23176779966951,47.85848700441716,49.13838253648653,51.60729530181682,48.80741901717704,54.65249285739601,51.941351751193366,50.47671966731944,40.16814366082726,39.974066453699166,57.64858650542547,49.428929009998356,55.44815296176362,53.21981719804316
12212,千葉県,佐倉市,都市部,6.518514714782278,48.708587160088676,47.43177980676874,43.63068607847153,52.975502179912205,51.234569819995706,48.27730302926984,46.19900162464953,46.37814340863625,46.04994893338048,44.43238292228115,48.232849305422256,49.51437046244239,49.12106726010359,53.206462684511884,53.68285037762498,39.4670595695441,47.89715073579789,51.60076997789578,48.213938189058894,53.84571829923642,51.25215321655048,49.8538662297186,50.82086618936924,47.41518934728739,48.27246219419914
12213,千葉県,東金市,地方の中心都市,6.247200773037453,33.19354059927172,20.502727134559677,40.7605816035044,53.151622533113255,34.64061610483279,33.71568743682424,30.245031937690793,28.655270353866523,31.783111216431994,27.394516884657484,31.184684108665778,27.500669400460627,24.16439461853346,36.473265199687276,49.89225964888957,26.213860601543026,26.465281742594694,36.16472251619833,31.366510402179486,39.35251711621676,42.03859797784121,33.76132670047688,30.51689983013482,30.00341727790489,30.697402035713406
12215,千葉県,旭市,農山村の小都市,6.391333982783274,45.67556379861562,60.56391697099839,48.5329347148578,53.370590389534776,32.87988865726783,39.48112424431399,50.68334643044988,35.23739155323501,44.73005398277129,43.22018485368164,45.43883556744966,45.758827661013996,35.56418250585368,53.42917524185032,56.14108255443317,42.95061480592415,55.372740232216394,54.44436789101383,44.515576519488505,50.658728762657105,45.61772582658742,47.58051850319183,38.50609146353011,34.95152710734194,36.5841047271123
12216,千葉県,習志野市,都市部,6.429093784868754,52.092379112564515,54.34794984738824,54.95570701433964,47.76541990299844,60.01675821537035,57.158053829224656,54.86478384619897,59.712238345255386,55.97492013427019,58.84809369236394,50.84042690538968,44.08641033114031,54.841216953908,40.73830697346839,38.16274074337204,43.3542774718792,52.123571661036664,48.36910665258821,51.161391094429376,53.78262251999442,52.97787233740274,53.99799359476988,54.18419398275052,53.97370369062816,53.979338961381025
12217,千葉県,柏市,都市部,6.599843881577725,50.7079597829798,51.62840343472871,56.4306712098873,51.98409707335913,56.54441197990981,59.73383550214019,52.36141321419708,53.828053657791294,53.012440721852144,55.88339206229436,49.49898515247169,43.76841039754789,46.81192101616435,41.587866158807834,42.84674583041257,47.9505898890983,51.33763656266564,49.448138146267596,48.24076217948429,50.39063788157949,44.643222711952056,48.00040787290501,51.815049089602965,54.875010649229026,54.368932397166645
12219,千葉県,市原市,都市部,6.075752938242971,38.89250395637537,40.93572622831449,40.18670024541025,46.17232770167205,41.189881450752075,41.12759153433428,38.90257593464764,35.06604412893225,40.898661673223806,42.967808676260276,36.77394229542365,35.26756160243481,40.24536018004512,38.83888095095298,43.90407791035556,34.654985658035145,39.86530234431122,39.39056250278398,39.12479908300546,37.79506651205269,32.171399185083985,33.42443973916411,33.73234077195576,41.28393225969632,39.50012638416114
12220,千葉県,流山市,都市部,6.403831467055516,52.94309868026934,50.18039780456511,58.37596670056954,49.62443002681196,58.60137957990844,60.785727151047226,74.1000935906033,58.97333012898939,58.89968998289191,57.227926445738056,55.642366297854224,49.60618435161702,51.4579720447329,46.061227214167666,45.0815828721323,48.64670943969619,48.257569476131216,48.051273967928665,50.708576435367775,46.73275917074593,50.336078175877915,49.855899501422215,50.967412350907274,50.302380390042224,52.15743522671581
12221,千葉県,八千代市,都市部,6.577738866267278,46.637044672032694,41.213960623518105,52.09438594240402,53.661834928191034,55.25641335119394,51.68084116706092,44.656195234543205,48.91413297017856,46.12697286850454,43.12927614768449,51.23754775348958,40.90481264044278,47.40413420388315,42.13037667789993,46.338688443664815,35.2276101447465,38.8517051299229,42.544823416793704,48.71146644732828,55.291053941913624,51.882981685435944,41.60106623551921,45.44725631792653,46.837644547615966,48.14389130892299
12222,千葉県,我孫子市,都市部,6.280893145586923,54.341421704162784,50.46254069903027,43.3051707339344,60.27235688704897,54.47879704969093,43.097722815581875,57.316733119697474,50.5118368395971,53.59881724172931,51.97664304436067,62.57566416219203,56.47646366081445,56.26323904970777,63.703831010371665,58.616014418076404,57.02082869347231,56.07755737597881,61.32083888011906,54.75052121414358,53.91757992209922,50.0866842596855,55.87675688730955,56.00952325168315,46.6961965545754,49.78180312900712
12224,千葉県,鎌ケ谷市,都市部,6.560416200374753,44.69723089054518,47.30458777085043,46.51222276592862,53.07584382820946,57.4041172910599,46.35645780757559,49.447847907459966,46.331438141441424,52.84530351412419,49.40633729706712,37.018824198132364,31.174686878051954,40.3783619080764,28.010974055004777,37.529416909824945,39.51030653069171,42.29229100070848,43.01174543913686,46.40802688015079,48.101855529016184,56.4783008092596,38.79484986218364,44.18580530543289,47.941991178904665,43.21194856479251
12225,千葉県,君津市,地方の中心都市,6.284136841022237,43.657629875662536,38.42900127686153,40.231608586743135,55.064264165812205,40.64526546456946,40.652178798200744,41.646829888871544,36.578692568740436,46.092547971649594,45.00953385410256,48.61980132403916,41.806495193203666,39.52294532618951,50.4889798881342,52.67333450212488,45.46247441635992,44.41539360336657,48.87659731930368,46.83786350783169,34.800597144646176,37.563082598358584,44.68073565382409,41.691085564327516,41.9394973558357,44.05431104280444
12227,千葉県,浦安市,都市部,6.674883284201,68.00945441001909,67.89711852434748,70.20343251740935,48.77354182422766,64.45387996045275,79.59709242033017,71.85970235938062,67.87807157853726,74.55568764163387,74.05613299489944,73.40519152600635,76.8604330556744,72.19354008618627,54.31211780534491,43.14562817295933,67.4714266369492,76.68003200602601,69.96321717977658,70.78520371820363,61.09651586639839,67.37401823180754,67.83139620777646,71.36682288536778,68.53160643897537,71.93509620178764
12228,千葉県,四街道市,都市部,6.49742393097646,44.29467363101375,40.61249966790423,44.0991975716839,55.94343637820683,50.245738509914105,39.97872867303655,49.227605292637186,50.019406405766944,46.83134906428427,43.650161913907006,43.55241602101556,29.960274848439948,48.90449950611824,34.31382762023702,44.80649200597738,36.80725264940371,46.07832526170952,45.900210649916175,42.052931835095706,46.64952388713655,51.946773259406946,42.796250708925086,43.29354971524389,43.48781454043008,41.913901157933424
12229,千葉県,袖ケ浦市,都市部,6.280184220513701,41.66746113327983,38.599025029736815,30.00944497056847,46.711249993016104,41.83841478545135,37.77055767267067,50.57118959523613,41.518808879123306,44.40557302164663,47.925366077269615,40.89494017255078,39.40764988122039,37.85732366448619,45.19552325492862,47.24450030669613,42.89113283008801,42.20473635549325,45.17634206048859,40.27855249434849,40.274176774206374,43.729222478109925,37.95224205041283,37.08278568660133,40.785235674545724,39.69507348982027
12230,千葉県,八街市,地方の中心都市,6.032864369545535,23.12986809458016,16.04441239151464,26.474724176189024,45.72852202542825,32.896519112001215,27.0007991372989,21.360679122699974,15.561407792588106,24.618904988846054,23.913126765348586,7.349690561485865,15.986390231390374,10.177362681872317,16.945837493704722,38.17585004000309,10.190353598512417,17.382114242912202,25.20215137553484,26.293399154521712,32.443575204861176,33.21941462843033,22.786857428223627,16.738999562397858,24.62065062837716,24.00509192578148
12231,千葉県,印西市,都市部,6.398269793448157,50.241131632613055,43.14646369422354,48.54084896126541,54.44529443546049,43.61996976090308,51.046601516699994,59.15561386153216,39.16917262172473,48.37733764616093,47.796663992414736,57.017308747059,52.32156358436214,52.30260553219328,58.12405416459711,59.605240946304455,55.35662769426352,54.416456386630706,50.08216306596163,50.244044596862885,46.103588640903,47.55943601323127,47.219674720113176,44.444515884474576,47.317118065736935,48.37479464963469
12232,千葉県,白井市,都市部,6.686326575992832,46.0838241761782,47.990849553765486,40.107134573097106,55.45105955095781,44.11607433895219,38.539853541037175,47.28376017236365,45.59517105992322,46.313089473784245,43.77069261751403,50.48326781093239,39.80118697716713,52.216330077729324,44.64286551566531,52.02894109248331,42.55985284820643,49.420320943037275,47.40662320759717,46.895884500579875,55.41982756008614,50.582388752459,40.33023227066354,40.85165062644949,40.59459925181493,43.61012391201057
12233,千葉県,富里市,地方の中心都市,6.156777446481798,37.60525951817486,44.12189661185745,47.839408093354464,49.93669886901892,39.672169802986446,41.93606490592305,36.113002030132876,34.08752420340951,40.621538848878096,37.35181365699681,31.5895239733616,30.07313681082486,33.18620429085182,34.935644070914876,48.30301723808917,32.974772785832386,38.166858506712,36.54247714841807,37.718335001994625,35.352198465144184,37.49872465459017,35.431526903191376,30.484486394275798,34.776404474197314,33.81280069524094
12236,千葉県,香取市,農山村の小都市,6.161793812191309,29.931304488483363,12.027331981313424,17.233516760112337,49.543191075280184,30.37952181078972,23.978533361396885,19.902342771666913,18.394412908281762,23.783700012560114,23.37518269072882,30.577973942209525,38.92447617838949,22.78098614241636,48.120606848131146,54.445287963122134,20.830431120419732,26.323319383159383,42.767733179133664,32.79313533335474,31.321488723610223,33.92112164407378,44.119357314912484,24.994688102156847,22.681998644657806,25.130969831723423
12237,千葉県,山武市,農山村の小都市,6.245101934779497,28.00581627594453,14.919243868501646,14.309393220691028,41.404718002577525,32.17771813280221,28.041036718402264,23.934864313518666,10.560600899627708,24.32298653066184,28.540963973869772,26.998581835150638,28.82103286463149,17.981803683564408,38.96321313329405,54.43278771871585,24.12138949076809,30.693631592010828,28.844162378141053,28.236324037587778,34.605202486260076,36.52300469513418,28.69292533041813,23.15917201082157,25.180643016978266,26.674190688539806
12239,千葉県,大網白里市,地方の中心都市,6.435479699365461,32.21970343115882,22.51754761312618,18.24998677601594,51.30925772446393,34.697117506758374,26.817047102361787,33.706303813672164,17.53595953124908,28.659618989567267,25.071949873357642,34.02823509905039,31.47570757508244,32.91238567631322,39.38544774240265,52.978630254612,28.142709266922623,29.78528898941897,37.34587185497553,33.70377352765089,46.98526876232315,43.626173373076924,28.550082433833285,25.628491764886746,25.060638178365238,25.099388918325257
13101,東京都,千代田区,都市部,6.7090475875553715,65.00481246465726,70.8439616605557,56.647705308884106,34.08431357241594,67.96237401313722,70.11162954781902,63.04322549067724,62.53490334343978,71.22304914315615,76.74659415310003,54.85998220382936,70.10866460118507,77.88069652718025,47.902046529882156,33.94618503037871,58.233821729716524,78.02972876227038,56.742816727787336,60.974012706922665,73.46230068980276,66.71945845670732,71.97195885078176,80.52030853937754,76.59038903920779,78.97537252355953
13102,東京都,中央区,都市部,6.838035654036028,69.93672886652077,70.09120586394306,67.62370452220881,41.5136850427287,69.81392518543434,72.7530757336969,67.3969700228585,66.58720418496779,75.66542167422861,74.26922023806189,75.32791515915739,79.73298213577729,82.72430512575693,50.153067912427886,36.90221356044299,62.29600052854574,80.07698287626795,66.81843184355641,67.27170186882661,77.11253306796681,73.96509164105234,75.6475642553314,79.57071455673693,81.6693646736588,83.49821112286443
13103,東京都,港区,都市部,6.884825388718501,69.56686592121868,73.2117641658354,64.47050951299019,36.25537601519945,69.66374888236955,72.56441263426223,69.91291249662964,68.78580972557205,76.4296806164262,83.73801200721437,65.16524150678194,77.47684290643966,83.04149768165337,49.604912413766776,35.23943752836248,65.75282409030132,82.76433142057944,58.84314037682536,65.32777068308968,77.9926022279462,72.22186066128592,74.07636607613685,80.69969361718103,81.92032262895782,84.44571223344163
13104,東京都,新宿区,都市部,6.491202117206368,59.66094509044978,68.10474847245581,69.2725977325556,38.34465548359553,69.54331640511111,71.01414937499958,57.73378829378011,61.48361581458428,66.27224945125175,68.90528263928974,54.58325198439076,62.892521671900624,66.40275981859565,41.813454882851936,31.309609302834343,50.33230127063035,61.66112932613486,42.11271063878171,50.83763298467005,62.999827653365756,57.30132783978352,61.370969951282085,71.35137324072409,72.8522253337382,73.36718260348738
13105,東京都,文京区,都市部,6.698796829047371,67.70084442339379,75.08828087131226,61.78852493136931,41.99425276822334,69.71674594962947,69.1388384882564,71.21892019125798,82.9194952539805,74.99889986633723,74.36647719514961,61.659525629196374,68.8323009877706,79.84399442416847,52.19915568974504,38.90224638558092,60.03702410028935,75.43558271131103,63.83951820432366,60.660870679278275,69.82760699519376,62.91521430789377,75.61762604027203,86.43459906370533,73.04922213888743,74.33534328831891
13106,東京都,台東区,都市部,6.594658607442214,61.31766606206658,63.799090373661166,70.17779166930089,39.766880441936266,67.85794756525058,74.50943144104852,57.02792505312088,59.827610421513434,64.90661011082767,62.12125634125881,61.862213891309125,74.98892488248558,67.69129164904933,48.413565209042595,32.713716533445364,49.642335924652976,59.961627924256106,56.26430374921448,54.27365247804076,64.76962993530758,60.02353700031616,78.53360999757646,68.82049987574501,66.63120232470943,67.03933069652884
13107,東京都,墨田区,都市部,6.419520712494241,59.46962472953136,60.742853586440035,65.00668851356178,42.209563380990105,66.07717990264408,69.37079060190084,57.902641091235736,59.715492668538346,66.38238476962101,66.25996285816097,64.76840482712883,74.73911660970506,65.98750149801441,45.44396688247123,32.82946652207984,55.836369953887385,64.70995154847373,57.508324087528564,54.611366031736225,56.1587223138575,52.59854799015027,62.07881421334833,60.379797765581934,62.53029476087279,63.42279113082363
13108,東京都,江東区,都市部,6.605306888764191,61.1624467256673,61.83299226371821,65.69775822229373,42.877267600562945,65.79375680396865,67.60576077281618,63.700820988576474,65.32968260246639,67.21080672754447,66.21930543131882,68.47080184853058,65.0111020726587,69.10635527923937,50.72884908408325,40.2014228880406,59.33964548189812,67.31697870737362,55.63412790768856,57.48288700081944,59.523590972636235,56.59934755734362,57.60796305558038,63.04196700687815,65.41295118941993,66.15257995055893
13109,東京都,品川区,都市部,6.671974964066777,62.69346039020708,66.98847302011185,70.32059159584794,41.40156749670962,68.44220979735621,63.4374580456587,70.54131894054296,69.66857956372083,71.41927761350362,71.02875436455435,63.128147322593506,55.877158172142536,70.86477380168094,42.91578684401349,34.173324040284086,61.140638350238696,69.1108399867517,57.92009063937866,58.577335391847484,66.16060916863279,65.79143247347835,60.04266500444204,66.86185553694963,69.24021884040091,69.5899433541292
13110,東京都,目黒区,都市部,6.697064964061753,64.0836753773819,68.48442512799537,69.55548372698028,44.64696032324389,68.02905911726494,63.84950438711535,60.2056920243393,66.54643008458618,66.56991303476565,69.40953090142047,68.27265028835731,60.421582291822716,73.83191976287601,50.484501157739565,40.33677307506376,54.795571559207616,64.53680616281272,62.607016559762286,62.64592270462373,73.70447220815149,70.0920472591989,65.0829376808964,71.45736110688276,70.86435977525171,71.57728873680716
13111,東京都,大田区,都市部,6.561000062520178,55.88347577168388,61.810867154893735,60.08205087962963,44.32881435113388,64.32368250867147,57.20114483378982,58.608027800410234,61.55558343363376,60.21337466940203,60.77020296995825,59.52298384033143,52.76079617798975,61.526128688428145,46.50145441306109,37.145086286193866,50.1059081113018,54.802362920617036,47.7912097269829,50.44503899679547,60.08542747127848,57.742336061740836,53.81055903584726,57.246020030752405,61.74464769818741,61.07971045938254
13112,東京都,世田谷区,都市部,6.671355737382488,62.616314345194155,64.1833136898725,66.26536250947807,46.40871937319494,64.59185538139943,60.66100449840137,64.6197873317049,65.48519679171866,66.23067001978825,67.3835244409824,66.75089315721085,59.633525483407745,67.30043859449006,51.56250619834491,45.35085510790503,59.018487826222895,63.23077687726255,61.43830210532319,61.82482580001416,68.62429016461496,70.366134653791,63.809784468547676,65.77790908872053,65.64846457800678,66.62491614425704
13113,東京都,渋谷区,都市部,6.602252298251455,65.28547131013985,66.0120453899236,70.67860354657657,38.50306586508087,70.05734973027948,76.07062092508716,60.1787081198068,64.21174472020239,69.93363527709474,80.75082915976407,61.537897547534655,68.23984171542114,70.88442896154315,46.25447432015221,34.82351887787152,58.02164583874418,69.01071055104276,52.46654885244629,62.137276391698855,70.76465364163667,67.27096404567587,73.63795300877624,77.17353026201383,77.1707284139652,81.06053628101829
13114,東京都,中野区,都市部,6.331341546611088,54.431540945782956,57.53049558307595,63.27311081941686,43.995894216124064,66.07788146254674,57.10183976218034,54.897673762658954,56.729222368727264,60.14153095262661,63.33434577900026,54.85199040858493,48.32352322623453,60.41008746278082,34.250118801335866,30.12387724095172,49.41025937267587,53.786928741916,47.68132500038899,51.36472040293342,64.47389255299107,57.80491194921923,53.376085941402074,56.93818342171619,60.68075028147399,59.79833318782936
13115,東京都,杉並区,都市部,6.608936473538861,58.60839744325975,60.52908721275489,66.0283063487012,46.82106853581145,66.20793897633085,57.97494124692826,61.15770352959661,63.40314537906856,63.67362581172568,63.47951683765038,65.30606758866365,52.06037394611302,64.12187251309335,47.165569966266936,41.04929991983256,53.454004372559076,59.92008691742681,52.900556582244015,56.430758952655694,59.66906974765278,62.05303163461394,59.62790208102244,62.059729943377484,60.89712844001196,60.61075215413243
13116,東京都,豊島区,都市部,6.504192820230173,58.337820819596814,62.085704231444986,70.5598157382789,39.904623437214056,69.13830286564381,74.2189261788706,57.58630816327566,62.64857312281896,67.34943050906914,70.51769086230304,47.713381073234295,52.24228315988888,63.45823929610533,30.41676352311409,23.30925581346516,56.57867476270631,59.81635901327965,47.245755199897374,53.47196363179132,58.11227413066527,61.30971175987759,64.5500481496278,67.66219203397463,70.25378310304383,69.9576399107332
13117,東京都,北区,都市部,6.47755990648815,54.05475054819197,61.11801344846917,58.54186618553144,46.38606549636202,67.30422742638689,54.81010022906828,58.50147963139097,59.71253390843212,61.03291231209029,55.40213973916312,57.69323125058635,51.61792483681353,60.21834170438572,45.566349629661474,37.118416090302816,48.75342635340904,53.18553374411708,47.23039555257351,48.06806381752037,59.19096389918096,54.08214562426397,47.84352837709249,51.96951483272748,56.40724365756806,55.55959540951032
13118,東京都,荒川区,都市部,6.45620138198839,52.608815780004996,54.55466058088616,55.80896576022588,45.398312532784225,65.9550206729696,51.1889579317124,59.87355437279068,58.268179098086456,62.25313192020272,56.13221200713798,56.930049525218635,47.19793842088528,61.700293151805226,38.36125456658898,32.58807220416668,49.86305547187332,50.98005002555886,48.52561352715815,48.036942633556656,50.64488083215147,54.50727543822811,49.52564882118045,53.70520740174534,55.15964759448741,55.45265422871942
13119,東京都,板橋区,都市部,6.384001840565816,53.933265811301396,62.8024459499326,58.9843788425729,47.94315172557109,63.28279961590868,55.42816884463534,58.640033144411824,60.33706003351143,60.21333647804417,59.65080411425897,53.494459987873014,44.17836385168155,59.98974307815618,39.327363625046765,34.96785276579098,55.313992548515685,58.04785900936613,45.77959925539757,49.4636312392291,56.65530035350714,54.8147449881889,49.66498909213208,53.1924995253601,56.60789002973489,55.617911372406596
13120,東京都,練馬区,都市部,6.54668848315284,56.245042881211475,57.17233484843142,57.8035916670983,49.35854343057379,61.837456461353455,55.71377068443595,63.05309625051275,62.67040766171462,61.214255479041206,60.176971932598946,59.61664262331168,50.36540018040983,60.54254534962761,47.4637635782077,45.01146271420531,54.248487513168314,59.63361161187422,48.71695040884132,52.25589271447048,57.28145078866777,57.03938671465227,54.08085290593388,56.60861038056336,59.24847430217574,58.7670689472055
13121,東京都,足立区,都市部,6.361601984237194,52.05321192528886,57.02162533897874,58.29510765101293,49.58133297046663,60.3870023223352,56.460772597093836,60.062301278624055,58.473908988956815,63.093640502265515,59.90180245007258,56.07393048897441,45.332645408751,56.03239447786777,39.89931533055201,33.924247640064536,49.94254763463079,51.21429658236207,43.83172999903374,48.00840145571176,50.2983578419044,46.323263703787646,43.669421412864246,53.22492809437553,54.83640753318691,53.38770450305976
13122,東京都,葛飾区,都市部,6.270513079641336,51.528821039452154,56.26492482978162,56.10649537755928,46.26004502141559,60.49580230690657,53.6715847220804,59.40825027077037,57.269087802203714,56.67972418061189,53.82815312917792,56.736291823989944,50.849399549728126,56.184535136510725,46.4466066689297,38.87595535728631,46.66102327855154,47.29098110102067,47.88554508600181,50.42374562129537,48.04539138602136,46.98185118390324,46.05665216379238,50.36684017644187,52.31924112753393,51.58357764533756
13123,東京都,江戸川区,都市部,6.449822453766131,56.37398761947544,59.8579945931684,58.32704667894585,46.91525469191037,61.35497028681461,54.946012197217385,75.07189200124789,66.10975573791436,65.68578792599828,62.77268417725692,64.2290833263332,55.81585861824719,58.583812365278824,52.140833367186126,44.037993944244,55.94134321642549,56.45878866227972,44.898402958477,49.47147845741268,50.99481364934346,51.39943838882684,48.66282862308972,56.28253755295465,56.66361443152263,56.353477015315285
13201,東京都,八王子市,都市部,6.459454576558576,56.42450307503649,53.342160271899104,51.61759674030539,53.76658563921617,56.69475760231193,53.076545178635115,55.14587209022816,55.03766077421021,54.98866912237975,54.98685539465225,59.90411985969347,58.8660723659128,59.432014662919286,64.93409745498207,61.55309893240165,69.7726347300082,59.824176760835485,51.86624718091306,51.64067066277861,52.29516842847665,51.268209337340956,53.737509167905245,59.20292680320827,55.479423322052455,55.75500131760958
13202,東京都,立川市,都市部,6.720790451732479,62.502365871000805,63.075323127354096,66.34739016204134,50.82064965807423,62.035671473402616,71.73754027571763,61.498469021535904,61.63629089229431,64.51284171055099,65.75170038103983,65.77490522446206,65.62905336661994,62.927117173309156,62.135112925004286,52.817018774257825,62.611389994993864,70.71562699337554,54.619106287994235,57.3995436065072,63.14122935424982,59.18963569836818,63.58218876728174,63.50628071609637,64.16110576213259,64.43158955735576
13203,東京都,武蔵野市,都市部,6.604048300689573,65.87302796622983,63.804559304331995,74.75483148122652,47.8178704947467,66.96844909688723,76.28398888903946,68.7946752821577,69.19988968899416,71.40553000211492,68.58278535352355,72.30348883968527,63.71474330902054,66.23347232651628,61.08222025557585,53.86684923380311,70.66347541757128,69.42126668358395,54.85461253559869,62.32166575107677,56.62663736367102,55.08039991041397,74.01058964046094,74.82798578774008,67.83084634542895,70.501838196347
13204,東京都,三鷹市,都市部,6.606750217693568,60.8417100664972,61.911066962095454,61.544173132236246,50.81548968574481,62.27373790395669,59.335646268966464,62.12926824418616,61.469516015359545,62.96395981859481,62.32405592054949,68.17562511305303,62.25509086322836,61.75497335491502,63.61004559779792,56.3083750582166,63.09257795237869,66.45900549054737,53.93595285726719,49.388249336139914,60.55242864838815,62.53853363145541,59.40748885705759,65.87556921963035,59.42150049249378,62.6587111716739
13205,東京都,青梅市,地方の中心都市,6.322575669495308,48.60814145082581,45.20810004190645,38.62724236661702,51.48075301446635,45.41370477060151,39.41446092190702,48.89940760317661,39.913683818132306,45.01817381754368,47.5811771248097,53.124357960784096,52.69245676955193,52.120253382106085,67.56532539304246,67.5908528392757,55.1625891354153,54.29085874391357,49.56557946783519,48.51811919360304,43.50064220627871,43.59184276006376,51.04706253158386,43.4810338405359,40.787568366340686,42.000148750328734
13206,東京都,府中市,都市部,6.5810097419664935,63.29368077170423,61.30526623546177,59.803448594723875,49.81050955019713,61.437736209154785,65.63371882808585,68.45469680462168,63.67705256351213,70.0026451298449,64.17673301775709,67.62729411526561,63.053999708586765,66.19728703282625,62.81799430556572,55.12154845725695,68.29045355277493,70.58801404405793,58.511671986003584,60.24512974340355,58.726156023156136,57.368730565267214,69.41802958669028,68.16191509114265,64.227521514941,64.39078586060378
13207,東京都,昭島市,都市部,6.371008174636275,54.66259891930703,51.05884589301994,56.6836181486078,43.67806525932237,59.06050371330499,65.43061654997175,56.27688488654856,54.44422257782911,58.0128157533792,53.7202252753185,55.964056845861734,51.54508130473455,56.873675111324616,54.39768959639749,58.23436156703297,61.597282217502226,57.15277362547246,47.16972515542505,52.25314602914877,53.830953787735446,51.50389995944775,53.69058275157788,53.303822049433954,52.60600981952689,53.413516185444976
13208,東京都,調布市,都市部,6.435006038947618,62.141332512757096,60.09586380779214,62.15154990616547,52.336706166012796,62.813453899871156,60.36511437326283,63.17885964418207,61.11385079915119,63.63923050147232,60.74348386046323,66.62494658961728,64.30624330037801,61.01687805217868,64.79645643107452,56.51032543308989,65.60399533320256,65.70511766775405,57.3596800683513,60.94687984432542,61.217275818623406,64.93913959465286,66.4726200562725,62.68337426217501,61.59453064247835,65.17640425362339
13209,東京都,町田市,都市部,6.5473671370849775,55.66614142083836,50.880713424144126,51.5109689318352,51.09367807208527,56.94853834189895,56.5375487753698,58.141446648801114,52.887763292034954,54.45370309568624,56.599625410243206,59.091237218076515,52.19551818212547,53.717410900929174,55.438737216428564,52.60168253861351,69.11500236711555,58.72460212682136,56.76459170224561,57.53533158261119,58.297760756064996,56.566671207857674,52.860483676745375,54.18287051047187,55.14241750784165,54.69909061407335
13210,東京都,小金井市,都市部,6.502992206873075,56.02093761076968,55.548397900656916,59.08355066197053,47.708305288231465,60.65354521678346,55.08945407031331,55.71767311255194,56.879791992262255,53.356817557544026,51.91311784987326,66.04444237244267,58.389813900229264,56.32039212029599,63.29476888517534,57.37966586206923,54.31531196156239,52.945823485877405,48.268336429413694,50.73063102410154,56.28874769313484,59.132925631707394,56.175220594163676,57.576678113849816,56.663194742298515,55.02589619196349
13211,東京都,小平市,都市部,6.759019305660018,56.310969664765686,57.630326726736214,52.228942202037565,59.818147744222586,59.684917020680494,50.782020990032734,61.151700897847554,64.88534074342755,57.964800375925066,52.32441681849698,64.11154319583156,49.631987273873406,58.01640633538452,57.534648751634165,55.72960933578783,55.0016977882511,56.94315240448408,51.69268976314656,52.62053603375258,55.88127040640497,56.90708714111897,54.31879612514748,56.81232685938433,55.31167094753066,54.479236073237736
13212,東京都,日野市,都市部,6.446820764621031,53.264678039329176,50.09485340167605,46.94668883110081,51.641551760527264,58.750219036793865,50.346164643603096,55.84517748850582,55.76457732661457,49.43884234304148,49.4993735302806,59.10527486695423,52.28359436723437,55.019622358633306,58.57778744119733,59.32827788658814,63.109483577863216,52.03162738316443,47.5445703079412,49.803311792762386,48.58263134831669,54.22725388773274,50.26302857307805,49.585963103478335,53.44598329307779,57.11641439373455
13213,東京都,東村山市,都市部,6.481207971433258,48.00473179737915,49.36442690769874,46.700617794251606,53.06758782746592,57.787141038412564,46.607008083243784,46.85239893011808,50.2245666673612,47.38312652107686,45.7776093792837,52.95924575010116,45.84631944797585,45.969612676127134,51.97989671299486,52.701899580989654,48.01614181947378,45.802190910111975,39.040611453183445,42.56823461805235,54.2038932841578,51.77899541874516,43.51761099474702,42.160785013109866,46.36042064958914,45.44322165882814
13214,東京都,国分寺市,都市部,6.860606435527137,58.09340312406366,54.77390594980312,60.76102158661211,54.913526475084964,63.58178973208787,55.06304524888128,56.77260575974187,59.69635077763644,57.67862280630642,54.837426009643686,58.8218987332595,54.287767105105345,53.48065667251524,55.56720544099605,53.14143756295542,57.33781912969883,60.03308700397986,56.421347495438184,56.02869363755401,62.56556601479841,62.84843884344076,64.9484223520159,60.06859704570724,60.715052639867,59.89739095439859
13215,東京都,国立市,都市部,6.683885850683167,60.13221223761555,53.4922793191617,56.741962589457415,52.47677172054048,60.27780002968653,49.35302934062496,60.8535729110906,66.34294135989963,61.55986809712804,54.29176184512127,66.13855633424848,71.44116524164869,65.74830015312548,60.08172585753397,54.052005385207316,59.02672288231064,56.98874011930815,56.77087987550238,56.904626736662756,64.30839793594575,62.27141943701598,70.41370695163003,68.96782001770038,56.12727310408286,58.541766458139755
13218,東京都,福生市,都市部,6.353734234143998,51.69754117135213,47.29299388055201,50.24287862412009,41.228589557909174,56.5925204201041,51.32280105542298,56.692401267242026,52.0406232865889,54.363981029623154,55.53740834331959,56.50349457535833,52.91135311051224,50.867627380814575,54.77951307147875,54.29605851532847,53.80479091816174,57.85851244714351,42.87761256043973,51.013525589634824,51.03944381539761,54.47389066824833,48.61775240621944,48.72765119588845,50.66506685783521,46.99049753510807
13219,東京都,狛江市,都市部,6.550187893724401,57.74717412655559,55.51585435264725,51.24669800863426,52.89173864702209,61.33655100067668,47.17869848295213,56.31175172873408,54.051478798615754,61.12682983360398,60.285649164550655,70.08236183058528,54.92157032519788,62.079413263558415,60.10289077183359,57.491250264096834,63.11896640905498,63.77494034929023,56.97785215654308,58.81410373795211,59.541520305302036,59.466940601755155,58.93970480212079,54.746499513664354,52.069015333029434,53.85989935591327
13220,東京都,東大和市,都市部,6.423125385095552,51.68899585603067,46.57259185185867,52.89395844056804,57.82603806232015,55.40356321956211,50.904460143491484,57.42023568777472,51.061287149456426,52.42400083148487,48.28334362292713,56.95345330348405,55.15771790408879,53.68398469018105,61.883826187614346,57.92109634424537,57.23111047180672,50.02088739335559,44.326243617006874,48.15415230402991,44.870414568616425,48.77221684555721,46.30775411037487,47.026748494255216,47.50727132352955,47.92954397714682
13221,東京都,清瀬市,都市部,6.344990637063612,49.43343954903669,64.71197617167132,41.0230835417044,46.994206144720536,57.50845450158933,39.846707511973094,49.56815235487509,51.99563979224342,48.55727810888643,50.19707668994971,57.516699705558416,45.29300713917527,47.40123779681164,54.67417133234265,57.36099131151531,49.47773740776857,51.073338811987114,42.30163940702475,49.68966235304709,51.0196905059391,45.130456695278006,44.64531986272617,48.49649436506058,45.6630767178097,46.25645094722305
13222,東京都,東久留米市,都市部,6.584489211610351,52.90861370626517,50.85970772174864,54.94694313078372,52.87365053552572,57.80749148022312,49.547882975736414,51.573952117937154,51.33543724175823,52.076463791674875,51.43448710776751,64.55826456026902,54.22547514197746,54.25015184292072,61.69054075090219,61.10469087786396,52.02965260948444,48.437135334057984,44.70572760944276,50.49403707377189,56.07697688808702,61.10845725427225,45.243708867646795,46.31055586437606,49.196698867920425,47.918639304215866
13223,東京都,武蔵村山市,都市部,6.274571183173251,40.029413356932814,43.4058693610995,43.669620387991806,49.250243523192786,37.456384980837804,48.815914466568344,45.84142061803176,41.5621652944794,39.36953738976912,39.56145064444396,44.16756304448454,33.18352769210329,42.24590174577066,43.91172865318032,47.276310309468776,36.20568623409651,34.705461526509694,30.128160752321243,36.888140883117,35.140159983199034,41.43208093608097,35.03056390963391,34.07096167782029,39.06391398082798,38.32315257135893
13224,東京都,多摩市,都市部,6.563637662162866,61.55683765161673,57.727019999434816,56.03333114929525,59.056736030585675,60.8192655494446,62.03069291602371,64.52799715347936,56.87551637690056,61.662120225181546,58.17197990019541,72.39576813197043,64.61949673309623,70.54566313227268,66.8231515944962,64.9357047947016,69.63105358013411,67.26723597711229,57.95573819895779,57.34167470326149,56.003550703372966,55.48238163035388,61.98236895704272,60.60490626740258,56.02044441916229,58.850305514923605
13225,東京都,稲城市,都市部,6.7372886434479256,54.377153834563856,48.35364259842848,37.460179442877326,53.77176582320917,56.976010566460204,44.63240832177224,61.36880973476772,53.29942696958999,53.92090071175222,49.70290577014724,66.01701695304185,58.01558153631957,61.923571565349235,61.443874147514634,61.72376970016345,61.605297967300984,59.7940703614146,57.654911927483674,51.885870932069324,53.79958233607548,50.31197155066412,54.94164388778908,51.76141219818815,45.16145961445045,49.5256074127036
13227,東京都,羽村市,都市部,6.307572446535037,55.03183566840872,49.88468665255575,54.187074211124575,50.43510494177868,53.26728540090086,50.511159889691854,58.6732745282868,52.623872739931876,56.0697870396842,52.99721933293464,61.35655222294045,54.27341610114467,57.3126980656648,62.24705270216003,65.69056941590904,70.62861325033649,65.46752467937543,51.5138355001655,52.62214311771241,48.9468188900954,49.63197915633517,47.20039183368511,49.52095349167093,52.15648173659328,53.545561141131536
13228,東京都,あきる野市,地方の中心都市,6.2914227248847725,46.1015777378702,42.29444672214238,39.10485977981362,51.90515074012792,42.37966075341139,42.68573312345634,46.1732190802563,35.93392296189265,38.439000311864206,38.95165455055125,56.94512178021545,52.80494248231804,45.613582380104276,71.67603796674516,67.6850641892083,45.93475445818925,44.69263561729417,46.77964575890309,42.16924688516752,43.78423319656079,45.65788584204937,48.35483111418032,40.04876221814326,36.56723808170126,39.85623571458865
13229,東京都,西東京市,都市部,6.479245435626554,51.62461174997031,55.02078378785228,56.02927825813911,53.51758381643295,59.86195251342532,50.00297703703945,58.09192936735539,57.364320476416665,57.157687945038944,54.547872902574795,55.629223040594184,42.01657361134166,52.30077627488279,41.20857963972115,43.82012883736866,51.35122831666858,52.903744992941306,40.04912746834877,45.800547953012284,56.456269428503575,53.3861120716832,47.54272296369149,49.68822000239962,53.00771638496074,52.235324908894654
14100,神奈川県,横浜市,都市部,6.529623052050503,54.37906830537409,57.590483012167354,55.19799367584693,47.55275268919784,61.13606219215108,56.83883479224169,51.90644524298445,56.501572590166255,54.26902768532178,57.06104068910541,57.400448503938264,55.55546826727955,57.16147639654389,51.068835759759466,46.04063303105789,49.16486986682705,54.53322395245003,52.0845979565846,52.91983437831476,55.08004330818747,55.77692691564925,51.3381571293302,54.27119212915552,57.73102445807271,56.91669470664488
14130,神奈川県,川崎市,都市部,6.575803580981353,55.78668832594775,59.947756241954465,59.78222870457767,47.05421734457661,63.62927810810266,60.214947330283266,54.37092061243684,60.01025786794228,58.39208142810856,61.75888329640822,58.44055414166405,51.61625592127923,56.87268605990689,46.629681735846354,42.38459092252549,54.88698959690039,53.855588319076716,49.51273101834475,53.55502864197618,58.78968199785256,56.342592214481215,55.46864450483757,56.77402116021335,60.04700395255326,58.54389870089753
14150,神奈川県,相模原市,都市部,6.473344744475615,50.218471847906414,54.02975750568465,57.48924224937957,50.11916348785812,56.609633258634496,55.93434866055583,49.61050871942798,52.933767521628205,50.602609446586804,51.45420379639429,48.99523180683363,43.126322743410846,50.05404364183504,45.42989851141003,46.15388498202437,47.67356148808316,49.67955864639862,45.658240733951935,47.92330263483331,49.09192526401051,51.14903060098011,46.226521174487715,49.50874231384125,53.534262376097686,52.255562785405814
14201,神奈川県,横須賀市,都市部,6.465650270814182,48.18387045606081,46.0006723610985,40.96803932385576,49.016364608842466,55.06043336032016,47.99316121640678,44.1184522621393,46.37858647821772,48.24707325833942,49.89377316212436,46.0351743755846,50.91404047875755,51.38749039490948,54.441468383287756,52.57097249930441,48.793280759641945,46.72999284022671,51.785283096088804,46.75234866420197,48.79784864272858,48.067235212343334,46.65139212118668,45.2853532013912,45.67007339447113,44.85438084999095
14203,神奈川県,平塚市,都市部,6.629454029718217,55.934406804096575,55.30471585238691,56.45877257903811,53.864508045409494,54.80414868178144,60.32469623891829,56.22414056097794,58.20482552547385,55.805258293409445,55.21628855753268,61.5857906496831,56.66872133959935,54.63672649067305,58.794681167964356,53.727640722005496,56.741804535044636,57.36775355618365,58.6229737264717,56.09955931493315,51.20168208428122,50.263486605102294,49.58648489432184,54.92631882007728,57.026865654637795,58.967919402410935
14204,神奈川県,鎌倉市,都市部,6.570302300147195,56.07985244951552,48.44157245490822,49.29613139423245,49.23361550165643,56.54386273749473,51.14128936199716,48.15959941387575,51.94708167885784,47.89310571856505,43.81589777065451,59.528576238503355,72.52432944402632,50.29939238202573,75.01695895584298,62.32941204035363,58.15865971037011,52.00442962288342,61.284083885330624,55.57467586196783,60.49057404264477,59.423990732181835,69.51983294063513,59.0809294921121,51.137691767987526,53.07076563926519
14205,神奈川県,藤沢市,都市部,6.63124439468516,60.01526863041591,59.81878000457108,61.686084521306725,50.74952560699494,59.273417478327104,62.06606829339,62.77445743103293,60.68235184647958,57.77412813387407,56.1347395070349,65.31472784600801,67.24968168592379,58.51097347245917,65.02212276132721,55.20213468853196,60.50496768454268,59.90623937755697,60.36071327418678,58.31299895098157,61.57944934100338,56.99509177888628,58.79402222396279,60.29512514020642,59.72962303391031,61.62902304748326
14206,神奈川県,小田原市,都市部,6.393528315808156,51.27908647413536,44.61656470423785,46.925563535887875,52.32866147021518,54.35914519407014,55.496211858230694,47.10617583396661,48.727204778270135,47.039064322094,48.28788990488202,53.73927748001827,60.79509865031065,47.54507462443377,63.10024115895943,59.30961666959869,50.90916933284313,49.789604980757815,53.32723375516119,48.65454235324998,49.74333334125928,48.961173240322296,53.045384002348364,48.91151227151376,48.695957861256424,49.28437405536135
14207,神奈川県,茅ヶ崎市,都市部,6.476967450815191,56.78508098058523,52.636813975758976,59.827870342902806,51.23804275002229,55.56301855343868,59.75646844298338,52.96527461097455,58.56437862433492,52.896752604374555,53.5589096730288,62.07958749211931,65.03860957084616,53.243615602322265,67.0059522799834,56.34805298715294,51.3354494044731,51.140797310228166,62.30920137920329,57.844747810589254,57.843788963163576,61.79816861746421,57.50970154763657,54.854220945622835,52.8057588370083,54.67676120841323
14208,神奈川県,逗子市,地方の中心都市,6.784604471770554,55.66872803335974,34.78864524210006,41.25091496885354,57.32821287916686,58.83855937528598,42.93693954565188,55.135576970457336,48.329775689801856,55.34563277844605,45.052462212595216,67.92815546375826,69.41927384440288,51.0978175361463,77.44201745795506,69.76635384235266,53.23246763489342,44.50467690386559,67.65002009311951,56.53653428814563,63.126727799311034,67.35319028978986,60.425045887948784,53.574369329223934,44.47997841111393,50.50612435624848
14211,神奈川県,秦野市,地方の中心都市,6.418632204572942,51.06630969703222,42.37757025266153,41.6005409105006,52.495334229763415,51.43528406492381,46.64880336518897,46.41897516715875,44.49433049271403,48.544984784112756,48.341692822891545,56.03545117407606,59.11944360545972,48.76380862016325,68.82056441745604,68.85743794677423,60.41663107923039,55.71505057023604,52.58130405643515,49.32472781800013,43.41248887466504,50.01020168913133,46.35658161785812,45.59158407905909,48.823819367837075,49.404821722476285
14212,神奈川県,厚木市,都市部,6.419976939416734,53.8407851069391,50.174713226111784,44.82892795507945,47.50782144253899,50.07412671167448,50.23482250531574,63.52105482122016,52.81143533489328,56.545774307535744,54.3285334664926,54.780584698506644,50.28907178398729,52.00848281307222,59.69738522566671,56.89129919099316,59.00415144939698,63.16558313483177,56.65742381054907,55.81402737135818,51.434392953325414,45.881413066677716,50.750424911441556,52.61966204752705,56.622134863970494,56.53559547437207
14213,神奈川県,大和市,都市部,6.392970342441414,52.005968938783134,56.94562830536828,60.76416152667079,36.47191670901317,61.69820105403077,59.00440387750863,57.27748193304414,53.940194071903534,60.14249540704115,54.36276594393143,52.46195374310251,43.30450360672032,53.23835187583867,44.92924221145491,42.80662723855473,60.11642629564191,58.429307931856506,43.93031043823082,49.75119776459073,46.69157380191515,47.03568608301837,46.495838216092594,51.85616881244543,53.5698428523651,52.918974830455774
14214,神奈川県,伊勢原市,都市部,6.367955322967449,48.050216833467935,57.49263826885351,46.57213891280492,51.90691807963811,52.73004425502468,43.16151099720908,38.905349253018144,45.68549629898169,44.182185010144764,44.25578181227297,45.24670268094884,49.7853603259564,47.10394709023767,62.75627188741729,57.24519570086248,41.68569354662183,43.93065976344442,47.864845250537385,46.517845458547356,50.93859807253818,50.89650880700356,43.42224186094721,45.77973272615556,48.309461020798814,46.83007692326575
14215,神奈川県,海老名市,都市部,6.58643192470929,53.34684326499577,49.144297561282684,51.50735514362979,46.14621724154656,58.91400095445444,61.72137610525482,56.94918754130509,50.49937066483551,57.96523053493132,60.54395365553624,52.50055800701919,49.997689800163705,52.05258747315506,47.90890361721266,48.919981926095744,55.83985150812206,57.440086439433536,48.92574960428659,57.625806967910464,54.1398149502311,44.9391268771693,48.405356730123394,53.02940257895405,57.016812932537576,58.191519544707646
14216,神奈川県,座間市,都市部,6.666445516720762,48.21463029711051,45.63437397926018,51.653458932789306,46.872313464535765,57.375692985846385,53.257221958734355,45.302571311810205,49.072906411139,49.34921551137736,53.04066742733103,46.93449233660763,41.51870325240483,45.59424418287454,45.4205614222568,49.57272340954326,44.54041656608497,45.83173539814537,43.304651907907775,48.761979613361504,57.76791104961961,52.75315830807021,39.890480856911296,43.07213294421159,50.73923201795874,49.89028188187068
14218,神奈川県,綾瀬市,都市部,6.3881384245024,38.36732267960787,31.114616683738827,34.42628659122926,35.92011659553975,43.578393289914715,36.938179868327786,40.83087419721416,37.859083939605995,41.10816298111575,42.384997458239226,38.23077118723606,32.826471261868306,39.77625186840048,35.44066605707192,40.603696326812056,48.890817122215644,41.39666315397641,37.08818112326299,37.512630301513795,37.65908646857279,44.960647495242625,31.57278936132784,32.598239755351166,39.448991323724044,38.64912989908728
14321,神奈川県,寒川町,都市部,6.264801030490881,46.12636986825638,36.058459293985095,40.806260034181406,47.715953294868264,51.22572228603582,37.24149737783473,48.84152138157554,44.69105289360321,47.21233520613586,46.36148516190238,55.01576736792785,52.281188454949735,48.77244694845569,51.97085665128047,53.68038332748408,57.58360975411381,50.58656672700165,47.306778797148425,40.695175900858196,34.39067220564123,44.7508256689985,46.925205268744534,40.89369270610338,42.63770225494363,39.38771787437986
15100,新潟県,新潟市,都市部,6.409391676652453,46.1255038842956,48.9333319991789,47.610224646364884,51.89767406186385,46.058463916983676,45.35824920244461,44.03743342961642,48.857923357430664,44.9590303592466,45.14916156539861,49.109897253719005,44.663008620299635,46.07164712907043,44.80994575843075,49.02590226960181,43.25784730593448,45.06294939304256,48.72147214321872,47.795335990596165,42.38895753380326,43.68271629507827,45.52485210766607,44.867356285794656,44.5439739855813,44.62473861272918
15202,新潟県,長岡市,地方の中心都市,6.366736617189072,43.32271972768592,42.25951231569728,43.28278845803674,48.28812153890786,40.36960566861152,41.51680485627256,41.89757112145055,42.20097379263349,41.51455693028183,44.73172289003288,42.88529402667237,41.62130179311131,45.186219394383585,49.06822684837873,55.6170953974362,44.786629366517495,47.64858696541229,43.87666509019552,44.03098998961138,37.38073693045453,39.48295601816239,41.46817207860829,40.80876135602462,39.35829054894078,40.463690088628056
15204,新潟県,三条市,地方の中心都市,6.255785973423648,41.50918894287868,35.52810465448658,40.618190383271674,47.740670624484835,36.20530102854683,38.622917507270856,38.41851388496126,37.36505516577355,39.70891673092476,48.20953101289507,39.52688734587605,37.64122614290305,38.22009974608112,45.4159448510474,54.57511485590582,40.385944280685244,47.45512939379221,43.75793939945565,44.98268926226947,40.09793914837861,37.01361009258515,42.04628879244358,40.23538579185339,39.184690524957986,43.264444008238385
15205,新潟県,柏崎市,地方の中心都市,6.35144924268784,36.590458814397245,17.90009264171913,20.68129571904904,50.588932893552965,31.487465308789922,25.554536108145474,30.993516002563872,22.509309764495757,35.71776961159244,38.58402882143365,30.292987017333488,36.84746144430902,39.57462064667717,48.580261755194286,57.95754778268915,42.11830252649622,43.39890001078846,46.93393244540371,44.42341224281645,35.53317133631408,42.09577214437354,38.791693131090454,33.42359714956859,30.273226450291055,33.90917859084614
15206,新潟県,新発田市,地方の中心都市,6.443127566519421,42.42803271468743,42.908626457197684,40.693643277693596,54.47478811189784,36.13058025886177,36.53531723425759,40.05651871218938,43.56620403773595,44.306892791382026,38.28400455004546,43.98758075239233,43.498275097144884,38.98711743785737,49.03019326803854,60.59309461005955,44.48201937280385,42.900209857297256,50.11598174296349,41.44303918185841,35.633066351484885,42.61102726703838,42.33843625883655,37.949807395354874,33.89818090025528,33.8481802278516
15210,新潟県,十日町市,農山村の小都市,6.545753000428889,36.987027876607584,12.67860264869676,22.756971075823426,51.91017731157143,28.87125428081882,23.451300191890816,31.470836983171168,25.100629166768048,32.38515333887152,30.59653595785597,29.917622733897986,37.31355943966748,33.77319727850123,55.62972016449156,69.19462938446294,42.78337159621199,43.76994844048487,64.23107472728935,48.336234237936296,40.254178184105264,45.7911204756592,46.70674419926746,26.690643190767037,20.011337873199835,24.063826157171817
15212,新潟県,村上市,農山村の小都市,6.499089949863114,40.83853089858395,22.65286414319984,23.69758325531639,54.5552612400174,32.39755622986567,26.61146930025436,33.16252007984849,24.825482517581538,33.921618446828774,34.86936441568508,40.17004998937861,44.60141002164748,36.28498412323812,59.75162271769996,68.73944222179495,47.0820261097588,51.979088710138825,63.73456253809789,50.53133264778778,43.9049882234235,43.1487289563313,49.679691359013205,35.262650495171606,27.671433817441457,30.889010006493812
15213,新潟県,燕市,地方の中心都市,6.100409627858978,46.34703590500915,45.94913932705985,46.12257080941545,52.02280513920845,38.008246124974754,41.98479598156299,55.490812965138424,42.99059960264291,49.60760340676787,48.52597389189166,42.52139922678315,40.58690878484897,44.31353448056724,41.3808571926862,51.44024785809574,45.931186816903086,49.4161857941037,46.55238951044797,52.96435539794601,42.28427557269542,47.20424657446001,50.258391708794235,43.89742690727289,45.613844673977205,47.26106397197561
15218,新潟県,五泉市,農山村の小都市,6.121591122613627,39.4234013580453,32.043945478226945,31.442130665389335,52.02472088642477,33.300136017683606,29.69831164724818,36.0520566894079,31.39634488875264,39.51934833493797,35.457363663524156,37.61790435160668,42.17578317459471,40.08499576679928,55.37919620096495,64.44757188908095,46.47826364163693,45.00458507166103,44.03726073585588,44.20281689989506,34.77191865209636,38.450851084781426,35.321150900605794,34.720692678865944,30.3462207194951,32.1880625535518
15222,新潟県,上越市,地方の中心都市,6.467880782622593,45.04128144951224,38.49878641714023,39.58558025408399,53.245499507602354,35.89226835122464,36.21825745560838,44.12107759204233,36.19402264930331,37.56781142225921,38.4630635032201,44.7349450505201,44.19833358232424,44.85856895192037,53.070097810382315,61.43273329451888,50.356951489671516,50.12202527709673,61.10515507819167,54.769274963387126,40.70590895199205,47.468743625867546,47.809899561619396,40.7670995333565,39.932724050353166,39.87192641460777
15224,新潟県,佐渡市,農山村の小都市,6.24318541444665,34.78215183489209,8.627578392006093,18.565265727990774,47.880980492933595,29.40750396767263,26.07909311445401,29.87224699025885,13.943659524026486,30.832980069517294,34.53885778439988,30.438489133769508,42.76153919886214,25.68105634359745,62.23454674481279,64.31305310941295,36.905572459458334,33.38494701965008,52.613114089846306,45.75651474958824,35.70013500115347,27.871601534925862,56.706092504796516,30.132020417233655,22.76351098660965,27.761284680433786
15226,新潟県,南魚沼市,農山村の小都市,6.531431180030361,41.77842191542006,25.3372765735511,29.0990622909253,56.64797143809808,31.75905424476305,27.894265564677013,38.67201340880529,28.702700434835723,38.79289218657511,30.825050808133152,41.810489973260026,46.597630069119774,35.514149535610656,63.54488109924887,72.92306745397661,42.66344063247638,43.5913423819992,67.0424734573916,49.92577529832055,37.39543825891249,46.10386166479048,44.410059564402395,34.802034715036754,30.998997037661237,37.6281978775107
16201,富山県,富山市,地方の中心都市,6.275935590148003,45.8913786784456,45.82227280594533,42.882168234442524,52.1165900200079,42.869693928968765,38.71403194826388,44.01572946160432,45.316529054853625,44.725349610885544,39.92029605867058,43.04352285323569,52.9030262059056,45.90404588966059,59.33493799994446,57.42235163657481,49.991651372110155,41.28769882999525,47.87835228182445,47.55851189745703,40.494455048832556,42.18800671769524,44.552382469266256,42.4995190147764,45.25642182532825,44.69554311644525
16202,富山県,高岡市,地方の中心都市,6.1011122180752695,40.510361260664325,37.79145345678541,39.87264805266533,41.47247904286931,36.7154727211038,40.29848078695747,36.74642114730227,39.74840681874215,35.095988013986585,34.44562365256229,34.56632130129914,46.112016899591765,39.906308093529766,49.71171481932826,53.1299183565861,45.07991783235981,36.54480836308659,42.70621718605461,41.04269168226976,38.51414521253935,33.569103674551656,43.37956236624211,40.52333720170051,43.3776462368892,41.89798733694064
16205,富山県,氷見市,農山村の小都市,6.380394674391858,45.494637450232126,30.14712428993349,30.88955588503009,60.36281640596006,31.353541727799463,28.61591787627886,43.38077606834911,33.74933662371406,42.062456329345146,40.14577170860649,48.25881800960982,56.83576050396589,42.608826857452925,64.81502854393496,67.12666076518742,52.32009297209516,41.14243098050116,66.36418587178407,50.34597705966288,48.07506072195936,49.86774058601472,52.20347082297215,41.38964821417819,34.04805465549449,35.762245325741276
16208,富山県,砺波市,地方の中心都市,6.069358153533505,47.90377589512162,46.33732228706471,44.042909621072255,52.890917166482666,35.01235820935021,38.851383548883675,47.64691418182063,41.22988406746708,45.47136869815174,41.36736122914687,45.214228141737465,58.760005344770285,47.5993359894915,63.43505637997192,65.96757101398254,58.10840032316606,47.74350093784399,62.9559662822344,55.16731836485265,33.51156374422714,45.55403485992467,46.174809382592514,42.509541780686,41.09389087162807,43.044979056369925
16210,富山県,南砺市,農山村の小都市,5.739723934682308,41.24531442237968,30.955981072737124,19.19255983228143,49.131895356096514,30.527252606070633,25.475545699085874,41.040222996986515,26.611812950278075,41.15232532276981,39.752705661755854,35.09285533108152,43.083836358491574,41.06569883377409,58.70295275501098,64.85083930721459,55.2847522902408,46.869759229063966,61.56690877861919,49.32885797261118,30.815716877747207,39.735342722772685,50.02481352823254,36.23014480144421,37.680517573044966,35.71424827970113
16211,富山県,射水市,地方の中心都市,6.355032138395425,46.787624156597076,42.488078193947636,36.752532545769036,53.20220913417332,37.60843245465558,36.434481731401476,54.378364513168535,46.584469213494934,45.97697546478915,47.10035198407173,45.921923738143995,48.15646468857828,48.726912291007245,50.17008684333911,58.23453895089532,59.10177790302201,47.02549817359949,55.31375075327115,51.598237568187294,36.05607931896296,39.98029247141376,48.94604302808498,46.40983367966298,42.02089076498074,44.71475434970934
17201,石川県,金沢市,都市部,6.492829877392378,55.95447320592423,56.619215324425646,54.33422287997091,53.92935492069686,47.29482089079032,53.38944867808561,51.40929045034398,55.971349035975,52.67252204307487,53.71805431082616,57.95431049725508,66.0856332131842,53.83138025179632,61.18464815326963,57.507401732863364,59.88210511533684,54.94077280871709,56.71065925483276,54.98376468694524,50.08164570858457,48.73348830328326,66.94309621569055,62.4964854016343,56.57943756310175,55.65424950149736
17202,石川県,七尾市,農山村の小都市,6.335917942828699,36.11281348709207,30.76141648721033,27.698479091707032,46.95016414970279,32.28464348108888,29.054288714104647,29.633455620274805,22.758847404776354,30.56633149815672,33.687431434708095,27.84806193155434,36.08982560151753,25.652431360359337,46.13982831637177,56.19046009695349,30.942077877744172,23.952054378998742,54.87637761873731,46.287094961888215,49.36374150176371,40.38500816066839,52.4473452588203,34.342460771524124,28.416336157847805,30.379361813730938
17203,石川県,小松市,地方の中心都市,6.443989142563693,48.833260170616555,47.3019501287316,46.271213742375686,47.12085802218796,38.245093501791004,49.16381368315743,51.656817168184894,46.75686314484058,47.77967505973699,46.590613700406784,43.14558878507932,44.98070283771504,47.18118093542633,51.21972754531163,56.059498006394016,53.595799307557975,50.529840123913075,54.773031558848864,53.49700574994741,48.0700154182472,46.134059831952946,54.291215986579886,48.531547402475596,50.038775307040645,49.06335714689456
17206,石川県,加賀市,地方の中心都市,6.385128041795434,42.076860642841545,33.16176076766376,27.99900466126964,49.80024238108625,34.004473147168596,31.601888213796105,42.95636821774938,31.72435737702719,37.78066491299149,55.75668701520452,37.55695250511143,42.69697465053244,40.74704935955829,52.36242510572696,60.075017556438596,49.252193511101666,45.87492181547772,49.42315598537705,43.62136675572065,41.07102267015044,44.81371332914784,46.163293055323834,37.81910560075744,34.80380148995845,38.77821534385746
17210,石川県,白山市,地方の中心都市,6.546366368516711,48.99290519956002,46.91384529403854,41.257794307186515,53.237175305002985,39.65010544274205,39.89222452020653,53.71125373977275,44.82436626353744,45.58207625944006,45.202934690655525,47.85068406293268,51.281772134994206,44.68892912666658,57.4367399206091,61.858498806880576,56.168465640794516,46.79160987445989,60.9511118595876,55.331085238947864,36.83180964767442,50.812122288130155,53.01856348110635,48.14839088795862,46.838042706095194,47.550123290020494
17211,石川県,能美市,地方の中心都市,6.436748026759926,50.32903603831343,51.411555537609374,32.88272348204899,55.14882921196856,35.5003370569997,33.88790109096486,66.47695142662744,40.72631401199877,49.52622053639699,50.56612490567482,47.367183510478235,41.84079295779194,50.616689443906516,51.52851889090203,61.46787902331393,69.08045093430057,60.57002426978247,58.954064795503974,52.90226803854909,42.8485471701248,46.128825150783435,56.41585235661707,54.218389578427065,49.47485233272976,48.35556920602205
17212,石川県,野々市市,都市部,6.342265709850602,56.85606069179369,58.41934130223984,69.3692027826429,54.37712454264859,48.23684579985104,61.445478369421615,63.811500371459694,61.45015005482631,66.44570536860282,61.383850487781544,57.8828306344917,47.45479609158532,59.04101220294329,38.743117687830306,46.31947293105225,60.377914807016616,58.14303028468973,52.266020575605175,58.144307340723735,48.30695883563532,47.76405689286654,56.5439915262076,66.87981364535732,60.226718749285496,61.51221531828379
18201,福井県,福井市,地方の中心都市,6.5247619044153184,50.60196877257706,55.6913605338112,48.59032627061672,54.44496358672022,38.95107933096149,39.87957877255183,58.374044499445375,58.31612056930694,47.37569383714679,43.96200146802781,50.04534785064198,43.179973814569244,49.407785368705895,51.01115598063633,57.10086510593183,50.86257728785936,51.565296785216844,60.08415955167972,53.66910502553831,53.72343861075252,48.413826122875875,47.95607393870314,50.95331428176896,52.04362076965571,48.84554117872547
18202,福井県,敦賀市,地方の中心都市,6.473497902864832,45.11049751317378,38.828550263618574,41.82722337567236,52.90108163801289,37.311642783016836,35.60606771796068,48.39904776537379,37.98659628658595,40.31077336892919,41.020758845176736,43.10672025527296,44.23281377270611,45.27766387024214,53.005317030187875,58.580810120887826,48.44168495636598,49.91342113482182,47.70089824642129,50.67765039450663,45.404772628607084,47.272432462677756,46.19431408469074,40.7799298349412,43.091667265371086,44.78010221412337
18207,福井県,鯖江市,地方の中心都市,6.675942754331103,49.18690441922283,46.66120605607567,47.71997122434395,56.47302550357332,36.86632647298569,39.569436713862245,56.068423583541104,49.74012423127397,48.01670804226209,49.42798018378428,44.748060304851585,43.565145191822154,48.83428797344829,51.188531335196494,59.311581193137,65.33674956584787,54.09288647902368,50.81319904794196,47.336559881127435,44.87356796788214,47.459062968805966,47.871533656744795,47.887272975031166,49.71430672354075,46.9097587852444
18209,福井県,越前市,地方の中心都市,6.768826497046974,50.11924394875203,42.83557126223257,42.17665451699189,56.53273821760581,33.778886340128295,35.44885829954172,56.2118974123468,52.121609727858356,47.974931484722546,44.006999037496136,48.026626789410926,41.31312138801667,45.68316867089214,53.50512730731637,61.48346583047911,58.11718660112351,52.081227963583174,62.14970749635338,53.39631304786199,56.28915996029747,53.18633500936372,54.82633818502641,50.50317134076836,51.30459331733857,49.90816556329289
18210,福井県,坂井市,地方の中心都市,6.573416354640036,47.015719254382816,44.60084229196583,33.66890866930652,49.36083791066449,35.026874517848896,37.893352246288146,57.9091465943123,49.778761625832296,48.54387931769848,47.02659612894401,43.08327892617299,43.43080796077381,40.11225552560513,54.46977761597984,60.98033557897412,54.06563838211963,49.812080207191016,61.382317339964814,47.67340113424627,47.11106818429399,38.43831392787898,49.36868220109036,46.55106585600559,44.20784333362404,43.881196628406244
19201,山梨県,甲府市,地方の中心都市,6.326997119181533,48.4639986654177,49.93893303571352,45.36496367284454,49.7130747889488,38.943755155185954,42.67449618348354,43.7532690196928,47.23124810399362,44.15607355651557,47.38545012579756,45.45016887987386,49.29689015039164,45.61844653660224,53.893897412720214,55.43293063374565,56.81804664570456,50.79203625994813,54.15772411989489,50.43298172385163,46.631437552166915,49.37767744986074,52.60792388461893,48.398775454121186,47.04301725900426,48.02275036534423
19202,山梨県,富士吉田市,地方の中心都市,6.370934437909728,44.51865955293827,31.37227145014793,41.9373523749679,47.430203133640894,32.03162377174209,40.60017731738699,38.72047225105452,37.48309886506796,42.521825524714124,38.83693220969088,26.556738010392344,63.834480942704346,36.82202388494958,76.13109339444301,70.44140032730041,47.16560057902093,50.216562279821524,53.82475003239428,44.269941039657795,46.26302612365113,43.965733481331576,48.336208742282345,39.834063585936136,33.660325284500246,36.19192466371971
19208,山梨県,南アルプス市,農山村の小都市,6.227133082022786,48.52143131398512,38.86858381335988,39.363801813649225,52.838728030317554,30.366382492767844,35.908746879080425,58.38189355506523,46.42694009364317,46.676992789737405,44.83079690538601,46.771937685193976,48.81374237340369,44.05503319751087,60.34793539960477,66.6725735503802,62.60730172639065,54.08160771543254,56.22707863315844,46.51734000553241,51.80021810661796,49.07884701779486,49.506811253982804,46.770322202308705,41.83130053029896,45.769435765025364
19209,山梨県,北杜市,農山村の小都市,6.7157470279057945,41.86240695486853,15.763507087571902,17.041561977847483,64.11527671589414,27.606312342380953,31.08106168111441,44.90790330870331,6.790117082333616,29.848912952693095,29.0632697429122,42.2559945214161,52.90452632676104,27.413894204702245,76.29320025596107,75.63299639903019,51.844681331022834,40.66622412969252,55.491135816198764,49.8195526099909,53.73781978887449,56.40865391348568,50.375549848787806,37.18027861742432,30.975718944428568,37.47961731761731
19210,山梨県,甲斐市,地方の中心都市,6.552324109913841,49.31360571592973,48.589041302782896,52.98851391461006,52.420775946238,38.454947819827225,45.60173891624749,49.25772683557967,46.094602728692806,48.47959607178665,49.68806587071954,46.84174857910881,48.16917928188325,44.899485553127874,53.92763611806642,57.5353883898354,69.3254790351158,55.13875037860681,53.889927167582364,47.78201798797595,49.135306600496364,44.3699299472464,48.610565091745485,44.06235370606338,43.79482793147565,44.46893200749947
19211,山梨県,笛吹市,農山村の小都市,6.255731737248159,38.988374105876595,36.593083204495684,34.835481485014,46.36594984556806,31.496345048020533,34.81921754998699,38.46447034834845,35.688183579760235,35.406695564019465,37.17783877575923,31.41849422140743,40.78779257077653,34.698641605072275,51.19495577767028,57.015630980154405,46.48107724433969,41.312738048828635,45.41629731195515,35.112071577509745,36.72883327610073,44.88662973605914,41.17581074647562,35.253731438250334,31.335064570906695,32.05594403455907
20201,長野県,長野市,地方の中心都市,6.476706330015415,47.897128246713834,47.624882867191275,47.33492333108172,53.87288739903095,43.33221928147198,45.64382031334869,44.310674937400364,46.12632925468081,44.86659690568814,42.848856599556285,44.3115211567741,49.99968732734859,44.52468820549505,55.40115221685285,58.247292877770064,52.73032835022484,52.67593397001708,48.03020837031899,45.91833612882294,45.413466881108725,44.976577135817365,49.925185867549956,47.57876202906086,47.32772369297299,46.50902282154759
20202,長野県,松本市,地方の中心都市,6.382332460696923,53.80456246456387,56.24142881384785,47.284681393977735,57.996675218087816,39.56286643947979,44.445765009407666,53.32995161710852,51.11221405563877,45.02983525654026,46.52700470058386,53.04454126124718,66.92439419983523,44.43098496133136,71.07855581347513,68.66387005419416,62.16687964397785,55.916927519911965,57.04294361800447,53.444100478626176,49.22623407020885,46.875714300249385,66.29301478098387,55.07664908676229,49.80047341022029,49.79379344583271
20203,長野県,上田市,地方の中心都市,6.296562009014446,43.656499599719126,32.85421332091984,40.92975896275499,51.93032667145414,37.01105272254148,39.21693678241316,37.69569338632046,37.85774972965202,35.32864623252101,39.27290885076718,39.04008232362693,49.10461497977322,40.14935656982808,56.76827989604064,61.69116655732084,58.383582798135706,45.99111635782821,48.23238936344302,47.739200205854104,37.89671894532802,35.32634181148253,50.62356843289594,43.10500519082135,39.85465744868787,41.75262285284836
20204,長野県,岡谷市,地方の中心都市,6.489224009360461,51.6854145782864,46.52667148998902,41.208091128717356,51.9576009498871,39.19222666654291,45.35372892522962,42.667894681014005,51.54050211233056,46.298841082577795,44.69885244132081,46.38313927860003,54.97386949899949,48.766721940876245,60.35535155502346,66.74604245232177,67.11388681937697,56.22674688597574,60.253823089357915,59.29104208184263,53.22615724159964,56.67518679121093,55.089441616656835,49.661087901268374,48.58849097114593,47.65455227700867
20205,長野県,飯田市,農山村の小都市,6.2645133752951105,43.19278229832082,39.845323793986566,40.37280295992099,46.95008360123801,31.434358659892403,31.90429766914796,38.73849563823902,33.51171345017768,40.122318077830094,37.09111883544418,38.87998237536366,43.72531593030958,37.02013293104031,57.59239967081693,64.91225269353839,64.4024537549092,47.83128116022904,53.86741928310706,48.54596942801115,35.07672747301903,37.360508263550884,54.9112448125643,37.12732191349242,36.95539114228192,38.44786164158894
20206,長野県,諏訪市,地方の中心都市,6.4164960446978245,48.422848831349114,45.82278367720548,50.433836573770066,53.6801458314722,38.10883753165708,42.3793147098781,36.60327208411763,36.434883654804594,39.79789561920528,41.24923169222276,45.81740948764736,59.576547357297144,44.378816999870715,70.10513746630033,66.20097100275412,63.69976886482678,50.423132986159075,55.740734570210954,45.67356312718789,42.391646752940346,33.058439347005276,54.97445375970595,48.69455963686626,49.84877145180045,47.05421776747306
20207,長野県,須坂市,農山村の小都市,6.142137344521216,43.25626070436595,42.47253283080435,38.11038046668244,57.937909308037355,35.52138022668897,34.606889907908865,45.57109721373253,41.6184411394199,38.534482293543604,37.86882637880054,43.17474385391123,43.845143819057,41.606024960693794,55.48294686234931,61.96427980231188,50.74784627715673,48.44477003499054,51.20931860945182,44.92122962975298,36.899322781508666,31.70609168742234,44.97195355884567,36.746793913811324,35.738685939743306,38.44916540815776
20209,長野県,伊那市,農山村の小都市,6.319751358968393,44.96802004185285,33.77258012847582,33.46403747019952,54.47449244148308,31.345730049244366,34.255508175023465,45.31614696831106,34.88878386840657,40.058731399100424,41.03071378759711,36.688079121756324,48.99547682020032,35.8594215807491,62.26305170200488,68.08178693481167,63.55613830815212,47.91532671478414,54.53212269772986,49.46528917311523,45.22412607657097,50.08087988954053,47.44729266116803,38.41646421124685,39.19916487278892,42.901135952008175
20214,長野県,茅野市,地方の中心都市,6.312753184020879,48.72644029995477,41.9306163936362,32.7712406581447,55.43474618778865,33.7185777147236,36.495653749326095,46.85051283160245,34.905752588958514,42.899624564668656,40.14632858778907,45.895067950418756,60.49422515497335,39.20895477191354,74.25350010317415,72.23665190542906,66.98754352760119,57.44575931826249,54.97041985979595,49.56702979302025,44.92026761398367,46.94678127510615,52.35173375872852,44.28192242196199,45.43279646456473,49.28886000334282
20215,長野県,塩尻市,地方の中心都市,6.273470605304961,48.30381770718164,38.113460674642695,39.35872114226429,47.06323523668147,41.171597314435424,40.544853699504344,49.1762399650037,42.05564389864911,47.451908909921116,58.0222393066099,39.40489020693009,51.66802376555823,45.256463795548235,57.941663666551314,62.69529182813351,66.46866116912166,57.35745737311529,53.03996891476534,48.97057140837318,42.993772453137154,41.56403719307784,48.23165947755499,45.34808525037417,46.24827912247926,49.14489919992729
20217,長野県,佐久市,地方の中心都市,6.3747534030687625,49.88758405734064,60.536728796320766,46.269971670197016,57.301127366281236,36.395447816934116,41.906984493390226,49.27346898000143,43.04812890625745,44.8838705491785,46.49286598694804,47.086734837498824,54.19189114013087,45.214390960007606,63.219800273615796,65.74539735005925,58.626375474695166,52.21816977549234,56.90973550290303,50.90565524443808,49.67267550329992,40.923059469799774,46.614551722901425,47.258848692596445,44.13718041362631,48.46895644960181
20218,長野県,千曲市,地方の中心都市,6.467252767538788,48.27885633417537,42.33600782842889,39.96669787630436,54.42284671479556,38.01761578926974,33.35864071609797,47.487930668493014,41.6507787063202,42.4633007121966,42.34617380180376,47.04923891409995,58.46457696091454,44.424940183582635,65.03357010730376,65.2143468773418,64.28216783828405,45.56469815001593,60.96250657068283,52.10824768411646,45.97940446391807,46.0146926949493,51.58783628965259,43.98855869475088,42.914726669496474,43.053047107389645
20220,長野県,安曇野市,地方の中心都市,6.3450556117735655,52.602952554439895,48.69240190772387,44.06911719875325,58.87217486413131,35.29587670635618,38.41719086863465,49.35541820748757,42.170556460303224,44.04618536368473,45.39172116114258,56.97880522541803,70.4657048933416,41.33949531448619,81.06217150059118,76.68220261563502,62.386213506772364,53.771737183638756,58.16391219568329,51.40203679445684,50.7805898985359,50.52785090653423,60.35902532707007,50.57654636585734,45.470517289626336,46.19340955069319
21201,岐阜県,岐阜市,都市部,6.418261168267833,49.48227753444845,54.1718851810891,52.10555981048729,51.739773635695514,48.37401877535032,49.96571515554637,46.73409305122263,50.870602009506115,48.04974492153884,48.333821669081985,47.70970844695152,49.251257794526225,47.48902614064428,49.50466594081616,54.21042854862408,49.56679237911054,48.36131972227234,50.356858752694485,50.77945913523899,49.20311060783245,46.32692125120971,47.20809688738396,46.71481837729533,49.74069654413007,50.806286088514625
21202,岐阜県,大垣市,地方の中心都市,6.506868677129281,51.04914152616976,54.217906635132984,54.171079707439155,54.82075992750341,46.46089361913478,52.732375330590024,55.267831566574735,52.69333774920588,52.834050278367364,55.62095397024776,48.87108891028325,47.243431977565095,47.628550765443926,43.41061922002043,53.02643791647309,53.89983186556083,49.26040988256102,52.30290200238528,53.07609774119253,49.133412808295056,47.67209630464563,48.12948589067744,50.31260018776701,53.3079503560474,49.085292014960494
21203,岐阜県,高山市,農山村の小都市,6.6262220236274665,46.57122237266158,26.350794960322435,36.97493204403317,55.377541789888184,32.25791790677701,31.55870414041273,44.673228591548806,32.83124779834616,39.78804718938438,37.46338952405952,42.97514346514231,66.82555929927335,43.98324888777363,73.07017999312671,72.37394983814129,54.56056930149432,49.156950256331946,64.40239720015728,46.175272930790584,48.41747770601517,52.088587848795314,63.17592165247511,35.9296155970952,31.88352866195925,35.41513036053426
21204,岐阜県,多治見市,地方の中心都市,6.330737952574335,42.51986276134228,44.11939868279117,33.132361409264604,50.06673915211765,38.98392836003123,39.957195542822355,38.43389988265466,40.666516679934794,42.42225998335618,37.17950291672467,37.777853181695114,42.04780279032065,44.99982106957237,44.95904945472206,52.34581002618355,47.064892733902475,42.61239707947489,45.77969666814357,46.69946771431692,45.40596826653356,49.15736886124964,42.42972753634433,37.94084639820919,37.389911061903675,38.9042908199456
21205,岐阜県,関市,地方の中心都市,6.306247555520182,45.184935158883164,40.77107184707533,40.862940655021156,55.482009639357074,34.1761077379161,41.74783147505179,47.346167093302704,35.74362587493879,45.57352295755046,44.4956734435373,44.441106260908576,38.48862295072433,41.508282341347204,51.61060071559336,62.10691076196164,48.25263539445963,45.89209484706855,55.40289076480581,50.33662109241274,44.078677041582694,43.82818602953007,44.9113024766286,41.946024038984255,42.162009732361945,43.273528641075984
21206,岐阜県,中津川市,農山村の小都市,6.21313982616168,35.688503326025305,19.787543959651163,16.858570941123194,45.57795740938098,31.213301044074626,23.872338784197513,32.24575228843672,20.91580591333813,30.35195239209031,24.065414959605086,30.28863289370433,42.08721994977494,30.377177540674182,55.60796003700291,64.769105244498,42.06581361733424,40.75731754114287,53.94684280162459,46.84160518569881,35.932757355289645,33.834194680513235,45.50832898735587,30.714475249821838,28.687457334509258,30.216553713765066
21209,岐阜県,羽島市,都市部,6.260661933456762,33.44273354590769,30.277500592411194,36.51698175674817,48.074117501084544,39.78996935916373,32.21376065526954,32.59150483583532,33.723603674324,35.25240836969081,33.84664307964428,30.128469319604136,25.883882018439444,32.37175676052121,23.617240767599085,41.29394897559463,30.71461913134246,28.67820491636507,34.493701522919,36.55451947299634,34.76583062665429,33.62626096464112,28.243184046745807,30.186222896940134,36.30275045125807,33.47852340599244
21210,岐阜県,恵那市,農山村の小都市,6.364830976510496,40.44294082387708,27.106104863047026,26.43032305306469,53.359264013820415,33.79615291838283,29.51150984250433,41.49749688958312,24.11754812801967,39.47697978730353,39.22639712910758,36.736556212579295,43.989376661157394,33.87668234248777,58.91023868185915,65.06721729878268,49.85872694481071,36.92300013304041,58.15176246356146,42.658967809494705,46.373878486256295,41.23461128372961,41.66684262710991,35.47506926188745,31.876442027905508,33.309430913554614
21211,岐阜県,美濃加茂市,地方の中心都市,6.260777917101295,43.33414643139647,51.06142599928028,47.054981296898475,50.9624070365792,38.63671695045894,37.931182562360625,43.033912674436635,37.14652411253384,43.17075680165669,43.568308504487156,42.173939584746265,35.77517910710142,40.33820445046941,43.195025579174455,54.41179558086845,47.747570617528915,44.754293680119424,44.76603562388765,40.93467622464925,40.913713565221336,44.33339509634196,42.44891473398253,40.799148501552175,42.320925246457534,42.540480822722714
21212,岐阜県,土岐市,地方の中心都市,6.200440459450149,40.99336414646075,31.242935463298927,26.741035176570282,52.11841378598446,36.01682802852061,41.41326429213001,38.61438031237781,31.467824488254337,36.80979827518004,37.335270864512786,38.517660786401805,35.18366971847003,38.02307479062422,42.11840684291558,56.180275774824466,42.50512892671218,37.8370989769684,50.27070072110521,47.925129186510944,51.78317826579852,52.939982034647656,42.918840862521634,39.886053061755064,37.01983506126964,38.971953817703415
21213,岐阜県,各務原市,都市部,6.358406230176657,51.46281306250911,50.31246440163429,51.29740460579475,45.269347005791104,48.59486705505138,53.62699085689007,50.943676332201115,44.106631527117955,49.37319762439497,51.14032162174423,51.406789260773905,51.1939202656308,47.911825927313586,52.030969014660066,53.64345617333994,54.5586710060952,53.44563523314218,54.15125992948574,55.17158754733536,50.74974690835358,51.62851390035011,46.39807179273568,57.47952572752182,55.89259254954781,54.780047233313226
21214,岐阜県,可児市,地方の中心都市,6.45221007122505,47.82141787396728,44.472038577781504,47.48700660523461,52.61304761818884,42.41722583818386,46.49165103299531,46.26230538167719,39.446031843939615,45.37051313170704,43.26119574290251,47.258525633699186,42.33349212801094,46.61819083734967,47.327905918004184,55.767118394364665,58.22963527701873,51.536477637079344,58.123252713241214,52.46346493537928,39.706109286125134,47.54438331348968,43.12167940085072,46.44928223857378,51.65229563357604,51.76119985584184
21216,岐阜県,瑞穂市,都市部,6.653820672386872,42.4375825512507,36.51080190305126,45.63719192452893,49.76150747116678,43.66171965193324,40.64576387669531,47.39251719076165,36.03644123932085,44.976551166509445,40.03577866810759,42.559528120873836,31.529995737660304,39.119335145792334,32.38506026196123,46.8947113642192,50.65227189538031,44.608261543160346,37.6061467446515,42.67197941896837,51.29370972343369,49.086193383649174,35.24657553478536,41.548438645561305,43.67778010876326,44.96372050908176
22100,静岡県,静岡市,地方の中心都市,6.307433002768414,47.59141123726275,46.23262155906832,46.56173992781558,47.0075951437885,49.437421528298934,46.394444179482825,42.542522316399655,46.96328170199393,43.706749619984706,43.53439136106482,48.797046834704716,52.53098806437559,48.5374178143861,54.244439241342405,51.559922078363385,40.9925546016942,54.888636112261246,53.59442421444708,48.20708223932601,44.217042539403295,45.85011396409004,47.20503687370508,47.213701134886485,46.5837240029824,45.39097264044074
22130,静岡県,浜松市,地方の中心都市,6.371222711916034,49.057549198705516,54.2454622379241,48.994970989437704,48.974831027248754,44.94685555685382,50.26270716471508,46.55220180786158,48.65679736513232,47.01422867362998,50.17917792718771,45.901092996490505,46.462307591894735,46.52303868769765,47.48665417916662,48.72875212898805,47.827331400423716,53.180909643895355,53.24934139439845,51.80117957997528,45.73322964823457,46.01157394725614,49.28260712940674,49.02252343342015,53.24849217623125,53.09491408146233
22203,静岡県,沼津市,地方の中心都市,6.279270089689741,44.50746625991206,36.56304061304406,46.06130635872847,47.83958520590205,44.30106449358128,50.16888752937433,36.6695248310683,44.95151273457691,39.36829415965602,41.43272541512372,42.944975996810264,52.4880081116781,41.35154965826864,55.10543676486586,55.90831193703289,52.49463013933715,46.908059483678855,46.87811998826613,41.29183285756877,40.93046041941223,42.06092750473958,40.365778334854,39.032486292121455,42.13144866320758,40.93122274499292
22206,静岡県,三島市,地方の中心都市,6.280128680610973,52.95346802364121,39.29517361840547,44.036676885515746,52.038046637504905,45.901743490166645,48.30973829121297,50.98105046952199,48.818631812875466,50.24879242434844,46.90648924446299,55.509649975687054,65.8234441791536,48.046569033373125,68.9176575616041,66.67696425073316,58.22521147401933,60.48242437128851,59.96674990017884,55.33379027540871,46.78326913364367,44.819692243447925,56.806098464394154,52.62251523937665,51.68977776486134,52.643075826204424
22207,静岡県,富士宮市,地方の中心都市,6.560954120729844,47.36274495850941,34.67550651404227,40.025774785825135,58.292960979303,34.98704225723984,39.39087567045844,40.208841387986276,37.26235067883868,41.12360711057129,36.77761664074283,44.06647546529035,67.46150716278856,41.184700112071866,76.12424348493332,69.07661664590047,56.80293582101513,58.59747763204944,58.35852604038594,47.73128730010553,45.277923657066104,43.34615238043015,48.41743124053532,39.333955186028334,39.9654706499563,38.21660020066131
22208,静岡県,伊東市,地方の中心都市,6.41314202297956,36.73025800954575,21.708460247239316,23.95537904707828,53.23416387773639,35.104533480561685,35.494895165932476,29.289681771111848,6.199884782882535,24.695990653027277,21.315858172564436,40.7584203756375,55.81539337093154,36.08464415270355,69.77995734708571,69.78967716866119,33.892087687083084,37.53904720578212,39.439083005979924,37.92044315844328,50.83813460516442,44.25955516753718,43.51691297079148,24.107384160451005,21.57184519400454,25.21475946070744
22209,静岡県,島田市,地方の中心都市,6.335661712080168,45.01919617994579,37.931475977432186,35.321258899839314,48.71709421325925,40.86166054909221,33.552718028808975,43.8298209958923,40.96812436443128,43.28833785589541,43.806560971916014,42.59266704868499,46.15425375471964,42.76569034843156,50.775623027018554,57.077564151392316,48.02096350167238,47.32140875269016,56.655411143082794,49.859061318991316,52.784878014512074,54.11683078909657,44.54815964906773,38.1142504866699,40.76582784529894,40.63106663080315
22210,静岡県,富士市,都市部,6.414152820646731,45.51184779070779,38.37626624995568,40.342218472343404,50.34622129033429,36.46571061588203,41.138244414571716,40.21276244368497,42.036992631184084,40.092345481305834,43.093680497791226,42.043532634988885,57.37398111209594,41.92903843496971,66.34146858373663,53.90559401310018,52.757777547222155,54.66746999342868,46.39404391631134,45.03583432974383,41.09068933490936,46.926045749965205,42.39993581160563,37.84697653057505,45.73478497737323,45.73273190990807
22211,静岡県,磐田市,都市部,6.4447460774654495,47.35697701236085,44.865839044948736,40.819368343237585,49.102727296051434,38.78444743459211,41.38663657643172,49.36216368482384,42.38001181163387,50.02089775032345,48.45869767524557,45.123152277886845,41.01470223007488,45.28049143741907,45.2525702998937,51.3559329530726,53.38793505379036,56.24444349948739,58.44824914260221,52.775211402005965,44.44900167273659,41.932639976991936,47.20913370552175,48.43836707467249,50.52286229416195,49.951965659054565
22212,静岡県,焼津市,都市部,6.12823469363928,46.09725758288926,41.585599311912745,45.396169426953286,47.89342993949745,42.381995362171594,41.89505331575263,53.0291157391586,46.12825771250833,45.444466429200666,48.807688984040986,47.09705692972239,45.428194608963295,46.138399431130345,46.935188524203916,49.87823743059064,51.999712631766215,62.92689212731845,53.617700129639715,45.824423645532434,33.66243874467439,39.841270821477615,44.47398331048121,41.69410731364948,42.36091481010277,41.89388530889325
22213,静岡県,掛川市,地方の中心都市,6.3249454756583585,43.64406650668755,32.09843153016007,37.045333789289614,49.96099166492502,37.21143791705297,33.03446094303141,40.35062939956288,35.23413535807915,38.2648041782426,37.49197667622045,40.93781626523537,44.5809794589524,40.67359461953458,48.5405671974073,55.97037671314393,61.63309505362568,60.09436544624921,57.25744728512752,47.13310131282451,38.388624930038226,40.697051108363176,43.54624650159661,40.856792352840905,43.57431530189671,42.88102115710113
22214,静岡県,藤枝市,地方の中心都市,6.399126766933806,51.46135258750948,47.265067919622524,47.49643780291306,54.71722145953966,43.14603999745121,45.11822117961274,49.65146652122312,49.91091777751364,48.02525201740512,49.147619609901014,54.01728159560434,48.55327618319294,51.764829493099654,53.13554087370379,55.83656740996949,62.39377211547029,61.78470466893711,58.53594587375437,56.77847894595596,52.21826669083921,46.07334653283153,47.99531382576225,50.77861619218385,49.61306828958679,51.115209124154035
22215,静岡県,御殿場市,地方の中心都市,6.062262560644581,47.005795892826576,32.351730114572725,46.777219346599495,45.923274614330296,39.340402329263306,44.98222953039129,42.9921701461803,36.905792718852666,42.032372956762686,43.45073167518153,38.65614844563487,63.881059586414985,46.49830669872753,73.66236536748102,67.2446098922047,55.67463963118789,60.4293829620945,55.29258497149141,52.33249581540717,35.914641409517486,35.08939895347078,40.95628503742704,37.97226312604722,44.264461271454614,45.51453482714252
22216,静岡県,袋井市,都市部,6.191273599210227,45.06857709485184,38.10015238601941,38.88313627281987,46.86484944142528,38.63626724873926,35.809326442126995,47.59818800769369,39.96937187609195,42.63080439125387,43.1204861181173,45.17396322204028,39.926811716142204,44.04158663926327,45.116810428353546,54.438349292497676,54.30725422920666,56.806377965268815,56.55451524625207,47.81986594722087,39.7300186765664,42.08670310889278,44.67829201073954,46.38003331525497,46.65070671170811,46.321979582749535
22220,静岡県,裾野市,地方の中心都市,6.6205393055173065,40.296491506705436,25.988503534423675,20.782007694241162,50.37474892156942,32.7400848619588,27.07259994375585,36.760493258080835,25.432154743475326,33.99835865010992,35.2497579822403,39.86449540129688,46.500792713631824,37.42439169826319,59.34448250208383,64.49259206187332,44.20310823769746,45.374934961762904,56.302201639702375,47.127659899414674,45.909094848699446,41.94489488565241,42.15139621915645,35.150801616475675,36.09892398951411,36.82731589585076
22221,静岡県,湖西市,地方の中心都市,6.282025125926719,45.06665179145665,28.485951124740353,33.649063052504886,48.55835506438372,39.2831784457554,34.43030047383031,44.053118707033725,39.16721640447615,43.23639187450466,46.36358381698218,44.284198227748035,45.79878811073148,41.835302105081645,50.026154582463064,55.64608666193032,52.76730259143257,53.76036616120153,58.68366856074953,43.268268219897934,43.524953592214665,51.97595832584704,45.350804006316714,39.72155466025578,50.5501851753278,47.178893049550304
22224,静岡県,菊川市,地方の中心都市,6.339820410530956,43.12783414918127,30.953056435692176,31.801306870763874,45.83152067125862,37.64129304076588,30.711704858393663,44.91529170138449,32.02577944788967,42.46357178811088,39.26295173955282,38.2994694860791,35.62745612083853,38.34834963155159,42.06885413959261,54.43809198856481,60.417012077528604,52.54760920509219,63.20372560625199,53.61206109965349,45.91336272309147,38.404316464467264,45.92478459990368,41.62900210346836,43.394535506555286,45.632912273899606
22225,静岡県,伊豆の国市,地方の中心都市,6.405622621102707,46.67794295248206,49.65692277142074,38.9524258682139,56.19513342819428,44.74234337197609,38.51897179891698,45.17230699863123,42.71721269989648,40.00405657625438,38.01680117336995,53.40925686276182,54.08921015697763,42.392250327855564,61.17139176369374,66.50275121078839,57.2073124077455,52.13875941176876,49.85971353139505,38.08698912486806,42.412785046406064,50.151940713448745,50.667709256257254,39.13398251546766,35.82177561162921,33.24862823163222
23100,愛知県,名古屋市,都市部,6.427777155447779,53.22986162054294,61.10328726097006,58.815857120138105,47.22130132954967,61.036685295564055,58.229597737790606,55.21604418478146,58.01316044886175,57.71252125198066,52.509466166042586,53.935023543207734,49.53562487048201,59.090478034608964,40.60708035302057,38.10874746778421,48.33277349318083,54.586080603914404,46.24910015479722,50.76476961126579,52.15032282065981,52.51771530343293,48.00034764952867,54.6799923210183,61.194080600686426,57.90662126976393
23201,愛知県,豊橋市,都市部,6.2278443876176155,47.8880313477975,48.563095393156566,50.57462484060319,50.87471203076433,47.064506018699156,49.35636979490715,50.853429255737545,51.79487817400076,46.19578925074161,43.69333748598346,47.06184318209137,39.35400735772696,47.42802854828674,42.872371127206335,48.863431654884046,51.97191832983033,47.54618078239605,47.185260011511154,47.14945272816592,44.771018361834045,48.822321473277874,44.943484742490575,46.623040787725635,54.90485744784586,50.84479356727361
23202,愛知県,岡崎市,都市部,6.566554327250753,51.14655771564651,52.191044486626694,50.62725488022063,50.11425079433956,47.36807559155397,52.46095502045256,48.67535465836878,52.717673304083185,50.144851699599386,48.54196795215577,51.41526558893922,50.67083220488764,51.8214583793503,49.42437714205542,48.783974070997566,51.299490521761804,51.507272977710656,53.84165643665365,50.81727374867047,49.97988786323097,51.85335624643524,50.664347121988364,50.114609951835476,57.625070756728526,54.857083776870475
23203,愛知県,一宮市,都市部,6.262826749848197,45.45883534536829,54.45060442642841,51.297758644955955,48.74514715321496,50.23085021617195,50.84211517308082,45.38189575573864,50.25917957759739,47.91288098718729,51.189303513898444,43.29521105927903,36.841602576033225,46.582421751006976,32.18212187572843,40.21880912374093,46.00531469160064,42.55320260624977,39.35860042438383,45.037405878750555,43.26596815823616,39.383751047662535,40.45629857605388,45.73985406855211,51.02890090581288,48.75285009747444
23204,愛知県,瀬戸市,地方の中心都市,6.195278893513881,39.33781714351775,46.148058994070205,34.51838042748895,51.40319395524587,44.337173522277475,35.15132521620776,35.55726411014041,35.707570306158985,33.829345127465466,32.03721053141868,42.172206362483394,33.8219980685957,38.34367515073258,37.78053393033002,46.93164768344699,36.98991514211401,33.6064750268301,41.07654568456391,38.05510959102172,45.962001444350314,45.16285565681111,41.59894453024783,38.19530531927964,38.14667374268672,37.57420192045848
23205,愛知県,半田市,都市部,6.4638333446753595,48.559465917498706,47.820473189421214,52.31854072941352,49.384771160571034,46.0528377026969,52.47916796069688,46.95060153845906,56.68659521200905,49.96026753271184,48.96654666249646,46.46893788792368,45.706783878121755,46.05647231409141,36.32918923848524,40.96657446450689,54.16684628787236,47.200987886729855,46.16098065945555,46.862233739215746,47.092732120714075,46.025129663643305,52.01787454246164,49.7753144213232,56.36667741163873,53.61064581530973
23206,愛知県,春日井市,都市部,6.264787317957468,48.635022441483386,53.84462973609182,56.868409199320624,49.72817435698159,51.59059136441019,52.80997705547655,50.012150601633756,54.45935661009012,52.226258566537716,51.48270375217817,52.30470657428138,42.053712644719006,52.11658876289761,40.19656288297091,44.6569300322144,47.21509467576495,46.65181486225731,39.686740129885074,44.630748942060876,38.78359748947089,44.65789456739107,45.258010706864496,50.691895384251914,53.501485939521274,51.812503758329605
23207,愛知県,豊川市,都市部,6.481344417110323,48.94241793916709,44.63419966651834,49.53093211343714,52.08015547125836,47.76517088449762,54.65389117390409,52.0331619556744,45.96923316407002,50.54432062149967,44.964119548281566,51.62177485268864,43.71205587819624,45.013042556967235,49.9111556701286,52.87547924341063,44.049643300106894,49.62683411799498,50.14994989254337,52.354460414085814,44.49338772834409,41.45215680388476,46.65705281210514,51.587336212945274,54.806085979664836,54.13243047780259
23208,愛知県,津島市,都市部,6.188614573537995,37.23303097335626,38.24673662574163,41.707230105570545,44.31775753700333,44.2539228327832,43.40469147200264,32.47254438104929,43.0270328790612,34.818015185144,34.30537510630015,35.203323223536664,38.58663160116387,32.40270412804571,34.89423954311596,37.56315018572561,29.784186436231398,27.40832831545629,36.652305241000754,39.93803915785122,36.434751050793935,38.088016056744365,37.75051693791529,36.11181851302449,40.26982038382869,35.951606461460074
23209,愛知県,碧南市,都市部,5.987895633775803,47.022212965379474,44.784058975598136,37.43088533031774,48.050596036650006,40.28183836771211,39.81523624404079,51.095852085719926,50.94280823305369,50.40835078555966,50.962536878118065,46.60716746238435,39.8044822306692,47.936831375087124,36.355326459005056,42.144915587326096,71.98246313756214,48.92397628992482,51.812414310124815,50.49090506520222,39.0431539763127,38.05318099511952,49.05054331587503,46.00223877837534,53.57890912393407,52.974440125434974
23210,愛知県,刈谷市,都市部,6.4892448045055,54.3486751946767,59.61841967742329,54.50477914340113,48.70087116479919,52.527994361859335,54.119204049305814,63.32968198817697,59.29011638693653,60.419904067416,60.70173936941299,53.44060839549578,44.5212312050983,60.77369694952099,35.17618866866141,39.45660986512533,58.675348052120974,57.870864002959806,49.21056601144056,51.599759769522755,51.540514727435955,49.64900938021304,51.01265143885292,56.47983010283825,69.81267450360997,61.93594139061359
23211,愛知県,豊田市,都市部,6.566640812493934,49.210638963123145,47.47822550268428,38.29966417628199,47.52454086413064,40.81284385498645,39.67833634797557,49.34837187712009,47.3863660945311,50.393996354815364,50.53725542643336,45.152243907173066,44.307490907795625,48.27233555743733,47.815823726491494,50.78213804446883,63.080498025572766,51.99381601923126,54.08788389214157,51.98113127692552,49.32006376637964,52.04539852986743,48.00029294395058,49.510767985346924,59.229191307440416,54.01665872577444
23212,愛知県,安城市,都市部,6.446322076021863,53.422496159881135,57.597262994294674,55.11723967226367,47.62542963902682,51.20553924894997,56.05998558969582,59.86741772846631,55.81040719414954,58.353458085112344,53.87839710712785,52.154151998180026,42.15507205602429,52.63164082618328,39.65109466937248,46.37802079926348,63.34835030640274,55.4786368993133,53.33865314741731,49.66713536160784,50.67125208250649,56.19225649394494,49.36432771999826,54.83146303664766,63.65341647907224,57.1092987021261
23213,愛知県,西尾市,都市部,6.33991593204982,43.399518743629585,37.45093499201816,40.84563198308813,47.471719749488905,36.98154089059376,39.49114171484591,43.18807609368142,41.16805806915934,43.41457114524228,44.589155025224606,41.33867351443011,39.181774390302564,40.54919560694499,42.42094757400999,48.25558355023242,45.99554125824562,43.99106969161455,53.54563275865926,48.85257879234693,40.72788294206558,41.92367987644064,42.373388412320345,40.79887501505313,50.73434534376139,46.29845145734019
23214,愛知県,蒲郡市,地方の中心都市,6.5115088084493875,45.97903909350242,37.923635254741384,38.965971958382916,49.40932600615501,43.99373472480963,44.363629480190724,44.94410877679425,41.508529639399164,47.00837457891592,44.671151223945664,42.84186663607079,56.71590649257319,44.280817728708676,57.465210074464096,54.98703834735827,47.357156650772346,43.29913513646266,47.853884503159975,45.02755048025653,50.12695582432379,52.25372946490477,41.861289977923796,39.90191799335681,43.870182046165475,42.865835244222474
23215,愛知県,犬山市,地方の中心都市,6.615728388867957,49.37070690752386,37.836785233388724,32.58924173359014,53.947062141270294,48.4768466213664,44.0133844012836,46.0384242568669,41.11787791684839,48.548153348925,43.678672381859,49.66786528018026,65.35865944327465,44.493439228245784,63.6717709946334,58.54162419143225,46.94738928749144,47.40088073445615,55.33474874352718,52.30725680436918,48.114257769394115,50.66485061806579,52.04430977857645,49.196226532811565,52.6695446244837,52.237693714232506
23216,愛知県,常滑市,都市部,6.407917960438367,38.106742171036814,27.064884641991316,33.36025040029755,48.69820288644604,39.909714237227284,42.53781836991031,33.007759994547285,22.877574772639623,32.6315815116789,35.50939206511596,34.650825060097766,45.08118166949567,33.60749051241407,41.97602154215373,46.52565956955177,36.23878415270649,29.56835653996018,40.3489466622144,42.12643001865342,43.76371376001727,50.27308048551145,44.13714036640175,31.129687541931446,40.68044179586394,38.85687354805619
23217,愛知県,江南市,都市部,6.223138511795763,41.703781234264426,44.72865184231552,48.01665590135191,46.05500406698799,45.61525162701864,44.814893074409255,39.768815552630215,48.92807251490056,42.07956912326414,41.6533870786274,39.007212477801524,33.078750340529496,40.422387005298134,33.67286598742526,42.17027384276194,39.894785101361244,36.50552549671808,42.345245697925016,44.10437827209261,43.55026697033294,42.45655153410819,37.49969337791051,39.14266267210027,45.313282096027606,40.06656796844794
23219,愛知県,小牧市,都市部,6.359436095159824,46.69891293742857,50.62459984396115,47.215809654669094,42.289410725375376,43.58167237604134,48.72652910338112,55.41373152355918,48.67395108814041,51.19728012407655,54.0897884922384,45.055972682910735,44.1780194863626,49.53947974835213,39.35509554593415,41.973787489118585,53.97197415668015,44.999512842540476,39.8272384222882,45.487171513185764,38.53836848552264,40.990902000157945,37.891741433135564,49.443410358618294,54.90771328607895,52.800750115956866
23220,愛知県,稲沢市,都市部,6.440301729601721,39.558256292593946,40.81933527081717,42.77882519305875,47.605317086066954,45.71528618059887,45.0386899423297,40.32078981995452,38.922413094926874,41.61109283847807,39.055130023211824,35.370058644916675,33.189807726920456,37.16529897649446,31.278096980381438,42.08759368223561,35.788219427706416,32.28022438129731,40.87112025605496,39.77200869166997,40.48998550929787,40.80764524302098,36.5633457625903,35.6348947405718,45.111852991032684,41.12111855862116
23222,愛知県,東海市,都市部,6.565564490790218,46.88377732515016,49.12103976872573,49.28612513951848,45.30416877503593,50.39940777253894,47.01830538371928,54.67233153424293,49.85986370359146,51.04284895692801,50.03879699604897,44.79509007897058,40.81660724123397,48.67704496832745,37.4375566534877,35.0041607835698,47.3616974705277,45.69282405744779,38.9770397511281,43.3342133103465,49.55839958512624,48.89016694224634,42.55863921260486,47.78017627958233,54.96862049766418,52.615530940990766
23223,愛知県,大府市,都市部,6.893946741214003,58.63682957611179,60.19866802873822,52.387590976255524,51.88575114337013,52.212807394922635,55.798544015599944,73.29132629776623,60.04033602430809,66.29044764137163,62.401982639520185,59.45825369851027,49.60763590280462,57.169893752104564,45.38770888111777,47.6712411207455,68.6981946020488,63.69059068994545,54.628388267533005,59.903279395050255,58.548027275009524,56.41653942509281,58.00725692233309,62.01873225006349,65.8037775668264,65.76693591564506
23224,愛知県,知多市,都市部,6.153547183947065,42.70225338582519,39.13002837720384,34.82926364283843,49.02128286540374,45.23372497718677,37.364113539155454,41.912108147544714,40.198382737382495,39.71534337989304,42.83672565772581,40.254471566265906,37.919330312345,42.86384223577534,41.734997427823245,45.835165223111964,55.71354875283889,45.176584462182305,44.224210729542925,46.14716571209818,40.252219615182945,38.92660777113164,42.34816782249958,44.729371330596145,44.563774405694794,43.92365056838156
23225,愛知県,知立市,都市部,6.146731203190506,47.553975088164265,45.3730145485888,46.881345912641564,47.2135608903215,55.44555479696233,50.529597839103204,47.14753096203278,53.65124585558764,54.02268687273532,48.87344569188874,44.93871925741854,40.250009639815474,44.9438715513761,36.28621533104907,36.08882069612497,46.05720460245621,44.239504295134346,45.418784290259325,45.59621881472295,42.13890275286048,51.84949771454804,49.41581215264805,49.68840641680557,60.716024390061506,54.52942684080008
23226,愛知県,尾張旭市,都市部,6.606988165987547,51.93138112541552,55.17516590276275,52.644344942787654,52.885276623030684,51.659719430885815,47.794472235019505,52.75280231240968,51.03387344484205,54.36855902475652,47.26881233648267,56.58912110132563,46.97631662864535,53.134143792399286,49.25727349364948,49.50780063107077,49.78434409649119,51.29171958392988,50.08143543518618,53.3876302444431,52.74808796685312,58.52040800215078,50.49300659578083,53.489723416588774,53.152725281822946,52.35638448665792
23227,愛知県,高浜市,都市部,6.3186856057847125,40.41157817413746,39.85857637039537,49.499274853065984,47.66383524125377,42.28610542237503,36.461164349165095,42.477077111928,39.2957887941287,39.68544533709264,38.87884112598121,42.3221042474249,30.65517232763428,42.73326015246948,25.763643486930537,32.05014240459681,37.35163435238856,41.43018680776205,40.79482460888689,41.42321238144616,44.06309164126909,39.14769150738794,42.62489992779955,38.99938329008016,50.33728791369309,44.07523252414392
23228,愛知県,岩倉市,都市部,6.492624060439276,48.28136689737849,41.569930318924506,47.78200656504574,49.33802275881894,60.182361432275606,41.74882840281709,48.18338826711772,46.46117080875481,51.765487103665485,45.939654494168764,57.204985740207135,56.83465530814664,45.1145834298994,59.755918702384434,48.44511850895817,45.10459529792503,41.50804747609481,43.09968571416022,46.462632929749944,47.653753195825985,52.99496517437539,42.43193739806281,46.22974313588853,47.7103643245204,45.23096904929629
23229,愛知県,豊明市,都市部,6.4922653805400845,43.62570362747455,58.19180244498307,44.91552580083557,48.77657995866101,49.438276566284415,41.48568467655824,43.170805690168685,45.30675676731632,43.810345116536055,42.355498713230425,41.84445634608719,36.66373127192031,40.959269124502875,32.843728207854156,38.85410176465479,40.23846251183852,42.64061085559116,40.380343358079465,46.273094483207245,40.96002398448419,51.332694294882174,40.66569910829959,41.81939857216096,48.59374249244369,45.496254948809344
23230,愛知県,日進市,都市部,6.683813612362095,54.261692064302615,56.7773094266721,51.867437561089794,56.52747045590817,48.91311944096571,52.52594294565807,61.03076328222076,51.13364249844546,54.09569595221262,55.03505532094936,55.427687622187385,43.24717767873136,50.98391461864264,44.26405982371393,51.17150334738314,61.84689624558658,52.72015896823536,53.87835014518245,57.13370250921089,57.96145752702786,59.32050447865091,53.442699471062646,58.878824618000436,56.641796452469976,57.45543915305527
23231,愛知県,田原市,農山村の小都市,6.3414295237865534,42.08568590165545,25.394948202589134,23.61684483807026,52.426988295196026,33.25767314473296,26.861195131651204,45.13146790764898,24.28618973229857,41.845236587145266,36.638880827572244,44.96443890038795,44.66052723613391,38.56854684100706,57.52127405113889,62.16310487953697,59.73442691680185,48.43980529133883,57.59797624146346,46.53303723146178,42.049116236216264,49.97565789326333,41.280543625694435,34.48740778838679,36.92078587946339,35.700387960531515
23232,愛知県,愛西市,地方の中心都市,6.588904316617479,33.34979707572246,29.12990816305944,27.398610360542886,50.64872413708479,40.81341016367588,33.763002739287074,30.676814406395437,25.713134569491398,31.211448571113774,31.446655194965295,29.732533808613784,27.20907208788326,28.436550561297754,27.798792083615535,44.78784137981632,19.697341456719894,22.329636902982177,35.24935952427035,34.916190928878194,52.41521099819318,51.98253751706436,29.764287015274338,28.176902575094694,35.91199218888448,31.185172483134938
23233,愛知県,清須市,都市部,6.6076157492422025,44.540220382473606,39.907088214239906,36.48009499919021,44.27626864885851,55.18139447955743,43.3525390262529,49.20077577792725,43.38097834979504,49.73607763672629,48.71039657183388,43.70586241922102,44.79818579984154,44.40852448115663,34.402300833545794,33.652938701932186,37.78633733302232,43.6538816121538,42.65156531353457,44.49862571729823,49.10279251249619,48.90935182920852,43.985072354912504,45.48004012766377,51.69604213602489,50.00815430297322
23234,愛知県,北名古屋市,都市部,6.4206375537443785,47.92890511164523,53.54945630513454,53.7474977434734,51.17290883466675,50.0128114232675,47.0935840007959,50.02334220257238,53.70520934645181,49.38928549950156,47.46226077938575,43.66322333159487,32.002180933395024,47.63507336212338,27.090482270332632,35.97102868961277,49.84118578439016,49.3125042131411,46.44119600809711,48.22969846181755,51.16620833071087,60.36053185695978,46.70796678013114,47.74732042477116,54.35385900039665,53.61490709676184
23236,愛知県,みよし市,都市部,6.36071854174877,49.60965255963599,48.18516183976822,37.4022879976318,48.215519321495776,41.29691016532684,38.736984235868725,59.28553030283653,51.468794485168196,52.502283580664766,55.07136536072411,52.33667906026861,36.55749474286067,57.17540320222802,37.61517998346456,49.61087675306518,61.102722312630085,56.39929781159134,53.54064023248749,52.000341304770636,46.386615541975296,48.39581300513914,48.09917166734073,46.06150463597941,58.77159914043644,54.41348474754142
23237,愛知県,あま市,都市部,6.630158308516824,39.093082381553046,43.06972375077057,41.89196338467762,47.851649711130804,47.84134674157744,38.775252761499715,42.77526869351855,44.891030505208946,38.46152229646899,43.119750081450796,32.51942891747128,29.121047007289324,33.981133461004404,23.423329393702605,34.36647142252662,30.545317532397174,32.34743709237762,35.066799673158755,39.08508632260842,45.62231726252852,49.3537306324914,35.77713677029751,38.221410867867476,45.95756988015264,44.16825299509606
23238,愛知県,長久手市,都市部,6.756227747471733,63.224372728508335,65.57104341228349,68.00032850436119,54.79854755055662,55.857345814594126,72.27721360744161,74.56717436994914,62.51298695266895,64.7922811862068,61.13959272247459,66.80131764194633,60.70871179316733,62.44695610356172,56.77798605347933,53.446343532064866,62.23305392380639,60.466073712754934,61.685933618194696,69.86386774243869,61.62861961497059,58.12746153812079,66.57975265610395,65.66402106977755,64.89850785276747,66.53982451050902
23442,愛知県,東浦町,都市部,6.543356711895944,46.0531797229426,39.77167082572162,39.58648149715374,53.51092966723293,46.19575279793417,48.65746023349758,49.762700895346946,45.404713496549086,47.35948383321081,44.758436693291486,44.44047387019967,31.783030460573258,46.42819767016222,38.01036973790134,50.027078702334144,53.60080478250936,50.287755666850735,47.54743082436272,49.22014637719379,45.70351419737026,52.226639799416105,44.0088170821887,45.9016778954543,47.4982498683278,43.58449647583986
24201,三重県,津市,地方の中心都市,6.386918833904744,43.05381066609232,46.02458537857208,40.700503146188375,52.295099865703115,42.82531817871347,43.509545475406355,42.10130305794061,41.47763812629273,42.91359310788399,38.82579324113336,41.35094600071833,35.35459457366876,41.725976199569764,38.27897446544539,49.04904195701233,36.99254580980673,43.37644844518954,49.555627972380464,43.35653266373633,45.50812274078587,43.58413971023009,43.64709971308889,41.58353556573109,44.51044276762449,44.74404782339357
24202,三重県,四日市市,都市部,6.642731904640274,48.16218986365189,48.633835545808374,50.58203374814658,52.24008102764849,47.910091135097055,50.010349526705426,46.75568929952859,49.07427140536587,47.624645247351594,47.05370553557399,46.038537597101914,44.249312801908985,45.34108909236301,42.09362263932465,43.934584675086015,47.731334834600425,48.187849194181645,52.9306421939658,48.45280313605448,50.3409041419298,51.43051212260528,44.330302121170085,45.217717917883284,54.04610837749375,51.68253341075048
24203,三重県,伊勢市,地方の中心都市,6.478606794389502,50.09828032381559,53.2517480055978,48.19379175258295,53.23722213370826,41.67266436195618,44.32890233268979,48.78201458276755,46.13954293383221,45.8815958170328,41.95721408380308,52.948502435339364,60.463999599099665,46.523139125597474,63.879432221486645,62.41466853798324,57.51082016851153,51.01750177027294,54.978939227054276,48.18229805304662,47.60760131403473,48.57280418901131,54.459423431723145,45.3632190723695,43.755758635947934,41.2359239861251
24204,三重県,松阪市,地方の中心都市,6.403724198298012,44.78730805639972,49.04161203972692,47.93072772991946,54.19624210761539,39.799587089945774,42.57405442167672,41.06861769964057,42.72051590789846,42.6325151024642,40.32518199020232,44.963226264457695,41.924412138531615,41.178142490358994,48.51467688515802,56.35828171417287,49.65685841489637,38.626105207224995,48.84520374333044,45.808130224162255,49.08777131763669,42.982023793388166,46.03017860271743,40.57806757743653,41.655974121097685,38.39728676993399
24205,三重県,桑名市,都市部,6.640839986416557,45.71185316695171,40.01831889719695,43.608373882460505,51.61646342206181,45.82140170790258,48.74865082849071,42.315141024680386,41.8417346921139,42.60135596639156,47.158534013746134,45.805239869868636,43.713951867878286,40.394540786180116,43.82925120307218,50.179612845922485,48.026905819010395,42.35881296946011,50.122299646957984,48.87854792818395,48.017007870136275,50.21254962194893,44.213299005531844,43.45392128334553,47.97066426492749,46.17789658937242
24207,三重県,鈴鹿市,都市部,6.413359145553095,45.20364950462823,43.78699257793285,44.264507440141756,51.71382163124043,42.370670739434274,51.20326593634212,43.72801391200868,40.9062804363856,42.34597459976009,43.040314135262534,41.46569635099605,42.65329192771304,40.87622124319855,43.89209595688978,49.977469214939795,45.32964759510609,43.06875138996176,50.285054390040806,48.385216221832415,43.46525411930319,44.475318330987655,41.94548459064643,45.25350636782037,51.117924471005274,49.33681453212804
24208,三重県,名張市,地方の中心都市,6.748711747053706,42.541545244159316,24.781529293753035,34.287553176126934,63.331045766235775,39.61439899306917,38.22967264708697,39.094178581863304,31.434477352809363,37.48716910978595,35.00737771192511,41.70513076992005,40.94092438927444,43.6274128598499,55.83369362623215,63.779580648676486,41.833274895113966,42.434462297491976,44.21494765747182,43.72445737685006,56.44031362859408,50.40155574609303,40.73169644276128,36.52066410019965,37.750222738182345,37.79134605045696
24210,三重県,亀山市,地方の中心都市,6.46494253931131,40.324178452494536,26.002154552194472,23.480430787985814,48.54819486784785,30.824632361032968,28.210113735717716,41.203942811866774,29.05131183291522,37.55991995933045,32.37591539031425,40.448793719356075,37.9714940955007,39.01728796083343,46.72211248157965,58.901721075648744,42.92787497627696,43.78577265326331,54.92051037470481,48.74087727362795,44.560562313664946,48.059949080425675,42.27188271948522,40.15997808470483,41.578188370165606,40.45666138142564
24214,三重県,いなべ市,地方の中心都市,6.78880503310202,41.71026431311807,28.74700916997918,27.25409256022134,55.151387924793895,35.83815782139933,30.63778711202835,41.08404120787673,24.91136944000112,37.609784232254924,38.78144792975433,38.91968350306116,37.34310014903781,34.348204221427636,52.89256190258057,62.4272862240954,48.929482384883,43.06128529747161,55.58037202248406,43.90574084604965,44.438709819076124,50.154959154672454,42.476726171457145,38.23107097811885,45.19342027073531,43.12866317137381
24215,三重県,志摩市,農山村の小都市,6.493543294246374,41.60658238609496,23.337713382038487,25.542418414804015,60.18454559405467,33.78021012376667,38.58789529760231,36.579935333055815,14.627164664347909,38.870223069009754,38.718699768837695,40.74427744095886,59.895824517352864,31.352437604075615,70.80581364226963,65.77581362127461,43.46527398297518,47.160479609830304,55.00322211485961,44.69372439610553,38.215181272025184,50.5271166707877,52.78068071787945,30.829358957822564,26.964447907747356,30.11551916279762
24216,三重県,伊賀市,地方の中心都市,6.448952481100513,36.54614503168732,22.120991366848678,24.148841860329565,49.07938976652245,32.15039656047067,28.523446440666675,33.00235734598585,19.27825272448012,28.040603881298857,31.852931320908155,32.139621780728405,38.2615965330745,32.04006801171246,48.88454882085544,61.78103025001093,40.37441545138475,38.55426702301933,47.28540815885621,40.75562774867416,37.58893280250421,42.607530879381564,43.59455479489252,31.750469493512398,36.74726816079587,36.54492958358199
25201,滋賀県,大津市,地方の中心都市,6.547704068939373,49.01453431046742,50.02996364210012,42.602809234135016,53.41982388588556,49.08740538254914,46.06102139658141,44.6421387980085,45.42934298465123,44.42764440565478,43.66295842853244,52.46335701430917,59.42040762752385,45.52925504630737,63.99050801291813,59.70718825137866,46.81211366111382,45.3426886925802,50.09850677207092,48.835638355385754,47.299289340028956,49.02688415159757,49.46399264211148,43.606878431441075,47.365189128643514,48.02381816570953
25202,滋賀県,彦根市,地方の中心都市,6.505189870767594,45.512927847565656,39.737839955745144,49.669815869680505,49.328845070497714,42.41089904807812,45.538620963841836,38.41691759008917,41.90122820721362,39.484799603530746,45.38342723480919,40.28748879495717,54.23903922060913,40.98336904840213,52.968529317504235,53.62320914801715,41.97702728453575,41.316262949661876,48.68105201277592,49.27811392576822,49.582738027347844,45.57555638188704,41.88830034555808,43.39463016137305,48.734189846083645,47.90836833360858
25203,滋賀県,長浜市,地方の中心都市,6.581786705732309,46.16437119754147,42.68813141488214,43.4956798239407,52.37236593509371,39.10660591142253,42.31425361370836,42.008644435991215,37.39153251281023,40.54452949805586,44.651381991822745,43.20135685205946,49.364459881035664,43.710174490561215,58.02236272476405,61.805627988642534,50.36542007153549,44.993552727095214,55.36440767227806,49.46987983484008,50.24976163376496,41.248395055816786,45.38463422418076,41.77598630485744,43.98323120459796,44.43253293723836
25204,滋賀県,近江八幡市,地方の中心都市,6.438140687736531,47.20554758491429,39.66862843309863,42.046451187293655,49.56900917934309,44.886912974964304,45.63122974436673,45.71542005939691,44.435380623494616,43.00757749946184,41.36662068294429,45.878548897050784,55.161932677642454,41.72515391701245,58.56537267532338,57.777679466821866,52.269324426849494,43.54400051276196,51.36431031938099,47.489644959209656,46.26091440157891,45.66395668851238,50.08434550504957,45.828294472801275,47.253706132086144,47.73872660149789
25206,滋賀県,草津市,都市部,6.43402746120798,55.589405264039065,56.89381378452711,62.652961681101274,46.87391234186801,52.099491633938214,57.980352466069725,57.99731378971995,57.487303107119196,55.86209384731223,55.90412734653824,55.16643302482689,53.28509274994568,55.359814616436076,53.73655275811736,50.82355522608065,57.332634943501034,57.22165350690644,57.23057975934607,57.99957718927412,48.4968569996752,52.46822966881148,54.60140170302043,56.49111531175346,61.317434665075304,58.86342421597364
25207,滋賀県,守山市,都市部,6.545489873862567,55.015347065503526,59.755126298421246,51.937240283327874,51.7823974697983,45.924314365757496,47.76236718280085,57.467192188796,54.58782328315804,53.490821563901775,54.912785329378224,55.977426689776046,52.45630589677198,53.62237957724178,54.614086342337345,56.22617781140203,69.00089796767199,62.78589583473668,58.90017393766089,56.79038066343213,52.49706089862398,52.424924151087026,55.554864972161106,52.914364084401925,54.345553430378025,54.637769349062154
25208,滋賀県,栗東市,都市部,6.235847990840878,44.452563412093795,46.228707380133606,46.99660303188582,48.24720992859898,45.23768164612565,42.030967099385684,45.70846093010426,45.59550523900514,42.992253859816586,41.21765445479442,41.52576240668909,36.719768151466475,45.041550960549365,42.16480171449652,48.646899776622675,41.57709561974377,42.03816849323015,47.656868584475546,45.66722934143173,43.46110638057379,42.44911085978673,45.17516625373845,45.022366265439544,49.05696041819964,46.403623093957655
25209,滋賀県,甲賀市,地方の中心都市,6.442728532877022,42.75158817984883,37.644831574092166,35.61045714030833,50.74930970461025,35.38502908529274,34.46560117350685,46.4551210341808,33.14447280387472,40.63495798142943,40.31191971780852,42.31131277744856,39.08386050351225,35.59672539078146,47.743363370514594,60.5078559137044,46.83825148826456,44.233235880755025,51.073020818281265,47.440463901407554,42.037448037136045,39.10061076871502,45.71359270937069,38.36978774641391,46.65562827912075,44.931258515842096
25210,滋賀県,野洲市,地方の中心都市,6.3912504358170255,41.89241111831772,33.28425016450103,33.532203551396094,51.13594513429032,43.33948743157247,32.39736140802262,41.49110056709203,37.2139581219708,34.27181849571587,37.14010899850874,42.680705788761486,39.28045636938151,41.728998812596636,56.41303311349956,58.54215457283807,43.43564955711603,37.36766719161795,49.82620437217255,42.45173767526183,40.36134246820178,45.417411618026215,41.95996459511997,38.879470643305716,41.44650569722256,41.820330491433594
25211,滋賀県,湖南市,地方の中心都市,6.402762272929804,39.85049249661269,30.98422625106166,27.704857214488644,49.86399644415149,34.958093243094666,30.449840410937565,40.5831445387432,35.82088475833034,36.45175937776463,36.02883916161651,41.216522646748125,35.90429619714083,36.11836303842803,44.57156851126691,55.60987740025602,42.16088876927358,42.977641025421356,45.184730757272675,41.97307508971228,43.26440647535717,45.19642523439262,35.960479284143936,35.882037450522745,44.181777830357845,43.36408880822188
25212,滋賀県,高島市,農山村の小都市,6.299187468588586,40.62497803105872,33.72873713326027,18.76748600874034,51.91701898303954,32.51974819934905,25.251104852830373,46.166136912748684,25.940899880799034,35.8434911087856,35.928251257654615,37.66013573432248,47.60932896321722,34.403213637453504,65.35899502085387,67.09981507148781,45.504173773063584,40.212970372046804,56.94115237051941,53.61841640627672,44.55845766839313,41.83021300962942,43.24318778587844,35.11812204566833,26.90773286849773,28.87068368089343
25213,滋賀県,東近江市,地方の中心都市,6.293514778687405,39.37898268238057,38.70931476309005,37.06610232346651,47.28008642705744,36.49686951620119,32.58138752214063,40.86532799371979,32.64305335757779,36.92509010523315,37.618278487862405,33.952956639679954,31.889801854490237,35.54607605847032,44.420248164419796,56.56403395480952,40.39485216157267,38.1189928571916,45.28802481402505,43.1933381152654,40.0117074505966,38.98798596254457,37.996683204718714,38.8991187669717,41.56780997163092,38.07844390439767
26100,京都府,京都市,都市部,6.423914877968539,52.95175742638638,58.603231238016356,57.99205456183202,46.100863605212396,60.34189552163633,54.069219674298964,46.88008384554111,56.19438690098322,48.51046060230162,48.36164628918367,53.459763040046575,63.73360149598393,54.593090672737205,56.14123705635461,47.41645710795278,42.76896140407739,47.575880787808046,49.83939182204746,48.959479021039456,55.289979536366715,51.56050955412436,58.35477406865933,55.89831650041791,54.6238436875991,53.57305023905265
26201,京都府,福知山市,地方の中心都市,6.450461561915953,42.84168019281414,42.38411703543044,38.0624297365281,50.320192953123474,35.20032559676813,34.25185493375926,45.152347228035445,39.261928040209945,38.88893434743091,37.3632847946649,39.08555125089079,41.387600759926926,41.00454972041433,46.86836016432984,60.507235021373035,46.147139310935614,49.812446882951704,50.525529788450484,41.07211369891337,43.11792996611643,44.18119669754514,38.558065080086,40.344524173479854,42.03644573097881,42.666221715196514
26202,京都府,舞鶴市,地方の中心都市,6.534117628870623,37.03916941586251,29.225944996810192,30.606823709409323,45.33059765749853,33.65770196268993,30.557075398094607,34.11345906542089,31.070019057302158,33.227312359705,35.368143625801196,38.55010859492094,44.2820449140893,36.03470179557701,50.804488359484175,56.91043867885263,39.77452785978218,33.96789252728286,40.21277781488749,41.95004972740597,36.28490778172747,36.11692456541853,37.65294742301173,30.493371168372757,31.28035699526183,31.467449941893694
26204,京都府,宇治市,地方の中心都市,6.612738694849284,52.49310291071936,57.44513687351995,48.4777202276324,51.072319125720064,57.555838654556055,49.59227688369547,48.61969553716809,52.570137200540714,48.565462680566384,47.424947902123535,48.262910801830806,60.44796396521084,48.72944950710589,58.22778534928821,51.36637534243603,46.349787827742176,46.298273011647844,51.9113703954311,50.60949105879156,57.30544003873897,57.294290262963166,60.184738631755145,53.636978238461595,54.405414401759444,53.48066593857935
26206,京都府,亀岡市,地方の中心都市,6.192150626137659,44.60269781001096,39.31742290708922,42.973059196119095,48.2750318249277,41.482298992585314,36.72353301730919,45.9564853070245,43.86221902840315,42.943792174775176,41.773295496243506,42.261330030467214,46.26251250895017,44.122432996609916,52.310129458293346,62.23695937989936,75.48717508513508,46.025890572557614,47.944050638396476,42.36589629794539,37.80755940171029,38.996246085713075,40.98830261126543,38.31119961136315,35.76131887933023,36.27660593814959
26207,京都府,城陽市,地方の中心都市,6.6633860373433125,47.493241713202615,46.28575165999836,48.603968105548425,53.97164139622179,54.952513819631754,45.39869772667458,50.74852711823251,53.82657051781484,49.31084866911556,47.956862073930495,44.19268652731699,38.592868129804835,46.64535738811138,40.51341066839293,51.00024471152831,46.534240002021875,45.45646494124434,45.02555480134876,46.82712050472241,52.01500777719842,52.58732667273933,44.10982895471133,42.62119843612699,46.26532153695692,46.39578897746975
26208,京都府,向日市,都市部,6.7908180784218795,48.22203563251001,44.0267403303985,47.058784512316585,49.3204518983043,60.009943097464934,46.0263328453018,51.13235215908419,54.436640157343014,50.097982316249244,46.14690967151057,44.727626522601746,46.26570403209601,45.142730464881275,43.6509225902782,45.335988512143956,42.709837988311165,44.32557868478693,43.29417857816025,45.324701690939804,62.075079504722694,61.812895136672964,48.06702600552157,44.31021841508526,47.16396987453663,44.86626019152875
26209,京都府,長岡京市,都市部,6.432987895139722,59.39107738821065,61.68813779270029,53.48237841455357,51.450326670947696,60.571405663856886,46.68291963081912,60.690980059364186,67.04682379806982,62.08648030276231,62.48333094012211,60.27770889078353,64.85098385973438,62.51016498009962,62.4971112617548,58.87961652686934,63.704764272920805,65.05773420825363,60.55738115403836,59.524257502843,56.6178550715759,50.29892987550581,58.122020839441795,60.90813847080621,56.312639662521754,59.08376746671064
26210,京都府,八幡市,都市部,6.669433659271066,52.075145386177255,47.341089547093205,49.95923884192202,55.51310183506563,55.26080862147798,52.12845368753243,55.65441094288495,51.43104451324078,52.55884339082125,48.72341572605805,52.647718385526744,58.23413971598876,52.72077847946545,57.578844804254274,52.331013935042826,48.632584997657425,52.10233472228675,54.851337500192834,48.73478837420509,59.120191867943355,55.4787234715428,50.097678336627695,45.67643902960388,45.56053456282293,47.46597397899714
26211,京都府,京田辺市,都市部,6.6090337066052465,54.1030377630287,48.58350128014707,47.01085993683383,54.30582416614712,57.25665588881893,46.67574031937654,59.7687883626719,49.168744022912776,55.49360900717144,48.8166413172361,57.378617268866066,51.4666316998435,55.28008101924189,53.73012230578572,57.27691690823815,52.380062429294014,54.47182148484646,59.1548184242554,57.39031144800929,58.98154291088926,60.578834296239584,54.2043651733901,53.477214237356016,51.58368531093041,54.03751709418753
26212,京都府,京丹後市,農山村の小都市,6.249653755620848,39.358665116142866,27.165377474838646,22.245651696250846,55.073756665300266,29.40160909830253,26.5523438543191,40.0625127268654,24.74603609271536,35.578834332927556,32.4975891276456,39.747378381616905,43.41032785227891,36.4751125920325,58.73191776126252,66.89806104191263,50.309368320864984,41.59583984324315,62.360906355686524,49.735857722742765,34.85197670430041,41.30459396854071,42.40069486664223,28.440231002408936,24.936459210479228,30.085526094251254
26214,京都府,木津川市,地方の中心都市,6.599802149395805,49.35644684224618,41.76218989876927,38.217423102148544,52.2770868275403,47.469739218834434,38.89539234193674,50.7181078203378,45.523509057366034,43.805753295008444,48.151820835644514,50.36017190622875,47.02869571058019,50.444593557070604,53.20670443410907,58.70718177280203,52.05720304057149,50.28589130846794,57.91030375386738,52.99219737307353,58.991457660928056,53.87831664147685,52.60111704067512,48.585869619985324,44.29369805011577,46.39029994637017
27100,大阪府,大阪市,都市部,6.349644740384718,51.46572452977591,59.98738048804941,63.93987854732469,43.0366984926027,65.61331475986147,61.994432204937375,53.16958331938793,57.688283031930276,57.8033783064087,58.3561104655165,49.572681841699044,49.88428209908649,57.19584043211723,34.337710320137,26.52080864012786,35.006297058808286,47.006947908998754,43.18458558492229,49.26538909188839,54.08432646134609,51.27627880328694,46.27452592931406,52.71029892867409,59.85882187706085,57.40953412113559
27140,大阪府,堺市,都市部,6.530715052717181,51.49045970840016,56.911623139435434,55.823306627362015,50.09498630344412,58.59867200290517,57.74509519132153,52.74324394370387,56.13414407828567,53.140583774477655,55.5727508976937,50.883757336318816,49.940202063187755,54.281238998626776,43.706435819211436,37.4299998667958,40.53359382261626,47.69273866586138,49.023290936743884,48.29841487966886,52.64955193730655,55.00392078261916,49.59384207016911,51.948231161012764,54.92076707944609,53.10064162339024
27202,大阪府,岸和田市,都市部,6.509531300369058,41.958362230908214,48.10822678019741,48.43858212025126,42.99433177374709,52.095787427182074,50.59333225897956,39.34267167023056,41.08641157138897,37.46225339739572,38.78909604432623,33.90718643320633,42.46784286693415,36.67414385272368,38.99372688532722,37.77798714193742,22.739252355412788,30.08210081024576,43.38453268150947,42.681497050754004,48.972837511201476,52.66668138613567,48.76578225182463,42.28323129743947,45.527304256261715,41.16589371718465
27203,大阪府,豊中市,都市部,6.684412456819186,59.5473683090032,61.228823688868225,58.49600185938097,49.52318158783274,62.99345902261197,57.38265634158908,62.9732156671535,65.12985358382328,64.36432237974574,67.72286796421935,60.657708108047544,55.65581738775557,63.455392187943474,48.81910768006095,42.004328421355346,62.374063319488336,62.231296039448125,54.823290640817646,57.68096650661703,63.0782316164048,60.301636692719185,59.75687350674893,64.323700860864,62.88596019416561,61.27408415841549
27204,大阪府,池田市,都市部,6.5313430226771425,57.24168554731472,55.02248940141551,52.109927379213126,52.731115652197914,59.72528675641225,53.34739157148409,56.71144392746041,60.109225306587334,57.14856533140634,54.02682096193352,61.51043782699104,60.000541222314254,61.777856799951195,60.99607358413394,57.81319285006282,49.30365114400724,52.70431010534911,56.476837301936314,56.29960888295534,59.05604113450021,57.48876467335447,63.387827465013416,60.63916587463813,57.58245751268051,57.83142046955467
27205,大阪府,吹田市,都市部,6.728460242437127,61.21167951359598,67.34280572149446,58.005991466795535,50.28353302527031,63.08363136283188,61.546044698614175,66.66738297367591,66.47092209911088,65.04921021493203,61.85715321639151,64.40653934928811,60.874643532342866,66.39475243053579,54.24519130262822,47.561349352757496,61.783094484634425,65.73754435724051,59.896419187414935,58.498946048698805,62.15799717989078,58.301331448065326,58.98823951395701,63.337192716581235,63.137097870633276,63.45329477251841
27206,大阪府,泉大津市,都市部,6.753803475552398,49.52574917124766,49.9478109239357,60.060779081034774,50.385029256173944,61.2635441777686,57.380915805591655,52.076432938617515,52.11156903730327,55.17683138139296,55.84388920733633,47.30344074645784,41.350552645058954,51.013893256598244,30.771009920267595,28.95183767461164,38.34910213727796,43.51677207797109,47.45236551373104,49.146618382820726,56.578509653197976,62.69924947567292,45.55246320703816,46.85855764281265,52.2532902741683,52.57351569310412
27207,大阪府,高槻市,都市部,6.4939501494762775,60.61774138942478,66.4424197534573,62.608091489959,51.93560552439426,60.91782688366965,62.550057189228504,66.27938358423135,60.905605975743285,66.90793157058837,64.78930015330558,62.47920521496639,62.31098343426351,61.60384742219573,60.70069678088173,53.801908618896476,59.78084778855082,60.27420637707462,56.38852151451262,58.32755942084292,54.20479887461475,51.31845812429954,61.371288928052735,63.775364841023965,62.36320035525927,62.78868352618258
27208,大阪府,貝塚市,地方の中心都市,6.307992334306605,45.979210993077395,45.670140040170956,40.85853979581797,48.42299509305656,52.98257991897421,49.56994546482885,48.08560586644242,49.03472091301599,52.116245883414976,49.77262158448128,40.668852221762094,41.14847888253048,44.88552189544499,45.716062492589934,46.01253624368567,35.3049332702537,40.52718357178617,46.56319765623286,47.755579916547084,48.81637226908724,45.755953047704956,46.25674919655826,49.550484730343435,43.66444935050472,44.36131452862284
27209,大阪府,守口市,都市部,6.213343829837822,47.771116048241595,53.10893470904293,61.31708761295725,43.56603733644323,62.02540992433782,65.33460175604283,54.547698867025616,51.78212625888799,54.83561826411771,54.759390752921284,45.62870821630132,41.40295561566258,53.68657768595756,30.793627559304092,28.46024930332432,40.17337644126363,43.77722979894733,37.438032579847935,42.128696794261664,44.67917240696394,49.6548800314586,41.56164936798536,44.747791744871606,52.604050015139784,48.49288211473192
27210,大阪府,枚方市,都市部,6.678547441903571,56.58178313618319,60.74518543052552,55.2648272001913,51.521639969725534,58.53209613281465,58.57486470844154,58.03291946085779,59.89133858649557,59.48253819047203,59.74534147324267,58.44525741462291,53.46099329273841,58.68659245101911,49.25665176943428,48.55552071727894,53.26959150422868,56.90938474375619,57.68224685753828,55.82263913651925,59.637555995955765,55.00331433057833,54.702253176895645,58.948596240660684,58.50116981128089,57.290276673122726
27211,大阪府,茨木市,都市部,6.558351951095043,55.8977088173939,50.277801790191305,56.39878426263508,45.594627888640936,61.24135046968751,59.961810711432776,56.61755240945833,61.73500471816204,62.19976304562974,56.38832987833943,60.7835620361245,54.06250715351873,58.0504755791153,52.28236429667007,47.24852672895117,54.085439366960664,55.248697616251235,55.0287734796955,55.14725692267862,51.63714905501211,53.94787178245977,55.682537840183784,60.93487275797411,58.361447594692926,58.62850423298802
27212,大阪府,八尾市,都市部,6.6245008270654715,50.93002557133177,55.103030271904046,54.50478856464719,48.7583374991153,58.91030558027469,58.501074767386605,51.254110623340765,54.58508095812648,54.42042585284128,52.72757620877936,48.897656378209724,44.35861556392515,51.39911880351322,41.6527656742215,36.51386740923341,42.85174250921911,44.97208308665616,52.138759997240136,55.62823997069228,51.72580403234388,53.10653169972403,48.62433733883917,50.32863150922516,55.2191100330807,56.13861937942323
27213,大阪府,泉佐野市,都市部,6.142337081473704,47.430248722305464,46.529840719490664,48.37490099261731,44.047548841332656,54.602240158598036,57.520337793085595,49.97210943750749,41.79547779347843,56.80360706809365,53.516279866643444,38.588348027670804,49.223483907010475,45.08126448389869,45.42835911572569,43.959721938177864,41.30566771055483,44.60908208004532,46.963547784207364,54.173452364050604,44.89507653845728,40.575081518164694,42.92464908237544,46.876343237948625,49.80953089230771,50.75001798388863
27214,大阪府,富田林市,都市部,6.6617510492493786,48.37463142653292,47.95948069562189,44.5898813119093,51.82285219510646,51.735960454829154,41.91944677049288,49.19115125257082,47.60738288757705,46.24690864348576,44.56038739887307,50.65403852448252,46.71948520485913,54.1116136225754,50.7395395518002,54.0464146796133,42.23819733685876,45.65409345073859,51.22982662515952,47.51949577237815,54.65499172712774,53.77853192715548,49.94020171627027,45.82824752545731,44.55666194941277,43.686363012434825
27215,大阪府,寝屋川市,都市部,6.586560548545984,49.633013851215516,50.39754863305614,56.16790185455123,42.877539325255825,58.58974230500345,53.05523156039777,58.44915166260009,54.8837616800739,61.60062563528072,62.750918594591724,47.8069380378074,43.02882391068064,54.00348492026562,37.4427456193168,32.46306593684204,43.02655243080324,47.532289240688755,47.4370275352278,52.09233170769967,49.76634982864026,49.87524367339822,40.486631276057835,50.03154890312265,48.45244415159263,48.974434006218175
27216,大阪府,河内長野市,地方の中心都市,6.886476940003445,50.08700784832547,48.1829116985151,35.710358775496985,58.99298552006103,50.251221708551675,40.99870384719212,49.37270464936583,37.792081026209445,49.008597657719186,47.711635651038804,52.632041129820955,51.474977493890265,55.367453973538346,65.91747040484397,65.70988908300342,50.34475604491872,48.394312245652145,55.163379215952105,48.32350441075906,55.06990906442845,59.385407450977816,49.70120400440528,46.73391072669149,39.123836371904005,40.72493620487534
27217,大阪府,松原市,都市部,6.550410972952789,43.00041784643024,46.40699216290435,56.171609063748534,51.36503527353565,56.6910040935212,56.342692882845114,45.37807397659225,48.80927539409923,52.451365425621155,45.90154749281353,37.14615686707295,31.586881179561903,45.49690960498358,20.478320739939438,24.032436218970425,30.890245563064937,39.981634172599136,38.160281857678555,36.828598378173744,53.93856427486027,46.538073183099684,34.06773178128576,42.97425149926365,46.83673145499511,43.535615773095756
27218,大阪府,大東市,都市部,6.471107263512511,41.82259169471639,40.09804383147463,50.0582703744979,41.49454324969156,57.16906834592859,50.32895569833855,42.956454041744955,45.72657571641202,47.19396566557738,47.17737783655986,37.315782817226285,38.641270335933015,42.80211429171626,36.170929975873484,31.581835887174748,30.010476469088733,35.83391004340454,37.283263413829644,40.31361026463528,44.19911514224327,41.16041394318676,36.03531824857431,41.87295162700215,44.98586737795863,43.33208607512083
27219,大阪府,和泉市,都市部,6.424992256136496,47.07362032034255,47.70161403320959,47.01752349114194,46.54895876709967,52.12609317899154,51.601656590196974,49.718895995715464,44.49564959035948,52.866989119380236,50.09030137808207,47.238536458816135,44.49723415445072,47.5441393380333,43.154061843079546,46.4623615372811,45.76066124667784,44.60662013231143,42.38977937530572,45.8245934448723,46.7762290985298,46.25382148953911,41.79359645647189,46.546516235723374,48.74130173031974,50.00975300263237
27220,大阪府,箕面市,都市部,6.568161776188588,64.93103587455195,61.60264708420386,57.1041644861394,51.743189175721895,56.83934858445329,58.99991972771295,70.10181822499231,62.005675396149904,65.02917125579086,63.711428254057566,68.9722250115326,73.23530811717389,74.91588318784409,77.28471847007438,66.77785076815346,64.04095668577074,69.98342541148973,71.80238776066992,65.60056719963242,64.28501430172112,57.13244830729417,68.24439740099822,68.24998566157913,59.20317502076799,61.479155495323
27221,大阪府,柏原市,地方の中心都市,6.518805300942533,40.50547958487655,30.106286379123656,28.680444772184284,44.59741539792724,57.37202908352651,32.93513311528949,38.78644948808524,35.788861846264396,42.264138210748285,39.929207035052244,47.45280973161581,41.79723983761873,44.73681483729513,47.787338332803586,51.195254634405906,25.893011277600927,35.29566073581707,41.21107590197097,36.878837761020065,44.754075877372514,55.37599194743775,38.70677404933602,36.237390818898454,37.087528954003936,37.26174001163899
27222,大阪府,羽曳野市,都市部,6.523391992606897,46.35692595069849,51.43780793102947,46.79509933892,49.53038596962073,51.45355445617381,43.410949938220654,45.613812671897165,43.835970518642775,48.47353198395576,49.45608891658101,41.60639972059173,45.906709445189875,44.918299078794526,44.9853507156751,42.357000140704976,33.11576190063192,40.25978761763668,45.951441140893465,47.42478424161473,52.18935864543932,53.25923384683841,43.85455662639817,50.147981013882934,48.39451503359134,48.18784192383939
27223,大阪府,門真市,都市部,6.178518253127925,35.73570977737507,43.38012121018684,54.55903108889236,38.67460778866103,57.759200769471974,56.834359008154195,38.32174337995988,35.92477075119507,43.11533791721879,44.6029973108283,23.18901037014416,27.99850996506755,33.22780020050548,17.07910927407709,14.972290489515437,15.334574026377595,21.159691354597307,25.33785735739943,32.863711989785585,37.82930752706254,43.682925544633704,29.60797968901056,35.598405290339045,44.35036080305375,42.25333155086423
27224,大阪府,摂津市,都市部,6.548114936119748,41.92407678951195,39.72727623732046,39.66786832491379,45.9456818803753,55.12668639211692,38.92175347554827,47.65112350525177,42.84973472490158,47.52604162690218,45.68598500265013,45.9721263264894,32.445713707341184,42.020092127856,24.30318040559977,26.83509150766016,32.00688529628583,43.11344368591678,39.956738117232085,41.25285254826796,45.70981506138359,58.43344268781544,37.57801023146127,41.513788059908286,47.24629225339863,44.68821976169022
27225,大阪府,高石市,都市部,6.289033211401711,48.20070030523069,48.050150680345155,53.35688397840075,41.70851045609687,60.40660466781668,52.680860299105944,55.36308116122648,55.79709989497306,55.88223256696176,45.29781823005262,48.091840754664545,50.075864464005356,54.34287286175045,38.82814987421935,31.019732925859177,39.784489701164816,41.926327670203634,47.18153738389564,54.36842334282207,45.09061311221645,47.298451063980934,43.85095035115043,47.47805958111299,49.31260347505492,49.62364882845666
27226,大阪府,藤井寺市,都市部,6.376807238178918,43.065793085811684,37.6996535169109,46.79775588973751,48.06504012383577,56.09920093532642,44.17471738330948,42.36811715322182,46.17017406992364,42.08771901429419,42.20652155519923,43.841454217517835,46.894807003854716,46.73262245653853,43.512348018681806,39.61219785265772,26.538938090270467,33.98189398180358,44.092317902936756,40.64792293258111,46.217730080104744,52.243652451590066,40.66216629930236,41.48960592522621,41.08838498436133,40.354092220294454
27227,大阪府,東大阪市,都市部,6.218242414083532,44.825414538718064,50.31163313130952,52.08240677374962,41.973750599048586,59.328485301120786,49.33653151602397,45.92887081649704,46.96831614490462,49.65830472387351,53.208237478032274,41.713387033109456,40.416282510604375,44.713651273460556,33.5840304512966,28.84547649063791,31.550538460802418,36.983117013933764,39.26021603347256,43.84533874765634,50.65912760367642,48.70333450481649,40.967719598793536,44.70286260880937,51.37660953120678,49.69172058239714
27228,大阪府,泉南市,地方の中心都市,5.987616236215982,37.82469099302432,31.893829970804415,32.965663037850796,45.201342927877214,46.12825628995159,51.46631010044197,38.25538122060614,32.03938694586757,36.920749556019366,36.15070181494722,32.93105582659169,41.27568989935715,38.199833606736405,42.66455275630964,48.05333368540528,29.10389678939319,31.413864185681657,36.83786195633373,39.40712016998465,36.15364181255054,44.32580909089488,31.779062581657918,32.19421199658406,36.50661824387974,35.92440936685698
27229,大阪府,四條畷市,地方の中心都市,6.575317386897851,49.0931253828143,43.4378834182022,37.919031776847646,52.28663165478008,55.345556891151894,50.254603117347884,49.31545659640072,40.76456559636194,52.23609439063244,52.19935174867485,48.49625707248858,47.74537814301682,49.76357086561212,54.53911817842512,53.89840845132613,45.39480293140026,45.49346695963726,48.5808161070398,52.317266421716056,57.51499275627673,57.21467003682713,48.55042241861129,48.594044937465,42.3925123605644,43.98010635673695
27230,大阪府,交野市,地方の中心都市,6.691772704405983,51.4033701839593,43.20899864227933,34.136483530903995,59.33464691157974,55.14331828458306,33.038584374625685,53.31650372953693,50.666899472538816,49.84128718208968,38.112644364118935,59.538773674933715,56.55625233835934,50.7745774893544,70.18162497964398,67.2231553936304,41.966728335077626,45.58920830569407,63.404567968020515,51.79205159252326,61.548990012393226,63.409206547587,53.905272357838406,48.79187651236393,40.036120461424936,42.1631119539223
27231,大阪府,大阪狭山市,都市部,6.758410189841529,58.43612651704807,57.37599485124954,50.53521169411373,57.850838309339196,56.16333185247892,48.82534527102606,65.57612519856151,60.67225863066448,61.03959544091288,54.41983510693851,62.99552267985079,62.37592604480186,59.540296710149875,57.86423108744591,54.98410223813177,60.2823903598945,60.645810341732336,63.58801939120078,55.23103206000448,58.263509147340265,65.27399652430088,60.69251311314687,60.67554514349365,54.022645221046496,53.57295999132862
27232,大阪府,阪南市,地方の中心都市,6.519004350045866,42.704969888012876,38.158241611536,35.815538179507556,58.242953641033466,47.1810022960218,41.751868865516876,40.04500228946854,21.963042257344597,40.00707839595905,37.84931737327456,40.87684434494703,43.00477829075459,41.953737521913716,51.104637575455534,55.844963030776825,35.97155227124505,37.74288015208053,47.161900583875365,45.66698955008966,52.59256856940886,55.42579820046308,41.31234632243,40.68056074416715,36.196266946134585,38.36940829890462
28100,兵庫県,神戸市,都市部,6.495239671255162,54.95216133099447,57.27855036079325,52.32022413745184,49.64986361217928,59.72946283226658,55.116129231631014,51.754893251459514,56.92010562998565,54.23913579072728,55.61307311033934,57.00050195777113,59.54743896663368,61.57902137687634,55.30577201152205,51.44162253125482,47.98444353030048,57.233054422345,51.969540769239636,51.54908239483653,56.981141429196725,55.209357055443654,52.77463619585291,56.20220567814668,55.71295547022308,55.73966019739085
28201,兵庫県,姫路市,都市部,6.484746001637834,50.99111446330859,49.91294023264082,48.39898654566378,51.01548075565119,51.21628570690949,52.037264034765855,45.88582296813424,49.04124636858624,48.21863352173558,49.60020097012529,48.161461163000716,59.1991481215949,50.31228987505377,51.60040327747572,48.39125935039355,45.65813537748144,47.57661106520051,58.05585029232299,52.88443656033941,53.9883643326748,52.17082829961829,50.88380081295569,54.50360408165369,53.131606076945246,51.94208732848314
28202,兵庫県,尼崎市,都市部,6.572395482965832,54.428505599039134,62.67464222799965,66.09611150811236,49.18558720624469,64.66460401329635,65.1348394176824,55.46583867298761,58.0016417531162,58.441154017511295,59.692281681238924,57.105522753807904,47.82372009129933,54.48828091947634,37.722287726557326,33.10960554111378,47.67621151977833,51.74351339649422,46.54672449286044,50.65738586210598,56.60303180462153,59.6210318727802,51.12947215033192,54.9940675733735,60.62332744693291,57.08325072721623
28203,兵庫県,明石市,都市部,6.4854260474140855,57.62576936688801,58.54549280977672,55.153198481564644,50.50171142528754,59.576022826984854,55.702216511319655,86.59917744865422,66.6494056845209,69.64461120393615,59.97744049066387,57.044985806730665,57.582452827897335,57.049539201255726,50.720512768289744,47.812688994221155,50.70819766317138,55.61509352296162,56.3318355581246,57.50174875928901,51.77728780772017,53.84553416382459,52.654666985316105,58.67535732839798,56.712851856319624,56.63643467908422
28204,兵庫県,西宮市,都市部,6.716143646059511,63.44698268730976,63.769555526760854,63.07853074431314,51.852705616592345,63.19599145011465,67.0121784056222,61.90329843314235,67.16641207973672,59.23535649958422,61.62354910062263,67.47074419205293,69.27736194459402,66.31234445667516,62.88939583926307,53.39175378751256,62.35085176075947,64.67778609484091,62.841029802376035,59.56886585925196,61.273355191657814,64.44903909872085,67.40771418130115,71.84225065312182,65.08268410849556,65.05482966832189
28206,兵庫県,芦屋市,都市部,6.595412102419067,59.72444594536567,53.25665581043215,52.371538173825556,45.79270480971503,62.434666512421074,45.59262808824398,50.83746766215905,53.23769351554908,60.980346186873675,56.068755721429376,72.19859054760744,75.80496098518309,70.90645051821673,69.70930032848688,59.988590495645674,58.55632639321249,65.4903602096377,57.301776971936235,56.18049818492316,69.02058519456425,59.07756655291299,64.11275214353046,64.20072561143581,53.36382337871238,56.90193869212205
28207,兵庫県,伊丹市,都市部,6.67797665798481,61.68600672851852,62.62548270544631,69.12449673203967,50.5712591299103,61.74425496523209,68.13520077024671,64.92742235739601,64.7836462273526,66.12982200186534,64.94060872978024,64.9610962256319,58.66436535857701,72.59235522131947,51.54473463542261,44.9931617498499,60.20937374395142,61.37394059771562,60.46997651995157,58.462923170966874,59.6289497669723,59.78082696156563,64.28186443025892,65.45864350621036,61.86486494626261,63.194891030519074
28209,兵庫県,豊岡市,農山村の小都市,6.074718969013809,39.156221534204334,26.97647052437492,29.77341726491883,53.00629026207733,31.86996754456871,28.74678836055378,32.859282737465094,24.447515021555002,32.08346048626153,35.55099728497059,35.28404274155154,45.97030002002239,42.16780267076022,59.022665730811966,63.87490268905219,38.80751824958679,49.79422279298864,56.98040430962211,44.11636921994682,35.58484822951748,35.48790017675749,45.93196461360397,32.42697594416832,29.110416039529092,29.87479390623941
28210,兵庫県,加古川市,都市部,6.438138085257805,49.14704261279909,49.1964446518696,53.78609932224482,51.09086452035371,50.63024026050685,54.15599331143345,46.960275284622384,50.36197909210896,51.85136841434932,56.05374935946217,47.705896096023814,43.66680328904922,52.92851291387631,43.607936548901435,44.02696466172765,46.159973359448024,46.810266354607435,48.28714070411321,48.85488170307094,51.0378157605577,49.050168232875635,44.33970302442009,49.07135644323926,50.63652339878682,49.25806599952951
28212,兵庫県,赤穂市,地方の中心都市,6.7431272107377636,46.683925762640555,42.230769253564084,39.848345000768944,57.63806425212843,38.062658597550765,36.00563824095661,44.143537292181286,40.58610353279223,39.76850092404431,37.10828772074117,49.893786728836105,51.9753924445366,52.14737712397162,59.97092453804333,64.93996029071333,49.575219775388135,48.41443866782889,51.14453310484386,45.2688243849592,49.50633582920999,56.78075551841987,49.7303220163777,40.95857701770305,38.06193809221584,36.65392795559808
28214,兵庫県,宝塚市,都市部,6.745594053661099,54.33669138195339,49.143716502360384,46.25237983782552,54.392600661603424,58.3281700052734,49.87402588824198,48.9480479977784,49.39405781508248,50.009997958883005,48.35683797967411,59.56379800374207,61.46782894653129,55.15530605691318,58.242174089155895,56.503237831127365,46.65277017836909,51.79512326096379,55.06489480233717,50.36106421277777,60.068339701041474,65.6542003978118,65.12993728199672,58.48760851216269,52.586861904858615,52.647613340369865
28215,兵庫県,三木市,地方の中心都市,6.5347790644752175,40.43698455043181,39.14262147818361,36.6079157570788,49.50614782854277,39.081207861707725,33.09161810612593,36.472682308307995,27.678481162450755,38.585894907098066,37.47892008900183,40.725719740474304,38.14429610332326,39.908345325744854,45.67702208985097,55.15376528246835,39.96330972210182,47.71553919821406,44.3000736770461,38.006380942069526,45.63217826661236,47.522704097706125,39.2592088090759,37.169616757159964,35.62454120146073,38.03943849855776
28216,兵庫県,高砂市,都市部,6.3544826604064415,43.038662455969316,41.718871284195956,39.48379674920756,47.01991368781525,49.30199770265138,39.377512790043944,43.12143268358359,44.410833060393976,43.113468297650776,44.48246051505865,42.00399965639534,37.518352062862334,48.74152565860086,38.335451893261954,40.98938689000627,41.07031553757873,42.6385976178062,45.000892535569285,44.192840248284554,38.63837215616113,45.39591613819939,41.778307508551265,41.0695914621008,48.83079216348969,44.69327064379477
28217,兵庫県,川西市,地方の中心都市,6.648897171116079,50.85570738588321,42.43074644535341,45.6763541914015,53.388319732431526,56.49328966327002,44.09020063533969,47.71384948259997,48.737963472551726,50.36093514815438,49.14963888836297,53.58073508200811,48.46652219868876,58.672290264146085,54.867285738509274,56.68730880400256,49.100745448718655,49.30032866021048,51.86038375387202,49.687572594305585,57.95663425504823,57.22668168529823,51.480560804448444,48.52605361095962,46.17388403526594,48.90869266624985
28218,兵庫県,小野市,地方の中心都市,6.406481183764227,42.072897813186025,40.172098292040936,22.911733575180712,52.35398595782477,33.88424847616818,30.215818356619366,60.22379079665256,39.6123956685938,48.52702784029697,46.69549696719408,40.37697490546716,37.4477418264229,37.39721000930687,47.790466201512665,57.33613716125816,36.918223635531106,47.584172479266094,43.24325989221689,39.30025003973023,50.048046726749675,46.93916966916298,38.63514792535136,40.14725844574359,35.2346737300289,36.754218938144824
28219,兵庫県,三田市,地方の中心都市,6.721880380641835,55.803937682488176,38.08804007411286,45.541502859662145,59.62100535312821,49.98685284832811,50.52288029986595,52.143793716492986,52.36140666451689,49.0760500163578,50.56278603863649,64.19792985292914,60.4741938808755,61.77693914596844,66.30640679791739,67.86505270684421,59.01201491355021,58.30734578839238,64.11520906262416,56.29434762529705,64.01627744888657,59.740954530146205,55.43041022464619,53.937376675950446,49.1307822094549,50.78494564513219
28223,兵庫県,丹波市,農山村の小都市,6.600764617189359,41.64049825086711,31.662247908055374,26.89330550840169,58.1605254081568,32.92700758524924,31.808079455090926,38.42361333369048,21.92666824450664,34.22234901955384,35.77602249236581,39.77298993639835,35.69438437331412,39.54100475968697,53.40081553750045,66.25069812567338,45.54791593765161,41.13300095244243,58.79459090340674,48.45430788186225,56.02668160533999,51.353710792271414,43.937749327339006,34.313312456163814,34.904297216733895,38.44667925995563
28224,兵庫県,南あわじ市,農山村の小都市,5.804168947990113,36.39442871246816,21.293697392607275,22.299092643516758,46.010684784299094,31.063264840472417,28.493882863119367,43.48251103381851,20.97850882593912,37.63515695347677,38.495607024123935,24.68455794621303,39.389441588583914,32.67956326916662,52.22481108089764,56.42993784782129,49.7941634984535,39.087144473891925,45.79648665765895,47.76439905468842,26.88561014598923,28.969500303785555,37.65986073500614,31.080195886219585,34.011984295545346,37.25622595394166
28229,兵庫県,たつの市,地方の中心都市,6.544063330799686,42.1915296132751,29.790404046800575,26.45016620959162,49.06644470317468,39.024154862840255,29.613680144691646,41.3066266253939,30.98098580368028,39.7298642095505,38.375037866252804,43.517640921410226,47.09091913564569,39.974736025075,52.370570471100066,61.54779583416835,52.63224955863946,46.72633378510797,56.495167855040215,43.27807254722659,43.26256954070669,48.23816158113676,44.844656706276936,37.479460238996104,36.563254565372375,34.237757480723886
29201,奈良県,奈良市,地方の中心都市,6.644431047848719,52.03269598600716,50.632225033250116,48.663057897199465,52.79354853778882,55.84234352194256,49.1484711513006,48.306208360389235,50.69039440755875,47.84740719765164,47.60353963778948,51.48453877300391,59.89167977614569,51.85488315273422,56.91682235293005,53.579670897720916,46.79403088190105,47.73558965123655,54.46111029778759,53.505503121080245,57.12031426086435,58.621163743781445,57.70589905573043,53.024859873772385,47.18347134303545,47.37797073757714
29202,奈良県,大和高田市,地方の中心都市,6.211085820414653,38.789683245376985,39.42556833021369,47.609827374444514,44.56701714183141,54.455430406288976,48.87083258574036,33.441654714819975,39.626052758134186,40.50265652074247,40.8612457459607,38.531345016027956,38.654365844834196,35.540101598421025,32.214283330521035,34.74532598391696,24.05599799099502,24.389663393080763,34.410868463638494,38.28601579991293,45.345818796422954,42.59680983974393,35.61208667686415,39.61731389072368,39.38076572687037,38.21134995889799
29203,奈良県,大和郡山市,地方の中心都市,6.593733928467259,47.40135086843973,46.252748397937324,37.478432934391044,52.35207151394946,52.49522689608929,49.40542315348263,42.65812440002695,45.14996426810377,46.45557057185639,43.72755697780913,49.55834898907267,51.978946307542365,44.10565169662531,49.388604133891846,51.90532020294327,38.269175575990396,34.9035482857963,50.117654032538404,46.40087264329227,56.95862411865144,53.57476167813989,48.52748935142722,48.89755270292626,48.353457505169224,48.717294504900714
29204,奈良県,天理市,地方の中心都市,6.433451074408159,46.12022984721689,45.861889465754274,38.658057765222814,47.76601293520341,46.09123598851442,39.920098275334276,44.102160983421925,39.02063923726644,47.65906948379386,48.07911033173496,38.666084208252016,43.73305449963038,42.56338980294603,47.90746686800697,51.77670701140645,46.454891648657664,44.34970755872715,55.00005808871439,50.59491975948601,55.882145507137935,53.619301596385114,48.502177462247225,45.7366071728063,42.94450733652388,41.996223346031655
29205,奈良県,橿原市,都市部,6.557244997745487,50.72497326729379,53.59286611493768,57.97376870868671,53.022817264215945,55.699107634267875,61.130893280449264,46.034377302089894,47.75389596847961,47.089227832664434,49.381121098347585,52.1358844885362,58.91325509624162,47.165290973800225,58.14285172243832,52.63530118085016,41.52441070342438,46.01958063631712,47.26192590914232,45.02477282710301,52.811001160210864,51.07458913635138,47.58849898357708,48.98291001793871,48.72684483711405,47.71416553786667
29206,奈良県,桜井市,地方の中心都市,6.2549831748280065,40.91468418355295,43.69216853155852,38.44988688348517,49.17022236101293,48.135811709199466,35.3074909497472,36.04258598559417,35.87078814775316,36.87948248038285,33.46590762392118,37.13420901477882,45.3518425086603,36.45635116025072,55.80966372257369,57.08087464438045,34.65488394914447,35.840583704992376,44.22159558606812,41.29614876480997,43.82320266763322,39.27441066475948,43.042105699052904,40.86355160898269,34.73721894684792,35.351433089681194
29209,奈良県,生駒市,都市部,6.626244337733308,56.08197969736148,49.30914325061015,40.80419927853887,56.01211390181188,56.80312821392246,41.72183804287134,59.585105108150714,54.20660701066153,57.48951619469858,55.87626111265129,57.709310097710805,54.680942272902456,60.609200348050386,60.522726279825356,62.54532097596765,65.24429171442492,56.937247116386594,65.11435783218289,57.53463320535743,58.97660636195496,59.83179525389103,57.01838026232626,58.90862163348788,47.31548571424423,51.21068155404612
29210,奈良県,香芝市,都市部,6.506606075934657,47.36802397759306,50.123855604120465,48.08283703521257,52.23076520332773,52.95323948710805,42.908175810510905,52.50618856128718,50.42588834414085,48.453637782457335,45.882287685357355,43.94456587448052,41.75507231955766,48.75796566744016,43.17676260479888,48.42916795872106,37.211979726368696,43.843296416442406,51.717139320935814,48.25385203133641,49.6513001906701,50.83399595893326,46.66793548549265,48.44076349200463,43.647331702733844,46.9345711987951
30201,和歌山県,和歌山市,都市部,6.400697723777969,43.12381671043919,50.67973683739114,48.616539055486825,52.57728940302512,41.792462971072865,43.01243390809758,38.469209749968144,43.82886222692875,40.75823039010906,36.237112335962635,44.60273440461934,45.63735314991926,41.90561096693601,50.14171432845237,48.68671254640709,32.785996331132836,37.992815459983916,44.481118720416795,41.36508905908377,48.989754003227404,46.442942104893014,42.173758160152474,38.491649137339074,38.94072876092488,36.361747039010524
30202,和歌山県,海南市,農山村の小都市,6.571156542242574,40.33463250553522,34.819753921061995,23.675905972357604,53.6274183826391,34.637940159696996,32.569993459958425,41.4854671451485,33.16357612307883,41.172613574268546,35.799330397056664,37.31121092826866,40.227097877067905,34.924064164085124,43.66176765190767,57.79354265003449,37.02137952506617,42.60339481088319,56.063382564218976,41.5164145906264,56.46520745476883,57.62729579540216,41.827408203040555,34.13991541767047,27.49953260043886,28.397566764099196
30203,和歌山県,橋本市,地方の中心都市,6.469873837931413,40.662637622782384,32.84602260450394,29.107547848229625,55.42743995443186,39.4581270557033,32.180462763556804,38.981104276705615,24.576208952653133,35.924765233428666,37.3326026556697,42.716818577995866,37.57840858327294,41.80671684953232,51.745019555355384,62.7850943154496,45.37699582166066,46.67882960885597,49.416707447317364,42.56010720830018,45.970479001577445,42.88917602324538,42.90349319412711,34.237630821863235,29.568204692601686,33.83533990073951
30206,和歌山県,田辺市,農山村の小都市,6.394856691132482,41.30760504864118,35.51430825875239,39.63106611665519,51.58840682642485,32.092605082410884,33.16091357873465,39.22431234602112,33.086784108789665,36.5082280097654,35.800309737568156,43.92468814811326,42.85362448396027,42.102233446770626,61.330484498886825,66.7971896850231,44.08448818539996,44.84869198723564,46.920008328089175,42.13116510870738,25.504388871495763,46.41332485262654,46.291341474567865,35.41000549233061,32.30960805022911,33.85434448882994
30208,和歌山県,紀の川市,農山村の小都市,6.675114344170927,43.76335549902165,38.97862056945555,28.36139048566342,60.01998347433644,32.18229377581328,27.129537207280332,49.936643642551715,36.96825690616101,44.57020772777794,43.37766133650959,47.087082369660166,38.506127946566465,37.03225689725989,55.814680157098586,64.54921938944749,44.65336477828194,48.113361991023886,54.96263021047167,45.63246682394342,49.084925698412164,55.51431030050132,45.48339844697175,39.940718094114004,30.08060442727861,32.340789319939034
30209,和歌山県,岩出市,地方の中心都市,6.373676449338201,41.76522991552967,42.97323020679817,58.30713674942223,51.29464551370363,36.217544701221186,44.22403552990532,38.39411672422145,35.996669092034026,37.49148009411194,37.95536538018307,36.523713708267366,40.28199349551963,37.319766005266075,42.56292331389699,50.37810956555563,35.37253951930749,37.320955115742635,42.40819717867996,44.360039259701715,42.848066556063614,47.002160378132366,41.76443447112765,40.583134892366324,40.36900003742733,40.41626048405645
31201,鳥取県,鳥取市,地方の中心都市,6.395734129672606,46.92592607270244,45.70707511956355,38.47261907584913,55.927562509981776,35.42146190357968,33.719829834421965,50.91942372592678,46.39178691403629,44.89169934246871,43.63086908580635,49.17335428297655,47.53742903024175,48.0821621565356,60.61904589894118,65.12926888063126,55.30856039864564,55.982524106089095,51.18662625880071,43.499271989859366,42.87828667672986,48.49833550895576,45.07086171831109,43.32611437824371,36.234112802745734,38.61394414551722
31202,鳥取県,米子市,地方の中心都市,6.434853880151281,50.04103224016956,61.040469641853704,48.48408221041544,56.26005530349587,37.4057761667824,41.38626965366167,51.10365152525221,46.89871060225774,45.51500256803043,40.82826185530032,49.6133947080796,52.94033761864082,47.16160445199329,64.32819670034347,64.57304418823574,57.27806139525923,48.99462945448907,55.00192089719974,51.395867777607684,51.567389633443405,45.699380989790356,51.656024572248285,45.66534940974334,42.43558680028878,43.75170563965691
31203,鳥取県,倉吉市,農山村の小都市,6.359719855423803,44.523801706684644,48.85690721615558,35.22182240124232,56.12611090946569,33.92856749301923,31.473580517845566,46.79587842873784,38.77856903187315,40.38421211498261,36.157075513736785,48.418811838134765,45.77181006208936,45.292312242279806,56.45511878126622,67.533227423721,49.494999617886926,49.00594509291402,51.56509878048774,46.4487968226758,51.111058500056686,41.557549077094606,44.17190033157953,36.01442415781422,32.65542020705745,35.352044398314646
31204,鳥取県,境港市,地方の中心都市,6.2576223820384635,41.973335937660785,43.36322041264,36.929712276169795,52.75026079516816,32.98998457989649,28.834386457559674,48.40805598469289,40.51344929519937,48.36186918479199,37.97087030971911,40.93448653339914,44.037712827224226,40.400145573507004,50.38597159135238,57.59405547333775,52.27688578477575,50.098777164266366,45.90415929188311,45.34200797536813,38.81749540133406,36.946973773295326,38.59437670785512,32.83226146526863,29.76810332141225,33.304840323742276
32201,島根県,松江市,地方の中心都市,6.5529149032034,48.78153911046996,47.0549912181223,40.58196075453784,50.113160858287856,38.022117989056255,37.39005243471135,48.249258435152086,44.185653514374955,43.226415600733624,37.03172293387041,48.75605822648533,60.07487892539246,44.71761232995397,63.95101892129138,62.96824300286051,58.484680240060285,46.22669348880193,60.352060729801714,52.029197252499124,51.079038207077545,47.17247482037929,56.992607083116816,47.91247187486629,41.197436681857596,42.98713312798816
32202,島根県,浜田市,農山村の小都市,6.382166784821232,33.017741994866455,14.569264630958749,14.653077108912,48.88453983120121,29.31010748040918,23.98082465940213,30.170277594463894,19.515282492984518,25.919702398226086,23.473397855370624,29.940628137085767,31.233132271546825,36.34635905766163,47.795889550175794,61.936925898031376,32.28865599938212,38.07903848795515,46.628989261931174,38.41405301380455,44.69365236338241,31.443009083770615,44.52206866007015,28.563435800640274,25.000416448725836,25.063079790703085
32203,島根県,出雲市,地方の中心都市,6.60834198004931,50.659420352270466,55.40488601890711,45.9644282592257,55.05135055911782,34.22699898469651,41.26556233762888,50.713807726785944,48.23537164118823,44.55226870143961,41.7795036978425,50.17385882606709,51.32573658492979,46.230111162918895,60.72667164047527,64.39792193300545,62.09851727048313,50.920740704486334,58.27744743140509,53.262245475757126,53.98758021774957,46.21891777290471,55.48667369268979,48.891850179449904,46.779642438409404,49.85399519692744
32204,島根県,益田市,農山村の小都市,6.225558776100281,37.46370501031119,13.685848477782365,25.61848682295559,46.72979516340705,31.879193059088923,27.571114102998823,32.047217806425614,22.96727782201364,31.184400728471296,32.61819064927926,36.407824985883266,40.61490395671465,36.79787352714797,51.73240634964213,63.81003971094283,42.27422950495088,40.666222086441145,54.18373110297327,47.661346362877474,42.068435415875044,39.73480287404188,44.46000778789918,29.76630755587029,31.974215790259443,32.67504860352664
33100,岡山県,岡山市,都市部,6.406401684169578,47.857985706856766,56.42797878495066,52.83705706202208,50.6832249608731,50.0110775056078,49.12836668767416,45.60153960351364,51.827184681149745,45.850717653648715,46.30907365129708,47.73787265569337,44.607037962691805,45.9243521926562,42.99937835661198,46.453045212698406,49.06682034112278,39.68681314030505,45.78137138929166,45.75116135107551,48.211091235673145,49.311684870742695,45.52721047534401,48.6069891580613,51.15576160011778,49.09484643173982
33202,岡山県,倉敷市,都市部,6.4828243806188715,50.80834937016648,59.96778486916801,55.34972310830085,52.804327475141484,46.14072731065783,50.06375389886185,47.29593476246584,54.63187376302588,49.21296189057156,47.99026045562547,45.996330342528026,56.694868941678315,46.408374966158135,50.42826319478104,48.19912767824146,52.357176751597564,44.61564227923727,52.40804447665179,50.53769333604074,47.494912498993536,48.85211484803432,52.22435091652887,51.921564773121055,55.08562069448216,52.718951652102696
33203,岡山県,津山市,地方の中心都市,6.42448032001934,41.39235357836392,40.97750431448273,42.14655143766881,52.792211824695435,33.612337613539495,33.01408730821366,32.4468798876714,40.086336419394236,34.88680085459749,35.10982310594441,35.71061654388024,44.89575685508963,38.038110819139966,49.1641604703817,57.26324686556816,46.110903859123496,36.71988041821887,50.27704670263125,45.94707579483283,44.671094664525285,46.392938302917266,44.12095307350007,37.17370471678486,36.35920907651558,35.49925495141727
33204,岡山県,玉野市,地方の中心都市,6.525690841314465,37.288835998016296,28.93972774829201,17.47711790215452,50.11478574484001,34.71453846350501,28.514773335404556,37.778973389518875,27.870088606121328,29.966470556433578,31.74432246541254,37.76110126335926,44.393642679756056,38.61342640663622,48.52019090357626,54.833483884836696,35.685489565124946,35.54916462695993,44.87500230541152,38.611703385508505,44.955544791950786,50.84742632811539,39.61799240326988,29.49148645451916,32.876276737654464,31.17933400402973
33205,岡山県,笠岡市,地方の中心都市,6.684114043947658,36.5990967199497,26.401297952996824,20.974341083935283,53.54567426462933,34.110040992920794,22.492586663453263,34.73332028403962,29.372038237692657,30.900881393377492,30.329840979249788,37.68478505571624,35.790667639080716,33.44964187078495,42.49654985536424,51.012143022893184,50.494586813411814,34.20042224114523,49.67981280355741,42.45520795820577,47.30750013215091,50.99925614623744,38.486088459297854,26.655176216987833,28.241013883605863,26.56544732805832
33208,岡山県,総社市,地方の中心都市,6.343513586110261,50.212748935934776,42.28251228069129,41.28960936103965,50.54302811386982,41.49177823110157,36.76377209474141,59.799725235179935,50.11207675357438,57.3333998468712,54.82652343449481,47.63364204843707,49.01447204341559,48.82972080726494,58.88592059477911,59.81518603559406,52.952805027580986,61.00073900744272,55.990787568196446,51.208115486561,40.34855273519301,51.21525230468745,50.02805139196993,47.96758390885513,47.77150663532007,48.00121351557329
34100,広島県,広島市,都市部,6.525987931557536,51.33838358994929,53.875172893797696,51.42337832658149,48.13917073738022,56.997035459137024,50.88569154531863,47.96182935229463,54.91199592249237,51.071147362692834,48.95672069805511,54.82035724073654,52.622987752214286,52.14948694133269,49.60932491754817,50.20259956726022,44.25900526164819,49.1786235296326,51.40071255535098,51.976202158421785,52.60958729503134,51.029058397581316,50.62404036090357,51.06726294914121,53.88206168183922,52.46775325239091
34202,広島県,呉市,地方の中心都市,6.681034069783896,42.5763315509672,43.92320040904421,34.77889911803472,47.28166205653948,45.94888567955912,37.50358281089221,35.198092784427146,39.17316306507514,42.0347691942861,40.11725776764752,42.310959551573774,46.86310802179358,42.588025524915714,49.38769099022224,49.50583131869454,42.91713453685157,38.30253123049951,51.22753369609362,41.88432590230114,45.55727581342551,43.10862539935762,41.67178985717466,45.03082877686334,37.93903562970672,37.57774808823367
34204,広島県,三原市,地方の中心都市,6.467179177443551,42.58900023738531,39.48279119207813,38.033974077173376,49.10094103450677,41.320999665708776,30.528064852153605,40.17978020977683,41.97369231104629,42.328085984861154,46.106836467666426,43.79527887643965,44.30489163459909,44.16495362231255,49.03439626560532,56.09538211025851,44.884862787864726,40.7292521973703,43.34201104476636,41.011806019941254,44.24906173287362,43.322917245883346,41.54247912381158,41.234821216269715,37.91526745718528,37.45345856709483
34205,広島県,尾道市,地方の中心都市,6.318679886173894,40.79616831021057,38.05821654577943,32.82519222405674,49.59369642119716,38.97466971385269,33.883427124004896,35.525310710384005,26.13256779139092,34.95515103857417,31.98815154007206,34.855141395465196,51.785927297823335,37.92617702872106,55.4777369875532,54.338625522944284,38.17738743130259,32.38834094121748,54.27311893998866,47.7535434933947,45.62755011539881,43.032484322214465,49.91341566416481,38.55963097571887,36.30081484245285,36.76176137738138
34207,広島県,福山市,都市部,6.327133389228443,42.0243863158513,43.64993649170412,47.83568794657345,45.95413860949903,41.05255125825413,43.57911352767674,38.75584810578072,43.16979747827317,40.503983639497044,43.82197962027354,38.71865422453759,40.93334196413571,40.09862194702213,39.51774266033523,41.09480870968535,35.792409290678656,38.59099766598459,41.97353453150791,42.92501965978515,47.29000683567597,44.640201203684846,41.606071329553096,41.40359978548404,43.23064911858308,42.44657597624609
34209,広島県,三次市,農山村の小都市,6.157549464156904,40.59963846561447,35.639717307259396,24.22908945475241,44.72693735124303,32.20553847976649,25.36071968362812,43.36428699814221,28.249674812150953,36.94869722387377,36.03575389968129,39.05949399264125,41.7062191956024,38.11451131828562,53.78744856040655,64.23163378946505,45.12106385125604,51.21930053822671,60.009049725339366,51.269832759074774,37.00101104814381,37.1942314815702,46.95791751237419,38.55710243466818,30.837557421985696,32.564534335209956
34212,広島県,東広島市,地方の中心都市,6.582708971171904,47.22407187526387,37.65717592193751,42.00531465490901,53.85301003286191,41.627399597682185,40.979851824221164,47.8128175977433,42.89884065222648,44.837625936309266,46.072022439969075,43.78172628951604,44.98151739378802,41.82372597640639,48.10818152883723,56.78018967475111,52.646824292755326,45.98038896555465,52.88265133370026,51.06738152692832,46.571755182844655,50.714440096265704,50.92928179924334,50.56207363614949,47.765386917370996,51.03814173436141
34213,広島県,廿日市市,地方の中心都市,6.507841911122852,53.06447473208955,48.7401663178508,39.739721173433246,54.78803515069819,52.078488939535674,44.838373777741445,54.13943270274438,46.595229386353196,53.80321137889372,50.192621903331386,53.857764445870416,66.6695629663162,49.20016917868459,66.3105420125678,58.40963766630103,59.590416921538136,55.93561970958611,62.52668162898605,55.477139783789276,48.51249816431984,44.310878288857424,55.96148590255096,51.00410301385389,49.34048074533451,51.5251324110111
34302,広島県,府中町,都市部,6.685467000871073,62.08281669177329,60.424810265859996,63.58225852827364,53.300009959833616,58.49402167569349,75.15202105746789,69.76417201975026,63.37681106596545,67.05302687463269,59.98007607874305,62.93101796816285,55.6661406835145,59.29535607889474,57.31608635539799,54.6194915637033,59.23609477091357,61.65866898938775,66.56527706994095,65.72944104470653,59.954188091700594,58.57565013346974,60.65088142113753,65.0131002103936,66.03196978252046,65.61702891249496
35201,山口県,下関市,地方の中心都市,6.453005283357108,45.63190003621564,47.53794785645062,41.41634541991479,53.94438934245165,45.25133932058031,43.69196848139413,40.00872475465771,43.196925807117026,42.27110911401443,42.51951209961459,42.435289871740935,53.09028608787759,45.680810073260716,53.92576341039417,53.921866364112965,44.62025390105695,40.05338826566549,49.3447910496563,46.08242462895199,45.23838029342364,50.40103000271149,44.901347993846784,42.286311235945746,41.419227112300256,41.926168382035215
35202,山口県,宇部市,地方の中心都市,6.4066605925979,46.701493419716854,62.07090334278456,47.215386176325616,60.09373988462041,37.53522597775432,38.10735779263579,43.62465073066662,47.849542147219594,44.37767437004275,42.928741302805356,45.82905043644424,42.80293227333517,44.46119473795441,45.8347007632724,49.722497358647736,51.58371490255469,43.8434754402666,51.41687454204197,47.73453541012883,50.79192603112698,51.534509683072,43.56565421588125,41.39112657375778,44.2573423075707,42.26308567229482
35203,山口県,山口市,地方の中心都市,6.604059606530953,48.42549816530344,48.491913951364744,42.73493087284726,57.40245464076924,37.28803991832672,37.16141862541931,45.70299648220576,47.988497683282894,45.341265198766784,44.058059152038915,49.48938745325598,48.36999070365038,48.56775334027396,55.537472303472946,61.41586451953417,57.178811589967054,47.86408585532747,56.09339678558782,48.93179233499794,48.79493975077096,47.77241196269813,50.75662408318592,49.65371482454971,42.48585921873742,43.13027471625122
35204,山口県,萩市,農山村の小都市,6.398177055545999,39.731311749699174,10.672423746638728,21.078344449348336,48.78877201990709,31.760032886203447,23.604857225077932,32.77947330905655,29.309751592999092,35.61416819347319,32.43754593393261,46.72713905392933,57.08850124319807,40.304818053042126,62.462975260972485,65.32523746370374,47.42533754891015,42.000538462727235,56.63141943938979,45.407988459107,41.320432017953635,41.25010498768728,50.16867124088248,37.24246422343916,24.586119603783736,29.56436557741703
35206,山口県,防府市,地方の中心都市,6.561391489384522,46.58574635373164,46.834223281443805,44.083841490445224,50.29087959660716,37.94916466723896,39.3465191880106,45.56798477085565,46.666210306290694,45.59295362993607,42.44045266276451,44.71031614226348,46.393930800145284,45.88203743391506,49.528783621869245,55.8835244264722,54.91605299559532,53.84631314837805,48.204462085142715,46.03379292929003,44.48891413608796,44.075380254110584,47.29559799253645,45.344088259299774,46.56041056346433,46.1220781073964
35207,山口県,下松市,地方の中心都市,6.533532528275395,50.113530737720374,52.53729417356955,52.32615899708848,56.73689121758066,38.60826983617222,46.91027862855477,57.27245611578163,49.48468785033848,52.52026799943922,46.882947745241694,51.60080800975983,46.35766890830458,52.17290974388196,49.34454115847968,56.992955492480526,54.416073938680434,49.400832810656894,54.62349298081938,48.33838953729326,49.28745072567747,48.932158117759926,46.054703048337885,43.17763253341817,51.010561576157926,47.735306559814546
35208,山口県,岩国市,地方の中心都市,6.478547078336894,41.765422026883414,34.39560338032247,31.450784222012324,38.45713613870865,39.589376475329686,32.20000315022254,43.015538370425965,34.50298619238901,41.2173390295229,43.008771522471754,40.67560297041611,46.95489576777928,40.30029355918182,51.40961136694517,55.256044371895484,49.468144396818765,40.918036323749,45.91548171858415,45.7105404962035,48.01072692462803,43.18000067323613,41.02087945187257,38.07293464084454,39.443184425450696,38.19621307619167
35210,山口県,光市,地方の中心都市,6.595964610392262,41.590795690594675,35.614016609508106,25.55565512762622,59.58252213162238,31.463602529657464,24.65816336962876,39.090523417245535,35.683484093967884,34.481506573870476,29.880375519041344,43.76952744920486,40.379509619967905,44.87931096933851,52.61920396344552,62.42011106922195,47.405815582091876,38.35755903976465,56.74442837557623,50.86278657094627,45.13558026224446,48.38274822553075,43.64840503560609,36.34945982181581,38.76640728744721,32.448393929902025
35215,山口県,周南市,地方の中心都市,6.536386733006899,45.425605414272205,46.438488201771946,38.93651276316481,53.68912076312216,40.29429516573781,35.233218748522695,44.46994424744225,45.47429876630231,42.189837500214054,42.72511173771354,45.348490666120206,43.37587337983783,49.536862542847466,45.326523624672454,52.3638216433025,46.31694414374478,42.122123421635024,51.85872145729495,47.01139235806595,47.34425303861225,56.944570271706304,43.69273624067651,41.73127744582469,44.662408912292534,43.127702901908044
35216,山口県,山陽小野田市,地方の中心都市,6.509335717155768,40.46975077813973,43.299278743297876,34.81564011277169,55.009772780824335,36.707820054037285,33.887891571894095,40.894229646818424,39.80907967334728,39.670264634923704,36.04552415582205,40.54197236000039,37.022690728229165,41.360252340177404,45.5907221564018,52.29277563942694,40.56070715839904,35.081851460082696,48.930634166897875,42.329241477829356,38.630609975602695,37.780068183969306,40.863891373484265,36.039146935488745,37.16967184711227,36.94028149851502
36201,徳島県,徳島市,都市部,6.304549731449036,43.29753939029034,55.52057353380609,46.483327344514244,52.00288915893241,39.61192128094404,41.516822083545826,40.86443329719458,50.70737065921842,36.874331844263324,37.49577397960306,46.14306388766261,40.315055341176325,41.924249741128335,46.42199895771167,53.9455937132346,36.71982884293911,35.87993717511033,38.32017335344288,41.747420881437236,47.2808268189998,45.67558140066125,41.83585473859317,40.238779008777456,40.94017821111277,40.67496011295863
36202,徳島県,鳴門市,農山村の小都市,6.211942564459491,43.205410924591604,42.1062164439874,31.99545331802739,52.50763454352668,31.86594257336973,31.849851426233215,36.649792609393714,36.062227766271526,38.05128874037963,34.385603932553465,45.32257872479886,50.77268212460833,37.52123184240087,59.707739814268244,60.379548218459796,50.72578297063281,43.26958106010533,49.624740580411576,47.9778131729914,45.713924005783376,42.00239874293336,48.085750750434485,40.15036063083665,40.23099392422009,39.97072427357085
36204,徳島県,阿南市,地方の中心都市,6.367182835968923,38.313974531915086,36.610919669705254,28.105160021007077,52.59806803212076,31.69931909522311,27.573048873661357,42.162668092961084,33.791858114887425,36.57358673052499,34.2014822174619,37.90202780780427,28.030276090190927,33.93170164967491,43.54791444300597,58.543629974903396,40.48402125786279,42.10200055104542,42.06211028224785,41.54447875819569,40.39289404284243,42.11845031540504,39.968520343408564,34.15400148120986,35.906527173441184,35.53072374717094
36205,徳島県,吉野川市,農山村の小都市,6.439423042616171,39.66210142543455,46.100027880268826,37.35634444226503,56.5363543788453,32.95123453947042,29.722801631306368,39.03877230174939,36.36518284839117,38.539455990217355,36.01135464732396,41.46260418834109,34.82239450551149,35.49161214325642,49.400958036441736,65.50896371573582,40.215509424153964,35.94177314515569,43.231248631467224,37.72086167302695,41.837498066448,44.43435058358001,39.11612811778839,34.00757908371474,28.209014799575588,27.86840943639439
37201,香川県,高松市,都市部,6.427465808490605,48.93046040818776,49.766965296882915,53.0623372511103,52.02360874292759,44.249166300085776,49.50084290578608,48.175288015559346,52.04883594888638,46.76052216919051,48.04510478834461,46.59876058551858,50.68548034410042,48.74493548883471,49.6986906117168,50.232877693457965,41.318905506999926,43.51120369551788,47.177895326965206,51.00855818988684,50.41581647162639,50.091704416193295,49.77509983913292,48.93726012783288,51.737108797757884,50.76408128219123
37202,香川県,丸亀市,地方の中心都市,6.418920344876456,48.468252218649134,47.658433857272904,51.67307659739674,52.993527649948845,39.593164814769935,47.03780249795645,49.00955586546538,51.80294992395593,48.33829499897347,43.768933376049645,48.173606356998526,51.52313719771927,44.88531501314218,48.72916270252185,49.99707342061574,46.971472492975956,44.64664915782298,46.20592516472128,47.80853123547157,53.26154689853185,49.96493435647976,49.67690720133899,49.303842403317454,50.81785091063492,49.39635915349778
37203,香川県,坂出市,地方の中心都市,6.490367825730034,42.368545422111055,46.99270629419262,30.35765987091468,47.59452809967389,39.53577636459843,33.895597962903786,39.62494563943959,47.29388266726465,41.51888953592521,41.69472335233634,38.15323754347925,42.00063352220849,40.82631177238687,45.496418940111106,48.65934389412398,43.094975944962876,35.47407825196479,46.84027793117302,47.13286038590282,47.57761521077495,43.371871336500725,43.8063761603281,41.94589150273083,43.18260446320151,40.77388348356692
37205,香川県,観音寺市,地方の中心都市,6.212899107260211,35.44870840773304,28.142702757802113,31.550775594596143,47.116770620296265,33.17585449675463,28.356952293195288,33.70384994240705,34.62586222455931,32.61034708211126,28.613457397852216,27.3529563476425,42.947615695078134,32.428890046409784,49.29444717368676,52.26992395158008,28.82186692761453,24.810121680137133,42.526544358484905,41.67931686516468,37.475553283696456,39.60749215688392,37.60800084567339,29.697812333924023,34.311623363388684,32.04026434665385
37206,香川県,さぬき市,農山村の小都市,6.442837498543941,34.766715234522,24.418642681269223,22.263702156262934,45.56407768908642,35.172813439759025,31.006733880798073,28.025839646446027,18.897836231378584,30.42481300346841,30.59399651649595,30.938680866345003,40.30911114701381,29.208261541205474,47.24871115871859,56.5097774540618,30.61683120809208,23.76101049355106,38.20483021495187,45.09046639295376,48.280881443035746,46.04698190514009,39.013112004346375,30.898053222226785,32.45707481743298,29.448926514488093
37208,香川県,三豊市,農山村の小都市,6.272299211620801,45.98235183882769,38.34396119435496,33.954415036792206,53.64223313829042,35.03832441772125,33.124370952395296,48.488288470841084,38.008545350100036,44.464134146325414,47.34783728748682,41.750010780762906,43.95620038526133,40.78862663909138,56.16784198223347,58.989375551305244,59.49678364136618,47.7505438311643,58.00844240598819,49.4599252652101,48.80081043501444,51.83966445593586,49.087122877871664,43.78960273901656,38.609949832183275,42.66943331515233
38201,愛媛県,松山市,都市部,6.368939353157078,52.35171090960172,54.53436263561924,54.88737006848545,53.08132356727973,48.00093097175949,51.050436865841164,51.62532578590625,55.32053438703273,50.5738026963945,50.26158395857309,53.84839281716725,54.25043642207981,52.049666773019695,52.51813416485761,53.27801156800503,52.62693279132833,51.86443079525239,54.26727959773904,54.197839467328315,52.22182130117124,49.79928528436732,52.193611155691315,52.01691644871259,50.49691941202761,51.47571289480217
38202,愛媛県,今治市,地方の中心都市,6.333275380480434,46.48700154095276,39.557720577504405,39.19909708488702,52.91989988129216,36.12701647676724,38.021277990068846,43.45918620634614,43.141399086978105,45.27485554784358,41.95646599110066,43.301022738660954,55.15199267991806,44.41472323538914,58.4965694052047,58.97994460650024,56.014542657523236,43.03737136548501,53.80196232920798,47.23309920083247,46.16796056643788,45.78953147037789,51.1366556641679,45.74670871888104,42.680363340552155,44.078670160939566
38203,愛媛県,宇和島市,農山村の小都市,5.969619482293396,30.15280930239591,23.65019969259824,19.567723206232635,42.02493929104905,31.637616086249086,24.140189257835484,24.475460707284935,21.67766656837539,27.762038920319085,27.285539649906823,28.379062443790517,34.15431433465847,29.347242177435138,44.99275130354806,57.87960328257737,25.496603937595616,34.00945858610495,38.585583350829594,32.6431248188798,30.88749614233111,35.01084026369906,32.74658637229058,18.432422439895085,20.492136724536596,18.388823699479342
38205,愛媛県,新居浜市,地方の中心都市,6.4458079114484255,44.75705667118709,46.72015394712828,46.35657629088612,51.197101395012204,35.983476761206205,42.868388158037455,44.470050409338555,49.53442916127639,42.138009268599454,42.494534760199436,44.024497115308975,41.96971299022496,41.051916687417645,46.440024182621976,51.374745174077844,45.32234530713754,41.85038883083105,44.03074983232432,46.469711733836995,44.12572212412043,46.90861878398093,45.43830162038086,42.67372491793134,46.70733105711866,44.01884959949263
38206,愛媛県,西条市,地方の中心都市,6.477885896198765,46.59635677951846,38.48898827142068,37.28728566201497,54.417668227461384,34.89336039353364,38.2668976185055,45.981509531105246,42.08945758829441,42.29004020675721,41.59592910916183,45.90589849710963,48.62054859766887,42.745216468479526,56.42991017004388,63.63216911834818,52.74472162180817,44.106488464526976,56.79031950028833,52.17267918717101,48.4321469268929,52.05748199760797,52.20531818978241,42.46752201755388,42.12581912081584,42.56518622209068
38213,愛媛県,四国中央市,地方の中心都市,6.299897414585997,32.01548449895175,19.55787618382466,26.13438511413313,44.494887769675685,31.780405456426113,26.57990530007438,33.32291359183101,33.14586663452886,30.27594194859488,30.42262199727328,21.675674864130173,28.884105797132893,30.482477687721044,36.10713947449425,39.832588591791904,23.963006394902685,27.62805261930489,36.467092478100454,34.92898992090741,40.18620817949461,36.88805087585381,37.587059263819384,25.950699560428394,38.42644602955757,33.64923224084064
39201,高知県,高知市,地方の中心都市,6.295814629321055,46.44235210788872,46.45970552551102,49.51731766662304,50.1912684122005,41.544509676201606,43.33653999612259,40.97322892209249,44.07793257810123,43.612521189949064,39.854727824318374,49.738701317371266,44.229883564080296,46.23875086048869,52.08659836954947,56.686828236658485,43.922051179954686,54.57669398747581,48.235656387105166,50.03419068281323,53.49338854594579,47.4362982315135,45.281498548519416,43.609229209702676,38.67864867945168,40.80028099757942
39204,高知県,南国市,農山村の小都市,6.149928182213459,41.01565690710737,33.162018843400524,33.86935544787755,45.99512591501869,39.47030915199408,34.51454940913785,40.001658197741634,30.771812336922792,37.433480078580246,31.565596613144553,40.20189241153517,34.7316119990839,34.32353919693958,46.098523470058005,57.97923717960896,45.205268861670376,54.59848736018434,52.292760695665564,50.211811873559625,47.71951904120724,45.14819687033735,42.369587089844636,35.87504898316685,35.357672160187754,35.47870258370969
40100,福岡県,北九州市,都市部,6.519897079190765,55.750161180188336,63.027812452465454,55.52147525770289,53.335898455491034,55.14733482809355,55.8455048506887,56.50134082065217,56.52663578171936,56.379762967202204,55.323527815087154,54.73938638451903,58.37205227515385,56.02973482639055,54.9104465436243,49.62410476861696,70.60773587149541,55.41348513191962,51.185249901456466,53.08767121739162,53.70338072356884,55.14806560331802,51.99118683608753,55.17540595521419,55.21371553211829,55.1929535245431
40130,福岡県,福岡市,都市部,6.52208424786168,58.0801884521032,61.92983061146386,61.694591110573604,48.21414883631621,61.763693887947994,60.92911560463694,58.83864527695947,62.059871192233,63.22408540289477,64.24960797371298,60.194477713057594,58.636876825116744,59.50960244764485,51.16078170883448,45.79857467670808,56.60888677693217,56.07601580191086,51.88433312157369,55.50738475576103,56.83813931602672,55.378321932963935,56.620852422658615,61.17981605209526,62.24223735634345,63.38463204611075
40202,福岡県,大牟田市,地方の中心都市,6.379620432470255,44.123086055476364,51.09153547590353,45.211970026775376,49.60803383384564,44.08818745357983,48.461752826751535,38.06436669249329,40.70616005810765,45.58694192157569,40.58121723896893,40.11812255940308,38.25131789745237,42.8924465295302,37.83025451340157,41.47967491144989,61.38576851961976,46.76439434689482,42.94984103603596,41.96774145088713,46.31791787666077,49.68064464640408,47.124487655328345,43.900988158832966,36.58577491971278,38.30452478181772
40203,福岡県,久留米市,都市部,6.333853381532374,51.77939125047096,68.27394631770143,51.95019902241249,50.69023880297063,52.730029422491135,53.83844858595707,50.94386932994838,54.40865209034047,50.115172408948126,49.937527760873515,51.17614229146294,48.53295005873381,47.884844018663216,51.65462401408543,53.1000489496025,59.975167135342545,47.75125805069315,50.931864394206,50.37999223604485,41.664116551370405,42.847183740654515,55.12621681769681,54.14856452733042,51.37452590352437,53.269807580248916
40204,福岡県,直方市,地方の中心都市,6.5617350523139715,37.38639037934951,28.36572549525038,30.258948681387043,54.29966001504494,40.802925352085964,39.69882889624428,30.903749719421082,27.389695954988685,30.223136124665196,34.457116220549594,45.41502845896282,37.208627614464824,29.79255916826075,44.881518685626986,54.30335992037698,40.79815856308388,32.03486982588884,35.352849415929434,35.27195182406246,50.671811540540624,44.27544657697421,36.957779737436375,26.96531081543587,32.80208194336038,34.14222855434653
40205,福岡県,飯塚市,地方の中心都市,6.192222754093899,39.11448808867853,42.90180744508791,39.91084311901887,43.32672777244954,39.92155271408349,45.48276223153136,40.93630829750799,36.35703276260099,38.65083457603705,35.71801001029388,36.37679951620715,34.140773318143346,33.45855764523385,37.73229567503782,48.491824435584654,35.12443698190671,35.75004590147141,39.327518167070025,39.709833498077145,39.71676439102327,41.863886455061525,40.80425433809843,38.57872145289439,37.49864903750827,36.96747438635564
40206,福岡県,田川市,地方の中心都市,6.639384903851852,28.176012235481718,29.101983241702577,21.875859219478112,45.15476370029205,30.137376979780473,26.299045280065386,29.106198343971624,13.650547858067291,24.91479017354709,21.531577916096403,27.535039442728333,28.950961432479737,24.151752803868415,36.305524139208956,47.982807226718755,13.760723460380134,23.12243032648177,28.434316099250747,24.764877274796998,38.53449375877804,37.12385289535313,37.999680477751156,19.651730131909375,22.611888318214856,23.522073150639827
40207,福岡県,柳川市,地方の中心都市,6.250148429954306,41.71125194477651,41.201786178841374,31.7290113541661,51.350908569790214,42.29558572651005,34.0920671923079,37.96406299513564,35.03095463253821,44.66335211144139,37.759983062765876,38.11042261177304,49.52683101704972,36.99597383006233,46.19442896322423,45.87739058944348,43.686228896524014,40.872684908171976,51.34145362370288,46.425871138624494,48.87486944690334,45.22833355360266,45.00834986561611,38.01171959384309,35.53850805906711,33.28926875353112
40210,福岡県,八女市,農山村の小都市,5.929722939367793,37.05383228891378,33.41801647139494,32.74901094009133,45.835401431315724,30.692845660223615,29.385426427016714,36.8302953809544,26.670741825030344,35.789049076475536,33.1927981364547,34.33430083981016,38.591512403424694,32.56371981739139,53.588896874799374,60.594824912801315,37.041365657518156,32.98789247141534,53.91882862628178,42.936074765495164,32.65827106432489,36.291838176435746,41.964293428683746,30.437215697511128,27.48933611595814,29.33001873312254
40211,福岡県,筑後市,地方の中心都市,6.3122487965603975,40.242758045650966,42.92159285345411,39.001102515760344,43.78789395162057,42.941981337855694,39.410169226816606,36.839016881665394,39.02171042888839,44.98252828008251,39.275908085930794,42.40862030880674,35.57906282929767,40.63962309054852,39.76262796801834,44.25779118530277,48.58540618823363,34.046147407455365,44.535479524114095,46.64631328254988,32.63560282076883,38.60859812523612,39.07122575501168,34.11602235881011,38.69964591052645,38.052122778868814
40213,福岡県,行橋市,地方の中心都市,6.433644456425289,41.51045108337999,37.20887640200459,44.6750936121649,49.5126518102744,40.924863742033835,40.46443017725884,40.996313845523076,41.80050082157155,39.535346417768885,40.21254117315044,41.61108802327901,36.30793143935927,34.570170949826505,44.48980176434705,52.26608501843938,37.9370429079931,33.97811375350015,40.40267058751375,43.29736298141051,48.61508060065705,50.08161714958369,39.99084575018057,36.66834111839898,41.21251919126776,39.491536763612594
40216,福岡県,小郡市,地方の中心都市,6.7425064228024425,47.89272052951184,44.865052474877444,37.46546589448893,55.98701898902536,51.255855880584086,40.7234765644455,47.563843356445275,49.58301113064415,47.51486036266009,38.81131401987461,48.1351083857969,39.23391397938801,46.19931984382756,44.32905107386787,51.64252204908957,48.505302486821854,42.6311600385763,57.547225168781985,51.291501262541296,53.44848581789129,57.89005739613156,46.164294254468075,54.93962397641348,45.44445981359743,48.253368488045766
40217,福岡県,筑紫野市,地方の中心都市,6.68273963373265,50.93671113293375,51.4994406363141,50.30348188852132,55.722138140361785,55.729019723526264,54.321534183356945,54.57260187925263,52.10394421661187,51.25021662313396,48.603828584871245,51.1947816145296,45.449745070439,48.435840022121084,54.105597843517536,55.75795298195786,50.63299817841631,43.89471971783608,50.50671462001515,45.77451241685592,56.90320433835105,52.576351429824,51.74015012459489,48.256570043258165,46.12551469885626,47.02020821388726
40218,福岡県,春日市,都市部,6.636486472873013,54.02972708560701,55.52199392232744,56.54219215271698,45.3953660360927,55.34636634416912,56.648236753056054,60.53101324206098,62.21040534010997,56.98490523389275,55.78653358835946,55.63623759305637,49.662686053323156,52.67440183023463,44.347424693283436,46.43247160066077,51.82870137187598,50.61372854470307,56.076868536165385,55.12925172884859,52.51683915039663,57.07272589479709,54.48513299657803,57.87811939937323,52.81286972506199,54.578978323424614
40219,福岡県,大野城市,都市部,6.37439764464196,55.34269771679135,55.56138798647211,54.029551452649095,45.641403794677885,58.85574919513323,59.12456509344696,58.85929648238164,55.07189984870796,62.226509205923904,58.475858371085195,59.77717877248787,50.58445843069598,56.16448172409873,51.0723050901811,49.856321674890104,57.21498176880667,58.112615267370664,51.31334055819021,55.56426184905331,50.26831495556327,48.87001506430774,53.81718968760388,61.14894543665094,57.94851875030338,58.66559474231068
40220,福岡県,宗像市,地方の中心都市,6.4070233244402965,55.13272594792788,45.76022464596607,45.428322636251345,60.46917486147695,45.34454457834041,49.07917655064258,58.625649577568964,50.96722859099248,55.16880221909329,53.4023952736071,58.46576189412983,56.72954462716922,54.161753755791935,64.95894601091541,62.96170350762983,75.62693603843614,56.00328347502377,62.0757725972662,54.73382649011183,51.129410221031215,50.82217159340905,57.33692869127109,57.16504336185761,46.57766631356708,50.19115523871986
40221,福岡県,太宰府市,地方の中心都市,6.60132973299881,53.69000351936748,46.40366985276198,43.344728615541946,47.94097418048174,52.88491446424248,51.99955367644418,50.35339082414675,50.33715649519228,54.90215121559761,48.94464888607357,54.48621359559745,65.88510923080928,50.71054367277467,62.882435157418016,56.676300106008796,48.517065061732104,48.796085472605924,58.64380079891724,59.11645421210319,55.59483326244029,47.39548558414918,65.91509458615303,61.642660033656654,50.507152294480434,54.67966318549085
40223,福岡県,古賀市,地方の中心都市,6.374607551248709,48.77019139887785,51.35364476509211,40.10724182992533,52.54688605790708,51.66857851023146,43.90039902659246,49.84947925098419,50.270341254542025,50.66259565311362,46.15167495951042,48.512624148663704,41.54407884076344,46.967342446228116,45.855577113997825,50.0659487358088,58.33912517174416,47.31057385492894,52.515158654006505,48.34773202612539,51.58881264091421,51.224152846691005,41.97211911445842,48.15054457347451,51.68174241499159,49.89821968237324
40224,福岡県,福津市,地方の中心都市,6.538425725345926,53.747298302318505,55.81278912853669,48.871095424014804,57.17803072908789,50.16016424096526,52.79273147838413,50.40110994638907,40.1371420705361,48.151007089715556,44.77593922955992,56.39174375454517,66.97618701067667,50.2494420199884,69.79376841316497,63.10966604055878,47.977382022105616,49.395723715279914,64.6934495025761,56.057761621612975,61.07267622089169,58.1117447486101,55.54949345903033,50.732209269187955,44.243465240216544,47.30043688000963
40228,福岡県,朝倉市,農山村の小都市,6.139391875922015,40.86488410944478,39.916922907069505,35.78430184796244,49.344342341409316,38.58128501855898,33.394211655344876,34.0550045671448,33.54122477812147,39.22534248813005,33.65979693750425,40.85877997576861,45.40530818172775,36.45714633575264,57.8275713811285,63.209495158712905,46.70524238231793,40.33511253969487,51.2662944144779,42.05675780973462,32.62887485404022,34.85284750117226,44.21220324255174,34.71927666871654,36.75715615741722,35.96271948221547
40230,福岡県,糸島市,地方の中心都市,6.901889708079489,49.26425239890088,40.63640458680023,40.34280060420234,57.74036214511481,46.25952621142757,39.63840775880673,47.98608828521642,37.89645844598651,42.837837564263225,39.07119018312806,52.809869268077485,58.99008064898306,40.284906111557675,71.23097340351185,66.79891458744997,46.11211096024512,42.33101639451879,65.35605113290464,52.29432086967881,58.77802540290637,56.52070043504448,52.387704335632606,42.58923697844338,39.04903281315396,44.40003844656716
40231,福岡県,那珂川市,地方の中心都市,6.255899791985603,51.01551664365278,45.22768001143309,55.38846633437167,51.63190961154585,48.131700198960964,42.595553030507446,50.902053317100034,39.91492980033312,49.3096540789973,47.3152202526519,54.14025774537587,49.50811955035973,50.50237993282506,63.0261355387967,63.06410936027872,50.64557485454436,54.27181935846978,54.537908040346124,58.843903309212735,51.16825622745919,44.95268831037661,52.19108132681676,51.932605809317025,45.270235148492056,49.90015829909483
40343,福岡県,志免町,都市部,6.58981403561669,51.7933489028392,54.17722267799566,63.0961999807449,53.91721029829711,51.64340000030782,62.40930522000295,57.33669914907486,40.99094788280945,52.481225447966416,51.16377831034964,51.536708442766596,50.51693222903301,48.75613168457605,48.95589607694723,44.95457054931397,54.922338531589624,51.94369676987495,53.10504346534874,53.61660995192751,49.78202254178132,48.46420712940769,45.67314563192299,47.68539284981038,52.42991207822645,53.48177676806571
40349,福岡県,粕屋町,都市部,6.609939151326424,54.01176699170556,51.33957671334955,54.33414797449859,51.415241741061614,56.99334177256034,60.02527448829641,65.13913740566554,49.678210595994486,59.59753307334648,57.912862396438655,54.36265453953906,53.96722123100573,46.865276353364386,51.51245457660201,48.803576023041366,47.37685988386484,47.737656383880925,55.736524397346486,57.88207831320499,41.67717616993279,59.115939168953005,53.26097590830057,56.21029681317108,57.14428873283134,58.19410314468344
41201,佐賀県,佐賀市,地方の中心都市,6.348236854815499,48.24803809543548,49.22702917923222,48.20189865207593,50.83504851609557,41.495817324030064,45.63354567543928,46.72575788353995,49.43927528612614,48.26299721170746,48.502871974516566,49.98401621577045,44.741692748302796,47.34826438917041,49.0095346936883,53.108256802760785,52.88775757964185,46.958655951301836,53.165073535153525,48.548041346194545,47.32652048486787,47.9649103474979,47.70063701853173,49.1702386648268,45.57602831432116,46.13904449565862
41202,佐賀県,唐津市,農山村の小都市,6.739552393667772,46.63577358882146,40.64927320106559,38.21570522072497,53.19782104630006,38.69400982767329,32.560852024803324,39.45026040974737,39.18687049371822,41.61307615345541,40.11338452042952,47.8307194152492,58.11391929599213,43.10145043625213,66.23271397940287,63.00479047222456,48.94692561524029,49.41641298374386,59.243807925393575,51.1159889752303,50.41727087630391,49.79461694071358,52.773144637529676,43.811472686678975,34.70456465877687,37.06951433506542
41203,佐賀県,鳥栖市,都市部,6.577402538986499,49.72322649549487,53.14583315273647,50.540895464499144,54.70037229237418,48.98303751582576,47.18603096054537,49.63498068034776,53.268394445704885,49.38061274161936,47.736574171766385,48.13520923335868,41.539584614845865,49.628633112870354,42.491519285264914,51.7239656060936,56.13755927934826,47.33141031380596,54.755009947618596,46.20531549686752,49.09133461580836,48.4746659335081,50.244386807885405,48.262328994550096,53.68933794237483,51.07044328225714
41205,佐賀県,伊万里市,農山村の小都市,6.32068274520608,35.23687375888059,27.120602699216665,26.998807032127193,47.89495504760842,30.082461776726614,23.328195506376353,30.39908302791253,27.386487076848837,33.541024623231166,27.31299205206156,36.24222953264788,37.80331262904465,36.501943044532055,45.72368284317902,57.88879874863722,34.94905524057323,33.95271471384949,43.96075961231333,35.08138181919484,37.7903328651185,46.23624523968327,41.539880019774664,27.81204724418009,27.531681998631978,28.606295819664734
41206,佐賀県,武雄市,地方の中心都市,6.475321928243919,46.4356327568573,43.77326631834209,40.30928097478685,54.15165112630579,36.54808426435619,40.399087488305675,48.70337952821472,39.58560794459667,48.10199892176181,55.46949176318453,43.35306199829897,43.28085292292677,43.83842440963355,53.692356660780504,61.16949870451274,44.263376302853985,46.184404893929795,58.99483641917591,48.57173269501365,50.235531905740594,54.81361542484398,48.11573811741746,44.30347182475467,33.201032452408924,33.395403102429725
42201,長崎県,長崎市,地方の中心都市,6.500789472453827,47.645094601449784,50.63158058716039,42.782126949611495,49.453891244522616,50.72106175325432,45.725654128727356,41.18745702197226,44.523861321912605,46.99706006278877,45.04848308564754,47.81240665258538,57.12151170479441,49.67808547060419,54.97915499603552,52.69551575354435,40.87906863199247,43.11317034262492,50.00625317139854,50.08504415681191,52.36197428442123,48.16271644903137,51.94604641793983,47.36787804055139,39.50019150009389,40.702076706768146
42202,長崎県,佐世保市,地方の中心都市,6.658701645873224,41.126106290791185,38.24253209423118,37.601673085389386,44.82162746112968,41.080981532690416,39.9707677382207,34.135081947430294,35.67199376308964,37.04566834240223,35.41180775625273,38.36858503197593,51.60871710583115,39.76841400699371,57.01017652122203,56.57069501291379,35.04199079031957,35.78327688065225,47.640122273622744,44.055160155989654,42.87363941595331,43.76952412503187,45.876377910528035,36.643729936983895,33.933775507167,34.10023258296725
42204,長崎県,諫早市,地方の中心都市,6.614588665791489,44.77844784617296,46.6993585552307,37.82516855001134,52.20172475092543,41.399376471514586,35.969398539606665,43.96986589192837,44.124896748938646,42.931909288972705,39.451986221573335,47.585494891483116,44.577793627509415,45.01810907624109,51.41628052552109,58.33667226443269,43.3031939907562,45.524063549491714,51.89207732222364,48.927870681077366,44.694516529122836,47.359804327095986,47.133800236657905,41.48672773208971,35.80871121489883,37.043947320847735
42205,長崎県,大村市,地方の中心都市,6.669533375726926,51.28361019041136,59.659186878667384,53.27978423470318,51.30928089045771,42.861087297567444,44.90803409491762,59.128484241169005,50.831751104253115,54.205171734409866,50.674832584612695,50.24863494897945,51.03544985740029,49.9196316428476,53.74701882934948,55.281361117168885,54.88038970864331,52.87684272736105,51.516551782318686,49.59761251309021,47.392596453281264,53.07312413393139,52.65664646111054,48.66764828664599,45.215087347384646,47.840435699602075
43100,熊本県,熊本市,都市部,6.562347979044778,53.06543850575407,57.79221456153137,53.78231012458083,50.66868290196513,50.75847719849108,53.34853102130556,50.86733925788187,54.953255897539265,51.68781681228195,51.958373644756456,52.03808812356801,53.81550200527147,51.47767966199096,51.50280694818104,53.6573451048254,51.97603903702635,55.26333055449191,54.109541368628385,52.79084283542972,53.9160628660431,53.9070702853875,53.37114479953154,53.85261063782889,53.57271132275251,52.50274716680748
43202,熊本県,八代市,農山村の小都市,6.12391593595831,38.85777794604687,41.49110846137639,38.456216307008354,44.91253528345999,36.5855175118149,32.34289077487843,38.27225307523231,42.80989314145366,34.217173633615566,34.09442137951319,40.64700639493125,33.76254480352,38.924942802141885,39.436283155504356,51.718385390719305,47.55329176313132,39.19772049302326,43.71295487915373,38.54393838587202,38.17429143772674,30.852940179593634,42.479125151611925,36.36986769091783,35.10346303385125,32.92790557507382
43204,熊本県,荒尾市,地方の中心都市,6.123214119772158,46.04907621242105,46.61242638802745,48.220695589663315,51.40485800177618,38.430310440400376,54.117391838599474,49.0702124474911,40.90348412729796,47.13659163293803,47.20282749876025,40.27415614155749,46.25497955864643,43.747345597205296,49.9406907036277,51.7168739175121,66.49447721365308,43.147664552250745,50.62009122539392,51.26238022315887,38.27828992887666,35.64606505878852,48.378561220219574,41.75121447506488,35.64253073835746,38.92371057883847
43206,熊本県,玉名市,農山村の小都市,6.197201472403668,40.5065839843909,30.72117165907447,27.730833354167526,47.34217907169367,35.37878864825585,33.521320553041654,41.15084681014593,37.789514790284564,38.523014636083666,41.280416261330565,38.03996183051915,38.144303145761135,39.311137492299494,46.879696223029086,56.155780716475974,41.44925377375223,40.30985437409169,50.21165162316879,49.830848190275155,44.81441093716215,39.99169852561401,41.881147254046816,39.61786667720258,35.243560331266806,36.83875874663869
43208,熊本県,山鹿市,農山村の小都市,6.141918894886281,36.812093240976026,22.525266208944085,29.086888260743052,47.874999533737714,29.75439967375392,29.459427145438713,35.97367050888376,26.55978534440361,29.29071736452442,29.834464378080902,34.74280637624275,41.527336883405496,28.112070727102058,54.06467681636942,61.74886412568975,47.054749258318544,38.47239969768689,48.13577862018764,41.06184652949666,38.90646219283225,37.313260420201786,47.52999338213237,31.256661767234057,25.812441156694383,27.391271411320513
43210,熊本県,菊池市,農山村の小都市,6.780655769802234,38.5039529937369,24.643449760962863,25.627061004830658,54.853201850268704,31.031552219764457,23.488157671752106,34.936534179644866,33.36519642575841,30.315040053764957,28.65087091770649,35.65069176084958,34.1644907227105,33.51707563104023,54.31651068922498,63.134859067591094,38.625441787996536,44.86362073230609,53.024550175430356,37.91426828852465,60.2494800372741,51.31060692602559,41.35983112800966,31.686845054161065,31.979050204815625,25.38648555927218
43213,熊本県,宇城市,農山村の小都市,6.699801684915207,45.55723539900661,37.426643365155876,33.582248263871364,55.12021104160797,35.821796543129174,38.36145388280189,49.24102068433612,33.73915589894369,42.56786723235254,43.76001271749697,41.06993536938272,39.58270725973855,41.18084573304574,48.71436412622686,58.03136364783775,64.28270508723027,50.13024037287866,61.10638503780672,53.3835680467008,47.32221251669317,47.270676420123046,50.044509631486946,42.74302605286852,38.13841285087214,40.75228779357116
43215,熊本県,天草市,農山村の小都市,6.451639738128784,41.78762301372777,28.91035809062911,24.86255083013017,51.2600804001501,29.478160987179805,27.60798131523388,41.37202678940062,24.040272400347614,37.654830356857914,37.04957747485423,43.67143542938371,48.918938238160955,39.29458972005646,64.70242131976752,68.72221519549726,53.73723102934487,46.63905874641313,61.49380146542874,51.08273226523025,44.87645638652939,39.66214221407551,47.814948702600546,33.298644643818776,26.079093137999056,30.673405190377025
43216,熊本県,合志市,都市部,6.577959207364078,53.21010112146416,47.78290959023972,48.23841783932238,46.39153055860036,44.27425722721012,49.363632443009486,71.58308104506551,45.88625267492733,53.484242862859155,48.72545347694009,46.76132381625657,43.63491400053666,48.5637401373951,50.280813710739345,53.77748417890582,61.61424911046623,63.03244898242663,59.64623387785026,58.93618583069848,56.960265113643395,60.67226078926701,53.87056201978393,52.79345305637977,54.60670237861303,56.16201219400362
44201,大分県,大分市,都市部,6.59288094505656,49.44635781094608,56.24337786091885,52.84105803138967,50.86632046317484,44.562290925651496,50.00066596433559,49.539786030205164,55.12610701919777,47.918508189166886,46.87553934231875,51.990826043773964,46.907231671149184,49.86856953492284,50.5589313896872,50.83264283391635,47.28905460844798,50.80148501924374,52.944541924216324,49.10183604210798,46.28538807286893,45.53488647501194,47.36195028373983,49.28976995415189,47.25207018597024,46.71974959713874
44202,大分県,別府市,地方の中心都市,6.14018528229338,47.470852691988014,56.17226768759332,47.12139421838998,49.960728335511824,44.68200955131854,50.681009971884606,44.120025637821485,40.186949489621156,45.91224551223613,44.47739792120636,49.45173826677753,62.22059789919961,40.24655617993595,63.71005862252617,54.91417166507286,44.19520182018875,44.39429415483758,45.598279640849015,47.63585686838667,41.751714093623335,39.18605250581931,47.17668443301507,45.552261762646026,44.10171972757533,45.851248641675916
44203,大分県,中津市,地方の中心都市,6.704245249573351,43.37908322160192,41.89462309538513,45.90422015916496,52.60451070085457,36.751791065819326,40.27368402578314,38.792034114635236,43.88077957980423,39.41096224459638,40.42901858478656,38.69819812256502,44.348912126302615,40.942670500382754,51.178540788138484,53.840467829466675,45.673954341517934,40.00728692379168,42.62645046008792,42.86660142270448,41.203146597025125,50.524527845754186,48.4355379851324,39.640923597028745,41.79833238496624,39.37082282275232
44204,大分県,日田市,農山村の小都市,6.427070633408958,43.02553248768376,35.34184525763352,34.477783108252765,48.116998306086515,34.95070638382943,30.06419953755125,41.82211967741296,33.96467694029877,41.05670497633222,40.51322997859819,44.58232388366097,53.30292848323831,42.25271729250972,60.81014432594513,63.251367831539646,44.543726935711746,44.525054382652826,56.613892214402966,51.04856749705538,43.9518078830302,38.64922239709084,49.55913631739567,32.525977171034285,31.267397022077343,35.42025190106971
44205,大分県,佐伯市,農山村の小都市,6.526674570112603,41.350204275278664,34.76714688405278,31.29300407095386,56.06727732359184,31.55685691158692,28.711318164717063,42.963179840659556,25.93416789744621,35.022725061078916,32.46824468707945,46.96446860472798,43.42805798097832,40.731836330262794,62.17471184851153,68.21018352454068,44.202261946468674,47.67948003795151,57.94165425209765,43.51300325930466,46.63975144901208,46.010896016089035,44.389715072144284,30.848756882475357,24.58247652972515,26.303728031231802
44211,大分県,宇佐市,農山村の小都市,6.589069324207577,37.57175915948006,29.446576150461638,26.44489561417713,52.5251946964748,28.362826111554163,24.940658158923608,41.179198097049714,33.76328556360353,35.32012088469119,32.99381327680978,34.23307271419756,37.361469680195874,33.17838516613681,50.10965826421477,60.44214404828611,31.491653901437015,35.28629533026223,47.88936008668652,37.619845213295015,42.226932143848025,41.30881648397663,45.555508705571896,35.12896419673882,32.768472024634946,32.145073314293796
45201,宮崎県,宮崎市,地方の中心都市,6.53631144100183,49.129630392004415,47.713750012489605,49.183181318442,54.84789392118915,39.57135756310737,45.06854946057462,49.095667807457055,51.0535771911132,48.57046780453166,45.53689451122042,52.93745938702725,50.39538210198934,48.23922651777085,55.42943403121931,57.17294819896068,47.69657989213561,48.55317838605485,48.90722740584687,49.98681513467286,48.919666148526666,52.68712675603933,53.305938829506154,48.54168237554364,42.06882500803447,43.628299644653055
45202,宮崎県,都城市,地方の中心都市,6.577309636703692,51.072779549470944,50.001558309826954,47.319503603842755,57.27243301397146,34.458649026229615,38.225412086980285,62.9020999108866,49.14910060869828,50.85303802931597,66.00497133203997,48.29582395834064,48.59331697627192,49.95682041592342,58.18132028332091,63.2466324779209,68.02593180093153,57.80839656393094,53.66770666210237,48.75823833267694,49.81045655917808,48.02794079156404,50.26460202325415,43.605970159996765,40.52091109934654,40.79587516075163
45203,宮崎県,延岡市,農山村の小都市,6.58028265988513,43.24754290082047,28.96027410370101,31.161869746393812,50.826014839348964,32.59180311678519,30.232061091691634,40.211056224498336,38.524062322466854,38.68102412495294,39.1098204956879,49.38841315638027,43.89994500355283,43.67595649072962,58.42322272277928,63.453497858047825,46.026491678161484,48.16098050532995,54.94459593255447,47.67729147649922,47.27790185646571,52.5824173496844,48.09531954797304,37.75454810324647,32.470485572431684,33.81197630032855
45204,宮崎県,日南市,農山村の小都市,6.466878278744522,34.85626997569082,16.732858526749414,17.766940939424497,41.65236637096973,28.581467084739646,25.29274321404588,31.240183116407806,23.489984636945838,31.40027268313805,29.031632018008594,32.42192045118001,45.21802206583883,34.54469661008078,56.826489473333446,60.197615064090755,42.47844784923841,31.884726662601942,48.76816663033412,46.2353748094644,32.84409237616326,40.51721622348644,41.296886621126184,32.77223287706348,22.990007926833673,22.36613518531481
45206,宮崎県,日向市,農山村の小都市,6.2061745240815,42.755520472908145,30.2556663578597,39.38887460686418,57.174172605122074,31.581234585978123,26.700880300082467,41.89560984635563,38.926662635463224,38.73741343143875,36.9188044164366,46.96099155487498,48.49399783467595,42.33747754551891,60.60982140211096,61.37560941688436,51.8866815300229,47.85348778401945,48.21288909583013,46.6896379649579,45.175634665987666,47.22047262792031,41.59925845253999,32.57578559919933,30.881013931647203,32.68041315800484
46201,鹿児島県,鹿児島市,都市部,6.488106069913143,51.40858273071169,53.613079311263,49.010379456825376,49.55185496823069,49.61446410468358,47.24726759645639,50.08113974757048,53.256734914459244,49.561863949917914,47.900973016944164,49.212186113756836,56.74692565495165,52.28110111994511,56.353482728057,52.49070284459343,51.50200913327867,56.731018441995495,51.78064369986774,51.455984626339685,49.663487561958,54.08305613604156,52.266169795610146,52.11998323767484,47.63061930740727,49.65085806925232
46203,鹿児島県,鹿屋市,農山村の小都市,6.333145104688804,39.00880675946676,38.749116111832905,37.82886051674744,49.65674287057611,32.99019161313594,34.59163730959743,39.459611615492314,33.57457086544086,35.83818039878138,38.98620676687669,33.269907182793816,36.50592172806446,34.6190831512487,44.99133521019943,53.06633279133264,44.9645495214072,40.26833993115412,39.0495095457093,42.4066400135996,36.44058303124362,37.15338870651249,38.390512163946795,40.526056467676355,35.36943347092406,37.51465124290874
46208,鹿児島県,出水市,農山村の小都市,6.536774776835552,43.01382772043079,31.93118190572743,36.47748188121171,50.710256366623796,32.933543570896596,28.257736287214396,40.612730669873116,43.866045026197376,40.87742475210877,38.411925927689026,38.40662151852209,46.66642148489673,39.072130637891085,56.617217764853145,63.5865114396544,59.580868137167734,47.472157660064376,49.12405481357597,45.217229812827014,50.11869873882556,37.15278598288354,43.77262911224745,39.312568031883146,35.23048759615526,36.92315617134932
46215,鹿児島県,薩摩川内市,地方の中心都市,6.5821330867915915,42.2884855856615,36.32745957450938,32.95424574571888,48.79136592408615,36.798154895599204,30.42648922675396,44.02540604187793,32.38336940406515,38.984316592391735,38.08963690147897,36.38383446286043,37.92063165951731,39.12214568950606,47.44727877027456,56.53578826088828,65.16490244493774,57.035308496691485,52.22541900506438,46.993251115239495,38.64021236034698,45.896282939094135,42.18103053120822,39.41575483064658,35.5678190017432,35.61355018137593
46216,鹿児島県,日置市,農山村の小都市,6.772338360338651,46.54200381282152,39.977016195575686,31.083806585742888,57.04183608864378,37.50747034012866,32.73035174219584,41.11134688186853,34.95143301620386,46.02827674148618,42.62752393782861,44.58453129889364,42.17190390537437,45.86137348649476,52.66928697039489,62.201523815253054,61.126661136929386,50.6068307179054,58.34970343529767,56.24007321092347,44.484267560947316,52.312102489421704,52.62356877869328,48.2993060680691,39.754138651339176,42.66375845210535
46218,鹿児島県,霧島市,地方の中心都市,6.324442581907041,49.05729530544532,45.24805810717306,44.486042970747846,52.215951932030144,38.083835490368955,40.01143350551941,46.114883340265514,46.85314896813151,43.355524648295315,40.55110263023755,45.35066415050396,54.30491778462471,40.472669616905556,62.387983397445595,62.167251560049955,64.71215811243627,49.27258218898328,50.61044391474807,53.53618097124216,48.28868067386937,45.46422849611892,54.808464214154824,52.16633815337253,48.44303191303751,48.46951059042591
46225,鹿児島県,姶良市,地方の中心都市,6.612322488374225,56.28052459441834,53.58584217569077,52.78468225881522,52.83072357467945,44.29399311887819,53.19950384081198,58.58790866994269,51.644516349623345,55.3284045552554,53.39025311149572,52.88293497088378,56.078862410899795,52.39112846204616,60.369211997254645,61.066333004432,79.928991110261,58.4142813137277,60.14984491850387,61.55653853612357,52.58000996699621,57.7875520006835,56.196011596386334,58.38014322560934,53.92847006471584,53.37644903232383
47201,沖縄県,那覇市,都市部,6.528283116017504,55.85132145617865,58.001337628762016,60.841064691975305,44.608504967041064,53.06163704477144,60.38037395193221,56.68461273919288,62.14118567911527,57.40527235548383,57.67786813301681,53.250029094955195,58.30520044597714,53.6755214407452,50.57012814786397,43.79657952049948,46.62919659065252,51.647937024402,50.482611624201475,60.30052724408344,60.795649186701255,57.56259111057124,66.78244540704414,60.71995107034176,56.28309722233939,58.82839262661873
47205,沖縄県,宜野湾市,都市部,6.388690045001134,48.46819747046944,50.80235308766674,57.32388164124915,24.929444517513353,48.710631885484446,51.49018089881613,50.265312715038014,61.32005943306385,50.087210858067465,50.43946288476765,38.790005113014516,47.03588403126082,50.5687964708462,40.484426523575465,34.388930584021374,32.80845730452741,43.16260087876988,54.36529797232091,52.973422910950426,53.52447743923754,50.873407325158,62.77741204850748,57.185429704924786,48.40485492112994,50.52479814135522
47207,沖縄県,石垣市,地方の中心都市,6.630202904169024,49.66864881572454,21.29691266191217,45.691560425546804,47.98640290020113,34.23326704907133,35.43211136358876,53.87110940807215,43.81777112770553,42.21676488766954,43.3865893480921,53.88210234151667,65.99063820125603,39.86166906772365,80.31013728666798,70.4913203677273,32.59175829182563,34.32818464005122,60.81574066897137,55.803603597601786,54.947279325258044,62.542557951399175,78.10086695417965,48.65864127468495,42.02132653832919,43.769255898336866
47208,沖縄県,浦添市,都市部,6.5693470530794515,54.53975279653296,61.179570502945005,65.17159121254117,41.57477761798147,48.65650563889149,58.076424545427926,58.711235973217974,63.17345623422193,57.430267016783574,57.47515769317151,50.24321345480464,54.74242162624411,53.68508081471708,46.77773313011599,41.267966541540254,47.142271309135126,46.321101807935605,49.46302835389115,55.12146566940295,57.916036156751545,53.20276818069806,65.13375718989408,62.82230409512607,55.61014395483207,58.05578839652041
47209,沖縄県,名護市,地方の中心都市,7.011624311176401,51.99340701389441,30.757620658888907,54.37654451146716,42.67523059756671,38.89054986899643,46.98200200779784,58.63745150586096,49.98798283046187,47.14137385412796,44.96058599143635,56.405210578215346,61.190061598812946,39.85268975988188,71.22915485817862,65.55872429433273,55.434992882152144,44.50281705041722,49.61113907791096,58.81536568290569,57.55391173305025,58.76882534767807,77.92534215167922,45.816008917568126,42.72680530326925,48.0413772708093
47210,沖縄県,糸満市,地方の中心都市,6.882220775721168,47.01690007674099,34.9610869912011,43.68431860525901,56.52588320294159,41.02443696445937,43.26247138674841,44.96823786546066,41.29014164766749,40.331040092439494,39.312782594000964,42.89205573127938,48.97509055323121,41.11566861322681,52.43132948060365,52.03399306065332,31.447057323390226,39.602891139127706,49.13577501618679,48.13486655262234,72.57811263050331,65.37357004276072,57.25020407931045,46.31266002920567,49.121093663240295,46.64083457626392
47211,沖縄県,沖縄市,都市部,6.566585189858401,50.12005021851035,58.45230036197526,63.623914423564486,42.457940670516024,47.013133326276765,57.89963826093862,53.11641876505851,62.01233364736542,49.75372582332367,50.25283479610069,44.51067380168846,45.05356947932874,47.21716100482974,38.024315789249975,37.61769484418913,36.41275058580012,41.05820070376653,45.63025459148055,52.366937835115564,54.63361332032087,51.30931400428329,71.53628443321519,54.85094214519094,47.517331510449225,50.55992112022086
47212,沖縄県,豊見城市,都市部,6.965079233098098,54.567830664567495,61.18563161683054,58.03967852954623,46.22669068780919,50.49946776918152,53.26361533757339,63.636410833319644,58.078419710727246,56.12953633295039,53.4715464137286,53.900796946025345,61.685618954341884,44.750718900633146,56.787456562530274,48.52418623470298,50.79795766322088,48.85317774212022,41.68728481655108,48.35054300682971,53.4887337388838,63.76067887995781,70.29714353891427,60.22480038871238,50.86044339756235,55.1273979469671
47213,沖縄県,うるま市,都市部,6.8040523958197054,55.332100647291576,56.470157577232044,60.717930929517465,53.11222785732733,44.511156482858475,49.436260281946055,56.60574928233681,62.71948298554361,56.949664006752435,52.7881015001552,46.95393611275434,52.318345534134856,49.17296435868077,55.63182815398643,52.02389604019327,47.35157973203967,48.54358988424323,61.086815576502886,63.65249620538623,60.71441601482766,63.36531773264338,69.26393338336791,57.89139172256478,52.51191957893693,54.177254601066245
47214,沖縄県,宮古島市,農山村の小都市,7.087294055453089,45.76706046104938,17.735540944826,45.01107727013094,44.50343036125454,29.032176815529006,37.42348629001103,50.30134394117087,42.440619730252095,43.421324577643006,33.872248850759725,50.940248151146236,59.66577175173956,28.3465555357196,79.94708499488343,69.0613324520849,40.61859708297028,28.550676621533114,55.01405078887516,48.96311494228552,49.85508442361272,51.855288448255784,54.65833241756272,50.54446405538443,36.59093222636471,50.05666839118983
01211,北海道,網走市,農山村の小都市,6.691641736043052,39.70173302550785,20.128301217650233,28.79394532408703,50.27484971204165,35.334655025519254,33.802888895564266,33.42305806299491,31.91654839798687,33.16439656786332,31.67094516385663,46.44812386339156,54.9559754772271,42.706272183411606,66.05669706177623,67.85820200975758,47.06591568911864,39.31155533596398,36.74978688990484,37.62495213185349,51.324655878736024,40.385255313170234,38.84257354770975,27.75543608604464,31.16879971312181,26.077803063436996
01225,北海道,滝川市,地方の中心都市,6.468971561839346,35.18729830954699,29.163531915239105,38.692918259508915,50.53503813718415,38.36474932019667,34.901712131752475,25.90033130403729,38.12555194272791,26.203293563903035,32.58656740613479,34.406127239353765,36.97870090279872,42.6515930275793,46.66800306780661,55.16761652734133,38.017337860786476,33.87838888978281,28.441562937569934,31.090130590319593,20.437221078064347,33.456743899008416,34.57735056837376,33.411891794067785,32.782104813584425,28.0566922520063
01631,北海道,音更町,農山村の小都市,6.6329210425835665,56.223765810911694,48.307140211110074,52.77656105518676,62.30281749109016,38.83131043734335,47.73054023831343,59.441020626246015,53.399463357576145,57.29391765475576,59.166302470301055,63.96983794144822,56.20459974927561,56.04414016147233,64.6984036383781,67.14046367604251,62.183796251500034,69.66560141772902,56.92427987782686,50.29030598838863,49.508156455026494,59.404136468785396,52.85705685639749,53.08497667956337,52.7567023425948,55.38884841552913
02207,青森県,三沢市,地方の中心都市,6.215575214568296,40.13707281359676,28.686813864444677,43.09961231514991,34.508559811549055,39.2174824887913,37.41965956194211,41.59596748753511,47.78133081631455,39.310677638695175,35.35954830733988,38.108092070007565,35.00232952080517,44.74433091476575,37.24063872289555,51.29136727798641,42.27666749901391,50.82277136517625,41.96507417575188,47.02329462650872,39.247917491982065,35.02348460707981,44.795701305719746,41.059642543855844,34.60262875985832,33.10615435315371
03321,岩手県,紫波町,農山村の小都市,6.22353549417022,45.66191170444281,36.47493781547897,40.078429207098736,50.021431854145405,41.82677864368674,36.37844696990385,43.77408263559563,34.70079589804288,48.766802353477715,47.290586054294344,40.04688952823318,41.425351540214365,46.32936831388129,50.38551696650688,62.48762211541374,71.2214701708597,55.520834499532356,54.40429314721705,51.88132547810347,32.28132153421682,37.9331513521386,47.874673412444864,44.544383398499505,38.629452790806575,41.60793522683499
03322,岩手県,矢巾町,地方の中心都市,6.343317167626204,51.58314070766438,57.261993446680286,44.968097529145126,47.53423457253971,46.24956078312867,41.0892776420341,52.146080035759155,48.20071718338225,54.607826067684044,47.30306470773226,42.55054867253433,46.443211039987084,48.52446810225519,48.950710773618916,56.94918157900137,66.07722021372041,63.02151907194383,55.61520820839672,59.5003243509667,50.51685915340709,54.79080453995139,50.069084313199966,56.77064846773101,48.5631816534744,50.29155487567132
04211,宮城県,岩沼市,地方の中心都市,6.548274116942878,50.01324986070647,55.90545044833486,47.764062796131114,52.89296595943643,48.776976909247914,40.339549808300205,55.64563038673106,56.078344825210756,48.545206668922546,50.78695814508022,48.52010066454475,44.76165421459321,56.10221200633871,43.00618842705998,51.21139526552606,48.99437569631551,65.66048694007323,54.15334294081671,45.91948502639436,36.76429880795052,53.25420124026351,46.19137719018286,56.096944849654136,48.417816517528436,44.52897092231839
04214,宮城県,東松島市,地方の中心都市,5.97091616031013,48.45598161314131,50.506315857237944,35.83641288350952,38.65567873871332,42.57035557053055,40.569085573851766,49.96354806040627,47.46791209355944,50.22345780037194,46.34385080800914,38.09584176272562,48.33054327098113,52.0429847866791,51.721040329381225,51.04735325760765,68.38320741657144,83.34308198061179,56.21058585056961,54.3480811055325,32.800751725334095,42.63175670116342,50.69512704076336,48.7086221251894,39.783712000636896,42.66425197545457
04323,宮城県,柴田町,地方の中心都市,6.3787595850540635,39.21896620461085,29.778112796341507,34.63541474026919,42.21760768510587,40.994653895080276,34.54563372362833,38.104113120094965,40.11634600934709,39.0919776393282,30.358223040943177,41.55887862640348,61.915332846881576,36.95576023752157,62.49404840127113,56.773281032326665,34.22143075438541,35.08792704371197,37.343272193460294,42.253493736983884,30.82488531447185,27.480766426889474,34.52805555089764,35.252159415145634,36.95343319157118,37.77038148860015
05207,秋田県,湯沢市,農山村の小都市,6.131000941072518,34.3969238226083,18.973253841289193,19.51805952887821,50.35360546713814,31.112825866374187,21.968705591260704,30.38400426990589,19.04897423650777,32.95091286081881,35.49717437343981,26.270300091751455,31.958172240590915,36.70739353817254,46.882324251348734,63.226996213591136,48.89016186367584,49.756964122752855,49.21198229343809,39.45209170708551,41.74591356580089,23.285952278660325,34.988438564138264,31.100884486227187,21.048258856468134,21.192821633284748
05211,秋田県,潟上市,農山村の小都市,6.136584286797722,37.42137296870673,46.74677568226105,28.243206535441505,53.95978886076581,38.265381990158076,31.05246709820145,38.99012567666075,40.20721063577755,35.06503325834647,37.16096996337882,30.96066819603917,31.908151955457072,29.254192244611218,38.70360188982117,53.39717926966856,43.24682765575702,33.22701649740125,43.6762474136097,38.398911946099346,35.52988259817959,35.37140278605675,36.820969109888935,35.50856118132229,30.7391673967813,31.679211407276586
06206,山形県,寒河江市,農山村の小都市,6.208189459143641,43.471226541781874,45.32397841337902,44.01342445466848,55.32239960835767,35.676930217162656,37.22305929902245,51.56317442391307,41.36943623117038,43.69968587842862,35.725675184386255,45.528318251644386,52.768911166482184,45.33588209225441,57.637141816622695,60.642573508656824,43.70377316135994,45.86552720052961,49.419459700491586,42.625537157993186,26.78866976821136,33.92047049907945,44.07525395197962,37.612477439082085,33.416160627080174,34.0515169508091
07466,福島県,矢吹町,農山村の小都市,6.731664597059945,33.79748754682146,31.052237021622094,40.0127239250686,55.48494103106154,32.6520995860852,26.877352225278432,29.70000170131023,29.75991868412939,26.517263950698233,24.138246458596914,23.811939868902535,23.731960952455434,18.165786897067708,29.972208571183224,49.11530327466794,25.34457527992546,31.22220289305056,30.065742679001104,29.591235213435063,54.40438337112644,53.01455264589862,46.54335547234391,38.383157734175384,32.34401781415235,29.234493872478758
08210,茨城県,下妻市,地方の中心都市,6.310825142481583,43.86239124413874,35.5292967693391,42.789410541876876,43.60917041777793,35.03293376536068,42.39440457300651,43.671716253385,40.11197568024207,42.38109423787637,48.0509688152171,46.99224240507731,42.97840769778158,41.45797206828621,50.42192932419594,56.35613365063647,36.793545769539186,42.363590592472036,49.07571694851142,50.81311701730409,35.05248545767412,43.831067676166825,43.459241711383214,48.05880600780098,47.119887244077354,44.352275234341654
08215,茨城県,北茨城市,地方の中心都市,6.170484827640223,37.43895061885247,18.195601838582462,28.128517039037877,54.59847243477949,31.328376567463422,30.808436289168558,32.93871829979167,26.436460628847176,32.94543492617832,27.11937366136497,39.080679865851636,46.27167704361662,37.071033448526386,53.09641867650014,58.35392018166042,40.22678109104883,44.72028012041089,39.968120617313396,38.20982487444446,43.57359407520246,38.3320063115825,41.898466611923126,30.29591288628846,31.819898643548044,33.116808719328276
08225,茨城県,常陸大宮市,農山村の小都市,6.156856053561535,32.56963015427375,24.46482492909669,19.75741944268115,52.47194334925966,31.731528816772734,25.581250148447655,31.308790287520146,12.089661495826135,32.365594962886185,28.49823500911811,25.935641785830047,30.731119525760946,31.65590192094469,49.316394594834485,60.824822923499156,32.63340378106396,37.10606624685694,35.74351644877068,36.50742404470011,31.689738860219812,36.87660777944336,33.78503381831384,25.70460029950419,28.509492816435788,26.382110414783767
08229,茨城県,稲敷市,農山村の小都市,6.239595638258674,27.873680475564818,12.221227980091257,16.103068429201116,45.42334650300973,26.60423356101544,20.599930927057542,23.686749112745485,3.975300588690864,23.76931397535299,26.752662610189788,24.269550270877026,24.6885794897934,17.678628159313345,34.06169113516616,55.866618828960455,32.1732723740281,31.634134335567367,39.316747881918126,30.802832060758902,35.98366636455459,49.13198936848283,28.408237655671414,24.14112044288979,20.187566266239156,21.487863091980994
08230,茨城県,かすみがうら市,農山村の小都市,6.291516056325687,40.267864288958975,36.85896752893133,38.581119136203625,52.52934520379922,38.44677423626812,38.944825977367486,40.724513628295455,29.81479243924781,35.54455453673157,41.91458462082608,32.419740895652694,35.3416631778034,29.396866446756196,46.27734061878458,52.21786963199686,39.96802230316892,43.96024226926342,42.93911443107841,45.76899362389269,41.04183331337144,35.81239445852768,45.63918563010725,41.27682380726904,40.48772681591879,40.52144820375344
08231,茨城県,桜川市,農山村の小都市,6.017873496569054,28.1463536805584,18.63678216707842,14.935607229712687,39.829378560088294,31.600097043542647,22.099972435827627,17.129087461560434,10.505810534608607,22.2533639678748,21.977613314599772,19.918637163961765,30.336634335143692,29.222167787815213,42.44909960983572,55.56392475455641,41.552217696527016,30.787952403308758,37.358510840066536,31.168724217822078,41.61498799308563,31.849734652959356,23.569492876490123,17.72727611010249,24.469406503794733,18.956008673038937
08341,茨城県,東海村,都市部,6.688961568622446,58.07521560563272,57.46694314454701,54.54706475753582,58.46049573424763,41.50110450460992,47.83847319285747,75.22466622538944,60.667093692284155,67.65094096602503,69.67746566243116,59.560793708117274,42.767006434177304,54.66319820940281,49.81795203193584,52.86100513351707,76.10602007160043,75.26869826591337,62.74660268224645,57.68622571828649,53.84458708622774,49.380927930902786,58.38968659302716,61.09345694477149,49.56809766130711,57.01666818382461
08546,茨城県,境町,地方の中心都市,5.9298945349964285,43.764438512941766,47.62167529736245,38.2555677248918,44.46624252003234,30.192165036787383,35.724500492837265,64.71221816707366,45.53490744303687,56.106796631083384,51.46512914352159,38.469898467785185,34.02000123858446,44.4423075179097,40.4923746220384,50.87160915379942,48.61330932971,57.12287291437632,49.589477355866364,48.13517962473411,27.119925965640178,29.97413944862892,43.64955851437171,40.53126660682801,39.36067668713864,43.87472440656432
09214,栃木県,さくら市,地方の中心都市,6.499351486017748,47.93778668332898,45.59096994167125,45.028265645750075,62.625886815966055,38.92844150533419,39.0943181106424,53.70254480734838,43.95148906620602,45.86301742530616,46.32090798118127,51.27816525271135,43.36021050835368,47.95451637304395,48.854206579469874,58.44949537205669,44.679239174574974,50.32625702022014,44.70831333570908,50.10972633108586,49.1201039412883,57.29692809946565,47.910058055446164,49.4837713165991,42.48976567531714,43.380282065148066
09361,栃木県,壬生町,地方の中心都市,6.244743016940233,50.83710441134114,67.78440977651118,51.430643585970905,54.8556618428803,46.366118603789495,40.001028740027934,58.45082282898635,57.187022900016565,54.74062318645451,52.84279276804385,44.28828091920004,44.1689792294231,48.815175630446966,40.28442920519501,57.473812330646126,60.85232400258361,58.35170899060366,45.90639605818542,47.63535846880888,46.714922999380335,48.97814808178263,47.87703007353431,48.34538361742078,47.24650985028809,49.49292218200753
10464,群馬県,玉村町,都市部,6.458179749805593,40.84331223309504,38.51264176067846,31.89930003177755,55.026251895206414,29.550049445433498,31.975460545496105,51.11984859018708,32.86614892470242,43.580829242800846,38.08960923439831,48.203196921699366,36.039507175905726,36.16155322574304,34.577679102026714,49.0644336535353,41.14665440996791,36.015550660800784,40.168853209225915,44.24695526276359,35.49578619713449,54.79177972606671,44.07781023869296,44.37936587854264,41.94959019485782,41.300638066637454
10524,群馬県,大泉町,都市部,5.980504610721583,40.9873468860341,33.71873891503278,47.71496949258812,40.16005645488062,36.179622904994616,42.33535986331197,47.20220130947406,50.41632676657066,40.11834199313208,42.736657916216174,41.18326023350819,34.27313574645323,39.36958329345899,29.751022182591274,37.41716594883305,42.26771852395706,38.61248400592688,39.80816887868337,49.00153765811987,33.28896159092175,27.78536664561575,41.44448104611293,48.11386653809656,49.246003741903,51.551293614435586
11301,埼玉県,伊奈町,都市部,6.959499153046574,42.10387922859446,35.26501001607821,36.005215925269184,49.47011107531591,47.992352207295696,36.32998940932292,50.86402410648541,48.12699371227417,47.26708649828145,39.29236082692722,46.123893766848845,33.6833995431668,42.303781676694584,37.0132135176723,44.72208699951176,25.53100051635561,41.920354788166456,40.34893471012166,43.58518790674981,51.31460654389649,51.18115654394046,38.6619451445698,39.797842085749124,41.817263777657395,41.87529018791598
11324,埼玉県,三芳町,都市部,6.302961772131049,47.516178419897706,44.93087905991284,44.64288235279798,53.31234662232377,48.13322603948561,47.01702598449671,56.05879782539351,43.7397003023445,46.90786925057698,47.76372074082316,39.7122130260161,36.878407571509506,44.74679223027337,45.577636307913245,43.75158841057308,43.07302333025633,52.15761440129815,47.387019241895274,50.252975165542715,51.863663841675255,54.563331348148566,52.77999996160448,48.80177592290764,47.443317641578155,48.89247549819814
11442,埼玉県,宮代町,地方の中心都市,6.533318631091098,41.336561604126814,16.713805504659373,26.29664113394037,61.71595498807896,49.189037110350135,39.200881499392366,42.075501668156136,39.73964806652871,48.446344604688065,33.475493644430145,49.58689408707851,40.16467063858166,35.807144005846304,44.951301462837705,49.83178956637565,43.74352175477997,41.94877368752253,50.96982443394387,39.03578707844975,43.81275532544982,49.29678028092036,39.316329426290324,35.87373777339811,33.20321716972119,37.68164358762375
11464,埼玉県,杉戸町,地方の中心都市,6.190509472986454,34.890028562110636,16.415767200317987,33.69992215364928,44.88978486716304,47.12933902506918,38.40660791670443,37.72687665913667,35.26536460757859,35.839152008515995,35.616343839316144,41.267344078177736,24.45141342025789,33.93562254114492,28.555837577714808,36.63030868943753,22.151537908674296,32.56357133527939,37.52925125719109,38.783358510907995,34.47660070917474,44.372628187551214,31.703617576565797,30.89609510007059,37.845174018638346,37.20916630241781
12226,千葉県,富津市,地方の中心都市,6.256263470779828,29.17036021864294,9.517428980292912,10.085114661754673,48.0357414800093,27.308560396058496,20.406579597169642,26.537471692206864,8.892474579951624,27.09465648430763,23.40089141545556,35.84979635372654,37.16418051730412,19.379012411448276,54.04068407805146,59.19313739302269,20.80401442726436,29.180615670043487,46.42931732183592,35.296631969066134,38.46626193199876,31.998382236685742,32.083640816162074,17.13666536511211,22.238550920279344,19.54883454822305
12234,千葉県,南房総市,農山村の小都市,5.913712970637276,27.48955596532673,19.27579404271444,5.180901407516551,47.90156918489506,29.423025736028737,22.388868652102648,27.309779480685958,3.5195458438986478,22.220561393761308,19.365133727215728,27.108315148902594,39.6801647120331,18.76634699840746,53.11763047443773,66.08853303211025,15.655297442703564,28.048437905078007,50.148445939133815,34.57275310882691,35.370092457753984,28.105804052526267,29.74333493937527,11.030423594985301,9.699827494579253,16.028756398169044
12238,千葉県,いすみ市,農山村の小都市,6.404599814424168,32.49458934304961,17.097149170668484,21.48987792672033,47.84850963719558,29.017045327996133,27.554489056760783,38.01653225438311,14.445456693038132,33.50298086459274,29.607004697657363,32.181792530249,34.25648195500381,22.277490822518693,50.687711377752734,58.81490295234042,27.702376643672103,35.713021507820706,43.36255275128019,46.76535469282801,41.42789179701522,23.90175769889072,32.35192825409486,23.782075093575045,22.24094865398106,25.824811873155532
14210,神奈川県,三浦市,農山村の小都市,6.735889108324458,32.88810062358104,17.517768964378746,25.34597123965828,46.10327717368449,42.77191324803303,31.117762735036084,24.777607355771163,4.49376217698628,28.051698992830218,21.78880019060161,37.46995518298546,54.56394153012782,28.074166358440337,67.3336751864975,60.67380232242882,27.519840144504997,27.416919519146045,34.54380339690761,33.809841496547314,35.35137023691501,37.348246187862074,30.842761089673477,24.97352689384726,19.600935391885884,27.82306795119576
14217,神奈川県,南足柄市,地方の中心都市,6.334945804756048,42.03982823351021,29.545785066842367,31.79683460667489,49.61799960235403,43.79408099947852,37.58533920770573,40.99113451710025,37.91192764035778,39.148311187462085,38.99035198594629,50.272263853093456,44.68453812111487,36.426569712431096,57.35402324835548,66.26307738198621,42.96082082021575,41.54153095512479,48.35610797984706,44.423242357134825,38.81054593606642,53.55704030078148,32.062601603210695,30.650304054411322,36.572149577157035,35.63929688939272
14401,神奈川県,愛川町,地方の中心都市,6.535369271408869,43.296829687006486,30.955623146199837,27.727072481840377,48.71813530527019,32.54061798507546,29.0247984261161,53.80536573790146,35.26461434546006,40.169539301555204,32.98724892956837,49.45824463654336,44.82121966044281,37.996836007277984,67.73442093843454,70.8467097653078,54.750482272274766,53.2023799876077,46.609708675935806,43.54043019831231,38.030817411970965,47.90999990009369,40.35868333508899,34.34849299172074,41.42143381021928,36.90103723793817
15208,新潟県,小千谷市,農山村の小都市,6.575995621565707,42.39789081260756,34.31611100480493,31.91170296235052,58.11813173116538,35.008279243387705,25.379066165369036,37.107171541771415,45.28618456948901,43.71715288538349,33.77891654907664,41.626444062668746,39.81968893886375,43.12515788565458,55.246012973708204,65.047033861228,39.11572807195493,56.67682923527949,66.35562747047315,49.38511115097813,34.763836234044035,38.59089106811744,47.717157598610534,34.501742820855696,29.110600996374963,31.844800480971777
15209,新潟県,加茂市,農山村の小都市,6.198661441042267,40.20472939953574,29.777161539488006,34.278313283629025,57.302425158314534,37.48385126456775,34.45639007012227,38.61119991630214,37.06828936633676,41.78076055322424,33.1766833956285,47.331859694578405,47.85407870288828,38.013396871823346,55.94153052988164,62.666932313820986,33.49367200499844,30.987996324682527,52.71848754423505,46.740149267215585,32.89048955559168,30.449759033816893,43.11569314386353,31.082091482658623,34.393676874045596,33.29861769714419
15211,新潟県,見附市,地方の中心都市,6.527075535544371,49.82886292694069,42.496428110910585,49.62705605959266,56.33883082057445,42.091581329217476,41.59437165362211,53.376330168312386,48.394043582669156,56.04164722574609,49.91016907062308,50.883041955228954,45.826760512603954,47.20320302853269,49.87378756032343,57.755030379766986,57.41681504833495,56.32631491539439,52.38140210822114,48.927756033208695,54.577119918821474,50.98720667116433,51.10212555931318,45.41842064030183,42.653354141936504,44.689913752156336
15216,新潟県,糸魚川市,農山村の小都市,6.817422815593222,37.57496471473909,8.372035613963732,19.64805652061653,54.20149681960112,28.755447078237886,22.355870809912997,26.043633291057024,18.737918366500534,31.990753676809028,27.178211405960134,45.81306527095071,39.77570949083403,39.229338504147336,65.52085296056855,70.5283952588502,34.242528398079784,47.47001461126192,64.45034084306585,45.68095771805883,41.44297222845417,39.45336312776063,49.598789384475644,31.916098228084238,24.78774191931514,24.605561627172314
15217,新潟県,妙高市,農山村の小都市,6.8612743009927115,48.753512642603155,31.35790392193574,30.316919683686336,62.99277329150607,33.78784252185001,37.76932519980216,54.19001828018008,30.912813592781728,48.042514757877,42.83688469915441,49.93220713315447,52.509318350106234,44.001805208331504,71.741176466446,71.75490819060651,62.517975948288054,57.010825234725466,68.66362657564122,52.389805373089494,52.52747384048306,35.95904760628967,50.0185558809548,45.09515054670029,40.34904987358331,43.406381245302285
15223,新潟県,阿賀野市,農山村の小都市,6.369024395333607,35.21467598325683,20.003515119665504,20.241423150780896,53.95102118010003,33.47566355596364,23.897500866603878,43.90102080282982,28.049301698929767,35.9488294979313,27.990281680727353,34.76226204733136,30.04984491866196,37.54462546492124,54.07871381218289,65.65241080896443,37.40276725480443,31.801351078328896,43.7579077968824,36.98549088534904,23.108329021878458,32.68525516962891,38.32766783906686,33.60417006565267,27.365910826306255,30.566959054672278
15225,新潟県,魚沼市,農山村の小都市,6.567631993116892,40.315991118312,20.735149218280327,25.335746228086357,53.92458239069909,26.960819245702396,20.81312818001007,50.32036952218099,37.034281615322755,39.40108768356809,34.54551666405699,49.173562703956534,41.952610143279145,44.530602776879114,67.50734834919115,75.46541695383827,32.063794873194325,48.17625201086353,62.13452594007167,37.55527334857865,35.557574236921425,48.598476098052785,47.17242108864683,26.969230745385293,21.424995382798773,20.231021439923538
16207,富山県,黒部市,地方の中心都市,6.587298799928794,44.06069720034934,41.358153370805965,23.040912547651796,54.6478911353213,33.25216913982342,32.10177593811718,40.05015416894671,36.84204672592929,39.73598638590079,35.346735534864926,36.95486064819401,55.32354664878622,41.42461376588744,64.66330548426724,67.59561810822679,59.434777297210374,40.84441627923373,45.23428290477179,46.81133966215418,46.47627146349808,48.7633786391306,45.746692357295984,40.361478413072284,43.994248612080185,37.45207757721406
16343,富山県,朝日町,農山村の小都市,5.802029211681601,39.671526020753916,36.46726572347717,11.570773414169146,44.4517787489212,34.42935724747381,23.129079031142037,46.5362588598607,13.713145955863467,37.76991638836981,50.756306112112725,28.53261006176857,48.683678845314255,39.584284523227936,69.2202271487825,73.04417050141635,78.89479260567182,49.8111535304904,61.52123339540127,42.21308743310869,23.97535147043274,20.749329492793205,43.91057559582764,31.46396549614891,18.892683524961022,22.795599391358703
17361,石川県,津幡町,地方の中心都市,6.399887301817892,45.62954353446952,38.24641886516787,37.33843728477725,54.773447536876866,41.398744438338134,33.814010271861164,47.30775500454954,51.55458438300877,42.90547920740403,49.20087950743047,47.76833026958372,36.78031136799022,48.056039129587276,40.346388478621854,57.863502973273675,71.10607524978225,42.65872981516769,52.609309031610344,51.74412059911563,43.95384234341682,42.68093215442214,45.874062577241546,40.907110058608694,36.833433483872525,39.38710079556003
20208,長野県,小諸市,地方の中心都市,6.775547824333703,50.655803297694014,55.16546463726347,46.70717409594851,56.08028275525851,38.871257877569896,41.10666247460469,45.14938923234387,39.73442415221956,46.75272895114455,41.82181370822752,39.707855591800005,58.143377917807506,51.79686475950953,63.4522287927419,65.57672973299661,62.67922638394044,62.34132498516861,57.56202071273628,51.80399415756715,46.22933179978644,54.41074797875236,58.03979852762107,44.905240477817195,41.08777069673012,46.61356874510062
20211,長野県,中野市,農山村の小都市,6.209364834874143,46.04492607741987,49.565817533214286,43.48503496393252,58.94100010415263,36.35022053902521,35.17167517202007,48.913408849259085,42.2272470169138,44.50296988792435,47.170197910139365,36.99109106119102,45.56258225224656,40.515650297512536,61.0146804778229,65.16891738380986,44.36938895300369,53.154687566749146,54.174320138733485,48.14082056215399,33.940789359583704,44.23874655163855,55.52580197729746,42.424968034621855,36.007801578365665,37.52040768676541
21208,岐阜県,瑞浪市,地方の中心都市,6.368920357475242,35.73824227346809,20.999799415505393,24.562805814575402,59.692268690654004,35.752310630913044,28.101185957750655,34.925144674210394,15.886654440712327,30.404805021531214,30.92638393904661,33.365735082649145,31.696226936719718,32.97990513698552,47.37224288341829,62.771757761820936,39.96950465733684,34.40767037327139,45.15364746811321,40.490649376993815,37.938452660395185,46.815592867965215,36.40318855790807,34.33721773064443,27.689994741869732,25.07466974224389
21218,岐阜県,本巣市,農山村の小都市,6.312862027082331,44.209387664503744,40.26568955462884,43.966086531990484,55.459412472852314,34.248626702815926,55.02618220220758,53.746383709392354,42.093017815823224,41.44899736003246,43.57272280181039,43.34685955467711,33.53589146304671,36.888642498281634,43.556650746637885,54.98125520338,48.12041727272993,42.42502259530339,47.70110771992003,40.65366846224036,39.87957093202246,46.18293911268666,46.44697177176189,42.684934926833904,40.90822169783587,43.88603083917864
21219,岐阜県,郡上市,農山村の小都市,6.639415137323597,42.07675301091517,26.441692845579155,18.049085833370558,51.78276746026792,28.475735370371254,22.914268314455775,40.470365379702194,23.959577492670714,39.58827660014566,24.33594448423374,42.29250780421125,52.463347912964636,33.348451886366504,67.15018053209448,74.5854412522527,45.559036349640344,50.67945205541752,67.18880197555572,56.2043845810172,51.72659515436958,40.95534101351038,51.55736617823562,34.75717233705681,30.57102344982178,34.785255998652794
21341,岐阜県,養老町,地方の中心都市,6.174361825839142,31.99614396677771,24.894192284356414,18.188808461528158,49.171320676610286,30.227833463353512,23.539725386630252,21.340769186684312,13.27518306912458,21.802112293275567,22.79199546463149,21.409109203971482,34.87370049817282,27.806195211965342,56.58547007832974,61.624541907085295,33.202082410955285,27.515525992671197,38.100386257568886,38.039599738574495,36.42188814809162,46.62692136029932,35.64787788985742,28.99423249245176,28.923839738304103,26.904143988171754
22205,静岡県,熱海市,地方の中心都市,6.1674253498566305,36.47713803273398,25.926360522732704,16.341582674149247,54.355144579511695,40.21370611125809,32.71252553296019,23.516323252229324,3.8897624958282364,28.765444388945507,25.760840921617113,38.67199675860965,57.13055707278916,34.81649063217268,63.79706197617713,63.12742532978467,26.745661983135186,36.80319320669883,46.92871658858007,36.99808023318994,46.37767609599512,49.0045242798997,43.99937399413016,24.03580828385612,25.408963692299373,30.12409217906587
22226,静岡県,牧之原市,農山村の小都市,6.460478379572075,37.574490941039436,21.795762812934065,21.186996070815812,49.54990505000524,31.94374080976141,22.984725887171084,28.309682124043288,21.9391137096703,35.98509966850593,35.260352471161184,33.89265101132236,34.44825870181235,29.757845131506468,44.758486293313936,56.946935611235304,40.08116024389685,53.24608298094574,53.962724122328424,48.96846049055238,43.79523440605379,48.54900060083988,42.9125556868437,29.588407246963005,33.994805928099424,37.929795525164735
22325,静岡県,函南町,地方の中心都市,6.365873318012665,44.82548663331991,38.58218678175811,44.05293184430437,55.47105154868204,41.04245580418478,38.494150469655196,42.31880242014215,39.50769423345421,39.43189175522484,38.83424938787833,49.941754033175336,46.1448989660423,40.37752257174969,58.61923039409325,62.93642779699235,43.895055993509416,47.76590929000653,45.295508287013355,42.506334556065944,45.85701913634037,45.15367223119015,46.382333843137665,43.9554998936561,38.547970015244374,40.69712794617713
22342,静岡県,長泉町,都市部,6.419881102358163,59.57810947790238,61.69506383334533,47.85238107048334,47.34311527813005,44.656043009013025,49.314467857220954,87.73954069233346,55.03745368049084,65.81683676273504,62.701745833016474,54.9612939700591,55.71158338449246,56.225784966973634,62.94693890412829,59.039535107607755,78.67210114662177,72.99677934630182,62.70229763445151,57.46701522924409,56.258451396955984,52.069752458844995,58.585035180386164,55.58979199343228,61.856166440613414,62.6354522927755
23221,愛知県,新城市,農山村の小都市,6.818946356975503,33.04325340424653,14.304373834491528,12.33678321434651,46.08690686771128,28.788227055555236,20.810788759742866,28.72275626996948,6.283923800788479,24.878588767576442,26.249283340150296,29.835011532977116,36.621627653308046,35.15998701817025,55.42374948893905,65.4388165317766,41.20776900738287,36.715742125167736,50.11872376231531,37.08792039678743,33.70951145296259,46.02377652065584,43.72387607464584,25.58134477273481,24.502838966596126,23.425754487165214
23235,愛知県,弥富市,都市部,5.954570915920178,34.195865345763295,44.47563776778734,38.82366809918422,43.19998913362574,46.67711733883981,34.995263559852305,41.60383526397449,28.846496007142594,34.714067553036976,33.390613959121055,29.897585884267375,23.7209406604998,33.22802878097374,25.31434360209838,38.81526310244532,22.21788696602977,27.347359111096413,34.60368125689351,32.917184125817215,42.200705838186536,34.84070921513232,29.78068973744131,27.284151391169633,37.301695382115064,34.50385456158822
23302,愛知県,東郷町,都市部,6.452249544521669,45.17838913140608,50.04739937195756,45.02955717667685,48.685336873719535,38.41760406354897,56.33335649799954,56.97302682446819,44.47407578719195,44.78748737574947,37.469668899851534,44.55373232166524,34.2428720047558,39.979726119815304,31.88455930961174,44.488516172752526,48.67021125540351,37.101285908153955,48.139483393220516,46.80272237891416,53.088172890884,55.946753599098436,41.043575227419765,42.01118440788733,47.46837323479505,46.64265805820519
23425,愛知県,蟹江町,都市部,6.533599300127914,45.987433225167194,47.01513436755378,57.033202377845996,48.86759165407612,58.09554445125571,48.70427349208118,50.02422989185207,36.94821025733556,53.51493422198423,46.06984567743093,49.87394466285656,38.60500964163744,46.04616897913779,33.115282080189644,37.39873162612252,35.629543248725234,40.39206856885279,46.83685725692514,41.85017133997997,46.37161256322602,51.409949130859665,48.122981982221035,45.91936289736098,49.68797447259997,46.16577256190234
23447,愛知県,武豊町,都市部,6.239597299092348,50.79163560277662,47.90223689130009,47.93066400754682,48.6396598716101,50.66859888265294,49.025430985360344,59.73808275085474,48.12952507001964,57.33272947493257,50.07462448116827,47.05886257223888,43.960642124419,52.93944074498936,42.25938687282681,44.03862838414319,70.50147622051459,54.21069585309652,57.94948442933858,56.615874144947234,37.12368773896214,43.760386277518094,54.2428545383455,45.498251593175716,54.87545021417141,54.52258034250648
23501,愛知県,幸田町,都市部,6.223199068413702,49.65962303245666,43.78663022932822,42.97732977591451,50.22178378407678,46.9536049325697,38.65639319060503,63.96927766758547,51.920159755865264,56.69161180443629,42.286674196799694,53.03392952932954,41.266156173646195,47.08774057376173,47.42982809404506,60.216321343755745,50.889708638021325,56.784491154293825,58.14649285488794,51.83010373180591,36.19652605974231,47.53593735981092,41.54345580553923,50.22941269390081,57.784805628489906,54.39257780074865
24341,三重県,菰野町,地方の中心都市,6.462925912671886,53.57826440110678,47.513651251944005,51.172955993878006,56.099115872269564,42.91044590734721,44.79856446100184,59.25524386787001,46.09288967629533,52.75753704742884,49.236709807551115,53.94053809040924,51.199124841168,43.327063357394294,64.90441648134811,65.7064980873816,71.9592682844024,55.59141842998029,64.5148159793258,64.33305748795001,53.95608883885325,46.95504189079285,52.49575853064155,48.219346775105514,52.432762493747404,46.506032172476665
24441,三重県,多気町,農山村の小都市,6.673654940164583,41.74936946079027,24.643999500086345,15.428758278089376,62.127638483324155,29.642190410096227,27.56608468423945,45.57416106024304,27.918883471586646,42.85553662222222,35.406482324982704,47.92657580625019,27.26773331407686,36.94483069619188,53.86309094219267,64.40415929846725,53.37060359969453,45.582170896805714,63.86774496467547,41.261151267765115,49.85717265875876,73.24060245542574,42.41528478832609,30.01299051721693,28.125795118311025,32.6812258999381
24442,三重県,明和町,地方の中心都市,6.3953899804758905,39.634333413976385,36.67528345514531,39.696415305544235,55.518301391050535,37.031376723881195,38.16911414157032,40.98707355111214,21.740550384590296,37.8820108935559,31.127105661647924,41.38104147576567,35.27908678147533,31.41510594431967,45.66349956411175,54.16313214686281,36.58709121279595,36.05869389375428,48.29105080559447,43.15965175737074,43.45884896105333,36.8070087945263,51.595493387067414,36.431992755656125,35.398303971925415,36.70676897505632
24543,三重県,紀北町,農山村の小都市,6.047250108479761,29.683723609133697,4.29403880315963,-1.1150219671331598,45.274022794133025,26.522439422907,18.218373656671524,21.25820156120028,-7.566915085249093,20.635034180681284,25.171018454273067,29.664985046056106,31.759444146099536,33.22465334639821,65.62238569642841,74.43644940292907,46.661097852481255,36.484170303363825,54.394291072517674,44.445602344871816,41.10871413461804,28.21336070885388,31.578149899353498,22.415571659018113,10.897106424350973,8.812192761224843
25214,滋賀県,米原市,地方の中心都市,6.703082703720959,41.29133284579589,32.86533308281213,20.784206722152426,53.24385188028087,38.716394311709706,28.861616334756214,52.724144470495546,32.15222246472658,42.98273015745105,45.30350616975009,31.68140720442608,39.81889540990265,35.30448336798935,49.22050878898892,61.38035642868421,47.76104889263614,48.70592384199907,49.27584160630229,43.945789043150945,45.76179495974023,51.47305774730416,34.558308494036645,36.4428984239506,34.001077366053266,34.02659112980246
26366,京都府,精華町,地方の中心都市,6.94653762900068,52.54947591072058,42.5456666109114,45.32968131004974,51.17294301870153,52.76668051209684,45.18397698679433,57.38565536797359,53.3203972623343,51.04308485501529,52.99670175673227,56.5847169802731,59.404630594997066,53.92388410425665,56.749448318394656,60.19488573171704,44.86315607696965,52.79833584892014,57.540979834969384,50.3452705718836,56.21064711248319,55.72296285254654,55.016028011228855,45.61552110288821,52.07644465803344,52.395722377123406
27321,大阪府,豊能町,農山村の小都市,6.684089043159427,39.992580475299405,19.727912756176906,4.951836237379652,63.96158691299398,38.78261357661913,22.215948215383577,39.70238489569761,15.208720578681124,28.48841814709234,19.809841844384867,56.56800514700344,40.692046105361555,62.70243642736132,66.41790058281701,74.23804885877743,50.18825121490648,45.36375087485275,63.925735823550454,44.534579026067476,47.0415649599165,52.10245550491576,41.622280345036216,29.638565624585762,11.704211892573042,20.232835855051505
27361,大阪府,熊取町,地方の中心都市,6.466113296458203,52.52480446945624,53.52247255961272,40.24430697870463,61.542337105445206,49.72480286538637,51.22292076549452,60.76477941144143,50.92925368275026,57.34270440246172,54.99925669521486,49.708877705519335,46.9625411612536,53.143506327867605,51.03095048663566,54.612461879267244,50.14810016174788,57.75197222862704,58.14352809951581,57.67119117847697,53.76835066467864,49.963064655429925,49.0950291582805,54.32662458219298,48.37374424242163,45.60253026852349
28205,兵庫県,洲本市,農山村の小都市,6.437930248928646,38.569695264091564,27.227123185217994,31.512133893144693,48.501480547905814,29.838182258098985,30.657245105873287,32.429159321340265,28.7766415607981,28.802988326700223,33.0752622016874,34.33509473865563,41.23628824119981,35.20995052772561,51.84699658443542,60.026130705218634,51.094571898327764,41.03905345809797,47.20456530975073,42.03452442899176,42.73033791058262,42.763505516159846,45.270311930030935,31.644191102024262,32.78182830956957,35.63511927666025
28220,兵庫県,加西市,地方の中心都市,6.415968385994607,37.74184866118882,23.51308124110135,26.538930781930443,51.30878192641878,29.480563031362912,27.06606421468563,44.419087008735374,16.984208290733267,33.07438236458212,40.478619055056555,34.56869331178207,32.24763437284136,33.67388569841685,43.16887955751653,59.3269879115189,36.82568351403903,31.276009958042817,51.35820069593873,42.37041276697081,44.269763615206585,53.00764543639449,43.122843861714614,38.650263031024025,32.69014077964603,36.38360544287253
28222,兵庫県,養父市,農山村の小都市,6.413138498206124,46.54949916895711,24.13431760816096,16.415864248918716,55.8043896102604,29.454855632765533,27.9228118151051,56.66982334820301,36.370010102591564,49.85655628852593,52.30527643182006,42.105013494109954,33.96616270359333,46.14405728145064,52.18303609807882,68.65802554169956,69.25715364002261,61.52941579650216,71.61316543559911,58.55507862519069,54.803049471158836,41.327385266859025,47.596412310375,43.54672436444216,35.34918275718681,41.620212182350826
28226,兵庫県,淡路市,農山村の小都市,6.455127257376068,40.69060837541261,34.162662275549536,23.710440170571474,52.414705936189996,36.17638797360147,32.135727225307015,33.38118185045054,14.240332085522311,35.199727494670356,33.393426545997656,37.45109070489684,42.96419995735128,33.41616648471799,60.41059711913716,61.66042583922059,48.0716065852,41.49670945270595,51.958185941982265,46.8912215875148,48.11764852055198,48.87712116718839,42.78183563387092,36.385467693976906,40.419041257252786,40.858691506474486
28228,兵庫県,加東市,地方の中心都市,6.6883280765237565,50.064044534057395,40.79767807947011,37.199117707967964,49.4612339505258,37.545547720403086,42.05753161849091,48.42705773603304,44.53796125062798,45.79465934644537,46.48058487626635,48.99888154973115,51.090830278066804,50.834133240854904,59.68227046350823,61.65723775953908,55.45024113976985,56.118532419172,58.70194444459166,54.71631885828314,56.14922830056811,54.186951070905856,57.30543994046342,55.45303979327136,44.472782443161066,44.417864829260346
29211,奈良県,葛城市,地方の中心都市,6.406067127746149,52.99306269408956,45.89857780143376,36.882724034046426,56.39081899391772,47.041530279847656,38.12956753527459,68.10437670277484,43.82886766139477,55.24837155815171,54.53209220486082,54.85479369920849,56.50182858115078,52.26084197522734,61.72323315504585,59.94971268910144,57.714117102904964,51.815964686561244,69.42044291652532,56.50701074760243,59.24083591700101,46.15641906334853,56.71296262445623,56.348012952989116,42.6043167483448,43.966085026979975
29363,奈良県,田原本町,地方の中心都市,6.764316282889397,46.45257813193008,45.25938826016167,42.23822872221845,56.32306034227026,50.482425574306475,41.58662740765978,50.099024752549894,44.774502002782526,46.216520027350185,49.04053622638006,49.830612783592144,41.28454934271809,43.93284582805752,49.719953187704895,49.0786684059852,38.8342536027441,30.20323579956082,55.17238156642948,46.661534276776884,56.86226377030849,40.200835621513235,46.639944977873256,47.27074393791531,46.5833215246088,46.56641722485467
29426,奈良県,広陵町,都市部,7.092722990277301,55.40885287754182,50.80920738913644,50.005677079467326,53.763796707828604,48.049167361229394,47.51174129008961,56.22056810676202,54.80717491274466,57.379440729513924,52.217873539002646,61.67771031248046,55.83005845138621,57.59097876426572,57.07659165097641,56.53306003966757,67.20654070803732,58.850755128623646,57.94297605239254,57.16045512632569,63.71964175457616,61.551593583273174,50.4153096095841,55.15890064722425,48.66698392004346,49.6662661963724
32206,島根県,安来市,農山村の小都市,6.749298032915767,44.014691720771246,40.6198163465314,25.53097150318104,61.28215333144283,33.43521191035722,21.885056575625665,39.18722160954738,37.840591249117615,42.32407254302518,34.59635992835439,45.57105245726351,47.8598614551411,43.48796341147182,58.68551493668322,66.76233354726611,52.287804519906544,44.98762870372214,56.247452018467726,51.807800375232915,54.51254339972289,45.314311060629564,45.72769244839058,38.51866854347136,35.45123679731693,32.429282626641054
32209,島根県,雲南市,農山村の小都市,5.966564857580107,37.22628012321678,33.50102298358752,22.60444980251964,46.16070181195741,28.590342455921956,23.78487638968793,38.79342339835951,27.78016387248992,33.15011260243827,37.525311750730424,33.11752419282681,36.22755207217643,41.46847914762334,48.80569971796905,63.50555626676948,52.3456183413141,37.60202264967725,51.119163690026426,47.78362425007884,27.194659230160582,38.47565626161959,38.0925384803496,32.15673438107419,28.547557630415564,25.097931577429236
33207,岡山県,井原市,農山村の小都市,6.101005820987071,39.14211513868052,32.71150038339408,27.806214816476263,53.819151261269226,31.101050647398406,25.332908898664414,48.239479006679794,30.54235785983367,38.08267276528328,38.674000375280784,41.46138916596627,30.639138790572144,42.56377876080778,45.648555066456666,61.10708899350925,40.339022461949924,35.53986907457144,60.84503522799926,46.34738965426183,33.691589632223064,28.84546641302936,46.270027110025985,36.31761869687049,31.405303727001968,32.08015453880745
33211,岡山県,備前市,農山村の小都市,6.335381848570433,32.66199337672797,22.733109212006507,5.86522672392698,51.755319388028916,32.944532095701256,17.838313178389807,39.7866448113964,15.482204688014598,22.33557798336323,31.847721841080283,29.785146645964247,30.031508266009734,34.22396297103726,41.60817386758499,60.30834888447524,40.93711045306027,30.426565247922902,49.47736512338135,36.41110032228864,44.063282916878244,38.35116917873001,39.24417812170341,25.394433080979365,22.22331086538091,20.813535174166834
33212,岡山県,瀬戸内市,農山村の小都市,6.501455795190621,43.61712027042489,39.81068820082819,33.17626371660209,53.03686750532567,42.588865900539155,28.47542854543971,46.30330671284811,39.05924723167693,43.25543255209464,40.45855492797506,34.938866634506255,34.78642840265335,34.61202633253267,42.72916874590101,56.41017735515834,58.73012599603831,47.02447057406869,43.38989014595105,49.471133393604056,41.40633592830573,54.05317010584307,48.00247903821423,45.716202343251375,42.54716655865729,46.82858964218263
33213,岡山県,赤磐市,農山村の小都市,6.717822122548972,45.554769726729326,40.23048418463155,30.546972266857335,61.750762205834405,38.198007506138644,34.00194923925129,51.226974304208994,35.305517039845036,45.00098680304956,40.300140551754026,39.35917662496182,35.95591519954762,47.75690292886823,49.55322770920186,59.683980471427546,67.17450179483752,51.94531053676907,57.79172960225211,49.02458533856949,50.62964969396622,49.954021173800975,46.320454625945935,44.489128568901016,31.723861473039445,35.39023359784436
33681,岡山県,吉備中央町,農山村の小都市,7.62593626435525,34.92629630739643,12.96340326664965,-16.356809807269173,66.09125119364326,18.58520757953139,19.348128068135587,52.00941910772366,-14.806743473604648,36.40158681223411,44.50293727806457,39.226344487506495,30.479603875815013,30.9563137009406,67.64636181379927,81.73486639352893,26.569561939308628,36.55936322038323,65.8216339625242,27.344961505215384,47.848870416490094,67.66775423858661,46.230231825879805,18.63638889973161,13.207576906885336,19.562898165810815
34208,広島県,府中市,農山村の小都市,6.4557148840661105,32.04048289064086,22.727514308995588,26.196490014530436,47.78738524389951,35.66185298223474,27.633242947241758,26.699593691338084,30.291384440717174,29.490231531288796,29.41362969090378,33.14853840434784,29.987544404438246,26.72973326325665,39.396099539076296,49.45540605316904,29.283463650212866,25.02187948080167,41.847762675761906,30.426478705405167,31.619800193501213,45.12921357170398,28.4516450716338,20.5152239527861,31.497706755709284,30.55976880242682
35212,山口県,柳井市,農山村の小都市,6.990607176880452,45.619152353308536,39.05154888858157,38.958313589331496,66.02796487972084,37.11252601696788,35.45083629639325,47.371959566316114,36.832596514047935,41.262068946952475,36.629871903408194,44.195778978497174,43.704146080295594,43.228772174445474,51.99434976379687,61.72746192528135,45.367564892759376,50.58962031169101,60.36636003535677,51.91638845936904,53.28847632099604,60.03593982448443,44.837241446103505,35.69041934293169,33.7745578758363,35.444892445840736
36203,徳島県,小松島市,地方の中心都市,6.302240284556869,37.79503580092251,54.182692811648906,44.26915940154594,55.687760455128284,34.41550659971435,26.49640736181859,31.39158363532281,34.39276829376852,29.82047481525791,27.503459588106054,39.11966580522521,27.289359763455966,36.480760225564836,41.34619960754558,56.68213249942505,28.820518580428814,30.060835610003288,33.494687097468855,38.37008235785082,49.2315245523196,47.128588584959,39.40543880575335,37.03860053664865,32.08478242140913,32.367869811771044
36403,徳島県,藍住町,都市部,6.51001800344981,46.729078394332745,54.035567225212304,64.32498764460533,49.1909766727772,37.88098845580846,53.42441953148302,51.322878293278485,52.952366335433034,40.6396582697639,41.38991273727054,41.91348197637359,36.83565039272197,42.832230896200635,36.527619282311036,45.72373452095198,35.58065169081051,39.979508973976166,41.42519068114302,50.02291031156141,46.776977837920676,55.85251117461182,52.83878691425088,48.429993977212085,52.67938592725507,48.917491741052956
38207,愛媛県,大洲市,農山村の小都市,6.114841307184001,35.161958454172016,22.25931829717569,21.966967385309257,49.902388165948906,35.92666718192463,29.18968888894738,28.27724558112587,25.489260232328583,34.4142139339838,29.938689160455834,40.18304203807627,45.26169608503757,28.185806127660868,53.44421939010215,62.639633901152955,27.261425247216312,26.49384264463296,49.15395931237457,42.20866064719712,49.34386637895091,27.466016363728517,38.383758639184194,24.64408160720598,26.419921568390933,25.432634122017287
38210,愛媛県,伊予市,農山村の小都市,6.244316375337541,39.035599029974016,27.780236675877727,30.284947659486946,51.435925270961654,45.421981982699236,33.46093609547126,36.35388127878579,37.828658915001725,40.985321277425555,37.59152548454186,37.80003031378457,45.15819551851859,38.65931543335788,46.84619562844956,56.563249853559945,28.594564615584034,35.73702884470731,44.30018284379751,43.74347817589141,35.518129510555156,37.57732677873889,37.11907430711415,38.95156241870372,35.03133420456795,34.1112936317941
38215,愛媛県,東温市,農山村の小都市,6.245554786591097,45.61365481174638,65.07871997396943,45.74800941556976,43.16729427432094,47.20947104949035,47.130859434958744,49.23137281334503,51.929722087941855,52.89057448069171,39.442041256852235,44.22954988727872,40.9770162721573,42.50519064875613,56.468297167146915,56.259102354199655,50.12187830096321,38.81589723474812,43.91679813032512,43.81379361954652,36.743790761975156,30.546541265035085,42.88004667288347,41.216125689211246,42.90357107499781,41.502051615548766
40215,福岡県,中間市,地方の中心都市,6.3634274115766,36.11855306028519,30.04450051182259,43.633971801525526,51.82742772047413,46.801400221502334,43.25692588128657,33.6683653187077,36.37143586140939,29.645221346353935,32.37354952325791,37.038220534482065,35.58068848114846,34.5961575131685,32.328407305979795,38.38798897970686,23.128335872921518,29.894461398830277,34.67456598413579,34.436957459152936,31.37304695160796,55.22446757351528,35.580748108158154,31.42818978419369,33.17623815439021,32.37400115911304
40621,福岡県,苅田町,都市部,6.186569665834821,45.61701307029957,47.46016231882559,43.49487174042393,40.64175694186181,50.93665544597866,40.84583568507067,50.42714493724079,48.33771360034457,45.59508438226418,44.61713201425115,35.96105727920951,40.731725719264475,46.197579549641404,44.83089816993606,42.520820958597525,61.32376336986475,48.93768874807321,45.18556186857565,43.79567662191647,41.183556969278,26.090039792563996,46.99176472688325,47.22062115000332,56.580601739703425,54.90059995741754
41208,佐賀県,小城市,地方の中心都市,6.509338571560963,47.537097159673536,54.297423825095194,44.90334900515553,55.343163843648796,38.439591528773214,33.597428591287795,49.111664851633364,53.49723324756575,53.160378364634276,46.324963373553615,44.34779545293815,43.31694050179436,44.220647462966,52.24919633630875,58.80160813493558,48.04150220744323,44.503089872838,55.085760492953014,43.082258228262894,41.293091860006385,52.212904708531894,51.37123416690417,48.281765898312386,42.8617900001884,42.54554987643428
42203,長崎県,島原市,農山村の小都市,6.573657772237019,41.62827364581899,38.596006777796205,38.55707537602673,48.01852647620182,33.30527327897532,29.618149717016667,39.74521715469511,51.046880636681884,39.27890013099474,33.89881968544101,36.08244250600277,50.57480257683849,43.28033587233579,56.58672971163449,61.898050474399966,42.83511186811534,51.85082225005462,43.389335426846955,39.41882686298696,38.547765603717124,43.11059233579049,46.0354328509158,35.23427430400392,29.07235704891827,29.096838573265558
42214,長崎県,南島原市,農山村の小都市,6.42290702360528,31.750161715628384,15.943195289804635,10.232451208986937,53.028991825262906,23.375850274526,16.403070638190613,31.371125735713886,10.131687638616171,19.768287265749244,18.839937673206634,27.555905767962333,33.19781478362568,33.78381480625806,54.45906598773034,67.45323273418067,24.524518793506765,36.832714896710094,55.80086612821475,35.275679935680955,43.12740492140308,43.241691411277685,43.07361399729555,26.994523530757576,16.675800067926872,20.912635862493957
42307,長崎県,長与町,地方の中心都市,6.901203457875275,57.628450647536724,52.13099158569779,39.12586521070948,57.59725969689552,50.095398992225675,43.23104153399329,59.97789058883161,62.55890071182826,55.856875476287506,59.82804562558378,58.579710800966836,48.01373432450207,60.15183415955558,54.23207894152611,57.72866676365064,71.0060656100332,67.73967907572302,68.02637890200697,63.29203391421784,61.36312338740902,53.62596736142877,68.2193077230599,67.20911602269561,47.401141704585925,56.09170742746733
43404,熊本県,菊陽町,都市部,7.113481760897592,63.31035535862079,59.986171845380994,70.7153739554188,51.29092134484707,51.137309412621306,79.0373882693747,74.16016772535201,62.38531272578412,66.8663136572892,69.46046951219327,57.961361218117965,52.4525646828172,55.235826614246584,47.18165261307861,50.663756088428144,64.32380699995988,71.56272374258506,61.179313215670504,64.2456622373838,65.00064523296706,66.02801237115852,59.84891429411236,69.75556199905404,72.7499882218819,76.21931062717613
46222,鹿児島県,奄美市,農山村の小都市,6.760938188940175,50.4293652543667,36.34677478059768,32.91494262369266,47.58554449199361,36.29996793617866,36.30872626127439,53.00900196703718,45.631086408674115,52.78023771008901,42.12426119473817,50.93083906432324,50.51641949110435,50.04041872583103,78.60805088298268,72.1437219587687,44.02555527305594,49.755551755517985,66.67325809171912,63.9691177521257,51.68977168495194,53.26882708269205,67.17366005468088,48.258142795050325,38.44084947546696,41.81003864225475
01222,北海道,三笠市,農山村の小都市,6.301003235821528,23.629702046547656,4.991542229013589,0.20262803660433804,53.13941553646242,32.610943247089224,25.39175492467287,52.0889796314016,2.3211640437723204,14.001475898103351,20.811380803307383,41.28917284143118,20.139510665122163,24.22315926167032,33.73103889133079,62.53087292940708,41.146702761789655,19.71034252479987,8.718525325487164,15.515482326862141,18.48659085669904,53.582120548015844,3.792683758384726,16.822526171824553,-2.4035102640241917,4.26834616791637
06209,山形県,長井市,農山村の小都市,6.366859101868093,38.8316615775701,34.756559272181164,24.042390567659496,47.62925095249834,27.559076262477532,16.486051121121545,31.347104106666457,31.492600395510177,32.39908021148983,52.56663647098006,39.82746345152569,34.48878501748545,41.25466497558869,55.61519911694388,71.21279528155867,76.20519739952924,50.56082460782128,56.508006059549736,35.532387013168204,26.9329257496228,36.67325055720808,41.27696267465466,27.432119261966214,20.275039323644748,19.885508010830478
08542,茨城県,五霞町,地方の中心都市,5.577836109689333,20.146731400970694,-3.617377993886386,1.923070095735362,38.47495034832326,25.67965948486318,19.340826262580862,33.51698526823143,-0.030053959868212132,38.12929152235581,10.828870686753248,30.143185889424856,12.614100852566203,13.934406814870044,22.812726824098448,56.94343465836978,-2.340966389265674,28.50994081656259,32.634242554397716,16.19328223773826,42.45619886315406,17.17818909500572,13.62457775054554,8.3032578847398,18.9087367611358,7.360017294865081
10424,群馬県,長野原町,農山村の小都市,7.376596957065004,46.83325745004328,42.88555397372416,29.846127817939106,72.53707109474675,20.996353303890118,28.52828351474323,41.300892951513376,-6.435614855404417,34.740252145971546,19.091099679836642,65.76294025169848,22.445862999165293,40.11875989931748,91.39968486207428,76.58692725999023,84.73573224464637,92.7200827331566,46.61677707894434,7.061980350269728,72.6890005963461,94.20602652954383,61.768602262774024,26.948551170690315,35.33050087502829,22.116730060432733
11361,埼玉県,横瀬町,農山村の小都市,6.412794393335448,49.81623893443384,33.83771180196236,26.263556925519335,57.20061618967337,37.85932115117202,42.727321310627225,65.25413830625003,31.609483564024238,54.343600485355886,47.680214016579626,48.75351371015425,57.87485753533507,37.994082940272804,81.3825145325418,75.24830921557559,46.885366842820986,40.174538682243686,64.65222346906027,59.76278058998547,48.07120191700411,52.06583555353883,52.21679607034501,47.769447649390756,28.614188299100647,57.34811366787898
15342,新潟県,弥彦村,農山村の小都市,6.360663702962546,40.841798516836974,25.43995538468781,10.373254631295964,49.344064332168585,27.034146607510774,25.503612645345477,58.842063470371215,24.737683933107018,40.21418602879439,34.123092986815195,36.96908864981245,56.417424461446586,51.22732538745798,68.36127633874895,66.10107948369433,41.22069296255228,43.682523691052296,49.97319195698568,40.4080895556384,41.28822483899558,48.655979306418935,47.348261922811574,38.569145019724346,25.39467605118977,28.974124757461905
15385,新潟県,阿賀町,農山村の小都市,6.596825109983496,28.58217818704466,4.40668698429171,-11.41315324806628,57.593086560875264,21.94290294584773,4.569355605384608,29.007843005610198,-3.647889472615688,23.815786816464403,15.572020097341145,31.37244920760689,21.870950148998357,28.29623663891888,73.8860354866186,82.32944410635703,33.041592182437775,32.095644922192115,60.00137293193565,23.704588966206877,50.087798094828834,65.90823481256778,26.82229518747577,11.018061289613406,-1.115317945575363,4.8062511637562935
16323,富山県,立山町,農山村の小都市,6.284232098170366,37.08156171805355,13.902549514993893,7.460988352142202,56.661005805570234,32.10037531712713,18.482687752803255,31.3795631845338,23.2570045158451,31.9725960628089,32.631675700537116,41.601833856587305,57.531806316737445,31.204065613205483,77.48070700328688,70.44629855636849,48.656819237360295,39.76691699102137,44.72419060801585,34.07633299337641,27.685727118121633,33.24388544088054,36.12132132385269,30.030343416214247,32.45490795783751,37.08387859405751
17205,石川県,珠洲市,農山村の小都市,6.402207509876298,41.69012611829852,19.290591054583043,10.804024496459746,55.96043018795791,28.81521076177111,21.70040316392211,37.43337046486467,17.770818436057787,31.66067239342848,39.60521746722541,31.08546239578577,53.78987511755591,39.39519344260682,70.70947944635361,74.75580600084822,71.41729407326622,49.27236552422288,98.09811743861016,46.99957862986059,43.230291194676084,30.81960012840955,54.512206795924484,35.505480901261755,20.713612996220082,17.217924327292238
21207,岐阜県,美濃市,農山村の小都市,6.350025505546424,40.60161807081031,28.531076059393246,24.354878290735424,59.5752280292835,29.84279682646447,26.090194627902836,38.30158469625101,15.369934946764637,37.833919674722196,18.250422216778095,40.304565705879114,47.41264132257062,29.865629788622194,60.47001196472127,69.61140588251467,27.981157861795673,33.52496822207244,66.58886518720514,55.129608871697314,39.65166973741444,56.146711701723994,58.064687139026944,34.55132865128198,36.44392142765406,40.54162486697224
21220,岐阜県,下呂市,農山村の小都市,6.23336617674564,33.54734853483316,12.84791800259466,10.23139061263911,47.03196829954292,30.582007761260623,17.31120231060636,25.5066985927909,15.579153687108374,31.62800364437588,28.078309979984372,28.67137875619809,31.410728599743,33.89476461552236,57.093395013236496,64.56894617015028,34.12118309414588,37.92242854174978,62.66183764222724,44.217379326133255,35.13400292231128,40.07521736575123,36.0330779271432,28.02249535634081,24.922724865203143,27.590151749236654
22223,静岡県,御前崎市,地方の中心都市,6.2268945726778995,40.2137969834605,26.241972301335508,30.16882114492786,44.13665240927908,28.777910688470723,28.27528013905382,48.287097176875406,25.72975481311596,35.66938910994189,36.4479389687384,31.225247209872872,40.63626088015332,41.980467474787105,55.37637727563611,58.31179687004719,48.464207664034014,49.69873147611606,47.507565039613056,44.10636329122808,39.67353385366781,51.78173027321753,47.25586765242976,34.20907764922574,33.91583658933106,37.253247651953814
28301,兵庫県,猪名川町,地方の中心都市,6.5651596923073114,42.0402782591697,11.166405339267449,14.050941944244457,57.705097604626324,37.53440935481856,27.75401434197204,46.50458543940919,24.7240119496858,38.16643417414102,34.61412985970605,50.132326406632714,47.87517565750565,48.76403864430041,65.41163064979177,67.43094003007617,48.20885531642583,36.89995001542189,57.14401725585499,48.09167186319198,43.162036180453576,47.83651514612892,45.81352612298046,39.40601012905316,32.5501985798299,38.01975621455472
28365,兵庫県,多可町,農山村の小都市,6.5629949967109535,38.467159666073954,22.4218005323796,8.67349434644155,52.324496090432554,26.187348763181856,26.270405162682863,54.42471262748144,11.796070478451831,45.47047377959976,39.24505698400796,40.99310298206608,27.54265508753503,34.567842539171224,57.39634108941566,69.73903055601237,37.77510907240184,41.46631037284862,59.24296092660638,47.31082595409181,52.16218421509182,41.35740697180755,49.606167837184316,27.10216304674977,19.477538541355205,30.658334028777904
39208,高知県,宿毛市,農山村の小都市,6.194014899977925,30.67307888205751,22.272550564095006,17.91444388037109,46.88873582579162,25.235891179342474,19.10386502583865,32.212272358385874,22.75173141659505,30.40935323298858,23.582051842681853,31.186120078212138,25.72479568556192,26.37366781812216,51.207150978160804,64.1676141392607,25.508076351342282,38.15740812578927,40.01897780195634,35.36829087004619,31.977743433372506,36.40878961407876,35.35483557924091,21.589427035324352,16.340211622759647,16.39988871006217
40214,福岡県,豊前市,農山村の小都市,6.365604522820445,32.709159081661824,22.69750510814757,17.622092188633484,51.80421860641544,35.33390779180811,25.674122059974795,23.175221742774717,27.016980684579625,28.640343348521213,20.114964519204648,30.044040958310326,22.063815406053045,30.20546013954755,47.942437430107766,56.13409998798674,31.748867955027894,33.475415979991254,52.788660639088654,37.924414377214696,27.71643290498612,43.01513856402513,36.64985302451425,27.134276920034235,24.064646336093166,32.03290128684333
41341,佐賀県,基山町,地方の中心都市,6.660205422891308,54.209008659379926,43.13595874579598,37.84910479262323,52.07414125057149,51.740602800769636,42.09412317092761,66.71801521429002,48.00741206602878,61.370171843170766,53.23704368411756,51.819760593195554,43.67938552321088,55.30997876435278,63.82393195182793,58.18591591578269,57.16471553207357,66.36747236132865,67.95614759993407,60.75363547473451,50.25142600596203,48.975411376900986,60.829950912319205,55.53906338905423,49.67846578032438,54.45437307582193
41401,佐賀県,有田町,農山村の小都市,7.045194386970664,49.38386335587541,40.16399963646932,35.75045846970332,55.93130984173558,34.77669275228672,26.377906916595272,48.230816398845576,47.886628586361006,46.380596299475506,45.14068752843639,43.38622268101669,43.03416509799627,54.90000093674128,51.20606034933452,61.09412587878804,53.20129172856887,64.37521938190669,72.67947445612326,71.49559831061094,49.40338329564083,41.5023137247991,68.03277289343698,52.00910023148302,34.05456676852289,44.199328376131945
