分野,市区町村コード,都道府県,市区町村,類型,年度,主観スコア,予測,交差検証の予測
地域とのつながり,01100,北海道,札幌市,都市部,2023,48.56912837454661,50.91708266993563,51.06917861330669
地域とのつながり,01100,北海道,札幌市,都市部,2024,46.12256435296397,50.77061118278588,50.846896668457966
地域とのつながり,01100,北海道,札幌市,都市部,2025,50.13860537663906,50.806494689980404,50.82452779828036
地域とのつながり,01100,北海道,札幌市,都市部,2026,48.62550138159684,50.966784548651,51.027409565040585
地域とのつながり,01202,北海道,函館市,地方の中心都市,2023,70.42906869315053,47.055057534777184,47.12996541702821
地域とのつながり,01202,北海道,函館市,地方の中心都市,2024,33.52691008226438,46.92223728802416,46.90507955862542
地域とのつながり,01202,北海道,函館市,地方の中心都市,2025,37.54508733545502,46.76903719469033,46.8013049253034
地域とのつながり,01202,北海道,函館市,地方の中心都市,2026,39.69031611085263,46.298382479569064,46.30956092774609
地域とのつながり,01203,北海道,小樽市,地方の中心都市,2023,37.88262427244428,43.028394759155745,42.91468074659491
地域とのつながり,01203,北海道,小樽市,地方の中心都市,2024,43.565938191146884,42.29795541867755,42.03332204264852
地域とのつながり,01203,北海道,小樽市,地方の中心都市,2025,46.02158747414517,41.76065658032593,41.32423491344527
地域とのつながり,01203,北海道,小樽市,地方の中心都市,2026,52.62504679314548,42.67026544149409,42.347111016054285
地域とのつながり,01204,北海道,旭川市,地方の中心都市,2023,35.67138671688059,46.14598249868359,46.39396296503049
地域とのつながり,01204,北海道,旭川市,地方の中心都市,2024,34.12803004163027,46.09691239290894,46.29171367992953
地域とのつながり,01204,北海道,旭川市,地方の中心都市,2025,40.803946947506404,46.48746529188054,46.6830392594728
地域とのつながり,01204,北海道,旭川市,地方の中心都市,2026,36.72174019021401,46.452301136006504,46.61400229820411
地域とのつながり,01205,北海道,室蘭市,地方の中心都市,2023,46.73214704553835,45.06010198092662,45.17815614301715
地域とのつながり,01205,北海道,室蘭市,地方の中心都市,2024,27.903543255216192,44.992583758891904,45.121300899921536
地域とのつながり,01205,北海道,室蘭市,地方の中心都市,2025,51.54827444691286,44.30078231723407,44.482166063294194
地域とのつながり,01205,北海道,室蘭市,地方の中心都市,2026,40.61961997710879,43.69058299525255,44.11740777236214
地域とのつながり,01206,北海道,釧路市,地方の中心都市,2024,46.67605261149442,44.211004509266104,44.297168928404346
地域とのつながり,01206,北海道,釧路市,地方の中心都市,2025,42.22034897045574,44.4176956175979,44.50913866578356
地域とのつながり,01206,北海道,釧路市,地方の中心都市,2026,38.662072732738544,44.385924713527,44.50567016409739
地域とのつながり,01207,北海道,帯広市,地方の中心都市,2024,45.30904669757087,44.228605816232694,44.419094512280154
地域とのつながり,01207,北海道,帯広市,地方の中心都市,2025,32.928602026332086,44.037720449923754,44.26439751602362
地域とのつながり,01207,北海道,帯広市,地方の中心都市,2026,46.691086980248066,44.007275748593976,44.20371677649924
地域とのつながり,01208,北海道,北見市,農山村の小都市,2023,48.40707667063483,48.89806514982502,49.12150382037991
地域とのつながり,01208,北海道,北見市,農山村の小都市,2024,49.166992922999675,48.360708702782375,48.461826924357084
地域とのつながり,01208,北海道,北見市,農山村の小都市,2025,55.37749032341878,48.47884851386716,48.667229793613366
地域とのつながり,01208,北海道,北見市,農山村の小都市,2026,36.42152419000098,47.969170397594155,48.16367360364266
地域とのつながり,01210,北海道,岩見沢市,農山村の小都市,2023,37.066473505128094,43.608218863934454,43.87489224221848
地域とのつながり,01210,北海道,岩見沢市,農山村の小都市,2024,34.50874899791574,42.80045395424405,42.96799299428974
地域とのつながり,01210,北海道,岩見沢市,農山村の小都市,2025,50.88248553301221,43.23716478065909,43.363529909057306
地域とのつながり,01210,北海道,岩見沢市,農山村の小都市,2026,26.156238607624253,42.30772048529392,42.41995125863692
地域とのつながり,01211,北海道,網走市,農山村の小都市,2024,36.74978688990484,44.49401975303068,44.404713722555776
地域とのつながり,01213,北海道,苫小牧市,地方の中心都市,2024,37.910842524261334,46.37240312420205,46.601801369696545
地域とのつながり,01213,北海道,苫小牧市,地方の中心都市,2025,46.92366123650945,46.127311772415325,46.44589931649053
地域とのつながり,01213,北海道,苫小牧市,地方の中心都市,2026,48.98411196485923,46.59500539452734,46.898714889438864
地域とのつながり,01217,北海道,江別市,地方の中心都市,2023,47.811313210832175,43.35295101183906,43.116349620228114
地域とのつながり,01217,北海道,江別市,地方の中心都市,2024,51.884691572646595,42.506574302165916,42.2672200007306
地域とのつながり,01217,北海道,江別市,地方の中心都市,2025,42.834793358642855,43.475222466865965,43.26301303504642
地域とのつながり,01217,北海道,江別市,地方の中心都市,2026,53.32425567554668,43.15337532547731,42.97872726715819
地域とのつながり,01222,北海道,三笠市,農山村の小都市,2023,8.718525325487164,39.2721209220124,38.97837362338802
地域とのつながり,01224,北海道,千歳市,地方の中心都市,2023,41.20802262257042,46.848095641004264,46.72512056885752
地域とのつながり,01224,北海道,千歳市,地方の中心都市,2024,40.82061112951928,47.19067708786292,46.9970107733681
地域とのつながり,01224,北海道,千歳市,地方の中心都市,2025,43.90163167109591,46.958444647024464,46.68812377803912
地域とのつながり,01224,北海道,千歳市,地方の中心都市,2026,55.85375148774348,46.66106197209631,46.51213498131409
地域とのつながり,01225,北海道,滝川市,地方の中心都市,2024,28.441562937569934,41.25207127466337,41.714331054163445
地域とのつながり,01230,北海道,登別市,地方の中心都市,2024,41.997500665757435,48.31912306644481,48.46587113462935
地域とのつながり,01230,北海道,登別市,地方の中心都市,2026,44.14813479032745,48.67663093250532,48.79509270222297
地域とのつながり,01231,北海道,恵庭市,地方の中心都市,2023,61.03096174704828,48.613000644943426,48.19921185230282
地域とのつながり,01231,北海道,恵庭市,地方の中心都市,2024,50.19708606832825,48.59749084006967,48.14707081320004
地域とのつながり,01231,北海道,恵庭市,地方の中心都市,2025,54.27307822458824,49.326953969234246,48.956456799865244
地域とのつながり,01231,北海道,恵庭市,地方の中心都市,2026,56.85064472709802,49.22964255990611,48.80454933260721
地域とのつながり,01234,北海道,北広島市,地方の中心都市,2023,41.920358049392235,48.29406767293064,48.728162070492864
地域とのつながり,01234,北海道,北広島市,地方の中心都市,2024,49.27856714046152,47.46507486042405,47.924779177454504
地域とのつながり,01234,北海道,北広島市,地方の中心都市,2025,49.93104315837494,48.221847149610745,48.70554558007009
地域とのつながり,01234,北海道,北広島市,地方の中心都市,2026,50.48016232521467,48.122626558841034,48.613358382931196
地域とのつながり,01235,北海道,石狩市,農山村の小都市,2023,54.09105253943364,50.27610078618556,50.87675293797832
地域とのつながり,01235,北海道,石狩市,農山村の小都市,2024,37.466986495054044,49.505302748647814,49.97008147142196
地域とのつながり,01235,北海道,石狩市,農山村の小都市,2025,39.668560774337955,50.09517508191507,50.677356936785586
地域とのつながり,01235,北海道,石狩市,農山村の小都市,2026,46.61713168814915,49.88604353423032,50.393893693599686
地域とのつながり,01236,北海道,北斗市,農山村の小都市,2024,45.65660299338169,51.4006727855646,51.511223453670276
地域とのつながり,01236,北海道,北斗市,農山村の小都市,2026,46.89220437565255,50.6551013719516,50.61796637530076
地域とのつながり,01631,北海道,音更町,農山村の小都市,2024,56.92427987782686,45.24886584274715,44.9485129397283
地域とのつながり,02201,青森県,青森市,地方の中心都市,2023,38.864649461024875,48.317884314406946,48.468934516492006
地域とのつながり,02201,青森県,青森市,地方の中心都市,2024,47.17711047665225,48.899834483499745,48.93913631178903
地域とのつながり,02201,青森県,青森市,地方の中心都市,2025,35.866195023537536,48.40597141928508,48.43659733591439
地域とのつながり,02201,青森県,青森市,地方の中心都市,2026,40.536409273169056,48.31791701554676,48.3564692377279
地域とのつながり,02202,青森県,弘前市,農山村の小都市,2024,43.57465170190186,47.83824068192683,48.100937333785126
地域とのつながり,02202,青森県,弘前市,農山村の小都市,2025,46.65319533124691,47.55584247120871,47.81699717424281
地域とのつながり,02202,青森県,弘前市,農山村の小都市,2026,30.28241599648534,47.39322998536686,47.66103776335869
地域とのつながり,02203,青森県,八戸市,地方の中心都市,2023,42.79547639101735,46.776641634819754,46.63947984787161
地域とのつながり,02203,青森県,八戸市,地方の中心都市,2024,32.72599563494543,46.58106203613905,46.43786326952672
地域とのつながり,02203,青森県,八戸市,地方の中心都市,2025,60.528220190493826,46.48709276150495,46.343332936708364
地域とのつながり,02203,青森県,八戸市,地方の中心都市,2026,44.314549166065284,46.0015399532645,45.77593563704814
地域とのつながり,02205,青森県,五所川原市,農山村の小都市,2024,35.93420501587046,48.0008160645719,48.259131059122886
地域とのつながり,02205,青森県,五所川原市,農山村の小都市,2025,26.067723922441193,46.48430898655664,46.48910388338122
地域とのつながり,02205,青森県,五所川原市,農山村の小都市,2026,32.14046920273251,48.63575640500528,48.95727341725581
地域とのつながり,02206,青森県,十和田市,農山村の小都市,2023,35.72639150131444,48.907945538754305,49.33907515052519
地域とのつながり,02206,青森県,十和田市,農山村の小都市,2024,40.13206042688056,47.99646825726066,48.277238622418615
地域とのつながり,02206,青森県,十和田市,農山村の小都市,2025,53.634187381307115,47.64541863755,47.88206370726248
地域とのつながり,02206,青森県,十和田市,農山村の小都市,2026,43.45168855684162,47.92585376162107,48.18144112797377
地域とのつながり,02207,青森県,三沢市,地方の中心都市,2024,41.96507417575188,42.82861408212429,42.72619946480574
地域とのつながり,02208,青森県,むつ市,農山村の小都市,2023,41.0202620118598,48.41088251006001,49.23808272114366
地域とのつながり,02208,青森県,むつ市,農山村の小都市,2024,47.63652513296428,47.21089995869482,47.82213092497905
地域とのつながり,02208,青森県,むつ市,農山村の小都市,2025,31.40694053010307,47.71755274829099,48.420907992497945
地域とのつながり,02208,青森県,むつ市,農山村の小都市,2026,34.855403362129174,46.60464638428991,47.25817146856016
地域とのつながり,03201,岩手県,盛岡市,地方の中心都市,2023,53.547124784208,49.55444505075803,49.38555712501343
地域とのつながり,03201,岩手県,盛岡市,地方の中心都市,2024,49.705973533098465,49.38571809332684,49.17786942046651
地域とのつながり,03201,岩手県,盛岡市,地方の中心都市,2025,56.73249281603134,49.79291626380422,49.627853894917095
地域とのつながり,03201,岩手県,盛岡市,地方の中心都市,2026,45.7677006343494,49.449530984170536,49.29843977302807
地域とのつながり,03202,岩手県,宮古市,農山村の小都市,2024,46.938033001274256,45.10529913734382,45.33978789634903
地域とのつながり,03202,岩手県,宮古市,農山村の小都市,2025,42.630800213264706,44.577651791111236,44.769374733328746
地域とのつながり,03202,岩手県,宮古市,農山村の小都市,2026,44.499193942593884,44.221505533650436,44.31430372516563
地域とのつながり,03205,岩手県,花巻市,農山村の小都市,2024,51.37056069437551,48.963475682375716,49.15318277975384
地域とのつながり,03205,岩手県,花巻市,農山村の小都市,2025,44.833498761622565,49.33566454236456,49.64284115956933
地域とのつながり,03205,岩手県,花巻市,農山村の小都市,2026,44.559899733775865,50.79020427284735,51.15725926239636
地域とのつながり,03206,岩手県,北上市,地方の中心都市,2023,48.31659086694292,48.80311960874008,48.78177585342398
地域とのつながり,03206,岩手県,北上市,地方の中心都市,2024,44.62535680218694,48.34091258494658,48.278120854588266
地域とのつながり,03206,岩手県,北上市,地方の中心都市,2025,54.253642457784224,48.47342897444229,48.40602664046835
地域とのつながり,03206,岩手県,北上市,地方の中心都市,2026,48.999192056959345,48.37128359360368,48.302345107034284
地域とのつながり,03209,岩手県,一関市,農山村の小都市,2023,52.947722542302216,48.39778414061746,48.52998682174325
地域とのつながり,03209,岩手県,一関市,農山村の小都市,2024,43.36878929185494,48.61148864494484,48.69327214683758
地域とのつながり,03209,岩手県,一関市,農山村の小都市,2025,49.842950136438176,48.3587153897299,48.396255488207906
地域とのつながり,03209,岩手県,一関市,農山村の小都市,2026,45.92368382375762,48.53027009981119,48.592090785162654
地域とのつながり,03215,岩手県,奥州市,農山村の小都市,2023,42.710322775471404,50.157229966322454,50.11195614613015
地域とのつながり,03215,岩手県,奥州市,農山村の小都市,2024,44.274530901075735,49.285121463980815,49.17407238633804
地域とのつながり,03215,岩手県,奥州市,農山村の小都市,2025,53.32642779608861,49.3322428471298,49.15042969204621
地域とのつながり,03215,岩手県,奥州市,農山村の小都市,2026,53.75067470396877,49.75041457999693,49.63793112397941
地域とのつながり,03216,岩手県,滝沢市,地方の中心都市,2024,60.260878035066824,50.411700943330395,50.00732985227014
地域とのつながり,03216,岩手県,滝沢市,地方の中心都市,2025,53.577032741272596,49.41823267468044,49.055491600212115
地域とのつながり,03216,岩手県,滝沢市,地方の中心都市,2026,55.616901302125825,50.09963811050867,49.65042940487969
地域とのつながり,03321,岩手県,紫波町,農山村の小都市,2024,54.40429314721705,54.59114418797571,54.53682272224305
地域とのつながり,03322,岩手県,矢巾町,地方の中心都市,2024,55.61520820839672,47.50997860615028,47.92672280475445
地域とのつながり,04100,宮城県,仙台市,都市部,2023,49.035930121158025,51.273480061452595,51.26904865744534
地域とのつながり,04100,宮城県,仙台市,都市部,2024,49.6054883656458,52.72869497203213,52.731066319778655
地域とのつながり,04100,宮城県,仙台市,都市部,2025,48.07064348870618,51.2888386829851,51.28229078290849
地域とのつながり,04100,宮城県,仙台市,都市部,2026,50.65498432607929,51.15629656421378,51.084655211248865
地域とのつながり,04202,宮城県,石巻市,地方の中心都市,2024,57.18986661501499,47.48962056027353,47.408107089117905
地域とのつながり,04202,宮城県,石巻市,地方の中心都市,2025,37.59123604418351,47.69500985868616,47.64546975976701
地域とのつながり,04202,宮城県,石巻市,地方の中心都市,2026,49.78401379746552,47.3138039101566,47.297462758743954
地域とのつながり,04203,宮城県,塩竈市,地方の中心都市,2023,48.22258783440159,46.77468142823405,46.57517334511502
地域とのつながり,04203,宮城県,塩竈市,地方の中心都市,2024,43.86383469617415,47.93278202164651,47.764462807704994
地域とのつながり,04203,宮城県,塩竈市,地方の中心都市,2025,44.02802095775557,47.358684771214435,47.12870036597174
地域とのつながり,04203,宮城県,塩竈市,地方の中心都市,2026,44.70295162473074,47.7162842914318,47.4673023144461
地域とのつながり,04205,宮城県,気仙沼市,農山村の小都市,2023,45.81446128799556,50.84890682132452,50.720683983778414
地域とのつながり,04205,宮城県,気仙沼市,農山村の小都市,2024,47.4189376411761,51.34297195304649,51.14261081319059
地域とのつながり,04205,宮城県,気仙沼市,農山村の小都市,2025,46.10959988368206,51.002544955549126,50.82244138419584
地域とのつながり,04205,宮城県,気仙沼市,農山村の小都市,2026,42.98265381246345,51.99741578018673,51.79250874806387
地域とのつながり,04207,宮城県,名取市,都市部,2023,50.83027204214984,51.40906279074866,51.451306877386514
地域とのつながり,04207,宮城県,名取市,都市部,2024,57.10882492698837,51.447608135211695,51.51782625543012
地域とのつながり,04207,宮城県,名取市,都市部,2025,54.805476239967575,51.27602023712418,51.30996543538156
地域とのつながり,04207,宮城県,名取市,都市部,2026,61.86142757944933,51.9047064206172,52.03520468443021
地域とのつながり,04209,宮城県,多賀城市,都市部,2023,41.22813732405537,49.240905784685914,49.0985623584982
地域とのつながり,04209,宮城県,多賀城市,都市部,2024,60.12269943238349,49.313673559436424,49.162299415272514
地域とのつながり,04209,宮城県,多賀城市,都市部,2025,54.1314296395832,49.69331811860573,49.53274346007846
地域とのつながり,04209,宮城県,多賀城市,都市部,2026,43.72589502406146,48.85193073291662,48.64355854467348
地域とのつながり,04211,宮城県,岩沼市,地方の中心都市,2024,54.15334294081671,47.16471973696973,46.87793682555922
地域とのつながり,04212,宮城県,登米市,農山村の小都市,2024,43.592700819939544,49.86764178558072,50.169434454788174
地域とのつながり,04212,宮城県,登米市,農山村の小都市,2025,45.23527808348895,50.01584516652654,50.23807088989295
地域とのつながり,04212,宮城県,登米市,農山村の小都市,2026,52.161864349702846,49.142839004870304,49.37678063015359
地域とのつながり,04213,宮城県,栗原市,農山村の小都市,2023,51.61469570974916,48.32916104365265,48.26072375780892
地域とのつながり,04213,宮城県,栗原市,農山村の小都市,2024,54.20928920721798,48.55469980605407,48.45859295518627
地域とのつながり,04213,宮城県,栗原市,農山村の小都市,2025,37.826884583841704,47.62032631234236,47.648735464821264
地域とのつながり,04213,宮城県,栗原市,農山村の小都市,2026,48.74624680985334,48.395953270906624,48.32904874156901
地域とのつながり,04214,宮城県,東松島市,地方の中心都市,2024,56.21058585056961,47.7824791057575,47.610600316896644
地域とのつながり,04215,宮城県,大崎市,地方の中心都市,2024,43.414890260848296,48.565304409451905,48.77039495595052
地域とのつながり,04215,宮城県,大崎市,地方の中心都市,2025,35.33530910095264,48.056485621879936,48.15644839797702
地域とのつながり,04215,宮城県,大崎市,地方の中心都市,2026,37.033711799401196,47.94729960435524,48.10652640788845
地域とのつながり,04216,宮城県,富谷市,地方の中心都市,2024,67.33810710708273,57.186520774770294,57.343339448114115
地域とのつながり,04216,宮城県,富谷市,地方の中心都市,2025,69.21516218480055,57.178325840796745,57.29412882425788
地域とのつながり,04216,宮城県,富谷市,地方の中心都市,2026,63.65968815417296,57.22797873095889,57.39569993173393
地域とのつながり,04323,宮城県,柴田町,地方の中心都市,2024,37.343272193460294,47.87279804784137,47.473624061375055
地域とのつながり,05201,秋田県,秋田市,地方の中心都市,2023,45.20120664761678,49.53793785028608,49.62890942121519
地域とのつながり,05201,秋田県,秋田市,地方の中心都市,2024,34.26237943744998,49.369502591398074,49.39816993679519
地域とのつながり,05201,秋田県,秋田市,地方の中心都市,2025,46.90215264305903,49.25694359621865,49.239433491742446
地域とのつながり,05201,秋田県,秋田市,地方の中心都市,2026,49.64789228400494,48.93247792087252,48.94636214850387
地域とのつながり,05202,秋田県,能代市,農山村の小都市,2024,36.52836045743476,45.95730592532107,46.12903871919532
地域とのつながり,05202,秋田県,能代市,農山村の小都市,2025,41.778974720726055,44.728337747497584,44.86550016758949
地域とのつながり,05202,秋田県,能代市,農山村の小都市,2026,31.87870429643335,45.05596440226691,45.25450911498331
地域とのつながり,05203,秋田県,横手市,農山村の小都市,2023,58.12349452485245,52.440794418223525,52.654093585919746
地域とのつながり,05203,秋田県,横手市,農山村の小都市,2024,42.94157120285685,51.26278680695597,51.297428138944895
地域とのつながり,05203,秋田県,横手市,農山村の小都市,2025,52.61321554691682,51.50905909128459,51.6349011133658
地域とのつながり,05203,秋田県,横手市,農山村の小都市,2026,59.0988477334585,52.05869229147869,52.2085420278363
地域とのつながり,05204,秋田県,大館市,農山村の小都市,2023,42.90195527661509,47.59026808438571,47.31524144671067
地域とのつながり,05204,秋田県,大館市,農山村の小都市,2024,28.094627172230123,47.8393695337711,47.62682623605569
地域とのつながり,05204,秋田県,大館市,農山村の小都市,2025,47.589545326200934,47.835548325548174,47.604803646227225
地域とのつながり,05204,秋田県,大館市,農山村の小都市,2026,45.90663695977739,47.40049289390334,47.13214166034479
地域とのつながり,05207,秋田県,湯沢市,農山村の小都市,2024,49.21198229343809,52.05228420265493,51.863229084993876
地域とのつながり,05210,秋田県,由利本荘市,農山村の小都市,2023,50.61482808640546,49.41444965485765,49.64098457038402
地域とのつながり,05210,秋田県,由利本荘市,農山村の小都市,2024,49.06797967551904,49.746146523799915,49.89723763242675
地域とのつながり,05210,秋田県,由利本荘市,農山村の小都市,2025,43.10125834054015,49.220215119470936,49.34848375220774
地域とのつながり,05210,秋田県,由利本荘市,農山村の小都市,2026,40.42830132646903,49.36033186716207,49.46471024292707
地域とのつながり,05211,秋田県,潟上市,農山村の小都市,2024,43.6762474136097,48.35058036640369,48.36610951782654
地域とのつながり,05212,秋田県,大仙市,農山村の小都市,2023,56.2763868044644,49.21760812653028,49.33987356264421
地域とのつながり,05212,秋田県,大仙市,農山村の小都市,2024,45.411202319811395,50.05626511541818,50.1046496616752
地域とのつながり,05212,秋田県,大仙市,農山村の小都市,2025,56.949090004898736,50.34573378478476,50.32376866540139
地域とのつながり,05212,秋田県,大仙市,農山村の小都市,2026,61.42025308325091,50.35681947852653,50.424799169793246
地域とのつながり,06201,山形県,山形市,地方の中心都市,2023,47.06977367444922,52.8685406342009,52.906304119967594
地域とのつながり,06201,山形県,山形市,地方の中心都市,2024,45.17968461501874,53.46434081773233,53.50351611347511
地域とのつながり,06201,山形県,山形市,地方の中心都市,2025,52.79751565014872,53.25054152194758,53.366336402618586
地域とのつながり,06201,山形県,山形市,地方の中心都市,2026,41.559795747702,52.86508791022586,52.9039220282787
地域とのつながり,06202,山形県,米沢市,地方の中心都市,2023,49.13989623240449,50.664215166260256,50.57574901059687
地域とのつながり,06202,山形県,米沢市,地方の中心都市,2024,55.239331795123,51.78308233187823,51.543450387959595
地域とのつながり,06202,山形県,米沢市,地方の中心都市,2025,49.94480096709742,51.16230601996125,50.90871436987362
地域とのつながり,06202,山形県,米沢市,地方の中心都市,2026,40.145917733860514,51.4560731805858,51.295993416349134
地域とのつながり,06203,山形県,鶴岡市,農山村の小都市,2024,57.79340097060296,52.36832438376209,52.51769401075457
地域とのつながり,06203,山形県,鶴岡市,農山村の小都市,2025,50.76386304959549,52.15037378268337,52.23849262139629
地域とのつながり,06203,山形県,鶴岡市,農山村の小都市,2026,46.82440965212182,52.693077322725586,52.87402129596455
地域とのつながり,06204,山形県,酒田市,農山村の小都市,2023,56.57097549388262,52.56685357263079,52.61912243529133
地域とのつながり,06204,山形県,酒田市,農山村の小都市,2024,38.17416793886932,51.60442022980495,51.5666691494293
地域とのつながり,06204,山形県,酒田市,農山村の小都市,2025,53.66172644198595,51.101232693747185,50.93360151744305
地域とのつながり,06204,山形県,酒田市,農山村の小都市,2026,40.678975810995325,51.05670536519627,50.932200984867265
地域とのつながり,06206,山形県,寒河江市,農山村の小都市,2024,49.419459700491586,58.99032798321792,59.1772905513637
地域とのつながり,06209,山形県,長井市,農山村の小都市,2023,56.508006059549736,52.272488612458304,52.0302494295957
地域とのつながり,06210,山形県,天童市,地方の中心都市,2023,48.51207733015409,53.82517408312063,53.59822495048862
地域とのつながり,06210,山形県,天童市,地方の中心都市,2024,54.04341192160827,53.15786608172602,53.05625961461254
地域とのつながり,06210,山形県,天童市,地方の中心都市,2025,64.2054746783539,53.56663289336036,53.40571942660131
地域とのつながり,06210,山形県,天童市,地方の中心都市,2026,40.772425381017044,52.3716640863445,52.40453798906757
地域とのつながり,06211,山形県,東根市,農山村の小都市,2024,51.733070088353756,58.575335590477096,58.74281493534172
地域とのつながり,06211,山形県,東根市,農山村の小都市,2026,48.08042502736791,57.86176878497366,58.042893728434784
地域とのつながり,07201,福島県,福島市,地方の中心都市,2023,38.768708272106885,50.09126143727058,50.166970108182355
地域とのつながり,07201,福島県,福島市,地方の中心都市,2024,46.49975186935089,49.72821166167848,49.78568301278408
地域とのつながり,07201,福島県,福島市,地方の中心都市,2025,53.88355155953123,49.533927049742395,49.604918397822686
地域とのつながり,07201,福島県,福島市,地方の中心都市,2026,51.717339202122986,49.82944292547013,49.873759161233735
地域とのつながり,07202,福島県,会津若松市,地方の中心都市,2023,49.31238928659742,49.67749717025091,49.71522106749078
地域とのつながり,07202,福島県,会津若松市,地方の中心都市,2024,49.57401174585019,49.5203954086721,49.53719525963022
地域とのつながり,07202,福島県,会津若松市,地方の中心都市,2025,44.81322609902605,49.53121068937828,49.565251437676864
地域とのつながり,07202,福島県,会津若松市,地方の中心都市,2026,54.23273699388854,49.60756403525481,49.60932920401549
地域とのつながり,07203,福島県,郡山市,地方の中心都市,2023,50.30338003605285,50.4936413682698,50.75448655205261
地域とのつながり,07203,福島県,郡山市,地方の中心都市,2024,45.788992043862734,50.10807325655435,50.353897916051686
地域とのつながり,07203,福島県,郡山市,地方の中心都市,2025,47.39384966667433,50.1875817099332,50.36902671235574
地域とのつながり,07203,福島県,郡山市,地方の中心都市,2026,50.33358546980196,49.92389437187009,50.145943151781765
地域とのつながり,07204,福島県,いわき市,地方の中心都市,2023,46.2277550710326,48.90852066207813,49.16772900623363
地域とのつながり,07204,福島県,いわき市,地方の中心都市,2024,39.54713887764144,48.949589191067155,49.262868762267615
地域とのつながり,07204,福島県,いわき市,地方の中心都市,2025,44.15423800478502,48.784983381313126,48.96880707370179
地域とのつながり,07204,福島県,いわき市,地方の中心都市,2026,40.03725789958601,48.81528316591754,49.06021736271428
地域とのつながり,07205,福島県,白河市,地方の中心都市,2023,47.52202073734316,50.0466218835509,50.5077635623277
地域とのつながり,07205,福島県,白河市,地方の中心都市,2024,47.777657060909036,49.336915288440636,49.74156763422162
地域とのつながり,07205,福島県,白河市,地方の中心都市,2025,49.89957266978451,49.14701358636026,49.53870268075785
地域とのつながり,07205,福島県,白河市,地方の中心都市,2026,49.10896030617554,48.49742064844615,48.84896778132467
地域とのつながり,07207,福島県,須賀川市,地方の中心都市,2024,49.51721774864388,50.27041861739292,49.83910141733245
地域とのつながり,07207,福島県,須賀川市,地方の中心都市,2025,46.31664407632705,50.38265319300986,50.033711013371956
地域とのつながり,07207,福島県,須賀川市,地方の中心都市,2026,46.27539868855372,49.256236944514136,48.82327153661904
地域とのつながり,07208,福島県,喜多方市,農山村の小都市,2024,47.31165637038371,50.949602742633246,51.4049990696074
地域とのつながり,07208,福島県,喜多方市,農山村の小都市,2026,47.00530489956765,50.42568707240493,50.83497874348766
地域とのつながり,07210,福島県,二本松市,農山村の小都市,2024,57.06577946532947,50.71776275982244,51.072889911884126
地域とのつながり,07210,福島県,二本松市,農山村の小都市,2025,49.537406364281665,50.18686349140847,50.51069322950785
地域とのつながり,07210,福島県,二本松市,農山村の小都市,2026,58.526525846442865,50.46619878238101,50.82225585937498
地域とのつながり,07212,福島県,南相馬市,地方の中心都市,2023,41.54047320548377,46.4939174231629,46.840466616376716
地域とのつながり,07212,福島県,南相馬市,地方の中心都市,2024,35.89001450743352,45.351538789274606,45.76585944788596
地域とのつながり,07212,福島県,南相馬市,地方の中心都市,2025,37.48587144180093,45.24240500973976,45.58817304918744
地域とのつながり,07212,福島県,南相馬市,地方の中心都市,2026,51.658616335917294,44.423464343741635,44.94333366493551
地域とのつながり,07213,福島県,伊達市,農山村の小都市,2023,54.286890280346505,49.9719606741487,49.81875051876879
地域とのつながり,07213,福島県,伊達市,農山村の小都市,2024,57.144300848404704,51.36068319561282,51.087365130893446
地域とのつながり,07213,福島県,伊達市,農山村の小都市,2025,64.10234066004688,51.96304134765208,51.6213097154194
地域とのつながり,07213,福島県,伊達市,農山村の小都市,2026,59.69177371595163,51.8215166973855,51.48243541521737
地域とのつながり,07466,福島県,矢吹町,農山村の小都市,2023,27.15912829056197,47.08392413468463,47.430296427737616
地域とのつながり,07466,福島県,矢吹町,農山村の小都市,2024,39.51223944142829,47.396158377382946,47.71199115117722
地域とのつながり,08201,茨城県,水戸市,都市部,2023,42.14170430304724,46.05198840640836,46.441555891303096
地域とのつながり,08201,茨城県,水戸市,都市部,2024,32.1968488767328,46.23098227319222,46.51974552510895
地域とのつながり,08201,茨城県,水戸市,都市部,2025,45.090980933360825,46.29775090777034,46.640550173303325
地域とのつながり,08201,茨城県,水戸市,都市部,2026,39.086347384544865,46.50982156348676,46.78191628787478
地域とのつながり,08202,茨城県,日立市,地方の中心都市,2023,39.83289650383481,48.34780739909308,48.49051884608623
地域とのつながり,08202,茨城県,日立市,地方の中心都市,2024,36.010120798881054,47.689886357554165,47.78737214948046
地域とのつながり,08202,茨城県,日立市,地方の中心都市,2025,36.984382797362166,47.777258623915635,47.905709467783765
地域とのつながり,08202,茨城県,日立市,地方の中心都市,2026,39.609507691830686,48.02732479928005,48.14934556931026
地域とのつながり,08203,茨城県,土浦市,都市部,2024,55.92089331229596,45.36253239831875,45.36079239565377
地域とのつながり,08203,茨城県,土浦市,都市部,2025,45.32659078190401,45.33010466428409,45.33693959067257
地域とのつながり,08203,茨城県,土浦市,都市部,2026,37.38710398510566,45.45234040548698,45.52982840234916
地域とのつながり,08204,茨城県,古河市,都市部,2023,42.558138029100064,44.94333887797792,45.04269706165505
地域とのつながり,08204,茨城県,古河市,都市部,2024,27.04060722396721,44.68598055640566,44.7394981977376
地域とのつながり,08204,茨城県,古河市,都市部,2025,37.832969228741256,45.05328873819373,45.184584017033714
地域とのつながり,08204,茨城県,古河市,都市部,2026,34.86330321179579,43.91404916176151,43.84903072759645
地域とのつながり,08205,茨城県,石岡市,地方の中心都市,2024,53.14424702821013,46.80204255708844,46.73670772660974
地域とのつながり,08205,茨城県,石岡市,地方の中心都市,2025,50.15893274220762,47.346351149228056,47.17639110234836
地域とのつながり,08205,茨城県,石岡市,地方の中心都市,2026,44.47825207875657,46.81374608633377,46.728953812887156
地域とのつながり,08207,茨城県,結城市,地方の中心都市,2024,43.4394269350523,45.08930006878844,45.15563190815149
地域とのつながり,08207,茨城県,結城市,地方の中心都市,2025,38.71739985286252,46.53971529021567,46.47075456225776
地域とのつながり,08207,茨城県,結城市,地方の中心都市,2026,44.19297922691237,46.641727348041684,46.64835717958113
地域とのつながり,08208,茨城県,龍ケ崎市,地方の中心都市,2024,33.13079864953124,44.60061443969828,44.9639484595224
地域とのつながり,08208,茨城県,龍ケ崎市,地方の中心都市,2025,39.589164083234635,44.59421086225511,44.96689703326309
地域とのつながり,08208,茨城県,龍ケ崎市,地方の中心都市,2026,38.786849431340784,44.795514736403256,45.106825418683286
地域とのつながり,08210,茨城県,下妻市,地方の中心都市,2024,49.07571694851142,46.152996595809434,46.16649864049465
地域とのつながり,08211,茨城県,常総市,地方の中心都市,2023,43.83412454170106,45.29969755225621,45.36061730477924
地域とのつながり,08211,茨城県,常総市,地方の中心都市,2024,43.342193088594826,44.60062172298798,44.78225791825032
地域とのつながり,08211,茨城県,常総市,地方の中心都市,2025,33.40819591307206,44.96006837168976,45.01564177102231
地域とのつながり,08211,茨城県,常総市,地方の中心都市,2026,35.547147197365334,44.883021542897666,45.08595627528149
地域とのつながり,08212,茨城県,常陸太田市,農山村の小都市,2024,47.14946739790273,50.2115788830508,49.88980949936631
地域とのつながり,08212,茨城県,常陸太田市,農山村の小都市,2026,44.33243968323733,49.86689909682733,49.54362663192883
地域とのつながり,08215,茨城県,北茨城市,地方の中心都市,2024,39.968120617313396,45.637254759447536,45.412414595887284
地域とのつながり,08216,茨城県,笠間市,地方の中心都市,2023,51.25114772386207,48.855144492775885,49.189488368240276
地域とのつながり,08216,茨城県,笠間市,地方の中心都市,2024,40.273552001609666,47.81689951641216,48.0285418950245
地域とのつながり,08216,茨城県,笠間市,地方の中心都市,2025,43.02994708222541,48.26527685722893,48.49697949149404
地域とのつながり,08216,茨城県,笠間市,地方の中心都市,2026,36.32488347495739,47.889640651108216,47.97384971725275
地域とのつながり,08217,茨城県,取手市,地方の中心都市,2023,36.98087263255488,42.98621570540173,43.11917805427585
地域とのつながり,08217,茨城県,取手市,地方の中心都市,2024,46.67811150126662,43.89018774102723,44.01938576036713
地域とのつながり,08217,茨城県,取手市,地方の中心都市,2025,41.680169344064396,43.38807977665524,43.56438774263997
地域とのつながり,08217,茨城県,取手市,地方の中心都市,2026,45.62274218359139,42.95297445208274,42.92312195401009
地域とのつながり,08219,茨城県,牛久市,都市部,2024,53.93033234082147,49.85133051728276,50.05323902104199
地域とのつながり,08219,茨城県,牛久市,都市部,2025,44.87741606848037,49.69259028968339,49.90882745906594
地域とのつながり,08219,茨城県,牛久市,都市部,2026,50.46566914991208,49.67279472443384,49.882099130164306
地域とのつながり,08220,茨城県,つくば市,都市部,2023,44.252744580910274,50.0756292055103,50.70719219296788
地域とのつながり,08220,茨城県,つくば市,都市部,2024,49.15810343193903,50.00467798426027,50.595601918201645
地域とのつながり,08220,茨城県,つくば市,都市部,2025,49.24850162910972,50.090101223094884,50.705786942671146
地域とのつながり,08220,茨城県,つくば市,都市部,2026,46.73502371999101,49.74557819445777,50.292280113823736
地域とのつながり,08221,茨城県,ひたちなか市,都市部,2024,52.23373005704344,47.31415674979475,47.24063234897866
地域とのつながり,08221,茨城県,ひたちなか市,都市部,2025,45.259472415030494,47.36617959995539,47.25373411212371
地域とのつながり,08221,茨城県,ひたちなか市,都市部,2026,48.68089271329825,47.50562797313975,47.382155851659284
地域とのつながり,08222,茨城県,鹿嶋市,地方の中心都市,2023,28.440804170839893,44.014649105303405,44.30860965016028
地域とのつながり,08222,茨城県,鹿嶋市,地方の中心都市,2024,25.788497037452363,44.473996603645546,44.76670663772592
地域とのつながり,08222,茨城県,鹿嶋市,地方の中心都市,2025,33.32002319356404,45.638156622779775,45.944187961617544
地域とのつながり,08222,茨城県,鹿嶋市,地方の中心都市,2026,17.10515919445482,44.950083826930324,45.1918994525593
地域とのつながり,08224,茨城県,守谷市,都市部,2023,67.48964429432532,50.064534525083104,50.13040237145883
地域とのつながり,08224,茨城県,守谷市,都市部,2024,62.56677806154375,50.37013401960481,50.487782872105434
地域とのつながり,08224,茨城県,守谷市,都市部,2025,46.17576982308747,50.597995683978574,50.72135696529172
地域とのつながり,08224,茨城県,守谷市,都市部,2026,57.11331254404104,50.66075433022642,50.77843037374015
地域とのつながり,08225,茨城県,常陸大宮市,農山村の小都市,2024,35.74351644877068,46.71195634238931,46.28947777821332
地域とのつながり,08226,茨城県,那珂市,地方の中心都市,2024,46.75952753869037,46.731661030471415,46.40500382224167
地域とのつながり,08226,茨城県,那珂市,地方の中心都市,2025,54.87103587295332,46.837870537336805,46.57343927051774
地域とのつながり,08226,茨城県,那珂市,地方の中心都市,2026,48.112700959622856,46.039605675607575,45.766590266884634
地域とのつながり,08227,茨城県,筑西市,地方の中心都市,2023,44.15584392064002,44.485476817712296,44.658319991800546
地域とのつながり,08227,茨城県,筑西市,地方の中心都市,2024,27.52111435763487,44.036689330680595,44.14786205918861
地域とのつながり,08227,茨城県,筑西市,地方の中心都市,2025,50.21745683784394,44.274561192041396,44.42928235015722
地域とのつながり,08227,茨城県,筑西市,地方の中心都市,2026,49.52301700898995,44.34376493204875,44.487825828611996
地域とのつながり,08228,茨城県,坂東市,地方の中心都市,2024,33.97726484124845,46.31609751543039,46.675357471917366
地域とのつながり,08228,茨城県,坂東市,地方の中心都市,2025,40.121432970137825,45.743157886327836,46.11764014244026
地域とのつながり,08228,茨城県,坂東市,地方の中心都市,2026,30.41542128373257,46.17811136691811,46.5292261902616
地域とのつながり,08229,茨城県,稲敷市,農山村の小都市,2024,39.316747881918126,44.52132086237232,44.17544674461683
地域とのつながり,08230,茨城県,かすみがうら市,農山村の小都市,2024,42.93911443107841,48.89628610296803,49.013846482609
地域とのつながり,08231,茨城県,桜川市,農山村の小都市,2024,37.358510840066536,49.200898130131414,49.34555048841766
地域とのつながり,08232,茨城県,神栖市,都市部,2024,36.659605095414896,43.15208216051537,43.21624181604372
地域とのつながり,08232,茨城県,神栖市,都市部,2025,37.754631569758594,42.67059735660107,42.762012854853296
地域とのつながり,08232,茨城県,神栖市,都市部,2026,26.30246736871195,42.938317794483915,43.057752813123685
地域とのつながり,08234,茨城県,鉾田市,農山村の小都市,2024,42.74414891377661,47.19857471880425,47.187781767258045
地域とのつながり,08234,茨城県,鉾田市,農山村の小都市,2026,28.100650847060933,46.50957904007282,46.50184082205511
地域とのつながり,08235,茨城県,つくばみらい市,地方の中心都市,2024,41.5277200189797,50.68797949215414,50.470484998538
地域とのつながり,08235,茨城県,つくばみらい市,地方の中心都市,2025,37.11431450984891,49.6782787187875,49.511521860108246
地域とのつながり,08235,茨城県,つくばみらい市,地方の中心都市,2026,46.84760380550303,49.504067627265975,49.352252641862904
地域とのつながり,08236,茨城県,小美玉市,地方の中心都市,2024,35.33629047906258,44.92428638915496,45.18199947975851
地域とのつながり,08236,茨城県,小美玉市,地方の中心都市,2026,36.92764160120102,45.32553161806201,45.53979929655687
地域とのつながり,08341,茨城県,東海村,都市部,2024,62.74660268224645,48.07507702210241,47.937963092529436
地域とのつながり,08443,茨城県,阿見町,地方の中心都市,2024,55.3217716181002,46.309384318564035,46.04396617951225
地域とのつながり,08443,茨城県,阿見町,地方の中心都市,2026,53.414105762279576,47.544986721701314,47.31552215073681
地域とのつながり,08542,茨城県,五霞町,地方の中心都市,2023,32.634242554397716,40.65273184263012,40.86068779999882
地域とのつながり,08546,茨城県,境町,地方の中心都市,2023,52.746727504753125,45.81159237779715,45.76931702910027
地域とのつながり,08546,茨城県,境町,地方の中心都市,2024,44.91431848155328,46.73471149871753,46.56285316920612
地域とのつながり,09201,栃木県,宇都宮市,都市部,2023,45.394358758650654,47.89939671141454,48.09448323340943
地域とのつながり,09201,栃木県,宇都宮市,都市部,2024,49.230119875177806,47.64196043277665,47.826795959684745
地域とのつながり,09201,栃木県,宇都宮市,都市部,2025,56.934954054709024,47.92906420624216,48.16878405702619
地域とのつながり,09201,栃木県,宇都宮市,都市部,2026,52.137124901038526,47.692052821739544,47.74638062936138
地域とのつながり,09202,栃木県,足利市,地方の中心都市,2023,41.95343033893266,46.08403028616591,45.95576426754251
地域とのつながり,09202,栃木県,足利市,地方の中心都市,2024,51.52479943175141,46.448849364684264,46.39249757104953
地域とのつながり,09202,栃木県,足利市,地方の中心都市,2025,55.261303847992934,46.46692152591279,46.300044158238535
地域とのつながり,09202,栃木県,足利市,地方の中心都市,2026,51.982536146984266,45.447228225408324,45.24872605929986
地域とのつながり,09203,栃木県,栃木市,地方の中心都市,2023,47.5897048272762,45.34548244025131,45.404773887122154
地域とのつながり,09203,栃木県,栃木市,地方の中心都市,2024,33.71281811109826,45.54176191365812,45.596561294189755
地域とのつながり,09203,栃木県,栃木市,地方の中心都市,2025,46.21518662945129,46.24436785024767,46.186361099190236
地域とのつながり,09203,栃木県,栃木市,地方の中心都市,2026,41.142151940423105,44.78776606519625,44.876401712443794
地域とのつながり,09204,栃木県,佐野市,地方の中心都市,2023,50.60339604192049,48.62720940304048,48.746593071274155
地域とのつながり,09204,栃木県,佐野市,地方の中心都市,2024,46.75734125887819,48.86548163183675,49.01802789249749
地域とのつながり,09204,栃木県,佐野市,地方の中心都市,2025,41.210450962479854,48.171269030578294,48.214873369748
地域とのつながり,09204,栃木県,佐野市,地方の中心都市,2026,44.18598582318292,48.82258710538251,48.94895000587705
地域とのつながり,09205,栃木県,鹿沼市,地方の中心都市,2024,46.44939127467125,48.84545203803484,48.633500862352875
地域とのつながり,09205,栃木県,鹿沼市,地方の中心都市,2025,52.01482562208351,48.27614634845818,47.946348155983095
地域とのつながり,09205,栃木県,鹿沼市,地方の中心都市,2026,41.678226197942585,49.31987344110609,49.134183747218984
地域とのつながり,09206,栃木県,日光市,農山村の小都市,2023,49.83304473643027,45.18384979456249,45.24486453230194
地域とのつながり,09206,栃木県,日光市,農山村の小都市,2024,57.63698386646943,46.065959903608366,46.056868030849806
地域とのつながり,09206,栃木県,日光市,農山村の小都市,2025,45.40274615230343,45.89281343791352,45.926921389869385
地域とのつながり,09206,栃木県,日光市,農山村の小都市,2026,58.5688064844909,46.09836509004701,46.01628757948536
地域とのつながり,09208,栃木県,小山市,都市部,2024,44.37562335413356,45.421136395783314,45.52082153688535
地域とのつながり,09208,栃木県,小山市,都市部,2025,45.45489338211986,45.422784497625514,45.52909666427418
地域とのつながり,09208,栃木県,小山市,都市部,2026,40.756834904445434,44.96701477070985,44.8416015791002
地域とのつながり,09209,栃木県,真岡市,地方の中心都市,2023,44.76458455676068,46.07734768435041,46.071296374715025
地域とのつながり,09209,栃木県,真岡市,地方の中心都市,2024,56.84399772539504,45.8136452398797,45.83841452795792
地域とのつながり,09209,栃木県,真岡市,地方の中心都市,2025,44.96030537111801,45.7644256477788,45.66480942416102
地域とのつながり,09209,栃木県,真岡市,地方の中心都市,2026,54.28549130750938,46.18572024325711,46.169681573364414
地域とのつながり,09210,栃木県,大田原市,農山村の小都市,2023,51.59612394842453,49.87047280214969,50.24180490134373
地域とのつながり,09210,栃木県,大田原市,農山村の小都市,2024,48.66264434955111,49.18682621578688,49.53456089712556
地域とのつながり,09210,栃木県,大田原市,農山村の小都市,2025,54.87674969647903,49.76602195164009,50.10404925092614
地域とのつながり,09210,栃木県,大田原市,農山村の小都市,2026,55.33501006653347,49.57964529498814,49.907097153808074
地域とのつながり,09213,栃木県,那須塩原市,地方の中心都市,2023,43.87196522674808,48.71166965023075,48.81168040765043
地域とのつながり,09213,栃木県,那須塩原市,地方の中心都市,2024,48.259779123825105,48.68900526425288,48.68374612133263
地域とのつながり,09213,栃木県,那須塩原市,地方の中心都市,2025,44.65341304529202,49.591669126483424,49.52931119673612
地域とのつながり,09213,栃木県,那須塩原市,地方の中心都市,2026,54.33552065745191,50.1726995487748,50.23178029738358
地域とのつながり,09214,栃木県,さくら市,地方の中心都市,2024,44.70831333570908,46.321149955147014,46.360304712432864
地域とのつながり,09216,栃木県,下野市,地方の中心都市,2024,50.2501080912594,47.158405402400476,46.97466445670334
地域とのつながり,09216,栃木県,下野市,地方の中心都市,2025,48.39026894071617,46.89723346557921,46.640141938371485
地域とのつながり,09216,栃木県,下野市,地方の中心都市,2026,59.610259344257216,46.714027612301116,46.33617779528838
地域とのつながり,09361,栃木県,壬生町,地方の中心都市,2024,45.90639605818542,44.69183429412036,44.77152550776119
地域とのつながり,10201,群馬県,前橋市,都市部,2023,41.53330193702575,46.80446995467293,46.606934025891185
地域とのつながり,10201,群馬県,前橋市,都市部,2024,55.60422502426229,47.104280433966856,46.90541048901461
地域とのつながり,10201,群馬県,前橋市,都市部,2025,53.846568557701026,47.00304566411935,46.798007398798646
地域とのつながり,10201,群馬県,前橋市,都市部,2026,46.357274023970106,46.958289589092686,46.79488198372383
地域とのつながり,10202,群馬県,高崎市,都市部,2023,51.387612104437906,49.21775654198098,49.1337980998583
地域とのつながり,10202,群馬県,高崎市,都市部,2024,49.59495246402421,49.38232561354775,49.29815676000374
地域とのつながり,10202,群馬県,高崎市,都市部,2025,51.47305680252947,49.2198499627723,49.07676424730257
地域とのつながり,10202,群馬県,高崎市,都市部,2026,52.95043606669208,48.91111124191041,48.806662703288325
地域とのつながり,10203,群馬県,桐生市,地方の中心都市,2024,43.05038456249879,47.00796641837325,47.40900202032641
地域とのつながり,10203,群馬県,桐生市,地方の中心都市,2025,46.144096347885636,46.2863584809212,46.69016423522592
地域とのつながり,10203,群馬県,桐生市,地方の中心都市,2026,59.07185537340469,45.989611671143145,46.402283117118415
地域とのつながり,10204,群馬県,伊勢崎市,都市部,2023,34.08993221236202,46.10496162396629,46.24762125520528
地域とのつながり,10204,群馬県,伊勢崎市,都市部,2024,38.59183013108229,45.365607755988194,45.36022177360449
地域とのつながり,10204,群馬県,伊勢崎市,都市部,2025,48.797197668528945,46.14971705732856,46.14127918705999
地域とのつながり,10204,群馬県,伊勢崎市,都市部,2026,40.436261301593106,46.212809014617754,46.28669515752699
地域とのつながり,10205,群馬県,太田市,都市部,2023,44.53852192633799,46.490613472004675,46.81150828973818
地域とのつながり,10205,群馬県,太田市,都市部,2024,49.631337612504275,46.28947055835426,46.558284538977816
地域とのつながり,10205,群馬県,太田市,都市部,2025,40.66995828357462,46.80535523026614,47.130470700126395
地域とのつながり,10205,群馬県,太田市,都市部,2026,48.75372690720551,46.75728075973483,47.016227331058396
地域とのつながり,10206,群馬県,沼田市,農山村の小都市,2024,49.12267398410352,51.50623571069045,51.46446622839325
地域とのつながり,10206,群馬県,沼田市,農山村の小都市,2026,47.63036638900774,51.58536089428177,51.526710751708244
地域とのつながり,10207,群馬県,館林市,都市部,2024,42.60373431497136,43.39657527843452,43.34570450040452
地域とのつながり,10207,群馬県,館林市,都市部,2025,35.84639850003156,43.566378567367174,43.571107724321465
地域とのつながり,10207,群馬県,館林市,都市部,2026,38.342589929847065,43.064015155672905,42.979649953542946
地域とのつながり,10208,群馬県,渋川市,地方の中心都市,2023,58.227982026346076,46.427742680140625,46.12777978932444
地域とのつながり,10208,群馬県,渋川市,地方の中心都市,2024,49.32524583354451,45.809675726328386,45.36947601959514
地域とのつながり,10208,群馬県,渋川市,地方の中心都市,2025,56.35643828642382,46.06358015412538,45.767821675032216
地域とのつながり,10208,群馬県,渋川市,地方の中心都市,2026,62.85437819515585,44.94924838892318,44.4174803446693
地域とのつながり,10209,群馬県,藤岡市,地方の中心都市,2023,52.8190630248926,46.99137146674195,46.76225168563292
地域とのつながり,10209,群馬県,藤岡市,地方の中心都市,2024,50.49228833768291,47.59045887351607,47.363589159092626
地域とのつながり,10209,群馬県,藤岡市,地方の中心都市,2025,42.46233865394612,47.817977202425986,47.65318619084684
地域とのつながり,10209,群馬県,藤岡市,地方の中心都市,2026,49.544338877394665,48.134941729408396,48.02500387615108
地域とのつながり,10210,群馬県,富岡市,地方の中心都市,2024,39.192435861790905,45.65597560446669,45.52476541123184
地域とのつながり,10210,群馬県,富岡市,地方の中心都市,2026,52.94869837315556,45.61725204263331,45.44441917890981
地域とのつながり,10211,群馬県,安中市,地方の中心都市,2023,44.09484513668254,45.747116510770944,45.804238300914406
地域とのつながり,10211,群馬県,安中市,地方の中心都市,2024,47.96446926431554,44.505525381859464,44.44364520464026
地域とのつながり,10211,群馬県,安中市,地方の中心都市,2025,53.868701918657024,44.509207306398075,44.454773754152086
地域とのつながり,10211,群馬県,安中市,地方の中心都市,2026,50.18534788292374,45.31833823051988,45.362809781717694
地域とのつながり,10212,群馬県,みどり市,地方の中心都市,2024,46.33238553813436,51.542392373207576,51.65319442821884
地域とのつながり,10212,群馬県,みどり市,地方の中心都市,2026,54.516828600062794,50.65916084298006,50.8623983358062
地域とのつながり,10424,群馬県,長野原町,農山村の小都市,2023,46.61677707894434,47.98557021270316,48.19734705979117
地域とのつながり,10464,群馬県,玉村町,都市部,2024,40.168853209225915,47.30398810586841,47.543885021897715
地域とのつながり,10524,群馬県,大泉町,都市部,2024,39.80816887868337,45.47488872588462,45.66146144880283
地域とのつながり,11100,埼玉県,さいたま市,都市部,2023,48.550907070354924,49.331983899010424,49.20106846482449
地域とのつながり,11100,埼玉県,さいたま市,都市部,2024,47.60410926170978,49.09896541248939,48.94309595639064
地域とのつながり,11100,埼玉県,さいたま市,都市部,2025,49.70449476532689,49.03968287927703,48.754268695919166
地域とのつながり,11100,埼玉県,さいたま市,都市部,2026,51.998852702648584,49.37783305814077,49.0497890288184
地域とのつながり,11201,埼玉県,川越市,都市部,2024,59.64630513481707,47.26266728891529,47.316104327943364
地域とのつながり,11201,埼玉県,川越市,都市部,2025,56.48669539314818,47.66838263598178,47.74674762991813
地域とのつながり,11201,埼玉県,川越市,都市部,2026,53.328405642047585,47.49084494462455,47.53606458347248
地域とのつながり,11202,埼玉県,熊谷市,都市部,2023,42.690691188339464,43.48029986734397,43.55489700855096
地域とのつながり,11202,埼玉県,熊谷市,都市部,2024,39.106053695607685,43.37302371070783,43.37143755074793
地域とのつながり,11202,埼玉県,熊谷市,都市部,2025,41.53147438952178,42.94892595564823,43.106687761900595
地域とのつながり,11202,埼玉県,熊谷市,都市部,2026,35.35806454682871,43.949458291210604,43.932778766611
地域とのつながり,11203,埼玉県,川口市,都市部,2023,38.34823597570819,49.01968055645803,49.21838081170854
地域とのつながり,11203,埼玉県,川口市,都市部,2024,34.283722863420394,48.687714865602175,48.83843425442847
地域とのつながり,11203,埼玉県,川口市,都市部,2025,34.80957386647049,48.800940891197484,48.9702365443343
地域とのつながり,11203,埼玉県,川口市,都市部,2026,35.090534582782524,49.11799203924967,49.353197448459866
地域とのつながり,11206,埼玉県,行田市,地方の中心都市,2024,48.14604005102805,42.791342984850814,42.775919134653265
地域とのつながり,11206,埼玉県,行田市,地方の中心都市,2025,45.50477319216239,43.836135177253546,43.9566329523343
地域とのつながり,11206,埼玉県,行田市,地方の中心都市,2026,47.90752979360283,44.066064489114225,44.1298243173147
地域とのつながり,11207,埼玉県,秩父市,地方の中心都市,2023,59.503011160731866,46.898352913551086,46.271058765342744
地域とのつながり,11207,埼玉県,秩父市,地方の中心都市,2024,56.85338429808991,47.041678200766896,46.430689839610366
地域とのつながり,11207,埼玉県,秩父市,地方の中心都市,2025,63.09102494016842,47.104638060670595,46.503351076495605
地域とのつながり,11207,埼玉県,秩父市,地方の中心都市,2026,56.22925712569049,47.2469544084473,46.632876365466714
地域とのつながり,11208,埼玉県,所沢市,都市部,2023,49.18622955899452,48.976859506041095,49.12152544700992
地域とのつながり,11208,埼玉県,所沢市,都市部,2024,48.22935748028695,49.109752009884325,49.16848418724579
地域とのつながり,11208,埼玉県,所沢市,都市部,2025,47.38174208035766,48.96661618121445,49.085287511513776
地域とのつながり,11208,埼玉県,所沢市,都市部,2026,46.359846615117746,49.27739916031075,49.36899197738499
地域とのつながり,11209,埼玉県,飯能市,地方の中心都市,2024,50.79554219051102,48.63925133273757,48.548364215035875
地域とのつながり,11209,埼玉県,飯能市,地方の中心都市,2025,62.8599798330912,49.74982424515603,49.671616030544854
地域とのつながり,11209,埼玉県,飯能市,地方の中心都市,2026,60.6142612711234,49.899591808885134,49.8560921147874
地域とのつながり,11210,埼玉県,加須市,地方の中心都市,2023,37.21438922963508,44.30946830225288,44.20728009276381
地域とのつながり,11210,埼玉県,加須市,地方の中心都市,2024,26.23909353298471,44.17772893110508,44.10774414389487
地域とのつながり,11210,埼玉県,加須市,地方の中心都市,2025,39.548048445125765,44.56883066304641,44.5967648879354
地域とのつながり,11210,埼玉県,加須市,地方の中心都市,2026,44.75206392334328,43.79960149317489,43.53624240154414
地域とのつながり,11211,埼玉県,本庄市,地方の中心都市,2023,37.76729392485806,47.73592167691859,47.821693721198606
地域とのつながり,11211,埼玉県,本庄市,地方の中心都市,2024,48.75644627085359,47.295065751637225,47.385385427530764
地域とのつながり,11211,埼玉県,本庄市,地方の中心都市,2025,52.85219945500753,47.332183398064416,47.388697958737346
地域とのつながり,11211,埼玉県,本庄市,地方の中心都市,2026,47.601406146729126,47.187713651890185,47.27064884018076
地域とのつながり,11212,埼玉県,東松山市,都市部,2024,43.33869139789043,45.0869580980468,44.82333285040155
地域とのつながり,11212,埼玉県,東松山市,都市部,2025,57.80979210558157,44.62738766786469,44.19325981461086
地域とのつながり,11212,埼玉県,東松山市,都市部,2026,54.19968136006388,44.740426435393296,44.364223744010516
地域とのつながり,11214,埼玉県,春日部市,都市部,2023,44.62805897496361,45.886527442729026,46.01512627274981
地域とのつながり,11214,埼玉県,春日部市,都市部,2024,47.077354502193586,46.114787567269964,46.18291102663603
地域とのつながり,11214,埼玉県,春日部市,都市部,2025,43.43731060180892,46.35088708773101,46.4180677579749
地域とのつながり,11214,埼玉県,春日部市,都市部,2026,48.05594613631838,46.32069145943208,46.39927108031346
地域とのつながり,11215,埼玉県,狭山市,都市部,2024,43.05957877582352,44.4913692855965,44.4009237763366
地域とのつながり,11215,埼玉県,狭山市,都市部,2025,42.882736465926484,44.488749075592125,44.325035287164766
地域とのつながり,11215,埼玉県,狭山市,都市部,2026,36.06349959197965,45.119899577659965,45.01118259298049
地域とのつながり,11216,埼玉県,羽生市,地方の中心都市,2024,42.08672597616068,43.257292442161535,43.40185735124773
地域とのつながり,11216,埼玉県,羽生市,地方の中心都市,2025,47.04047499009603,43.74651241186171,43.919050125778014
地域とのつながり,11216,埼玉県,羽生市,地方の中心都市,2026,38.74123836316286,43.173211761562044,43.38364094020726
地域とのつながり,11217,埼玉県,鴻巣市,都市部,2023,34.01672378305375,46.00892459361137,46.038200691081485
地域とのつながり,11217,埼玉県,鴻巣市,都市部,2024,43.29580812606451,45.3548296647654,45.307282755880436
地域とのつながり,11217,埼玉県,鴻巣市,都市部,2025,47.473264266746554,45.86992333414367,45.8655632811092
地域とのつながり,11217,埼玉県,鴻巣市,都市部,2026,37.83775996320915,45.80401882586497,45.79945018281474
地域とのつながり,11218,埼玉県,深谷市,地方の中心都市,2023,54.91932474984437,45.58797354763099,45.775589957219744
地域とのつながり,11218,埼玉県,深谷市,地方の中心都市,2024,39.59305136066102,45.31675539100331,45.484672104762936
地域とのつながり,11218,埼玉県,深谷市,地方の中心都市,2025,55.4935627616382,45.83090567705235,45.89922245243797
地域とのつながり,11218,埼玉県,深谷市,地方の中心都市,2026,60.47729112480449,45.52813095250668,45.710632282389454
地域とのつながり,11219,埼玉県,上尾市,都市部,2024,51.646265304555634,48.50750481767412,48.61840289920516
地域とのつながり,11219,埼玉県,上尾市,都市部,2025,43.96256714521739,48.55154099145377,48.55779592417399
地域とのつながり,11219,埼玉県,上尾市,都市部,2026,53.140108548236306,48.63720612432207,48.71566775085911
地域とのつながり,11221,埼玉県,草加市,都市部,2024,40.05703156152306,48.305077885734356,48.47068728473182
地域とのつながり,11221,埼玉県,草加市,都市部,2025,41.57994221072468,48.05167804920154,48.280480329185835
地域とのつながり,11221,埼玉県,草加市,都市部,2026,43.80761253381357,47.97407843404361,48.15870872156164
地域とのつながり,11222,埼玉県,越谷市,都市部,2023,46.74496078534947,48.90680514382941,48.993837021041415
地域とのつながり,11222,埼玉県,越谷市,都市部,2024,38.94728079998119,48.81986865161094,48.84901665084108
地域とのつながり,11222,埼玉県,越谷市,都市部,2025,46.627327693448585,49.00861583626946,48.981841548947
地域とのつながり,11222,埼玉県,越谷市,都市部,2026,49.11370522908306,48.84807444414171,48.9233256974823
地域とのつながり,11223,埼玉県,蕨市,都市部,2024,37.278964019172854,48.015881170827896,47.90735855754374
地域とのつながり,11223,埼玉県,蕨市,都市部,2025,43.10447948468441,48.13455562944386,48.13244325152437
地域とのつながり,11223,埼玉県,蕨市,都市部,2026,46.80374494125962,48.410456237666246,48.387735985740676
地域とのつながり,11224,埼玉県,戸田市,都市部,2023,38.130496139872925,50.96881169210664,51.171034348014125
地域とのつながり,11224,埼玉県,戸田市,都市部,2024,44.921313562160925,51.430239813405265,51.55467794258484
地域とのつながり,11224,埼玉県,戸田市,都市部,2025,42.10803833702852,51.09222061513412,51.18933431125445
地域とのつながり,11224,埼玉県,戸田市,都市部,2026,49.39902973181148,51.16309535061532,51.29277606384176
地域とのつながり,11225,埼玉県,入間市,都市部,2023,51.699450718255825,46.09038746306735,46.17310147115925
地域とのつながり,11225,埼玉県,入間市,都市部,2024,49.19301403829529,45.732169808815065,45.82034128927738
地域とのつながり,11225,埼玉県,入間市,都市部,2025,50.351090719115625,46.33976422109144,46.523708416262764
地域とのつながり,11225,埼玉県,入間市,都市部,2026,53.698651726456774,46.52573793658627,46.68158147926783
地域とのつながり,11227,埼玉県,朝霞市,都市部,2023,48.31063070502344,50.883099130210304,50.923743991515565
地域とのつながり,11227,埼玉県,朝霞市,都市部,2024,42.832666981047254,50.8942719169151,50.92464580278203
地域とのつながり,11227,埼玉県,朝霞市,都市部,2025,46.57862786517401,50.82382913671878,50.8425700788711
地域とのつながり,11227,埼玉県,朝霞市,都市部,2026,47.35575066491072,50.7061605384145,50.820491465167734
地域とのつながり,11228,埼玉県,志木市,都市部,2024,51.42900822564767,49.935198935900445,49.906862494837654
地域とのつながり,11228,埼玉県,志木市,都市部,2025,54.87078191746711,51.55845746602847,51.55128461828507
地域とのつながり,11228,埼玉県,志木市,都市部,2026,49.429513513943185,50.75422654567444,50.76526020021
地域とのつながり,11229,埼玉県,和光市,都市部,2024,49.241988536769625,49.074727705936525,48.53609377533434
地域とのつながり,11229,埼玉県,和光市,都市部,2025,39.44349994392903,49.16191874959325,48.60330114367487
地域とのつながり,11229,埼玉県,和光市,都市部,2026,51.15083810845116,48.26405187126925,47.86350696153656
地域とのつながり,11230,埼玉県,新座市,都市部,2024,40.26139565868764,49.11100680852711,49.02421869767014
地域とのつながり,11230,埼玉県,新座市,都市部,2025,43.9973246100695,49.02213605934757,48.80763777874695
地域とのつながり,11230,埼玉県,新座市,都市部,2026,37.445795460272876,49.308545276277414,49.17349431849802
地域とのつながり,11231,埼玉県,桶川市,都市部,2024,42.827093437659755,46.15054608951295,46.21833123676488
地域とのつながり,11231,埼玉県,桶川市,都市部,2025,50.21967394351543,46.26660621133846,46.33015369709242
地域とのつながり,11231,埼玉県,桶川市,都市部,2026,43.4292013042,47.26258984662708,47.38162809026026
地域とのつながり,11232,埼玉県,久喜市,都市部,2024,38.48501328054229,45.283007140989945,45.2969885258734
地域とのつながり,11232,埼玉県,久喜市,都市部,2025,39.97637232498055,45.31631259297917,45.39024886234807
地域とのつながり,11232,埼玉県,久喜市,都市部,2026,41.86806159398705,45.394703519235264,45.44771910469882
地域とのつながり,11233,埼玉県,北本市,都市部,2023,54.36353410009825,45.35177554186588,45.561462376293306
地域とのつながり,11233,埼玉県,北本市,都市部,2024,53.39274292116046,44.30540922223533,44.30993929531964
地域とのつながり,11233,埼玉県,北本市,都市部,2025,48.17769334530337,45.2276463157455,45.342933002414284
地域とのつながり,11233,埼玉県,北本市,都市部,2026,55.60920903480563,44.90852889965439,44.90968389546989
地域とのつながり,11234,埼玉県,八潮市,都市部,2023,35.83490926900152,49.13987784293793,49.18670050822668
地域とのつながり,11234,埼玉県,八潮市,都市部,2024,26.888164915863147,48.95103929773051,49.003401829196946
地域とのつながり,11234,埼玉県,八潮市,都市部,2025,27.332502563858792,49.73720431765035,49.710362585570195
地域とのつながり,11234,埼玉県,八潮市,都市部,2026,8.198884598144112,49.668558146663656,49.657744774433056
地域とのつながり,11235,埼玉県,富士見市,都市部,2023,40.95102355163114,47.74287861224047,47.42544266825375
地域とのつながり,11235,埼玉県,富士見市,都市部,2024,41.236867716444785,47.72877730714006,47.34715067349224
地域とのつながり,11235,埼玉県,富士見市,都市部,2025,45.31549747134821,48.557294713270444,48.30130602859324
地域とのつながり,11235,埼玉県,富士見市,都市部,2026,50.46392426151988,48.554050748112424,48.24211637331938
地域とのつながり,11237,埼玉県,三郷市,都市部,2024,33.413379569122625,46.964560136623845,46.90318175433115
地域とのつながり,11237,埼玉県,三郷市,都市部,2025,40.84695996601241,47.20278481273976,47.07385193712683
地域とのつながり,11237,埼玉県,三郷市,都市部,2026,34.16166024979784,47.63708727455971,47.57961168000041
地域とのつながり,11238,埼玉県,蓮田市,都市部,2024,33.273967678471095,45.50245440322647,45.48820122654671
地域とのつながり,11238,埼玉県,蓮田市,都市部,2025,35.728919976647546,45.085604839017925,45.091906426611146
地域とのつながり,11238,埼玉県,蓮田市,都市部,2026,42.64431525462878,45.50475010415886,45.55187297482196
地域とのつながり,11239,埼玉県,坂戸市,都市部,2024,43.41986865959938,42.717084516377504,42.85148066234012
地域とのつながり,11239,埼玉県,坂戸市,都市部,2025,57.01866958299333,43.22030045657315,43.47145164947118
地域とのつながり,11239,埼玉県,坂戸市,都市部,2026,29.544676913302002,43.12460269650802,43.30300939800383
地域とのつながり,11240,埼玉県,幸手市,地方の中心都市,2024,48.29130661612906,41.43842318055747,41.03822606920478
地域とのつながり,11240,埼玉県,幸手市,地方の中心都市,2025,48.73476463668848,40.72366863096897,40.34390200717453
地域とのつながり,11240,埼玉県,幸手市,地方の中心都市,2026,31.65058930287269,41.946829818357834,41.58265358889355
地域とのつながり,11241,埼玉県,鶴ヶ島市,都市部,2023,45.43456098848556,46.785108315501084,46.75513043468156
地域とのつながり,11241,埼玉県,鶴ヶ島市,都市部,2024,54.781249923207895,46.89008322859132,46.833973746740774
地域とのつながり,11241,埼玉県,鶴ヶ島市,都市部,2025,50.747836823193296,46.37111856032335,46.34689374257788
地域とのつながり,11241,埼玉県,鶴ヶ島市,都市部,2026,54.49706199838846,46.15976245565256,46.22117600528491
地域とのつながり,11242,埼玉県,日高市,地方の中心都市,2023,39.24552814817583,46.73921974890213,46.863615749190465
地域とのつながり,11242,埼玉県,日高市,地方の中心都市,2024,41.88603589360658,47.379141866304536,47.409595719290394
地域とのつながり,11242,埼玉県,日高市,地方の中心都市,2025,44.00572093221612,46.77724686740106,46.756168024414634
地域とのつながり,11242,埼玉県,日高市,地方の中心都市,2026,40.13998686394964,47.02192499140092,47.06315296566741
地域とのつながり,11243,埼玉県,吉川市,都市部,2024,32.23681502632974,48.896847836956205,49.09113024300991
地域とのつながり,11243,埼玉県,吉川市,都市部,2025,46.37954474824,49.4391301986974,49.562921041174164
地域とのつながり,11243,埼玉県,吉川市,都市部,2026,45.9414590629689,48.15111244185726,48.32874346758321
地域とのつながり,11245,埼玉県,ふじみ野市,都市部,2023,40.215758067470276,48.32516198599409,48.15934196711646
地域とのつながり,11245,埼玉県,ふじみ野市,都市部,2024,44.89560414390908,47.87363493198666,47.57505341773147
地域とのつながり,11245,埼玉県,ふじみ野市,都市部,2025,38.1509181695644,48.58685027893851,48.40184932335107
地域とのつながり,11245,埼玉県,ふじみ野市,都市部,2026,49.23497032515857,48.948567974468304,48.7583613264012
地域とのつながり,11246,埼玉県,白岡市,都市部,2024,54.24177393036295,48.150399724403435,48.351699426308045
地域とのつながり,11246,埼玉県,白岡市,都市部,2025,54.08933993054441,47.76163760925878,47.947301603142115
地域とのつながり,11246,埼玉県,白岡市,都市部,2026,52.8021027215401,48.30437182344407,48.51682508604963
地域とのつながり,11301,埼玉県,伊奈町,都市部,2024,40.34893471012166,49.63223538267783,49.59446374241513
地域とのつながり,11324,埼玉県,三芳町,都市部,2024,47.387019241895274,46.278253462935695,46.29793553490934
地域とのつながり,11361,埼玉県,横瀬町,農山村の小都市,2023,64.65222346906027,53.26879991188174,53.42329823643418
地域とのつながり,11442,埼玉県,宮代町,地方の中心都市,2024,50.96982443394387,46.360424700993285,46.61017085697789
地域とのつながり,11464,埼玉県,杉戸町,地方の中心都市,2024,37.52925125719109,44.064225160980364,43.79524872356064
地域とのつながり,12100,千葉県,千葉市,都市部,2023,48.30077573158453,48.8861584097048,49.10894504055939
地域とのつながり,12100,千葉県,千葉市,都市部,2024,51.239695091230224,50.30099772846628,50.54311319252047
地域とのつながり,12100,千葉県,千葉市,都市部,2025,46.18426545089463,49.12350305762194,49.308826512867974
地域とのつながり,12100,千葉県,千葉市,都市部,2026,46.40200493360723,48.981015104824735,49.163505913659
地域とのつながり,12202,千葉県,銚子市,農山村の小都市,2023,31.63316695434586,45.88549345844041,45.84309064919024
地域とのつながり,12202,千葉県,銚子市,農山村の小都市,2024,30.610647448331605,45.53445389053874,45.455651518048604
地域とのつながり,12202,千葉県,銚子市,農山村の小都市,2025,39.838747091454124,44.88073443102009,44.77464425046715
地域とのつながり,12202,千葉県,銚子市,農山村の小都市,2026,34.7373242969892,43.716831424295975,43.6315081489887
地域とのつながり,12203,千葉県,市川市,都市部,2023,54.178848979751265,48.51446863526189,48.72530057780013
地域とのつながり,12203,千葉県,市川市,都市部,2024,41.93381851259393,48.63023163071579,48.82179380586081
地域とのつながり,12203,千葉県,市川市,都市部,2025,36.71316047699363,48.69020093301405,48.78935078740131
地域とのつながり,12203,千葉県,市川市,都市部,2026,46.9561251150707,48.785066665883996,48.98109297080143
地域とのつながり,12204,千葉県,船橋市,都市部,2023,33.774687691226084,49.87788763731673,50.018954488835746
地域とのつながり,12204,千葉県,船橋市,都市部,2024,45.48764495396724,49.928599011285534,50.05093333009272
地域とのつながり,12204,千葉県,船橋市,都市部,2025,40.66366615291235,50.06091497760588,50.138351205231125
地域とのつながり,12204,千葉県,船橋市,都市部,2026,45.919612647917525,50.14050852948332,50.25211228955429
地域とのつながり,12205,千葉県,館山市,農山村の小都市,2024,50.61140922798017,47.011091410520834,47.50507545000115
地域とのつながり,12205,千葉県,館山市,農山村の小都市,2026,39.0474779547182,48.800157927373036,49.2112253300242
地域とのつながり,12206,千葉県,木更津市,都市部,2023,43.246592990093475,47.56347720888344,47.566813984264165
地域とのつながり,12206,千葉県,木更津市,都市部,2024,43.48309023602387,47.52374943333178,47.516628843802145
地域とのつながり,12206,千葉県,木更津市,都市部,2025,33.461124550159155,48.52865925819102,48.44881974942941
地域とのつながり,12206,千葉県,木更津市,都市部,2026,38.621200233726725,48.327204482256484,48.22355327362435
地域とのつながり,12207,千葉県,松戸市,都市部,2023,23.337170366879796,48.14345401019707,48.15185213332241
地域とのつながり,12207,千葉県,松戸市,都市部,2024,41.83328585971653,48.404628927384486,48.42628818866074
地域とのつながり,12207,千葉県,松戸市,都市部,2025,42.9921490644646,48.41134551825801,48.2916851630352
地域とのつながり,12207,千葉県,松戸市,都市部,2026,44.683539694129834,48.62269090722698,48.50704121703263
地域とのつながり,12208,千葉県,野田市,都市部,2023,54.732621948381464,44.807842419467086,45.04862277630859
地域とのつながり,12208,千葉県,野田市,都市部,2024,43.998905694303325,44.672572978235124,44.78187361505796
地域とのつながり,12208,千葉県,野田市,都市部,2025,40.47055134792505,45.00193880652615,45.1852597111226
地域とのつながり,12208,千葉県,野田市,都市部,2026,41.267391171724285,44.69159616510494,44.866888706694695
地域とのつながり,12210,千葉県,茂原市,地方の中心都市,2023,53.769302229923596,44.06125850440685,44.166731872552674
地域とのつながり,12210,千葉県,茂原市,地方の中心都市,2024,36.93390242490278,44.864010505431416,45.100453122296074
地域とのつながり,12210,千葉県,茂原市,地方の中心都市,2025,45.20162747517064,44.44914811824116,44.52068610117939
地域とのつながり,12210,千葉県,茂原市,地方の中心都市,2026,40.408897976583006,44.615854670281195,44.67367518878622
地域とのつながり,12211,千葉県,成田市,都市部,2024,48.092282607044524,43.43102104888926,43.42911389848224
地域とのつながり,12211,千葉県,成田市,都市部,2025,51.67201884523527,43.14684254192151,43.165225234609935
地域とのつながり,12211,千葉県,成田市,都市部,2026,55.974838295112534,42.58065815995265,42.48745264382709
地域とのつながり,12212,千葉県,佐倉市,都市部,2023,50.440034821570634,47.06394230286256,46.921229759578566
地域とのつながり,12212,千葉県,佐倉市,都市部,2024,55.77298748494437,47.34895734328395,47.1339956287312
地域とのつながり,12212,千葉県,佐倉市,都市部,2025,48.747518735770754,46.96084506667779,46.86979330537931
地域とのつながり,12212,千葉県,佐倉市,都市部,2026,51.8099272204162,47.81751338281643,47.67498840937879
地域とのつながり,12213,千葉県,東金市,地方の中心都市,2023,45.52215058695538,43.53952703704491,43.27759227623654
地域とのつながり,12213,千葉県,東金市,地方の中心都市,2024,32.27359087759101,43.34534180158736,43.071988819211306
地域とのつながり,12213,千葉県,東金市,地方の中心都市,2025,30.381187105326674,44.60686410355869,44.46106697492986
地域とのつながり,12213,千葉県,東金市,地方の中心都市,2026,36.01230063520269,43.36092898370934,43.110900867268775
地域とのつながり,12215,千葉県,旭市,農山村の小都市,2024,48.75359961435755,47.686982652132805,46.93763228005705
地域とのつながり,12215,千葉県,旭市,農山村の小都市,2025,53.82019472414634,47.436775176910594,46.61478396686034
地域とのつながり,12215,千葉県,旭市,農山村の小都市,2026,59.741212776408155,47.974786795517126,47.19998084565339
地域とのつながり,12216,千葉県,習志野市,都市部,2023,49.64284081084024,49.7440378788084,49.82051815945797
地域とのつながり,12216,千葉県,習志野市,都市部,2024,51.02023300829423,49.384000967184214,49.38097263184953
地域とのつながり,12216,千葉県,習志野市,都市部,2025,51.41667998306904,49.352914182257415,49.38953677578598
地域とのつながり,12216,千葉県,習志野市,都市部,2026,41.228941640798595,49.55507216343496,49.561101684472085
地域とのつながり,12217,千葉県,柏市,都市部,2023,48.02491347198856,49.533231729454855,49.49049248645789
地域とのつながり,12217,千葉県,柏市,都市部,2024,52.56011906287439,48.97483250395105,48.91158651730272
地域とのつながり,12217,千葉県,柏市,都市部,2025,37.44209988433405,49.545566845354024,49.55841085453274
地域とのつながり,12217,千葉県,柏市,都市部,2026,52.12688883803481,49.39980241126349,49.42628571916407
地域とのつながり,12219,千葉県,市原市,都市部,2024,34.59702509648035,45.48821315986189,45.70273546819707
地域とのつながり,12219,千葉県,市原市,都市部,2025,42.393305995954265,45.354056290214416,45.60045067695068
地域とのつながり,12219,千葉県,市原市,都市部,2026,40.96719154292075,45.16113503029264,45.3308442487816
地域とのつながり,12220,千葉県,流山市,都市部,2023,37.94930986287689,54.25048077746775,54.477626952177935
地域とのつながり,12220,千葉県,流山市,都市部,2024,51.04281331286826,54.424626952794114,54.66373844170901
地域とのつながり,12220,千葉県,流山市,都市部,2025,51.27458061839475,54.17927128591381,54.27485913367384
地域とのつながり,12220,千葉県,流山市,都市部,2026,53.5095812406914,54.56786381452629,54.610365262849044
地域とのつながり,12221,千葉県,八千代市,都市部,2023,56.34263489908354,48.48714501152625,48.43161737064149
地域とのつながり,12221,千葉県,八千代市,都市部,2024,34.774394561532645,48.207354051777976,48.153938857884896
地域とのつながり,12221,千葉県,八千代市,都市部,2025,33.33587318960496,48.21207768912304,48.211440046881634
地域とのつながり,12221,千葉県,八千代市,都市部,2026,42.68532730754354,48.38203797924694,48.38386847585225
地域とのつながり,12222,千葉県,我孫子市,都市部,2023,59.59654388438688,46.130668522571696,45.71516005018959
地域とのつながり,12222,千葉県,我孫子市,都市部,2024,68.69491697097742,46.32557843206375,45.860602751867965
地域とのつながり,12222,千葉県,我孫子市,都市部,2025,70.20440836478878,45.66534226969897,45.16348707674881
地域とのつながり,12222,千葉県,我孫子市,都市部,2026,47.970725435305525,46.12967929649795,45.75117620223781
地域とのつながり,12224,千葉県,鎌ケ谷市,都市部,2024,35.36633987201744,48.91325459899073,49.058107348655774
地域とのつながり,12224,千葉県,鎌ケ谷市,都市部,2025,44.524987955402565,49.43265722535345,49.54186804043122
地域とのつながり,12224,千葉県,鎌ケ谷市,都市部,2026,49.391970100986825,49.27696615631811,49.33202099073354
地域とのつながり,12225,千葉県,君津市,地方の中心都市,2023,41.188001295117026,47.75191038489124,47.775161161209176
地域とのつながり,12225,千葉県,君津市,地方の中心都市,2024,54.17394154089226,47.09164261426999,46.96704554289475
地域とのつながり,12225,千葉県,君津市,地方の中心都市,2025,43.20878450919953,48.000546000247425,48.05944585028581
地域とのつながり,12225,千葉県,君津市,地方の中心都市,2026,58.587388148874,46.89813722351887,46.715760822667995
地域とのつながり,12226,千葉県,富津市,地方の中心都市,2024,46.42931732183592,44.028849538020665,44.06861223929248
地域とのつながり,12227,千葉県,浦安市,都市部,2023,61.75962526944416,49.65949939379,49.339798593314946
地域とのつながり,12227,千葉県,浦安市,都市部,2024,73.66082817672621,49.56511248446974,49.25302548636764
地域とのつながり,12227,千葉県,浦安市,都市部,2025,69.92536494689995,49.53555816761263,49.21255740761562
地域とのつながり,12227,千葉県,浦安市,都市部,2026,76.45261490472282,49.33737944964571,49.04188182073021
地域とのつながり,12228,千葉県,四街道市,都市部,2023,50.9107282735669,50.478886162408955,50.445050652228424
地域とのつながり,12228,千葉県,四街道市,都市部,2024,45.258975190095995,50.01612431427213,49.98892825724879
地域とのつながり,12228,千葉県,四街道市,都市部,2025,40.770510625910106,51.127792255712535,51.03564050392364
地域とのつながり,12228,千葉県,四街道市,都市部,2026,46.09760014615817,50.70588976447828,50.65191936250076
地域とのつながり,12229,千葉県,袖ケ浦市,都市部,2023,61.30625648720625,46.00504171510098,45.79824543845491
地域とのつながり,12229,千葉県,袖ケ浦市,都市部,2024,44.8109554453264,47.02130225914146,46.99447547829106
地域とのつながり,12229,千葉県,袖ケ浦市,都市部,2025,34.49676190155613,46.882280162676935,46.7497842095639
地域とのつながり,12229,千葉県,袖ケ浦市,都市部,2026,40.13287989710281,47.256310446884925,47.167304068791914
地域とのつながり,12230,千葉県,八街市,地方の中心都市,2023,26.775196562161614,44.016369346179545,44.72300156482369
地域とのつながり,12230,千葉県,八街市,地方の中心都市,2024,28.625806618448003,44.144153447646964,44.740937254807605
地域とのつながり,12230,千葉県,八街市,地方の中心都市,2025,21.583077578125888,44.58347073001286,45.09493570963197
地域とのつながり,12230,千葉県,八街市,地方の中心都市,2026,24.167559903419498,44.07200681260661,44.694304705675755
地域とのつながり,12231,千葉県,印西市,都市部,2023,46.66443932096624,52.83302649335944,52.85963861651601
地域とのつながり,12231,千葉県,印西市,都市部,2024,50.45857855831991,52.606356999930554,52.550377535094846
地域とのつながり,12231,千葉県,印西市,都市部,2025,50.97319580486258,51.870620499360314,51.81172306619611
地域とのつながり,12231,千葉県,印西市,都市部,2026,52.142199451958575,51.945631244389624,51.86708472240757
地域とのつながり,12232,千葉県,白井市,都市部,2023,53.46905776279697,50.469554896167864,50.33370353335296
地域とのつながり,12232,千葉県,白井市,都市部,2024,43.22435031662937,49.676543929873425,49.52874601545084
地域とのつながり,12232,千葉県,白井市,都市部,2025,38.92084297556906,50.13594435800625,49.99224891463433
地域とのつながり,12232,千葉県,白井市,都市部,2026,54.23408345882534,49.24315399725273,49.19401117088499
地域とのつながり,12233,千葉県,富里市,地方の中心都市,2024,37.43447706064248,46.25394949171778,46.361978123575255
地域とのつながり,12233,千葉県,富里市,地方の中心都市,2026,35.68803512723469,46.29212052473402,46.36365175079801
地域とのつながり,12234,千葉県,南房総市,農山村の小都市,2024,50.148445939133815,46.90057862963573,46.97585675322614
地域とのつながり,12236,千葉県,香取市,農山村の小都市,2023,40.408432693203395,46.1284479325166,46.44946127721272
地域とのつながり,12236,千葉県,香取市,農山村の小都市,2024,51.66667716707301,45.9818683865714,46.254063779346765
地域とのつながり,12236,千葉県,香取市,農山村の小都市,2025,48.424773222252895,46.62255354846319,46.92940594411145
地域とのつながり,12236,千葉県,香取市,農山村の小都市,2026,31.289660983401276,45.853230246612334,46.14326599376852
地域とのつながり,12237,千葉県,山武市,農山村の小都市,2024,31.123507814059042,45.05111408048478,45.27721691355812
地域とのつながり,12237,千葉県,山武市,農山村の小都市,2026,26.51359569647209,45.32302767108469,45.52599924011116
地域とのつながり,12238,千葉県,いすみ市,農山村の小都市,2024,43.36255275128019,46.73903330175855,46.90444304302828
地域とのつながり,12239,千葉県,大網白里市,地方の中心都市,2024,44.39591589551822,46.26086255624995,46.72661989542034
地域とのつながり,12239,千葉県,大網白里市,地方の中心都市,2026,30.223888589529327,44.47556548683919,44.63254138717068
地域とのつながり,13101,東京都,千代田区,都市部,2023,65.29870881080237,63.88936770472951,83.74900117016594
地域とのつながり,13101,東京都,千代田区,都市部,2024,56.50315174914669,64.5722527025244,84.61314327490284
地域とのつながり,13101,東京都,千代田区,都市部,2025,53.8598112075739,64.70747059207116,85.09470373424556
地域とのつながり,13101,東京都,千代田区,都市部,2026,58.019691829082284,64.8813463514909,85.28715553655033
地域とのつながり,13102,東京都,中央区,都市部,2023,67.69362701407466,60.88677653993915,60.674154470588256
地域とのつながり,13102,東京都,中央区,都市部,2024,64.92584735565258,60.416199367691746,60.10671029920079
地域とのつながり,13102,東京都,中央区,都市部,2025,67.46652063580729,61.25996410138336,60.93704585820448
地域とのつながり,13102,東京都,中央区,都市部,2026,67.71076313645153,61.06936868280083,60.669867764288895
地域とのつながり,13103,東京都,港区,都市部,2023,59.11730736012498,59.65294249671851,61.282211507543515
地域とのつながり,13103,東京都,港区,都市部,2024,58.08308558505819,59.665318154862604,61.279935613610654
地域とのつながり,13103,東京都,港区,都市部,2025,56.610674260473445,60.069500432732866,61.55819070878886
地域とのつながり,13103,東京都,港区,都市部,2026,61.724434288016056,59.84536741368403,61.48426443362289
地域とのつながり,13104,東京都,新宿区,都市部,2023,33.07536843772342,52.268042296853004,54.3324726068618
地域とのつながり,13104,東京都,新宿区,都市部,2024,42.18241605569394,52.28142096880012,54.35476927887348
地域とのつながり,13104,東京都,新宿区,都市部,2025,44.66058814851849,52.864775828781646,54.750678195199455
地域とのつながり,13104,東京都,新宿区,都市部,2026,42.40444620958509,52.722831537564026,54.79073015701384
地域とのつながり,13105,東京都,文京区,都市部,2023,61.52631506834762,54.40436167772666,55.02827544319416
地域とのつながり,13105,東京都,文京区,都市部,2024,67.08570260317858,54.10435704521238,54.67214427462655
地域とのつながり,13105,東京都,文京区,都市部,2025,62.36144844016504,54.249922343431706,54.82389423024249
地域とのつながり,13105,東京都,文京区,都市部,2026,62.95308703489814,54.424585843353725,54.96063179298096
地域とのつながり,13106,東京都,台東区,都市部,2023,54.04350589912109,53.19268347400612,53.20374826327037
地域とのつながり,13106,東京都,台東区,都市部,2024,53.62871407566001,53.197462653263095,53.12815438161262
地域とのつながり,13106,東京都,台東区,都市部,2025,56.322301911476416,53.411133232861054,53.32600147890008
地域とのつながり,13106,東京都,台東区,都市部,2026,59.33662633651774,53.73078406005669,53.601810987049916
地域とのつながり,13107,東京都,墨田区,都市部,2023,60.38053343623173,50.379170302215606,50.0328893320948
地域とのつながり,13107,東京都,墨田区,都市部,2024,56.17914649496376,50.411146535487724,50.04283955414297
地域とのつながり,13107,東京都,墨田区,都市部,2025,58.340065989844675,50.459799206831825,50.03610949686726
地域とのつながり,13107,東京都,墨田区,都市部,2026,57.07330535656969,50.78064698280419,50.34268141584698
地域とのつながり,13108,東京都,江東区,都市部,2023,55.11956976756612,51.23686132840235,51.10883097429426
地域とのつながり,13108,東京都,江東区,都市部,2024,53.464829104201456,51.28624513596683,51.1338264161936
地域とのつながり,13108,東京都,江東区,都市部,2025,54.75898084581474,51.263018444410505,51.009214523331586
地域とのつながり,13108,東京都,江東区,都市部,2026,58.80835862848976,51.20683478653639,51.05752693264181
地域とのつながり,13109,東京都,品川区,都市部,2023,58.886236046892265,51.73891502173273,51.776488401115124
地域とのつながり,13109,東京都,品川区,都市部,2024,56.50209000413982,51.47414275342925,51.47097142729531
地域とのつながり,13109,東京都,品川区,都市部,2025,58.64565949605813,51.77438826133164,51.766903571905644
地域とのつながり,13109,東京都,品川区,都市部,2026,58.20059954224169,51.838835984041395,51.825782165093756
地域とのつながり,13110,東京都,目黒区,都市部,2023,64.54271052103479,51.78165876672244,51.68327521067914
地域とのつながり,13110,東京都,目黒区,都市部,2024,61.946977340851014,52.34570196626674,52.30903591169603
地域とのつながり,13110,東京都,目黒区,都市部,2025,63.75739974301466,52.2418073225059,52.14359306913256
地域とのつながり,13110,東京都,目黒区,都市部,2026,61.519191821079,52.12471446425671,52.00792953255579
地域とのつながり,13111,東京都,大田区,都市部,2023,53.64380900271645,48.0705333239654,47.90351007245864
地域とのつながり,13111,東京都,大田区,都市部,2024,46.43555557528343,48.023435760517984,47.80311470816527
地域とのつながり,13111,東京都,大田区,都市部,2025,47.412261557719276,48.822392348546074,48.71170194923563
地域とのつながり,13111,東京都,大田区,都市部,2026,47.211684771736785,48.74695243894293,48.51160245169505
地域とのつながり,13112,東京都,世田谷区,都市部,2023,54.50376101583308,51.53104000083189,51.243722842710405
地域とのつながり,13112,東京都,世田谷区,都市部,2024,59.804090454321646,51.76278276706795,51.489577531412735
地域とのつながり,13112,東京都,世田谷区,都市部,2025,60.879928800074296,51.530630973873194,51.08602361067443
地域とのつながり,13112,東京都,世田谷区,都市部,2026,66.39727938162427,51.67349753680215,51.23634584526521
地域とのつながり,13113,東京都,渋谷区,都市部,2023,50.96152939097709,50.17318750097345,51.17391886813918
地域とのつながり,13113,東京都,渋谷区,都市部,2024,54.68494110800377,50.220421094915785,51.21994879377113
地域とのつながり,13113,東京都,渋谷区,都市部,2025,52.27280076181561,50.446288659575636,51.423774321114436
地域とのつながり,13113,東京都,渋谷区,都市部,2026,52.17997872645795,50.622259295056125,51.68234122064528
地域とのつながり,13114,東京都,中野区,都市部,2023,51.41073680369268,47.623806407876884,47.68015104440421
地域とのつながり,13114,東京都,中野区,都市部,2024,45.29852036058673,47.40638368523537,47.44260923501031
地域とのつながり,13114,東京都,中野区,都市部,2025,51.86725197694003,47.578483776560304,47.58330721175933
地域とのつながり,13114,東京都,中野区,都市部,2026,44.49934636251471,47.701624916508834,47.73736377058806
地域とのつながり,13115,東京都,杉並区,都市部,2023,49.45007120979582,49.56778452916641,49.42908702341224
地域とのつながり,13115,東京都,杉並区,都市部,2024,51.53509420456178,49.74197946263288,49.541314085010164
地域とのつながり,13115,東京都,杉並区,都市部,2025,52.36498613437335,49.97816124246074,49.82477653555676
地域とのつながり,13115,東京都,杉並区,都市部,2026,56.01315829822234,50.05857382194989,49.89482655825395
地域とのつながり,13116,東京都,豊島区,都市部,2023,56.48708149571896,46.98872584893056,47.012799041654404
地域とのつながり,13116,東京都,豊島区,都市部,2024,46.44483070320536,47.11439971414343,47.09392523182852
地域とのつながり,13116,東京都,豊島区,都市部,2025,47.58229713461977,47.22926011278808,47.23768530099079
地域とのつながり,13116,東京都,豊島区,都市部,2026,44.77800759673417,47.39493909145554,47.34904338504644
地域とのつながり,13117,東京都,北区,都市部,2023,41.864394098278346,41.615434388561766,40.9816072590424
地域とのつながり,13117,東京都,北区,都市部,2024,49.00097203036017,41.74228115888693,41.05270602615509
地域とのつながり,13117,東京都,北区,都市部,2025,48.878519922429014,42.00458449166906,41.3493425323442
地域とのつながり,13117,東京都,北区,都市部,2026,45.63979148004234,42.16569810778487,41.4425863522204
地域とのつながり,13118,東京都,荒川区,都市部,2023,44.530151054357724,50.31846467581038,49.563256322227474
地域とのつながり,13118,東京都,荒川区,都市部,2024,46.77955194371884,50.46509329024641,49.69069207309246
地域とのつながり,13118,東京都,荒川区,都市部,2025,49.250956523892924,50.552152211704524,49.58424101116091
地域とのつながり,13118,東京都,荒川区,都市部,2026,50.559344621446606,50.68692895579761,49.649259711739624
地域とのつながり,13119,東京都,板橋区,都市部,2023,44.64916266994383,48.16521346350488,48.27393773880283
地域とのつながり,13119,東京都,板橋区,都市部,2024,46.577722661946765,48.45321522113589,48.47102953206719
地域とのつながり,13119,東京都,板橋区,都市部,2025,41.414281016285074,48.79849195731303,48.944770172000446
地域とのつながり,13119,東京都,板橋区,都市部,2026,49.93637225026838,48.68527977066215,48.83575539006436
地域とのつながり,13120,東京都,練馬区,都市部,2023,47.26350168862969,50.80032427104079,50.75636795076518
地域とのつながり,13120,東京都,練馬区,都市部,2024,50.692000028234034,50.76769619276489,50.7472096066844
地域とのつながり,13120,東京都,練馬区,都市部,2025,50.630497559190744,50.93331867992181,50.94088157846202
地域とのつながり,13120,東京都,練馬区,都市部,2026,45.507023792775286,50.77298819755688,50.76303011158301
地域とのつながり,13121,東京都,足立区,都市部,2023,40.02172364635218,47.801940666238345,47.941544527608826
地域とのつながり,13121,東京都,足立区,都市部,2024,44.74709431055188,47.89650103185398,47.96161281662709
地域とのつながり,13121,東京都,足立区,都市部,2025,45.61358087590241,47.86133214278345,47.90787241059129
地域とのつながり,13121,東京都,足立区,都市部,2026,42.525909127132905,48.13746817627986,48.2036262799846
地域とのつながり,13122,東京都,葛飾区,都市部,2023,34.66274230022155,48.26168621669601,48.169325662768486
地域とのつながり,13122,東京都,葛飾区,都市部,2024,47.55979932319865,48.05561401090806,47.948030099683834
地域とのつながり,13122,東京都,葛飾区,都市部,2025,53.10418011964047,48.69411414114481,48.541719077124625
地域とのつながり,13122,東京都,葛飾区,都市部,2026,47.6627466931679,48.81125505670924,48.63943175896326
地域とのつながり,13123,東京都,江戸川区,都市部,2023,54.625876886118505,50.68103258656767,51.066213061583525
地域とのつながり,13123,東京都,江戸川区,都市部,2024,49.207725431653124,50.50181222983561,50.81432376716682
地域とのつながり,13123,東京都,江戸川区,都市部,2025,40.36531857830519,50.7400530500369,51.143290754823475
地域とのつながり,13123,東京都,江戸川区,都市部,2026,41.604113192170345,50.38838027008061,50.70234452769533
地域とのつながり,13201,東京都,八王子市,都市部,2023,40.828488960413225,48.940376314889676,49.07410880050727
地域とのつながり,13201,東京都,八王子市,都市部,2024,65.18269240692752,48.72436884533518,48.771709296500056
地域とのつながり,13201,東京都,八王子市,都市部,2025,43.86428464955166,49.12557895635834,49.21846059752634
地域とのつながり,13201,東京都,八王子市,都市部,2026,51.19616810532893,48.89851919894194,48.9438517922042
地域とのつながり,13202,東京都,立川市,都市部,2024,55.63410623123109,44.90875280979766,44.72492390047573
地域とのつながり,13202,東京都,立川市,都市部,2025,58.131630820287484,44.72178628968909,44.44243038223105
地域とのつながり,13202,東京都,立川市,都市部,2026,50.12861763793182,44.910217925095516,44.6473814627493
地域とのつながり,13203,東京都,武蔵野市,都市部,2024,52.75348291083948,47.547881932183216,47.28285121181903
地域とのつながり,13203,東京都,武蔵野市,都市部,2025,62.358340474716236,47.48890112660646,47.214950153100396
地域とのつながり,13203,東京都,武蔵野市,都市部,2026,49.31615815541428,48.161002246610096,47.85507375557866
地域とのつながり,13204,東京都,三鷹市,都市部,2024,59.867325679392714,48.532489355018114,48.68336461068826
地域とのつながり,13204,東京都,三鷹市,都市部,2025,54.78898812488108,48.70197284611891,48.879867214627595
地域とのつながり,13204,東京都,三鷹市,都市部,2026,47.54121024494376,48.32995400272622,48.599674059326105
地域とのつながり,13205,東京都,青梅市,地方の中心都市,2024,43.41329679305048,49.51535912608907,48.92754586497581
地域とのつながり,13205,東京都,青梅市,地方の中心都市,2025,47.503665246245426,49.49536070424322,49.01161393730872
地域とのつながり,13205,東京都,青梅市,地方の中心都市,2026,57.51340051490223,49.23180687100602,48.68432264110583
地域とのつながり,13206,東京都,府中市,都市部,2023,56.91654270744733,47.215681721487556,47.01205513564297
地域とのつながり,13206,東京都,府中市,都市部,2024,61.213012576976624,47.45644588819779,47.214501765986114
地域とのつながり,13206,東京都,府中市,都市部,2025,53.84195169810253,47.05044797710529,46.87984076557568
地域とのつながり,13206,東京都,府中市,都市部,2026,62.4324580816666,47.16594637058267,46.988355318805304
地域とのつながり,13207,東京都,昭島市,都市部,2023,46.4674219704554,44.6392349810912,44.72544290364352
地域とのつながり,13207,東京都,昭島市,都市部,2024,45.73544728564272,44.37999880535761,44.354240818430114
地域とのつながり,13207,東京都,昭島市,都市部,2025,47.70035629684825,44.60146695540036,44.676674589343314
地域とのつながり,13207,東京都,昭島市,都市部,2026,48.65568017845295,45.18506535086155,45.2554942325115
地域とのつながり,13208,東京都,調布市,都市部,2023,20.840284935046387,48.76331918326485,48.75101774641306
地域とのつながり,13208,東京都,調布市,都市部,2024,57.63580775996699,48.57400834113324,48.49109530652912
地域とのつながり,13208,東京都,調布市,都市部,2025,62.022069601529445,48.83151633015417,48.76789409956392
地域とのつながり,13208,東京都,調布市,都市部,2026,54.55582362749155,49.165467268307765,49.067557098990335
地域とのつながり,13209,東京都,町田市,都市部,2023,64.35524401399707,48.982248128698714,48.96744603113833
地域とのつながり,13209,東京都,町田市,都市部,2024,40.528186886506425,49.13668079308162,49.10260171279729
地域とのつながり,13209,東京都,町田市,都市部,2025,55.15185927748324,49.208905787921275,49.12010952631177
地域とのつながり,13209,東京都,町田市,都市部,2026,57.87556872388561,49.183913011676594,49.137631326995134
地域とのつながり,13210,東京都,小金井市,都市部,2024,50.0556376837343,49.686149483418525,49.680589385481426
地域とのつながり,13210,東京都,小金井市,都市部,2025,46.827856518093,50.13640692612259,50.23346148975844
地域とのつながり,13210,東京都,小金井市,都市部,2026,48.1882752305033,50.27411485305291,50.32557318512387
地域とのつながり,13211,東京都,小平市,都市部,2024,47.783977903195165,48.97480069411675,49.063203111695884
地域とのつながり,13211,東京都,小平市,都市部,2025,47.38506440011476,48.44064064566687,48.59759077817606
地域とのつながり,13211,東京都,小平市,都市部,2026,59.38892703924367,48.718292348001505,48.854685271687615
地域とのつながり,13212,東京都,日野市,都市部,2023,45.028614118658254,47.657948916416636,47.722407369687055
地域とのつながり,13212,東京都,日野市,都市部,2024,46.68098943000739,48.350090856638204,48.33297015295982
地域とのつながり,13212,東京都,日野市,都市部,2025,49.487554148299445,48.336994863769135,48.31268352804194
地域とのつながり,13212,東京都,日野市,都市部,2026,49.14278956329026,48.80054757755282,48.70341597298378
地域とのつながり,13213,東京都,東村山市,都市部,2023,37.95791690628844,46.98407620566068,47.318482094460784
地域とのつながり,13213,東京都,東村山市,都市部,2024,39.580803481403805,47.135272397196566,47.3509524847219
地域とのつながり,13213,東京都,東村山市,都市部,2025,41.97556701666276,47.19542415987071,47.445414728920674
地域とのつながり,13213,東京都,東村山市,都市部,2026,38.685410500668524,47.423453398679214,47.74619377691266
地域とのつながり,13214,東京都,国分寺市,都市部,2024,49.971086919666014,50.58798155367297,50.56256522917768
地域とのつながり,13214,東京都,国分寺市,都市部,2025,58.923114940084794,50.998665993606835,50.92185995774786
地域とのつながり,13214,東京都,国分寺市,都市部,2026,59.75422651994851,50.49802916250669,50.38322088101341
地域とのつながり,13215,東京都,国立市,都市部,2023,56.40243617404479,46.71950439533876,46.7877310270783
地域とのつながり,13215,東京都,国立市,都市部,2024,52.4490633733088,47.067869208805654,47.14333071407556
地域とのつながり,13215,東京都,国立市,都市部,2025,58.9230260272214,47.21902502478678,47.309457467261794
地域とのつながり,13215,東京都,国立市,都市部,2026,59.306438678576455,47.10410704308882,47.171945227069976
地域とのつながり,13218,東京都,福生市,都市部,2024,45.994723755941045,43.58599349081335,43.446735400709734
地域とのつながり,13218,東京都,福生市,都市部,2025,41.0688094084545,44.1070747618046,43.965322468181164
地域とのつながり,13218,東京都,福生市,都市部,2026,41.69867820793883,43.81819749642385,43.60741849588176
地域とのつながり,13219,東京都,狛江市,都市部,2023,57.23153480034678,48.796756868418356,48.75635851991566
地域とのつながり,13219,東京都,狛江市,都市部,2024,57.69646482555715,48.28447244415351,48.217539228000845
地域とのつながり,13219,東京都,狛江市,都市部,2025,63.17351464099538,49.77176642986441,49.60671786731285
地域とのつながり,13219,東京都,狛江市,都市部,2026,47.31497834990576,49.24070574935685,49.18764225388999
地域とのつながり,13220,東京都,東大和市,都市部,2023,51.21822266496072,49.26099899155906,49.19584009282924
地域とのつながり,13220,東京都,東大和市,都市部,2024,39.127498550002855,49.25935862636252,49.191225577919866
地域とのつながり,13220,東京都,東大和市,都市部,2025,42.69748194641674,49.498937471020746,49.41676820894868
地域とのつながり,13220,東京都,東大和市,都市部,2026,42.95862396647572,49.17196827684839,49.204273646954746
地域とのつながり,13221,東京都,清瀬市,都市部,2023,35.162603625720564,46.01882772648935,45.84465492249793
地域とのつながり,13221,東京都,清瀬市,都市部,2024,44.563614962164756,46.01532178475531,45.777104343543634
地域とのつながり,13221,東京都,清瀬市,都市部,2025,41.38260125027267,46.328926051902705,46.18239075921174
地域とのつながり,13221,東京都,清瀬市,都市部,2026,48.950567616864134,46.105708343809226,45.81090100123099
地域とのつながり,13222,東京都,東久留米市,都市部,2023,38.42583779976278,47.09668789525961,47.379169058503216
地域とのつながり,13222,東京都,東久留米市,都市部,2024,48.55296128068775,46.68059576349456,46.89547232427204
地域とのつながり,13222,東京都,東久留米市,都市部,2025,43.100051858429836,47.620950596823235,47.72178331416201
地域とのつながり,13222,東京都,東久留米市,都市部,2026,49.27469123270294,47.72949205739096,47.90772536239159
地域とのつながり,13223,東京都,武蔵村山市,都市部,2024,32.4237818761618,46.328060911294706,46.374331082159365
地域とのつながり,13223,東京都,武蔵村山市,都市部,2025,28.186929939622342,48.190066578919435,48.24766006579516
地域とのつながり,13223,東京都,武蔵村山市,都市部,2026,29.832063360572427,48.03010410427079,48.06653419374446
地域とのつながり,13224,東京都,多摩市,都市部,2023,60.912230033556305,45.74862699434262,46.14690733414356
地域とのつながり,13224,東京都,多摩市,都市部,2024,50.02954010322096,45.738879688074654,46.09843995822651
地域とのつながり,13224,東京都,多摩市,都市部,2025,53.36212611305698,45.83066310556604,46.143180901403944
地域とのつながり,13224,東京都,多摩市,都市部,2026,66.71813602895334,45.78468497505706,46.10742807421965
地域とのつながり,13225,東京都,稲城市,都市部,2023,50.40152615707761,50.23576273531278,50.41334377663541
地域とのつながり,13225,東京都,稲城市,都市部,2024,58.15003994710404,50.27376921155325,50.44841310779026
地域とのつながり,13225,東京都,稲城市,都市部,2025,55.333833244772876,49.85949555214818,50.01726733484416
地域とのつながり,13225,東京都,稲城市,都市部,2026,68.34647776505504,50.15623790995555,50.319766321939056
地域とのつながり,13227,東京都,羽村市,都市部,2024,58.2285296792446,45.26906106139422,45.209657720431
地域とのつながり,13227,東京都,羽村市,都市部,2025,47.90156493435067,46.531825869284084,46.553282720823155
地域とのつながり,13227,東京都,羽村市,都市部,2026,48.465536217674554,47.14035594079816,47.110621441188755
地域とのつながり,13228,東京都,あきる野市,地方の中心都市,2023,39.666323134077615,52.170263135866485,52.28561104606674
地域とのつながり,13228,東京都,あきる野市,地方の中心都市,2024,41.42216803266741,52.953762011695396,52.86208310210971
地域とのつながり,13228,東京都,あきる野市,地方の中心都市,2025,48.539324480011416,51.96260649254944,52.02448292467166
地域とのつながり,13228,東京都,あきる野市,地方の中心都市,2026,57.77029801416994,53.16033268885444,53.194553699259146
地域とのつながり,13229,東京都,西東京市,都市部,2023,46.032284935046384,49.38321667124972,49.217660600490625
地域とのつながり,13229,東京都,西東京市,都市部,2024,38.17731880435644,48.733324682452654,48.52957920099048
地域とのつながり,13229,東京都,西東京市,都市部,2025,41.87897464448842,49.54586303248188,49.392113381764084
地域とのつながり,13229,東京都,西東京市,都市部,2026,39.514510477511266,49.18138162856165,48.99902917238116
地域とのつながり,14100,神奈川県,横浜市,都市部,2023,51.70214724430501,49.730611159843015,49.345130247893835
地域とのつながり,14100,神奈川県,横浜市,都市部,2024,53.17454524851305,49.60696361653272,49.100521178382294
地域とのつながり,14100,神奈川県,横浜市,都市部,2025,51.85989412826574,49.65421063041301,49.21026988332822
地域とのつながり,14100,神奈川県,横浜市,都市部,2026,51.73526490958293,49.66302999355804,49.27971842707266
地域とのつながり,14130,神奈川県,川崎市,都市部,2023,47.8298618756077,50.99631660630438,51.140823996727555
地域とのつながり,14130,神奈川県,川崎市,都市部,2024,50.2967167328249,51.00943670318194,51.1081886749079
地域とのつながり,14130,神奈川県,川崎市,都市部,2025,50.341703898005505,50.87088686081236,51.02216005845871
地域とのつながり,14130,神奈川県,川崎市,都市部,2026,49.88705094589286,50.826392259407704,50.896606544898155
地域とのつながり,14150,神奈川県,相模原市,都市部,2023,44.21886181519862,52.534047351776614,53.041161267013706
地域とのつながり,14150,神奈川県,相模原市,都市部,2024,49.54009420262981,52.662393670607806,53.15235617517603
地域とのつながり,14150,神奈川県,相模原市,都市部,2025,44.848460705603244,52.5105160454431,53.00484965740113
地域とのつながり,14150,神奈川県,相模原市,都市部,2026,44.37094789288483,52.56473011131183,53.02358104030286
地域とのつながり,14201,神奈川県,横須賀市,都市部,2023,52.21679034776521,46.38112832043394,46.08854418700166
地域とのつながり,14201,神奈川県,横須賀市,都市部,2024,56.025215173493166,46.140571865263844,45.765245790766485
地域とのつながり,14201,神奈川県,横須賀市,都市部,2025,53.241162855622605,46.12884463985914,45.79025358575052
地域とのつながり,14201,神奈川県,横須賀市,都市部,2026,50.348535569221646,46.25917482941027,45.977184301409594
地域とのつながり,14203,神奈川県,平塚市,都市部,2023,53.11361571055066,46.80451439985015,46.978895947535776
地域とのつながり,14203,神奈川県,平塚市,都市部,2024,58.70958444850631,47.22653528301727,47.28814699767916
地域とのつながり,14203,神奈川県,平塚市,都市部,2025,55.42927923629916,46.70440574385617,46.748790698214286
地域とのつながり,14203,神奈川県,平塚市,都市部,2026,67.26509814818813,46.4850591336825,46.6564759344306
地域とのつながり,14204,神奈川県,鎌倉市,都市部,2023,72.72266214474416,52.45713586329648,52.29243329295879
地域とのつながり,14204,神奈川県,鎌倉市,都市部,2024,56.197819849108434,52.744219436493054,52.548110653352595
地域とのつながり,14204,神奈川県,鎌倉市,都市部,2025,58.01632658054434,52.79230089833517,52.55429596502579
地域とのつながり,14204,神奈川県,鎌倉市,都市部,2026,55.55807450955798,52.69952358878881,52.46716943228582
地域とのつながり,14205,神奈川県,藤沢市,都市部,2023,61.98228989598811,50.060058023348965,49.80421447911653
地域とのつながり,14205,神奈川県,藤沢市,都市部,2024,69.99701208173556,50.064135780464596,49.78515408360382
地域とのつながり,14205,神奈川県,藤沢市,都市部,2025,66.197649168081,49.81659956357805,49.522484018243155
地域とのつながり,14205,神奈川県,藤沢市,都市部,2026,56.127669510187964,49.94684944714799,49.68565746977099
地域とのつながり,14206,神奈川県,小田原市,都市部,2023,53.058798009301356,49.657428549746776,49.73001127201631
地域とのつながり,14206,神奈川県,小田原市,都市部,2024,51.80424591002113,49.689908916509005,49.73174768012184
地域とのつながり,14206,神奈川県,小田原市,都市部,2025,50.31721188915938,49.4522799290941,49.44162553715476
地域とのつながり,14206,神奈川県,小田原市,都市部,2026,63.75989806011953,49.88738207176751,49.91028431732237
地域とのつながり,14207,神奈川県,茅ヶ崎市,都市部,2023,65.87914042424003,51.056984954158985,51.13179493082132
地域とのつながり,14207,神奈川県,茅ヶ崎市,都市部,2024,62.52906721703608,51.12157418371151,51.21574724650272
地域とのつながり,14207,神奈川県,茅ヶ崎市,都市部,2025,55.236653809897184,50.95291159345663,50.92795470531808
地域とのつながり,14207,神奈川県,茅ヶ崎市,都市部,2026,65.11298876841597,51.197056913370055,51.19800781919484
地域とのつながり,14208,神奈川県,逗子市,地方の中心都市,2023,64.41660138259196,52.972536173776064,52.76769996077543
地域とのつながり,14208,神奈川県,逗子市,地方の中心都市,2024,62.864852636672914,52.51638343498254,52.23345874750014
地域とのつながり,14208,神奈川県,逗子市,地方の中心都市,2025,74.23256306023927,52.9239882697608,52.64136958631347
地域とのつながり,14208,神奈川県,逗子市,地方の中心都市,2026,67.86046371628885,53.219674678971195,52.97736457994457
地域とのつながり,14210,神奈川県,三浦市,農山村の小都市,2024,34.54380339690761,46.3028511055824,46.77229684264217
地域とのつながり,14211,神奈川県,秦野市,地方の中心都市,2023,55.33637488175266,49.988125211750436,50.09634531431631
地域とのつながり,14211,神奈川県,秦野市,地方の中心都市,2024,43.97150720039568,49.372627634124214,49.44880835091688
地域とのつながり,14211,神奈川県,秦野市,地方の中心都市,2025,64.31272484945804,49.430829704112774,49.38424818295666
地域とのつながり,14211,神奈川県,秦野市,地方の中心都市,2026,45.77904309471631,50.11313988488572,50.16189599831803
地域とのつながり,14212,神奈川県,厚木市,都市部,2023,52.88913812791924,47.86538164479662,47.738753998352614
地域とのつながり,14212,神奈川県,厚木市,都市部,2024,62.05542070065853,47.94244387885932,47.77534766051703
地域とのつながり,14212,神奈川県,厚木市,都市部,2025,59.830751379104726,48.40021620306277,48.191287318123635
地域とのつながり,14212,神奈川県,厚木市,都市部,2026,52.81182185795829,47.85098806698248,47.728246914303625
地域とのつながり,14213,神奈川県,大和市,都市部,2023,46.91884852784943,50.423130856486765,50.72549501259108
地域とのつながり,14213,神奈川県,大和市,都市部,2024,47.10085939011618,50.954429513967284,51.05878686795569
地域とのつながり,14213,神奈川県,大和市,都市部,2025,46.904757367393245,51.087039974859245,51.28511348221832
地域とのつながり,14213,神奈川県,大和市,都市部,2026,33.550266659589404,50.70125289570405,50.89613191749502
地域とのつながり,14214,神奈川県,伊勢原市,都市部,2023,45.07400636969786,51.421879861653466,51.43785865216321
地域とのつながり,14214,神奈川県,伊勢原市,都市部,2024,48.83223302062741,51.43894652352562,51.43346925731466
地域とのつながり,14214,神奈川県,伊勢原市,都市部,2025,51.78528886960244,52.11037617613045,52.15715795990468
地域とのつながり,14214,神奈川県,伊勢原市,都市部,2026,46.023185967582215,51.81735824828077,51.837775338926065
地域とのつながり,14215,神奈川県,海老名市,都市部,2023,46.16459375073957,50.49473916260874,50.68848399108859
地域とのつながり,14215,神奈川県,海老名市,都市部,2024,47.61607591627981,50.252150378458495,50.355133139829135
地域とのつながり,14215,神奈川県,海老名市,都市部,2025,54.3670325045371,50.70820104378568,50.860100094617295
地域とのつながり,14215,神奈川県,海老名市,都市部,2026,47.71954697094215,50.49793534956278,50.71974459267889
地域とのつながり,14216,神奈川県,座間市,都市部,2023,41.030290387896954,49.4797035628777,49.5130523377007
地域とのつながり,14216,神奈川県,座間市,都市部,2024,36.72548642377321,49.37936430202619,49.37583609559248
地域とのつながり,14216,神奈川県,座間市,都市部,2025,55.55012978206461,49.46898661230505,49.431747034013185
地域とのつながり,14216,神奈川県,座間市,都市部,2026,39.252816065668455,49.797108901156264,49.7910999865734
地域とのつながり,14217,神奈川県,南足柄市,地方の中心都市,2024,48.35610797984706,52.2202525165005,52.11217477166241
地域とのつながり,14218,神奈川県,綾瀬市,都市部,2023,45.01830782760886,49.834540645330605,50.05673201195414
地域とのつながり,14218,神奈川県,綾瀬市,都市部,2024,32.35966004770383,49.14686424024901,49.2301345198802
地域とのつながり,14218,神奈川県,綾瀬市,都市部,2025,28.966949618897434,49.709896094458166,49.898061372494304
地域とのつながり,14218,神奈川県,綾瀬市,都市部,2026,40.716575888734326,49.435182575356315,49.52849943217301
地域とのつながり,14321,神奈川県,寒川町,都市部,2024,48.530103881254696,47.62458310606702,47.70455302964658
地域とのつながり,14321,神奈川県,寒川町,都市部,2026,46.12090244010663,48.02872315681623,48.11093152683283
地域とのつながり,14401,神奈川県,愛川町,地方の中心都市,2024,46.609708675935806,48.02849808180971,47.80034964810589
地域とのつながり,15100,新潟県,新潟市,都市部,2023,46.49526995062883,45.232226969872215,44.927703194350805
地域とのつながり,15100,新潟県,新潟市,都市部,2024,46.27534295424999,45.0904013989452,44.770939114019015
地域とのつながり,15100,新潟県,新潟市,都市部,2025,49.96546513483202,45.17943485964918,44.78102356977493
地域とのつながり,15100,新潟県,新潟市,都市部,2026,52.26422927250861,45.212538709283514,44.76943785214779
地域とのつながり,15202,新潟県,長岡市,地方の中心都市,2023,41.41789667673186,49.423690372480685,49.605801818306574
地域とのつながり,15202,新潟県,長岡市,地方の中心都市,2024,45.27470120770507,48.81905483718503,48.89889681189045
地域とのつながり,15202,新潟県,長岡市,地方の中心都市,2025,43.23833703105166,49.583401274244636,49.73964959217891
地域とのつながり,15202,新潟県,長岡市,地方の中心都市,2026,46.23177932026906,49.267690110270486,49.38621792536187
地域とのつながり,15204,新潟県,三条市,地方の中心都市,2023,38.80682602339281,50.452541779476356,50.543226549488715
地域とのつながり,15204,新潟県,三条市,地方の中心都市,2024,46.617894776367386,50.055056441078584,50.09820886801978
地域とのつながり,15204,新潟県,三条市,地方の中心都市,2025,44.156044348943084,50.81270456734794,50.90874148876817
地域とのつながり,15204,新潟県,三条市,地方の中心都市,2026,45.930754112288994,50.10549519264444,50.10172935866411
地域とのつながり,15205,新潟県,柏崎市,地方の中心都市,2023,51.50214283115813,49.8535322956033,49.83611891489562
地域とのつながり,15205,新潟県,柏崎市,地方の中心都市,2024,41.292722851600885,49.789951629180116,49.82123700701612
地域とのつながり,15205,新潟県,柏崎市,地方の中心都市,2025,42.24298182518609,48.291047363581846,48.20518559029241
地域とのつながり,15205,新潟県,柏崎市,地方の中心都市,2026,51.632640727437426,49.28162698629302,49.21105928304722
地域とのつながり,15206,新潟県,新発田市,地方の中心都市,2023,41.43952737891685,48.46965078368201,48.42165666215172
地域とのつながり,15206,新潟県,新発田市,地方の中心都市,2024,55.897459441939844,47.81096204563684,47.545096810874334
地域とのつながり,15206,新潟県,新発田市,地方の中心都市,2025,58.33026463785281,48.48711901245462,48.38322903431386
地域とのつながり,15206,新潟県,新発田市,地方の中心都市,2026,45.79480991294673,48.256480129473005,48.12500389980174
地域とのつながり,15208,新潟県,小千谷市,農山村の小都市,2024,66.35562747047315,51.66635891682463,51.848390511354296
地域とのつながり,15209,新潟県,加茂市,農山村の小都市,2024,52.71848754423505,51.64782728076809,51.34546985233842
地域とのつながり,15210,新潟県,十日町市,農山村の小都市,2024,75.41303100110308,51.32079356546253,50.984002344174506
地域とのつながり,15210,新潟県,十日町市,農山村の小都市,2026,54.14538867639855,51.63909949406547,51.32257706444905
地域とのつながり,15211,新潟県,見附市,地方の中心都市,2024,52.38140210822114,51.150207409634234,51.48498162299766
地域とのつながり,15212,新潟県,村上市,農山村の小都市,2023,54.37358038811092,49.94915599264387,49.61387824900466
地域とのつながり,15212,新潟県,村上市,農山村の小都市,2024,63.72880441756186,49.901837079731806,49.56354983495216
地域とのつながり,15212,新潟県,村上市,農山村の小都市,2025,64.78457069454947,48.98145787324569,48.45687974065272
地域とのつながり,15212,新潟県,村上市,農山村の小都市,2026,72.75424163654657,48.651598743890425,48.052200243994776
地域とのつながり,15213,新潟県,燕市,地方の中心都市,2023,47.29651012019325,47.46610384978422,47.71636386107627
地域とのつながり,15213,新潟県,燕市,地方の中心都市,2024,42.92711379919446,46.68301140332263,46.78277723339837
地域とのつながり,15213,新潟県,燕市,地方の中心都市,2025,51.2691000585668,47.02354408827016,47.12757569852593
地域とのつながり,15213,新潟県,燕市,地方の中心都市,2026,44.18737005360429,47.615538507741114,47.75480545873539
地域とのつながり,15216,新潟県,糸魚川市,農山村の小都市,2024,64.45034084306585,49.14920508587572,48.50666928720191
地域とのつながり,15217,新潟県,妙高市,農山村の小都市,2024,68.66362657564122,53.293370698736496,53.59200294609896
地域とのつながり,15218,新潟県,五泉市,農山村の小都市,2024,45.57915861930939,49.81842172868802,50.148033784838354
地域とのつながり,15218,新潟県,五泉市,農山村の小都市,2026,42.66164595748069,48.36464936246438,48.609186292382425
地域とのつながり,15222,新潟県,上越市,地方の中心都市,2023,58.489415242293106,52.04549090098532,52.29030221184263
地域とのつながり,15222,新潟県,上越市,地方の中心都市,2024,58.345695154983886,52.54583444569611,52.785038038185895
地域とのつながり,15222,新潟県,上越市,地方の中心都市,2025,63.660637707284955,51.28884965102398,51.61580957957371
地域とのつながり,15222,新潟県,上越市,地方の中心都市,2026,64.5390071255452,52.173430454048706,52.45942598755463
地域とのつながり,15223,新潟県,阿賀野市,農山村の小都市,2024,43.7579077968824,50.46553848249722,50.0869049196642
地域とのつながり,15224,新潟県,佐渡市,農山村の小都市,2024,53.08318366980807,53.913252930539905,53.58466143434522
地域とのつながり,15224,新潟県,佐渡市,農山村の小都市,2025,51.374832895842246,54.33023953949848,53.87034291344753
地域とのつながり,15224,新潟県,佐渡市,農山村の小都市,2026,53.45452873191038,53.49281272506562,53.203318692313886
地域とのつながり,15225,新潟県,魚沼市,農山村の小都市,2024,62.13452594007167,51.68306205534256,51.443659775212076
地域とのつながり,15226,新潟県,南魚沼市,農山村の小都市,2024,62.41455726096312,54.37981007100389,54.01027012936781
地域とのつながり,15226,新潟県,南魚沼市,農山村の小都市,2025,69.68417000918623,52.71051819774667,52.346935492239524
地域とのつながり,15226,新潟県,南魚沼市,農山村の小都市,2026,68.7455998205882,53.71627598039899,53.35677062010698
地域とのつながり,15342,新潟県,弥彦村,農山村の小都市,2023,49.97319195698568,51.771258090055326,51.7286536219054
地域とのつながり,15385,新潟県,阿賀町,農山村の小都市,2023,60.00137293193565,39.698727216984466,40.28889069635229
地域とのつながり,16201,富山県,富山市,地方の中心都市,2023,48.32367075165146,50.338572402401184,50.5938044701432
地域とのつながり,16201,富山県,富山市,地方の中心都市,2024,39.306446210084395,50.59847824964145,50.71451385874893
地域とのつながり,16201,富山県,富山市,地方の中心都市,2025,56.48758125939929,50.77095431459381,50.871005221970776
地域とのつながり,16201,富山県,富山市,地方の中心都市,2026,47.44410453372049,50.655266014944196,50.83209349789388
地域とのつながり,16202,富山県,高岡市,地方の中心都市,2023,43.00806346647435,49.69148104529188,49.576500149043255
地域とのつながり,16202,富山県,高岡市,地方の中心都市,2024,41.89455845008589,50.21280385360832,50.128212025637254
地域とのつながり,16202,富山県,高岡市,地方の中心都市,2025,35.93539721569804,50.377185674530516,50.21645318765783
地域とのつながり,16202,富山県,高岡市,地方の中心都市,2026,50.788984444369355,50.70646017040232,50.60439695591322
地域とのつながり,16205,富山県,氷見市,農山村の小都市,2024,59.227332581213616,55.419776348609794,55.514054946870985
地域とのつながり,16205,富山県,氷見市,農山村の小都市,2026,73.42511519117824,55.50506727253057,55.6008347040145
地域とのつながり,16207,富山県,黒部市,地方の中心都市,2024,45.23428290477179,46.931277924292004,47.04097887442386
地域とのつながり,16208,富山県,砺波市,地方の中心都市,2024,61.48130488847549,52.48667319797202,51.911522778008795
地域とのつながり,16208,富山県,砺波市,地方の中心都市,2025,61.82628344037714,52.30066980515218,51.80695043884898
地域とのつながり,16208,富山県,砺波市,地方の中心都市,2026,65.59304245305131,52.40057061596356,51.91328107527014
地域とのつながり,16210,富山県,南砺市,農山村の小都市,2024,62.47792105104428,57.03052926360019,56.63925648157484
地域とのつながり,16210,富山県,南砺市,農山村の小都市,2026,60.64650462709693,56.04714970046531,55.68106200515174
地域とのつながり,16211,富山県,射水市,地方の中心都市,2023,56.532522606285724,50.445625313001415,50.51914677145684
地域とのつながり,16211,富山県,射水市,地方の中心都市,2024,62.98664995838508,50.90480440392,50.97042535213011
地域とのつながり,16211,富山県,射水市,地方の中心都市,2025,53.73420431392105,51.00679804848422,51.041035263656056
地域とのつながり,16211,富山県,射水市,地方の中心都市,2026,48.85776343180379,51.339440406603465,51.45991983285658
地域とのつながり,16323,富山県,立山町,農山村の小都市,2023,44.72419060801585,49.93480837434657,50.63860946725663
地域とのつながり,16343,富山県,朝日町,農山村の小都市,2023,61.10118753671443,48.380323577988506,48.69573210734553
地域とのつながり,16343,富山県,朝日町,農山村の小都市,2024,62.261314194039976,47.34584899568686,47.58021728162654
地域とのつながり,17201,石川県,金沢市,都市部,2023,59.55049416066329,51.97915891881397,52.00212225914595
地域とのつながり,17201,石川県,金沢市,都市部,2024,57.56408928480254,51.600887892893596,51.54576838219955
地域とのつながり,17201,石川県,金沢市,都市部,2025,44.702144695588515,52.2494445518913,52.22713403042168
地域とのつながり,17201,石川県,金沢市,都市部,2026,58.41056048633985,51.88101177152425,51.84256321261133
地域とのつながり,17202,石川県,七尾市,農山村の小都市,2024,46.14646005289415,54.04114355932565,54.266549601541875
地域とのつながり,17202,石川県,七尾市,農山村の小都市,2025,60.49756812487753,53.479828434817556,53.68700435440436
地域とのつながり,17202,石川県,七尾市,農山村の小都市,2026,57.4357162382941,53.11876400815984,53.25097424099007
地域とのつながり,17203,石川県,小松市,地方の中心都市,2023,60.30515367889902,53.99433655101254,53.92742543348701
地域とのつながり,17203,石川県,小松市,地方の中心都市,2024,54.1365529203519,53.27427827259596,53.166070512150235
地域とのつながり,17203,石川県,小松市,地方の中心都市,2025,59.83978825087087,53.59883933604197,53.5488599753525
地域とのつながり,17203,石川県,小松市,地方の中心都市,2026,44.71902696751076,54.26267428471385,54.1178322279255
地域とのつながり,17205,石川県,珠洲市,農山村の小都市,2023,98.09811743861016,55.16607836562081,55.128745070396725
地域とのつながり,17206,石川県,加賀市,地方の中心都市,2023,54.6809227406387,47.387074847937335,47.117775790199914
地域とのつながり,17206,石川県,加賀市,地方の中心都市,2024,44.32998221375853,47.16949177896256,46.79265132746481
地域とのつながり,17206,石川県,加賀市,地方の中心都市,2025,43.09870132058683,48.51922116696542,48.44363103943172
地域とのつながり,17206,石川県,加賀市,地方の中心都市,2026,50.976469673861665,47.69936670752054,47.38549911557685
地域とのつながり,17210,石川県,白山市,地方の中心都市,2023,52.2886555260905,53.86791471398461,53.70415146361593
地域とのつながり,17210,石川県,白山市,地方の中心都市,2024,62.89246779920304,54.04663938618104,53.889634971072425
地域とのつながり,17210,石川県,白山市,地方の中心都市,2025,67.3654450154914,53.40904461244252,53.11316842894198
地域とのつながり,17210,石川県,白山市,地方の中心都市,2026,62.7875234118202,54.015292258302274,53.781615155798214
地域とのつながり,17211,石川県,能美市,地方の中心都市,2023,57.586403283783696,53.22353813200617,52.89159681825222
地域とのつながり,17211,石川県,能美市,地方の中心都市,2024,60.72701099179636,52.40256418836398,51.899514281057385
地域とのつながり,17211,石川県,能美市,地方の中心都市,2026,59.34698311301423,53.16370564565881,52.76501496860037
地域とのつながり,17212,石川県,野々市市,都市部,2023,50.35082109655954,49.05066532478112,48.990750054626155
地域とのつながり,17212,石川県,野々市市,都市部,2024,53.02070295596597,48.8799045528989,48.80534780097541
地域とのつながり,17212,石川県,野々市市,都市部,2025,54.0075920485418,50.612939167755684,50.54260204694221
地域とのつながり,17212,石川県,野々市市,都市部,2026,51.82924034394209,49.85173747186118,49.77035340529399
地域とのつながり,17361,石川県,津幡町,地方の中心都市,2024,52.609309031610344,55.10072404217801,55.25481029193746
地域とのつながり,18201,福井県,福井市,地方の中心都市,2023,55.22166992787303,53.77584089440311,53.72201482206888
地域とのつながり,18201,福井県,福井市,地方の中心都市,2024,61.37366175162012,53.79373807681765,53.75138722283732
地域とのつながり,18201,福井県,福井市,地方の中心都市,2025,63.902594714336345,53.650378563537174,53.47004008877874
地域とのつながり,18201,福井県,福井市,地方の中心都市,2026,60.89487215112483,53.99488313763824,53.785110401814094
地域とのつながり,18202,福井県,敦賀市,地方の中心都市,2024,50.64221790968774,54.46320143795454,54.19476279795889
地域とのつながり,18202,福井県,敦賀市,地方の中心都市,2025,46.21967862713961,54.01298328046297,53.82222506675598
地域とのつながり,18202,福井県,敦賀市,地方の中心都市,2026,46.66996590389462,53.44196204318136,53.16687516636949
地域とのつながり,18207,福井県,鯖江市,地方の中心都市,2023,45.35155636281114,55.3692907940425,55.72823104421924
地域とのつながり,18207,福井県,鯖江市,地方の中心都市,2024,55.06250780809219,55.68370974817344,56.08695703991176
地域とのつながり,18207,福井県,鯖江市,地方の中心都市,2025,49.22235994623254,55.6717060004176,56.143806406808515
地域とのつながり,18207,福井県,鯖江市,地方の中心都市,2026,54.02640935349591,55.87535800257991,56.288450353039856
地域とのつながり,18209,福井県,越前市,地方の中心都市,2023,61.71829025207804,56.40117086673314,56.27463006217342
地域とのつながり,18209,福井県,越前市,地方の中心都市,2024,58.81523990015787,56.751995039254865,56.67523782496928
地域とのつながり,18209,福井県,越前市,地方の中心都市,2025,63.34966195053141,56.86599976482767,56.62999053525194
地域とのつながり,18209,福井県,越前市,地方の中心都市,2026,64.53343269160484,56.94525255160118,56.7193051041081
地域とのつながり,18210,福井県,坂井市,地方の中心都市,2024,61.68658409744613,53.840955583928405,53.47887253020849
地域とのつながり,18210,福井県,坂井市,地方の中心都市,2025,67.07250499892564,54.010547264943014,53.668046641491536
地域とのつながり,18210,福井県,坂井市,地方の中心都市,2026,55.40982031839245,53.00896929701348,52.714755847973166
地域とのつながり,19201,山梨県,甲府市,地方の中心都市,2023,52.54622099875013,51.90784813807941,52.13295748335514
地域とのつながり,19201,山梨県,甲府市,地方の中心都市,2024,59.72400210646396,51.73819661612283,51.83915357383982
地域とのつながり,19201,山梨県,甲府市,地方の中心都市,2025,55.909003510706796,52.01991188741829,52.10276957106204
地域とのつながり,19201,山梨県,甲府市,地方の中心都市,2026,49.37727705900985,51.54738773317954,51.67147048596625
地域とのつながり,19202,山梨県,富士吉田市,地方の中心都市,2024,52.83031497086151,55.222294189559186,55.30624683879529
地域とのつながり,19202,山梨県,富士吉田市,地方の中心都市,2026,54.75767364682193,54.9100851091099,55.048592825189054
地域とのつながり,19208,山梨県,南アルプス市,農山村の小都市,2024,55.86904273437116,57.77191340778607,57.90252576248737
地域とのつながり,19208,山梨県,南アルプス市,農山村の小都市,2025,63.001442955943844,58.45183162413908,58.66190852700248
地域とのつながり,19208,山梨県,南アルプス市,農山村の小都市,2026,49.2574084707653,57.96342656493361,58.105599312223845
地域とのつながり,19209,山梨県,北杜市,農山村の小都市,2024,62.20209323225272,50.03571346300019,50.16049029387089
地域とのつながり,19209,山梨県,北杜市,農山村の小都市,2026,48.8539251849366,50.52972501128322,50.629346675810424
地域とのつながり,19210,山梨県,甲斐市,地方の中心都市,2023,45.00863185440926,53.715357983834586,53.610579340714345
地域とのつながり,19210,山梨県,甲斐市,地方の中心都市,2024,50.58484620494784,53.29748568109672,53.138118323176855
地域とのつながり,19210,山梨県,甲斐市,地方の中心都市,2025,49.81519858154724,53.46683253341999,53.283163595919675
地域とのつながり,19210,山梨県,甲斐市,地方の中心都市,2026,70.30660395323572,53.639314138609144,53.493490359690966
地域とのつながり,19211,山梨県,笛吹市,農山村の小都市,2023,55.89210547750829,55.85607102941743,55.94699440458493
地域とのつながり,19211,山梨県,笛吹市,農山村の小都市,2024,47.35006847565527,56.96568446283431,56.87204409610801
地域とのつながり,19211,山梨県,笛吹市,農山村の小都市,2025,46.9216086982092,55.37073714815749,55.43922263985495
地域とのつながり,19211,山梨県,笛吹市,農山村の小都市,2026,31.64373955941337,55.660163706217176,55.783178405968805
地域とのつながり,20201,長野県,長野市,地方の中心都市,2023,48.92167824941356,53.056324575254486,53.24574323723173
地域とのつながり,20201,長野県,長野市,地方の中心都市,2024,41.05553317867115,53.0105699420048,53.17285791431068
地域とのつながり,20201,長野県,長野市,地方の中心都市,2025,46.54079933303537,52.993638211250335,53.178100978807244
地域とのつながり,20201,長野県,長野市,地方の中心都市,2026,49.56995834451181,52.98365658444674,53.16216510609439
地域とのつながり,20202,長野県,松本市,地方の中心都市,2023,61.434764651248614,51.294624792165834,51.2495682252103
地域とのつながり,20202,長野県,松本市,地方の中心都市,2024,66.23184750335984,51.329973024119475,51.199365302143136
地域とのつながり,20202,長野県,松本市,地方の中心都市,2025,38.85049105680677,51.12424939632025,51.07829558249281
地域とのつながり,20202,長野県,松本市,地方の中心都市,2026,62.38225701765832,50.91456479939614,50.82393278150939
地域とのつながり,20203,長野県,上田市,地方の中心都市,2023,51.53579084549258,52.01793467427362,52.10193891257552
地域とのつながり,20203,長野県,上田市,地方の中心都市,2024,45.481080685600986,51.38875741420856,51.502160211282884
地域とのつながり,20203,長野県,上田市,地方の中心都市,2025,50.039645491596545,52.17075395199297,52.154457589595324
地域とのつながり,20203,長野県,上田市,地方の中心都市,2026,45.45121891004172,51.83650719024771,51.98692273614701
地域とのつながり,20204,長野県,岡谷市,地方の中心都市,2024,56.74886345211552,51.53422138959509,51.42786816471066
地域とのつながり,20204,長野県,岡谷市,地方の中心都市,2026,64.08866128069371,52.5215587158447,52.47381394354259
地域とのつながり,20205,長野県,飯田市,農山村の小都市,2024,51.70655624680743,55.627990070599395,55.722696763933996
地域とのつながり,20205,長野県,飯田市,農山村の小都市,2025,51.77366017658835,55.93350970332424,55.96089195935957
地域とのつながり,20205,長野県,飯田市,農山村の小都市,2026,58.09588339924189,55.66225610274169,55.73216936251189
地域とのつながり,20206,長野県,諏訪市,地方の中心都市,2024,50.38523644899976,52.3669911839053,52.21877000535767
地域とのつながり,20206,長野県,諏訪市,地方の中心都市,2026,60.757990704819335,51.66060181212552,51.41970207211115
地域とのつながり,20207,長野県,須坂市,農山村の小都市,2024,51.883588667743204,55.88584600224467,55.801277468368156
地域とのつながり,20207,長野県,須坂市,農山村の小都市,2026,50.569804739732156,55.56369863148126,55.55954770151696
地域とのつながり,20208,長野県,小諸市,地方の中心都市,2024,57.56202071273628,47.85122264254594,48.027427197362094
地域とのつながり,20209,長野県,伊那市,農山村の小都市,2024,52.667931289500814,54.34198775684227,54.670455180609245
地域とのつながり,20209,長野県,伊那市,農山村の小都市,2025,55.92493665238368,53.460233484318984,53.63752781431913
地域とのつながり,20209,長野県,伊那市,農山村の小都市,2026,54.94286063452248,52.68360155433115,52.63299306707928
地域とのつながり,20211,長野県,中野市,農山村の小都市,2024,54.174320138733485,55.06249061243336,55.668279920130985
地域とのつながり,20214,長野県,茅野市,地方の中心都市,2023,54.33549385787832,51.15919528891372,51.47623417381425
地域とのつながり,20214,長野県,茅野市,地方の中心都市,2024,53.708954716424834,51.082011385365746,51.37658047712368
地域とのつながり,20214,長野県,茅野市,地方の中心都市,2025,49.23220545592685,50.70346851772012,50.93285997142961
地域とのつながり,20214,長野県,茅野市,地方の中心都市,2026,63.80051625776268,51.4157869624441,51.62988834151118
地域とのつながり,20215,長野県,塩尻市,地方の中心都市,2023,45.662214212727484,53.7738236832728,53.77549323858042
地域とのつながり,20215,長野県,塩尻市,地方の中心都市,2024,55.98980005204862,52.896309278195055,52.781514297238104
地域とのつながり,20215,長野県,塩尻市,地方の中心都市,2025,52.1705324936772,53.30886743092821,53.186437888100144
地域とのつながり,20215,長野県,塩尻市,地方の中心都市,2026,59.13928888573688,52.94643616587187,52.7320506423575
地域とのつながり,20217,長野県,佐久市,地方の中心都市,2023,66.00790975985072,51.985842882727084,52.26192450453719
地域とのつながり,20217,長野県,佐久市,地方の中心都市,2024,56.00467570277486,51.067012246223875,51.34634008556751
地域とのつながり,20217,長野県,佐久市,地方の中心都市,2025,45.17592514741223,50.49811744172517,50.73093142304125
地域とのつながり,20217,長野県,佐久市,地方の中心都市,2026,60.36397823066673,51.90877622105373,52.16325626880388
地域とのつながり,20218,長野県,千曲市,地方の中心都市,2023,56.76624949856076,52.649203624473145,52.840743760604084
地域とのつながり,20218,長野県,千曲市,地方の中心都市,2024,73.36425238764772,51.870241741193695,52.025067216876
地域とのつながり,20218,長野県,千曲市,地方の中心都市,2025,57.75595853170694,53.33883773195379,53.404304141980255
地域とのつながり,20218,長野県,千曲市,地方の中心都市,2026,56.528917100647185,53.001590969784424,53.071763009862266
地域とのつながり,20220,長野県,安曇野市,地方の中心都市,2023,57.42666564167621,51.58956461049216,51.474763178654676
地域とのつながり,20220,長野県,安曇野市,地方の中心都市,2024,59.03625644019749,52.05785643495107,51.94601616722466
地域とのつながり,20220,長野県,安曇野市,地方の中心都市,2025,59.94566934703325,52.1157265328211,52.07684368536569
地域とのつながり,20220,長野県,安曇野市,地方の中心都市,2026,56.27887058327746,52.04488685349806,51.87510919400209
地域とのつながり,21201,岐阜県,岐阜市,都市部,2023,61.444002779187954,50.348027397892224,50.56331479838315
地域とのつながり,21201,岐阜県,岐阜市,都市部,2024,42.95755214425658,50.0168069830909,50.06157495799985
地域とのつながり,21201,岐阜県,岐阜市,都市部,2025,43.05303424101044,50.36592865004855,50.562371184626194
地域とのつながり,21201,岐阜県,岐阜市,都市部,2026,49.89392354107664,50.50392266247855,50.60295175903324
地域とのつながり,21202,岐阜県,大垣市,地方の中心都市,2023,42.42559701354768,53.023605451794836,52.89583101240574
地域とのつながり,21202,岐阜県,大垣市,地方の中心都市,2024,58.98627694711953,53.019591280792106,52.86463963835838
地域とのつながり,21202,岐阜県,大垣市,地方の中心都市,2025,46.44669401648752,52.77361024817035,52.63373099118019
地域とのつながり,21202,岐阜県,大垣市,地方の中心都市,2026,63.22896967893987,53.3208978668649,53.12301536746317
地域とのつながり,21203,岐阜県,高山市,農山村の小都市,2023,61.66296710993539,53.1416345313926,52.871039276101534
地域とのつながり,21203,岐阜県,高山市,農山村の小都市,2024,68.88543738434767,52.181052704717736,51.95377378924252
地域とのつながり,21203,岐阜県,高山市,農山村の小都市,2025,64.20786591329906,53.014455705339046,52.71731923487889
地域とのつながり,21203,岐阜県,高山市,農山村の小都市,2026,63.649385112695086,53.31221471951328,53.000057363871335
地域とのつながり,21204,岐阜県,多治見市,地方の中心都市,2024,47.456881276223776,52.915862992345204,52.84965633181025
地域とのつながり,21204,岐阜県,多治見市,地方の中心都市,2025,43.09215415257866,52.6493345342193,52.642831995279536
地域とのつながり,21204,岐阜県,多治見市,地方の中心都市,2026,47.043467571827236,52.574190279813365,52.52562244545626
地域とのつながり,21205,岐阜県,関市,地方の中心都市,2023,47.659511005967104,53.44596407635322,53.44706392472801
地域とのつながり,21205,岐阜県,関市,地方の中心都市,2024,51.27511139227117,53.15449929055483,53.07251571306084
地域とのつながり,21205,岐阜県,関市,地方の中心都市,2025,65.65311786455054,52.53082009208499,52.50396838080204
地域とのつながり,21205,岐阜県,関市,地方の中心都市,2026,56.837380511354446,52.72039889128346,52.660428479522125
地域とのつながり,21206,岐阜県,中津川市,農山村の小都市,2024,48.993661600482035,51.77950240206369,51.612400458167144
地域とのつながり,21206,岐阜県,中津川市,農山村の小都市,2025,55.39289222096984,52.282831814372614,52.075069524575724
地域とのつながり,21206,岐阜県,中津川市,農山村の小都市,2026,57.04963326087965,52.9599407419801,52.78776258370747
地域とのつながり,21207,岐阜県,美濃市,農山村の小都市,2023,66.58886518720514,58.54267238835348,58.312871460322285
地域とのつながり,21208,岐阜県,瑞浪市,地方の中心都市,2024,45.15364746811321,48.77082467529415,48.78078991026594
地域とのつながり,21209,岐阜県,羽島市,都市部,2023,24.536020845607915,47.72752678484072,47.74344976963412
地域とのつながり,21209,岐阜県,羽島市,都市部,2024,46.09469582937642,48.20837084193621,48.116731268278855
地域とのつながり,21209,岐阜県,羽島市,都市部,2025,34.78706689303738,48.53325883295367,48.41324624990763
地域とのつながり,21209,岐阜県,羽島市,都市部,2026,33.606661012760085,47.612622656714684,47.50456919909668
地域とのつながり,21210,岐阜県,恵那市,農山村の小都市,2024,61.330201625334986,51.693529134137584,51.173260982638695
地域とのつながり,21210,岐阜県,恵那市,農山村の小都市,2026,55.06680680654598,52.891009286610455,52.38444539007774
地域とのつながり,21211,岐阜県,美濃加茂市,地方の中心都市,2024,49.88656604017463,54.304350363340475,54.2914161943779
地域とのつながり,21211,岐阜県,美濃加茂市,地方の中心都市,2025,40.81681238167713,54.71974396204627,54.740580448579216
地域とのつながり,21211,岐阜県,美濃加茂市,地方の中心都市,2026,43.75642941032554,54.22276072899092,54.2216938456569
地域とのつながり,21212,岐阜県,土岐市,地方の中心都市,2024,51.30841563399201,50.24814150150243,50.73802346709704
地域とのつながり,21212,岐阜県,土岐市,地方の中心都市,2025,50.44258752862675,49.58210120736365,49.95871754851217
地域とのつながり,21212,岐阜県,土岐市,地方の中心都市,2026,49.11880712370452,51.56995862657389,52.00197905405188
地域とのつながり,21213,岐阜県,各務原市,都市部,2023,47.50483408683218,50.16384033295152,49.92756700881037
地域とのつながり,21213,岐阜県,各務原市,都市部,2024,46.947009643545506,50.163703608935094,49.887543595757755
地域とのつながり,21213,岐阜県,各務原市,都市部,2025,61.22303779628881,50.14875576083632,49.85059491349291
地域とのつながり,21213,岐阜県,各務原市,都市部,2026,61.90083921306532,49.74040597675171,49.51397602876723
地域とのつながり,21214,岐阜県,可児市,地方の中心都市,2023,51.445381394946274,52.77840481559513,52.67095750357005
地域とのつながり,21214,岐阜県,可児市,地方の中心都市,2024,64.25370253313007,52.92035387998758,52.75484550466164
地域とのつながり,21214,岐阜県,可児市,地方の中心都市,2025,61.96999619773208,52.977719621356336,52.87402194194514
地域とのつながり,21214,岐阜県,可児市,地方の中心都市,2026,55.46582510340074,53.527066955292554,53.371402357522676
地域とのつながり,21216,岐阜県,瑞穂市,都市部,2024,37.95837463162643,51.10072554953128,50.67746456012754
地域とのつながり,21216,岐阜県,瑞穂市,都市部,2025,44.288083905094524,51.823015252871635,51.37615669126325
地域とのつながり,21216,岐阜県,瑞穂市,都市部,2026,30.231302217772456,52.08214582869922,51.58965492587744
地域とのつながり,21218,岐阜県,本巣市,農山村の小都市,2024,47.70110771992003,55.15489677954807,54.8575820950316
地域とのつながり,21219,岐阜県,郡上市,農山村の小都市,2024,67.18880197555572,53.32700040375438,53.63010989753123
地域とのつながり,21220,岐阜県,下呂市,農山村の小都市,2023,62.66183764222724,51.42901178183711,51.733553966353114
地域とのつながり,21341,岐阜県,養老町,地方の中心都市,2023,41.90289164071932,48.70071425055762,48.99600366856248
地域とのつながり,21341,岐阜県,養老町,地方の中心都市,2024,31.823234513955466,47.77002053514435,47.77234629791468
地域とのつながり,22100,静岡県,静岡市,地方の中心都市,2023,54.66191657684671,50.949055174920844,51.03883119341434
地域とのつながり,22100,静岡県,静岡市,地方の中心都市,2024,55.30836694890161,51.01378176233629,51.029444505620845
地域とのつながり,22100,静岡県,静岡市,地方の中心都市,2025,51.79105798678064,51.33550737940675,51.39326925078772
地域とのつながり,22100,静岡県,静岡市,地方の中心都市,2026,52.66491366467179,51.25437704222279,51.30459770113771
地域とのつながり,22130,静岡県,浜松市,地方の中心都市,2023,57.0828500237216,52.95455500972902,53.23163088998932
地域とのつながり,22130,静岡県,浜松市,地方の中心都市,2024,53.080342397426435,54.278446137438976,54.856577168796
地域とのつながり,22130,静岡県,浜松市,地方の中心都市,2025,51.08333658419117,52.71113317487715,52.875824239967606
地域とのつながり,22130,静岡県,浜松市,地方の中心都市,2026,51.43177208864553,53.103627652286065,53.371287286173505
地域とのつながり,22203,静岡県,沼津市,地方の中心都市,2023,52.207071740924576,49.19732630000922,49.19857287431806
地域とのつながり,22203,静岡県,沼津市,地方の中心都市,2024,38.27362183088526,48.845866697413555,48.734500898136304
地域とのつながり,22203,静岡県,沼津市,地方の中心都市,2025,42.13040123204516,49.177710613262015,49.20112258694004
地域とのつながり,22203,静岡県,沼津市,地方の中心都市,2026,54.1804700352494,49.540549052345156,49.55829355513254
地域とのつながり,22205,静岡県,熱海市,地方の中心都市,2023,48.16477328841697,36.66459910544282,36.48453751131471
地域とのつながり,22205,静岡県,熱海市,地方の中心都市,2024,45.251211067372864,34.89135657325853,35.06119025718681
地域とのつながり,22206,静岡県,三島市,地方の中心都市,2023,62.79591223980152,51.75551621782901,51.79249034989029
地域とのつながり,22206,静岡県,三島市,地方の中心都市,2024,57.21414815689302,51.78169073574762,51.76994495254405
地域とのつながり,22206,静岡県,三島市,地方の中心都市,2025,53.810618906886944,51.16148821559808,51.23531890547167
地域とのつながり,22206,静岡県,三島市,地方の中心都市,2026,62.445991254992265,51.492673128912024,51.52401393336087
地域とのつながり,22207,静岡県,富士宮市,地方の中心都市,2023,54.38638792269077,50.93938944293527,50.74795791178084
地域とのつながり,22207,静岡県,富士宮市,地方の中心都市,2024,59.04078948905139,51.424930036732896,51.25378222372562
地域とのつながり,22207,静岡県,富士宮市,地方の中心都市,2025,50.496160936464065,51.57329056621117,51.45496274708453
地域とのつながり,22207,静岡県,富士宮市,地方の中心都市,2026,70.79890553593653,51.07502971842082,50.8288197908311
地域とのつながり,22208,静岡県,伊東市,地方の中心都市,2024,42.85041282836107,43.9826898632213,44.02363332448452
地域とのつながり,22208,静岡県,伊東市,地方の中心都市,2025,34.34607268679307,44.906928216206346,44.98694187300737
地域とのつながり,22208,静岡県,伊東市,地方の中心都市,2026,41.64400208550021,44.68780186900244,44.78847122912165
地域とのつながり,22209,静岡県,島田市,地方の中心都市,2024,55.49809179811082,52.24864934786259,52.25302395689914
地域とのつながり,22209,静岡県,島田市,地方の中心都市,2025,60.199460785174686,52.20463074765239,52.1365619283482
地域とのつながり,22209,静岡県,島田市,地方の中心都市,2026,54.255602006046416,52.58204090359969,52.61293539040812
地域とのつながり,22210,静岡県,富士市,都市部,2023,43.84062098307248,51.90330349913892,52.06512179326272
地域とのつながり,22210,静岡県,富士市,都市部,2024,54.69063442195741,51.52790851579255,51.65062828544053
地域とのつながり,22210,静岡県,富士市,都市部,2025,40.68999268083468,52.51776498727133,52.725065914528635
地域とのつながり,22210,静岡県,富士市,都市部,2026,46.95133222905663,51.701439863090705,51.73700358820596
地域とのつながり,22211,静岡県,磐田市,都市部,2023,62.700101645067726,49.48014495878163,49.601105205028624
地域とのつながり,22211,静岡県,磐田市,都市部,2024,56.23664745262923,49.1903266218232,49.357867088887176
地域とのつながり,22211,静岡県,磐田市,都市部,2025,60.58609109753708,49.51091846511541,49.56072558531631
地域とのつながり,22211,静岡県,磐田市,都市部,2026,53.3502205257376,49.034549677815185,49.185175684365895
地域とのつながり,22212,静岡県,焼津市,都市部,2023,54.31172218989636,47.61257423099541,47.416667469790625
地域とのつながり,22212,静岡県,焼津市,都市部,2024,55.11579982899072,47.99547832230673,47.75650495049587
地域とのつながり,22212,静岡県,焼津市,都市部,2025,51.86437124583023,48.23050494708352,48.05682165220296
地域とのつながり,22212,静岡県,焼津市,都市部,2026,47.48592507464432,48.05314612696235,47.82300295331155
地域とのつながり,22213,静岡県,掛川市,地方の中心都市,2023,62.01466305785929,52.123753623621084,52.102199566447965
地域とのつながり,22213,静岡県,掛川市,地方の中心都市,2024,59.112109753778306,52.21752843834653,52.24305250162713
地域とのつながり,22213,静岡県,掛川市,地方の中心都市,2025,42.90112647703935,52.05312695825225,52.05864967417358
地域とのつながり,22213,静岡県,掛川市,地方の中心都市,2026,65.57889739649342,52.7394904273381,52.75372780006826
地域とのつながり,22214,静岡県,藤枝市,地方の中心都市,2023,61.38793622056521,53.02032249011777,53.36147677934247
地域とのつながり,22214,静岡県,藤枝市,地方の中心都市,2024,54.77739980919398,52.7219016957634,53.007819122753844
地域とのつながり,22214,静岡県,藤枝市,地方の中心都市,2025,56.67683351449029,52.70654712928294,52.90850782762958
地域とのつながり,22214,静岡県,藤枝市,地方の中心都市,2026,60.65263134328066,52.900098478117705,53.16829962897405
地域とのつながり,22215,静岡県,御殿場市,地方の中心都市,2023,54.83228503858817,49.36090871526239,49.01964271040738
地域とのつながり,22215,静岡県,御殿場市,地方の中心都市,2024,57.22495534093068,50.01837801432953,49.6696431911179
地域とのつながり,22215,静岡県,御殿場市,地方の中心都市,2025,60.49051162731824,50.35406711994982,49.946787620144846
地域とのつながり,22215,静岡県,御殿場市,地方の中心都市,2026,48.50515708636035,49.733508380465,49.35468356565874
地域とのつながり,22216,静岡県,袋井市,都市部,2023,47.94207360849793,50.73511227951746,50.548370078142284
地域とのつながり,22216,静岡県,袋井市,都市部,2024,59.878737061754144,50.35507987728402,50.12614023410412
地域とのつながり,22216,静岡県,袋井市,都市部,2025,54.79713682149136,50.73618737420908,50.50759177608499
地域とのつながり,22216,静岡県,袋井市,都市部,2026,63.976687382007604,50.25390559207698,49.989300999642246
地域とのつながり,22220,静岡県,裾野市,地方の中心都市,2024,63.98081583462791,53.30015993463445,53.17635493755821
地域とのつながり,22220,静岡県,裾野市,地方の中心都市,2025,56.94569945510149,53.46375556141322,53.41658117009625
地域とのつながり,22220,静岡県,裾野市,地方の中心都市,2026,48.13138245474388,53.155680883834805,53.091545637930246
地域とのつながり,22221,静岡県,湖西市,地方の中心都市,2024,55.214808445485765,50.04387122430752,49.768785614343244
地域とのつながり,22221,静岡県,湖西市,地方の中心都市,2025,55.55468206381575,49.334195398697666,49.087575811575086
地域とのつながり,22221,静岡県,湖西市,地方の中心都市,2026,64.98543556331586,49.52425690214894,49.299560941943234
地域とのつながり,22223,静岡県,御前崎市,地方の中心都市,2023,47.507565039613056,48.56737924027947,48.72863827053091
地域とのつながり,22224,静岡県,菊川市,地方の中心都市,2024,55.75516876214938,51.65035801535437,51.39550738212539
地域とのつながり,22224,静岡県,菊川市,地方の中心都市,2026,70.65228245035459,51.94311859885546,51.66143445267555
地域とのつながり,22225,静岡県,伊豆の国市,地方の中心都市,2024,51.02738128712972,50.594240703944486,50.561876384277355
地域とのつながり,22225,静岡県,伊豆の国市,地方の中心都市,2026,48.7771882161827,50.214762368867724,50.25045294526639
地域とのつながり,22226,静岡県,牧之原市,農山村の小都市,2024,53.962724122328424,51.34067894525157,51.33606474341407
地域とのつながり,22325,静岡県,函南町,地方の中心都市,2023,49.40642127976632,51.14978986696513,51.08604224214948
地域とのつながり,22325,静岡県,函南町,地方の中心都市,2024,39.78417438464125,51.56108112728739,51.3737617226318
地域とのつながり,22342,静岡県,長泉町,都市部,2024,62.70229763445151,53.96814421445026,53.567543180203835
地域とのつながり,23100,愛知県,名古屋市,都市部,2023,44.025314451706194,48.237236644866556,48.493520858190145
地域とのつながり,23100,愛知県,名古屋市,都市部,2024,45.630553742498236,48.30611140855542,48.54025660488712
地域とのつながり,23100,愛知県,名古屋市,都市部,2025,49.794074505764854,48.3272159178331,48.46487104651014
地域とのつながり,23100,愛知県,名古屋市,都市部,2026,45.92907958258838,48.32411006599026,48.54350478427172
地域とのつながり,23201,愛知県,豊橋市,都市部,2023,46.92006075764924,48.12630534082554,48.19529856815821
地域とのつながり,23201,愛知県,豊橋市,都市部,2024,55.834826338038816,48.52668460141352,48.58737494466378
地域とのつながり,23201,愛知県,豊橋市,都市部,2025,49.12609310932234,48.3301990814402,48.34011047712398
地域とのつながり,23201,愛知県,豊橋市,都市部,2026,44.925601776253856,48.23145427597175,48.34010431582247
地域とのつながり,23202,愛知県,岡崎市,都市部,2023,56.273023120751105,55.08127972390525,54.903396606139914
地域とのつながり,23202,愛知県,岡崎市,都市部,2024,59.98838567374105,54.72468265762685,54.474053876181436
地域とのつながり,23202,愛知県,岡崎市,都市部,2025,55.849745416919255,55.107068712048,54.910133234264165
地域とのつながり,23202,愛知県,岡崎市,都市部,2026,51.34648241134442,54.53039154070166,54.23404917164713
地域とのつながり,23203,愛知県,一宮市,都市部,2023,45.603653654969314,50.161978130869024,50.4113476772828
地域とのつながり,23203,愛知県,一宮市,都市部,2024,34.96048602298945,49.88222622954866,50.07067770343515
地域とのつながり,23203,愛知県,一宮市,都市部,2025,38.00392669088508,50.27497168658088,50.469567172211
地域とのつながり,23203,愛知県,一宮市,都市部,2026,38.852639004653696,49.761884698683225,49.90894666547218
地域とのつながり,23204,愛知県,瀬戸市,地方の中心都市,2024,47.92212742326742,52.04495773656878,52.04535419041
地域とのつながり,23204,愛知県,瀬戸市,地方の中心都市,2025,39.16221099766436,52.515710326014634,52.593143721997855
地域とのつながり,23204,愛知県,瀬戸市,地方の中心都市,2026,36.54500776030212,51.81953541766538,51.79398492463713
地域とのつながり,23205,愛知県,半田市,都市部,2023,50.25211838769238,47.02466926838987,46.86312420279796
地域とのつながり,23205,愛知県,半田市,都市部,2024,31.52574030679313,47.666199603217976,47.56030220349275
地域とのつながり,23205,愛知県,半田市,都市部,2025,51.61295335047231,47.20423950270242,47.165334579585206
地域とのつながり,23205,愛知県,半田市,都市部,2026,48.97790128904675,47.156172727963245,46.98438151939268
地域とのつながり,23206,愛知県,春日井市,都市部,2024,35.70710552977755,50.02848590470089,50.11011650459672
地域とのつながり,23206,愛知県,春日井市,都市部,2025,35.92418508518553,50.5222585694631,50.5845200347184
地域とのつながり,23206,愛知県,春日井市,都市部,2026,41.39664808451307,50.95586204431505,51.08311855246602
地域とのつながり,23207,愛知県,豊川市,都市部,2023,41.01428493504638,52.48032082226063,52.41324135291272
地域とのつながり,23207,愛知県,豊川市,都市部,2024,49.72383695400575,52.15638946483191,52.033228416304134
地域とのつながり,23207,愛知県,豊川市,都市部,2025,55.54960946028431,52.35482093987202,52.20220070502775
地域とのつながり,23207,愛知県,豊川市,都市部,2026,45.586933014962476,52.44634807210373,52.35153207500997
地域とのつながり,23208,愛知県,津島市,都市部,2023,42.75667158675289,47.9514996055737,48.019692134813894
地域とのつながり,23208,愛知県,津島市,都市部,2024,32.41148199322324,46.935458654064014,47.03853727154341
地域とのつながり,23208,愛知県,津島市,都市部,2025,38.3754320357359,46.923670353193934,47.039870552055696
地域とのつながり,23208,愛知県,津島市,都市部,2026,32.98360642944307,46.99163752153036,47.133707572046376
地域とのつながり,23209,愛知県,碧南市,都市部,2024,57.725047332057684,46.98869376825239,46.94899620180428
地域とのつながり,23209,愛知県,碧南市,都市部,2025,47.24151506292583,46.317948679138375,46.20544289108564
地域とのつながり,23209,愛知県,碧南市,都市部,2026,50.30205854211363,47.085071374228285,46.96059977925647
地域とのつながり,23210,愛知県,刈谷市,都市部,2023,42.18460576559285,48.09541320068737,48.15926357743208
地域とのつながり,23210,愛知県,刈谷市,都市部,2024,46.68362094583695,48.63585778708856,48.65889478188019
地域とのつながり,23210,愛知県,刈谷市,都市部,2025,52.07875820399086,48.40885936777295,48.41066802963056
地域とのつながり,23210,愛知県,刈谷市,都市部,2026,56.341998893700826,48.388984085330506,48.38293446218074
地域とのつながり,23211,愛知県,豊田市,都市部,2023,51.366366901466456,51.07685384382309,50.84653020926607
地域とのつながり,23211,愛知県,豊田市,都市部,2024,47.33196693257773,50.59248428607679,50.31245627239507
地域とのつながり,23211,愛知県,豊田市,都市部,2025,63.837153057628015,50.33334854768497,50.00968423626727
地域とのつながり,23211,愛知県,豊田市,都市部,2026,54.189686867734096,50.125688751051605,49.79676110469993
地域とのつながり,23212,愛知県,安城市,都市部,2023,54.007576549464304,49.11639598105762,49.05689416894567
地域とのつながり,23212,愛知県,安城市,都市部,2024,52.71100168852514,48.834855471027645,48.75105085225884
地域とのつながり,23212,愛知県,安城市,都市部,2025,53.94007510553964,48.63869325548532,48.53428132137682
地域とのつながり,23212,愛知県,安城市,都市部,2026,52.4797497821859,48.55353249806741,48.49104810520187
地域とのつながり,23213,愛知県,西尾市,都市部,2023,64.03604112733886,50.68625137522665,50.650469985495846
地域とのつながり,23213,愛知県,西尾市,都市部,2024,45.42223338989301,50.79793452273651,50.73210573591603
地域とのつながり,23213,愛知県,西尾市,都市部,2025,52.83569471079997,50.511843884520424,50.363148866394916
地域とのつながり,23213,愛知県,西尾市,都市部,2026,49.90882143552522,50.1740727014974,50.122110490077944
地域とのつながり,23214,愛知県,蒲郡市,地方の中心都市,2023,44.32909409329979,50.06452859353259,49.78464058873792
地域とのつながり,23214,愛知県,蒲郡市,地方の中心都市,2024,49.260037108455926,49.36518539528903,49.09021752595206
地域とのつながり,23214,愛知県,蒲郡市,地方の中心都市,2025,52.823045229604155,49.350308476508204,49.071470969372555
地域とのつながり,23214,愛知県,蒲郡市,地方の中心都市,2026,44.21236700955633,49.586745767437286,49.31273089727755
地域とのつながり,23215,愛知県,犬山市,地方の中心都市,2023,49.16080705098688,51.38119966753051,51.425870894755214
地域とのつながり,23215,愛知県,犬山市,地方の中心都市,2024,53.44478446702166,51.32633912143705,51.308611965389034
地域とのつながり,23215,愛知県,犬山市,地方の中心都市,2025,56.7706310524652,51.06362976412701,51.04677024127166
地域とのつながり,23215,愛知県,犬山市,地方の中心都市,2026,62.93865740903281,51.3212116279842,51.26523570349872
地域とのつながり,23216,愛知県,常滑市,都市部,2023,41.20745220957177,44.875316897548586,44.89326233433782
地域とのつながり,23216,愛知県,常滑市,都市部,2024,47.709493718565156,44.79687620745536,44.757325224080475
地域とのつながり,23216,愛知県,常滑市,都市部,2025,40.61890170846324,44.09238738459592,44.06427188569554
地域とのつながり,23216,愛知県,常滑市,都市部,2026,31.899041623068822,44.378900724656525,44.35810577973338
地域とのつながり,23217,愛知県,江南市,都市部,2023,46.56148808265695,49.477636020351184,49.476757835974
地域とのつながり,23217,愛知県,江南市,都市部,2024,35.479666491695184,49.12943362922225,49.07776184552289
地域とのつながり,23217,愛知県,江南市,都市部,2025,35.54986428262742,49.293560744727,49.20523197810873
地域とのつながり,23217,愛知県,江南市,都市部,2026,51.27787854133002,49.2918250704196,49.270041463952296
地域とのつながり,23219,愛知県,小牧市,都市部,2023,43.16084513883085,48.03108542592256,48.28401954501439
地域とのつながり,23219,愛知県,小牧市,都市部,2024,33.19422665594935,48.56604817995315,48.64964269975381
地域とのつながり,23219,愛知県,小牧市,都市部,2025,41.54640696863814,48.334766415936606,48.51830354546388
地域とのつながり,23219,愛知県,小牧市,都市部,2026,40.95585865443693,47.801309187922584,47.96777236874648
地域とのつながり,23220,愛知県,稲沢市,都市部,2023,36.591163951994446,49.12263840404979,49.140423569495056
地域とのつながり,23220,愛知県,稲沢市,都市部,2024,49.46867812374946,48.88466073678218,48.87486446921414
地域とのつながり,23220,愛知県,稲沢市,都市部,2025,38.287885442488346,49.200048498964726,49.13644832767836
地域とのつながり,23220,愛知県,稲沢市,都市部,2026,40.049384914275635,49.203087395063505,49.113921202013
地域とのつながり,23221,愛知県,新城市,農山村の小都市,2024,50.11872376231531,53.87660309588935,53.894447481109864
地域とのつながり,23222,愛知県,東海市,都市部,2023,34.64958475572696,47.51901437947171,47.62830021231444
地域とのつながり,23222,愛知県,東海市,都市部,2024,48.822219931317996,47.21860965353854,47.314194083490456
地域とのつながり,23222,愛知県,東海市,都市部,2025,41.87034350051855,47.15795907818059,47.29605725678481
地域とのつながり,23222,愛知県,東海市,都市部,2026,30.03429236045937,47.0824390263015,47.13507111766124
地域とのつながり,23223,愛知県,大府市,都市部,2023,53.28300727190043,51.2805449025561,51.391048449676
地域とのつながり,23223,愛知県,大府市,都市部,2024,50.24337148719312,50.826922858633,50.805419472307406
地域とのつながり,23223,愛知県,大府市,都市部,2025,60.01356415801219,50.812883617777736,50.94922156384601
地域とのつながり,23223,愛知県,大府市,都市部,2026,54.88622155793413,50.99274114313699,51.09539271375301
地域とのつながり,23224,愛知県,知多市,都市部,2024,42.74569938575559,47.729458617836634,47.69647754563898
地域とのつながり,23224,愛知県,知多市,都市部,2025,37.00503001562582,48.646884207413784,48.680233076974744
地域とのつながり,23224,愛知県,知多市,都市部,2026,53.14805190447611,48.48747944006353,48.555217421731406
地域とのつながり,23225,愛知県,知立市,都市部,2024,44.521303518879286,49.961999196373284,50.05081174712674
地域とのつながり,23225,愛知県,知立市,都市部,2025,44.44404248042799,50.43838805910773,50.51490689547595
地域とのつながり,23225,愛知県,知立市,都市部,2026,47.2125393685554,49.308958992167646,49.45787322561317
地域とのつながり,23226,愛知県,尾張旭市,都市部,2023,44.0178408685078,51.73918420260575,51.750019943593244
地域とのつながり,23226,愛知県,尾張旭市,都市部,2024,54.773572739318524,51.6894944464541,51.64769007015394
地域とのつながり,23226,愛知県,尾張旭市,都市部,2025,53.7509581729691,51.20622020040435,51.2378790503933
地域とのつながり,23226,愛知県,尾張旭市,都市部,2026,48.32000386882163,51.91784498741213,51.94122537686046
地域とのつながり,23227,愛知県,高浜市,都市部,2024,37.148382869634844,51.09898329498596,50.93136507263462
地域とのつながり,23227,愛知県,高浜市,都市部,2026,44.56557686197707,51.52536034598826,51.284616023420824
地域とのつながり,23228,愛知県,岩倉市,都市部,2024,36.268302759683955,51.78054506164023,51.56730798811251
地域とのつながり,23228,愛知県,岩倉市,都市部,2026,50.008698020391904,50.92568969017229,50.42014770650858
地域とのつながり,23229,愛知県,豊明市,都市部,2024,37.83992670860358,48.61487995919233,48.793422128694814
地域とのつながり,23229,愛知県,豊明市,都市部,2025,37.59468545404907,49.44289463638527,49.49043235854137
地域とのつながり,23229,愛知県,豊明市,都市部,2026,45.912180581696795,50.07107708491705,50.189691757918
地域とのつながり,23230,愛知県,日進市,都市部,2023,54.89894320607794,55.96781499793137,56.32657563687077
地域とのつながり,23230,愛知県,日進市,都市部,2024,44.4842648557451,55.48849127926215,55.78143916277403
地域とのつながり,23230,愛知県,日進市,都市部,2025,51.100069476349105,55.60804071018057,55.87049895435879
地域とのつながり,23230,愛知県,日進市,都市部,2026,61.799575064544484,55.52745489274266,55.79719144247555
地域とのつながり,23231,愛知県,田原市,農山村の小都市,2024,56.255491986121875,54.854133511498965,54.086317671452
地域とのつながり,23231,愛知県,田原市,農山村の小都市,2025,64.60597305485051,55.1555702024823,54.277359804815774
地域とのつながり,23231,愛知県,田原市,農山村の小都市,2026,51.66340850893502,55.16023592388209,54.313006663395086
地域とのつながり,23232,愛知県,愛西市,地方の中心都市,2023,34.0026295663052,48.868560414979505,48.35278966545623
地域とのつながり,23232,愛知県,愛西市,地方の中心都市,2024,37.09725520013481,48.964725795951956,48.39297543898343
地域とのつながり,23232,愛知県,愛西市,地方の中心都市,2025,32.94514985515788,48.0453171940317,47.64219694987703
地域とのつながり,23232,愛知県,愛西市,地方の中心都市,2026,37.17455480368136,48.2669724542679,47.90891885153973
地域とのつながり,23233,愛知県,清須市,都市部,2024,38.74544067600047,52.72752155558912,52.36515428423611
地域とのつながり,23233,愛知県,清須市,都市部,2025,38.383070206449744,52.816073932816316,52.54664334122714
地域とのつながり,23233,愛知県,清須市,都市部,2026,50.76125886022629,52.56745510632837,52.23410277387201
地域とのつながり,23234,愛知県,北名古屋市,都市部,2024,51.07757517521202,50.81805317230341,50.88881129688525
地域とのつながり,23234,愛知県,北名古屋市,都市部,2025,40.131551132360975,50.56632406657552,50.62516374412586
地域とのつながり,23234,愛知県,北名古屋市,都市部,2026,48.396679027918495,51.56843973325477,51.56598149752398
地域とのつながり,23235,愛知県,弥富市,都市部,2024,34.60368125689351,46.355604095416346,46.110082468243725
地域とのつながり,23236,愛知県,みよし市,都市部,2024,53.74049675050789,50.38996056898646,50.21889399003217
地域とのつながり,23236,愛知県,みよし市,都市部,2025,55.083226997681386,50.36113095390929,50.149453670664606
地域とのつながり,23236,愛知県,みよし市,都市部,2026,51.6762462876447,50.039383087243586,49.77399501465722
地域とのつながり,23237,愛知県,あま市,都市部,2023,32.56084746051331,50.808812800741514,50.876153619358774
地域とのつながり,23237,愛知県,あま市,都市部,2024,36.838125714402764,50.38345369969661,50.35795644307113
地域とのつながり,23237,愛知県,あま市,都市部,2025,36.10186165641066,50.160076567634185,50.05073947622713
地域とのつながり,23237,愛知県,あま市,都市部,2026,34.87091703653754,50.43358287924653,50.333848597671576
地域とのつながり,23238,愛知県,長久手市,都市部,2023,70.01681575713505,56.093050679477,56.11037865526451
地域とのつながり,23238,愛知県,長久手市,都市部,2024,53.3702799204274,55.74753671135094,55.71102682749466
地域とのつながり,23238,愛知県,長久手市,都市部,2025,65.51916377975726,55.64804385460759,55.64677604571966
地域とのつながり,23238,愛知県,長久手市,都市部,2026,57.45937293728834,55.84927026031801,55.85679515398963
地域とのつながり,23302,愛知県,東郷町,都市部,2024,48.139483393220516,52.3795745016602,52.55159385242975
地域とのつながり,23425,愛知県,蟹江町,都市部,2024,46.83685725692514,48.076507874976116,47.72740924564944
地域とのつながり,23442,愛知県,東浦町,都市部,2024,49.8095893529464,47.38606589115654,47.14305468340616
地域とのつながり,23442,愛知県,東浦町,都市部,2026,45.28527229577904,48.67913515172991,48.25116767367836
地域とのつながり,23447,愛知県,武豊町,都市部,2024,57.94948442933858,48.5670663795217,48.49665731811125
地域とのつながり,23501,愛知県,幸田町,都市部,2024,58.14649285488794,55.6016472743504,55.67179792279006
地域とのつながり,24201,三重県,津市,地方の中心都市,2023,39.38728493504639,51.783239207542316,51.99807968180528
地域とのつながり,24201,三重県,津市,地方の中心都市,2024,45.96191042191088,52.24846263420423,52.539923710326846
地域とのつながり,24201,三重県,津市,地方の中心都市,2025,45.272030230218434,52.0020217996447,52.20864690195606
地域とのつながり,24201,三重県,津市,地方の中心都市,2026,58.0824548961612,51.936647628675374,52.11159344707314
地域とのつながり,24202,三重県,四日市市,都市部,2023,33.543584946849,47.85696799501732,47.98355640890743
地域とのつながり,24202,三重県,四日市市,都市部,2024,44.57894420028497,47.648534848655146,47.78410774408887
地域とのつながり,24202,三重県,四日市市,都市部,2025,52.491923423740715,47.70998017715977,47.71969433599183
地域とのつながり,24202,三重県,四日市市,都市部,2026,55.81369343620331,47.82354670918685,47.86558010459488
地域とのつながり,24203,三重県,伊勢市,地方の中心都市,2023,68.51534716754327,50.458680743570724,50.540100567301025
地域とのつながり,24203,三重県,伊勢市,地方の中心都市,2024,52.26144046175965,50.43589201768414,50.43940152837736
地域とのつながり,24203,三重県,伊勢市,地方の中心都市,2025,52.033896528252384,49.64157637660522,49.743673752984
地域とのつながり,24203,三重県,伊勢市,地方の中心都市,2026,44.36897891669837,50.05185490090914,50.07506379043488
地域とのつながり,24204,三重県,松阪市,地方の中心都市,2024,45.152136685630644,51.92023028354413,52.09150509515056
地域とのつながり,24204,三重県,松阪市,地方の中心都市,2025,48.364693614417554,52.29255702097158,52.465832151725905
地域とのつながり,24204,三重県,松阪市,地方の中心都市,2026,53.00997651381026,52.360291921539186,52.497354189435825
地域とのつながり,24205,三重県,桑名市,都市部,2023,50.47568037253564,50.21764039554807,50.30631852526036
地域とのつながり,24205,三重県,桑名市,都市部,2024,59.939143338433645,49.88048055549567,49.91066847467161
地域とのつながり,24205,三重県,桑名市,都市部,2025,34.64156184065544,50.52546112693914,50.46672277942516
地域とのつながり,24205,三重県,桑名市,都市部,2026,56.71080002137056,50.532042274852905,50.54208941091753
地域とのつながり,24207,三重県,鈴鹿市,都市部,2023,53.47079370027417,50.12442997822168,49.96475485204654
地域とのつながり,24207,三重県,鈴鹿市,都市部,2024,51.347350214966475,50.46757682567509,50.330781876173425
地域とのつながり,24207,三重県,鈴鹿市,都市部,2025,42.47090691558394,50.89875771128395,50.87454094633709
地域とのつながり,24207,三重県,鈴鹿市,都市部,2026,53.638381896078734,50.70437123707189,50.558498082508066
地域とのつながり,24208,三重県,名張市,地方の中心都市,2023,47.923006308021264,53.5736869585609,53.63120476520286
地域とのつながり,24208,三重県,名張市,地方の中心都市,2024,41.764884552584384,53.65579033229623,53.611289304213685
地域とのつながり,24208,三重県,名張市,地方の中心都市,2025,47.92806510473686,52.95862426819768,52.968327297070765
地域とのつながり,24208,三重県,名張市,地方の中心都市,2026,39.15867507144364,53.19325959611485,53.286236686219944
地域とのつながり,24210,三重県,亀山市,地方の中心都市,2024,55.898266756699904,55.00432348801709,55.018767489209736
地域とのつながり,24210,三重県,亀山市,地方の中心都市,2025,49.07170877296044,55.51974045560522,55.55373084348231
地域とのつながり,24210,三重県,亀山市,地方の中心都市,2026,60.36576886916442,55.727935724611186,55.808917651503904
地域とのつながり,24214,三重県,いなべ市,地方の中心都市,2024,54.121760120971125,52.76062086056908,52.53201804810063
地域とのつながり,24214,三重県,いなべ市,地方の中心都市,2026,57.10309873285472,52.339214788115754,52.01895703682385
地域とのつながり,24215,三重県,志摩市,農山村の小都市,2024,47.103061777718516,48.613089474249904,48.64461047347128
地域とのつながり,24215,三重県,志摩市,農山村の小都市,2026,62.17037788463709,47.42334571886445,47.07245197904747
地域とのつながり,24216,三重県,伊賀市,地方の中心都市,2023,37.14051736254508,53.99421574269663,54.20049276619484
地域とのつながり,24216,三重県,伊賀市,地方の中心都市,2024,48.117973830707115,52.898412034151875,53.15164585714658
地域とのつながり,24216,三重県,伊賀市,地方の中心都市,2025,48.65387058046732,53.86736821879055,54.03498886037604
地域とのつながり,24216,三重県,伊賀市,地方の中心都市,2026,56.52864907138421,53.46497608330774,53.65833010052764
地域とのつながり,24341,三重県,菰野町,地方の中心都市,2024,64.5148159793258,53.75634532759389,53.645444090195724
地域とのつながり,24441,三重県,多気町,農山村の小都市,2023,59.844824602316265,58.2017957373038,58.241472070521105
地域とのつながり,24441,三重県,多気町,農山村の小都市,2024,78.49654628234529,56.246160445475766,56.33522644612348
地域とのつながり,24442,三重県,明和町,地方の中心都市,2023,53.10915485589027,48.01891838730026,47.632616014424556
地域とのつながり,24442,三重県,明和町,地方の中心都市,2024,40.66238605929281,51.344042361183796,51.408021167481515
地域とのつながり,24543,三重県,紀北町,農山村の小都市,2023,60.72859027680398,47.24735801324057,47.46806917113394
地域とのつながり,24543,三重県,紀北町,農山村の小都市,2024,14.27706277870444,48.35358833194185,48.52381242720782
地域とのつながり,25201,滋賀県,大津市,地方の中心都市,2023,31.93070802985109,56.24137121530099,56.52221188575686
地域とのつながり,25201,滋賀県,大津市,地方の中心都市,2024,60.432122061551205,56.18741152946845,56.43798320058816
地域とのつながり,25201,滋賀県,大津市,地方の中心都市,2025,44.059664771287764,56.401337101674116,56.599327013986326
地域とのつながり,25201,滋賀県,大津市,地方の中心都市,2026,49.562683664461645,56.00113004334671,56.2829267387879
地域とのつながり,25202,滋賀県,彦根市,地方の中心都市,2023,44.815452549426084,55.47344996854988,55.5620247333715
地域とのつながり,25202,滋賀県,彦根市,地方の中心都市,2024,51.29066403027783,55.24609874159674,55.27710463504072
地域とのつながり,25202,滋賀県,彦根市,地方の中心都市,2025,50.92425083729092,54.90297445129979,54.95426640559621
地域とのつながり,25202,滋賀県,彦根市,地方の中心都市,2026,48.37699249161196,55.223629675828434,55.25075088535557
地域とのつながり,25203,滋賀県,長浜市,地方の中心都市,2023,53.48796648719477,57.80840905351608,57.61427149960993
地域とのつながり,25203,滋賀県,長浜市,地方の中心都市,2024,57.60744194967549,58.45127331646844,58.23643220286827
地域とのつながり,25203,滋賀県,長浜市,地方の中心都市,2025,68.19083391923006,58.15601173813671,57.93958286664558
地域とのつながり,25203,滋賀県,長浜市,地方の中心都市,2026,41.803084632411405,58.0055573128877,57.80890452083065
地域とのつながり,25204,滋賀県,近江八幡市,地方の中心都市,2023,55.50133511911262,57.256462797083245,57.49310138029343
地域とのつながり,25204,滋賀県,近江八幡市,地方の中心都市,2024,46.20006208306119,57.5513864221206,57.83611934036727
地域とのつながり,25204,滋賀県,近江八幡市,地方の中心都市,2025,56.79585912905116,57.0798771972402,57.19864559224262
地域とのつながり,25204,滋賀県,近江八幡市,地方の中心都市,2026,46.51716286653254,57.04919180959853,57.133940716068516
地域とのつながり,25206,滋賀県,草津市,都市部,2023,63.421490690037906,53.36901762488248,53.31487001702952
地域とのつながり,25206,滋賀県,草津市,都市部,2024,44.99928802210945,53.46088063587872,53.26511835158286
地域とのつながり,25206,滋賀県,草津市,都市部,2025,64.86305316928119,53.79404788809969,53.67664229382855
地域とのつながり,25206,滋賀県,草津市,都市部,2026,53.57385266076509,53.53275894404965,53.48910002662134
地域とのつながり,25207,滋賀県,守山市,都市部,2023,62.45708054432343,55.30598483754683,55.39654298880888
地域とのつながり,25207,滋賀県,守山市,都市部,2024,58.69332576179856,55.33210170280292,55.2467013662036
地域とのつながり,25207,滋賀県,守山市,都市部,2025,54.512890432856366,55.32169181040813,55.32379213775905
地域とのつながり,25207,滋賀県,守山市,都市部,2026,59.564301263656944,55.7587658633984,55.76776889316625
地域とのつながり,25208,滋賀県,栗東市,都市部,2023,45.11558303341998,57.20103060447455,57.706449984055766
地域とのつながり,25208,滋賀県,栗東市,都市部,2024,55.987635485393774,57.118840837040366,57.575622500151454
地域とのつながり,25208,滋賀県,栗東市,都市部,2025,42.50552222620435,57.81535745767838,58.223463236241436
地域とのつながり,25208,滋賀県,栗東市,都市部,2026,47.786656193816874,57.99618306838182,58.410452615861985
地域とのつながり,25209,滋賀県,甲賀市,地方の中心都市,2023,48.70262898135788,54.32235716314896,54.31232959571243
地域とのつながり,25209,滋賀県,甲賀市,地方の中心都市,2024,49.86006160331217,54.369376200710256,54.37157707526253
地域とのつながり,25209,滋賀県,甲賀市,地方の中心都市,2025,60.65382706746087,54.749472334122586,54.8396138649367
地域とのつながり,25209,滋賀県,甲賀市,地方の中心都市,2026,44.804017900512825,54.99043042692008,55.05159925360878
地域とのつながり,25210,滋賀県,野洲市,地方の中心都市,2024,53.60624129184786,54.94401270519297,54.80069987295068
地域とのつながり,25210,滋賀県,野洲市,地方の中心都市,2025,51.105926497029344,55.3462485925347,55.17523058797862
地域とのつながり,25210,滋賀県,野洲市,地方の中心都市,2026,45.13292236401695,55.68523395159669,55.5962031124875
地域とのつながり,25211,滋賀県,湖南市,地方の中心都市,2023,40.889939536027526,53.745447229134065,53.43682891803153
地域とのつながり,25211,滋賀県,湖南市,地方の中心都市,2024,53.92569141310084,54.08509178906248,53.72759385280767
地域とのつながり,25211,滋賀県,湖南市,地方の中心都市,2025,44.991022441672705,53.623664601433944,53.25460803514974
地域とのつながり,25211,滋賀県,湖南市,地方の中心都市,2026,41.85375722517301,53.43247494181777,53.079762351868524
地域とのつながり,25212,滋賀県,高島市,農山村の小都市,2024,58.30357378972034,55.63737260753379,55.581571056508515
地域とのつながり,25212,滋賀県,高島市,農山村の小都市,2026,55.59322479620359,54.34965435003391,54.431155015291
地域とのつながり,25213,滋賀県,東近江市,地方の中心都市,2023,48.767936323009174,55.574968337043344,55.804036232807064
地域とのつながり,25213,滋賀県,東近江市,地方の中心都市,2024,38.17863036598622,55.28095878737841,55.46720512977271
地域とのつながり,25213,滋賀県,東近江市,地方の中心都市,2025,46.361598267412944,55.85255930281436,56.003693744855056
地域とのつながり,25213,滋賀県,東近江市,地方の中心都市,2026,47.46157666434247,55.914905330462254,56.09155947146777
地域とのつながり,25214,滋賀県,米原市,地方の中心都市,2024,49.27584160630229,59.37732627971675,59.36351760326162
地域とのつながり,26100,京都府,京都市,都市部,2023,47.56691364325704,51.94555003845595,52.325504675250514
地域とのつながり,26100,京都府,京都市,都市部,2024,48.22321968143413,51.72934962579155,52.05053698737446
地域とのつながり,26100,京都府,京都市,都市部,2025,54.52509168286021,52.026487095727106,52.297538153006386
地域とのつながり,26100,京都府,京都市,都市部,2026,49.15795176686619,52.04307492968658,52.34862853836732
地域とのつながり,26201,京都府,福知山市,地方の中心都市,2023,62.69345503042767,52.2323283378481,52.42386568814798
地域とのつながり,26201,京都府,福知山市,地方の中心都市,2024,40.05716080654027,52.28682581682091,52.36049782283904
地域とのつながり,26201,京都府,福知山市,地方の中心都市,2025,49.57818305642336,52.09170656836692,52.21882706696432
地域とのつながり,26201,京都府,福知山市,地方の中心都市,2026,47.94943723092343,52.826469070560826,52.976798154285135
地域とのつながり,26202,京都府,舞鶴市,地方の中心都市,2023,34.09222654505523,51.31104941068024,51.51401304072234
地域とのつながり,26202,京都府,舞鶴市,地方の中心都市,2024,43.51404001749381,51.007292599140136,51.19366195097
地域とのつながり,26202,京都府,舞鶴市,地方の中心都市,2025,39.810814543006195,50.85546664063561,50.95716228043194
地域とのつながり,26202,京都府,舞鶴市,地方の中心都市,2026,43.894322736058776,50.77922618217313,50.99191268266114
地域とのつながり,26204,京都府,宇治市,地方の中心都市,2023,44.67798209155385,52.96125414938436,53.13480810134551
地域とのつながり,26204,京都府,宇治市,地方の中心都市,2024,52.53466430956723,52.33330007994919,52.387920718038266
地域とのつながり,26204,京都府,宇治市,地方の中心都市,2025,56.548262202168736,52.77202539810285,52.891515976547325
地域とのつながり,26204,京都府,宇治市,地方の中心都市,2026,54.44719189596676,52.67009483004911,52.72325535431138
地域とのつながり,26206,京都府,亀岡市,地方の中心都市,2024,46.79252468559906,54.43237332402591,54.21388634449844
地域とのつながり,26206,京都府,亀岡市,地方の中心都市,2025,47.77119634524606,54.446876136626045,54.26375708741078
地域とのつながり,26206,京都府,亀岡市,地方の中心都市,2026,49.34416577364908,54.33640088958592,54.08693029015384
地域とのつながり,26207,京都府,城陽市,地方の中心都市,2023,38.71665102872103,50.84338035409721,50.7047129953576
地域とのつながり,26207,京都府,城陽市,地方の中心都市,2024,44.58793505136606,50.177708483242725,49.83392205508024
地域とのつながり,26207,京都府,城陽市,地方の中心都市,2025,43.0605670844263,50.77690523712743,50.59165842425699
地域とのつながり,26207,京都府,城陽市,地方の中心都市,2026,53.03951354358015,50.985910957992495,50.755954893748076
地域とのつながり,26208,京都府,向日市,都市部,2024,48.04558533184832,53.50241440760553,53.2950073606256
地域とのつながり,26208,京都府,向日市,都市部,2025,38.57353166298515,53.32091690004222,53.207521575014866
地域とのつながり,26208,京都府,向日市,都市部,2026,44.09376166747626,54.08023717470113,53.91579841030549
地域とのつながり,26209,京都府,長岡京市,都市部,2024,46.384203331662185,54.98132253019367,54.69503775745719
地域とのつながり,26209,京都府,長岡京市,都市部,2025,67.260506632686,55.522676633347906,55.36248190039819
地域とのつながり,26209,京都府,長岡京市,都市部,2026,68.56643544884285,55.29346224368689,55.09857769247153
地域とのつながり,26210,京都府,八幡市,都市部,2024,58.716344011115275,46.254423441713975,46.24478019256309
地域とのつながり,26210,京都府,八幡市,都市部,2025,54.104885205102654,47.21303076782656,47.0649693509953
地域とのつながり,26210,京都府,八幡市,都市部,2026,51.64310400985634,46.92253976735117,46.88700718153122
地域とのつながり,26211,京都府,京田辺市,都市部,2023,59.24011127374247,52.41425798410731,52.249404246849465
地域とのつながり,26211,京都府,京田辺市,都市部,2024,60.12126178292189,52.781344091088755,52.631325399245455
地域とのつながり,26211,京都府,京田辺市,都市部,2025,62.24671800650029,52.43730045586487,52.17412705728147
地域とのつながり,26211,京都府,京田辺市,都市部,2026,54.792244872242435,52.381267126061,52.19218414025568
地域とのつながり,26212,京都府,京丹後市,農山村の小都市,2023,71.53942778134179,56.48442816059092,56.285064403706016
地域とのつながり,26212,京都府,京丹後市,農山村の小都市,2024,63.98092387390602,57.15528405366571,56.87746998477628
地域とのつながり,26212,京都府,京丹後市,農山村の小都市,2025,59.51645922829406,56.19730831327499,56.022611417730744
地域とのつながり,26212,京都府,京丹後市,農山村の小都市,2026,55.36894437068596,56.93475260061908,56.70224063243385
地域とのつながり,26214,京都府,木津川市,地方の中心都市,2024,55.63689546108136,56.185400465246985,56.085701270701165
地域とのつながり,26214,京都府,木津川市,地方の中心都市,2025,51.088515261386846,55.58698531186657,55.50702429187523
地域とのつながり,26214,京都府,木津川市,地方の中心都市,2026,67.92477081278909,55.48226859290105,55.416573956698926
地域とのつながり,26366,京都府,精華町,地方の中心都市,2024,57.540979834969384,54.136775529441685,53.857453409498056
地域とのつながり,27100,大阪府,大阪市,都市部,2023,42.48657948252886,45.36218671255446,46.61183838649152
地域とのつながり,27100,大阪府,大阪市,都市部,2024,45.22856309913796,45.43847172042196,46.56552290998081
地域とのつながり,27100,大阪府,大阪市,都市部,2025,41.560932365628744,45.713000898277734,46.987927384626
地域とのつながり,27100,大阪府,大阪市,都市部,2026,43.66677173448395,45.85958703938843,47.12555437932732
地域とのつながり,27140,大阪府,堺市,都市部,2023,49.22048454889217,47.20980759296204,47.07052083573217
地域とのつながり,27140,大阪府,堺市,都市部,2024,49.417183790389,48.77825531472308,48.543140794536214
地域とのつながり,27140,大阪府,堺市,都市部,2025,48.54162463051834,47.5796251199504,47.33375205517204
地域とのつながり,27140,大阪府,堺市,都市部,2026,48.93055204804411,47.57808392724629,47.33529488190054
地域とのつながり,27202,大阪府,岸和田市,都市部,2024,38.735685380983604,49.22869890408997,48.96009605543194
地域とのつながり,27202,大阪府,岸和田市,都市部,2025,41.02452002174772,49.290418886234896,48.900647828769436
地域とのつながり,27202,大阪府,岸和田市,都市部,2026,49.89414960896431,49.28956354972164,48.975419789776815
地域とのつながり,27203,大阪府,豊中市,都市部,2023,58.37991151074017,49.450901009143834,49.458506687333156
地域とのつながり,27203,大阪府,豊中市,都市部,2024,52.636547719773375,49.42797081321523,49.37944777803146
地域とのつながり,27203,大阪府,豊中市,都市部,2025,51.94206425799648,49.778766085253686,49.776449373504526
地域とのつながり,27203,大阪府,豊中市,都市部,2026,54.87148073981509,49.57616853210182,49.53171922271638
地域とのつながり,27204,大阪府,池田市,都市部,2023,57.45136823673479,50.76013393665209,50.77572048845478
地域とのつながり,27204,大阪府,池田市,都市部,2024,56.70925627590289,50.57004176953604,50.48825922524017
地域とのつながり,27204,大阪府,池田市,都市部,2025,53.29888001552448,51.21195543367008,51.23493395912584
地域とのつながり,27204,大阪府,池田市,都市部,2026,58.653948660057985,50.756019049012245,50.612459880077594
地域とのつながり,27205,大阪府,吹田市,都市部,2023,52.528442387024704,51.013622971671445,50.89591885041183
地域とのつながり,27205,大阪府,吹田市,都市部,2024,60.79676794460531,51.193702190693706,51.050798101640524
地域とのつながり,27205,大阪府,吹田市,都市部,2025,65.3650284308063,51.162941170466354,51.039967922869565
地域とのつながり,27205,大阪府,吹田市,都市部,2026,60.51531343559878,51.10374699080778,51.007044610829304
地域とのつながり,27206,大阪府,泉大津市,都市部,2023,43.39682022838892,47.57841572343453,47.698085968459665
地域とのつながり,27206,大阪府,泉大津市,都市部,2024,44.023344879284316,47.30111870733679,47.31737687963864
地域とのつながり,27206,大阪府,泉大津市,都市部,2025,57.0140731100796,47.92765809172472,48.01867931665167
地域とのつながり,27206,大阪府,泉大津市,都市部,2026,45.55906720244236,47.39428080731818,47.438453760858515
地域とのつながり,27207,大阪府,高槻市,都市部,2023,59.40664769530139,52.88106936791183,52.81780382631008
地域とのつながり,27207,大阪府,高槻市,都市部,2024,61.23327629059958,52.957895208540116,52.80645302571257
地域とのつながり,27207,大阪府,高槻市,都市部,2025,46.686624585617224,52.9922592462857,52.90356130553365
地域とのつながり,27207,大阪府,高槻市,都市部,2026,57.51426708267839,53.111791698164055,52.96105121191622
地域とのつながり,27208,大阪府,貝塚市,地方の中心都市,2023,49.15233841306483,50.298753284148525,50.42056929316279
地域とのつながり,27208,大阪府,貝塚市,地方の中心都市,2024,52.24385085866979,49.9524600628291,49.92094249851937
地域とのつながり,27208,大阪府,貝塚市,地方の中心都市,2025,43.29259927047361,50.36545557129099,50.4770998219222
地域とのつながり,27208,大阪府,貝塚市,地方の中心都市,2026,42.01556504108046,49.956170516189125,49.936710498703164
地域とのつながり,27209,大阪府,守口市,都市部,2023,33.60786202940093,47.54147344072533,47.89723532875821
地域とのつながり,27209,大阪府,守口市,都市部,2024,40.36935958441849,47.774992940674615,48.009506641461016
地域とのつながり,27209,大阪府,守口市,都市部,2025,38.7123590648813,47.28316301739954,47.54431746992073
地域とのつながり,27209,大阪府,守口市,都市部,2026,37.14669346684558,47.550430260400404,47.782388518888055
地域とのつながり,27210,大阪府,枚方市,都市部,2023,51.80555317697464,50.81246336913959,50.905232698486294
地域とのつながり,27210,大阪府,枚方市,都市部,2024,59.244981264376996,50.75582595721887,50.726722354500666
地域とのつながり,27210,大阪府,枚方市,都市部,2025,59.337082634056124,50.86953194807261,50.81862354528131
地域とのつながり,27210,大阪府,枚方市,都市部,2026,58.785046889891454,51.17212618514088,51.16508330952974
地域とのつながり,27211,大阪府,茨木市,都市部,2023,47.31485496539938,52.989658301682724,53.12039914842204
地域とのつながり,27211,大阪府,茨木市,都市部,2024,59.4638104859762,53.1083390708355,53.15207316053627
地域とのつながり,27211,大阪府,茨木市,都市部,2025,58.381702442454724,53.09283490151023,53.16058220966753
地域とのつながり,27211,大阪府,茨木市,都市部,2026,57.249618364716866,53.151858923172284,53.29908194467915
地域とのつながり,27212,大阪府,八尾市,都市部,2023,51.531886799509884,48.37734140099536,48.56874065824091
地域とのつながり,27212,大阪府,八尾市,都市部,2024,51.815434164522514,48.79837454503024,48.839303806631946
地域とのつながり,27212,大阪府,八尾市,都市部,2025,51.47407229915005,49.04827614375308,49.059891828217694
地域とのつながり,27212,大阪府,八尾市,都市部,2026,53.77634883115981,49.07523237961044,49.11047623773873
地域とのつながり,27213,大阪府,泉佐野市,都市部,2023,44.15364539207429,48.573079086312376,48.50617459308432
地域とのつながり,27213,大阪府,泉佐野市,都市部,2024,46.194393840211866,48.93313800550086,48.85294226061062
地域とのつながり,27213,大阪府,泉佐野市,都市部,2025,51.93736056336281,48.1734921186584,47.91189190169176
地域とのつながり,27213,大阪府,泉佐野市,都市部,2026,46.10417505756466,48.905272885146815,48.710765193928395
地域とのつながり,27214,大阪府,富田林市,都市部,2023,52.818543333181424,46.267442987423,46.27410807244138
地域とのつながり,27214,大阪府,富田林市,都市部,2024,52.77347545326931,45.33417158396712,45.29966690568646
地域とのつながり,27214,大阪府,富田林市,都市部,2025,50.4241535228217,45.20384880381325,45.14619944999087
地域とのつながり,27214,大阪府,富田林市,都市部,2026,48.86557309818541,46.111167143714916,46.09570856614812
地域とのつながり,27215,大阪府,寝屋川市,都市部,2024,52.06915516091791,48.121946188708854,48.00374190997109
地域とのつながり,27215,大阪府,寝屋川市,都市部,2025,45.13839050577627,48.425992453756805,48.32094915682131
地域とのつながり,27215,大阪府,寝屋川市,都市部,2026,45.15558331680596,48.37795848101462,48.18536163436643
地域とのつながり,27216,大阪府,河内長野市,地方の中心都市,2023,59.35616005276027,52.15637841417417,52.177421933905784
地域とのつながり,27216,大阪府,河内長野市,地方の中心都市,2024,60.59873930029651,50.972321581592446,50.971051638401626
地域とのつながり,27216,大阪府,河内長野市,地方の中心都市,2025,53.73345416003153,50.72807922052281,50.71073575453829
地域とのつながり,27216,大阪府,河内長野市,地方の中心都市,2026,46.377651694171895,51.562556947383236,51.59333126962588
地域とのつながり,27217,大阪府,松原市,都市部,2024,29.871921647919933,47.10893406584631,47.00172610711634
地域とのつながり,27217,大阪府,松原市,都市部,2025,39.013068777781506,46.93779499247022,46.66089976472518
地域とのつながり,27217,大阪府,松原市,都市部,2026,45.68528682753964,47.47701360076731,47.24723573813713
地域とのつながり,27218,大阪府,大東市,都市部,2023,51.66216969057516,49.34411073795721,49.39402250834609
地域とのつながり,27218,大阪府,大東市,都市部,2024,28.215249252627068,49.41071981831974,49.391867935423974
地域とのつながり,27218,大阪府,大東市,都市部,2025,29.436954871647654,49.406189230571435,49.389260325053364
地域とのつながり,27218,大阪府,大東市,都市部,2026,38.37606687608189,49.3271238881436,49.28030842198337
地域とのつながり,27219,大阪府,和泉市,都市部,2023,49.57833720316155,52.72277363948542,52.78379518595648
地域とのつながり,27219,大阪府,和泉市,都市部,2024,38.17122998226426,53.57686178675336,53.58304922686868
地域とのつながり,27219,大阪府,和泉市,都市部,2025,39.45189057290749,53.18237617507216,53.20496155897729
地域とのつながり,27219,大阪府,和泉市,都市部,2026,41.455676408344345,53.00899438367238,53.05974096961222
地域とのつながり,27220,大阪府,箕面市,都市部,2023,74.83634450577244,55.571671356832915,55.21446260377379
地域とのつながり,27220,大阪府,箕面市,都市部,2024,64.23525459328033,54.97556417299843,54.51085789314684
地域とのつながり,27220,大阪府,箕面市,都市部,2025,73.10962766728608,55.90481388398962,55.42982419556912
地域とのつながり,27220,大阪府,箕面市,都市部,2026,74.58589493382085,56.13541411217477,55.69948480892991
地域とのつながり,27221,大阪府,柏原市,地方の中心都市,2023,40.4045541555014,49.951479335994456,50.09402636951698
地域とのつながり,27221,大阪府,柏原市,地方の中心都市,2024,48.450554002947634,49.52843131258747,49.563662981929475
地域とのつながり,27221,大阪府,柏原市,地方の中心都市,2025,31.857373634361558,49.49991162747397,49.57476791481616
地域とのつながり,27221,大阪府,柏原市,地方の中心都市,2026,45.19205939684419,49.87030898780716,49.97707643478732
地域とのつながり,27222,大阪府,羽曳野市,都市部,2023,45.976359156910476,47.17208990443436,46.92569379918652
地域とのつながり,27222,大阪府,羽曳野市,都市部,2024,50.149181600752954,47.49954681316187,47.19994773691754
地域とのつながり,27222,大阪府,羽曳野市,都市部,2025,39.13341691525508,47.48650240839451,47.1188864480922
地域とのつながり,27222,大阪府,羽曳野市,都市部,2026,48.82372099387575,48.01062129023378,47.651589353488795
地域とのつながり,27223,大阪府,門真市,都市部,2023,24.923251338867267,43.51986366229926,43.813122404937474
地域とのつながり,27223,大阪府,門真市,都市部,2024,22.545709392275132,43.86660787158909,44.0267424313227
地域とのつながり,27223,大阪府,門真市,都市部,2025,25.782450487432754,43.71817767089417,43.91762935772907
地域とのつながり,27223,大阪府,門真市,都市部,2026,27.784948853252462,43.707938923744635,43.91445880728075
地域とのつながり,27224,大阪府,摂津市,都市部,2024,40.34437521591859,47.92627264752311,47.91989309187909
地域とのつながり,27224,大阪府,摂津市,都市部,2025,49.01794473933205,47.90095608824616,47.91065690204912
地域とのつながり,27224,大阪府,摂津市,都市部,2026,29.556307641924978,48.463432099518364,48.51915358293087
地域とのつながり,27225,大阪府,高石市,都市部,2024,46.806963752274164,46.90443138094919,46.81369026668746
地域とのつながり,27225,大阪府,高石市,都市部,2025,49.230427705571486,46.60677615105095,46.5750630842572
地域とのつながり,27225,大阪府,高石市,都市部,2026,45.303080692156946,46.72636965280259,46.710841248417545
地域とのつながり,27226,大阪府,藤井寺市,都市部,2024,52.7388879847925,48.447273885944746,48.335352341028575
地域とのつながり,27226,大阪府,藤井寺市,都市部,2025,35.88257288388086,48.761450370460665,48.5998858483041
地域とのつながり,27226,大阪府,藤井寺市,都市部,2026,44.89884239983269,49.39416108179485,49.253835683981606
地域とのつながり,27227,大阪府,東大阪市,都市部,2023,37.190571632410055,48.49212200710286,48.94384804740149
地域とのつながり,27227,大阪府,東大阪市,都市部,2024,48.96995745774183,49.08473591670068,49.41007455869275
地域とのつながり,27227,大阪府,東大阪市,都市部,2025,40.09254753661286,49.198767938341675,49.57595683354897
地域とのつながり,27227,大阪府,東大阪市,都市部,2026,37.54890399280586,49.14576536373306,49.5745917440286
地域とのつながり,27228,大阪府,泉南市,地方の中心都市,2023,44.40009145750461,50.87751299400832,51.22576322569802
地域とのつながり,27228,大阪府,泉南市,地方の中心都市,2024,36.80439014520431,50.0084008824234,50.22125225283422
地域とのつながり,27228,大阪府,泉南市,地方の中心都市,2025,28.280348353856077,51.29266646178839,51.65490495325603
地域とのつながり,27228,大阪府,泉南市,地方の中心都市,2026,38.41078401754892,50.642735025786266,50.85094325790944
地域とのつながり,27229,大阪府,四條畷市,地方の中心都市,2023,41.98572010719901,52.73465406750245,52.76248406023122
地域とのつながり,27229,大阪府,四條畷市,地方の中心都市,2024,50.97312449761383,53.069890369569755,53.152727414575416
地域とのつながり,27229,大阪府,四條畷市,地方の中心都市,2025,57.908435724138826,52.10760534162244,51.90260726576476
地域とのつながり,27229,大阪府,四條畷市,地方の中心都市,2026,43.17228503218165,52.5764176468549,52.43844394365972
地域とのつながり,27230,大阪府,交野市,地方の中心都市,2024,63.78488577488011,54.86179869366841,54.54274383055017
地域とのつながり,27230,大阪府,交野市,地方の中心都市,2025,60.86489938505056,54.30299928973801,54.0709817169358
地域とのつながり,27230,大阪府,交野市,地方の中心都市,2026,65.54519208129666,54.19976814860628,54.01127053014479
地域とのつながり,27231,大阪府,大阪狭山市,都市部,2023,61.54197413193766,49.85418833959176,49.562628752863375
地域とのつながり,27231,大阪府,大阪狭山市,都市部,2024,65.82816406574919,48.94001315943437,48.64162590885291
地域とのつながり,27231,大阪府,大阪狭山市,都市部,2025,62.9422970224306,50.00226460179778,49.59425783032083
地域とのつながり,27231,大阪府,大阪狭山市,都市部,2026,64.22071858574813,50.189240509416436,49.797963724502694
地域とのつながり,27232,大阪府,阪南市,地方の中心都市,2023,54.36743244404223,51.350229200225314,51.0533521837184
地域とのつながり,27232,大阪府,阪南市,地方の中心都市,2024,48.58075411763155,51.51949464377612,51.136411595115945
地域とのつながり,27232,大阪府,阪南市,地方の中心都市,2025,39.4047056337198,51.77596463943007,51.49721502671613
地域とのつながり,27232,大阪府,阪南市,地方の中心都市,2026,45.95037665272499,51.31227751203933,50.9334991823179
地域とのつながり,27321,大阪府,豊能町,農山村の小都市,2023,62.76535143148885,55.223768913184735,54.62593604354714
地域とのつながり,27321,大阪府,豊能町,農山村の小都市,2024,65.5190994663813,54.06150097853638,53.39527156688753
地域とのつながり,27361,大阪府,熊取町,地方の中心都市,2024,58.14352809951581,52.817828102856225,52.824984068789284
地域とのつながり,28100,兵庫県,神戸市,都市部,2023,52.91917690348005,50.33303820167639,50.45766968519509
地域とのつながり,28100,兵庫県,神戸市,都市部,2024,53.046396063501014,50.11854276871085,50.16823719072109
地域とのつながり,28100,兵庫県,神戸市,都市部,2025,51.21484712826078,50.324926772161604,50.445886529917736
地域とのつながり,28100,兵庫県,神戸市,都市部,2026,50.582649207863625,50.437460592432416,50.585009326709894
地域とのつながり,28201,兵庫県,姫路市,都市部,2023,55.75883636459346,51.66211862512409,51.32218985880125
地域とのつながり,28201,兵庫県,姫路市,都市部,2024,56.233663298516745,51.48149020501529,51.051296215902894
地域とのつながり,28201,兵庫県,姫路市,都市部,2025,57.729415675516094,51.43772358484924,50.979322762960344
地域とのつながり,28201,兵庫県,姫路市,都市部,2026,62.531129924760656,51.19885737652383,50.59531851988692
地域とのつながり,28202,兵庫県,尼崎市,都市部,2023,50.50101341145905,47.21267908803979,47.49181274540528
地域とのつながり,28202,兵庫県,尼崎市,都市部,2024,37.6083576358193,47.57697131526826,47.72024020651399
地域とのつながり,28202,兵庫県,尼崎市,都市部,2025,46.259607676079824,47.948120900391,48.183106180771645
地域とのつながり,28202,兵庫県,尼崎市,都市部,2026,47.440773351002335,47.818846049504906,48.034831821508874
地域とのつながり,28203,兵庫県,明石市,都市部,2023,55.58679868410479,49.20758357708242,49.078599221287995
地域とのつながり,28203,兵庫県,明石市,都市部,2024,61.60618722233084,49.43443926775572,49.23925211812632
地域とのつながり,28203,兵庫県,明石市,都市部,2025,66.9217809844464,49.54842381134841,49.324272432455906
地域とのつながり,28203,兵庫県,明石市,都市部,2026,53.05261934642315,49.375255534153915,49.12636177003144
地域とのつながり,28204,兵庫県,西宮市,都市部,2023,66.64964669526219,53.09416691763178,52.74077827242847
地域とのつながり,28204,兵庫県,西宮市,都市部,2024,57.16555619973187,53.24295158493691,52.919946598414434
地域とのつながり,28204,兵庫県,西宮市,都市部,2025,56.07954702792479,52.95305449491118,52.59194407519129
地域とのつながり,28204,兵庫県,西宮市,都市部,2026,64.47232560747597,53.145800458379256,52.74490084146595
地域とのつながり,28205,兵庫県,洲本市,農山村の小都市,2023,49.78942645052946,50.98655995526832,51.18561902890043
地域とのつながり,28205,兵庫県,洲本市,農山村の小都市,2024,42.11647022211258,51.9733277059762,52.109189445025244
地域とのつながり,28206,兵庫県,芦屋市,都市部,2023,48.56634326026156,52.136934265669595,52.356314791481374
地域とのつながり,28206,兵庫県,芦屋市,都市部,2024,53.06900461894969,52.09930039369744,52.244166409666875
地域とのつながり,28206,兵庫県,芦屋市,都市部,2025,71.1115549602472,52.12129611086483,52.32423430587939
地域とのつながり,28206,兵庫県,芦屋市,都市部,2026,55.44917951942836,51.96985195007891,52.21552261879732
地域とのつながり,28207,兵庫県,伊丹市,都市部,2023,58.437873927186814,49.660471572371776,49.62531319628892
地域とのつながり,28207,兵庫県,伊丹市,都市部,2024,60.33101879928148,49.75649622958777,49.702295065536234
地域とのつながり,28207,兵庫県,伊丹市,都市部,2025,63.37241590707222,50.18590935347803,50.11039268164963
地域とのつながり,28207,兵庫県,伊丹市,都市部,2026,60.12321558048267,50.25750619427517,50.156975594912154
地域とのつながり,28209,兵庫県,豊岡市,農山村の小都市,2024,66.55272944366479,56.65489405878242,56.86063524291493
地域とのつながり,28209,兵庫県,豊岡市,農山村の小都市,2025,57.935711441624704,57.50973484377392,57.702061790274364
地域とのつながり,28209,兵庫県,豊岡市,農山村の小都市,2026,46.699264586884944,57.36688905810958,57.55638538891486
地域とのつながり,28210,兵庫県,加古川市,都市部,2023,50.973894437518034,49.47848933572141,49.576837458686576
地域とのつながり,28210,兵庫県,加古川市,都市部,2024,47.104014963979324,49.38947245768542,49.47769338076514
地域とのつながり,28210,兵庫県,加古川市,都市部,2025,41.00790825689705,49.7518052913246,49.87662923660333
地域とのつながり,28210,兵庫県,加古川市,都市部,2026,48.04814962364082,50.092861800307205,50.160803144988826
地域とのつながり,28212,兵庫県,赤穂市,地方の中心都市,2024,51.347135201146806,51.33373402875617,51.4373391532813
地域とのつながり,28212,兵庫県,赤穂市,地方の中心都市,2026,50.935177605330814,51.08050544422606,51.15514120003255
地域とのつながり,28214,兵庫県,宝塚市,都市部,2023,48.12621901607023,54.58991213607477,54.876411518501165
地域とのつながり,28214,兵庫県,宝塚市,都市部,2024,52.79598367426677,53.83932616009636,54.173974170897324
地域とのつながり,28214,兵庫県,宝塚市,都市部,2025,63.82355389212432,54.17653101979788,54.403088753196
地域とのつながり,28214,兵庫県,宝塚市,都市部,2026,56.51361441927057,54.212141319960594,54.53989132968601
地域とのつながり,28215,兵庫県,三木市,地方の中心都市,2024,48.79893658782354,47.04848224143881,47.10692018506358
地域とのつながり,28215,兵庫県,三木市,地方の中心都市,2025,33.96720941580557,47.33477015171741,47.52559985812657
地域とのつながり,28215,兵庫県,三木市,地方の中心都市,2026,50.228047041502016,47.33764436850043,47.394289573080506
地域とのつながり,28216,兵庫県,高砂市,都市部,2023,41.24455591992266,47.681249385242076,47.698834092461226
地域とのつながり,28216,兵庫県,高砂市,都市部,2024,44.871994599073446,47.47250425773653,47.40932437382891
地域とのつながり,28216,兵庫県,高砂市,都市部,2025,52.87410698512706,47.36250044869004,47.28879990111096
地域とのつながり,28216,兵庫県,高砂市,都市部,2026,41.85330537960768,47.064833182895946,46.82185039530374
地域とのつながり,28217,兵庫県,川西市,地方の中心都市,2023,53.809707734610704,51.46245245352491,51.44105840228243
地域とのつながり,28217,兵庫県,川西市,地方の中心都市,2024,49.67693305378454,52.12664643395263,52.02472906893369
地域とのつながり,28217,兵庫県,川西市,地方の中心都市,2025,49.222023900149914,52.09203575742451,52.06845358041123
地域とのつながり,28217,兵庫県,川西市,地方の中心都市,2026,54.18754142332359,52.47339979302157,52.3998341582584
地域とのつながり,28218,兵庫県,小野市,地方の中心都市,2024,47.85091024747699,49.66735744080835,49.69935994812413
地域とのつながり,28218,兵庫県,小野市,地方の中心都市,2026,39.192578261219005,49.678451087850874,49.68256036803653
地域とのつながり,28219,兵庫県,三田市,地方の中心都市,2023,63.47268587258466,55.07069165033835,55.13204658840398
地域とのつながり,28219,兵庫県,三田市,地方の中心都市,2024,65.28409794099807,54.68747242710667,54.763901681166374
地域とのつながり,28219,兵庫県,三田市,地方の中心都市,2025,63.73016502812017,54.95128376132277,55.16593639928946
地域とのつながり,28219,兵庫県,三田市,地方の中心都市,2026,66.34866571016711,54.08802440823265,54.30501117975725
地域とのつながり,28220,兵庫県,加西市,地方の中心都市,2023,53.66760114637538,50.32958023801202,50.406440155139805
地域とのつながり,28220,兵庫県,加西市,地方の中心都市,2024,47.749762492131445,48.964082505511286,48.98433320449051
地域とのつながり,28222,兵庫県,養父市,農山村の小都市,2023,75.84483182235108,56.06034118546006,55.77482203417401
地域とのつながり,28222,兵庫県,養父市,農山村の小都市,2024,65.39012663155209,55.509215067074535,55.261275311681786
地域とのつながり,28223,兵庫県,丹波市,農山村の小都市,2023,58.10045338324634,57.18633420135407,57.24026014243823
地域とのつながり,28223,兵庫県,丹波市,農山村の小都市,2024,58.543441806428056,57.126359210215476,57.11883514102401
地域とのつながり,28223,兵庫県,丹波市,農山村の小都市,2025,57.14010306671676,57.28541166448359,57.39745339928129
地域とのつながり,28223,兵庫県,丹波市,農山村の小都市,2026,61.21527510876966,57.81096712400914,57.93348522206844
地域とのつながり,28224,兵庫県,南あわじ市,農山村の小都市,2024,49.39943768405194,55.42455496604946,55.06598127538101
地域とのつながり,28224,兵庫県,南あわじ市,農山村の小都市,2026,41.86967486484861,55.87602399077907,55.60047136042302
地域とのつながり,28226,兵庫県,淡路市,農山村の小都市,2024,51.958185941982265,49.19297510366222,49.398092583008115
地域とのつながり,28228,兵庫県,加東市,地方の中心都市,2024,58.70194444459166,50.132424978116156,50.16969915654714
地域とのつながり,28229,兵庫県,たつの市,地方の中心都市,2023,56.834139256554096,52.589060647829264,52.61122688635288
地域とのつながり,28229,兵庫県,たつの市,地方の中心都市,2024,59.816377394932495,52.774189007058204,52.771523827904865
地域とのつながり,28229,兵庫県,たつの市,地方の中心都市,2025,51.97913779407124,52.77357530300104,52.76772979754594
地域とのつながり,28229,兵庫県,たつの市,地方の中心都市,2026,57.304064160646185,52.40030902194933,52.39069063281829
地域とのつながり,28301,兵庫県,猪名川町,地方の中心都市,2023,57.14401725585499,56.37842582310973,56.42698857697619
地域とのつながり,28365,兵庫県,多可町,農山村の小都市,2023,59.24296092660638,58.19989957716402,57.89850058301697
地域とのつながり,29201,奈良県,奈良市,地方の中心都市,2023,51.63918157942257,51.23119778497662,51.20440827251125
地域とのつながり,29201,奈良県,奈良市,地方の中心都市,2024,42.75575767000456,51.40806340962915,51.38040496471274
地域とのつながり,29201,奈良県,奈良市,地方の中心都市,2025,52.37254669395414,51.28608392088166,51.17841630726996
地域とのつながり,29201,奈良県,奈良市,地方の中心都市,2026,58.46975123079182,51.24735485382054,51.13036849561162
地域とのつながり,29202,奈良県,大和高田市,地方の中心都市,2024,40.696719214484204,46.92195887451391,46.7566130289364
地域とのつながり,29202,奈良県,大和高田市,地方の中心都市,2025,24.53818214083389,46.72020975382202,46.52696074740936
地域とのつながり,29202,奈良県,大和高田市,地方の中心都市,2026,37.917089120227494,46.40929149311484,46.09871990116126
地域とのつながり,29203,奈良県,大和郡山市,地方の中心都市,2024,47.494123521098075,48.927589464828635,48.562528478453046
地域とのつながり,29203,奈良県,大和郡山市,地方の中心都市,2025,51.5236743960004,48.513045500926296,48.15359471099307
地域とのつながり,29203,奈良県,大和郡山市,地方の中心都市,2026,51.168769142607616,48.42865094698474,48.11514688075316
地域とのつながり,29204,奈良県,天理市,地方の中心都市,2023,64.28864309395311,49.97536829526681,49.69548107797558
地域とのつながり,29204,奈良県,天理市,地方の中心都市,2024,48.94937266964038,51.670847209848496,51.57988613006194
地域とのつながり,29204,奈良県,天理市,地方の中心都市,2025,53.12003649358433,50.039339146613564,49.69842812368798
地域とのつながり,29204,奈良県,天理市,地方の中心都市,2026,53.60356617942522,49.91404306708206,49.56250859220821
地域とのつながり,29205,奈良県,橿原市,都市部,2023,41.77523378587858,49.69290808686757,49.71143239855994
地域とのつながり,29205,奈良県,橿原市,都市部,2024,59.57007747759623,49.81991125697665,49.72133454174629
地域とのつながり,29205,奈良県,橿原市,都市部,2025,47.36402586275463,49.91014995622311,49.79871609260948
地域とのつながり,29205,奈良県,橿原市,都市部,2026,40.213287170207195,50.02296938943389,49.961957058629736
地域とのつながり,29206,奈良県,桜井市,地方の中心都市,2023,40.247372011440454,54.15272178666402,54.28250394656294
地域とのつながり,29206,奈良県,桜井市,地方の中心都市,2024,40.93220964248738,53.226486654320176,53.23957757944521
地域とのつながり,29206,奈良県,桜井市,地方の中心都市,2025,48.31517252162088,53.65453712498689,53.67540432376958
地域とのつながり,29206,奈良県,桜井市,地方の中心都市,2026,46.948053106258776,53.344067956581604,53.358316064046925
地域とのつながり,29209,奈良県,生駒市,都市部,2023,65.85290215773539,53.81068904166828,53.51685486957382
地域とのつながり,29209,奈良県,生駒市,都市部,2024,60.65204892692672,52.95397995280253,52.69226610655271
地域とのつながり,29209,奈良県,生駒市,都市部,2025,61.38877587590727,53.6679963751795,53.18109298749529
地域とのつながり,29209,奈良県,生駒市,都市部,2026,71.89334118654591,53.13463970352505,52.813916737511946
地域とのつながり,29210,奈良県,香芝市,都市部,2023,57.023088372630404,56.223451733052904,56.023834750693176
地域とのつながり,29210,奈良県,香芝市,都市部,2024,45.124069196343136,56.08986081952924,55.84572876645842
地域とのつながり,29210,奈良県,香芝市,都市部,2025,55.01814573814505,57.402322768261484,57.22009345584222
地域とのつながり,29210,奈良県,香芝市,都市部,2026,49.04303779748712,56.724562291477454,56.49561179476659
地域とのつながり,29211,奈良県,葛城市,地方の中心都市,2024,69.42044291652532,57.05747165117691,56.874223549476575
地域とのつながり,29363,奈良県,田原本町,地方の中心都市,2024,55.17238156642948,51.63141351296836,51.5205451752426
地域とのつながり,29426,奈良県,広陵町,都市部,2024,57.94297605239254,55.150037305258245,55.46967650096006
地域とのつながり,30201,和歌山県,和歌山市,都市部,2023,48.28961198738558,48.88228340162995,49.10696542254142
地域とのつながり,30201,和歌山県,和歌山市,都市部,2024,49.322019627317474,48.83007910167125,49.044453892487574
地域とのつながり,30201,和歌山県,和歌山市,都市部,2025,34.79086146463168,49.290752980553385,49.50665016585073
地域とのつながり,30201,和歌山県,和歌山市,都市部,2026,44.674873526412185,49.387282415989446,49.604715953204696
地域とのつながり,30202,和歌山県,海南市,農山村の小都市,2024,53.17857406068909,52.802545668223125,52.57694728942262
地域とのつながり,30202,和歌山県,海南市,農山村の小都市,2026,58.65679626941251,52.434711621478314,52.17247808358252
地域とのつながり,30203,和歌山県,橋本市,地方の中心都市,2023,56.4382619861933,50.64364370402108,50.76937692612786
地域とのつながり,30203,和歌山県,橋本市,地方の中心都市,2024,47.912733630006045,50.669940363721,50.74649098916882
地域とのつながり,30203,和歌山県,橋本市,地方の中心都市,2025,42.106337569250194,50.96111090348092,51.05249761604048
地域とのつながり,30203,和歌山県,橋本市,地方の中心都市,2026,51.22061187102075,50.03934054252462,50.222913975225
地域とのつながり,30206,和歌山県,田辺市,農山村の小都市,2024,44.41633649817523,49.11539190200148,49.378604735172864
地域とのつながり,30206,和歌山県,田辺市,農山村の小都市,2025,46.39797707185811,50.58998200310079,50.863322609998505
地域とのつながり,30206,和歌山県,田辺市,農山村の小都市,2026,49.49772505496042,49.39531689763943,49.660142550267025
地域とのつながり,30208,和歌山県,紀の川市,農山村の小都市,2023,53.30042800659862,53.438915765633055,53.53724347455352
地域とのつながり,30208,和歌山県,紀の川市,農山村の小都市,2024,55.082038874681295,53.47894733915209,53.52069684003875
地域とのつながり,30208,和歌山県,紀の川市,農山村の小都市,2025,55.761437425476856,53.68175567938204,53.83428014753023
地域とのつながり,30208,和歌山県,紀の川市,農山村の小都市,2026,55.85109147962726,54.18255271729571,54.379414439783964
地域とのつながり,30209,和歌山県,岩出市,地方の中心都市,2023,37.30425832418899,54.57427016768289,54.44503122276719
地域とのつながり,30209,和歌山県,岩出市,地方の中心都市,2024,37.25624367835021,53.174540903605454,52.7428731611612
地域とのつながり,30209,和歌山県,岩出市,地方の中心都市,2025,48.01959522786558,54.362235295864274,54.22710167998859
地域とのつながり,30209,和歌山県,岩出市,地方の中心都市,2026,46.87942340006701,53.99421982896471,53.67967157081191
地域とのつながり,31201,鳥取県,鳥取市,地方の中心都市,2023,45.44895214302022,53.05232767664971,53.2300919082421
地域とのつながり,31201,鳥取県,鳥取市,地方の中心都市,2024,52.6325353108228,52.736733740379684,52.9218602662987
地域とのつながり,31201,鳥取県,鳥取市,地方の中心都市,2025,58.15184367042676,52.91143401425168,52.982463899919466
地域とのつながり,31201,鳥取県,鳥取市,地方の中心都市,2026,48.82150994024058,52.840601921246325,53.04911986724871
地域とのつながり,31202,鳥取県,米子市,地方の中心都市,2023,55.02264471480247,49.73741635732443,50.002955856670056
地域とのつながり,31202,鳥取県,米子市,地方の中心都市,2024,49.399404689731355,50.07795409591901,50.23068325891209
地域とのつながり,31202,鳥取県,米子市,地方の中心都市,2025,59.28243965248721,49.65372290986234,49.90166269222677
地域とのつながり,31202,鳥取県,米子市,地方の中心都市,2026,55.91960107026103,50.1202001630314,50.34596030891957
地域とのつながり,31203,鳥取県,倉吉市,農山村の小都市,2024,51.43300144745771,51.200664066908494,51.350552511949786
地域とのつながり,31203,鳥取県,倉吉市,農山村の小都市,2025,54.45471366215781,51.291350844427,51.38537089918937
地域とのつながり,31203,鳥取県,倉吉市,農山村の小都市,2026,48.71010664427672,51.55509063909593,51.688355884640735
地域とのつながり,31204,鳥取県,境港市,地方の中心都市,2025,51.279486325919635,46.349510918097636,46.34329087532002
地域とのつながり,31204,鳥取県,境港市,地方の中心都市,2026,39.88613011247266,46.20945549373465,46.15851735702076
地域とのつながり,32201,島根県,松江市,地方の中心都市,2023,51.62299641408347,53.78693120043945,53.77801097625813
地域とのつながり,32201,島根県,松江市,地方の中心都市,2024,63.108484477768954,53.95137891957392,53.913437344958496
地域とのつながり,32201,島根県,松江市,地方の中心都市,2025,64.5986648103392,53.92059829899209,53.805247830796645
地域とのつながり,32201,島根県,松江市,地方の中心都市,2026,63.32082540879597,53.62997220941902,53.63533981379162
地域とのつながり,32202,島根県,浜田市,農山村の小都市,2024,54.022732916586016,50.0537882913283,50.03801281381561
地域とのつながり,32202,島根県,浜田市,農山村の小都市,2025,41.2339482809514,51.045920978195355,51.10419635865581
地域とのつながり,32202,島根県,浜田市,農山村の小都市,2026,45.51393080026795,52.04856474508589,52.086765735274334
地域とのつながり,32203,島根県,出雲市,地方の中心都市,2023,63.68236633169613,56.226215806284884,55.797706886354625
地域とのつながり,32203,島根県,出雲市,地方の中心都市,2024,59.61185876050019,56.00235630751242,55.41833854682407
地域とのつながり,32203,島根県,出雲市,地方の中心都市,2025,48.31578717981965,56.03640131373191,55.53171638313465
地域とのつながり,32203,島根県,出雲市,地方の中心都市,2026,61.33051514966712,56.06914085524362,55.58677556322215
地域とのつながり,32204,島根県,益田市,農山村の小都市,2024,47.96683123593464,53.3060341818768,53.13241006749208
地域とのつながり,32204,島根県,益田市,農山村の小都市,2025,59.52074243244216,52.379858587683856,52.149037416857894
地域とのつながり,32204,島根県,益田市,農山村の小都市,2026,54.67630423082595,51.423148601574695,51.30716546114185
地域とのつながり,32206,島根県,安来市,農山村の小都市,2024,56.247452018467726,54.32893889661004,53.93816611606398
地域とのつながり,32209,島根県,雲南市,農山村の小都市,2024,51.119163690026426,55.90598959221911,55.94505623050772
地域とのつながり,33100,岡山県,岡山市,都市部,2023,46.93420107448163,49.25780939112017,49.29518703133783
地域とのつながり,33100,岡山県,岡山市,都市部,2024,46.688471702193596,48.88646583859157,48.82975302740857
地域とのつながり,33100,岡山県,岡山市,都市部,2025,47.13743316190936,49.0074730875459,48.973180641202404
地域とのつながり,33100,岡山県,岡山市,都市部,2026,42.273828652625795,49.05965226801215,49.09089508664843
地域とのつながり,33202,岡山県,倉敷市,都市部,2023,43.814048343481474,50.61492848307316,50.62573337531495
地域とのつながり,33202,岡山県,倉敷市,都市部,2024,50.63174303522222,50.735750332645054,50.725741172830325
地域とのつながり,33202,岡山県,倉敷市,都市部,2025,59.58937251809898,50.77798200860054,50.61644427846396
地域とのつながり,33202,岡山県,倉敷市,都市部,2026,53.94158331183105,50.70637012780608,50.583253896396826
地域とのつながり,33203,岡山県,津山市,地方の中心都市,2023,51.81652641255081,51.22406890235075,51.21996047771482
地域とのつながり,33203,岡山県,津山市,地方の中心都市,2024,50.26649639249467,51.1629765255641,51.079487359186786
地域とのつながり,33203,岡山県,津山市,地方の中心都市,2025,49.15797412511924,51.60998942998923,51.69775838023804
地域とのつながり,33203,岡山県,津山市,地方の中心都市,2026,45.14954745587639,52.12562132348809,52.184501841603016
地域とのつながり,33204,岡山県,玉野市,地方の中心都市,2024,49.827920242159514,47.2993155920396,47.29192379152529
地域とのつながり,33204,岡山県,玉野市,地方の中心都市,2025,39.24697231989166,47.47214263133859,47.49205502596686
地域とのつながり,33204,岡山県,玉野市,地方の中心都市,2026,46.1879603728495,47.96435005372623,47.99324556669048
地域とのつながり,33205,岡山県,笠岡市,地方の中心都市,2024,51.9517183551511,45.195972729272164,45.219624042207116
地域とのつながり,33205,岡山県,笠岡市,地方の中心都市,2026,47.69465261284448,44.74552534952898,44.78506156590305
地域とのつながり,33207,岡山県,井原市,農山村の小都市,2024,60.84503522799926,52.33101674535135,52.48044889703878
地域とのつながり,33208,岡山県,総社市,地方の中心都市,2024,51.142096527742574,53.2943367677855,53.255419641621586
地域とのつながり,33208,岡山県,総社市,地方の中心都市,2025,59.72753227535104,52.067868514408374,52.120117462990905
地域とのつながり,33208,岡山県,総社市,地方の中心都市,2026,56.80178439180206,53.18601064158378,53.18469735612079
地域とのつながり,33211,岡山県,備前市,農山村の小都市,2023,51.24947329199931,50.50268500346904,50.429248122872956
地域とのつながり,33211,岡山県,備前市,農山村の小都市,2024,46.489508327455724,49.82734308912816,49.75713061908734
地域とのつながり,33212,岡山県,瀬戸内市,農山村の小都市,2024,43.38989014595105,52.4149404099662,52.564848188807524
地域とのつながり,33213,岡山県,赤磐市,農山村の小都市,2024,57.79172960225211,53.87346015806597,53.75631119809744
地域とのつながり,33681,岡山県,吉備中央町,農山村の小都市,2023,62.37939586177605,45.32879366823878,45.92941809461611
地域とのつながり,33681,岡山県,吉備中央町,農山村の小都市,2024,78.21369112521754,48.6154530103704,48.879114929955406
地域とのつながり,34100,広島県,広島市,都市部,2023,54.98025648834791,53.743724116877104,53.86331991896863
地域とのつながり,34100,広島県,広島市,都市部,2024,51.72958684604254,55.029426178283856,55.303727095728824
地域とのつながり,34100,広島県,広島市,都市部,2025,51.25223549794971,53.59561987088477,53.73328631547904
地域とのつながり,34100,広島県,広島市,都市部,2026,47.08661112026399,53.57400744364123,53.69329593351891
地域とのつながり,34202,広島県,呉市,地方の中心都市,2024,53.092370840482104,46.253568459545676,46.05593309961888
地域とのつながり,34202,広島県,呉市,地方の中心都市,2025,47.55420733027064,45.805482916326966,45.46559424345315
地域とのつながり,34202,広島県,呉市,地方の中心都市,2026,53.400409608775504,45.29059709118331,44.85481191424519
地域とのつながり,34204,広島県,三原市,地方の中心都市,2023,48.24205905799422,48.27045144312964,48.30531715741928
地域とのつながり,34204,広島県,三原市,地方の中心都市,2024,45.45718835552371,48.58935018954513,48.502929344270264
地域とのつながり,34204,広島県,三原市,地方の中心都市,2025,34.95893626497603,48.9542729330308,48.930746312100034
地域とのつながり,34204,広島県,三原市,地方の中心都市,2026,45.37973748190722,48.45841305279188,48.43115943065332
地域とのつながり,34205,広島県,尾道市,地方の中心都市,2023,57.767384674210255,48.27807296155804,48.236889073771586
地域とのつながり,34205,広島県,尾道市,地方の中心都市,2024,50.48401127033489,47.933529764335944,47.807225757879216
地域とのつながり,34205,広島県,尾道市,地方の中心都市,2025,54.59916872377937,48.01359935300406,47.954773643685456
地域とのつながり,34205,広島県,尾道市,地方の中心都市,2026,54.010350583549545,48.026937528871926,47.837816084552365
地域とのつながり,34207,広島県,福山市,都市部,2023,46.19274566553131,52.03052471933614,52.126486463473796
地域とのつながり,34207,広島県,福山市,都市部,2024,34.86549795376795,51.99042509860049,52.08625039217539
地域とのつながり,34207,広島県,福山市,都市部,2025,46.42566843591222,52.363423233975276,52.423126400843046
地域とのつながり,34207,広島県,福山市,都市部,2026,41.31704731781074,52.10947024424774,52.222146925927426
地域とのつながり,34208,広島県,府中市,農山村の小都市,2024,41.847762675761906,53.726755247914674,53.64836693724558
地域とのつながり,34209,広島県,三次市,農山村の小都市,2024,63.088191530686196,52.57540914234602,52.260540933284275
地域とのつながり,34209,広島県,三次市,農山村の小都市,2025,60.34786129509345,52.767303457988824,52.567708775923236
地域とのつながり,34209,広島県,三次市,農山村の小都市,2026,56.617524136579746,53.17415633288803,52.90878601916578
地域とのつながり,34212,広島県,東広島市,地方の中心都市,2023,49.07223048026315,49.80774223749192,50.054213923907405
地域とのつながり,34212,広島県,東広島市,地方の中心都市,2024,54.21781241152734,50.52863233133621,50.6447675177135
地域とのつながり,34212,広島県,東広島市,地方の中心都市,2025,60.984186457956206,50.64326727653385,50.691406333148954
地域とのつながり,34212,広島県,東広島市,地方の中心都市,2026,56.979136818241486,50.185037517059584,50.41379367224952
地域とのつながり,34213,広島県,廿日市市,地方の中心都市,2023,59.53672768881196,53.01746069821883,52.75889996978192
地域とのつながり,34213,広島県,廿日市市,地方の中心都市,2024,67.36206266174722,52.893050440337824,52.54919368809319
地域とのつながり,34213,広島県,廿日市市,地方の中心都市,2025,64.4889322370246,52.73900384864835,52.39079231155129
地域とのつながり,34213,広島県,廿日市市,地方の中心都市,2026,59.3933553140448,53.32569679150873,52.99535893662553
地域とのつながり,34302,広島県,府中町,都市部,2024,65.49652403743534,56.876959144627584,56.22127671135898
地域とのつながり,34302,広島県,府中町,都市部,2025,66.08005480781445,57.022697937278664,56.365419510008664
地域とのつながり,34302,広島県,府中町,都市部,2026,67.98105340875036,56.40890579354516,55.550285266168636
地域とのつながり,35201,山口県,下関市,地方の中心都市,2023,45.19568082693216,48.004088852047516,48.152044461268666
地域とのつながり,35201,山口県,下関市,地方の中心都市,2024,49.86943540657227,47.75634458635452,47.800056087525334
地域とのつながり,35201,山口県,下関市,地方の中心都市,2025,65.43642143237976,47.58836699102148,47.70128144055049
地域とのつながり,35201,山口県,下関市,地方の中心都市,2026,49.480494483108885,48.23555447030632,48.332165074058956
地域とのつながり,35202,山口県,宇部市,地方の中心都市,2023,54.75835121856251,47.69186347292454,47.76019340095594
地域とのつながり,35202,山口県,宇部市,地方の中心都市,2024,57.950931545146105,48.10436047906466,48.15123394155663
地域とのつながり,35202,山口県,宇部市,地方の中心都市,2025,44.10831034637124,47.64355878493928,47.62815092445072
地域とのつながり,35202,山口県,宇部市,地方の中心都市,2026,49.36100352214165,47.94466083093933,47.978991159752674
地域とのつながり,35203,山口県,山口市,地方の中心都市,2023,54.05707751766322,51.3417123196218,51.47648388493808
地域とのつながり,35203,山口県,山口市,地方の中心都市,2024,58.70666365150276,51.40788778696484,51.42508244689748
地域とのつながり,35203,山口県,山口市,地方の中心都市,2025,51.1459075045377,51.11805097429742,51.153189023848235
地域とのつながり,35203,山口県,山口市,地方の中心都市,2026,59.85868928148017,51.15593870294924,51.21189931616868
地域とのつながり,35204,山口県,萩市,農山村の小都市,2024,55.448783824262506,49.6801594995741,49.95348550478409
地域とのつながり,35204,山口県,萩市,農山村の小都市,2026,57.710717961933135,50.10642584860212,50.45134513719337
地域とのつながり,35206,山口県,防府市,地方の中心都市,2023,37.74267935684598,49.819497583531835,49.65191634612366
地域とのつながり,35206,山口県,防府市,地方の中心都市,2024,52.47059596424093,49.863388490738046,49.63978604671757
地域とのつながり,35206,山口県,防府市,地方の中心都市,2025,45.9125474260826,49.72841946240017,49.401445818187085
地域とのつながり,35206,山口県,防府市,地方の中心都市,2026,58.22128625960576,50.162927494372155,49.8972109221494
地域とのつながり,35207,山口県,下松市,地方の中心都市,2023,50.76139096099168,51.05757708040958,50.97214939123248
地域とのつながり,35207,山口県,下松市,地方の中心都市,2024,52.88666550237852,51.57267991004278,51.535142190758606
地域とのつながり,35207,山口県,下松市,地方の中心都市,2025,56.17790745125353,52.408851403943906,52.48286111558675
地域とのつながり,35207,山口県,下松市,地方の中心都市,2026,58.233792313594584,51.624822842267065,51.45695084694216
地域とのつながり,35208,山口県,岩国市,地方の中心都市,2023,45.14119629635289,48.79570150295095,48.61162787882826
地域とのつながり,35208,山口県,岩国市,地方の中心都市,2024,48.336392001270234,48.88204821469606,48.72168982534059
地域とのつながり,35208,山口県,岩国市,地方の中心都市,2025,45.38821349416042,48.09204279219395,47.79458578075085
地域とのつながり,35208,山口県,岩国市,地方の中心都市,2026,45.079244589024654,49.04684935443604,48.74122558004795
地域とのつながり,35210,山口県,光市,地方の中心都市,2024,67.37751279570848,50.85413859614538,50.801031275905395
地域とのつながり,35210,山口県,光市,地方の中心都市,2026,46.22210525148702,50.074845151941,49.91911137696319
地域とのつながり,35212,山口県,柳井市,農山村の小都市,2024,60.36636003535677,49.26224713898149,49.47260341938757
地域とのつながり,35215,山口県,周南市,地方の中心都市,2023,55.802579997210835,49.21576158029141,49.15102209097667
地域とのつながり,35215,山口県,周南市,地方の中心都市,2024,50.37088462243643,49.14147758570529,48.969282383304694
地域とのつながり,35215,山口県,周南市,地方の中心都市,2025,49.71430360081021,49.274370083618614,49.10676981456449
地域とのつながり,35215,山口県,周南市,地方の中心都市,2026,51.278452249075094,48.60899185268934,48.319996142647184
地域とのつながり,35216,山口県,山陽小野田市,地方の中心都市,2023,46.67301249038095,45.90163306847991,45.95912297237118
地域とのつながり,35216,山口県,山陽小野田市,地方の中心都市,2024,38.996819076913326,46.789377358321715,46.58918920685073
地域とのつながり,35216,山口県,山陽小野田市,地方の中心都市,2025,52.544116918982766,45.74796597580287,45.707470280228165
地域とのつながり,35216,山口県,山陽小野田市,地方の中心都市,2026,57.14034064188728,47.42534892497186,47.25107215345945
地域とのつながり,36201,徳島県,徳島市,都市部,2023,35.19259622097479,49.95058690094211,50.46971971327358
地域とのつながり,36201,徳島県,徳島市,都市部,2024,42.17383529086618,49.74782484363245,50.25404863548626
地域とのつながり,36201,徳島県,徳島市,都市部,2025,39.40391513856688,49.85310978263535,50.39639871963081
地域とのつながり,36201,徳島県,徳島市,都市部,2026,37.59293033280786,49.627067857788084,50.10822605532189
地域とのつながり,36202,徳島県,鳴門市,農山村の小都市,2023,44.86123177739747,51.040639671332585,51.374129447093445
地域とのつながり,36202,徳島県,鳴門市,農山村の小都市,2024,52.164254397898794,50.77933899582106,50.921468733734784
地域とのつながり,36202,徳島県,鳴門市,農山村の小都市,2025,43.213356209867236,50.006962294580184,50.1759594914033
地域とのつながり,36202,徳島県,鳴門市,農山村の小都市,2026,58.84695431768427,50.28491462504567,50.462282315681705
地域とのつながり,36203,徳島県,小松島市,地方の中心都市,2024,33.494687097468855,46.02615133039973,45.891199600495
地域とのつながり,36204,徳島県,阿南市,地方の中心都市,2023,46.15618328674551,49.21395076868399,49.27593114434666
地域とのつながり,36204,徳島県,阿南市,地方の中心都市,2024,44.269451954379015,49.18406769800526,49.32782089071794
地域とのつながり,36204,徳島県,阿南市,地方の中心都市,2025,41.88842476996672,49.15891354025722,49.17280370399934
地域とのつながり,36204,徳島県,阿南市,地方の中心都市,2026,36.10802958466583,49.64395637281141,49.80493877209586
地域とのつながり,36205,徳島県,吉野川市,農山村の小都市,2024,44.67194063675994,51.92431375973059,52.04529898650126
地域とのつながり,36205,徳島県,吉野川市,農山村の小都市,2025,47.03946638811537,51.77570350549945,51.88265776103403
地域とのつながり,36205,徳島県,吉野川市,農山村の小都市,2026,37.81227532046739,51.304130345627826,51.46955015507374
地域とのつながり,36403,徳島県,藍住町,都市部,2024,41.42519068114302,51.903196375301874,52.26792891932233
地域とのつながり,37201,香川県,高松市,都市部,2023,48.49284413237082,51.54120867778923,51.67738654468697
地域とのつながり,37201,香川県,高松市,都市部,2024,42.846369915545694,50.95050727842548,50.99659773083049
地域とのつながり,37201,香川県,高松市,都市部,2025,50.27380078605605,51.42617112454786,51.49447241544874
地域とのつながり,37201,香川県,高松市,都市部,2026,49.03490559899089,51.572486544358966,51.63621600261897
地域とのつながり,37202,香川県,丸亀市,地方の中心都市,2023,40.65571867527155,51.13123457575955,51.13060023139254
地域とのつながり,37202,香川県,丸亀市,地方の中心都市,2024,52.362011426650874,50.70165637688655,50.658214112542076
地域とのつながり,37202,香川県,丸亀市,地方の中心都市,2025,46.76423635612937,50.505740950892275,50.38728462903841
地域とのつながり,37202,香川県,丸亀市,地方の中心都市,2026,45.795186650495125,51.03877737301395,51.00533878324724
地域とのつながり,37203,香川県,坂出市,地方の中心都市,2023,48.62143681802694,45.482088144870986,45.530906185771656
地域とのつながり,37203,香川県,坂出市,地方の中心都市,2024,49.92566710728371,45.27927951534125,45.18211479697389
地域とのつながり,37203,香川県,坂出市,地方の中心都市,2025,39.35977625936406,46.12026075330923,46.165958567569625
地域とのつながり,37203,香川県,坂出市,地方の中心都市,2026,46.68776226402233,45.75342408840215,45.78168358532942
地域とのつながり,37205,香川県,観音寺市,地方の中心都市,2023,40.87176149610219,50.78846799430795,50.89721733560871
地域とのつながり,37205,香川県,観音寺市,地方の中心都市,2024,43.51847433232353,50.347902743594645,50.41782310167481
地域とのつながり,37205,香川県,観音寺市,地方の中心都市,2025,44.738966166522985,49.949390797573386,50.00254325660647
地域とのつながり,37205,香川県,観音寺市,地方の中心都市,2026,41.022640823875854,49.543172666367624,49.62205768101635
地域とのつながり,37206,香川県,さぬき市,農山村の小都市,2024,33.31846660710531,52.00020214736322,51.647439708603486
地域とのつながり,37206,香川県,さぬき市,農山村の小都市,2026,42.844407781998086,51.825867938968216,51.500641819276986
地域とのつながり,37208,香川県,三豊市,農山村の小都市,2023,60.46301286515136,51.895804357447595,51.46025414076892
地域とのつながり,37208,香川県,三豊市,農山村の小都市,2024,56.913187464761904,51.3210590158194,50.87066933571158
地域とのつながり,37208,香川県,三豊市,農山村の小都市,2025,52.134195270260285,50.956489869217506,50.437513269041766
地域とのつながり,37208,香川県,三豊市,農山村の小都市,2026,58.50225944567668,51.750837882294036,51.270830025065536
地域とのつながり,38201,愛媛県,松山市,都市部,2023,50.73795753316375,49.406582275837756,49.43666442683856
地域とのつながり,38201,愛媛県,松山市,都市部,2024,64.11809981966155,49.27269643665772,49.19850216282132
地域とのつながり,38201,愛媛県,松山市,都市部,2025,54.64779260168803,49.61414085381206,49.550678330741185
地域とのつながり,38201,愛媛県,松山市,都市部,2026,53.270324629417935,49.61922807593957,49.59469493898018
地域とのつながり,38202,愛媛県,今治市,地方の中心都市,2023,53.4044036771172,48.45119190373776,48.13284535986956
地域とのつながり,38202,愛媛県,今治市,地方の中心都市,2024,55.69272881923359,48.259228555318195,47.9387788910296
地域とのつながり,38202,愛媛県,今治市,地方の中心都市,2025,54.217149354359044,48.20176613670717,47.805599463917815
地域とのつながり,38202,愛媛県,今治市,地方の中心都市,2026,51.674191532995366,47.33039057264382,46.89403988844087
地域とのつながり,38203,愛媛県,宇和島市,農山村の小都市,2023,33.88506406002743,50.451668983238875,50.697252844557575
地域とのつながり,38203,愛媛県,宇和島市,農山村の小都市,2024,39.97159830338542,51.04397430741548,51.28511704539953
地域とのつながり,38203,愛媛県,宇和島市,農山村の小都市,2025,39.79259027032996,49.97534374929125,50.141481600737954
地域とのつながり,38203,愛媛県,宇和島市,農山村の小都市,2026,40.55989221408364,50.67778910522515,50.8856305563412
地域とのつながり,38205,愛媛県,新居浜市,地方の中心都市,2023,42.93238752670948,51.1344770178519,51.39609244492563
地域とのつながり,38205,愛媛県,新居浜市,地方の中心都市,2024,41.83056055981523,51.270409683570136,51.509732464380114
地域とのつながり,38205,愛媛県,新居浜市,地方の中心都市,2025,43.55789677077547,51.04329102258217,51.31195682743182
地域とのつながり,38205,愛媛県,新居浜市,地方の中心都市,2026,51.320031816010264,50.99764730323509,51.196320399503946
地域とのつながり,38206,愛媛県,西条市,地方の中心都市,2023,60.73426269276566,50.32009005541078,50.26248316387313
地域とのつながり,38206,愛媛県,西条市,地方の中心都市,2024,55.878328581182274,50.89987234592582,50.824837649048014
地域とのつながり,38206,愛媛県,西条市,地方の中心都市,2025,49.609669451707596,51.15978425374533,51.14069108313087
地域とのつながり,38206,愛媛県,西条市,地方の中心都市,2026,50.02767961652134,50.878840921003246,50.83952934410287
地域とのつながり,38207,愛媛県,大洲市,農山村の小都市,2024,49.15395931237457,49.13455789243387,48.97512451781322
地域とのつながり,38210,愛媛県,伊予市,農山村の小都市,2024,44.30018284379751,52.85564441089715,52.826875535745714
地域とのつながり,38213,愛媛県,四国中央市,地方の中心都市,2023,41.80355256358749,50.93920401978755,51.01376231830285
地域とのつながり,38213,愛媛県,四国中央市,地方の中心都市,2024,36.52205242977671,50.540619447328716,50.58623907162455
地域とのつながり,38213,愛媛県,四国中央市,地方の中心都市,2025,31.56970629778033,50.96434797813588,50.971518519454875
地域とのつながり,38213,愛媛県,四国中央市,地方の中心都市,2026,36.08265166749565,50.68471330119131,50.674939004411215
地域とのつながり,38215,愛媛県,東温市,農山村の小都市,2024,43.91679813032512,51.68058431900155,51.7098644031661
地域とのつながり,39201,高知県,高知市,地方の中心都市,2023,53.1590578127432,47.26740217655571,47.49975317653969
地域とのつながり,39201,高知県,高知市,地方の中心都市,2024,47.54786457346078,47.450347556532115,47.59035882348089
地域とのつながり,39201,高知県,高知市,地方の中心都市,2025,46.741297230649224,47.24583426067555,47.33827722900113
地域とのつながり,39201,高知県,高知市,地方の中心都市,2026,47.34465537362819,47.063354881204035,47.19496242750081
地域とのつながり,39204,高知県,南国市,農山村の小都市,2024,55.51728215759955,48.02095432370651,47.94674142906574
地域とのつながり,39204,高知県,南国市,農山村の小都市,2025,52.18418249464491,48.98597168754708,48.974071549932034
地域とのつながり,39204,高知県,南国市,農山村の小都市,2026,49.004204402139585,48.88570454974367,48.82256093624607
地域とのつながり,39208,高知県,宿毛市,農山村の小都市,2023,40.01897780195634,47.71073162816144,48.01048317284996
地域とのつながり,40100,福岡県,北九州市,都市部,2023,51.00085538169141,47.945189079351856,48.02985717992463
地域とのつながり,40100,福岡県,北九州市,都市部,2024,50.96635277514351,47.68554621668981,47.71101397108636
地域とのつながり,40100,福岡県,北九州市,都市部,2025,50.191862946897395,48.00451311601133,48.03850534933884
地域とのつながり,40100,福岡県,北九州市,都市部,2026,52.60453422755409,48.050802691479525,48.08171623783831
地域とのつながり,40130,福岡県,福岡市,都市部,2023,52.199413218217884,50.53727515935578,50.53871286275264
地域とのつながり,40130,福岡県,福岡市,都市部,2024,50.33970921660042,52.13107084015736,52.4252568674337
地域とのつながり,40130,福岡県,福岡市,都市部,2025,53.53311742235818,50.86718501905382,50.79830393140502
地域とのつながり,40130,福岡県,福岡市,都市部,2026,51.283453653110776,50.841599966243464,50.769703024692966
地域とのつながり,40202,福岡県,大牟田市,地方の中心都市,2023,42.443651034336426,43.09518643240186,42.813457948544965
地域とのつながり,40202,福岡県,大牟田市,地方の中心都市,2024,41.82159961374845,41.961603110736064,41.64755547287227
地域とのつながり,40202,福岡県,大牟田市,地方の中心都市,2025,45.50511493644089,42.7388779369565,42.42363870609355
地域とのつながり,40202,福岡県,大牟田市,地方の中心都市,2026,41.85737690168533,42.62226694757695,42.3183941005095
地域とのつながり,40203,福岡県,久留米市,都市部,2023,43.08035473437581,47.924960644671295,48.11222957410379
地域とのつながり,40203,福岡県,久留米市,都市部,2024,61.96843664809832,47.81438312517282,47.91108815157417
地域とのつながり,40203,福岡県,久留米市,都市部,2025,51.04725742707969,47.70077054180137,47.7811062299059
地域とのつながり,40203,福岡県,久留米市,都市部,2026,50.87438778903653,47.51633009125044,47.481655395016205
地域とのつながり,40204,福岡県,直方市,地方の中心都市,2024,32.779781027976,46.13040101055463,45.84370072933403
地域とのつながり,40204,福岡県,直方市,地方の中心都市,2025,38.238872108320145,45.959965210050726,45.660875851754454
地域とのつながり,40204,福岡県,直方市,地方の中心都市,2026,34.9023886861969,46.9862731711832,46.65155633945136
地域とのつながり,40205,福岡県,飯塚市,地方の中心都市,2023,46.08215957591212,45.35485562132491,45.39882793364741
地域とのつながり,40205,福岡県,飯塚市,地方の中心都市,2024,39.223291839072886,45.15346524369688,45.16818924904045
地域とのつながり,40205,福岡県,飯塚市,地方の中心都市,2025,37.12247269226458,44.58159371161016,44.553019939260636
地域とのつながり,40205,福岡県,飯塚市,地方の中心都市,2026,33.94065570220635,44.92730483009884,44.942066742719234
地域とのつながり,40206,福岡県,田川市,地方の中心都市,2024,37.137561623976495,41.923199418553104,42.65408439374075
地域とのつながり,40206,福岡県,田川市,地方の中心都市,2026,16.87328846192848,41.42019325112308,42.25000060943294
地域とのつながり,40207,福岡県,柳川市,地方の中心都市,2024,47.27840278782483,45.573171106715506,45.23864111374834
地域とのつながり,40207,福岡県,柳川市,地方の中心都市,2025,53.98451308275695,45.08211494871187,44.68265380186004
地域とのつながり,40207,福岡県,柳川市,地方の中心都市,2026,52.73514246112408,45.96588869218796,45.67478024236396
地域とのつながり,40210,福岡県,八女市,農山村の小都市,2023,47.53910361367119,52.50821381446525,52.78312080781653
地域とのつながり,40210,福岡県,八女市,農山村の小都市,2024,51.32365293033367,52.13970467039744,52.387467685069055
地域とのつながり,40210,福岡県,八女市,農山村の小都市,2025,54.373477461632206,52.28661790776234,52.407837861060344
地域とのつながり,40210,福岡県,八女市,農山村の小都市,2026,63.30004842521808,51.7371740211323,51.80649808948466
地域とのつながり,40211,福岡県,筑後市,地方の中心都市,2024,52.7761093704602,48.77634629875701,49.061242010203955
地域とのつながり,40211,福岡県,筑後市,地方の中心都市,2026,36.37980462463753,49.48095126437627,49.76424319145799
地域とのつながり,40213,福岡県,行橋市,地方の中心都市,2023,36.338531201642,47.50102153589427,47.57830691523982
地域とのつながり,40213,福岡県,行橋市,地方の中心都市,2024,41.56682658604944,47.35573902152523,47.406027837269434
地域とのつながり,40213,福岡県,行橋市,地方の中心都市,2025,46.60820276734889,47.53875135341567,47.55082545533793
地域とのつながり,40213,福岡県,行橋市,地方の中心都市,2026,37.12104455541179,48.24084953470752,48.22735734922166
地域とのつながり,40214,福岡県,豊前市,農山村の小都市,2023,52.788660639088654,49.81325280878192,49.80104420657743
地域とのつながり,40215,福岡県,中間市,地方の中心都市,2024,34.67456598413579,42.213433195867076,42.32464731500329
地域とのつながり,40216,福岡県,小郡市,地方の中心都市,2023,51.2599251084229,46.402077994050984,45.81120438909202
地域とのつながり,40216,福岡県,小郡市,地方の中心都市,2024,62.533566758468986,45.888086431753734,45.2590409431082
地域とのつながり,40216,福岡県,小郡市,地方の中心都市,2025,58.39331306465492,46.432635488196425,45.85610321361056
地域とのつながり,40216,福岡県,小郡市,地方の中心都市,2026,58.47903871491899,46.691787536322096,46.064675243840306
地域とのつながり,40217,福岡県,筑紫野市,地方の中心都市,2024,48.76025550128403,52.23134915670738,52.31604882822573
地域とのつながり,40217,福岡県,筑紫野市,地方の中心都市,2025,51.83166248688469,52.1288350608017,52.196097595622334
地域とのつながり,40217,福岡県,筑紫野市,地方の中心都市,2026,50.96986873878445,52.30087775894645,52.40702826630529
地域とのつながり,40218,福岡県,春日市,都市部,2024,53.83887327129825,53.21743599069017,53.21270888177234
地域とのつながり,40218,福岡県,春日市,都市部,2025,60.031477594241515,53.14846633052368,53.162005263219314
地域とのつながり,40218,福岡県,春日市,都市部,2026,54.591529418748806,52.927519639603375,52.93732447543344
地域とのつながり,40219,福岡県,大野城市,都市部,2023,45.80720147534814,56.086486801697106,56.33433288121573
地域とのつながり,40219,福岡県,大野城市,都市部,2024,58.43006776091075,55.91106172901084,56.100648569739505
地域とのつながり,40219,福岡県,大野城市,都市部,2025,56.64153397395249,55.94099719704368,56.10729953894148
地域とのつながり,40219,福岡県,大野城市,都市部,2026,44.52679914014412,56.24895665685254,56.49430362545835
地域とのつながり,40220,福岡県,宗像市,地方の中心都市,2023,68.41199932654037,51.30842141881966,51.34401020649377
地域とのつながり,40220,福岡県,宗像市,地方の中心都市,2024,66.06715997494896,50.8424029858107,50.809454667728396
地域とのつながり,40220,福岡県,宗像市,地方の中心都市,2025,54.98198880107865,50.88936875479114,50.80246487868206
地域とのつながり,40220,福岡県,宗像市,地方の中心都市,2026,58.484571167094224,50.49120381702623,50.39651563029852
地域とのつながり,40221,福岡県,太宰府市,地方の中心都市,2023,56.79581465231114,54.34109343744724,54.47086110644041
地域とのつながり,40221,福岡県,太宰府市,地方の中心都市,2024,52.514311453290276,54.27392075162948,54.369906516065456
地域とのつながり,40221,福岡県,太宰府市,地方の中心都市,2025,54.18247298513558,53.91130754671369,53.99490518420962
地域とのつながり,40221,福岡県,太宰府市,地方の中心都市,2026,71.03975697363944,54.97907396489474,55.07449957428717
地域とのつながり,40223,福岡県,古賀市,地方の中心都市,2023,58.03644929389832,51.94220630933076,51.954543950001685
地域とのつながり,40223,福岡県,古賀市,地方の中心都市,2024,50.07406895409856,51.030154525520196,50.90035702089034
地域とのつながり,40223,福岡県,古賀市,地方の中心都市,2025,48.96378187400954,51.46824687197733,51.38131085812834
地域とのつながり,40223,福岡県,古賀市,地方の中心都市,2026,52.88648575062597,50.27015191063,50.07465846169582
地域とのつながり,40224,福岡県,福津市,地方の中心都市,2024,65.35631850622934,52.71278115934489,52.63364375141698
地域とのつながり,40224,福岡県,福津市,地方の中心都市,2025,68.53392701170819,53.5149729016641,53.433802383255696
地域とのつながり,40224,福岡県,福津市,地方の中心都市,2026,60.04783380866769,53.04070728706264,52.960975986867155
地域とのつながり,40228,福岡県,朝倉市,農山村の小都市,2024,46.43998086545712,50.61433273640126,50.54782244674821
地域とのつながり,40228,福岡県,朝倉市,農山村の小都市,2025,55.31248570314393,51.44383558875953,51.44651983661579
地域とのつながり,40228,福岡県,朝倉市,農山村の小都市,2026,51.62515484462549,51.00127325082907,50.89541409780457
地域とのつながり,40230,福岡県,糸島市,地方の中心都市,2023,65.15362802406037,52.74385070210203,52.566563433567694
地域とのつながり,40230,福岡県,糸島市,地方の中心都市,2024,61.94047510992715,51.89051683721866,51.73788006009568
地域とのつながり,40230,福岡県,糸島市,地方の中心都市,2025,73.78254496780404,51.95540664803699,51.863738766768144
地域とのつながり,40230,福岡県,糸島市,地方の中心都市,2026,60.69628898503111,52.74984406183646,52.58584408920033
地域とのつながり,40231,福岡県,那珂川市,地方の中心都市,2024,50.362702994475924,57.968297053744166,57.64314960218654
地域とのつながり,40231,福岡県,那珂川市,地方の中心都市,2025,64.64365270285714,57.521872919202714,57.129514728356
地域とのつながり,40231,福岡県,那珂川市,地方の中心都市,2026,48.57621280371109,57.58036253937135,57.205460597777936
地域とのつながり,40343,福岡県,志免町,都市部,2024,49.10471681151164,52.16708050229287,52.19592058950017
地域とのつながり,40343,福岡県,志免町,都市部,2026,57.10537011918584,52.46531793712384,52.53543741012838
地域とのつながり,40349,福岡県,粕屋町,都市部,2024,56.765164985719395,54.0604167682358,53.43989642339202
地域とのつながり,40349,福岡県,粕屋町,都市部,2026,54.58395120796478,52.830892828607446,52.23352106164026
地域とのつながり,40621,福岡県,苅田町,都市部,2024,45.18556186857565,46.054755602853554,46.41917325958288
地域とのつながり,41201,佐賀県,佐賀市,地方の中心都市,2023,51.733476835856436,50.57919083617846,51.031480445492804
地域とのつながり,41201,佐賀県,佐賀市,地方の中心都市,2024,52.3181074317762,50.32314824868725,50.75143665179456
地域とのつながり,41201,佐賀県,佐賀市,地方の中心都市,2025,69.29596475507341,50.805861544338384,51.13793262248421
地域とのつながり,41201,佐賀県,佐賀市,地方の中心都市,2026,47.371543836014176,50.45395991885448,50.899494206816655
地域とのつながり,41202,佐賀県,唐津市,農山村の小都市,2023,61.669401919880926,51.97625353232358,52.11426245201619
地域とのつながり,41202,佐賀県,唐津市,農山村の小都市,2024,56.888601149583565,51.09700674778302,51.307868697655316
地域とのつながり,41202,佐賀県,唐津市,農山村の小都市,2025,60.941027070441,51.53644851531516,51.5777053778706
地域とのつながり,41202,佐賀県,唐津市,農山村の小都市,2026,57.458820727229366,51.467867615992304,51.62673388383155
地域とのつながり,41203,佐賀県,鳥栖市,都市部,2023,61.4134977692402,50.52345966406478,50.61354219980853
地域とのつながり,41203,佐賀県,鳥栖市,都市部,2024,63.54386922452317,51.22503333146718,51.16843417099833
地域とのつながり,41203,佐賀県,鳥栖市,都市部,2025,46.4442108995123,51.58911690849596,51.62016765936119
地域とのつながり,41203,佐賀県,鳥栖市,都市部,2026,47.449777668578825,50.821871999234695,50.82615839277254
地域とのつながり,41205,佐賀県,伊万里市,農山村の小都市,2024,34.41017851128031,52.056341652299494,52.15077848710522
地域とのつながり,41205,佐賀県,伊万里市,農山村の小都市,2025,46.367711957408794,51.88741211564027,52.03821093833136
地域とのつながり,41205,佐賀県,伊万里市,農山村の小都市,2026,50.524091325101956,51.36667056112307,51.43679691805299
地域とのつながり,41206,佐賀県,武雄市,地方の中心都市,2024,59.05182533265773,52.79778418959559,52.786267955454335
地域とのつながり,41206,佐賀県,武雄市,地方の中心都市,2026,58.93309842957061,51.58129360102456,51.52987012267124
地域とのつながり,41208,佐賀県,小城市,地方の中心都市,2024,55.085760492953014,53.420398940429976,53.326254210269816
地域とのつながり,41341,佐賀県,基山町,地方の中心都市,2023,67.95614759993407,52.78994024637035,52.551536342625084
地域とのつながり,41401,佐賀県,有田町,農山村の小都市,2023,72.67947445612326,55.053534987243445,55.08251460972745
地域とのつながり,42201,長崎県,長崎市,地方の中心都市,2023,53.73947668992258,48.04185560859189,48.13867209677972
地域とのつながり,42201,長崎県,長崎市,地方の中心都市,2024,60.85832214604185,47.76087776696196,47.80898752953926
地域とのつながり,42201,長崎県,長崎市,地方の中心都市,2025,46.123823595624465,47.772177854679484,47.884660315962954
地域とのつながり,42201,長崎県,長崎市,地方の中心都市,2026,47.083198778316444,47.50342137060517,47.49508024646691
地域とのつながり,42202,長崎県,佐世保市,地方の中心都市,2023,52.29567192099089,47.58767563787107,47.43082583170921
地域とのつながり,42202,長崎県,佐世保市,地方の中心都市,2024,39.64698934752532,47.8619481868632,47.76521677931993
地域とのつながり,42202,長崎県,佐世保市,地方の中心都市,2025,52.59978088859806,47.78794196357572,47.584195845798256
地域とのつながり,42202,長崎県,佐世保市,地方の中心都市,2026,45.1505333708149,47.45791953180131,47.258926839827794
地域とのつながり,42203,長崎県,島原市,農山村の小都市,2024,43.389335426846955,51.386426729841006,51.41658937609217
地域とのつながり,42204,長崎県,諫早市,地方の中心都市,2023,51.43053573461288,48.75096774981282,48.6775512814492
地域とのつながり,42204,長崎県,諫早市,地方の中心都市,2024,52.432626143010935,48.18953075982171,48.11848647256962
地域とのつながり,42204,長崎県,諫早市,地方の中心都市,2025,45.23496404885662,48.43078434345965,48.31251866523406
地域とのつながり,42204,長崎県,諫早市,地方の中心都市,2026,58.85621377832979,48.669397296282376,48.622982713747355
地域とのつながり,42205,長崎県,大村市,地方の中心都市,2023,50.2616522124812,52.56570277014488,52.52775235475743
地域とのつながり,42205,長崎県,大村市,地方の中心都市,2024,53.24671745304024,52.21154896021341,52.159847093785324
地域とのつながり,42205,長崎県,大村市,地方の中心都市,2025,55.99031768618469,52.606162101856356,52.57223909158772
地域とのつながり,42205,長崎県,大村市,地方の中心都市,2026,47.425741544947485,52.49826174863108,52.44819083375992
地域とのつながり,42214,長崎県,南島原市,農山村の小都市,2024,55.80086612821475,49.47815258119933,49.22133686392982
地域とのつながり,42307,長崎県,長与町,地方の中心都市,2024,68.02637890200697,55.5768291000341,55.907306268973215
地域とのつながり,43100,熊本県,熊本市,都市部,2023,53.854671626088944,47.85392178166711,47.824769820717876
地域とのつながり,43100,熊本県,熊本市,都市部,2024,55.78087573988716,49.17174181563505,49.03572140615899
地域とのつながり,43100,熊本県,熊本市,都市部,2025,54.714066990990105,47.87482385308084,47.77033659724174
地域とのつながり,43100,熊本県,熊本市,都市部,2026,52.17828057868142,47.67782624588756,47.63666983584577
地域とのつながり,43202,熊本県,八代市,農山村の小都市,2023,49.61745356721912,52.881358742054985,52.81405847094675
地域とのつながり,43202,熊本県,八代市,農山村の小都市,2024,40.462457006471034,53.2217950376303,53.20987648019964
地域とのつながり,43202,熊本県,八代市,農山村の小都市,2025,42.36256572923574,53.237918054096056,53.112762682826016
地域とのつながり,43202,熊本県,八代市,農山村の小都市,2026,42.59616631785127,53.09201366819893,52.92788810954845
地域とのつながり,43204,熊本県,荒尾市,地方の中心都市,2024,53.390100600694716,43.67116659728695,43.195847429345065
地域とのつながり,43204,熊本県,荒尾市,地方の中心都市,2025,44.2169384582545,44.97812641900598,44.641802969698105
地域とのつながり,43204,熊本県,荒尾市,地方の中心都市,2026,55.187214856949694,44.722999145057415,44.2827284087221
地域とのつながり,43206,熊本県,玉名市,農山村の小都市,2023,50.433108387581676,47.20585934001798,47.20202988153207
地域とのつながり,43206,熊本県,玉名市,農山村の小都市,2024,49.104457547366586,48.09037788545489,47.94930137873981
地域とのつながり,43206,熊本県,玉名市,農山村の小都市,2025,48.13644162070541,47.86913059943326,47.79857956282407
地域とのつながり,43206,熊本県,玉名市,農山村の小都市,2026,53.26480020253287,48.006341950273004,47.99265216065346
地域とのつながり,43208,熊本県,山鹿市,農山村の小都市,2024,45.0470399674794,49.86241108034986,49.77817110483809
地域とのつながり,43208,熊本県,山鹿市,農山村の小都市,2026,51.06530394028204,50.75041359210903,50.708227528901915
地域とのつながり,43210,熊本県,菊池市,農山村の小都市,2026,53.024550175430356,51.7554817140408,51.80947787472792
地域とのつながり,43213,熊本県,宇城市,農山村の小都市,2023,62.286840535238184,51.16670011891508,51.10804512132245
地域とのつながり,43213,熊本県,宇城市,農山村の小都市,2024,68.78197223668292,50.0771700328517,50.05127917184219
地域とのつながり,43213,熊本県,宇城市,農山村の小都市,2025,52.33592845208959,50.47604074603069,50.372144889419054
地域とのつながり,43213,熊本県,宇城市,農山村の小都市,2026,61.47293355710951,50.87463063906106,50.79955740834715
地域とのつながり,43215,熊本県,天草市,農山村の小都市,2023,60.17314462070973,49.23371700725332,49.01991628312536
地域とのつながり,43215,熊本県,天草市,農山村の小都市,2024,60.125202904965576,48.768426176842745,48.513027492210696
地域とのつながり,43215,熊本県,天草市,農山村の小都市,2025,63.58679702049316,48.3741004669853,48.105588473106486
地域とのつながり,43215,熊本県,天草市,農山村の小都市,2026,61.99806312666793,48.66893806191723,48.461278992783775
地域とのつながり,43216,熊本県,合志市,都市部,2024,54.20052726429376,51.62123946690564,51.07023457605327
地域とのつながり,43216,熊本県,合志市,都市部,2025,55.07588216480503,52.86185155496862,52.349736300585974
地域とのつながり,43216,熊本県,合志市,都市部,2026,69.70079293735319,52.406856803442416,51.88690931147035
地域とのつながり,43404,熊本県,菊陽町,都市部,2024,61.179313215670504,49.90711340140034,49.99724732440206
地域とのつながり,44201,大分県,大分市,都市部,2023,53.81591223848041,51.39845114457895,51.24949702433916
地域とのつながり,44201,大分県,大分市,都市部,2024,54.34916393456338,51.57818602862768,51.48059934297049
地域とのつながり,44201,大分県,大分市,都市部,2025,51.31075553279161,51.165966034079226,50.94034124631048
地域とのつながり,44201,大分県,大分市,都市部,2026,52.725366775377985,51.362439026867186,51.109070713341666
地域とのつながり,44202,大分県,別府市,地方の中心都市,2023,48.74350823279894,47.72387205140389,47.538009042207726
地域とのつながり,44202,大分県,別府市,地方の中心都市,2024,46.524888949985204,47.215966537269914,46.94181381477084
地域とのつながり,44202,大分県,別府市,地方の中心都市,2025,42.106050717764546,47.75358115515567,47.477674139854194
地域とのつながり,44202,大分県,別府市,地方の中心都市,2026,45.05377870358126,47.070906072155076,46.7846672442739
地域とのつながり,44203,大分県,中津市,地方の中心都市,2023,45.44397409734553,52.81544356864477,52.95670595776041
地域とのつながり,44203,大分県,中津市,地方の中心都市,2024,46.869576150924274,53.10486874830104,53.15889769947573
地域とのつながり,44203,大分県,中津市,地方の中心都市,2025,42.85688384206397,52.591948047782196,52.71837048074419
地域とのつながり,44203,大分県,中津市,地方の中心都市,2026,35.79780823857724,53.400788970896514,53.45598694115478
地域とのつながり,44204,大分県,日田市,農山村の小都市,2023,57.30695130385019,54.01891773159149,54.18278677438184
地域とのつながり,44204,大分県,日田市,農山村の小都市,2024,52.63837812718029,53.08714459385882,53.1602327267521
地域とのつながり,44204,大分県,日田市,農山村の小都市,2025,61.137448190920644,53.08786546494841,53.15918641282391
地域とのつながり,44204,大分県,日田市,農山村の小都市,2026,55.031150749149425,52.9025028171373,52.97066497236757
地域とのつながり,44205,大分県,佐伯市,農山村の小都市,2023,49.220762662211406,48.59868411946713,48.68190708461125
地域とのつながり,44205,大分県,佐伯市,農山村の小都市,2024,57.13165358304146,48.0600551009375,48.034528369896194
地域とのつながり,44205,大分県,佐伯市,農山村の小都市,2025,67.24009876896073,48.869962405647726,48.80333711151993
地域とのつながり,44205,大分県,佐伯市,農山村の小都市,2026,57.70213500750703,48.29650969455786,48.31710905697342
地域とのつながり,44211,大分県,宇佐市,農山村の小都市,2024,53.674166714950424,51.37914875334,51.71979639989386
地域とのつながり,44211,大分県,宇佐市,農山村の小都市,2025,44.45672144584587,50.33234705297387,50.564975689437354
地域とのつながり,44211,大分県,宇佐市,農山村の小都市,2026,45.596829280997966,50.883792992030465,51.11197869220875
地域とのつながり,45201,宮崎県,宮崎市,地方の中心都市,2023,54.4132967080768,51.01714623199629,51.059635717668165
地域とのつながり,45201,宮崎県,宮崎市,地方の中心都市,2024,51.24837056519452,50.69518330999285,50.64776451225462
地域とのつながり,45201,宮崎県,宮崎市,地方の中心都市,2025,37.45059755281611,50.88576350830932,50.89754454383059
地域とのつながり,45201,宮崎県,宮崎市,地方の中心都市,2026,49.26265462956338,50.98884013081919,50.9319926369158
地域とのつながり,45202,宮崎県,都城市,地方の中心都市,2023,53.98087126928786,46.348881223678234,46.06634535282089
地域とのつながり,45202,宮崎県,都城市,地方の中心都市,2024,49.58394951530615,46.90494629625869,46.569638728710245
地域とのつながり,45202,宮崎県,都城市,地方の中心都市,2025,59.19575017503568,47.025484349627035,46.76792755494974
地域とのつながり,45202,宮崎県,都城市,地方の中心都市,2026,50.64289034235842,46.464545247183125,46.18690624824044
地域とのつながり,45203,宮崎県,延岡市,農山村の小都市,2023,57.26213565549744,51.06942634928424,50.62692962792763
地域とのつながり,45203,宮崎県,延岡市,農山村の小都市,2024,51.06625352068068,51.07108019876357,50.63687663343478
地域とのつながり,45203,宮崎県,延岡市,農山村の小都市,2025,57.55031274131294,51.18434778986217,50.72021995998965
地域とのつながり,45203,宮崎県,延岡市,農山村の小都市,2026,53.555429824422745,50.360607515212905,50.0553822443449
地域とのつながり,45204,宮崎県,日南市,農山村の小都市,2024,43.550122922118845,47.54056389685308,47.65621276050924
地域とのつながり,45204,宮崎県,日南市,農山村の小都市,2025,55.65184685431029,49.62872609989727,50.01687823931928
地域とのつながり,45204,宮崎県,日南市,農山村の小都市,2026,46.924583193116426,48.73566757180973,48.93860393558181
地域とのつながり,45206,宮崎県,日向市,農山村の小都市,2024,42.647347345956355,52.63097932791097,52.831588480120274
地域とのつながり,45206,宮崎県,日向市,農山村の小都市,2025,54.53603222618088,51.2861679669013,51.33656905436377
地域とのつながり,45206,宮崎県,日向市,農山村の小都市,2026,47.20562968985351,50.501776566029726,50.4393399972873
地域とのつながり,46201,鹿児島県,鹿児島市,都市部,2023,45.096343600464785,50.459975414199306,50.897475529206744
地域とのつながり,46201,鹿児島県,鹿児島市,都市部,2024,54.19580517722439,50.46506808437273,50.855633649354445
地域とのつながり,46201,鹿児島県,鹿児島市,都市部,2025,45.98645995385915,50.63126487730224,50.993323819342024
地域とのつながり,46201,鹿児島県,鹿児島市,都市部,2026,55.16542892033164,50.582892332083034,50.947811496206235
地域とのつながり,46203,鹿児島県,鹿屋市,農山村の小都市,2023,35.485772972157314,48.98876180252411,48.9247809352038
地域とのつながり,46203,鹿児島県,鹿屋市,農山村の小都市,2024,39.25547803055425,50.06264770799999,49.96794320547915
地域とのつながり,46203,鹿児島県,鹿屋市,農山村の小都市,2025,41.58316738268785,49.67621048887378,49.58534419168426
地域とのつながり,46203,鹿児島県,鹿屋市,農山村の小都市,2026,39.759604388678056,49.39487204953237,49.41092089277904
地域とのつながり,46208,鹿児島県,出水市,農山村の小都市,2024,49.907361852861904,49.58879017723049,49.527539818367096
地域とのつながり,46208,鹿児島県,出水市,農山村の小都市,2025,52.239071371976756,48.81395953065429,48.66374327098928
地域とのつながり,46208,鹿児島県,出水市,農山村の小都市,2026,45.30485313904944,48.87731909472093,48.765671768887
地域とのつながり,46215,鹿児島県,薩摩川内市,地方の中心都市,2023,47.44709712622513,45.382326626662405,46.030779745678124
地域とのつながり,46215,鹿児島県,薩摩川内市,地方の中心都市,2024,62.298141599179765,45.71304523345778,46.23168460789247
地域とのつながり,46215,鹿児島県,薩摩川内市,地方の中心都市,2025,52.31026628148205,45.362180056162025,45.85989597248429
地域とのつながり,46215,鹿児島県,薩摩川内市,地方の中心都市,2026,54.141385087353925,45.19561124824249,45.77733698200119
地域とのつながり,46216,鹿児島県,日置市,農山村の小都市,2024,55.97401440330395,46.66074308366905,46.4257494049629
地域とのつながり,46216,鹿児島県,日置市,農山村の小都市,2026,60.83097864649112,46.743974445027995,46.47490454004882
地域とのつながり,46218,鹿児島県,霧島市,地方の中心都市,2023,50.75174786819257,48.63979432176879,48.40299308709249
地域とのつながり,46218,鹿児島県,霧島市,地方の中心都市,2024,52.428553723861654,48.64457896865198,48.41074922436957
地域とのつながり,46218,鹿児島県,霧島市,地方の中心都市,2025,53.2621355308666,48.33479848946154,48.08379939666734
地域とのつながり,46218,鹿児島県,霧島市,地方の中心都市,2026,45.94340654944914,48.49700816885495,48.324299246200425
地域とのつながり,46222,鹿児島県,奄美市,農山村の小都市,2024,66.67325809171912,49.015602688188885,49.52314236087367
地域とのつながり,46225,鹿児島県,姶良市,地方の中心都市,2024,56.45132384738369,50.52380054123536,50.37604393964115
地域とのつながり,46225,鹿児島県,姶良市,地方の中心都市,2025,67.80974934177783,49.589933104682785,49.29079155340199
地域とのつながり,46225,鹿児島県,姶良市,地方の中心都市,2026,55.30607073883514,49.90242237625274,49.61569042480934
地域とのつながり,47201,沖縄県,那覇市,都市部,2023,42.780895528449776,44.37337160629214,44.12301523738413
地域とのつながり,47201,沖縄県,那覇市,都市部,2024,51.005283920541565,44.8368077998736,44.548984611639455
地域とのつながり,47201,沖縄県,那覇市,都市部,2025,52.243497326050324,45.10780807253731,44.85019132172458
地域とのつながり,47201,沖縄県,那覇市,都市部,2026,52.14458238599242,45.17400294917318,44.929417304000076
地域とのつながり,47205,沖縄県,宜野湾市,都市部,2024,60.866696613129754,49.8156427937203,49.55205136809084
地域とのつながり,47205,沖縄県,宜野湾市,都市部,2025,50.86761205467748,48.13834055276832,48.1238736834256
地域とのつながり,47205,沖縄県,宜野湾市,都市部,2026,51.073071425863716,48.90426794422751,48.81754622760199
地域とのつながり,47207,沖縄県,石垣市,地方の中心都市,2024,67.23891901255378,48.60353406659253,48.89623553848624
地域とのつながり,47207,沖縄県,石垣市,地方の中心都市,2026,50.32454937445345,48.65667598606357,48.93499870531535
地域とのつながり,47208,沖縄県,浦添市,都市部,2023,52.09082198294644,48.64314270003967,48.85606124920498
地域とのつながり,47208,沖縄県,浦添市,都市部,2024,48.58751110486017,48.579269197866346,48.72409806578022
地域とのつながり,47208,沖縄県,浦添市,都市部,2025,52.57747306104327,47.99441837476228,48.187798833547376
地域とのつながり,47208,沖縄県,浦添市,都市部,2026,44.18597586475938,48.361546867858486,48.527015384784534
地域とのつながり,47209,沖縄県,名護市,地方の中心都市,2026,49.61113907791096,47.74557067632942,48.2726272081639
地域とのつながり,47210,沖縄県,糸満市,地方の中心都市,2026,49.13577501618679,44.90791202614068,44.52029206114296
地域とのつながり,47211,沖縄県,沖縄市,都市部,2023,44.74662701959724,47.35119144042532,47.13049565356401
地域とのつながり,47211,沖縄県,沖縄市,都市部,2024,41.41340829273289,46.76698577530257,46.4900246005403
地域とのつながり,47211,沖縄県,沖縄市,都市部,2025,46.996941244342054,47.39690348974691,47.10928534612566
地域とのつながり,47211,沖縄県,沖縄市,都市部,2026,48.83399422686456,47.459335429218505,47.16645337143375
地域とのつながり,47212,沖縄県,豊見城市,都市部,2026,41.68728481655108,51.61749341869965,51.4808926594319
地域とのつながり,47213,沖縄県,うるま市,都市部,2023,54.973659194450285,42.557067434799,42.21745825624779
地域とのつながり,47213,沖縄県,うるま市,都市部,2024,54.36588754492542,42.11438120263865,41.690625169096904
地域とのつながり,47213,沖縄県,うるま市,都市部,2025,64.98527825335478,42.74603485219686,42.29817776912206
地域とのつながり,47213,沖縄県,うるま市,都市部,2026,68.48991285202919,42.44697665925787,41.98541138370466
地域とのつながり,47214,沖縄県,宮古島市,農山村の小都市,2026,55.01405078887516,48.6533782315552,49.01959021248492
自己効力感,01100,北海道,札幌市,都市部,2023,57.10748470071944,51.87873599244116,51.33848987151913
自己効力感,01100,北海道,札幌市,都市部,2024,57.05236675269054,52.30885155626593,51.7191129951604
自己効力感,01100,北海道,札幌市,都市部,2025,54.01603588391458,51.481663529680276,50.90134589862125
自己効力感,01100,北海道,札幌市,都市部,2026,55.254487696031475,51.731269681611344,51.086522906744015
自己効力感,01202,北海道,函館市,地方の中心都市,2023,29.857880415937014,44.30049476640276,44.11237130908929
自己効力感,01202,北海道,函館市,地方の中心都市,2024,47.57567800761122,44.645753474654086,44.43845353143367
自己効力感,01202,北海道,函館市,地方の中心都市,2025,35.927563426416725,43.82391428067205,43.63999709437207
自己効力感,01202,北海道,函館市,地方の中心都市,2026,41.721581846704986,44.117016269287234,43.903540762814984
自己効力感,01203,北海道,小樽市,地方の中心都市,2023,39.724732752737665,40.157020629312235,40.16937963375414
自己効力感,01203,北海道,小樽市,地方の中心都市,2024,48.84549135609448,40.525855728721524,40.63648471198546
自己効力感,01203,北海道,小樽市,地方の中心都市,2025,50.880213194500975,39.531945500764046,39.54057841830256
自己効力感,01203,北海道,小樽市,地方の中心都市,2026,50.53504475793903,39.86139139231541,39.861411621624036
自己効力感,01204,北海道,旭川市,地方の中心都市,2023,40.787746135397676,43.34150578504012,43.548587092825315
自己効力感,01204,北海道,旭川市,地方の中心都市,2024,47.11104978011824,43.80456273792774,43.861481214175406
自己効力感,01204,北海道,旭川市,地方の中心都市,2025,35.10717905429891,42.72132044992695,42.85547524269053
自己効力感,01204,北海道,旭川市,地方の中心都市,2026,48.678718394173416,43.05054827267241,43.15381427460189
自己効力感,01205,北海道,室蘭市,地方の中心都市,2023,52.532979128942564,45.059435135274875,45.05687281095313
自己効力感,01205,北海道,室蘭市,地方の中心都市,2024,41.28942215668136,45.60480704557912,45.49337509379043
自己効力感,01205,北海道,室蘭市,地方の中心都市,2025,58.61970028016398,44.69622470619185,44.55456502859088
自己効力感,01205,北海道,室蘭市,地方の中心都市,2026,52.67432095066725,45.035898324563,45.0363995981901
自己効力感,01206,北海道,釧路市,地方の中心都市,2024,54.050378285139075,42.276224650175344,42.34425404709358
自己効力感,01206,北海道,釧路市,地方の中心都市,2025,44.401150216440264,41.200741430898795,41.36557490136828
自己効力感,01206,北海道,釧路市,地方の中心都市,2026,45.58209479563091,41.746650302799836,41.83054021947266
自己効力感,01207,北海道,帯広市,地方の中心都市,2024,40.11033491241785,44.05859860609624,43.932826170455144
自己効力感,01207,北海道,帯広市,地方の中心都市,2025,53.978490070423355,43.03703093114093,42.83136829795726
自己効力感,01207,北海道,帯広市,地方の中心都市,2026,45.3967429385995,43.42024574587739,43.247183976972096
自己効力感,01208,北海道,北見市,農山村の小都市,2023,51.86856312333063,41.22561649202486,41.55102500078722
自己効力感,01208,北海道,北見市,農山村の小都市,2024,39.76650298711896,41.690588692468715,41.86116672385053
自己効力感,01208,北海道,北見市,農山村の小都市,2025,33.872727726126726,40.46648538495405,40.800109307993125
自己効力感,01208,北海道,北見市,農山村の小都市,2026,27.592273322141402,40.502373911245385,40.66768793783565
自己効力感,01210,北海道,岩見沢市,農山村の小都市,2023,30.636766192947874,36.33143995618802,36.180518176520174
自己効力感,01210,北海道,岩見沢市,農山村の小都市,2024,44.351994283091074,36.935454930337926,36.76159826645922
自己効力感,01210,北海道,岩見沢市,農山村の小都市,2025,56.93658644544045,35.83520888261738,35.55097063377374
自己効力感,01210,北海道,岩見沢市,農山村の小都市,2026,43.89481318645462,35.704265371375826,35.54175404852936
自己効力感,01211,北海道,網走市,農山村の小都市,2024,51.324655878736024,38.338264321100844,38.193074898719026
自己効力感,01213,北海道,苫小牧市,地方の中心都市,2024,54.291250575066364,45.85428346864323,45.79879072357026
自己効力感,01213,北海道,苫小牧市,地方の中心都市,2025,55.47280530521763,45.18593552092019,45.359380433750076
自己効力感,01213,北海道,苫小牧市,地方の中心都市,2026,51.557244112866286,45.297235674098395,45.31385422232229
自己効力感,01217,北海道,江別市,地方の中心都市,2023,49.66747937721539,41.6620268449482,41.50667032889378
自己効力感,01217,北海道,江別市,地方の中心都市,2024,48.687444764699976,42.16264567630374,41.98120242521566
自己効力感,01217,北海道,江別市,地方の中心都市,2025,45.08212629064752,41.20826996923456,40.936775934559236
自己効力感,01217,北海道,江別市,地方の中心都市,2026,52.78077683056636,41.659581380509536,41.48612643340669
自己効力感,01222,北海道,三笠市,農山村の小都市,2023,18.48659085669904,24.161010873943034,24.756955643331047
自己効力感,01224,北海道,千歳市,地方の中心都市,2023,31.70095861398233,44.725908443629876,44.873707544756456
自己効力感,01224,北海道,千歳市,地方の中心都市,2024,49.55046954456373,45.449867900690435,45.487961545649846
自己効力感,01224,北海道,千歳市,地方の中心都市,2025,49.22581166181484,43.710705760599446,43.69478010757817
自己効力感,01224,北海道,千歳市,地方の中心都市,2026,52.83581544467048,44.21432585972278,44.30202663573989
自己効力感,01225,北海道,滝川市,地方の中心都市,2024,20.437221078064347,40.7405523758874,40.96304822187286
自己効力感,01230,北海道,登別市,地方の中心都市,2024,41.72390951178796,43.85282983780083,43.91014639796908
自己効力感,01230,北海道,登別市,地方の中心都市,2026,49.930902397726214,42.73883856634372,42.7820461624141
自己効力感,01231,北海道,恵庭市,地方の中心都市,2023,57.168226471952934,43.55351456215681,43.180350175549144
自己効力感,01231,北海道,恵庭市,地方の中心都市,2024,46.661048932791815,44.24728848935244,43.95705321482215
自己効力感,01231,北海道,恵庭市,地方の中心都市,2025,52.49425265233371,42.89162671787169,42.41651903375502
自己効力感,01231,北海道,恵庭市,地方の中心都市,2026,63.5557468018808,42.786632440814955,42.41248919163505
自己効力感,01234,北海道,北広島市,地方の中心都市,2023,44.78176818320874,43.30231971786805,43.050271716511965
自己効力感,01234,北海道,北広島市,地方の中心都市,2024,54.36589845419891,43.6822658782573,43.45560394663869
自己効力感,01234,北海道,北広島市,地方の中心都市,2025,54.40715492020228,42.679951521084064,42.31194644850884
自己効力感,01234,北海道,北広島市,地方の中心都市,2026,32.87226643159218,42.88802981225571,42.636613841383685
自己効力感,01235,北海道,石狩市,農山村の小都市,2023,51.068623364243265,41.02653263548204,41.053574938476736
自己効力感,01235,北海道,石狩市,農山村の小都市,2024,52.820993270637736,41.27387825237846,41.31880918337968
自己効力感,01235,北海道,石狩市,農山村の小都市,2025,47.80033607643083,40.08147658387779,40.12064799679795
自己効力感,01235,北海道,石狩市,農山村の小都市,2026,57.81678754602103,40.62178189221103,40.62765233634994
自己効力感,01236,北海道,北斗市,農山村の小都市,2024,34.10883301214878,36.97962995811832,36.94105655010789
自己効力感,01236,北海道,北斗市,農山村の小都市,2026,38.565580991183396,36.299620869758236,36.09192237001
自己効力感,01631,北海道,音更町,農山村の小都市,2024,49.508156455026494,36.909776460984766,36.5391503058428
自己効力感,02201,青森県,青森市,地方の中心都市,2023,42.59495163887695,42.12839845271747,42.627389892064954
自己効力感,02201,青森県,青森市,地方の中心都市,2024,50.83697106005295,42.390145889757136,42.910100288407435
自己効力感,02201,青森県,青森市,地方の中心都市,2025,49.15843512333537,41.37593695119831,41.79754240570344
自己効力感,02201,青森県,青森市,地方の中心都市,2026,34.06839832356463,41.577307197348084,42.02279029774053
自己効力感,02202,青森県,弘前市,農山村の小都市,2024,37.994377004206115,41.76135068409438,41.80241794068277
自己効力感,02202,青森県,弘前市,農山村の小都市,2025,34.23516280708117,40.758771242712605,40.89106932507597
自己効力感,02202,青森県,弘前市,農山村の小都市,2026,24.49848060299298,41.11231174356878,41.24084802871771
自己効力感,02203,青森県,八戸市,地方の中心都市,2023,33.724581663284084,42.89217005484562,43.09474685126884
自己効力感,02203,青森県,八戸市,地方の中心都市,2024,32.4706663154893,43.00587846475427,43.19959863710657
自己効力感,02203,青森県,八戸市,地方の中心都市,2025,46.49128274886723,42.151419385875705,42.27306331470807
自己効力感,02203,青森県,八戸市,地方の中心都市,2026,43.46956480969945,42.42526240245496,42.48795569360166
自己効力感,02205,青森県,五所川原市,農山村の小都市,2024,35.1405004434384,33.21037472137879,33.181014443534636
自己効力感,02205,青森県,五所川原市,農山村の小都市,2025,16.107902864517,32.493284448866305,32.42582752774466
自己効力感,02205,青森県,五所川原市,農山村の小都市,2026,41.802187997994075,32.601981720808816,32.507491093385156
自己効力感,02206,青森県,十和田市,農山村の小都市,2023,38.713193232249054,38.79755068292785,38.71639448751988
自己効力感,02206,青森県,十和田市,農山村の小都市,2024,32.5896251943751,39.22165881133522,39.198145929047925
自己効力感,02206,青森県,十和田市,農山村の小都市,2025,39.71655279841968,37.823493607015166,37.79614641898392
自己効力感,02206,青森県,十和田市,農山村の小都市,2026,33.288754041122104,38.345066459004286,38.26395677991178
自己効力感,02207,青森県,三沢市,地方の中心都市,2024,39.247917491982065,37.924913307775874,37.86779857613622
自己効力感,02208,青森県,むつ市,農山村の小都市,2023,33.74466856172893,37.2364686878511,37.14203611969519
自己効力感,02208,青森県,むつ市,農山村の小都市,2024,50.86456086987524,37.56185919308827,37.482625269921
自己効力感,02208,青森県,むつ市,農山村の小都市,2025,39.54879789839509,36.53369936645353,36.45219673698258
自己効力感,02208,青森県,むつ市,農山村の小都市,2026,36.34233627963508,36.7982322623394,36.67214270295599
自己効力感,03201,岩手県,盛岡市,地方の中心都市,2023,43.494328286152395,46.18180434587885,46.41902427251772
自己効力感,03201,岩手県,盛岡市,地方の中心都市,2024,50.36729653047518,46.5477961436348,46.78996420298311
自己効力感,03201,岩手県,盛岡市,地方の中心都市,2025,47.89963734753812,45.58470906287531,45.826735668314875
自己効力感,03201,岩手県,盛岡市,地方の中心都市,2026,36.95416355139185,45.88246756864272,46.09101004420536
自己効力感,03202,岩手県,宮古市,農山村の小都市,2024,15.91988262169074,34.29260838379513,34.47763406667919
自己効力感,03202,岩手県,宮古市,農山村の小都市,2025,20.11479438453938,33.083137043804825,33.29994170015583
自己効力感,03202,岩手県,宮古市,農山村の小都市,2026,4.596318269555958,33.71242268844787,33.77394783288988
自己効力感,03205,岩手県,花巻市,農山村の小都市,2024,37.85954843489475,40.629844318469345,40.75997301537745
自己効力感,03205,岩手県,花巻市,農山村の小都市,2025,39.589954771794766,39.74308652643004,39.87945499386629
自己効力感,03205,岩手県,花巻市,農山村の小都市,2026,27.816119832129317,39.96698739350845,40.089691016830436
自己効力感,03206,岩手県,北上市,地方の中心都市,2023,37.05245003990892,43.88332868257818,43.62142278674317
自己効力感,03206,岩手県,北上市,地方の中心都市,2024,39.81134740518658,44.019076605365704,43.710597634590314
自己効力感,03206,岩手県,北上市,地方の中心都市,2025,48.34559498697057,43.2662915361459,42.92677713605294
自己効力感,03206,岩手県,北上市,地方の中心都市,2026,39.416672678029045,43.53263009609334,43.18477491175255
自己効力感,03209,岩手県,一関市,農山村の小都市,2023,39.3716407207412,36.968169073300615,37.19531761801976
自己効力感,03209,岩手県,一関市,農山村の小都市,2024,18.341707802620856,37.32754143585645,37.44227057360505
自己効力感,03209,岩手県,一関市,農山村の小都市,2025,42.65918660269795,36.44833733344467,36.678749217643976
自己効力感,03209,岩手県,一関市,農山村の小都市,2026,26.378490988446558,36.580001685098196,36.69138027012757
自己効力感,03215,岩手県,奥州市,農山村の小都市,2023,29.095557108830125,39.28222446822209,39.299374109892845
自己効力感,03215,岩手県,奥州市,農山村の小都市,2024,40.55748750252457,39.39450037092181,39.434662851643594
自己効力感,03215,岩手県,奥州市,農山村の小都市,2025,31.816038972854148,38.29349922490934,38.27323630404422
自己効力感,03215,岩手県,奥州市,農山村の小都市,2026,35.0024639834705,38.95033706410571,38.992707438293415
自己効力感,03216,岩手県,滝沢市,地方の中心都市,2024,38.59575203460914,44.98639402690165,45.07774538053094
自己効力感,03216,岩手県,滝沢市,地方の中心都市,2025,32.266452373124416,43.759059570708146,43.741653409536084
自己効力感,03216,岩手県,滝沢市,地方の中心都市,2026,46.82755956239066,43.909559011256846,43.950952818410556
自己効力感,03321,岩手県,紫波町,農山村の小都市,2024,32.28132153421682,42.41781935449989,42.21434271346677
自己効力感,03322,岩手県,矢巾町,地方の中心都市,2024,50.51685915340709,42.61157582802396,42.62065514009233
自己効力感,04100,宮城県,仙台市,都市部,2023,51.65950808186286,51.38793432395282,51.38450580587731
自己効力感,04100,宮城県,仙台市,都市部,2024,52.44305239109224,51.70631812427049,51.62035929795053
自己効力感,04100,宮城県,仙台市,都市部,2025,49.245763755240795,50.70708987829419,50.71270892714847
自己効力感,04100,宮城県,仙台市,都市部,2026,50.4630186856675,51.04066069292442,50.98006762055366
自己効力感,04202,宮城県,石巻市,地方の中心都市,2024,33.23366850473166,39.299773203982866,39.308777865695376
自己効力感,04202,宮城県,石巻市,地方の中心都市,2025,27.460955938677465,38.25751199290286,38.326551001669024
自己効力感,04202,宮城県,石巻市,地方の中心都市,2026,32.28332837746649,38.471786600561856,38.52589875164339
自己効力感,04203,宮城県,塩竈市,地方の中心都市,2023,34.944029844159864,44.89186922457933,45.14794820921062
自己効力感,04203,宮城県,塩竈市,地方の中心都市,2024,35.34552025294079,45.57636734701578,45.89416344790553
自己効力感,04203,宮城県,塩竈市,地方の中心都市,2025,44.510912343389116,44.70532725749419,44.8780213679063
自己効力感,04203,宮城県,塩竈市,地方の中心都市,2026,26.15321861964452,44.72234215595728,44.98221755322371
自己効力感,04205,宮城県,気仙沼市,農山村の小都市,2023,27.4298978906904,40.427790458501796,40.44682486950061
自己効力感,04205,宮城県,気仙沼市,農山村の小都市,2024,43.2521510667743,40.75732293067453,40.745556387232114
自己効力感,04205,宮城県,気仙沼市,農山村の小都市,2025,38.582301666307174,39.692568296676335,39.66842669192236
自己効力感,04205,宮城県,気仙沼市,農山村の小都市,2026,17.515781866620024,39.99079504723271,39.96472417954799
自己効力感,04207,宮城県,名取市,都市部,2023,46.32207444901111,45.67446744267391,45.222897141517066
自己効力感,04207,宮城県,名取市,都市部,2024,53.185464140020194,46.03124768379146,45.54036800978709
自己効力感,04207,宮城県,名取市,都市部,2025,41.6881936799947,45.006526991561955,44.516147553117264
自己効力感,04207,宮城県,名取市,都市部,2026,58.591347231302265,45.23900304015539,44.72669614158902
自己効力感,04209,宮城県,多賀城市,都市部,2023,47.18078533230327,49.74375230665241,49.569527051041945
自己効力感,04209,宮城県,多賀城市,都市部,2024,39.3888347556083,49.98952088047079,49.84006038379199
自己効力感,04209,宮城県,多賀城市,都市部,2025,31.522135918731937,48.76033532959707,48.51433477790023
自己効力感,04209,宮城県,多賀城市,都市部,2026,29.186502354181258,49.298597763416474,49.10239844474804
自己効力感,04211,宮城県,岩沼市,地方の中心都市,2024,36.76429880795052,45.33774563745517,45.622499796473846
自己効力感,04212,宮城県,登米市,農山村の小都市,2024,35.858913243523645,37.227445097153065,37.53254932204798
自己効力感,04212,宮城県,登米市,農山村の小都市,2025,24.13835732139401,36.31277879717996,36.668653906352574
自己効力感,04212,宮城県,登米市,農山村の小都市,2026,23.489647353741585,36.39625226356054,36.709801512503255
自己効力感,04213,宮城県,栗原市,農山村の小都市,2023,41.89029528932648,36.4270044710411,36.50730132870698
自己効力感,04213,宮城県,栗原市,農山村の小都市,2024,37.281096145648206,36.607562536561595,36.61004994252126
自己効力感,04213,宮城県,栗原市,農山村の小都市,2025,16.421897481905077,35.515349671883904,35.639171923357154
自己効力感,04213,宮城県,栗原市,農山村の小都市,2026,33.731904925381144,35.66386154401531,35.79993664433397
自己効力感,04214,宮城県,東松島市,地方の中心都市,2024,32.800751725334095,34.84037986144784,35.343273586877075
自己効力感,04215,宮城県,大崎市,地方の中心都市,2024,45.88519956560523,37.97579906675652,38.1058834867342
自己効力感,04215,宮城県,大崎市,地方の中心都市,2025,32.37420143557428,36.88814120653348,36.944998322483386
自己効力感,04215,宮城県,大崎市,地方の中心都市,2026,40.67452135458525,37.01113555838402,37.095903305102226
自己効力感,04216,宮城県,富谷市,地方の中心都市,2024,67.17385283661613,52.88860556031615,52.83511542925962
自己効力感,04216,宮城県,富谷市,地方の中心都市,2025,59.79803641593176,51.93461397283411,51.954945601875785
自己効力感,04216,宮城県,富谷市,地方の中心都市,2026,42.35908053172391,52.087762964387586,52.105488164576
自己効力感,04323,宮城県,柴田町,地方の中心都市,2024,30.82488531447185,39.76320837909081,39.645792602644505
自己効力感,05201,秋田県,秋田市,地方の中心都市,2023,39.967733007337635,45.214373984415715,45.44977258387245
自己効力感,05201,秋田県,秋田市,地方の中心都市,2024,27.930796746021702,45.54907933118615,45.746667166601625
自己効力感,05201,秋田県,秋田市,地方の中心都市,2025,54.73020519761893,44.47184301880409,44.66922320243303
自己効力感,05201,秋田県,秋田市,地方の中心都市,2026,41.7613203819248,44.59124245190249,44.77559499644955
自己効力感,05202,秋田県,能代市,農山村の小都市,2024,27.637975553116355,33.97355833258224,34.26127417822046
自己効力感,05202,秋田県,能代市,農山村の小都市,2025,40.30561914335482,32.98250335260009,33.29570979543525
自己効力感,05202,秋田県,能代市,農山村の小都市,2026,29.158337741394924,32.950583855533786,33.238058193386316
自己効力感,05203,秋田県,横手市,農山村の小都市,2023,35.55738120271852,37.20474141919945,37.12216757512482
自己効力感,05203,秋田県,横手市,農山村の小都市,2024,40.97677377138395,37.39939940307249,37.25234997178158
自己効力感,05203,秋田県,横手市,農山村の小都市,2025,32.236162846654764,36.55181114511881,36.514321619975036
自己効力感,05203,秋田県,横手市,農山村の小都市,2026,36.07120337092349,36.64837990461248,36.512259104926
自己効力感,05204,秋田県,大館市,農山村の小都市,2023,42.333625909827354,37.52982108761266,37.6991238931014
自己効力感,05204,秋田県,大館市,農山村の小都市,2024,34.40830722924406,37.81355797955247,37.9227247451281
自己効力感,05204,秋田県,大館市,農山村の小都市,2025,49.801052507172436,36.655968944685675,36.796635816353934
自己効力感,05204,秋田県,大館市,農山村の小都市,2026,42.62379403318363,36.84424518497139,36.91909786807952
自己効力感,05207,秋田県,湯沢市,農山村の小都市,2024,41.74591356580089,34.110653019593286,34.111127181343406
自己効力感,05210,秋田県,由利本荘市,農山村の小都市,2023,24.848895360007294,38.38170107959673,38.65563653130478
自己効力感,05210,秋田県,由利本荘市,農山村の小都市,2024,32.99426928423655,38.89365301572046,39.13441988639339
自己効力感,05210,秋田県,由利本荘市,農山村の小都市,2025,33.06948082590381,37.65439258469565,37.856786879371654
自己効力感,05210,秋田県,由利本荘市,農山村の小都市,2026,31.96062122279532,37.74688146086594,37.950116085061836
自己効力感,05211,秋田県,潟上市,農山村の小都市,2024,35.52988259817959,39.62457368759948,39.63006550698982
自己効力感,05212,秋田県,大仙市,農山村の小都市,2023,25.68932357847137,35.476613531856515,35.17994737032774
自己効力感,05212,秋田県,大仙市,農山村の小都市,2024,32.49859970545549,35.98499177231559,35.62326863312116
自己効力感,05212,秋田県,大仙市,農山村の小都市,2025,28.96483035103803,34.81577138238946,34.44028859385564
自己効力感,05212,秋田県,大仙市,農山村の小都市,2026,28.29126025551515,34.84169720026219,34.50602823342489
自己効力感,06201,山形県,山形市,地方の中心都市,2023,41.33553687271019,48.23612582852345,48.62562593909575
自己効力感,06201,山形県,山形市,地方の中心都市,2024,34.89928905469153,48.65114563846856,48.963716824717594
自己効力感,06201,山形県,山形市,地方の中心都市,2025,33.64441771629363,47.734030177506654,48.20086676738555
自己効力感,06201,山形県,山形市,地方の中心都市,2026,27.55955881735189,47.98402587953814,48.30736610826948
自己効力感,06202,山形県,米沢市,地方の中心都市,2023,39.018965488629945,43.24446999431087,43.25692767806799
自己効力感,06202,山形県,米沢市,地方の中心都市,2024,49.210600114534415,42.8728080589212,42.96286446659239
自己効力感,06202,山形県,米沢市,地方の中心都市,2025,45.0908159087504,42.015971714162355,42.05891567271941
自己効力感,06202,山形県,米沢市,地方の中心都市,2026,41.98928900391506,42.33309398543894,42.36267193969494
自己効力感,06203,山形県,鶴岡市,農山村の小都市,2024,47.109524145588736,41.13797647403875,41.11425120353134
自己効力感,06203,山形県,鶴岡市,農山村の小都市,2025,27.948679712369625,39.982170176098506,39.97057083794792
自己効力感,06203,山形県,鶴岡市,農山村の小都市,2026,25.11985397567316,40.202122847521245,40.23951650763833
自己効力感,06204,山形県,酒田市,農山村の小都市,2023,41.33505622997825,40.26810369950296,40.256223587609966
自己効力感,06204,山形県,酒田市,農山村の小都市,2024,27.327776558109786,40.68031131037183,40.7632723826047
自己効力感,06204,山形県,酒田市,農山村の小都市,2025,38.16302856934971,39.474230086714456,39.45317379310686
自己効力感,06204,山形県,酒田市,農山村の小都市,2026,27.33654072742021,39.82171799572794,39.78127523279723
自己効力感,06206,山形県,寒河江市,農山村の小都市,2024,26.78866976821136,43.28905491010915,43.37713453463054
自己効力感,06209,山形県,長井市,農山村の小都市,2023,26.9329257496228,42.93270260307929,43.0179356330179
自己効力感,06210,山形県,天童市,地方の中心都市,2023,30.831718681187144,42.428784248526064,42.43411255341389
自己効力感,06210,山形県,天童市,地方の中心都市,2024,30.601749181184967,42.9159758064308,42.82512923954423
自己効力感,06210,山形県,天童市,地方の中心都市,2025,50.01895363887402,42.023327879865825,41.98352643106028
自己効力感,06210,山形県,天童市,地方の中心都市,2026,36.69584087693679,42.117938904357906,42.074459880510105
自己効力感,06211,山形県,東根市,農山村の小都市,2024,31.981922848379057,46.68299381544793,46.70520132573229
自己効力感,06211,山形県,東根市,農山村の小都市,2026,29.14419662805777,46.076682451022755,46.05769109106543
自己効力感,07201,福島県,福島市,地方の中心都市,2023,37.74090268800467,46.12007920612049,46.411777635660826
自己効力感,07201,福島県,福島市,地方の中心都市,2024,41.59748861821807,46.492954135918126,46.81769036199131
自己効力感,07201,福島県,福島市,地方の中心都市,2025,36.00163412511621,45.404756530045375,45.67150811244401
自己効力感,07201,福島県,福島市,地方の中心都市,2026,50.34728846588248,45.713515918028776,45.94602004253428
自己効力感,07202,福島県,会津若松市,地方の中心都市,2023,45.19373132005329,44.94295718032416,44.99609535023749
自己効力感,07202,福島県,会津若松市,地方の中心都市,2024,40.40761284548445,45.06601757183044,45.25934098830935
自己効力感,07202,福島県,会津若松市,地方の中心都市,2025,54.7756267725226,44.22820182794169,44.244423587238046
自己効力感,07202,福島県,会津若松市,地方の中心都市,2026,47.22531657805098,44.3151683776267,44.3708062531602
自己効力感,07203,福島県,郡山市,地方の中心都市,2023,54.02212594007692,45.44144452180762,45.60049020540285
自己効力感,07203,福島県,郡山市,地方の中心都市,2024,48.74915551541447,45.88320882688487,45.989294129934294
自己効力感,07203,福島県,郡山市,地方の中心都市,2025,55.11529223540062,44.88085566556987,44.85898363437816
自己効力感,07203,福島県,郡山市,地方の中心都市,2026,38.049545946564336,45.02109097072915,45.09677947312788
自己効力感,07204,福島県,いわき市,地方の中心都市,2023,47.357104497958844,41.60808059729385,41.73315391583643
自己効力感,07204,福島県,いわき市,地方の中心都市,2024,41.05975297039265,41.96415422116809,42.21182131462945
自己効力感,07204,福島県,いわき市,地方の中心都市,2025,46.30754799046961,41.1982529617874,41.14325643320707
自己効力感,07204,福島県,いわき市,地方の中心都市,2026,42.26431473975881,41.25410032889636,41.34528273175862
自己効力感,07205,福島県,白河市,地方の中心都市,2023,41.266083731091,41.093050776339794,41.16461090055251
自己効力感,07205,福島県,白河市,地方の中心都市,2024,38.741968807940125,41.26265828831407,41.3771990715987
自己効力感,07205,福島県,白河市,地方の中心都市,2025,39.00380601372574,40.31433051814292,40.29417792334419
自己効力感,07205,福島県,白河市,地方の中心都市,2026,55.24718063872697,40.72054843484695,40.71900003601034
自己効力感,07207,福島県,須賀川市,地方の中心都市,2024,61.01489994397858,42.618098573597194,42.29928884441016
自己効力感,07207,福島県,須賀川市,地方の中心都市,2025,57.67367867838813,41.545017384849224,41.278058965903156
自己効力感,07207,福島県,須賀川市,地方の中心都市,2026,43.01546497944019,42.146725672440944,41.77248470815215
自己効力感,07208,福島県,喜多方市,農山村の小都市,2024,47.458146644026655,39.66768782394262,39.727099820210036
自己効力感,07208,福島県,喜多方市,農山村の小都市,2026,37.50755756229167,38.30715740250474,38.21014628279089
自己効力感,07210,福島県,二本松市,農山村の小都市,2024,31.799846389577723,37.112466835187796,37.27485966342845
自己効力感,07210,福島県,二本松市,農山村の小都市,2025,44.97779162733602,35.99427094870164,36.08944161248359
自己効力感,07210,福島県,二本松市,農山村の小都市,2026,41.374520856607724,36.30761126289033,36.35002700493047
自己効力感,07212,福島県,南相馬市,地方の中心都市,2023,48.96377425340066,36.25051734880095,36.40404943489871
自己効力感,07212,福島県,南相馬市,地方の中心都市,2024,30.03603985392393,36.68402872354958,36.729085236478284
自己効力感,07212,福島県,南相馬市,地方の中心都市,2025,26.826432853333475,35.813454808288554,35.78537337327687
自己効力感,07212,福島県,南相馬市,地方の中心都市,2026,44.02815876724104,35.816186073783335,35.900299198286916
自己効力感,07213,福島県,伊達市,農山村の小都市,2023,31.629711832230335,37.54324597315902,37.76340925997586
自己効力感,07213,福島県,伊達市,農山村の小都市,2024,34.948853517146375,37.893419594082104,38.02615362592162
自己効力感,07213,福島県,伊達市,農山村の小都市,2025,36.70720852848268,36.70682530139274,36.86876616582957
自己効力感,07213,福島県,伊達市,農山村の小都市,2026,23.320798288454657,36.752131995977905,36.86464921967348
自己効力感,07466,福島県,矢吹町,農山村の小都市,2023,52.6315354252026,38.54505402688809,38.185019361061144
自己効力感,07466,福島県,矢吹町,農山村の小都市,2024,60.166139195378946,39.67560659871433,39.22702358360219
自己効力感,08201,茨城県,水戸市,都市部,2023,49.70681067553035,46.342443498951205,46.36468343873476
自己効力感,08201,茨城県,水戸市,都市部,2024,38.627901884210175,46.868210829881455,46.853885194829054
自己効力感,08201,茨城県,水戸市,都市部,2025,56.47817016992165,46.02478783016807,46.02089776239809
自己効力感,08201,茨城県,水戸市,都市部,2026,48.654749485291,46.41574202289781,46.38449634857976
自己効力感,08202,茨城県,日立市,地方の中心都市,2023,35.11093599144378,44.852000419492754,45.066957073066035
自己効力感,08202,茨城県,日立市,地方の中心都市,2024,48.521941085270626,45.42201344584632,45.634343456025796
自己効力感,08202,茨城県,日立市,地方の中心都市,2025,39.60943810144131,44.088892093764464,44.25851207482826
自己効力感,08202,茨城県,日立市,地方の中心都市,2026,53.013474236316746,44.5136983448036,44.71283971454687
自己効力感,08203,茨城県,土浦市,都市部,2024,53.91180837394704,45.631894569545345,45.90073981461651
自己効力感,08203,茨城県,土浦市,都市部,2025,45.097825287688394,44.36776782548508,44.572374515048004
自己効力感,08203,茨城県,土浦市,都市部,2026,34.27054309667708,44.258394018661356,44.47476933048552
自己効力感,08204,茨城県,古河市,都市部,2023,44.16925490073842,43.32129013521001,43.22489798872509
自己効力感,08204,茨城県,古河市,都市部,2024,33.6408722292311,43.623766236889786,43.48473563485526
自己効力感,08204,茨城県,古河市,都市部,2025,40.23314026887257,42.50819413794229,42.422149514762296
自己効力感,08204,茨城県,古河市,都市部,2026,39.25879497771621,43.00770406094003,42.86900943373346
自己効力感,08205,茨城県,石岡市,地方の中心都市,2024,46.81585136006932,44.19164848632634,44.03294635419067
自己効力感,08205,茨城県,石岡市,地方の中心都市,2025,48.9437967677056,43.04049891990133,42.89827089178987
自己効力感,08205,茨城県,石岡市,地方の中心都市,2026,41.43978705424218,43.68197796201005,43.511468219066685
自己効力感,08207,茨城県,結城市,地方の中心都市,2024,43.55257984533916,41.00823097297444,41.197712421549056
自己効力感,08207,茨城県,結城市,地方の中心都市,2025,20.9819552880552,39.94164019123325,40.16206206261391
自己効力感,08207,茨城県,結城市,地方の中心都市,2026,28.89075323985451,40.15965970765138,40.36156398732664
自己効力感,08208,茨城県,龍ケ崎市,地方の中心都市,2024,33.162785245530515,44.634485432315444,44.76982869991134
自己効力感,08208,茨城県,龍ケ崎市,地方の中心都市,2025,38.095420089738404,42.14941102364561,42.626875956812846
自己効力感,08208,茨城県,龍ケ崎市,地方の中心都市,2026,34.28135786682178,42.95194183559721,43.16433071983756
自己効力感,08210,茨城県,下妻市,地方の中心都市,2024,35.05248545767412,40.72725816484405,41.05650719254694
自己効力感,08211,茨城県,常総市,地方の中心都市,2023,33.159735580859916,40.90314960915734,41.02005964747786
自己効力感,08211,茨城県,常総市,地方の中心都市,2024,37.94575700286581,41.45322144955829,41.498766442538006
自己効力感,08211,茨城県,常総市,地方の中心都市,2025,30.62226699399784,40.355159549496605,40.439556214521964
自己効力感,08211,茨城県,常総市,地方の中心都市,2026,39.54194524260961,40.74907239418937,40.88913264192866
自己効力感,08212,茨城県,常陸太田市,農山村の小都市,2024,27.329379989530846,40.5221042860026,40.434504134367806
自己効力感,08212,茨城県,常陸太田市,農山村の小都市,2026,24.942313100277463,39.55837806481445,39.42507379998487
自己効力感,08215,茨城県,北茨城市,地方の中心都市,2024,43.57359407520246,42.40317267657745,42.45888518830862
自己効力感,08216,茨城県,笠間市,地方の中心都市,2023,37.84674818001203,43.60350917393518,43.729601750077094
自己効力感,08216,茨城県,笠間市,地方の中心都市,2024,46.22597382317317,43.66005901906014,43.86185714925345
自己効力感,08216,茨城県,笠間市,地方の中心都市,2025,34.17181013601591,42.6145594194982,42.82329461929238
自己効力感,08216,茨城県,笠間市,地方の中心都市,2026,36.39868574034832,42.78243636082647,42.92232533439796
自己効力感,08217,茨城県,取手市,地方の中心都市,2023,40.13772507008415,42.580987103556865,43.002669198703
自己効力感,08217,茨城県,取手市,地方の中心都市,2024,55.141755323938554,44.660607069109936,44.81993995592375
自己効力感,08217,茨城県,取手市,地方の中心都市,2025,41.917497824640165,44.31047319714217,44.325337686149474
自己効力感,08217,茨城県,取手市,地方の中心都市,2026,39.76964252089181,44.549114840313976,44.526519643750404
自己効力感,08219,茨城県,牛久市,都市部,2024,63.64176106921748,48.598532996989015,48.50550295451431
自己効力感,08219,茨城県,牛久市,都市部,2025,53.79379602987079,47.76370794127874,47.523281010877454
自己効力感,08219,茨城県,牛久市,都市部,2026,51.479263965051686,47.691679666067174,47.5638607986766
自己効力感,08220,茨城県,つくば市,都市部,2023,51.99995793328399,51.192356584580516,50.92778891137631
自己効力感,08220,茨城県,つくば市,都市部,2024,56.94752389200474,50.96437712109882,50.581033542663356
自己効力感,08220,茨城県,つくば市,都市部,2025,53.97353781321195,50.20853322191289,49.882894284094576
自己効力感,08220,茨城県,つくば市,都市部,2026,49.26295603685691,50.29691018589641,49.925625885611645
自己効力感,08221,茨城県,ひたちなか市,都市部,2024,39.2071182634552,47.47286159716312,47.42300163868589
自己効力感,08221,茨城県,ひたちなか市,都市部,2025,40.3924034399156,46.239624732168814,46.23916009106305
自己効力感,08221,茨城県,ひたちなか市,都市部,2026,36.87365049937774,46.63250331830906,46.607944627020295
自己効力感,08222,茨城県,鹿嶋市,地方の中心都市,2023,35.94675110849436,43.07723076761998,42.93025960428264
自己効力感,08222,茨城県,鹿嶋市,地方の中心都市,2024,27.905629554990917,43.8066860685228,43.76889543577797
自己効力感,08222,茨城県,鹿嶋市,地方の中心都市,2025,44.79026338244363,42.508855748566724,42.31376001965267
自己効力感,08222,茨城県,鹿嶋市,地方の中心都市,2026,29.239230943432414,41.912211928697566,41.80655256236915
自己効力感,08224,茨城県,守谷市,都市部,2023,47.40137583697555,48.44234607161417,48.59009878780035
自己効力感,08224,茨城県,守谷市,都市部,2024,49.64644918215184,48.64167711727866,48.725017661615084
自己効力感,08224,茨城県,守谷市,都市部,2025,57.3662071730209,47.58226440311156,47.525405756308054
自己効力感,08224,茨城県,守谷市,都市部,2026,55.95037013573965,47.720845789816146,47.661312745631434
自己効力感,08225,茨城県,常陸大宮市,農山村の小都市,2024,31.689738860219812,38.866660785904095,38.783715223518996
自己効力感,08226,茨城県,那珂市,地方の中心都市,2024,42.33513607719229,43.301129430666066,43.467353794440285
自己効力感,08226,茨城県,那珂市,地方の中心都市,2025,34.38837857545822,42.374169843990394,42.64784396309575
自己効力感,08226,茨城県,那珂市,地方の中心都市,2026,33.60235346144799,42.3352660538374,42.474007899829786
自己効力感,08227,茨城県,筑西市,地方の中心都市,2023,37.86451251347964,38.56542314037355,38.68056105361076
自己効力感,08227,茨城県,筑西市,地方の中心都市,2024,33.2874059855161,38.58853833365431,38.74926329687227
自己効力感,08227,茨城県,筑西市,地方の中心都市,2025,46.66439920037805,37.65437711209422,37.896281542428596
自己効力感,08227,茨城県,筑西市,地方の中心都市,2026,47.64376958081344,38.09012607253064,38.239059489972206
自己効力感,08228,茨城県,坂東市,地方の中心都市,2024,34.0741989278774,38.95268860981586,38.93805749665382
自己効力感,08228,茨城県,坂東市,地方の中心都市,2025,30.35601683133243,37.69380987923402,37.78479050132082
自己効力感,08228,茨城県,坂東市,地方の中心都市,2026,16.01851878348819,38.00028436396971,37.997733430773835
自己効力感,08229,茨城県,稲敷市,農山村の小都市,2024,35.98366636455459,36.859083486756916,36.823965611548225
自己効力感,08230,茨城県,かすみがうら市,農山村の小都市,2024,41.04183331337144,38.6340349201309,38.86527095089497
自己効力感,08231,茨城県,桜川市,農山村の小都市,2024,41.61498799308563,39.54371923417217,39.35979859815001
自己効力感,08232,茨城県,神栖市,都市部,2024,43.259983212633855,43.43404468165218,43.115490052763185
自己効力感,08232,茨城県,神栖市,都市部,2025,36.19894630748139,42.32422130490893,42.10060913328233
自己効力感,08232,茨城県,神栖市,都市部,2026,50.726683603165036,42.933854692520846,42.63951242264849
自己効力感,08234,茨城県,鉾田市,農山村の小都市,2024,34.290425607603446,39.969165320477146,39.59508300277586
自己効力感,08234,茨城県,鉾田市,農山村の小都市,2026,31.892889007419804,38.16769571442719,37.86529010993697
自己効力感,08235,茨城県,つくばみらい市,地方の中心都市,2024,60.72918436422363,47.47032182812773,47.3506331846231
自己効力感,08235,茨城県,つくばみらい市,地方の中心都市,2025,47.47246854104364,45.973727713518635,45.882212983914066
自己効力感,08235,茨城県,つくばみらい市,地方の中心都市,2026,43.70150238097651,46.55210400183781,46.445440255674924
自己効力感,08236,茨城県,小美玉市,地方の中心都市,2024,47.247817967935426,42.46860658010132,42.65770133280789
自己効力感,08236,茨城県,小美玉市,地方の中心都市,2026,41.77744882411455,41.75101425938462,41.95310518796614
自己効力感,08341,茨城県,東海村,都市部,2024,53.84458708622774,47.140426222867376,46.64317448038303
自己効力感,08443,茨城県,阿見町,地方の中心都市,2024,50.15534604020347,45.76554109322568,45.82939209062576
自己効力感,08443,茨城県,阿見町,地方の中心都市,2026,53.51920769659025,45.43379173092896,45.52743903841987
自己効力感,08542,茨城県,五霞町,地方の中心都市,2023,42.45619886315406,34.59911639526351,34.640309787885904
自己効力感,08546,茨城県,境町,地方の中心都市,2023,25.841439792755022,42.386698030382256,42.776662376358615
自己効力感,08546,茨城県,境町,地方の中心都市,2024,29.01306895241242,42.69399245218938,43.05458793955821
自己効力感,09201,栃木県,宇都宮市,都市部,2023,40.45543511479255,48.37991679212886,48.201989500635776
自己効力感,09201,栃木県,宇都宮市,都市部,2024,51.202178460393895,48.77336565602678,48.7204388050553
自己効力感,09201,栃木県,宇都宮市,都市部,2025,55.59238355704997,47.93876919750967,47.677873377186714
自己効力感,09201,栃木県,宇都宮市,都市部,2026,51.63729604466464,48.286407169101636,48.070436000019626
自己効力感,09202,栃木県,足利市,地方の中心都市,2023,30.571365431049436,45.41262490932546,45.54296103564248
自己効力感,09202,栃木県,足利市,地方の中心都市,2024,38.072954932356346,45.765705539448504,45.92063534681027
自己効力感,09202,栃木県,足利市,地方の中心都市,2025,50.40117170492735,44.71316341865966,44.76582593251487
自己効力感,09202,栃木県,足利市,地方の中心都市,2026,47.884868534362845,44.72951553792704,44.85286551901224
自己効力感,09203,栃木県,栃木市,地方の中心都市,2023,43.768318774287415,39.925673674532575,40.03168440832921
自己効力感,09203,栃木県,栃木市,地方の中心都市,2024,52.30786659825242,40.20058601763036,40.16790267952503
自己効力感,09203,栃木県,栃木市,地方の中心都市,2025,47.68802268342305,39.44959228280317,39.57115072226736
自己効力感,09203,栃木県,栃木市,地方の中心都市,2026,52.304037775330606,39.47294210673514,39.55055672105866
自己効力感,09204,栃木県,佐野市,地方の中心都市,2023,37.09128736738296,42.12619847219705,42.0832374056377
自己効力感,09204,栃木県,佐野市,地方の中心都市,2024,53.272085953280495,42.59067512609521,42.550875612640915
自己効力感,09204,栃木県,佐野市,地方の中心都市,2025,41.67504348432047,41.68340383954947,41.66347130017381
自己効力感,09204,栃木県,佐野市,地方の中心都市,2026,49.69537689072565,41.9102827422721,41.887349792074396
自己効力感,09205,栃木県,鹿沼市,地方の中心都市,2024,40.444733092028045,38.76781486970882,38.83646281775435
自己効力感,09205,栃木県,鹿沼市,地方の中心都市,2025,38.462413585213866,37.843763589428775,37.840025446742864
自己効力感,09205,栃木県,鹿沼市,地方の中心都市,2026,35.70856151074899,37.9904883392657,37.95757104374373
自己効力感,09206,栃木県,日光市,農山村の小都市,2023,38.47143087629772,36.68215416059143,37.076168499234015
自己効力感,09206,栃木県,日光市,農山村の小都市,2024,61.58394984531961,37.05923898651089,37.425681950348846
自己効力感,09206,栃木県,日光市,農山村の小都市,2025,37.91873861157972,36.02150647793377,36.32090368845716
自己効力感,09206,栃木県,日光市,農山村の小都市,2026,49.29726404199684,36.4486869881996,36.80171138643344
自己効力感,09208,栃木県,小山市,都市部,2024,51.25985714852148,43.915425351000074,43.96749602016321
自己効力感,09208,栃木県,小山市,都市部,2025,41.72257204016525,43.15200235250838,43.02127870992864
自己効力感,09208,栃木県,小山市,都市部,2026,59.610539156353795,43.49614217068643,43.39015336065632
自己効力感,09209,栃木県,真岡市,地方の中心都市,2023,50.960787428625366,38.62964060634024,38.10096683903656
自己効力感,09209,栃木県,真岡市,地方の中心都市,2024,41.971453540347376,38.66207878027282,38.164878449457056
自己効力感,09209,栃木県,真岡市,地方の中心都市,2025,54.49735116432572,37.42650293969366,36.88993098994264
自己効力感,09209,栃木県,真岡市,地方の中心都市,2026,50.09166226013038,37.789762447431684,37.240787099982875
自己効力感,09210,栃木県,大田原市,農山村の小都市,2023,52.16691793538473,43.12558190332857,42.917730134765314
自己効力感,09210,栃木県,大田原市,農山村の小都市,2024,39.23039699870735,43.68890051312602,43.45938879515734
自己効力感,09210,栃木県,大田原市,農山村の小都市,2025,50.45709883234956,42.32681779491827,42.091668219339965
自己効力感,09210,栃木県,大田原市,農山村の小都市,2026,51.490824446817754,42.3854884427396,42.19514904418053
自己効力感,09213,栃木県,那須塩原市,地方の中心都市,2023,43.86892181246516,44.13493325064248,44.35901504268672
自己効力感,09213,栃木県,那須塩原市,地方の中心都市,2024,46.62234865965003,44.29444374913696,44.447188489320766
自己効力感,09213,栃木県,那須塩原市,地方の中心都市,2025,46.73890617594673,43.33617840532493,43.55071615876286
自己効力感,09213,栃木県,那須塩原市,地方の中心都市,2026,48.598597345328,43.49696543325613,43.65932989676266
自己効力感,09214,栃木県,さくら市,地方の中心都市,2024,49.1201039412883,35.47767801072773,34.80685817216455
自己効力感,09216,栃木県,下野市,地方の中心都市,2024,57.41423451839544,42.76308070989955,42.622257065657
自己効力感,09216,栃木県,下野市,地方の中心都市,2025,54.098622635348285,41.981280660838735,41.65804061394453
自己効力感,09216,栃木県,下野市,地方の中心都市,2026,47.88602378976988,41.8816940741193,41.61460560994462
自己効力感,09361,栃木県,壬生町,地方の中心都市,2024,46.714922999380335,43.187928306590756,43.142083683822406
自己効力感,10201,群馬県,前橋市,都市部,2023,45.84426929811432,46.76423001275553,46.75878626784943
自己効力感,10201,群馬県,前橋市,都市部,2024,40.90120704174096,47.04897516004191,46.9589509492046
自己効力感,10201,群馬県,前橋市,都市部,2025,52.377033645188526,46.57783768726006,46.67557040736976
自己効力感,10201,群馬県,前橋市,都市部,2026,40.59264270387331,46.76718646500348,46.77326315283018
自己効力感,10202,群馬県,高崎市,都市部,2023,44.45429203127284,48.588903891442385,48.642776857695864
自己効力感,10202,群馬県,高崎市,都市部,2024,67.09795463842275,49.00877311617136,48.99335643146253
自己効力感,10202,群馬県,高崎市,都市部,2025,49.196256921099916,48.08832574301396,48.13233359875982
自己効力感,10202,群馬県,高崎市,都市部,2026,47.75341027457761,48.4636310318884,48.51610687907548
自己効力感,10203,群馬県,桐生市,地方の中心都市,2024,31.051785663885003,44.92582356700224,44.91736929210011
自己効力感,10203,群馬県,桐生市,地方の中心都市,2025,44.77639278462249,43.87005952714239,43.83466387538549
自己効力感,10203,群馬県,桐生市,地方の中心都市,2026,63.46846147383894,43.96506998971293,43.94626851678002
自己効力感,10204,群馬県,伊勢崎市,都市部,2023,47.67758664589426,45.05228259322865,45.11199449744106
自己効力感,10204,群馬県,伊勢崎市,都市部,2024,36.4277364533959,45.653599660098486,45.64207274714315
自己効力感,10204,群馬県,伊勢崎市,都市部,2025,39.01743962155381,44.68700722174145,44.772438374413774
自己効力感,10204,群馬県,伊勢崎市,都市部,2026,35.405541215015326,44.9946175300241,45.02436467837372
自己効力感,10205,群馬県,太田市,都市部,2023,55.48841288002772,46.365899990543994,46.06110574899746
自己効力感,10205,群馬県,太田市,都市部,2024,47.885791638340635,46.96200274234474,46.6601643519876
自己効力感,10205,群馬県,太田市,都市部,2025,42.94165620429588,46.14944029440009,45.86349216895205
自己効力感,10205,群馬県,太田市,都市部,2026,46.87254366943648,46.3027000062319,46.00797450734882
自己効力感,10206,群馬県,沼田市,農山村の小都市,2024,36.92665527006833,40.20881783508598,40.249784132752765
自己効力感,10206,群馬県,沼田市,農山村の小都市,2026,37.143755590615996,39.48843080778147,39.43729623303861
自己効力感,10207,群馬県,館林市,都市部,2024,30.614574696074634,39.75303380983776,40.19274965624709
自己効力感,10207,群馬県,館林市,都市部,2025,30.82001851595336,38.79022168473081,39.188618907549895
自己効力感,10207,群馬県,館林市,都市部,2026,40.24328969564518,38.7891232427648,39.08445099839287
自己効力感,10208,群馬県,渋川市,地方の中心都市,2023,38.41459241224646,44.100806160116825,44.10645016713518
自己効力感,10208,群馬県,渋川市,地方の中心都市,2024,32.86775865083785,44.51511713543896,44.534358141206965
自己効力感,10208,群馬県,渋川市,地方の中心都市,2025,49.32963595093408,43.438113712299945,43.47172541965448
自己効力感,10208,群馬県,渋川市,地方の中心都市,2026,45.08665602241063,43.89331547423549,43.873002911539025
自己効力感,10209,群馬県,藤岡市,地方の中心都市,2023,41.36597177547661,41.74286334144196,41.851291010396565
自己効力感,10209,群馬県,藤岡市,地方の中心都市,2024,52.6426517465506,42.02743805264771,42.07227261176164
自己効力感,10209,群馬県,藤岡市,地方の中心都市,2025,46.38559745804422,41.07324874423339,41.163916681720806
自己効力感,10209,群馬県,藤岡市,地方の中心都市,2026,41.298933741317995,41.27483244753776,41.2650207594185
自己効力感,10210,群馬県,富岡市,地方の中心都市,2024,35.788638099050026,41.15594724613457,41.09526073842022
自己効力感,10210,群馬県,富岡市,地方の中心都市,2026,38.917267406631794,40.28128385106035,40.20100056686293
自己効力感,10211,群馬県,安中市,地方の中心都市,2023,37.78460909563042,41.05455166206057,40.90628515115476
自己効力感,10211,群馬県,安中市,地方の中心都市,2024,31.763435923227892,41.732617729898905,41.65801666335493
自己効力感,10211,群馬県,安中市,地方の中心都市,2025,48.94153901459813,40.150043988023654,39.96486311119761
自己効力感,10211,群馬県,安中市,地方の中心都市,2026,42.134857521248925,40.59407142573704,40.43453956548088
自己効力感,10212,群馬県,みどり市,地方の中心都市,2024,41.7275402835785,45.36618196639402,45.384844343232245
自己効力感,10212,群馬県,みどり市,地方の中心都市,2026,44.62054745924621,45.269085031393544,45.29946810309506
自己効力感,10424,群馬県,長野原町,農山村の小都市,2023,72.6890005963461,38.29017022581892,37.68705713942825
自己効力感,10464,群馬県,玉村町,都市部,2024,35.49578619713449,44.51150909026801,44.47705313790879
自己効力感,10524,群馬県,大泉町,都市部,2024,33.28896159092175,35.55956093758034,35.941935446611915
自己効力感,11100,埼玉県,さいたま市,都市部,2023,52.8818002216557,54.843604274046314,54.69753211698147
自己効力感,11100,埼玉県,さいたま市,都市部,2024,52.447453058155,55.19971539536649,55.046270323237046
自己効力感,11100,埼玉県,さいたま市,都市部,2025,54.05631975834001,54.27295903749059,54.09196042533286
自己効力感,11100,埼玉県,さいたま市,都市部,2026,58.33948940133152,54.61620335363922,54.32329951388881
自己効力感,11201,埼玉県,川越市,都市部,2024,55.32562042401424,50.6774969872908,50.702561462992875
自己効力感,11201,埼玉県,川越市,都市部,2025,54.302779517068146,49.97554574434087,49.93005007751931
自己効力感,11201,埼玉県,川越市,都市部,2026,52.00431449326166,50.259421839586835,50.16287427718596
自己効力感,11202,埼玉県,熊谷市,都市部,2023,40.56782149085593,43.538494302471854,43.82560753299214
自己効力感,11202,埼玉県,熊谷市,都市部,2024,38.690479058736855,43.774866087373404,43.96765498756075
自己効力感,11202,埼玉県,熊谷市,都市部,2025,36.95985206642141,42.71999773281186,43.027383550140684
自己効力感,11202,埼玉県,熊谷市,都市部,2026,30.383242706362424,42.97141532976777,43.17632903733538
自己効力感,11203,埼玉県,川口市,都市部,2023,47.90847504029048,54.48589884006895,54.58925157332485
自己効力感,11203,埼玉県,川口市,都市部,2024,39.25987609729404,55.15027383101457,55.16884175440505
自己効力感,11203,埼玉県,川口市,都市部,2025,43.461981335557255,53.996671193719266,54.11249808406893
自己効力感,11203,埼玉県,川口市,都市部,2026,48.07423132205444,54.31006511930304,54.374140200629995
自己効力感,11206,埼玉県,行田市,地方の中心都市,2024,45.0621346220403,43.32977282798492,43.361342884946225
自己効力感,11206,埼玉県,行田市,地方の中心都市,2025,33.78126827953161,42.19050993181305,42.21027551505004
自己効力感,11206,埼玉県,行田市,地方の中心都市,2026,39.91308102077625,42.598671915796906,42.589696786873866
自己効力感,11207,埼玉県,秩父市,地方の中心都市,2023,49.13746532472414,40.17982933105859,40.173426765581766
自己効力感,11207,埼玉県,秩父市,地方の中心都市,2024,41.095561898029906,40.73622304231625,40.68060417893063
自己効力感,11207,埼玉県,秩父市,地方の中心都市,2025,42.21046138262528,39.67565002093505,39.63965790305689
自己効力感,11207,埼玉県,秩父市,地方の中心都市,2026,49.44477573143145,39.81443539334788,39.72722617866545
自己効力感,11208,埼玉県,所沢市,都市部,2023,44.03094917063937,52.14031604877682,52.28863180607313
自己効力感,11208,埼玉県,所沢市,都市部,2024,57.212666990236166,52.31528741316798,52.30005101737557
自己効力感,11208,埼玉県,所沢市,都市部,2025,42.85108033282909,51.26572845134935,51.42217554241197
自己効力感,11208,埼玉県,所沢市,都市部,2026,47.03686403663426,51.80195037621488,51.91037225451845
自己効力感,11209,埼玉県,飯能市,地方の中心都市,2024,41.14977872944896,46.63124178808829,46.63223860008931
自己効力感,11209,埼玉県,飯能市,地方の中心都市,2025,56.024884012413395,44.95930122224955,44.95973763488295
自己効力感,11209,埼玉県,飯能市,地方の中心都市,2026,52.83899732009756,45.25652398926544,45.200165127090244
自己効力感,11210,埼玉県,加須市,地方の中心都市,2023,31.554566621928803,41.65801600161241,41.32652762355506
自己効力感,11210,埼玉県,加須市,地方の中心都市,2024,27.73644558934682,41.98086199215201,41.72222344136426
自己効力感,11210,埼玉県,加須市,地方の中心都市,2025,39.8482901729313,40.891466480393944,40.563808417105555
自己効力感,11210,埼玉県,加須市,地方の中心都市,2026,38.183936331747674,41.148095827595895,40.77692046953639
自己効力感,11211,埼玉県,本庄市,地方の中心都市,2023,49.4596821295617,44.40665607543365,44.34371240502736
自己効力感,11211,埼玉県,本庄市,地方の中心都市,2024,48.58289592854822,44.653589900693085,44.54756656357059
自己効力感,11211,埼玉県,本庄市,地方の中心都市,2025,58.40096447187464,43.753252289502726,43.60723383917818
自己効力感,11211,埼玉県,本庄市,地方の中心都市,2026,38.88393065447311,43.98549427604904,43.87122956485009
自己効力感,11212,埼玉県,東松山市,都市部,2024,41.46997783415668,46.24813002087255,45.945624125681626
自己効力感,11212,埼玉県,東松山市,都市部,2025,44.1442063820394,45.0502205444038,44.74819274561526
自己効力感,11212,埼玉県,東松山市,都市部,2026,52.85366043492034,44.94704720842653,44.67080331326584
自己効力感,11214,埼玉県,春日部市,都市部,2023,48.761545149933056,47.40023001560167,47.62436620461775
自己効力感,11214,埼玉県,春日部市,都市部,2024,43.58175030285413,47.95318295835093,48.16087901387998
自己効力感,11214,埼玉県,春日部市,都市部,2025,44.09032267582776,47.140306758670015,47.34300827552049
自己効力感,11214,埼玉県,春日部市,都市部,2026,42.037666904745414,47.37894052370568,47.527078558991086
自己効力感,11215,埼玉県,狭山市,都市部,2024,37.65708000981994,46.98356595132691,47.18653130290431
自己効力感,11215,埼玉県,狭山市,都市部,2025,38.40518397107025,46.269892454266135,46.35363235379343
自己効力感,11215,埼玉県,狭山市,都市部,2026,35.27487198408813,46.565587312533935,46.69348717493243
自己効力感,11216,埼玉県,羽生市,地方の中心都市,2024,42.80969121992108,41.505284885573346,41.69800881227131
自己効力感,11216,埼玉県,羽生市,地方の中心都市,2025,40.496723714598595,40.64616191269312,40.903752187942395
自己効力感,11216,埼玉県,羽生市,地方の中心都市,2026,49.951989887230916,41.0982549347295,41.289704653609384
自己効力感,11217,埼玉県,鴻巣市,都市部,2023,37.709009078324755,45.18876550110842,45.32528956742367
自己効力感,11217,埼玉県,鴻巣市,都市部,2024,45.31864634282257,45.369591667000414,45.476778308586304
自己効力感,11217,埼玉県,鴻巣市,都市部,2025,31.977174798569195,44.50918564131153,44.70567687711407
自己効力感,11217,埼玉県,鴻巣市,都市部,2026,44.620444443092296,44.80241632919703,44.88821903097799
自己効力感,11218,埼玉県,深谷市,地方の中心都市,2023,40.93508321280744,42.003860180399684,42.213938137639744
自己効力感,11218,埼玉県,深谷市,地方の中心都市,2024,41.83526068430508,42.68919165185096,42.911481756997354
自己効力感,11218,埼玉県,深谷市,地方の中心都市,2025,46.548007040860945,41.54979297586088,41.68675378582058
自己効力感,11218,埼玉県,深谷市,地方の中心都市,2026,51.77721869758071,41.83450384123064,42.08772735239886
自己効力感,11219,埼玉県,上尾市,都市部,2024,42.65637772797241,51.386670326605966,51.33726675545076
自己効力感,11219,埼玉県,上尾市,都市部,2025,46.536879217381376,50.61659148982566,50.47359386337693
自己効力感,11219,埼玉県,上尾市,都市部,2026,35.63820856032339,51.18578169169984,51.03631318643976
自己効力感,11221,埼玉県,草加市,都市部,2024,48.14290540425723,55.39846402680501,55.532415310314136
自己効力感,11221,埼玉県,草加市,都市部,2025,42.207488306468655,54.620432644590096,54.89326835058641
自己効力感,11221,埼玉県,草加市,都市部,2026,45.974355793430334,54.97922341432677,55.1515457710032
自己効力感,11222,埼玉県,越谷市,都市部,2023,49.902515605891026,51.9206253791876,51.79487348964254
自己効力感,11222,埼玉県,越谷市,都市部,2024,50.36630027702083,52.49173060057983,52.274990658233435
自己効力感,11222,埼玉県,越谷市,都市部,2025,49.710918440127976,51.7056823511616,51.618150148082705
自己効力感,11222,埼玉県,越谷市,都市部,2026,57.01240815448539,51.995240430123204,51.89840647100491
自己効力感,11223,埼玉県,蕨市,都市部,2024,45.27985964950778,55.876791486809964,55.901370130029136
自己効力感,11223,埼玉県,蕨市,都市部,2025,70.37595520332962,55.13909908842727,55.07116109665585
自己効力感,11223,埼玉県,蕨市,都市部,2026,50.398642995155015,55.51927324549672,55.48170214685176
自己効力感,11224,埼玉県,戸田市,都市部,2023,49.88505433505025,55.65217481416792,55.5826033925047
自己効力感,11224,埼玉県,戸田市,都市部,2024,54.12915683720991,55.849780157035454,55.693545316653896
自己効力感,11224,埼玉県,戸田市,都市部,2025,54.07164902255337,54.555316300424096,54.356609232530616
自己効力感,11224,埼玉県,戸田市,都市部,2026,62.692942293715774,55.58130203480669,55.470481946074095
自己効力感,11225,埼玉県,入間市,都市部,2023,45.105301016103006,48.89203405467657,48.69846594868227
自己効力感,11225,埼玉県,入間市,都市部,2024,53.210409277175366,49.00371318989341,48.82979175058696
自己効力感,11225,埼玉県,入間市,都市部,2025,41.7955967689193,47.84099075540614,47.70558942145221
自己効力感,11225,埼玉県,入間市,都市部,2026,45.10904114195781,48.35062853867557,48.20714294618632
自己効力感,11227,埼玉県,朝霞市,都市部,2023,54.69154335085017,56.364514349175025,56.424494630662785
自己効力感,11227,埼玉県,朝霞市,都市部,2024,60.30466067585758,57.17114042744257,57.2051311743916
自己効力感,11227,埼玉県,朝霞市,都市部,2025,63.631411036503025,56.21532204941314,56.32922920264298
自己効力感,11227,埼玉県,朝霞市,都市部,2026,48.242668329747126,56.2146235395527,56.32364270691228
自己効力感,11228,埼玉県,志木市,都市部,2024,52.33929003352073,54.74346655082471,54.837476171519064
自己効力感,11228,埼玉県,志木市,都市部,2025,53.07919637624767,53.88917276699832,53.935924150232815
自己効力感,11228,埼玉県,志木市,都市部,2026,53.0770418044465,54.317735459573555,54.33907673674109
自己効力感,11229,埼玉県,和光市,都市部,2024,61.04586760634889,57.69633498042246,57.460357086681505
自己効力感,11229,埼玉県,和光市,都市部,2025,39.6410263363008,56.177506063066176,55.8799769032719
自己効力感,11229,埼玉県,和光市,都市部,2026,48.72605687149348,56.23526145289732,56.04741233761187
自己効力感,11230,埼玉県,新座市,都市部,2024,55.93393131964807,55.42041243061831,55.19784079207752
自己効力感,11230,埼玉県,新座市,都市部,2025,48.1507280680337,54.68588709143343,54.35302043355993
自己効力感,11230,埼玉県,新座市,都市部,2026,51.60298155679475,54.61798228305025,54.39970855845587
自己効力感,11231,埼玉県,桶川市,都市部,2024,53.2018101375423,48.84018420651429,49.005699029783884
自己効力感,11231,埼玉県,桶川市,都市部,2025,46.04315429994443,47.851696389208996,47.934049020660936
自己効力感,11231,埼玉県,桶川市,都市部,2026,42.793998667605095,48.53563510680346,48.55089741059482
自己効力感,11232,埼玉県,久喜市,都市部,2024,41.01474111575313,46.60181452694736,46.32152719112933
自己効力感,11232,埼玉県,久喜市,都市部,2025,37.25107866362245,45.62693349191051,45.438132856103415
自己効力感,11232,埼玉県,久喜市,都市部,2026,33.36248273509126,45.87881940890413,45.61286944065184
自己効力感,11233,埼玉県,北本市,都市部,2023,58.02686686855068,47.16155270904851,47.26183005053285
自己効力感,11233,埼玉県,北本市,都市部,2024,59.053335514519546,47.23138410133239,47.39782509757395
自己効力感,11233,埼玉県,北本市,都市部,2025,51.716551178988134,46.62838204188989,46.752339210727605
自己効力感,11233,埼玉県,北本市,都市部,2026,64.31245608442052,46.68944900548269,46.72236157087583
自己効力感,11234,埼玉県,八潮市,都市部,2023,39.72024386548352,53.51037911232123,53.42116088507008
自己効力感,11234,埼玉県,八潮市,都市部,2024,38.71330515353075,54.41050268238341,54.39576485199295
自己効力感,11234,埼玉県,八潮市,都市部,2025,48.50868811417118,53.328005584705075,53.135421715705604
自己効力感,11234,埼玉県,八潮市,都市部,2026,37.34759934436059,53.378465367999866,53.230304061830154
自己効力感,11235,埼玉県,富士見市,都市部,2023,47.26804321824804,53.71503469628341,53.63546701800552
自己効力感,11235,埼玉県,富士見市,都市部,2024,55.57839805816604,54.0039164426317,54.09255566199583
自己効力感,11235,埼玉県,富士見市,都市部,2025,44.26868758033257,52.96416429499744,52.968646567657785
自己効力感,11235,埼玉県,富士見市,都市部,2026,51.35101677302939,53.62130566534593,53.52322152240883
自己効力感,11237,埼玉県,三郷市,都市部,2024,50.28674171789151,51.21863891734818,51.03908573879941
自己効力感,11237,埼玉県,三郷市,都市部,2025,33.270810135879955,50.89738478480565,50.7887341900758
自己効力感,11237,埼玉県,三郷市,都市部,2026,41.41061774708147,50.95554079030962,50.81354442005345
自己効力感,11238,埼玉県,蓮田市,都市部,2024,47.52502721502643,46.292584130842556,46.04214050945605
自己効力感,11238,埼玉県,蓮田市,都市部,2025,49.67107983041561,44.8464893832828,44.68985385135689
自己効力感,11238,埼玉県,蓮田市,都市部,2026,52.85621156492797,45.41352341418872,45.21373047272651
自己効力感,11239,埼玉県,坂戸市,都市部,2024,49.8559350554282,42.99265109066147,42.73180507820923
自己効力感,11239,埼玉県,坂戸市,都市部,2025,53.500413534586954,42.40137848753872,42.209599670803925
自己効力感,11239,埼玉県,坂戸市,都市部,2026,37.91303258921195,42.35541463916808,42.06711859689438
自己効力感,11240,埼玉県,幸手市,地方の中心都市,2024,51.65516131677303,41.88810343321422,41.77455205038656
自己効力感,11240,埼玉県,幸手市,地方の中心都市,2025,48.93082941852527,41.037382312227635,40.89982054803281
自己効力感,11240,埼玉県,幸手市,地方の中心都市,2026,41.5615667276532,41.50134004651808,41.38045513281555
自己効力感,11241,埼玉県,鶴ヶ島市,都市部,2023,35.31243968703905,49.36336007966237,49.175263460441265
自己効力感,11241,埼玉県,鶴ヶ島市,都市部,2024,53.29518784906708,49.45631963159497,49.27676759130168
自己効力感,11241,埼玉県,鶴ヶ島市,都市部,2025,51.0036762268101,48.40810290067059,48.2205541191388
自己効力感,11241,埼玉県,鶴ヶ島市,都市部,2026,46.430254505962814,48.75945789946736,48.57141674530102
自己効力感,11242,埼玉県,日高市,地方の中心都市,2023,47.44713942680582,44.43929166734991,44.698448013121684
自己効力感,11242,埼玉県,日高市,地方の中心都市,2024,42.799191710668055,44.92709706264358,45.1524511491692
自己効力感,11242,埼玉県,日高市,地方の中心都市,2025,44.92303991726863,44.17593557145353,44.434562030250575
自己効力感,11242,埼玉県,日高市,地方の中心都市,2026,42.94090328561632,44.21679716937302,44.3985160825513
自己効力感,11243,埼玉県,吉川市,都市部,2024,35.54104457117353,50.0323484510743,50.02473702376159
自己効力感,11243,埼玉県,吉川市,都市部,2025,44.2219045880434,49.17030463101139,49.195554591777146
自己効力感,11243,埼玉県,吉川市,都市部,2026,53.178788106904825,49.5582803524229,49.609683109592815
自己効力感,11245,埼玉県,ふじみ野市,都市部,2023,54.455927938524226,54.57260944832688,54.721083225382415
自己効力感,11245,埼玉県,ふじみ野市,都市部,2024,54.86809651401063,55.245604040720266,55.431431614395834
自己効力感,11245,埼玉県,ふじみ野市,都市部,2025,40.42313033983426,54.328956520645136,54.491916900850526
自己効力感,11245,埼玉県,ふじみ野市,都市部,2026,53.570232441932745,54.46608182667067,54.51553011058903
自己効力感,11246,埼玉県,白岡市,都市部,2024,49.49904131422609,47.72104263326238,47.564025252106774
自己効力感,11246,埼玉県,白岡市,都市部,2025,49.262633953242265,46.435672359890425,46.32122812429075
自己効力感,11246,埼玉県,白岡市,都市部,2026,55.04499229025936,46.745661388206294,46.57991766557249
自己効力感,11301,埼玉県,伊奈町,都市部,2024,51.31460654389649,51.744202445049844,51.6132338945181
自己効力感,11324,埼玉県,三芳町,都市部,2024,51.863663841675255,49.415150379669065,49.572482197308354
自己効力感,11361,埼玉県,横瀬町,農山村の小都市,2023,48.07120191700411,43.22791524180053,43.28321443971959
自己効力感,11442,埼玉県,宮代町,地方の中心都市,2024,43.81275532544982,47.037556986325065,47.10974613653686
自己効力感,11464,埼玉県,杉戸町,地方の中心都市,2024,34.47660070917474,45.02479162107901,45.20367598218373
自己効力感,12100,千葉県,千葉市,都市部,2023,48.08169362206989,52.47750301116076,52.676222297273725
自己効力感,12100,千葉県,千葉市,都市部,2024,54.3384168395029,53.14592205983637,53.22351470595125
自己効力感,12100,千葉県,千葉市,都市部,2025,46.26622776305735,52.64034843871644,52.96130757743947
自己効力感,12100,千葉県,千葉市,都市部,2026,47.55244081194928,52.71229066888228,52.80595814891326
自己効力感,12202,千葉県,銚子市,農山村の小都市,2023,34.650564866524384,37.37046183040658,37.35809082130527
自己効力感,12202,千葉県,銚子市,農山村の小都市,2024,35.44050039589034,37.65856202798639,37.541399214705656
自己効力感,12202,千葉県,銚子市,農山村の小都市,2025,38.80795213036683,37.031555139305055,37.05104317842014
自己効力感,12202,千葉県,銚子市,農山村の小都市,2026,32.06594506032167,37.29766754895967,37.27393538172299
自己効力感,12203,千葉県,市川市,都市部,2023,57.82815783333973,55.549127704170616,55.67970835131136
自己効力感,12203,千葉県,市川市,都市部,2024,54.4089281186926,56.20942719752313,56.23991706274386
自己効力感,12203,千葉県,市川市,都市部,2025,61.473025245092806,55.31939915930057,55.33926842581168
自己効力感,12203,千葉県,市川市,都市部,2026,47.477267220692546,55.97384246855867,56.107788811635984
自己効力感,12204,千葉県,船橋市,都市部,2023,46.03060584085928,55.49329070002689,55.607554152495844
自己効力感,12204,千葉県,船橋市,都市部,2024,63.57733887448596,55.87334258433606,55.86801916899314
自己効力感,12204,千葉県,船橋市,都市部,2025,41.42988617609805,54.97768781055555,55.02425940348034
自己効力感,12204,千葉県,船橋市,都市部,2026,55.954689761341726,55.62728326501808,55.78766689234895
自己効力感,12205,千葉県,館山市,農山村の小都市,2024,44.89779283050204,43.72477250416713,43.862009586882394
自己効力感,12205,千葉県,館山市,農山村の小都市,2026,42.68021124455148,42.50363408976346,42.703378391437454
自己効力感,12206,千葉県,木更津市,都市部,2023,43.28785127980125,48.76334042475572,48.84191615624783
自己効力感,12206,千葉県,木更津市,都市部,2024,47.31468103940544,49.346356793414884,49.391734428477136
自己効力感,12206,千葉県,木更津市,都市部,2025,28.966064828477926,48.53545285622731,48.68261072443203
自己効力感,12206,千葉県,木更津市,都市部,2026,42.614045247749736,48.55751976408122,48.60493154604696
自己効力感,12207,千葉県,松戸市,都市部,2023,42.37129169160449,53.868652941993325,53.95668638362363
自己効力感,12207,千葉県,松戸市,都市部,2024,60.004383745001064,54.458433832734435,54.55688926212737
自己効力感,12207,千葉県,松戸市,都市部,2025,47.59184222041544,53.83800745263065,53.7452934937639
自己効力感,12207,千葉県,松戸市,都市部,2026,51.083948307878075,53.92623539669761,53.90609090350712
自己効力感,12208,千葉県,野田市,都市部,2023,51.09416795779959,46.1249021474364,46.26637683114589
自己効力感,12208,千葉県,野田市,都市部,2024,34.65035709635991,46.74714523643881,46.76388443782217
自己効力感,12208,千葉県,野田市,都市部,2025,48.591183098746185,45.58851430102467,45.73211994556491
自己効力感,12208,千葉県,野田市,都市部,2026,47.32702688295264,45.882462512083656,45.870335080195446
自己効力感,12210,千葉県,茂原市,地方の中心都市,2023,58.52752173623103,41.27140666123626,41.27843015290092
自己効力感,12210,千葉県,茂原市,地方の中心都市,2024,46.997513536995456,41.30160446063291,41.42444248469398
自己効力感,12210,千葉県,茂原市,地方の中心都市,2025,46.6757094675413,40.45901191834258,40.46661783031727
自己効力感,12210,千葉県,茂原市,地方の中心都市,2026,39.26910404879929,40.67268122113452,40.65689686411408
自己効力感,12211,千葉県,成田市,都市部,2024,46.28118178397479,42.68981169026236,42.58343973461991
自己効力感,12211,千葉県,成田市,都市部,2025,32.24350889093261,41.93578646700334,41.9145230162455
自己効力感,12211,千葉県,成田市,都市部,2026,41.94238779939403,41.920699357548784,41.814467690588955
自己効力感,12212,千葉県,佐倉市,都市部,2023,56.06255056509593,46.3892335688817,46.49286279290129
自己効力感,12212,千葉県,佐倉市,都市部,2024,54.33950462366177,46.7974733529689,46.83156135851558
自己効力感,12212,千葉県,佐倉市,都市部,2025,51.37545476703188,45.861992315291005,46.024785472999255
自己効力感,12212,千葉県,佐倉市,都市部,2026,53.51654704719267,46.08999168905541,46.11576275310396
自己効力感,12213,千葉県,東金市,地方の中心都市,2023,49.266993758114495,40.035130544968915,39.95197219428296
自己効力感,12213,千葉県,東金市,地方の中心都市,2024,35.301736998229224,40.08138283332618,40.046176183526775
自己効力感,12213,千葉県,東金市,地方の中心都市,2025,28.9287141621527,38.94811794768291,38.81411074890596
自己効力感,12213,千葉県,東金市,地方の中心都市,2026,43.50750692241326,39.43273391113365,39.342311536807635
自己効力感,12215,千葉県,旭市,農山村の小都市,2024,50.71312374088413,38.57669320882241,38.40206010414164
自己効力感,12215,千葉県,旭市,農山村の小都市,2025,51.757660451187235,37.51316204734775,37.19588841095934
自己効力感,12215,千葉県,旭市,農山村の小都市,2026,49.504203875095506,37.901804474227994,37.59664811724243
自己効力感,12216,千葉県,習志野市,都市部,2023,40.717595483668404,54.682190710195904,54.81436978517992
自己効力感,12216,千葉県,習志野市,都市部,2024,67.32365763911075,55.41667314283111,55.42088977923904
自己効力感,12216,千葉県,習志野市,都市部,2025,56.55896142935922,54.506958232778665,54.645209841812935
自己効力感,12216,千葉県,習志野市,都市部,2026,53.693286000506546,54.73409519753223,54.75729256814926
自己効力感,12217,千葉県,柏市,都市部,2023,54.71738346243284,52.908266258122325,53.027096544280404
自己効力感,12217,千葉県,柏市,都市部,2024,47.15513937757022,53.08618348436877,53.13478074248068
自己効力感,12217,千葉県,柏市,都市部,2025,53.64803117838354,52.41717308337398,52.59925325305869
自己効力感,12217,千葉県,柏市,都市部,2026,49.022278345610886,52.6860542836295,52.79692708060331
自己効力感,12219,千葉県,市原市,都市部,2024,37.14788332652763,46.08039250780365,46.2435582327693
自己効力感,12219,千葉県,市原市,都市部,2025,39.9001640394062,45.15312810601398,45.28776118129497
自己効力感,12219,千葉県,市原市,都市部,2026,36.46858575732574,45.31874625810018,45.3643230731178
自己効力感,12220,千葉県,流山市,都市部,2023,45.988647270361696,57.610404334351266,57.57845890470118
自己効力感,12220,千葉県,流山市,都市部,2024,51.25467427210219,57.597074226197066,57.552662387928194
自己効力感,12220,千葉県,流山市,都市部,2025,43.238043934190856,56.71292741267317,56.57643876724281
自己効力感,12220,千葉県,流山市,都市部,2026,46.81645838882374,57.41338343626616,57.28206970176795
自己効力感,12221,千葉県,八千代市,都市部,2023,73.33803878267038,53.58391292200834,53.61070712666501
自己効力感,12221,千葉県,八千代市,都市部,2024,42.929557376194914,53.89834433807506,53.92406240905151
自己効力感,12221,千葉県,八千代市,都市部,2025,42.82136574574592,52.886318484156526,52.96161749842112
自己効力感,12221,千葉県,八千代市,都市部,2026,57.96170018749756,53.60526702265483,53.68561005147493
自己効力感,12222,千葉県,我孫子市,都市部,2023,50.638412693833345,49.30790141908947,49.415762413167364
自己効力感,12222,千葉県,我孫子市,都市部,2024,59.35156953426432,49.970685688856555,50.041611889604
自己効力感,12222,千葉県,我孫子市,都市部,2025,60.12565424019648,49.14517185662219,49.14880473535529
自己効力感,12222,千葉県,我孫子市,都市部,2026,46.470844238314676,49.83509077651388,49.741456472394816
自己効力感,12224,千葉県,鎌ケ谷市,都市部,2024,49.71794133895231,53.054444410702516,52.99253512941151
自己効力感,12224,千葉県,鎌ケ谷市,都市部,2025,50.327793660400516,52.44018833724583,52.31493400796827
自己効力感,12224,千葉県,鎌ケ谷市,都市部,2026,43.885512639478385,53.061146157792535,52.8862328644341
自己効力感,12225,千葉県,君津市,地方の中心都市,2023,29.261693645393972,43.71069104018481,44.044087647012965
自己効力感,12225,千葉県,君津市,地方の中心都市,2024,45.2018735622656,44.36578901701241,44.55973617412526
自己効力感,12225,千葉県,君津市,地方の中心都市,2025,30.41192779961402,43.30450544056598,43.56700368822387
自己効力感,12225,千葉県,君津市,地方の中心都市,2026,34.82405941601398,43.55869156089187,43.68979462457272
自己効力感,12226,千葉県,富津市,地方の中心都市,2024,38.46626193199876,42.66748217769672,42.78782935948878
自己効力感,12227,千葉県,浦安市,都市部,2023,60.605331727633825,58.096863825049454,57.6955168004701
自己効力感,12227,千葉県,浦安市,都市部,2024,65.41760318617604,58.658134678108155,58.32710098933494
自己効力感,12227,千葉県,浦安市,都市部,2025,54.605580487608776,57.3418136683109,56.85075435095953
自己効力感,12227,千葉県,浦安市,都市部,2026,64.32811412334603,57.51661766257842,57.052841570922354
自己効力感,12228,千葉県,四街道市,都市部,2023,50.49189728184828,49.67492970341338,49.77188347267388
自己効力感,12228,千葉県,四街道市,都市部,2024,45.40560290981257,50.09914181125659,50.182585088331464
自己効力感,12228,千葉県,四街道市,都市部,2025,35.12893895985409,49.02636074249662,49.151575076031946
自己効力感,12228,千葉県,四街道市,都市部,2026,55.62896410029414,49.70519238855701,49.821117859419346
自己効力感,12229,千葉県,袖ケ浦市,都市部,2023,54.88646114464146,46.68663114909579,46.24149499993285
自己効力感,12229,千葉県,袖ケ浦市,都市部,2024,25.184601436759984,47.2207342293586,46.844969945219034
自己効力感,12229,千葉県,袖ケ浦市,都市部,2025,36.433027465445136,45.85461220000736,45.27152948296589
自己効力感,12229,千葉県,袖ケ浦市,都市部,2026,44.2938976622607,46.02777792744194,45.543677723117256
自己効力感,12230,千葉県,八街市,地方の中心都市,2023,30.882896358835428,38.6406128747513,38.93825817180527
自己効力感,12230,千葉県,八街市,地方の中心都市,2024,37.57171415174744,39.0175724832378,39.13599172792645
自己効力感,12230,千葉県,八街市,地方の中心都市,2025,29.933865853354487,38.78285358375746,39.048017009536764
自己効力感,12230,千葉県,八街市,地方の中心都市,2026,31.820249528807505,39.34953400152534,39.62198775556446
自己効力感,12231,千葉県,印西市,都市部,2023,44.832044223254286,50.230960806758404,50.472526126911816
自己効力感,12231,千葉県,印西市,都市部,2024,53.64947858938503,49.56642319379222,49.56415591642682
自己効力感,12231,千葉県,印西市,都市部,2025,44.26296109076891,47.92178277625002,48.07605117223527
自己効力感,12231,千葉県,印西市,都市部,2026,42.27220807455556,48.21934251861175,48.225405746637925
自己効力感,12232,千葉県,白井市,都市部,2023,54.800553798636734,49.76023794473419,49.89391720776418
自己効力感,12232,千葉県,白井市,都市部,2024,60.067680075766106,48.42703190564881,48.22596811306611
自己効力感,12232,千葉県,白井市,都市部,2025,46.315223225418656,46.78680186492981,46.56877892861605
自己効力感,12232,千葉県,白井市,都市部,2026,60.971030539925465,47.149500121685115,46.91461310549859
自己効力感,12233,千葉県,富里市,地方の中心都市,2024,28.717218344177123,38.72798262678624,39.056122929522225
自己効力感,12233,千葉県,富里市,地方の中心都市,2026,41.70781100207053,37.98353338132607,38.31075510499924
自己効力感,12234,千葉県,南房総市,農山村の小都市,2024,35.370092457753984,39.08492012216988,39.18907444284325
自己効力感,12236,千葉県,香取市,農山村の小都市,2023,32.77839930030312,35.86855424296906,36.00180078640452
自己効力感,12236,千葉県,香取市,農山村の小都市,2024,26.47607884588468,36.277394936292524,36.408000897436445
自己効力感,12236,千葉県,香取市,農山村の小都市,2025,32.42618915778849,35.01285152488664,34.999532581288456
自己効力感,12236,千葉県,香取市,農山村の小都市,2026,33.203011816778314,35.201691929159,35.28745882947865
自己効力感,12237,千葉県,山武市,農山村の小都市,2024,34.83144739842033,35.266978433476964,35.048101973651384
自己効力感,12237,千葉県,山武市,農山村の小都市,2026,34.37387341877037,34.164738286404045,33.99382706800454
自己効力感,12238,千葉県,いすみ市,農山村の小都市,2024,41.42789179701522,31.42615426961543,31.117555307133237
自己効力感,12239,千葉県,大網白里市,地方の中心都市,2024,48.26573946789473,43.04965153774421,43.0977191021042
自己効力感,12239,千葉県,大網白里市,地方の中心都市,2026,45.691732029143694,41.84907081181633,41.83710357059592
自己効力感,13101,東京都,千代田区,都市部,2023,75.18426658795356,60.660447735069454,59.78024939445955
自己効力感,13101,東京都,千代田区,都市部,2024,69.0240432603566,61.58594097963807,60.83026600979254
自己効力感,13101,東京都,千代田区,都市部,2025,75.71712070210194,59.906397866811375,58.855100267355056
自己効力感,13101,東京都,千代田区,都市部,2026,74.28351164119225,60.67894617847416,59.75894612301197
自己効力感,13102,東京都,中央区,都市部,2023,77.17283683185502,64.37922724568034,64.02848641015312
自己効力感,13102,東京都,中央区,都市部,2024,76.86705257339602,65.01078201505521,64.59583613008846
自己効力感,13102,東京都,中央区,都市部,2025,75.52392443576683,68.12979255068471,66.33893566981979
自己効力感,13102,東京都,中央区,都市部,2026,78.96699245206804,64.9665174799071,64.26874170478787
自己効力感,13103,東京都,港区,都市部,2023,70.13911280538399,62.893036880088566,61.67354799260484
自己効力感,13103,東京都,港区,都市部,2024,83.02423750790967,64.04385292251439,62.81990180098321
自己効力感,13103,東京都,港区,都市部,2025,75.13587779259296,61.888958220061284,60.55150730931369
自己効力感,13103,東京都,港区,都市部,2026,78.55352294775207,62.29559819056038,61.03997862897211
自己効力感,13104,東京都,新宿区,都市部,2023,55.56673611115031,61.25217550656273,60.53048031324155
自己効力感,13104,東京都,新宿区,都市部,2024,63.356099497907856,61.946494187941184,61.14013137825337
自己効力感,13104,東京都,新宿区,都市部,2025,67.97897799477758,60.93743089863919,60.05625964898665
自己効力感,13104,東京都,新宿区,都市部,2026,60.04008510501458,61.081467904413785,60.29433192804521
自己効力感,13105,東京都,文京区,都市部,2023,68.25984884396945,64.38667580650387,63.85825459643648
自己効力感,13105,東京都,文京区,都市部,2024,66.68371160903257,65.04027782726162,64.60565074859315
自己効力感,13105,東京都,文京区,都市部,2025,70.97339960337104,64.39391460984139,63.76383155754147
自己効力感,13105,東京都,文京区,都市部,2026,72.12432548477861,64.25622562192515,63.66765239533373
自己効力感,13106,東京都,台東区,都市部,2023,72.56700584524692,62.281941700234114,62.13842091704644
自己効力感,13106,東京都,台東区,都市部,2024,64.99210628636251,63.432320570605256,63.41273179867842
自己効力感,13106,東京都,台東区,都市部,2025,63.041665325977334,62.03436268095548,61.83958899762115
自己効力感,13106,東京都,台東区,都市部,2026,64.18332743098004,61.37648712544771,60.95464007784551
自己効力感,13107,東京都,墨田区,都市部,2023,60.206886679721975,61.554357779550934,61.46868263075744
自己効力感,13107,東京都,墨田区,都市部,2024,55.651129523452035,62.232043107213414,62.17808010070466
自己効力感,13107,東京都,墨田区,都市部,2025,54.799950790844456,60.76649198473291,60.61921684841225
自己効力感,13107,東京都,墨田区,都市部,2026,56.790062012294364,60.79510314674086,60.647139705135956
自己効力感,13108,東京都,江東区,都市部,2023,53.86345642051997,60.018921264839705,59.958810381269565
自己効力感,13108,東京都,江東区,都市部,2024,62.97057874184554,60.43893486835533,60.41234846684453
自己効力感,13108,東京都,江東区,都市部,2025,57.87597757003137,59.088418376731454,59.074297787242735
自己効力感,13108,東京都,江東区,都市部,2026,59.86902756654649,59.22884417155278,59.341210148449406
自己効力感,13109,東京都,品川区,都市部,2023,50.11016604827852,61.45332920836438,61.48791937943823
自己効力感,13109,東京都,品川区,都市部,2024,68.58334449604648,62.90311042832161,63.051120602764605
自己効力感,13109,東京都,品川区,都市部,2025,65.6055925274965,62.12193742192511,62.16771503253919
自己効力感,13109,東京都,品川区,都市部,2026,69.82310688203037,62.151063582279896,62.26685918359859
自己効力感,13110,東京都,目黒区,都市部,2023,75.21944973890854,62.715648842138705,62.24307727003573
自己効力感,13110,東京都,目黒区,都市部,2024,73.22051525372832,63.47696166267649,63.02601317845612
自己効力感,13110,東京都,目黒区,都市部,2025,72.21838703788205,62.88675318584371,62.3401873343812
自己効力感,13110,東京都,目黒区,都市部,2026,75.21437391954797,62.965119010919466,62.4382243557482
自己効力感,13111,東京都,大田区,都市部,2023,54.432705651545035,58.52825510250964,58.41142083126122
自己効力感,13111,東京都,大田区,都市部,2024,62.027363218319756,59.74230853511707,59.53845621141045
自己効力感,13111,東京都,大田区,都市部,2025,63.626970352555894,59.03188686463232,58.795707398008645
自己効力感,13111,東京都,大田区,都市部,2026,56.805940109809754,59.2375331868666,58.92612891346511
自己効力感,13112,東京都,世田谷区,都市部,2023,70.12654561413702,61.01634774120595,60.59720966847243
自己効力感,13112,東京都,世田谷区,都市部,2024,72.21931986114863,61.92752968402846,61.58206519187854
自己効力感,13112,東京都,世田谷区,都市部,2025,66.42519352309047,61.21030772391872,60.71937467073258
自己効力感,13112,東京都,世田谷区,都市部,2026,66.83085833702471,61.55736068072659,61.12697248492283
自己効力感,13113,東京都,渋谷区,都市部,2023,72.56908185429293,61.44253222140401,61.069771666856695
自己効力感,13113,東京都,渋谷区,都市部,2024,74.84154732505654,62.42777062969765,62.06255042173662
自己効力感,13113,東京都,渋谷区,都市部,2025,67.92570615460266,61.34494551115043,60.95904679632959
自己効力感,13113,東京都,渋谷区,都市部,2026,67.7660851586269,61.135814994157215,60.742609829724
自己効力感,13114,東京都,中野区,都市部,2023,68.73607948485582,60.79791802254803,60.734802605237164
自己効力感,13114,東京都,中野区,都市部,2024,64.40126949879131,61.92784583037732,61.896022453697945
自己効力感,13114,東京都,中野区,都市部,2025,65.61908271962325,61.161085803275974,61.19139443423221
自己効力感,13114,東京都,中野区,都市部,2026,62.05768786928356,60.97957014779872,60.975585688892764
自己効力感,13115,東京都,杉並区,都市部,2023,57.359639629887454,60.4619597331869,60.34310385169463
自己効力感,13115,東京都,杉並区,都市部,2024,61.78427574608208,61.20260953202121,61.02951286229161
自己効力感,13115,東京都,杉並区,都市部,2025,53.449491407910294,60.64442616504647,60.518025327588646
自己効力感,13115,東京都,杉並区,都市部,2026,64.8161901952792,61.07403393588805,60.93675281825193
自己効力感,13116,東京都,豊島区,都市部,2023,61.32465073377743,61.264452678893235,61.400974933430255
自己効力感,13116,東京都,豊島区,都市部,2024,61.50200327843418,61.41754182827493,61.62730853769102
自己効力感,13116,東京都,豊島区,都市部,2025,60.11443423326777,60.33484847417476,60.531087419964685
自己効力感,13116,東京都,豊島区,都市部,2026,51.860275363795225,60.25632540652254,60.42300386640343
自己効力感,13117,東京都,北区,都市部,2023,56.74280863969822,59.30242115371634,59.22864670362935
自己効力感,13117,東京都,北区,都市部,2024,58.89757582650742,60.315275539831816,60.295189691814116
自己効力感,13117,東京都,北区,都市部,2025,62.17940521969115,59.45917061935337,59.3452847589924
自己効力感,13117,東京都,北区,都市部,2026,57.244834620306534,60.01862224657882,59.966512599149816
自己効力感,13118,東京都,荒川区,都市部,2023,52.9076280789453,59.90075261829258,59.81052795442658
自己効力感,13118,東京都,荒川区,都市部,2024,47.305948270489786,61.020587520661955,61.07089101836512
自己効力感,13118,東京都,荒川区,都市部,2025,53.467556711654574,60.11852400333111,59.912435247552764
自己効力感,13118,東京都,荒川区,都市部,2026,50.234693191660696,60.34176909814026,60.20109756498853
自己効力感,13119,東京都,板橋区,都市部,2023,63.72475640585854,59.30170948571418,59.191011287834236
自己効力感,13119,東京都,板橋区,都市部,2024,61.68407820928221,60.378983015389466,60.41194616018963
自己効力感,13119,東京都,板橋区,都市部,2025,52.96756576402934,59.69630909020411,59.81491031085344
自己効力感,13119,東京都,板橋区,都市部,2026,52.88090851933702,59.817323378601145,59.7965248502522
自己効力感,13120,東京都,練馬区,都市部,2023,54.84536493421534,59.488676881475186,59.59155752167512
自己効力感,13120,東京都,練馬区,都市部,2024,56.478967389839525,60.26326308568332,60.4216225857053
自己効力感,13120,東京都,練馬区,都市部,2025,62.75990839372115,59.597226210667415,59.665714668134044
自己効力感,13120,東京都,練馬区,都市部,2026,53.500889308167324,59.90861530046986,60.07107736175753
自己効力感,13121,東京都,足立区,都市部,2023,47.653555881199566,57.44021176945176,57.86630334750932
自己効力感,13121,東京都,足立区,都市部,2024,49.72221268091157,58.15731677913251,58.4510028772087
自己効力感,13121,東京都,足立区,都市部,2025,51.83905866122473,57.56242829339333,57.98669641690488
自己効力感,13121,東京都,足立区,都市部,2026,50.21374069502064,57.98236943560083,58.43400376781783
自己効力感,13122,東京都,葛飾区,都市部,2023,40.657462833489355,56.80371737045559,57.29098249413513
自己効力感,13122,東京都,葛飾区,都市部,2024,53.71648005080881,57.41054484827262,57.927667206785955
自己効力感,13122,東京都,葛飾区,都市部,2025,48.47589739299596,56.55936365668478,57.03193653185383
自己効力感,13122,東京都,葛飾区,都市部,2026,44.920069642928,56.7965011071682,57.23923813187029
自己効力感,13123,東京都,江戸川区,都市部,2023,58.64244569809341,57.98446909855744,58.55165584920381
自己効力感,13123,東京都,江戸川区,都市部,2024,52.635943616715146,58.93224947170799,59.4693519821786
自己効力感,13123,東京都,江戸川区,都市部,2025,49.793384106071166,58.28653911138995,58.83604671866167
自己効力感,13123,東京都,江戸川区,都市部,2026,47.674190237209686,58.67264172361102,59.21076671713454
自己効力感,13201,東京都,八王子市,都市部,2023,29.549340169341626,53.76565360026089,53.755534539714446
自己効力感,13201,東京都,八王子市,都市部,2024,56.682652701246454,53.947116223198975,53.837382810911855
自己効力感,13201,東京都,八王子市,都市部,2025,48.12062180837609,53.02041755075425,52.990680380320626
自己効力感,13201,東京都,八王子市,都市部,2026,53.33957104073035,53.512994846807366,53.3951411802577
自己効力感,13202,東京都,立川市,都市部,2024,72.62150621532373,54.644825515857434,54.63395431542258
自己効力感,13202,東京都,立川市,都市部,2025,60.28482966252458,53.739976902762926,53.624461189156094
自己効力感,13202,東京都,立川市,都市部,2026,57.23094329540882,54.4007178541751,54.231738151277796
自己効力感,13203,東京都,武蔵野市,都市部,2024,54.77555365867326,58.38624158518539,58.549962942215586
自己効力感,13203,東京都,武蔵野市,都市部,2025,59.51470090889523,57.61398135438266,57.826400876955994
自己効力感,13203,東京都,武蔵野市,都市部,2026,55.548341277281935,57.73031426492252,57.94824521046197
自己効力感,13204,東京都,三鷹市,都市部,2024,62.84815564133477,58.81012493721134,58.872230870794326
自己効力感,13204,東京都,三鷹市,都市部,2025,51.93693117872946,58.104434053728184,58.44306382133747
自己効力感,13204,東京都,三鷹市,都市部,2026,66.11019565844867,58.45613745449228,58.707208633868255
自己効力感,13205,東京都,青梅市,地方の中心都市,2024,38.66971133250626,51.108245535180984,51.046842567644156
自己効力感,13205,東京都,青梅市,地方の中心都市,2025,43.48150232576105,50.447064210279414,50.34343043488004
自己効力感,13205,東京都,青梅市,地方の中心都市,2026,48.10954921449057,50.51896766473417,50.367016797381076
自己効力感,13206,東京都,府中市,都市部,2023,56.40200183780347,55.42990839144342,55.15685708398199
自己効力感,13206,東京都,府中市,都市部,2024,58.78416008927627,56.147022940489215,55.85840135748392
自己効力感,13206,東京都,府中市,都市部,2025,56.260918968207,55.474543631286636,55.06324558999243
自己効力感,13206,東京都,府中市,都市部,2026,63.687507295103096,55.9018108438861,55.50772364316227
自己効力感,13207,東京都,昭島市,都市部,2023,59.580410315769946,52.549273968877195,52.70114786116253
自己効力感,13207,東京都,昭島市,都市部,2024,51.30956948746944,52.90350874318564,53.06867844508789
自己効力感,13207,東京都,昭島市,都市部,2025,58.14405999786576,52.71900670074393,52.783380136248695
自己効力感,13207,東京都,昭島市,都市部,2026,45.574231952096156,52.55885350617183,52.676897322097986
自己効力感,13208,東京都,調布市,都市部,2023,33.84794197303131,58.19670899410155,58.346789248989936
自己効力感,13208,東京都,調布市,都市部,2024,69.85252167824952,58.6434049684486,58.8270492733609
自己効力感,13208,東京都,調布市,都市部,2025,59.90696572891132,57.79051063876654,57.95941805380115
自己効力感,13208,東京都,調布市,都市部,2026,56.24897566066888,58.46542541703663,58.60891867570713
自己効力感,13209,東京都,町田市,都市部,2023,56.47747356128252,54.01286620472056,54.03862256037272
自己効力感,13209,東京都,町田市,都市部,2024,40.06861444978806,54.31657716423952,54.28990206023411
自己効力感,13209,東京都,町田市,都市部,2025,66.8510367596592,53.515221028324824,53.367631571148294
自己効力感,13209,東京都,町田市,都市部,2026,60.805805135012655,53.95152799927832,53.82799848814291
自己効力感,13210,東京都,小金井市,都市部,2024,60.53063542619339,57.55118580228583,57.67959317081643
自己効力感,13210,東京都,小金井市,都市部,2025,56.73758783452475,57.160287738028444,57.330998779581705
自己効力感,13210,東京都,小金井市,都市部,2026,52.079463860168154,57.5640910112474,57.70844094572728
自己効力感,13211,東京都,小平市,都市部,2024,50.752401406340404,57.59951397478612,57.724006143874306
自己効力感,13211,東京都,小平市,都市部,2025,50.57227493739526,56.608565420394456,56.84784806148234
自己効力感,13211,東京都,小平市,都市部,2026,65.6469781114025,57.26126418654134,57.432746305241565
自己効力感,13212,東京都,日野市,都市部,2023,48.73352078530584,55.066068245498116,55.00514500533812
自己効力感,13212,東京都,日野市,都市部,2024,51.74564280973288,55.81571401697981,55.7029297532881
自己効力感,13212,東京都,日野市,都市部,2025,45.65097192357775,55.44120867941322,55.42650124650756
自己効力感,13212,東京都,日野市,都市部,2026,48.50773801219642,55.555682297986095,55.48447521796969
自己効力感,13213,東京都,東村山市,都市部,2023,52.94047078665953,55.302560086265714,55.38667589726176
自己効力感,13213,東京都,東村山市,都市部,2024,53.78891285742864,55.57642936843463,55.47477791471006
自己効力感,13213,東京都,東村山市,都市部,2025,50.90718348747742,54.723728823833156,54.837968490324
自己効力感,13213,東京都,東村山市,都市部,2026,66.17235144968075,55.20600779164964,55.26935081964192
自己効力感,13214,東京都,国分寺市,都市部,2024,64.5749714207881,58.15188163721821,58.09884738324784
自己効力感,13214,東京都,国分寺市,都市部,2025,66.81207231380515,57.32886374887647,57.180241846300646
自己効力感,13214,東京都,国分寺市,都市部,2026,56.704497589215244,57.46839318127213,57.32722804666847
自己効力感,13215,東京都,国立市,都市部,2023,70.93748841545226,55.56437322006795,55.62098980534813
自己効力感,13215,東京都,国立市,都市部,2024,62.58395223139297,55.95120495256659,56.12157856758635
自己効力感,13215,東京都,国立市,都市部,2025,57.22212819265437,55.641475317889494,55.76272588585508
自己効力感,13215,東京都,国立市,都市部,2026,67.10411190774816,56.01229516842092,56.09772960154005
自己効力感,13218,東京都,福生市,都市部,2024,52.56745764800337,52.30684692152216,52.30754164373881
自己効力感,13218,東京都,福生市,都市部,2025,42.989877671992,50.93773186938318,50.88431752230988
自己効力感,13218,東京都,福生市,都市部,2026,58.00542000438507,51.70959743240246,51.59354078103629
自己効力感,13219,東京都,狛江市,都市部,2023,60.15066539748141,56.77589239798648,56.470582998321404
自己効力感,13219,東京都,狛江市,都市部,2024,59.37651844939391,56.94682057744858,56.57313219658683
自己効力感,13219,東京都,狛江市,都市部,2025,61.66714616874631,56.682461512912084,56.428734746341924
自己効力感,13219,東京都,狛江市,都市部,2026,55.34528142423624,57.28676098298877,57.02123147258288
自己効力感,13220,東京都,東大和市,都市部,2023,39.856950766174236,53.32330842035583,53.20150124039024
自己効力感,13220,東京都,東大和市,都市部,2024,47.24065620000208,54.52306761313936,54.37756257760234
自己効力感,13220,東京都,東大和市,都市部,2025,44.140372628071525,53.44129228448999,53.37087307557048
自己効力感,13220,東京都,東大和市,都市部,2026,49.14011693872047,53.73075757145482,53.65001116471806
自己効力感,13221,東京都,清瀬市,都市部,2023,41.531996503166575,53.614179367343,53.63713232387814
自己効力感,13221,東京都,清瀬市,都市部,2024,45.86974892101776,54.26514668931453,54.32265819834687
自己効力感,13221,東京都,清瀬市,都市部,2025,55.090921384063144,53.991016016067306,54.018491004765835
自己効力感,13221,東京都,清瀬市,都市部,2026,61.75375364658487,54.642799460663944,54.64689400422234
自己効力感,13222,東京都,東久留米市,都市部,2023,60.323521777101455,54.78707271380043,54.703034342627554
自己効力感,13222,東京都,東久留米市,都市部,2024,55.22608833495455,55.156556556914325,54.994986346801
自己効力感,13222,東京都,東久留米市,都市部,2025,51.171506737957245,54.410821999506766,54.22370968422236
自己効力感,13222,東京都,東久留米市,都市部,2026,57.57215114819368,54.986846734433286,54.887282609829185
自己効力感,13223,東京都,武蔵村山市,都市部,2024,37.58074002972397,53.34734769676121,53.29570658179563
自己効力感,13223,東京都,武蔵村山市,都市部,2025,36.665220215146334,52.37623296250456,52.41957081928955
自己効力感,13223,東京都,武蔵村山市,都市部,2026,31.347489611205848,53.13805920906468,53.077440598251556
自己効力感,13224,東京都,多摩市,都市部,2023,57.85913722214954,52.092263602785565,52.32860069430774
自己効力感,13224,東京都,多摩市,都市部,2024,48.73783616760846,51.81967815974476,52.104760870438625
自己効力感,13224,東京都,多摩市,都市部,2025,51.56984926592774,51.3833537490417,51.59540169209409
自己効力感,13224,東京都,多摩市,都市部,2026,65.23423819034866,51.59917864411658,51.821271703977814
自己効力感,13225,東京都,稲城市,都市部,2023,48.45796356127564,56.456906710728944,56.67069692753265
自己効力感,13225,東京都,稲城市,都市部,2024,50.75146622570664,56.80424441071986,56.96848977427585
自己効力感,13225,東京都,稲城市,都市部,2025,52.98847978312732,55.75631152688447,55.942484770271754
自己効力感,13225,東京都,稲城市,都市部,2026,64.10605999686484,56.48177124846528,56.64393395972654
自己効力感,13227,東京都,羽村市,都市部,2024,51.31440394372601,51.57830536165331,51.73235257392999
自己効力感,13227,東京都,羽村市,都市部,2025,44.81779738801292,50.39921010664988,50.65227139806261
自己効力感,13227,東京都,羽村市,都市部,2026,50.937733184375524,50.87254647053595,51.004750765389545
自己効力感,13228,東京都,あきる野市,地方の中心都市,2023,44.129528983188564,51.43185667924166,51.664173858662764
自己効力感,13228,東京都,あきる野市,地方の中心都市,2024,48.79837117679305,51.970086143505206,52.02214107822475
自己効力感,13228,東京都,あきる野市,地方の中心都市,2025,33.90652761275427,51.05495946921068,51.34279971608854
自己効力感,13228,東京都,あきる野市,地方の中心都市,2026,49.812180654250604,50.8283371493946,50.932121233528505
自己効力感,13229,東京都,西東京市,都市部,2023,85.93794197303131,57.10459032750395,56.874507097298775
自己効力感,13229,東京都,西東京市,都市部,2024,52.72856891935294,57.44786929932211,57.20756031889006
自己効力感,13229,東京都,西東京市,都市部,2025,60.55528461174932,56.487763128098116,56.14037045343194
自己効力感,13229,東京都,西東京市,都市部,2026,53.61840544129031,57.11804637395866,56.86684077283483
自己効力感,14100,神奈川県,横浜市,都市部,2023,56.19189834897985,56.211945458169424,56.28822311828943
自己効力感,14100,神奈川県,横浜市,都市部,2024,55.537857425828854,56.714198737879975,56.80483616616159
自己効力感,14100,神奈川県,横浜市,都市部,2025,53.93400689594736,55.832351688926266,55.97859968695927
自己効力感,14100,神奈川県,横浜市,都市部,2026,54.434061602104535,56.12970668394342,56.23388971604222
自己効力感,14130,神奈川県,川崎市,都市部,2023,59.479830004451145,58.38309779749992,58.354172563463784
自己効力感,14130,神奈川県,川崎市,都市部,2024,57.125372071953436,59.04784862089903,59.064166671264786
自己効力感,14130,神奈川県,川崎市,都市部,2025,58.51406039610821,58.18347405069548,58.175989455177145
自己効力感,14130,神奈川県,川崎市,都市部,2026,59.84752661342945,58.574963725757016,58.54029559077976
自己効力感,14150,神奈川県,相模原市,都市部,2023,49.40571557632523,53.92706263685978,54.055979200046885
自己効力感,14150,神奈川県,相模原市,都市部,2024,51.81393248436616,54.28927992579773,54.4576211973265
自己効力感,14150,神奈川県,相模原市,都市部,2025,48.61168655339722,53.37216096453261,53.46644110880995
自己効力感,14150,神奈川県,相模原市,都市部,2026,46.64666861759981,53.637214112893396,53.71055192906804
自己効力感,14201,神奈川県,横須賀市,都市部,2023,47.44528159842848,50.73846564944567,50.785771180774915
自己効力感,14201,神奈川県,横須賀市,都市部,2024,56.5984182706912,51.26269578461582,51.23520904145156
自己効力感,14201,神奈川県,横須賀市,都市部,2025,45.15370052608469,50.41724081598265,50.58034418770941
自己効力感,14201,神奈川県,横須賀市,都市部,2026,48.30443261308173,50.69960162151979,50.73338172242753
自己効力感,14203,神奈川県,平塚市,都市部,2023,49.53025590855616,50.76495691584854,50.81652377351155
自己効力感,14203,神奈川県,平塚市,都市部,2024,58.40644228206045,51.60091619181021,51.61534389767911
自己効力感,14203,神奈川県,平塚市,都市部,2025,52.42371779144434,50.26978892405046,50.23656833569253
自己効力感,14203,神奈川県,平塚市,都市部,2026,45.072454984886434,50.5071914184818,50.55071865001881
自己効力感,14204,神奈川県,鎌倉市,都市部,2023,76.29194043022419,55.572636049208526,54.980998109122424
自己効力感,14204,神奈川県,鎌倉市,都市部,2024,62.19224870049831,55.844163795482075,55.22054718631271
自己効力感,14204,神奈川県,鎌倉市,都市部,2025,49.310801123492666,54.78033041780974,54.15047593069272
自己効力感,14204,神奈川県,鎌倉市,都市部,2026,51.53905850705586,55.0943991659654,54.442440106598625
自己効力感,14205,神奈川県,藤沢市,都市部,2023,63.84362982564872,54.86267729081628,54.64593684916125
自己効力感,14205,神奈川県,藤沢市,都市部,2024,63.665325535813665,54.88918640912896,54.56793589518783
自己効力感,14205,神奈川県,藤沢市,都市部,2025,63.80514871587053,54.00078032655567,53.746539413398956
自己効力感,14205,神奈川県,藤沢市,都市部,2026,59.795918541889904,54.154718262462005,53.8618577252488
自己効力感,14206,神奈川県,小田原市,都市部,2023,51.96960851754892,49.794586516751544,49.980198209725714
自己効力感,14206,神奈川県,小田原市,都市部,2024,47.2900794967112,50.34086113433431,50.445908055500624
自己効力感,14206,神奈川県,小田原市,都市部,2025,48.38756461345044,49.47311681749903,49.48922804097441
自己効力感,14206,神奈川県,小田原市,都市部,2026,51.00424284034699,49.64871240304246,49.642407691906925
自己効力感,14207,神奈川県,茅ヶ崎市,都市部,2023,63.10759327939053,55.107006934124996,55.139866197844526
自己効力感,14207,神奈川県,茅ヶ崎市,都市部,2024,70.19269059975503,55.98524824778617,56.00684129548954
自己効力感,14207,神奈川県,茅ヶ崎市,都市部,2025,51.56011107357898,54.360831571444635,54.362818333785846
自己効力感,14207,神奈川県,茅ヶ崎市,都市部,2026,45.761603400488156,54.791157784368856,54.81196907367613
自己効力感,14208,神奈川県,逗子市,地方の中心都市,2023,56.56485535448632,53.6667384325765,53.492228337279336
自己効力感,14208,神奈川県,逗子市,地方の中心都市,2024,65.50555303526366,54.14689976823292,53.93289325931137
自己効力感,14208,神奈川県,逗子市,地方の中心都市,2025,65.54986825779545,52.91380922652768,52.67699197845489
自己効力感,14208,神奈川県,逗子市,地方の中心都市,2026,64.87063313060636,53.48087150015019,53.23238514830166
自己効力感,14210,神奈川県,三浦市,農山村の小都市,2024,35.35137023691501,43.968792362556314,43.991881141251525
自己効力感,14211,神奈川県,秦野市,地方の中心都市,2023,42.27777435471719,49.50283871527171,49.69489863552919
自己効力感,14211,神奈川県,秦野市,地方の中心都市,2024,50.60954600285152,50.01369025637776,50.11116445937914
自己効力感,14211,神奈川県,秦野市,地方の中心都市,2025,47.351916651602636,48.97067507388161,49.11046342532531
自己効力感,14211,神奈川県,秦野市,地方の中心都市,2026,33.37088564821898,49.254798322343625,49.37119250369539
自己効力感,14212,神奈川県,厚木市,都市部,2023,60.55160917146708,49.77780441994098,49.882672874642246
自己効力感,14212,神奈川県,厚木市,都市部,2024,48.80189526707931,50.23881755569773,50.308226907247025
自己効力感,14212,神奈川県,厚木市,都市部,2025,52.25126880968417,49.06907354799594,49.063016115789374
自己効力感,14212,神奈川県,厚木市,都市部,2026,41.524648651067956,49.2796519783428,49.31163437727136
自己効力感,14213,神奈川県,大和市,都市部,2023,42.64518715325793,56.81015864266909,57.114278948028115
自己効力感,14213,神奈川県,大和市,都市部,2024,52.98555684094459,56.91348237452221,57.06184109591079
自己効力感,14213,神奈川県,大和市,都市部,2025,51.65828924104417,56.0697362530453,56.383937084754464
自己効力感,14213,神奈川県,大和市,都市部,2026,40.5219626745209,56.391464784281744,56.5580727008572
自己効力感,14214,神奈川県,伊勢原市,都市部,2023,42.37770944787019,52.07759709348174,52.11456338837786
自己効力感,14214,神奈川県,伊勢原市,都市部,2024,52.51435787063553,52.72079281527653,52.70476815905632
自己効力感,14214,神奈川県,伊勢原市,都市部,2025,46.41648764784331,51.26437588617724,51.27826909288548
自己効力感,14214,神奈川県,伊勢原市,都市部,2026,61.55882506936037,51.214020664962646,51.105116062334254
自己効力感,14215,神奈川県,海老名市,都市部,2023,46.08190927554264,54.57488934708379,55.062974823790476
自己効力感,14215,神奈川県,海老名市,都市部,2024,54.13097137330259,54.134193361457896,54.262161541123874
自己効力感,14215,神奈川県,海老名市,都市部,2025,61.84146442847576,53.70584224336898,54.058336981616094
自己効力感,14215,神奈川県,海老名市,都市部,2026,55.29167024950659,53.43191238712981,53.58839010603227
自己効力感,14216,神奈川県,座間市,都市部,2023,58.52085587498729,53.77656657957262,53.85816065276972
自己効力感,14216,神奈川県,座間市,都市部,2024,55.823803866277956,54.30852366503029,54.26273676879108
自己効力感,14216,神奈川県,座間市,都市部,2025,67.57122141816761,53.42863041898159,53.446078873452315
自己効力感,14216,神奈川県,座間市,都市部,2026,48.34723173456753,53.910270841639026,54.02620339222035
自己効力感,14217,神奈川県,南足柄市,地方の中心都市,2024,38.81054593606642,43.23183882537771,43.45726663900744
自己効力感,14218,神奈川県,綾瀬市,都市部,2023,37.847288496645184,51.079621545016536,51.1283996625517
自己効力感,14218,神奈川県,綾瀬市,都市部,2024,32.051261030899816,51.45057114973946,51.51755959143147
自己効力感,14218,神奈川県,綾瀬市,都市部,2025,39.017458032193616,50.46699089644198,50.45416324765314
自己効力感,14218,神奈川県,綾瀬市,都市部,2026,41.108461467761146,51.180841414700545,51.24087963056544
自己効力感,14321,神奈川県,寒川町,都市部,2024,39.503981531876995,50.30292940793375,50.34135617952791
自己効力感,14321,神奈川県,寒川町,都市部,2026,29.433892756739215,49.09680854620533,49.16593034620807
自己効力感,14401,神奈川県,愛川町,地方の中心都市,2024,38.030817411970965,45.35539263907769,45.41373639255528
自己効力感,15100,新潟県,新潟市,都市部,2023,41.755933761311034,44.15825124484643,44.89658310834473
自己効力感,15100,新潟県,新潟市,都市部,2024,40.03242254196845,44.615617536431195,45.365453311615944
自己効力感,15100,新潟県,新潟市,都市部,2025,42.6875502424446,43.77931971201982,44.46733912946945
自己効力感,15100,新潟県,新潟市,都市部,2026,45.03125980690322,44.032011261111265,44.63470017831695
自己効力感,15202,新潟県,長岡市,地方の中心都市,2023,30.589202829098795,43.3331984513201,43.5076345971572
自己効力感,15202,新潟県,長岡市,地方の中心都市,2024,39.45690340293572,43.74570711269009,43.772086109596195
自己効力感,15202,新潟県,長岡市,地方の中心都市,2025,33.01616125547086,42.777953236571,43.00386005874786
自己効力感,15202,新潟県,長岡市,地方の中心都市,2026,48.24188284698307,43.01402899469896,43.08137875031249
自己効力感,15204,新潟県,三条市,地方の中心都市,2023,41.7305316906691,43.34895327759513,43.48957014921642
自己効力感,15204,新潟県,三条市,地方の中心都市,2024,38.08883043252118,43.91948506308559,44.095393915574796
自己効力感,15204,新潟県,三条市,地方の中心都市,2025,41.69372170492804,42.8039295046619,42.94496718122046
自己効力感,15204,新潟県,三条市,地方の中心都市,2026,38.57805836678953,42.843759825545796,42.97525881751069
自己効力感,15205,新潟県,柏崎市,地方の中心都市,2023,38.48003299751716,41.55253050409283,41.72095782697909
自己効力感,15205,新潟県,柏崎市,地方の中心都市,2024,32.66865741005719,41.97311003105657,42.156344137995625
自己効力感,15205,新潟県,柏崎市,地方の中心都市,2025,30.360299417598437,41.15270428525802,41.24172319851414
自己効力感,15205,新潟県,柏崎市,地方の中心都市,2026,40.02166181857149,41.33575962759206,41.500864640283076
自己効力感,15206,新潟県,新発田市,地方の中心都市,2023,31.1470474751833,41.47855979516186,41.47421001575661
自己効力感,15206,新潟県,新発田市,地方の中心都市,2024,45.56161362609586,41.75590659309616,41.756634321679506
自己効力感,15206,新潟県,新発田市,地方の中心都市,2025,30.663920418703274,40.811108671873455,40.83780484770697
自己効力感,15206,新潟県,新発田市,地方の中心都市,2026,36.1754086915014,41.17121551396481,41.10889255476172
自己効力感,15208,新潟県,小千谷市,農山村の小都市,2024,34.763836234044035,42.32409877573892,42.421640915237596
自己効力感,15209,新潟県,加茂市,農山村の小都市,2024,32.89048955559168,39.59644722170119,39.36846177844488
自己効力感,15210,新潟県,十日町市,農山村の小都市,2024,54.315739821530634,37.62068553798867,37.721489109916526
自己効力感,15210,新潟県,十日町市,農山村の小都市,2026,27.57120102093728,36.90554440877523,36.94902349266977
自己効力感,15211,新潟県,見附市,地方の中心都市,2024,54.577119918821474,42.26497159178612,42.10813482433306
自己効力感,15212,新潟県,村上市,農山村の小都市,2023,35.098727716168746,36.99645200909306,36.83047148871808
自己効力感,15212,新潟県,村上市,農山村の小都市,2024,42.04283264925205,37.387583716668,37.221224965027226
自己効力感,15212,新潟県,村上市,農山村の小都市,2025,51.670375477602384,36.19480591990151,35.96627103832479
自己効力感,15212,新潟県,村上市,農山村の小都市,2026,46.97696556777964,36.450084132385335,36.18081586648755
自己効力感,15213,新潟県,燕市,地方の中心都市,2023,48.164104726843355,41.918404632282,42.07223439119444
自己効力感,15213,新潟県,燕市,地方の中心都市,2024,40.03072229588849,42.35829454894987,42.532712771592855
自己効力感,15213,新潟県,燕市,地方の中心都市,2025,44.176187337024864,41.45080464184992,41.58767061594064
自己効力感,15213,新潟県,燕市,地方の中心都市,2026,36.4559759117547,41.78780092983263,41.87770004474913
自己効力感,15216,新潟県,糸魚川市,農山村の小都市,2024,41.44297222845417,40.21142018157883,40.02768760623229
自己効力感,15217,新潟県,妙高市,農山村の小都市,2024,52.52747384048306,35.914447881653395,36.14966219773339
自己効力感,15218,新潟県,五泉市,農山村の小都市,2024,34.24995018779701,40.402322275259465,40.49346335007174
自己効力感,15218,新潟県,五泉市,農山村の小都市,2026,35.23759639965754,39.454628327523,39.55778505465098
自己効力感,15222,新潟県,上越市,地方の中心都市,2023,31.899349337823597,43.899406685892465,43.651449669382075
自己効力感,15222,新潟県,上越市,地方の中心都市,2024,47.91089366467153,44.33804306838791,44.120638693024006
自己効力感,15222,新潟県,上越市,地方の中心都市,2025,45.40632729137759,43.26600260833878,42.92147935964965
自己効力感,15222,新潟県,上越市,地方の中心都市,2026,39.426729230926696,43.45603628776396,43.227906078557
自己効力感,15223,新潟県,阿賀野市,農山村の小都市,2024,23.108329021878458,39.46618916135115,39.46336570517694
自己効力感,15224,新潟県,佐渡市,農山村の小都市,2024,40.420343403408054,36.31534329872944,36.507812418290825
自己効力感,15224,新潟県,佐渡市,農山村の小都市,2025,31.52131369987394,35.294223530323976,35.528080324722694
自己効力感,15224,新潟県,佐渡市,農山村の小都市,2026,35.44022388818559,35.26896386481891,35.540487793256695
自己効力感,15225,新潟県,魚沼市,農山村の小都市,2024,35.557574236921425,37.7623665894933,37.63119502663316
自己効力感,15226,新潟県,南魚沼市,農山村の小都市,2024,43.32925089819263,40.00129056164753,39.87147543078925
自己効力感,15226,新潟県,南魚沼市,農山村の小都市,2025,32.76180022330128,38.76445939880991,38.72600137028097
自己効力感,15226,新潟県,南魚沼市,農山村の小都市,2026,36.56782318188279,39.11299713494731,38.97874592417499
自己効力感,15342,新潟県,弥彦村,農山村の小都市,2023,41.28822483899558,43.311212790162436,43.46499897471861
自己効力感,15385,新潟県,阿賀町,農山村の小都市,2023,50.087798094828834,26.763017177272207,27.075795441029705
自己効力感,16201,富山県,富山市,地方の中心都市,2023,35.49795049272955,47.28204967364861,47.40217723396553
自己効力感,16201,富山県,富山市,地方の中心都市,2024,33.45923419002848,47.66547731068113,47.704933182656816
自己効力感,16201,富山県,富山市,地方の中心都市,2025,42.38254865196032,46.79091821477235,46.926948301063405
自己効力感,16201,富山県,富山市,地方の中心都市,2026,42.9899357463736,47.13825343276254,47.25482408840959
自己効力感,16202,富山県,高岡市,地方の中心都市,2023,46.32496176760672,46.92816548084143,46.9247225827845
自己効力感,16202,富山県,高岡市,地方の中心都市,2024,38.684704432467065,47.332792576481076,47.25564194978082
自己効力感,16202,富山県,高岡市,地方の中心都市,2025,30.52445131459005,46.65425430366893,46.645549765976895
自己効力感,16202,富山県,高岡市,地方の中心都市,2026,38.382740074262735,46.78324159511799,46.775633665848524
自己効力感,16205,富山県,氷見市,農山村の小都市,2024,50.263598491396706,39.84831289119382,39.89486472083022
自己効力感,16205,富山県,氷見市,農山村の小都市,2026,45.90980526921816,38.52094488886646,38.6221758343231
自己効力感,16207,富山県,黒部市,地方の中心都市,2024,46.47627146349808,39.62184118646342,39.63350730737819
自己効力感,16208,富山県,砺波市,地方の中心都市,2024,37.82809237470038,43.63308816321443,43.71759750090522
自己効力感,16208,富山県,砺波市,地方の中心都市,2025,40.05933925458251,42.77063073211397,42.8140795637432
自己効力感,16208,富山県,砺波市,地方の中心都市,2026,22.412049136614133,42.92907702954359,43.00812146777167
自己効力感,16210,富山県,南砺市,農山村の小都市,2024,27.320315635308713,41.5882102158999,41.545653073029406
自己効力感,16210,富山県,南砺市,農山村の小都市,2026,34.34715318454073,40.7411667636123,40.745469441994196
自己効力感,16211,富山県,射水市,地方の中心都市,2023,36.925060211097104,45.51807422780527,45.741555106819185
自己効力感,16211,富山県,射水市,地方の中心都市,2024,36.2802196992951,46.035157394357526,46.252784579198384
自己効力感,16211,富山県,射水市,地方の中心都市,2025,39.68932723381016,44.87377727493997,44.98048263793657
自己効力感,16211,富山県,射水市,地方の中心都市,2026,31.145722657116305,45.037872121308894,45.18392896293536
自己効力感,16323,富山県,立山町,農山村の小都市,2023,27.685727118121633,38.264897069727745,38.446941120901336
自己効力感,16343,富山県,朝日町,農山村の小都市,2023,19.327925945432348,34.36827115558596,34.52439354232786
自己効力感,16343,富山県,朝日町,農山村の小都市,2024,32.16367263352866,34.884470020253616,34.92339998531939
自己効力感,17201,石川県,金沢市,都市部,2023,58.924879201084266,51.205883276559874,51.25527281957403
自己効力感,17201,石川県,金沢市,都市部,2024,52.03866542129699,51.606434980539156,51.52963510371393
自己効力感,17201,石川県,金沢市,都市部,2025,37.66438372829731,50.86248455860264,50.98149546447166
自己効力感,17201,石川県,金沢市,都市部,2026,49.59660981848811,51.212086710342774,51.23080382573427
自己効力感,17202,石川県,七尾市,農山村の小都市,2024,36.42193063550514,40.39643551227215,40.40711480466915
自己効力感,17202,石川県,七尾市,農山村の小都市,2025,56.0353471469297,38.05912380390727,38.27554465047581
自己効力感,17202,石川県,七尾市,農山村の小都市,2026,54.80304503554299,39.51105941457344,39.4401328971442
自己効力感,17203,石川県,小松市,地方の中心都市,2023,53.477905661225996,46.88489934167106,46.885391883457785
自己効力感,17203,石川県,小松市,地方の中心都市,2024,52.58860459754694,47.53019186774065,47.45293762793869
自己効力感,17203,石川県,小松市,地方の中心都市,2025,44.37997557265085,46.61407888854835,46.64829143595263
自己効力感,17203,石川県,小松市,地方の中心都市,2026,42.151117851063944,46.613412153870534,46.511014536360854
自己効力感,17205,石川県,珠洲市,農山村の小都市,2023,43.230291194676084,33.63982941135857,33.50024112337714
自己効力感,17206,石川県,加賀市,地方の中心都市,2023,40.4725721327691,38.95364123298051,39.045660160592355
自己効力感,17206,石川県,加賀市,地方の中心都市,2024,41.844376068993306,39.40035750739513,39.395152885686194
自己効力感,17206,石川県,加賀市,地方の中心都市,2025,34.86514421151666,38.4161823508354,38.47698879743076
自己効力感,17206,石川県,加賀市,地方の中心都市,2026,47.57501490634105,38.67698658148383,38.579335663244976
自己効力感,17210,石川県,白山市,地方の中心都市,2023,35.220653405541384,44.41861588283869,44.72658629298126
自己効力感,17210,石川県,白山市,地方の中心都市,2024,42.07434117865575,44.914817612419334,45.23220392115722
自己効力感,17210,石川県,白山市,地方の中心都市,2025,36.10291375899769,44.07941231847546,44.46831785877418
自己効力感,17210,石川県,白山市,地方の中心都市,2026,34.3193251579937,43.99468206033727,44.237866535598656
自己効力感,17211,石川県,能美市,地方の中心都市,2023,44.555488457307185,48.426125005300534,48.39071084507466
自己効力感,17211,石川県,能美市,地方の中心都市,2024,41.464211960818794,48.73605708536183,48.71955095831906
自己効力感,17211,石川県,能美市,地方の中心都市,2026,41.256616453329784,48.55874237596665,48.40361729330323
自己効力感,17212,石川県,野々市市,都市部,2023,50.4836318382787,53.7301984175936,53.78189625350858
自己効力感,17212,石川県,野々市市,都市部,2024,48.6159939786889,54.03272806603188,53.981481837561624
自己効力感,17212,石川県,野々市市,都市部,2025,51.75746243761413,53.90242500121676,53.940393818846914
自己効力感,17212,石川県,野々市市,都市部,2026,42.621756748939205,53.9640943701851,53.90573388314566
自己効力感,17361,石川県,津幡町,地方の中心都市,2024,43.95384234341682,47.55534464595481,47.75801380750636
自己効力感,18201,福井県,福井市,地方の中心都市,2023,54.68080821927379,48.96942472213419,48.93984665832396
自己効力感,18201,福井県,福井市,地方の中心都市,2024,59.69391832781494,49.34150137792402,49.30498966655433
自己効力感,18201,福井県,福井市,地方の中心都市,2025,48.757607929737034,48.468279931933225,48.398530949099836
自己効力感,18201,福井県,福井市,地方の中心都市,2026,51.98756687209334,48.71769554534661,48.54842248882817
自己効力感,18202,福井県,敦賀市,地方の中心都市,2024,50.651006067957,47.501959380551476,47.42474144656223
自己効力感,18202,福井県,敦賀市,地方の中心都市,2025,39.341711857247105,46.944651555352095,47.0647945098943
自己効力感,18202,福井県,敦賀市,地方の中心都市,2026,47.252794659682486,46.86183440390664,46.811552630738525
自己効力感,18207,福井県,鯖江市,地方の中心都市,2023,43.56886731488356,50.546456650907,50.87898345331169
自己効力感,18207,福井県,鯖江市,地方の中心都市,2024,49.53766575432274,51.07240305764125,51.38568605890373
自己効力感,18207,福井県,鯖江市,地方の中心都市,2025,40.17735863293409,50.73167780320481,51.01097680968965
自己効力感,18207,福井県,鯖江市,地方の中心都市,2026,46.858084496591026,50.81776241853014,51.00610435752594
自己効力感,18209,福井県,越前市,地方の中心都市,2023,66.54849419380938,47.11136844244482,47.24253708330433
自己効力感,18209,福井県,越前市,地方の中心都市,2024,53.86774060355092,48.18984857650297,48.29903341483606
自己効力感,18209,福井県,越前市,地方の中心都市,2025,51.19143346543765,48.35895690311792,48.19795995122099
自己効力感,18209,福井県,越前市,地方の中心都市,2026,53.40286415519307,47.72648698885449,47.730101021623796
自己効力感,18210,福井県,坂井市,地方の中心都市,2024,46.466335356161075,44.75045867115513,45.00221888654212
自己効力感,18210,福井県,坂井市,地方の中心都市,2025,53.17373103833814,43.8846900792265,44.12477070853045
自己効力感,18210,福井県,坂井市,地方の中心都市,2026,41.64661104707421,43.904484211756234,44.12146371974411
自己効力感,19201,山梨県,甲府市,地方の中心都市,2023,33.29185869999944,50.932330185953944,51.2437102046807
自己効力感,19201,山梨県,甲府市,地方の中心都市,2024,50.871921480421996,50.848054554028465,51.256615149334095
自己効力感,19201,山梨県,甲府市,地方の中心都市,2025,59.05437508820654,50.128699676479606,50.491254319715665
自己効力感,19201,山梨県,甲府市,地方の中心都市,2026,46.61380847143982,50.26835485506694,50.60546364026148
自己効力感,19202,山梨県,富士吉田市,地方の中心都市,2024,51.713831033377566,43.90588653363809,44.19765681220177
自己効力感,19202,山梨県,富士吉田市,地方の中心都市,2026,41.14938440421706,43.321014442686035,43.65500145314318
自己効力感,19208,山梨県,南アルプス市,農山村の小都市,2024,51.75820506107023,47.59235660523892,47.418510241890964
自己効力感,19208,山梨県,南アルプス市,農山村の小都市,2025,56.73057486166197,46.75516648390401,46.485563595665745
自己効力感,19208,山梨県,南アルプス市,農山村の小都市,2026,46.50232424187471,47.07146842415452,46.844169411533635
自己効力感,19209,山梨県,北杜市,農山村の小都市,2024,57.9042185525672,40.129484426052805,39.659802331717614
自己効力感,19209,山梨県,北杜市,農山村の小都市,2026,49.617205626980606,39.24840131076611,38.70427833602974
自己効力感,19210,山梨県,甲斐市,地方の中心都市,2023,27.349914455337647,48.671843009953925,48.66957515469867
自己効力感,19210,山梨県,甲斐市,地方の中心都市,2024,47.588788350798644,48.78669630945198,48.76276560039532
自己効力感,19210,山梨県,甲斐市,地方の中心都市,2025,47.274662352797336,47.81906677300775,47.74845184772336
自己効力感,19210,山梨県,甲斐市,地方の中心都市,2026,75.85654517268173,48.29034814030432,48.20224197677491
自己効力感,19211,山梨県,笛吹市,農山村の小都市,2023,47.879342818345386,45.252316223609405,44.95005710986054
自己効力感,19211,山梨県,笛吹市,農山村の小都市,2024,35.938521322355115,46.05337933546839,45.62561418029067
自己効力感,19211,山梨県,笛吹市,農山村の小都市,2025,46.23762344701191,45.056160920989335,44.80755998310717
自己効力感,19211,山梨県,笛吹市,農山村の小都市,2026,16.85132633430264,45.30396546300381,44.96759207409541
自己効力感,20201,長野県,長野市,地方の中心都市,2023,46.78891130546498,48.22746710318812,48.1429590393372
自己効力感,20201,長野県,長野市,地方の中心都市,2024,42.85031616861529,48.591603581691544,48.52635764542517
自己効力感,20201,長野県,長野市,地方の中心都市,2025,41.18806354385333,47.78957754627937,47.733818108556775
自己効力感,20201,長野県,長野市,地方の中心都市,2026,46.53539911645534,48.099144743774026,48.06099059328769
自己効力感,20202,長野県,松本市,地方の中心都市,2023,57.10076854908408,47.716173830585824,47.62472697752872
自己効力感,20202,長野県,松本市,地方の中心都市,2024,61.71280594485457,48.10513071058661,47.918524899777964
自己効力感,20202,長野県,松本市,地方の中心都市,2025,36.30767352109324,47.0025493172491,46.96842138456304
自己効力感,20202,長野県,松本市,地方の中心都市,2026,41.69330777311115,47.158558951239726,46.98921443171933
自己効力感,20203,長野県,上田市,地方の中心都市,2023,33.21748861040944,46.08134708131215,46.05676258567098
自己効力感,20203,長野県,上田市,地方の中心都市,2024,41.483097417387896,46.76537655754993,46.72806900915047
自己効力感,20203,長野県,上田市,地方の中心都市,2025,26.63183527040263,45.73018139506486,45.626740480235114
自己効力感,20203,長野県,上田市,地方の中心都市,2026,51.01712398368066,45.97045614296941,45.96384005149799
自己効力感,20204,長野県,岡谷市,地方の中心都市,2024,54.735425105530624,46.49825127178602,46.66102829901145
自己効力感,20204,長野県,岡谷市,地方の中心都市,2026,51.574840637533974,45.827938775930164,45.83340667604441
自己効力感,20205,長野県,飯田市,農山村の小都市,2024,37.519322076526976,46.10536954732888,45.93641318964471
自己効力感,20205,長野県,飯田市,農山村の小都市,2025,40.006439846265536,45.358361947536274,45.05154680361439
自己効力感,20205,長野県,飯田市,農山村の小都市,2026,27.57707241447964,45.88037655356254,45.69061720682994
自己効力感,20206,長野県,諏訪市,地方の中心都市,2024,40.078768862869,48.00033216605741,47.89550157882581
自己効力感,20206,長野県,諏訪市,地方の中心都市,2026,44.55844814469141,47.40398513324145,47.21128812151837
自己効力感,20207,長野県,須坂市,農山村の小都市,2024,31.61946877027038,46.45815150454741,46.489527975238644
自己効力感,20207,長野県,須坂市,農山村の小都市,2026,41.907019369487244,45.78085937503496,45.80357700704882
自己効力感,20208,長野県,小諸市,地方の中心都市,2024,46.22933179978644,42.1310639244188,42.26371742877183
自己効力感,20209,長野県,伊那市,農山村の小都市,2024,40.671788178937454,42.786559646948064,42.96767982130245
自己効力感,20209,長野県,伊那市,農山村の小都市,2025,50.68545498622841,42.235212068811535,42.36369870162409
自己効力感,20209,長野県,伊那市,農山村の小都市,2026,44.18765483773827,42.49868523749355,42.55110216660708
自己効力感,20211,長野県,中野市,農山村の小都市,2024,33.940789359583704,44.03856330305187,43.91682866855411
自己効力感,20214,長野県,茅野市,地方の中心都市,2023,38.67006310995869,46.01681854108399,46.11780561821197
自己効力感,20214,長野県,茅野市,地方の中心都市,2024,47.796222187360506,46.51396277661293,46.581571071480916
自己効力感,20214,長野県,茅野市,地方の中心都市,2025,40.252164477588494,45.74636503530203,45.73762200598408
自己効力感,20214,長野県,茅野市,地方の中心都市,2026,58.115946356222366,45.927628082521025,45.869084464103985
自己効力感,20215,長野県,塩尻市,地方の中心都市,2023,51.79940714225662,42.46016636527847,42.55206870840245
自己効力感,20215,長野県,塩尻市,地方の中心都市,2024,39.349097684695295,42.51273480010096,42.662021462246116
自己効力感,20215,長野県,塩尻市,地方の中心都市,2025,42.21226234732548,41.827953888598614,41.85937071109474
自己効力感,20215,長野県,塩尻市,地方の中心都市,2026,37.69117976019022,42.190588647442574,42.18704926590638
自己効力感,20217,長野県,佐久市,地方の中心都市,2023,52.95087123790526,45.41473272897954,45.437749050523465
自己効力感,20217,長野県,佐久市,地方の中心都市,2024,45.1979727339166,45.6474780441405,45.6629663989496
自己効力感,20217,長野県,佐久市,地方の中心都市,2025,51.963390419608785,44.96228842755235,45.00183234034421
自己効力感,20217,長野県,佐久市,地方の中心都市,2026,48.24203593649376,45.14550170610998,45.201830132092844
自己効力感,20218,長野県,千曲市,地方の中心都市,2023,34.950365159051636,47.160084577604664,47.0833986981841
自己効力感,20218,長野県,千曲市,地方の中心都市,2024,44.952773784034015,47.46712741370162,47.46288211429985
自己効力感,20218,長野県,千曲市,地方の中心都市,2025,44.204705056475206,46.725330182079404,46.57927080269367
自己効力感,20218,長野県,千曲市,地方の中心都市,2026,60.40585582944707,47.04009035651296,46.899161427786716
自己効力感,20220,長野県,安曇野市,地方の中心都市,2023,54.03978512478604,46.1777974742968,45.752155928363116
自己効力感,20220,長野県,安曇野市,地方の中心都市,2024,53.911601076750834,46.38733821709484,45.999828866237884
自己効力感,20220,長野県,安曇野市,地方の中心都市,2025,50.80004801272457,45.53790081039052,45.091575911280835
自己効力感,20220,長野県,安曇野市,地方の中心都市,2026,43.88824950844553,45.78557528055126,45.27399202562925
自己効力感,21201,岐阜県,岐阜市,都市部,2023,53.26592072171086,50.39231122292867,50.54907936977612
自己効力感,21201,岐阜県,岐阜市,都市部,2024,57.7595137800334,51.066637682944915,51.11277946921332
自己効力感,21201,岐阜県,岐阜市,都市部,2025,35.686048978676915,50.182348881629004,50.276011335937106
自己効力感,21201,岐阜県,岐阜市,都市部,2026,49.36131343083928,50.39408121627956,50.39011358083154
自己効力感,21202,岐阜県,大垣市,地方の中心都市,2023,55.8354946851903,46.74615624762416,46.8130652588565
自己効力感,21202,岐阜県,大垣市,地方の中心都市,2024,49.00857691015395,46.91274627310388,46.889539310718
自己効力感,21202,岐阜県,大垣市,地方の中心都市,2025,49.0614140114674,46.2264546848958,46.2430992937935
自己効力感,21202,岐阜県,大垣市,地方の中心都市,2026,41.57272644219257,46.60567215310953,46.60280643739334
自己効力感,21203,岐阜県,高山市,農山村の小都市,2023,51.07836905001299,40.64240330084916,40.663609923890846
自己効力感,21203,岐阜県,高山市,農山村の小都市,2024,44.398940687908684,41.113355380852646,41.13536782382858
自己効力感,21203,岐阜県,高山市,農山村の小都市,2025,46.782508218810705,40.42254197584412,40.49536883038569
自己効力感,21203,岐阜県,高山市,農山村の小都市,2026,50.794118521092436,40.59686948066828,40.669769831136556
自己効力感,21204,岐阜県,多治見市,地方の中心都市,2024,41.95450308695052,50.27370017631391,50.50293521474935
自己効力感,21204,岐阜県,多治見市,地方の中心都市,2025,48.682831627332554,49.42936218780014,49.56138860275926
自己効力感,21204,岐阜県,多治見市,地方の中心都市,2026,45.12806761717245,49.456156126810995,49.649253726088645
自己効力感,21205,岐阜県,関市,地方の中心都市,2023,40.17656284790662,45.22852092561529,45.210183548297685
自己効力感,21205,岐阜県,関市,地方の中心都市,2024,38.43855841259784,45.60413041040309,45.46378459459308
自己効力感,21205,岐阜県,関市,地方の中心都市,2025,48.35131812753335,44.55115991250251,44.58482081880444
自己効力感,21205,岐阜県,関市,地方の中心都市,2026,48.99618688512352,44.85701386141899,44.788125921825554
自己効力感,21206,岐阜県,中津川市,農山村の小都市,2024,33.14067021500769,45.128486885936766,45.305291216105864
自己効力感,21206,岐阜県,中津川市,農山村の小都市,2025,37.938705116332216,44.051906542576546,44.337511143139
自己効力感,21206,岐阜県,中津川市,農山村の小都市,2026,36.49097125368968,44.10363360030256,44.29041520405757
自己効力感,21207,岐阜県,美濃市,農山村の小都市,2023,39.65166973741444,43.42173720834069,43.45642771706328
自己効力感,21208,岐阜県,瑞浪市,地方の中心都市,2024,37.938452660395185,46.436920657459254,46.5308886809744
自己効力感,21209,岐阜県,羽島市,都市部,2023,35.15511139576516,45.548867149539426,46.00546099093484
自己効力感,21209,岐阜県,羽島市,都市部,2024,36.67121674524331,45.75298413618666,46.193999318078376
自己効力感,21209,岐阜県,羽島市,都市部,2025,42.76893363444871,44.87998621688411,45.32738060743611
自己効力感,21209,岐阜県,羽島市,都市部,2026,25.0618426915607,45.79651919006855,45.92303372310142
自己効力感,21210,岐阜県,恵那市,農山村の小都市,2024,49.597102816030606,43.84977463241702,43.84148238080854
自己効力感,21210,岐阜県,恵那市,農山村の小都市,2026,43.245454872063576,43.13610062622962,43.15141860837302
自己効力感,21211,岐阜県,美濃加茂市,地方の中心都市,2024,50.20990856798359,46.39082402361498,46.37976439124336
自己効力感,21211,岐阜県,美濃加茂市,地方の中心都市,2025,34.897080016346784,45.21171096718948,45.222605011353615
自己効力感,21211,岐阜県,美濃加茂市,地方の中心都市,2026,37.92771616405244,45.67506700170809,45.69731534935111
自己効力感,21212,岐阜県,土岐市,地方の中心都市,2024,51.009768009577435,47.939800496294694,48.0310815913676
自己効力感,21212,岐阜県,土岐市,地方の中心都市,2025,56.55325777764182,47.049267785199135,47.08745651002344
自己効力感,21212,岐阜県,土岐市,地方の中心都市,2026,47.48015568655755,47.433971659250616,47.55372280402122
自己効力感,21213,岐阜県,各務原市,都市部,2023,52.90273880522276,50.30765091726224,50.35150684856739
自己効力感,21213,岐阜県,各務原市,都市部,2024,41.77186028530859,50.82861510350526,50.81345806492125
自己効力感,21213,岐阜県,各務原市,都市部,2025,51.07780897218185,49.75797300658409,49.77774476326269
自己効力感,21213,岐阜県,各務原市,都市部,2026,56.47866098905082,50.295429821663916,50.192336291475314
自己効力感,21214,岐阜県,可児市,地方の中心都市,2023,39.126513328158055,49.05435860379513,48.89135204198099
自己効力感,21214,岐阜県,可児市,地方の中心都市,2024,49.99092114585237,49.14978632872263,48.9634051611426
自己効力感,21214,岐阜県,可児市,地方の中心都市,2025,33.045018527527475,48.46846721992423,48.349662694972366
自己効力感,21214,岐阜県,可児市,地方の中心都市,2026,37.02779415307039,48.635153324545506,48.47704833489686
自己効力感,21216,岐阜県,瑞穂市,都市部,2024,47.39495495899108,50.74416975521895,50.6441662516096
自己効力感,21216,岐阜県,瑞穂市,都市部,2025,57.168998610456065,49.52178678124951,49.44095133893643
自己効力感,21216,岐阜県,瑞穂市,都市部,2026,48.92994691372896,49.61786968069463,49.50055688132239
自己効力感,21218,岐阜県,本巣市,農山村の小都市,2024,39.87957093202246,47.285486932424725,46.76593275799661
自己効力感,21219,岐阜県,郡上市,農山村の小都市,2024,51.72659515436958,42.536199004606324,42.447805321346934
自己効力感,21220,岐阜県,下呂市,農山村の小都市,2023,35.13400292231128,41.2072270663161,40.69106418999911
自己効力感,21341,岐阜県,養老町,地方の中心都市,2023,36.59516623347281,35.755827355715596,35.921336164573006
自己効力感,21341,岐阜県,養老町,地方の中心都市,2024,36.13584178492266,36.08652730415666,36.222244643813426
自己効力感,22100,静岡県,静岡市,地方の中心都市,2023,43.506898060310135,48.66672491659524,49.4821111502139
自己効力感,22100,静岡県,静岡市,地方の中心都市,2024,46.720529114238424,49.12491716274892,49.82790777156424
自己効力感,22100,静岡県,静岡市,地方の中心都市,2025,41.69749986375412,48.36936459223211,49.09313143268306
自己効力感,22100,静岡県,静岡市,地方の中心都市,2026,45.18467053994855,48.58044739528982,49.19112028023602
自己効力感,22130,静岡県,浜松市,地方の中心都市,2023,47.97845310307416,47.166273351349325,47.290804268996595
自己効力感,22130,静岡県,浜松市,地方の中心都市,2024,47.71767551374451,47.61992867845898,47.83088772040421
自己効力感,22130,静岡県,浜松市,地方の中心都市,2025,44.37028446438995,46.62402672928801,46.71665689134555
自己効力感,22130,静岡県,浜松市,地方の中心都市,2026,42.76587521798534,46.91625825413532,47.0264924474315
自己効力感,22203,静岡県,沼津市,地方の中心都市,2023,45.61695221732623,47.24987847746049,47.828145083867774
自己効力感,22203,静岡県,沼津市,地方の中心都市,2024,44.23177933442743,47.587701364461424,48.05367363122092
自己効力感,22203,静岡県,沼津市,地方の中心都市,2025,32.56342356570478,46.491828012663476,47.07123315479123
自己効力感,22203,静岡県,沼津市,地方の中心都市,2026,41.37929160919042,46.91516950620857,47.3407512468008
自己効力感,22205,静岡県,熱海市,地方の中心都市,2023,49.58911965614185,37.11436380184942,37.32398814300272
自己効力感,22205,静岡県,熱海市,地方の中心都市,2024,42.019288407224565,38.046946034721834,38.23529847372269
自己効力感,22206,静岡県,三島市,地方の中心都市,2023,47.27920384216631,44.672123141572364,44.839935800151395
自己効力感,22206,静岡県,三島市,地方の中心都市,2024,43.73104674466039,45.310787383441095,45.49582034777813
自己効力感,22206,静岡県,三島市,地方の中心都市,2025,54.455667155178574,44.294827183744005,44.43242320751528
自己効力感,22206,静岡県,三島市,地方の中心都市,2026,47.18059277065433,44.47267457871075,44.60973390489842
自己効力感,22207,静岡県,富士宮市,地方の中心都市,2023,50.3606883132856,44.68099748259533,44.49345900747683
自己効力感,22207,静岡県,富士宮市,地方の中心都市,2024,45.94601643211473,45.17736817528711,45.06026606821015
自己効力感,22207,静岡県,富士宮市,地方の中心都市,2025,26.33669246386446,43.98404612775046,43.85823988656939
自己効力感,22207,静岡県,富士宮市,地方の中心都市,2026,59.34189681420115,44.42694011426556,44.23828367527542
自己効力感,22208,静岡県,伊東市,地方の中心都市,2024,53.12687720681901,42.289542972970345,42.652086754251364
自己効力感,22208,静岡県,伊東市,地方の中心都市,2025,45.73160087503352,41.302769828515835,41.49223275582914
自己効力感,22208,静岡県,伊東市,地方の中心都市,2026,54.118375353300706,41.6587567740927,41.91415228278427
自己効力感,22209,静岡県,島田市,地方の中心都市,2024,56.42091054202673,45.77996188569352,45.630899522890346
自己効力感,22209,静岡県,島田市,地方の中心都市,2025,49.73151854342623,44.673473845817576,44.57811656958681
自己効力感,22209,静岡県,島田市,地方の中心都市,2026,52.15732511144555,45.11092885504422,45.10634551489847
自己効力感,22210,静岡県,富士市,都市部,2023,37.36802845041251,47.54575833070218,47.48958104173096
自己効力感,22210,静岡県,富士市,都市部,2024,51.860006786462925,48.125410815175755,48.056205019893795
自己効力感,22210,静岡県,富士市,都市部,2025,39.61653600424863,47.131489592159134,47.05304737576309
自己効力感,22210,静岡県,富士市,都市部,2026,36.619046107529016,47.23203311632545,47.13270746070776
自己効力感,22211,静岡県,磐田市,都市部,2023,42.409690543785594,46.065730873111285,46.0164594097287
自己効力感,22211,静岡県,磐田市,都市部,2024,48.580349106033765,46.37850155277324,46.273020887790636
自己効力感,22211,静岡県,磐田市,都市部,2025,52.772769683787324,45.39571641717373,45.224881350094975
自己効力感,22211,静岡県,磐田市,都市部,2026,34.04700939948188,45.62957040555963,45.53523411595539
自己効力感,22212,静岡県,焼津市,都市部,2023,34.18293715532003,46.52954770638063,46.83484773519683
自己効力感,22212,静岡県,焼津市,都市部,2024,35.747811047999136,46.74002363936839,47.095837048392816
自己効力感,22212,静岡県,焼津市,都市部,2025,34.171780663999236,45.67863058893451,45.99091207261911
自己効力感,22212,静岡県,焼津市,都市部,2026,24.006065071728305,45.80130914747466,46.02482083636634
自己効力感,22213,静岡県,掛川市,地方の中心都市,2023,39.134474555298475,42.73736191305904,42.64006592062613
自己効力感,22213,静岡県,掛川市,地方の中心都市,2024,43.12292499319226,43.209215072484014,43.12101912553044
自己効力感,22213,静岡県,掛川市,地方の中心都市,2025,25.33517147767878,42.405618071213794,42.21691538059852
自己効力感,22213,静岡県,掛川市,地方の中心都市,2026,46.80446311708181,42.44228732267314,42.27568844060486
自己効力感,22214,静岡県,藤枝市,地方の中心都市,2023,62.92100049595882,48.0108125444576,48.32336201921121
自己効力感,22214,静岡県,藤枝市,地方の中心都市,2024,52.87915761856331,48.233708439204385,48.520347110477665
自己効力感,22214,静岡県,藤枝市,地方の中心都市,2025,47.39297218594861,47.581818506303804,47.789143769053204
自己効力感,22214,静岡県,藤枝市,地方の中心都市,2026,45.126598643605035,47.83550482869846,48.034257786675006
自己効力感,22215,静岡県,御殿場市,地方の中心都市,2023,36.87032014630813,46.161719685670796,45.73318756063658
自己効力感,22215,静岡県,御殿場市,地方の中心都市,2024,36.79424004223194,46.93716614187422,46.62590334030443
自己効力感,22215,静岡県,御殿場市,地方の中心都市,2025,28.737940885413703,46.218594517444345,45.83346764587378
自己効力感,22215,静岡県,御殿場市,地方の中心都市,2026,41.31887788991665,46.91337712362504,46.627113473936745
自己効力感,22216,静岡県,袋井市,都市部,2023,30.563250409219037,45.846975562700344,45.9653595739526
自己効力感,22216,静岡県,袋井市,都市部,2024,42.54264760767288,45.715935653828346,45.91067894239173
自己効力感,22216,静岡県,袋井市,都市部,2025,50.56598635360709,44.562366540982104,44.8039251569268
自己効力感,22216,静岡県,袋井市,都市部,2026,34.852635284302366,44.899853467714976,45.110043526032634
自己効力感,22220,静岡県,裾野市,地方の中心都市,2024,44.24896411601563,46.155240206373485,45.9813625606192
自己効力感,22220,静岡県,裾野市,地方の中心都市,2025,56.1992292405147,45.30087140937645,45.173331833939876
自己効力感,22220,静岡県,裾野市,地方の中心都市,2026,37.02209624065405,45.819041602399736,45.748164026117436
自己効力感,22221,静岡県,湖西市,地方の中心都市,2024,44.41079917948197,43.941783397225294,44.31266792411067
自己効力感,22221,静岡県,湖西市,地方の中心都市,2025,32.381511794939655,42.600220743542906,42.961905881823085
自己効力感,22221,静岡県,湖西市,地方の中心都市,2026,53.50691007802411,43.23349663983639,43.57722152190787
自己効力感,22223,静岡県,御前崎市,地方の中心都市,2023,39.67353385366781,38.93527091270678,38.971744499096495
自己効力感,22224,静岡県,菊川市,地方の中心都市,2024,37.5801125200384,44.15312265694694,44.34581145450329
自己効力感,22224,静岡県,菊川市,地方の中心都市,2026,54.246612926144536,43.35198732961927,43.453507614619625
自己効力感,22225,静岡県,伊豆の国市,地方の中心都市,2024,37.24245127082514,43.79534914694398,43.65175221776978
自己効力感,22225,静岡県,伊豆の国市,地方の中心都市,2026,47.20611531751755,42.93341893889091,42.84278728190071
自己効力感,22226,静岡県,牧之原市,農山村の小都市,2024,43.79523440605379,42.14393311534372,42.145441436867145
自己効力感,22325,静岡県,函南町,地方の中心都市,2023,54.99164123106287,43.03797341450664,43.09894866664958
自己効力感,22325,静岡県,函南町,地方の中心都市,2024,33.61060270165746,43.207299864360365,43.31812423085954
自己効力感,22342,静岡県,長泉町,都市部,2024,56.258451396955984,53.14725258029115,53.24585518264617
自己効力感,23100,愛知県,名古屋市,都市部,2023,51.48158857992229,53.95916052071722,54.04647552819672
自己効力感,23100,愛知県,名古屋市,都市部,2024,51.09317745607485,54.52693951397868,54.620136237237396
自己効力感,23100,愛知県,名古屋市,都市部,2025,53.88694274620873,53.793568491072,53.72417164177407
自己効力感,23100,愛知県,名古屋市,都市部,2026,52.19488079683886,54.16055412613715,54.16873931965828
自己効力感,23201,愛知県,豊橋市,都市部,2023,49.308293934718904,47.185164197073156,47.11376766195188
自己効力感,23201,愛知県,豊橋市,都市部,2024,45.035662037954644,47.480069467336655,47.43617150584622
自己効力感,23201,愛知県,豊橋市,都市部,2025,61.24146154987011,46.54323656937409,46.391938807393124
自己効力感,23201,愛知県,豊橋市,都市部,2026,39.48377934187618,46.79143499537736,46.73399563235547
自己効力感,23202,愛知県,岡崎市,都市部,2023,55.173979384572675,52.28061029329425,52.210886175321775
自己効力感,23202,愛知県,岡崎市,都市部,2024,62.949770207970786,52.76976074911805,52.73455330948055
自己効力感,23202,愛知県,岡崎市,都市部,2025,45.17225826474707,51.67272297998568,51.50287686749245
自己効力感,23202,愛知県,岡崎市,都市部,2026,46.81424372683508,52.042574317205144,51.90874820475808
自己効力感,23203,愛知県,一宮市,都市部,2023,37.186346242902424,50.89420131817889,51.07853302059439
自己効力感,23203,愛知県,一宮市,都市部,2024,50.02631256060151,51.35592742216147,51.514117208707056
自己効力感,23203,愛知県,一宮市,都市部,2025,45.06544848262692,50.52007868620602,50.56864181268259
自己効力感,23203,愛知県,一宮市,都市部,2026,43.070646103868256,50.87243994992227,50.91172687335302
自己効力感,23204,愛知県,瀬戸市,地方の中心都市,2024,51.53489516649658,52.134446178736034,52.26667310672192
自己効力感,23204,愛知県,瀬戸市,地方の中心都市,2025,46.66514033446782,50.956492705456505,51.15358642069477
自己効力感,23204,愛知県,瀬戸市,地方の中心都市,2026,39.94351935149034,51.36098039675002,51.45234272869966
自己効力感,23205,愛知県,半田市,都市部,2023,53.13890228596829,48.76828244974974,48.774953057084566
自己効力感,23205,愛知県,半田市,都市部,2024,36.08112038138572,49.301155230767556,49.31907051804246
自己効力感,23205,愛知県,半田市,都市部,2025,47.45592540000541,48.170793416373364,48.17948277343242
自己効力感,23205,愛知県,半田市,都市部,2026,50.001383831057794,48.6037148810874,48.56021584798656
自己効力感,23206,愛知県,春日井市,都市部,2024,27.152959428968042,53.24250633491527,53.38552790144348
自己効力感,23206,愛知県,春日井市,都市部,2025,41.337709684190195,52.38165007993692,52.40754928522083
自己効力感,23206,愛知県,春日井市,都市部,2026,40.57158257541834,52.95347754076691,53.07680638355915
自己効力感,23207,愛知県,豊川市,都市部,2023,75.06694197303132,50.42106979852987,50.406827236282275
自己効力感,23207,愛知県,豊川市,都市部,2024,54.23742319046934,50.80238566461672,50.69002310377035
自己効力感,23207,愛知県,豊川市,都市部,2025,46.60142126030881,49.74373374939256,49.77696553972131
自己効力感,23207,愛知県,豊川市,都市部,2026,31.31770085668541,50.07613633139915,50.04141128338073
自己効力感,23208,愛知県,津島市,都市部,2023,40.07238490434784,46.74460230153956,46.69357445425339
自己効力感,23208,愛知県,津島市,都市部,2024,41.74569389270976,46.94309324178988,46.9136761152557
自己効力感,23208,愛知県,津島市,都市部,2025,42.22616730527344,45.91048027727805,45.882007720728254
自己効力感,23208,愛知県,津島市,都市部,2026,21.66090234838762,46.384023317645905,46.30510347443156
自己効力感,23209,愛知県,碧南市,都市部,2024,51.26547084043424,48.36107775178122,48.32996002043214
自己効力感,23209,愛知県,碧南市,都市部,2025,28.362431046970865,47.056915215725176,46.81036598439321
自己効力感,23209,愛知県,碧南市,都市部,2026,37.192310940122546,47.70429890195393,47.71328939491981
自己効力感,23210,愛知県,刈谷市,都市部,2023,55.93599091225547,52.93930561230364,53.0657299917426
自己効力感,23210,愛知県,刈谷市,都市部,2024,53.54674201578506,53.73058366792266,53.618425814541624
自己効力感,23210,愛知県,刈谷市,都市部,2025,51.640572352451365,52.58901267651004,52.59297376404929
自己効力感,23210,愛知県,刈谷市,都市部,2026,44.709281875666996,52.67724660112492,52.69029228778728
自己効力感,23211,愛知県,豊田市,都市部,2023,48.323422453599655,50.26663034299802,49.88821790762731
自己効力感,23211,愛知県,豊田市,都市部,2024,52.22958049055976,50.86251617863238,50.48510805492811
自己効力感,23211,愛知県,豊田市,都市部,2025,35.30735960044648,49.73849054367951,49.40579186699816
自己効力感,23211,愛知県,豊田市,都市部,2026,52.05863544969171,50.17097148174589,49.71048741042286
自己効力感,23212,愛知県,安城市,都市部,2023,39.10332864498915,50.412902673873766,50.519978002889914
自己効力感,23212,愛知県,安城市,都市部,2024,54.4449333639883,50.47550301811471,50.55410572235677
自己効力感,23212,愛知県,安城市,都市部,2025,57.81707434201776,49.61429144746346,49.690268798114886
自己効力感,23212,愛知県,安城市,都市部,2026,52.73088564359405,50.14043124188109,50.19994249438524
自己効力感,23213,愛知県,西尾市,都市部,2023,47.71044463958849,47.210482782736754,47.12945108774397
自己効力感,23213,愛知県,西尾市,都市部,2024,39.96308140081044,47.62240414659236,47.46726630122763
自己効力感,23213,愛知県,西尾市,都市部,2025,38.94920908187515,46.57747901231161,46.27188659785323
自己効力感,23213,愛知県,西尾市,都市部,2026,35.19835819281425,46.8247048622585,46.677189286763074
自己効力感,23214,愛知県,蒲郡市,地方の中心都市,2023,41.0870488490562,47.888351033734,47.752280202394374
自己効力感,23214,愛知県,蒲郡市,地方の中心都市,2024,53.755342569409656,48.31983645508024,48.10999827362163
自己効力感,23214,愛知県,蒲郡市,地方の中心都市,2025,53.995519461200395,47.44101775566196,47.31784107089824
自己効力感,23214,愛知県,蒲郡市,地方の中心都市,2026,49.62361526132237,47.49463991397166,47.36245793608704
自己効力感,23215,愛知県,犬山市,地方の中心都市,2023,44.26406829070069,49.97888659023075,49.905777038191346
自己効力感,23215,愛知県,犬山市,地方の中心都市,2024,54.14442012373318,50.01918670927186,50.00633349848514
自己効力感,23215,愛知県,犬山市,地方の中心都市,2025,47.671081034717396,49.17579883834616,49.062035711141476
自己効力感,23215,愛知県,犬山市,地方の中心都市,2026,46.94341486232334,49.910245956839375,49.83577044647951
自己効力感,23216,愛知県,常滑市,都市部,2023,41.7685058526276,48.360392908930855,48.34795322578583
自己効力感,23216,愛知県,常滑市,都市部,2024,42.528392081116635,49.0000431726324,48.94426967437346
自己効力感,23216,愛知県,常滑市,都市部,2025,43.95676688765561,47.827175500460754,47.783472642502716
自己効力感,23216,愛知県,常滑市,都市部,2026,46.815812325361016,47.38773075259916,47.29183628792418
自己効力感,23217,愛知県,江南市,都市部,2023,42.376517410419694,50.18686189785676,50.37317210642526
自己効力感,23217,愛知県,江南市,都市部,2024,44.080700031776104,50.96559342066789,51.022467204368795
自己効力感,23217,愛知県,江南市,都市部,2025,42.09983165861539,49.85597057565347,49.94767635536989
自己効力感,23217,愛知県,江南市,都市部,2026,45.63043921618016,50.218850214411546,50.243479046638846
自己効力感,23219,愛知県,小牧市,都市部,2023,35.9347984893203,49.46136134854444,49.39348499876168
自己効力感,23219,愛知県,小牧市,都市部,2024,44.9625738388203,49.854117450158334,49.77515078604527
自己効力感,23219,愛知県,小牧市,都市部,2025,36.06571641592306,48.94896681856171,48.97062477358651
自己効力感,23219,愛知県,小牧市,都市部,2026,37.577103795749856,49.055046521509475,49.00349816494457
自己効力感,23220,愛知県,稲沢市,都市部,2023,37.89566489231659,47.62532629876951,47.70530447200947
自己効力感,23220,愛知県,稲沢市,都市部,2024,50.07432551028184,48.180741665099504,48.2194797240611
自己効力感,23220,愛知県,稲沢市,都市部,2025,37.11936701233671,47.35145572392386,47.44093630554246
自己効力感,23220,愛知県,稲沢市,都市部,2026,37.656381496455595,47.72175427818971,47.781059847628484
自己効力感,23221,愛知県,新城市,農山村の小都市,2024,33.70951145296259,43.06400447570477,43.47827235594594
自己効力感,23222,愛知県,東海市,都市部,2023,46.57162305491686,51.271309536466404,51.10971639097751
自己効力感,23222,愛知県,東海市,都市部,2024,52.93316864608024,51.80119321530988,51.61951087059265
自己効力感,23222,愛知県,東海市,都市部,2025,48.84488976740602,51.266871966791214,51.05344958116829
自己効力感,23222,愛知県,東海市,都市部,2026,49.92833323481954,51.52753156973662,51.28713791680589
自己効力感,23223,愛知県,大府市,都市部,2023,54.23019049793117,52.94805539069831,53.19452918701178
自己効力感,23223,愛知県,大府市,都市部,2024,54.13198856954814,53.72534725220111,54.05215999816882
自己効力感,23223,愛知県,大府市,都市部,2025,60.46345563392901,52.82033597910511,53.27366917250201
自己効力感,23223,愛知県,大府市,都市部,2026,65.58462358019331,53.21464942391031,53.545858859328916
自己効力感,23224,愛知県,知多市,都市部,2024,33.92904145153777,48.48486264278802,48.52473866194408
自己効力感,23224,愛知県,知多市,都市部,2025,37.12740347950253,47.54338034900199,47.57507000718793
自己効力感,23224,愛知県,知多市,都市部,2026,49.49898626950323,48.30713351984925,48.394791006643224
自己効力感,23225,愛知県,知立市,都市部,2024,47.36778289568177,50.86152441602012,51.051389939405965
自己効力感,23225,愛知県,知立市,都市部,2025,37.367513392112016,50.20706423763475,50.51313407099734
自己効力感,23225,愛知県,知立市,都市部,2026,42.560816004117655,50.16160082392256,50.39628639576004
自己効力感,23226,愛知県,尾張旭市,都市部,2023,45.848893695751634,53.7661930729391,53.882437871070216
自己効力感,23226,愛知県,尾張旭市,都市部,2024,57.83306487339297,54.40279148173498,54.58492486943378
自己効力感,23226,愛知県,尾張旭市,都市部,2025,52.01879100074315,53.26603274359392,53.36681686777678
自己効力感,23226,愛知県,尾張旭市,都市部,2026,56.04993132013613,53.984305033038524,54.092760635015246
自己効力感,23227,愛知県,高浜市,都市部,2024,34.84864926429776,52.586513030981536,52.425259640110106
自己効力感,23227,愛知県,高浜市,都市部,2026,53.59166273563717,51.966835408603195,51.90525095181418
自己効力感,23228,愛知県,岩倉市,都市部,2024,42.06582633161304,52.447272940107176,52.44851854436293
自己効力感,23228,愛知県,岩倉市,都市部,2026,53.30517922895045,52.06443749474523,51.945208337528186
自己効力感,23229,愛知県,豊明市,都市部,2024,37.54723581341479,52.00945582536028,51.86364190987869
自己効力感,23229,愛知県,豊明市,都市部,2025,50.54000334419536,51.390539908323774,51.29881067612971
自己効力感,23229,愛知県,豊明市,都市部,2026,34.62517962478847,51.71376147921507,51.64813782320931
自己効力感,23230,愛知県,日進市,都市部,2023,59.506648848972,56.45750220049405,56.642155248623396
自己効力感,23230,愛知県,日進市,都市部,2024,44.13533819496123,56.69285449336624,56.84991475053947
自己効力感,23230,愛知県,日進市,都市部,2025,58.42597508140525,55.607511674558964,55.72424500018654
自己効力感,23230,愛知県,日進市,都市部,2026,64.86683557410464,56.232034225286796,56.32313233580214
自己効力感,23231,愛知県,田原市,農山村の小都市,2024,41.57585205828101,44.75852058435202,43.17894842769904
自己効力感,23231,愛知県,田原市,農山村の小都市,2025,47.51249896771764,44.15188606296198,42.457085980434435
自己効力感,23231,愛知県,田原市,農山村の小都市,2026,36.90243950672829,44.599837740735396,42.94171664864982
自己効力感,23232,愛知県,愛西市,地方の中心都市,2023,57.96202195886616,43.566896018050386,43.48865633969184
自己効力感,23232,愛知県,愛西市,地方の中心都市,2024,46.51821160272098,43.90496801881445,43.83957890553036
自己効力感,23232,愛知県,愛西市,地方の中心都市,2025,46.379899461851565,42.9217511622573,42.71873095751399
自己効力感,23232,愛知県,愛西市,地方の中心都市,2026,58.88810479707473,43.096192852477216,43.01893792708263
自己効力感,23233,愛知県,清須市,都市部,2024,47.75927684073883,52.4210994761997,52.25164546185315
自己効力感,23233,愛知県,清須市,都市部,2025,40.3004874793342,51.85639554507686,51.66989904389743
自己効力感,23233,愛知県,清須市,都市部,2026,59.52563491233496,52.575150880504104,52.409365430964
自己効力感,23234,愛知県,北名古屋市,都市部,2024,49.67733587363411,54.06597822335327,54.0656059691942
自己効力感,23234,愛知県,北名古屋市,都市部,2025,41.64751054017959,53.02717874610014,53.06907171380184
自己効力感,23234,愛知県,北名古屋市,都市部,2026,62.32878685714693,54.07361082877759,54.00293834089332
自己効力感,23235,愛知県,弥富市,都市部,2024,42.200705838186536,44.16161391646674,44.26616409079204
自己効力感,23236,愛知県,みよし市,都市部,2024,45.27729590851516,52.970236690468674,53.25327402699342
自己効力感,23236,愛知県,みよし市,都市部,2025,49.321572798432,51.99624158710176,52.04725974124962
自己効力感,23236,愛知県,みよし市,都市部,2026,44.24886763705449,52.09628110742166,52.219051799858505
自己効力感,23237,愛知県,あま市,都市部,2023,47.036932179739246,50.53448805181567,50.53686842754556
自己効力感,23237,愛知県,あま市,都市部,2024,37.608026668182355,50.95121960219862,50.93297042523259
自己効力感,23237,愛知県,あま市,都市部,2025,50.18486372047142,49.90979929380992,49.90428393176503
自己効力感,23237,愛知県,あま市,都市部,2026,47.05176687851728,50.19569757944229,50.1348715101568
自己効力感,23238,愛知県,長久手市,都市部,2023,69.27487861742243,57.050487785967746,57.33085422159288
自己効力感,23238,愛知県,長久手市,都市部,2024,62.962708783333376,57.19867822963879,57.29733912536017
自己効力感,23238,愛知県,長久手市,都市部,2025,56.85237414293831,56.67446313560697,57.08305195518845
自己効力感,23238,愛知県,長久手市,都市部,2026,57.70180142480949,56.49783311115081,56.65569199186431
自己効力感,23302,愛知県,東郷町,都市部,2024,53.088172890884,54.43661853269128,54.55361434859301
自己効力感,23425,愛知県,蟹江町,都市部,2024,46.37161256322602,51.8515441579718,51.99123659885147
自己効力感,23442,愛知県,東浦町,都市部,2024,50.432582109189404,49.2542592010454,49.1156368538365
自己効力感,23442,愛知県,東浦町,都市部,2026,40.974446285551124,47.938437376233175,47.924335281198
自己効力感,23447,愛知県,武豊町,都市部,2024,37.12368773896214,50.45781002687265,50.29161736324768
自己効力感,23501,愛知県,幸田町,都市部,2024,36.19652605974231,51.221776616173116,51.25633914950222
自己効力感,24201,三重県,津市,地方の中心都市,2023,37.01894197303131,47.917093070538414,47.806307998555624
自己効力感,24201,三重県,津市,地方の中心都市,2024,39.791370279123825,48.26301055093594,48.30333776719531
自己効力感,24201,三重県,津市,地方の中心都市,2025,44.26934428219676,47.15346174001356,46.98355779356287
自己効力感,24201,三重県,津市,地方の中心都市,2026,52.98571771482685,47.50931946742965,47.4031384487944
自己効力感,24202,三重県,四日市市,都市部,2023,40.508227064276525,49.9444501771096,49.81255376052795
自己効力感,24202,三重県,四日市市,都市部,2024,42.98795420849675,49.89310341565354,49.92462975440266
自己効力感,24202,三重県,四日市市,都市部,2025,56.34463387913779,49.231984782082975,48.95031836510452
自己効力感,24202,三重県,四日市市,都市部,2026,51.054180654252725,49.69182129235552,49.513829023671384
自己効力感,24203,三重県,伊勢市,地方の中心都市,2023,49.6317656534045,47.63834729280547,48.016590784217
自己効力感,24203,三重県,伊勢市,地方の中心都市,2024,54.157718115095676,48.076726302311,48.40567782519527
自己効力感,24203,三重県,伊勢市,地方の中心都市,2025,55.04274730141802,47.24720555129093,47.652673944584954
自己効力感,24203,三重県,伊勢市,地方の中心都市,2026,29.176942984733635,47.46635323859261,47.76270889777309
自己効力感,24204,三重県,松阪市,地方の中心都市,2024,42.39105197073833,46.212311446993986,46.30008014219618
自己効力感,24204,三重県,松阪市,地方の中心都市,2025,56.418588104996154,45.528445978995414,45.62802950160894
自己効力感,24204,三重県,松阪市,地方の中心都市,2026,47.90278670249019,45.61594172892312,45.726592021080606
自己効力感,24205,三重県,桑名市,都市部,2023,49.88608335946125,49.18372604384452,49.222199423424115
自己効力感,24205,三重県,桑名市,都市部,2024,54.45709254721666,49.485407326769646,49.44986445455765
自己効力感,24205,三重県,桑名市,都市部,2025,39.15762125774319,48.34722244705576,48.389560006630404
自己効力感,24205,三重県,桑名市,都市部,2026,49.195395434624146,48.599320331651114,48.65424239699223
自己効力感,24207,三重県,鈴鹿市,都市部,2023,40.892663452478246,47.31928469799153,47.45803849651696
自己効力感,24207,三重県,鈴鹿市,都市部,2024,47.74896042228769,47.848753868590414,47.93272820052574
自己効力感,24207,三重県,鈴鹿市,都市部,2025,40.16351326681715,46.82134550220994,46.931820380523185
自己効力感,24207,三重県,鈴鹿市,都市部,2026,45.955368061721764,46.89654184806774,46.9298133242782
自己効力感,24208,三重県,名張市,地方の中心都市,2023,48.04538511498857,46.74523354640922,46.883571679360024
自己効力感,24208,三重県,名張市,地方の中心都市,2024,59.25099336293075,46.91263088017536,46.935477189926154
自己効力感,24208,三重県,名張市,地方の中心都市,2025,60.552920905155915,45.87943521503048,45.979782237848234
自己効力感,24208,三重県,名張市,地方の中心都市,2026,59.02173770145648,46.070978247663945,46.18229614637583
自己効力感,24210,三重県,亀山市,地方の中心都市,2024,42.38407928504739,49.05693807286726,49.53026229410078
自己効力感,24210,三重県,亀山市,地方の中心都市,2025,49.25555670449535,48.07988775497073,48.577147042454676
自己効力感,24210,三重県,亀山市,地方の中心都市,2026,41.50380239289954,48.46906549906141,48.934431697186845
自己効力感,24214,三重県,いなべ市,地方の中心都市,2024,40.56800614866235,46.035508647319425,46.33897710687088
自己効力感,24214,三重県,いなべ市,地方の中心都市,2026,48.47955431016742,46.2184864391534,46.37577165522488
自己効力感,24215,三重県,志摩市,農山村の小都市,2024,37.18508048265711,41.449799799947534,41.679902485731574
自己効力感,24215,三重県,志摩市,農山村の小都市,2026,39.14970569949311,40.29646559240908,40.41243701095814
自己効力感,24216,三重県,伊賀市,地方の中心都市,2023,33.5723253589506,43.27592571920228,43.42521203103477
自己効力感,24216,三重県,伊賀市,地方の中心都市,2024,37.122823024422225,43.5851696007867,43.70983976710555
自己効力感,24216,三重県,伊賀市,地方の中心都市,2025,45.34962158829616,42.402886534390696,42.641849499947256
自己効力感,24216,三重県,伊賀市,地方の中心都市,2026,34.93106344040661,42.92158756199416,43.11844783433607
自己効力感,24341,三重県,菰野町,地方の中心都市,2024,53.95608883885325,49.75973451379471,50.32125470291866
自己効力感,24441,三重県,多気町,農山村の小都市,2023,50.14831573966354,42.976376556266494,43.119345879497345
自己効力感,24441,三重県,多気町,農山村の小都市,2024,48.79847054637775,43.51902137227778,43.6445863365598
自己効力感,24442,三重県,明和町,地方の中心都市,2023,41.781185396124954,44.05653651885536,44.174738712693966
自己効力感,24442,三重県,明和町,地方の中心都市,2024,46.11514960552326,44.3655611037509,44.41034253092728
自己効力感,24543,三重県,紀北町,農山村の小都市,2023,50.99632382183099,37.88859771402791,38.07128947151895
自己効力感,24543,三重県,紀北町,農山村の小都市,2024,-21.51281388439733,38.3055892302625,38.42913044934364
自己効力感,25201,滋賀県,大津市,地方の中心都市,2023,2.711397129962016,52.01975286252584,52.11899909371998
自己効力感,25201,滋賀県,大津市,地方の中心都市,2024,61.053136933798946,52.2588563614106,52.32551565622483
自己効力感,25201,滋賀県,大津市,地方の中心都市,2025,27.39548515871345,51.488535384168536,51.592793864140255
自己効力感,25201,滋賀県,大津市,地方の中心都市,2026,49.56892838977852,51.74213694700154,51.9097987375287
自己効力感,25202,滋賀県,彦根市,地方の中心都市,2023,51.15016105178654,49.800454092526635,49.57252948137602
自己効力感,25202,滋賀県,彦根市,地方の中心都市,2024,64.04383183073354,50.50200770913867,50.21960437394118
自己効力感,25202,滋賀県,彦根市,地方の中心都市,2025,50.17513338802321,49.84824178532754,49.575528724456085
自己効力感,25202,滋賀県,彦根市,地方の中心都市,2026,35.07841159024313,50.08800929763969,49.834459347186595
自己効力感,25203,滋賀県,長浜市,地方の中心都市,2023,46.01683691388288,45.950730158276556,45.577145457425296
自己効力感,25203,滋賀県,長浜市,地方の中心都市,2024,56.7465279989731,46.040821963639615,45.570841462032945
自己効力感,25203,滋賀県,長浜市,地方の中心都市,2025,54.34048116784889,44.770006846231134,44.24362876278854
自己効力感,25203,滋賀県,長浜市,地方の中心都市,2026,44.77241146579785,45.38768489075168,44.91431880705901
自己効力感,25204,滋賀県,近江八幡市,地方の中心都市,2023,49.460049218074026,48.68776239754336,48.62483764481313
自己効力感,25204,滋賀県,近江八幡市,地方の中心都市,2024,48.36736666983174,49.12861571911494,49.18889208813746
自己効力感,25204,滋賀県,近江八幡市,地方の中心都市,2025,49.37157182847042,48.53495152578748,48.3642504900148
自己効力感,25204,滋賀県,近江八幡市,地方の中心都市,2026,37.87570365687854,48.58252048719674,48.52659177961007
自己効力感,25206,滋賀県,草津市,都市部,2023,50.71744006593171,54.47400705932664,54.60459799497862
自己効力感,25206,滋賀県,草津市,都市部,2024,39.96256167080466,55.442286315631044,55.58042568896773
自己効力感,25206,滋賀県,草津市,都市部,2025,49.554179217304174,53.802187599337536,53.9217045600837
自己効力感,25206,滋賀県,草津市,都市部,2026,53.03171315861083,54.260461084113594,54.34145982444045
自己効力感,25207,滋賀県,守山市,都市部,2023,57.240783480154214,52.10197421704464,52.130242732712894
自己効力感,25207,滋賀県,守山市,都市部,2024,47.088098919887884,52.08926029048921,52.16784356617607
自己効力感,25207,滋賀県,守山市,都市部,2025,51.082178358070884,51.19781878189955,51.27866776191007
自己効力感,25207,滋賀県,守山市,都市部,2026,54.142963902700245,51.57682131243335,51.62237003480148
自己効力感,25208,滋賀県,栗東市,都市部,2023,38.202064900286196,53.95613520557441,53.961996383158294
自己効力感,25208,滋賀県,栗東市,都市部,2024,57.8271324718498,53.75753550712853,53.67855532316489
自己効力感,25208,滋賀県,栗東市,都市部,2025,36.145846497854976,52.968827257770684,52.95518464651754
自己効力感,25208,滋賀県,栗東市,都市部,2026,43.07009315377904,53.35955111955729,53.338779499108526
自己効力感,25209,滋賀県,甲賀市,地方の中心都市,2023,36.86321114912207,45.917984833961064,46.35906854724978
自己効力感,25209,滋賀県,甲賀市,地方の中心都市,2024,43.60894256925258,46.1141966285883,46.468161909712656
自己効力感,25209,滋賀県,甲賀市,地方の中心都市,2025,42.873636200907306,45.05934210470321,45.51616879809828
自己効力感,25209,滋賀県,甲賀市,地方の中心都市,2026,44.679216986755755,45.22985192756865,45.58053590154761
自己効力感,25210,滋賀県,野洲市,地方の中心都市,2024,41.58528242294633,50.46055601656173,50.67964826294483
自己効力感,25210,滋賀県,野洲市,地方の中心都市,2025,41.60177116575895,49.49384783325684,49.68981049331952
自己効力感,25210,滋賀県,野洲市,地方の中心都市,2026,37.97261127438343,50.04214139947302,50.28033458959341
自己効力感,25211,滋賀県,湖南市,地方の中心都市,2023,39.662162725895556,50.2591783739372,50.25971863425415
自己効力感,25211,滋賀県,湖南市,地方の中心都市,2024,49.2672214391951,50.33013995818999,50.21806048201548
自己効力感,25211,滋賀県,湖南市,地方の中心都市,2025,44.03462202938146,49.56374009392367,49.51278093258515
自己効力感,25211,滋賀県,湖南市,地方の中心都市,2026,40.68778622602302,50.33479665989302,50.195012065242224
自己効力感,25212,滋賀県,高島市,農山村の小都市,2024,48.66046806359303,40.63970197629821,40.89567679427567
自己効力感,25212,滋賀県,高島市,農山村の小都市,2026,40.50008568165281,39.530001032856,39.84132712810299
自己効力感,25213,滋賀県,東近江市,地方の中心都市,2023,51.0321962269003,45.338452983716536,45.493468114109156
自己効力感,25213,滋賀県,東近江市,地方の中心都市,2024,20.248497855133603,45.54217922553508,45.672612352786565
自己効力感,25213,滋賀県,東近江市,地方の中心都市,2025,42.6145937549861,44.591540963003716,44.640610247013576
自己効力感,25213,滋賀県,東近江市,地方の中心都市,2026,45.07329964014238,44.8999597715943,45.043794208593894
自己効力感,25214,滋賀県,米原市,地方の中心都市,2024,45.76179495974023,45.645018311106284,46.09931388299541
自己効力感,26100,京都府,京都市,都市部,2023,55.77585111308508,53.84844077190024,53.528581187211124
自己効力感,26100,京都府,京都市,都市部,2024,55.10280378860494,54.40000574354157,54.01492937831999
自己効力感,26100,京都府,京都市,都市部,2025,57.973693992310984,53.49130761751936,53.09249957396021
自己効力感,26100,京都府,京都市,都市部,2026,52.13907680056588,53.847331874643025,53.493571396410914
自己効力感,26201,京都府,福知山市,地方の中心都市,2023,40.99011112373221,46.33543083689797,46.31043891955486
自己効力感,26201,京都府,福知山市,地方の中心都市,2024,45.47684837731926,46.529379086544886,46.37185020963494
自己効力感,26201,京都府,福知山市,地方の中心都市,2025,41.972985216430665,45.4000035770034,45.45793124773807
自己効力感,26201,京都府,福知山市,地方の中心都市,2026,44.37029025539398,46.02152797076878,45.91418979571095
自己効力感,26202,京都府,舞鶴市,地方の中心都市,2023,28.984531358439867,46.567681615540494,46.77337569657563
自己効力感,26202,京都府,舞鶴市,地方の中心都市,2024,38.989551572308244,46.72896463423133,47.01954715070324
自己効力感,26202,京都府,舞鶴市,地方の中心都市,2025,42.50673009561742,46.04893804047117,46.10816027597177
自己効力感,26202,京都府,舞鶴市,地方の中心都市,2026,35.111341509039036,46.258889405011544,46.46289742215423
自己効力感,26204,京都府,宇治市,地方の中心都市,2023,49.72880498341445,52.35496284410715,52.436500017245145
自己効力感,26204,京都府,宇治市,地方の中心都市,2024,55.14291169238029,52.90578847032375,52.86794471491279
自己効力感,26204,京都府,宇治市,地方の中心都市,2025,62.82102499575992,51.921415951888406,51.93347081984682
自己効力感,26204,京都府,宇治市,地方の中心都市,2026,62.1094271791021,52.29228167186474,52.23581608464027
自己効力感,26206,京都府,亀岡市,地方の中心都市,2024,44.400578673241455,48.11201905255362,48.35171852107045
自己効力感,26206,京都府,亀岡市,地方の中心都市,2025,34.2459769075698,46.87688881067643,47.02325689078543
自己効力感,26206,京都府,亀岡市,地方の中心都市,2026,34.688796331942754,47.1813771283917,47.265964985786795
自己効力感,26207,京都府,城陽市,地方の中心都市,2023,49.88298809298872,50.87014377206252,51.15418180981145
自己効力感,26207,京都府,城陽市,地方の中心都市,2024,52.84491337365715,51.518259216896844,51.76733066664074
自己効力感,26207,京都府,城陽市,地方の中心都市,2025,47.90104538884495,50.50200269936191,50.817174336824266
自己効力感,26207,京都府,城陽市,地方の中心都市,2026,56.989373601972915,50.86843762931585,51.05977507951027
自己効力感,26208,京都府,向日市,都市部,2024,68.21380495909456,55.502483533316294,55.34144096498994
自己効力感,26208,京都府,向日市,都市部,2025,60.982481848669956,54.569684959736875,54.525823735280746
自己効力感,26208,京都府,向日市,都市部,2026,58.10173867901224,54.925394172465786,54.78348167563562
自己効力感,26209,京都府,長岡京市,都市部,2024,38.78579275685999,56.51292616882287,56.39848730706378
自己効力感,26209,京都府,長岡京市,都市部,2025,65.47139085230386,55.22868189407004,55.21893876310055
自己効力感,26209,京都府,長岡京市,都市部,2026,66.22569719522025,55.462420842958565,55.37000234934338
自己効力感,26210,京都府,八幡市,都市部,2024,59.595452756649095,48.06710350400521,48.04414871825456
自己効力感,26210,京都府,八幡市,都市部,2025,63.21674050563372,46.75527147804328,46.614510560561314
自己効力感,26210,京都府,八幡市,都市部,2026,54.36284091220476,47.27645217066571,47.222028577770644
自己効力感,26211,京都府,京田辺市,都市部,2023,54.978046624332364,53.28838559394825,53.0974540441862
自己効力感,26211,京都府,京田辺市,都市部,2024,65.09841787129103,53.714225716791155,53.524813659108965
自己効力感,26211,京都府,京田辺市,都市部,2025,59.79722150493387,52.43110592348745,52.28984668131276
自己効力感,26211,京都府,京田辺市,都市部,2026,56.22353887162809,52.25691995506026,52.23759609455335
自己効力感,26212,京都府,京丹後市,農山村の小都市,2023,27.303466467203286,42.7462577529199,43.01258696164096
自己効力感,26212,京都府,京丹後市,農山村の小都市,2024,35.15594168219155,42.86831422623344,43.08913797529433
自己効力感,26212,京都府,京丹後市,農山村の小都市,2025,39.74771717749357,41.876558635263436,42.16987175287102
自己効力感,26212,京都府,京丹後市,農山村の小都市,2026,36.28595316734929,42.06885592698306,42.317489730706896
自己効力感,26214,京都府,木津川市,地方の中心都市,2024,51.722565010469296,50.546253153159974,50.61099209080711
自己効力感,26214,京都府,木津川市,地方の中心都市,2025,58.05282880499794,49.474204833924134,49.69104678539884
自己効力感,26214,京都府,木津川市,地方の中心都市,2026,67.02946037349977,49.84981179442015,49.98166145811599
自己効力感,26366,京都府,精華町,地方の中心都市,2024,56.21064711248319,51.99371095241029,51.849115339482395
自己効力感,27100,大阪府,大阪市,都市部,2023,55.438533217160725,54.703317311223046,54.88368580413819
自己効力感,27100,大阪府,大阪市,都市部,2024,53.08620797407705,55.387452158342995,55.54565281623418
自己効力感,27100,大阪府,大阪市,都市部,2025,51.36207447829469,54.67249158008856,54.94198341079685
自己効力感,27100,大阪府,大阪市,都市部,2026,56.25147397197557,54.833396476039496,54.94254064332283
自己効力感,27140,大阪府,堺市,都市部,2023,54.51411780028089,50.54508048966381,50.30660586145578
自己効力感,27140,大阪府,堺市,都市部,2024,52.01708460155725,51.09716683481948,50.89472881700637
自己効力感,27140,大阪府,堺市,都市部,2025,51.7172103407945,50.224531116376646,50.040324951974576
自己効力感,27140,大阪府,堺市,都市部,2026,52.195325815209365,50.78054942027363,50.609156470882944
自己効力感,27202,大阪府,岸和田市,都市部,2024,43.32344159917358,50.70372337126527,50.51659771585394
自己効力感,27202,大阪府,岸和田市,都市部,2025,44.2577444683517,49.80693945983041,49.61735622797247
自己効力感,27202,大阪府,岸和田市,都市部,2026,58.58716611921513,50.37458921328249,50.2873842733188
自己効力感,27203,大阪府,豊中市,都市部,2023,64.39570778822652,55.211773538446295,55.144598954324785
自己効力感,27203,大阪府,豊中市,都市部,2024,59.93894543372803,55.844899628559105,55.720412953315545
自己効力感,27203,大阪府,豊中市,都市部,2025,61.099719337444824,54.97983703388741,54.90897585518625
自己効力感,27203,大阪府,豊中市,都市部,2026,63.81964713271977,55.415523582690035,55.30378381713835
自己効力感,27204,大阪府,池田市,都市部,2023,59.93328575715462,53.239910591965476,53.45762068126925
自己効力感,27204,大阪府,池田市,都市部,2024,52.55375899587111,54.17447191720869,54.299883242333955
自己効力感,27204,大阪府,池田市,都市部,2025,63.39141095197512,53.416619397067066,53.47573615711018
自己効力感,27204,大阪府,池田市,都市部,2026,59.576959841975686,53.87419337476103,53.798334759484455
自己効力感,27205,大阪府,吹田市,都市部,2023,60.29591981776282,57.06472626652567,56.88684009989553
自己効力感,27205,大阪府,吹田市,都市部,2024,72.68214451580013,57.325723376943635,57.16543565272457
自己効力感,27205,大阪府,吹田市,都市部,2025,62.41648095089079,56.72389986022032,56.58776192330612
自己効力感,27205,大阪府,吹田市,都市部,2026,60.330318475590005,56.963205453054265,56.79341532781905
自己効力感,27206,大阪府,泉大津市,都市部,2023,62.55006285291916,50.111068923727785,49.90212681494016
自己効力感,27206,大阪府,泉大津市,都市部,2024,54.06218236866332,50.96602532711271,50.70203345371719
自己効力感,27206,大阪府,泉大津市,都市部,2025,51.15742104978337,49.77318303984525,49.58593587645011
自己効力感,27206,大阪府,泉大津市,都市部,2026,58.066493286593854,50.04641463875222,49.795532866121036
自己効力感,27207,大阪府,高槻市,都市部,2023,76.69597624722846,54.389267682700336,54.34185937557271
自己効力感,27207,大阪府,高槻市,都市部,2024,56.32404846163679,54.914218170389006,54.89057247984677
自己効力感,27207,大阪府,高槻市,都市部,2025,55.92809960041832,54.14823150250673,54.11515090475062
自己効力感,27207,大阪府,高槻市,都市部,2026,53.08780863861861,54.42512665961373,54.29913931808535
自己効力感,27208,大阪府,貝塚市,地方の中心都市,2023,41.98761656386313,50.1666812449971,50.52994211650665
自己効力感,27208,大阪府,貝塚市,地方の中心都市,2024,56.95424804180938,50.56924432738104,50.804993496262725
自己効力感,27208,大阪府,貝塚市,地方の中心都市,2025,51.14252927399902,49.27839704566871,49.642429450377065
自己効力感,27208,大阪府,貝塚市,地方の中心都市,2026,45.49477754296871,49.69768279034792,49.90276429019964
自己効力感,27209,大阪府,守口市,都市部,2023,45.34894623857083,52.37683713969258,52.52766281698037
自己効力感,27209,大阪府,守口市,都市部,2024,43.18463871335302,52.89715962633784,52.9729008256016
自己効力感,27209,大阪府,守口市,都市部,2025,52.29381535721906,52.507931620151965,52.45188453428691
自己効力感,27209,大阪府,守口市,都市部,2026,37.3325258473556,52.859238625399485,52.699600329549604
自己効力感,27210,大阪府,枚方市,都市部,2023,60.07641975840445,53.2777125831819,53.43251528000324
自己効力感,27210,大阪府,枚方市,都市部,2024,62.71470074427977,53.73371819177122,53.788984152108696
自己効力感,27210,大阪府,枚方市,都市部,2025,45.6828548713581,52.853956216218414,52.92270787404167
自己効力感,27210,大阪府,枚方市,都市部,2026,62.14450713744084,53.288809945562285,53.22964168478491
自己効力感,27211,大阪府,茨木市,都市部,2023,45.84910974039263,55.409261943112625,55.403855484035276
自己効力感,27211,大阪府,茨木市,都市部,2024,53.672091331731245,55.70763503672986,55.56249940496188
自己効力感,27211,大阪府,茨木市,都市部,2025,59.0608596205613,54.63363385257814,54.60071339884958
自己効力感,27211,大阪府,茨木市,都市部,2026,49.101042336787,54.912123898125195,54.82430825314638
自己効力感,27212,大阪府,八尾市,都市部,2023,58.53148743579372,52.09045482410109,52.292026474008615
自己効力感,27212,大阪府,八尾市,都市部,2024,50.74713740176883,52.73036416111011,52.77318424109585
自己効力感,27212,大阪府,八尾市,都市部,2025,47.20722133522011,51.78761856021817,51.974054983237295
自己効力感,27212,大阪府,八尾市,都市部,2026,48.807809269846445,52.22446526764141,52.317111227704665
自己効力感,27213,大阪府,泉佐野市,都市部,2023,41.86088130675778,48.373989467362435,48.20567809991635
自己効力感,27213,大阪府,泉佐野市,都市部,2024,46.72736929766294,48.883729571059135,48.70661407102131
自己効力感,27213,大阪府,泉佐野市,都市部,2025,43.06538712074695,47.158070242311425,47.17273081409901
自己効力感,27213,大阪府,泉佐野市,都市部,2026,48.2708866168694,46.80809997487715,46.82273899736053
自己効力感,27214,大阪府,富田林市,都市部,2023,55.237072434548516,47.126444182333024,47.102290568580806
自己効力感,27214,大阪府,富田林市,都市部,2024,48.50237578622359,47.458972334338355,47.35049320438532
自己効力感,27214,大阪府,富田林市,都市部,2025,58.28768404933146,45.969548052336876,45.94676075213394
自己効力感,27214,大阪府,富田林市,都市部,2026,56.26471652855367,46.635371844718065,46.62292847626395
自己効力感,27215,大阪府,寝屋川市,都市部,2024,48.036124126544095,51.591436237097476,51.95084222167761
自己効力感,27215,大阪府,寝屋川市,都市部,2025,44.851992813217905,50.96876960436209,51.17729452732224
自己効力感,27215,大阪府,寝屋川市,都市部,2026,56.39149180793297,51.44193543313783,51.5941722426992
自己効力感,27216,大阪府,河内長野市,地方の中心都市,2023,58.969387107654164,48.728467191859714,49.009594140766616
自己効力感,27216,大阪府,河内長野市,地方の中心都市,2024,53.49416209934036,49.19428885952604,49.4599190985691
自己効力感,27216,大阪府,河内長野市,地方の中心都市,2025,52.45595126390523,48.27004708324501,48.511815912983465
自己効力感,27216,大阪府,河内長野市,地方の中心都市,2026,54.59313239691171,48.39019452140838,48.66336177638671
自己効力感,27217,大阪府,松原市,都市部,2024,40.38971548800879,50.64497251266298,50.652046190591435
自己効力感,27217,大阪府,松原市,都市部,2025,58.75381000723067,49.80037571993711,49.6401289130723
自己効力感,27217,大阪府,松原市,都市部,2026,62.43822555434134,50.28838782842285,50.13641881359033
自己効力感,27218,大阪府,大東市,都市部,2023,61.67329746293173,50.60396870516877,50.409925964172714
自己効力感,27218,大阪府,大東市,都市部,2024,39.41023357187765,51.1985424148118,51.06879176712966
自己効力感,27218,大阪府,大東市,都市部,2025,36.28825829954186,50.65610725366905,50.493891212661666
自己効力感,27218,大阪府,大東市,都市部,2026,37.17242996070598,50.80736357643768,50.64693269958012
自己効力感,27219,大阪府,和泉市,都市部,2023,55.24929544989698,51.99954204546745,51.811048306660595
自己効力感,27219,大阪府,和泉市,都市部,2024,47.41492872208358,52.508784821324014,52.254406098552046
自己効力感,27219,大阪府,和泉市,都市部,2025,41.63713724813698,51.81488242324303,51.71336714834587
自己効力感,27219,大阪府,和泉市,都市部,2026,42.14395027056053,51.69081791439729,51.4768031228046
自己効力感,27220,大阪府,箕面市,都市部,2023,68.55886822849439,56.702822284316724,56.613634783718986
自己効力感,27220,大阪府,箕面市,都市部,2024,54.25356577228845,57.444287468466655,57.27529670919339
自己効力感,27220,大阪府,箕面市,都市部,2025,67.57125779009846,56.64802300052209,56.446259834723534
自己効力感,27220,大阪府,箕面市,都市部,2026,66.0669341367046,57.449896672017005,57.06569777024009
自己効力感,27221,大阪府,柏原市,地方の中心都市,2023,40.741012039477255,50.15246249595977,50.13908411311456
自己効力感,27221,大阪府,柏原市,地方の中心都市,2024,59.068845081368515,50.92989910830426,50.955505198212265
自己効力感,27221,大阪府,柏原市,地方の中心都市,2025,29.997014474331056,49.938350775661576,49.97899767521208
自己効力感,27221,大阪府,柏原市,地方の中心都市,2026,51.35162889293089,50.32441641188752,50.34593952108116
自己効力感,27222,大阪府,羽曳野市,都市部,2023,58.03601849568043,49.54515246928984,49.16444033005922
自己効力感,27222,大阪府,羽曳野市,都市部,2024,52.23291364704072,49.83610462828048,49.504595392505884
自己効力感,27222,大阪府,羽曳野市,都市部,2025,45.16522803425748,48.94537080516886,48.531606541500494
自己効力感,27222,大阪府,羽曳野市,都市部,2026,52.976525973132254,49.34009266847441,48.96143314006916
自己効力感,27223,大阪府,門真市,都市部,2023,27.08840629038643,49.09309213094684,48.991846543992516
自己効力感,27223,大阪府,門真市,都市部,2024,40.549271814028785,49.85619578557243,49.664848843430065
自己効力感,27223,大阪府,門真市,都市部,2025,50.70756101471316,49.02749915665349,48.876087116214336
自己効力感,27223,大阪府,門真市,都市部,2026,34.61832190850834,49.23691778524853,49.051439500609526
自己効力感,27224,大阪府,摂津市,都市部,2024,52.119402504782116,52.214834184385964,52.18309082071713
自己効力感,27224,大阪府,摂津市,都市部,2025,50.598047698607694,51.685664524658506,51.52636617768477
自己効力感,27224,大阪府,摂津市,都市部,2026,34.09653153350514,52.0979009496003,51.99764705806932
自己効力感,27225,大阪府,高石市,都市部,2024,43.71653633340793,50.26860193573217,50.04566766689262
自己効力感,27225,大阪府,高石市,都市部,2025,45.413267704054185,49.53150228884063,49.512953364767085
自己効力感,27225,大阪府,高石市,都市部,2026,46.08190716212174,50.04344992840788,49.98579371459404
自己効力感,27226,大阪府,藤井寺市,都市部,2024,50.9995603581934,50.75898109568062,50.674451949350555
自己効力感,27226,大阪府,藤井寺市,都市部,2025,33.76596774465051,50.40292926660938,50.44933980292096
自己効力感,27226,大阪府,藤井寺市,都市部,2026,54.93084777617387,50.69231659931696,50.788358296128834
自己効力感,27227,大阪府,東大阪市,都市部,2023,36.857006786447876,54.372676182099134,54.535274997388385
自己効力感,27227,大阪府,東大阪市,都市部,2024,50.641729891521315,54.89688620754063,54.90852587943541
自己効力感,27227,大阪府,東大阪市,都市部,2025,49.688196348212486,54.23932335269631,54.537998441351604
自己効力感,27227,大阪府,東大阪市,都市部,2026,55.5864242339571,54.85131066394866,55.09040843927685
自己効力感,27228,大阪府,泉南市,地方の中心都市,2023,31.684713676683756,44.392111251071924,44.52673119901287
自己効力感,27228,大阪府,泉南市,地方の中心都市,2024,40.885769289878745,44.24976320906271,44.542935946097906
自己効力感,27228,大阪府,泉南市,地方の中心都市,2025,30.658275468444398,43.700573809901165,43.856490366459845
自己効力感,27228,大阪府,泉南市,地方の中心都市,2026,41.98094292953478,43.986076134066856,44.10968490291812
自己効力感,27229,大阪府,四條畷市,地方の中心都市,2023,58.547055532700746,54.132680967388936,54.179565094264206
自己効力感,27229,大阪府,四條畷市,地方の中心都市,2024,60.21508585564696,54.28389656235112,54.440029133677626
自己効力感,27229,大阪府,四條畷市,地方の中心都市,2025,57.470048503847465,53.064715424113146,53.16694737268078
自己効力感,27229,大阪府,四條畷市,地方の中心都市,2026,53.92974770299765,54.248844945138984,54.31367169573082
自己効力感,27230,大阪府,交野市,地方の中心都市,2024,65.05348017272841,54.46348602573932,54.244896112933
自己効力感,27230,大阪府,交野市,地方の中心都市,2025,58.39875805414164,53.50085174886709,53.402307406811794
自己効力感,27230,大阪府,交野市,地方の中心都市,2026,61.235350214124566,54.20006646210211,54.06620285091075
自己効力感,27231,大阪府,大阪狭山市,都市部,2023,64.21529275612028,53.615260194843174,53.41011673301368
自己効力感,27231,大阪府,大阪狭山市,都市部,2024,56.616687241334745,54.07238037362953,53.846429930260726
自己効力感,27231,大阪府,大阪狭山市,都市部,2025,52.82278526648307,53.442093004464226,53.069658989432455
自己効力感,27231,大阪府,大阪狭山市,都市部,2026,58.92853952710587,53.40689994721439,53.0957588853944
自己効力感,27232,大阪府,阪南市,地方の中心都市,2023,57.270606409853144,49.89420291525591,49.94186937272527
自己効力感,27232,大阪府,阪南市,地方の中心都市,2024,50.62955343783054,50.088828213987405,50.04561333774321
自己効力感,27232,大阪府,阪南市,地方の中心都市,2025,46.247988404509684,49.340714528554344,49.39711493967885
自己効力感,27232,大阪府,阪南市,地方の中心都市,2026,55.712646051774286,49.53186086656588,49.460063842101405
自己効力感,27321,大阪府,豊能町,農山村の小都市,2023,47.63904530091287,42.71358496480036,42.71047837646008
自己効力感,27321,大阪府,豊能町,農山村の小都市,2024,46.22114419317522,42.84676611363997,42.866274934908404
自己効力感,27361,大阪府,熊取町,地方の中心都市,2024,53.76835066467864,52.43469573826203,52.48592108877968
自己効力感,28100,兵庫県,神戸市,都市部,2023,56.10322072244669,52.122167514197336,51.88761705663118
自己効力感,28100,兵庫県,神戸市,都市部,2024,57.712448488059984,52.48752038962053,52.243885040850046
自己効力感,28100,兵庫県,神戸市,都市部,2025,57.66880001922489,51.71442421397656,51.564233878860286
自己効力感,28100,兵庫県,神戸市,都市部,2026,56.63061987292153,52.10820733790424,51.93764814046675
自己効力感,28201,兵庫県,姫路市,都市部,2023,53.23511169539563,49.50784405919011,49.53802127237473
自己効力感,28201,兵庫県,姫路市,都市部,2024,51.99387375219121,49.991422854423966,50.04368201775825
自己効力感,28201,兵庫県,姫路市,都市部,2025,57.44087094890658,49.0805193075882,49.1021660768874
自己効力感,28201,兵庫県,姫路市,都市部,2026,55.92377696678698,49.37582378506366,49.28746487889633
自己効力感,28202,兵庫県,尼崎市,都市部,2023,53.38848716147623,53.08321231831033,53.3381161887826
自己効力感,28202,兵庫県,尼崎市,都市部,2024,50.45417821744942,53.69659211756193,53.81344037374678
自己効力感,28202,兵庫県,尼崎市,都市部,2025,58.36966037260196,52.941576835881776,53.231078060946324
自己効力感,28202,兵庫県,尼崎市,都市部,2026,58.57686993603157,53.47914516743495,53.55624032276457
自己効力感,28203,兵庫県,明石市,都市部,2023,51.26025596163623,53.766980230705016,53.85287465247086
自己効力感,28203,兵庫県,明石市,都市部,2024,58.833049010048114,54.47583945003923,54.46276808311412
自己効力感,28203,兵庫県,明石市,都市部,2025,56.44285409743652,53.49005196116009,53.47220333241614
自己効力感,28203,兵庫県,明石市,都市部,2026,49.2973671285086,53.6364706057532,53.67554879594284
自己効力感,28204,兵庫県,西宮市,都市部,2023,68.45579093178513,57.01124578129824,56.949780259419455
自己効力感,28204,兵庫県,西宮市,都市部,2024,66.03048240521167,57.608517447051064,57.59745867847472
自己効力感,28204,兵庫県,西宮市,都市部,2025,50.217864672380536,56.392082958271885,56.3125452885717
自己効力感,28204,兵庫県,西宮市,都市部,2026,60.40153157024737,56.788494208698694,56.72462674825947
自己効力感,28205,兵庫県,洲本市,農山村の小都市,2023,45.14383038459462,43.17593465312857,43.02973988584445
自己効力感,28205,兵庫県,洲本市,農山村の小都市,2024,37.97956851436953,43.49609562535573,43.36473762428941
自己効力感,28206,兵庫県,芦屋市,都市部,2023,69.38967023993878,57.715118633443026,57.80063614410284
自己効力感,28206,兵庫県,芦屋市,都市部,2024,65.42994820917255,57.59504657610013,57.531648225544
自己効力感,28206,兵庫県,芦屋市,都市部,2025,72.61819161779864,56.33879579584985,56.364663182231254
自己効力感,28206,兵庫県,芦屋市,都市部,2026,68.0919677935317,56.552868407952936,56.52898083182801
自己効力感,28207,兵庫県,伊丹市,都市部,2023,64.35662657189461,54.01878805535958,53.8236615067731
自己効力感,28207,兵庫県,伊丹市,都市部,2024,56.52119927609581,54.177014016251505,53.973183749080476
自己効力感,28207,兵庫県,伊丹市,都市部,2025,69.8173780997726,53.41725898935931,53.20223216744205
自己効力感,28207,兵庫県,伊丹市,都市部,2026,47.1618893524247,54.46650113147394,54.31265246663254
自己効力感,28209,兵庫県,豊岡市,農山村の小都市,2024,38.28345616697298,41.5620992567953,41.859816325941175
自己効力感,28209,兵庫県,豊岡市,農山村の小都市,2025,34.7325148274376,40.46364905104353,40.56641103648434
自己効力感,28209,兵庫県,豊岡市,農山村の小都市,2026,33.85248614385163,40.6694985460891,40.85316564568909
自己効力感,28210,兵庫県,加古川市,都市部,2023,52.52784998220135,49.65034133011887,49.63898765303429
自己効力感,28210,兵庫県,加古川市,都市部,2024,47.5074300114831,50.35015355952147,50.36330035317933
自己効力感,28210,兵庫県,加古川市,都市部,2025,57.28355375940904,49.352216488972466,49.34107359723467
自己効力感,28210,兵庫県,加古川市,都市部,2026,51.94141518760164,49.51432773185627,49.44722946507379
自己効力感,28212,兵庫県,赤穂市,地方の中心都市,2024,49.06365249893627,46.214799955722185,46.114714609152564
自己効力感,28212,兵庫県,赤穂市,地方の中心都市,2026,49.963775270492825,45.190884504384044,45.16525393589001
自己効力感,28214,兵庫県,宝塚市,都市部,2023,61.00207058890102,54.40952605241531,54.5663179268882
自己効力感,28214,兵庫県,宝塚市,都市部,2024,63.03851028352787,54.742583728951715,54.89424506467276
自己効力感,28214,兵庫県,宝塚市,都市部,2025,56.875664006085366,54.10131453814401,54.09358681792653
自己効力感,28214,兵庫県,宝塚市,都市部,2026,59.32857456478416,54.463416793188024,54.60299907837374
自己効力感,28215,兵庫県,三木市,地方の中心都市,2024,44.015681759941295,34.06330157405692,33.91152025702441
自己効力感,28215,兵庫県,三木市,地方の中心都市,2025,43.33894425719508,33.094040108552676,32.781827164701
自己効力感,28215,兵庫県,三木市,地方の中心都市,2026,49.32974867786612,33.618617090536844,33.31106698729461
自己効力感,28216,兵庫県,高砂市,都市部,2023,38.5475086983456,45.733550521616294,45.57183242800874
自己効力感,28216,兵庫県,高砂市,都市部,2024,37.52583503934106,46.32693262986771,46.34241190643659
自己効力感,28216,兵庫県,高砂市,都市部,2025,43.56555951297453,45.27009738018892,45.1429685816585
自己効力感,28216,兵庫県,高砂市,都市部,2026,35.22852214259943,45.77834864050554,45.64410463397072
自己効力感,28217,兵庫県,川西市,地方の中心都市,2023,57.701891729706674,52.27267531222938,52.34003894927505
自己効力感,28217,兵庫県,川西市,地方の中心都市,2024,56.737533866672614,52.42372029590195,52.50645360257753
自己効力感,28217,兵庫県,川西市,地方の中心都市,2025,59.34761789882783,51.63253609137555,51.7593803041308
自己効力感,28217,兵庫県,川西市,地方の中心都市,2026,57.957029222275494,52.23597544332282,52.153921116394486
自己効力感,28218,兵庫県,小野市,地方の中心都市,2024,55.45403788686852,45.10382286636575,45.1937575047
自己効力感,28218,兵庫県,小野市,地方の中心都市,2026,45.2955270255463,44.40611886184832,44.371029662569256
自己効力感,28219,兵庫県,三田市,地方の中心都市,2023,60.257464588339104,49.2709080968196,48.81154468742646
自己効力感,28219,兵庫県,三田市,地方の中心都市,2024,76.88954980674654,49.56130345120168,49.11410971209981
自己効力感,28219,兵庫県,三田市,地方の中心都市,2025,63.424849979989524,48.91784648429112,48.37599098023952
自己効力感,28219,兵庫県,三田市,地方の中心都市,2026,70.02940905639909,48.90684222334854,48.462077849431886
自己効力感,28220,兵庫県,加西市,地方の中心都市,2023,45.62558327241258,43.90901680736302,44.034002162231126
自己効力感,28220,兵庫県,加西市,地方の中心都市,2024,42.15129540082223,44.25687173940799,44.39522371274709
自己効力感,28222,兵庫県,養父市,農山村の小都市,2023,56.22455863168888,38.338633654142036,38.032372704913655
自己効力感,28222,兵庫県,養父市,農山村の小都市,2024,52.71259482332053,38.499302194346996,38.12337609776708
自己効力感,28223,兵庫県,丹波市,農山村の小都市,2023,57.98827492748791,43.61938843026016,43.58946534755605
自己効力感,28223,兵庫県,丹波市,農山村の小都市,2024,54.814579813430164,43.61318937211299,43.52643706989774
自己効力感,28223,兵庫県,丹波市,農山村の小都市,2025,63.42842962299062,42.63300449795482,42.56680503150979
自己効力感,28223,兵庫県,丹波市,農山村の小都市,2026,48.34052853074226,42.87722209405799,42.76019537554778
自己効力感,28224,兵庫県,南あわじ市,農山村の小都市,2024,31.05863674528612,44.72332347665856,44.98866691280382
自己効力感,28224,兵庫県,南あわじ市,農山村の小都市,2026,22.337480032148807,43.89602174825867,44.114826092601234
自己効力感,28226,兵庫県,淡路市,農山村の小都市,2024,48.11764852055198,40.27023737200709,40.38103113476563
自己効力感,28228,兵庫県,加東市,地方の中心都市,2024,56.14922830056811,46.137681338904436,46.29674877503042
自己効力感,28229,兵庫県,たつの市,地方の中心都市,2023,40.41567117559036,46.43479309338551,46.638977102319046
自己効力感,28229,兵庫県,たつの市,地方の中心都市,2024,43.060153847594364,46.55711872329547,46.716264969757745
自己効力感,28229,兵庫県,たつの市,地方の中心都市,2025,38.86520842399518,45.51842279326229,45.66998174101302
自己効力感,28229,兵庫県,たつの市,地方の中心都市,2026,50.655585171421144,45.93856005098275,46.10775824517395
自己効力感,28301,兵庫県,猪名川町,地方の中心都市,2023,43.162036180453576,47.698227513212856,47.899751548334756
自己効力感,28365,兵庫県,多可町,農山村の小都市,2023,52.16218421509182,41.51383783749932,41.58760975026887
自己効力感,29201,奈良県,奈良市,地方の中心都市,2023,58.807183503588895,50.026254077538574,49.724542805001335
自己効力感,29201,奈良県,奈良市,地方の中心都市,2024,41.98995994860513,50.430773623591655,50.137598949299445
自己効力感,29201,奈良県,奈良市,地方の中心都市,2025,57.29598196262043,49.48086070080926,49.05040694902623
自己効力感,29201,奈良県,奈良市,地方の中心都市,2026,59.86402362575442,49.65129178902018,49.28451253207429
自己効力感,29202,奈良県,大和高田市,地方の中心都市,2024,44.481155293082644,45.79165534920125,45.68184869646298
自己効力感,29202,奈良県,大和高田市,地方の中心都市,2025,52.89857275886285,44.742669034741716,44.55978366024513
自己効力感,29202,奈良県,大和高田市,地方の中心都市,2026,38.91660532065394,45.046086006193185,44.83320362169957
自己効力感,29203,奈良県,大和郡山市,地方の中心都市,2024,63.44160377863062,47.409156929808425,47.297049799132694
自己効力感,29203,奈良県,大和郡山市,地方の中心都市,2025,54.192594312216535,46.55224350338313,46.389860360092364
自己効力感,29203,奈良県,大和郡山市,地方の中心都市,2026,53.60948158978623,46.68782445491047,46.61250397745499
自己効力感,29204,奈良県,天理市,地方の中心都市,2023,52.18002664824261,46.51407522805015,46.42774101129304
自己効力感,29204,奈良県,天理市,地方の中心都市,2024,51.000925057694374,47.516044275526156,47.49799795230185
自己効力感,29204,奈良県,天理市,地方の中心都市,2025,60.13840356415195,46.659778134434426,46.68333988610141
自己効力感,29204,奈良県,天理市,地方の中心都市,2026,59.88772802060119,47.032228499361494,46.988505674992744
自己効力感,29205,奈良県,橿原市,都市部,2023,52.73040377763524,49.69760970240782,49.601035536468224
自己効力感,29205,奈良県,橿原市,都市部,2024,64.65077462902974,50.142585275343876,50.0140992006293
自己効力感,29205,奈良県,橿原市,都市部,2025,46.940500097208265,49.05067081359643,48.93429355555366
自己効力感,29205,奈良県,橿原市,都市部,2026,46.59442266496753,49.58776234689028,49.42587388501166
自己効力感,29206,奈良県,桜井市,地方の中心都市,2023,39.54939743803341,46.62374113521447,46.6465201205864
自己効力感,29206,奈良県,桜井市,地方の中心都市,2024,44.46624731992435,46.371722117298894,46.36117934186451
自己効力感,29206,奈良県,桜井市,地方の中心都市,2025,39.807492305963756,45.571738977330234,45.63840877473582
自己効力感,29206,奈良県,桜井市,地方の中心都市,2026,51.738246284701724,46.096568040715866,46.07865496631966
自己効力感,29209,奈良県,生駒市,都市部,2023,59.02107407377939,53.22624257441032,53.222496825675776
自己効力感,29209,奈良県,生駒市,都市部,2024,61.586609144329834,53.75300269926201,53.6118252274087
自己効力感,29209,奈良県,生駒市,都市部,2025,56.6460171202766,52.66405482408169,52.586151275140026
自己効力感,29209,奈良県,生駒市,都市部,2026,59.105219391104676,53.18944946462091,53.08493737284473
自己効力感,29210,奈良県,香芝市,都市部,2023,48.80357911012782,54.630854650888494,54.74001199279019
自己効力感,29210,奈良県,香芝市,都市部,2024,46.1902862736586,55.03171818805505,55.2975246323896
自己効力感,29210,奈良県,香芝市,都市部,2025,48.70848523106581,54.10636512397804,54.15213504920373
自己効力感,29210,奈良県,香芝市,都市部,2026,54.63933738970624,54.26655651563323,54.400398942502264
自己効力感,29211,奈良県,葛城市,地方の中心都市,2024,59.24083591700101,51.334207315105424,51.15836631852751
自己効力感,29363,奈良県,田原本町,地方の中心都市,2024,56.86226377030849,46.68931648623903,46.557880946428796
自己効力感,29426,奈良県,広陵町,都市部,2024,63.71964175457616,50.23573100386097,50.52147776077802
自己効力感,30201,和歌山県,和歌山市,都市部,2023,56.17479476360057,48.64820736507389,48.80424792573101
自己効力感,30201,和歌山県,和歌山市,都市部,2024,53.94252744357507,49.12288048267531,49.16515677552299
自己効力感,30201,和歌山県,和歌山市,都市部,2025,38.575985552991376,48.15062927484373,48.34321791748706
自己効力感,30201,和歌山県,和歌山市,都市部,2026,48.367776821191505,48.44433173754502,48.533282317438264
自己効力感,30202,和歌山県,海南市,農山村の小都市,2024,51.9396483237263,40.46488547257291,40.09067793417496
自己効力感,30202,和歌山県,海南市,農山村の小都市,2026,60.53363940085757,39.483376500688564,39.1296460844997
自己効力感,30203,和歌山県,橋本市,地方の中心都市,2023,60.15349035248254,44.79816724747995,44.87356088042728
自己効力感,30203,和歌山県,橋本市,地方の中心都市,2024,42.98972892952044,45.049838523754076,45.02667594523558
自己効力感,30203,和歌山県,橋本市,地方の中心都市,2025,40.90446245929561,44.26828939773377,44.265998794910864
自己効力感,30203,和歌山県,橋本市,地方の中心都市,2026,40.14366151308133,44.39777463671739,44.44131755758476
自己効力感,30206,和歌山県,田辺市,農山村の小都市,2024,21.926627713923228,38.19280394419229,38.44006827847146
自己効力感,30206,和歌山県,田辺市,農山村の小都市,2025,23.80209005762312,37.347409546151184,37.69874415630962
自己効力感,30206,和歌山県,田辺市,農山村の小都市,2026,30.088020092333405,37.44170778645257,37.720531351321505
自己効力感,30208,和歌山県,紀の川市,農山村の小都市,2023,39.833776534826754,43.35997803813599,43.04812156219205
自己効力感,30208,和歌山県,紀の川市,農山村の小都市,2024,49.889705269452826,43.95201323273079,43.692356824120125
自己効力感,30208,和歌山県,紀の川市,農山村の小都市,2025,55.086131379694166,42.61762825947649,42.297790845841384
自己効力感,30208,和歌山県,紀の川市,農山村の小都市,2026,52.34285116364322,42.84598649842502,42.510689101181505
自己効力感,30209,和歌山県,岩出市,地方の中心都市,2023,41.76040533690267,50.55434172133372,50.5490791279878
自己効力感,30209,和歌山県,岩出市,地方の中心都市,2024,41.6743115202652,50.68179788782414,50.69507956662106
自己効力感,30209,和歌山県,岩出市,地方の中心都市,2025,43.87884026460649,49.6739509950709,49.682231496461874
自己効力感,30209,和歌山県,岩出市,地方の中心都市,2026,44.01825028025688,49.800392059338854,49.699837467681306
自己効力感,31201,鳥取県,鳥取市,地方の中心都市,2023,37.63247906608338,46.15971912590994,46.015904818576644
自己効力感,31201,鳥取県,鳥取市,地方の中心都市,2024,52.94058850003478,46.292827182713765,46.15755467211734
自己効力感,31201,鳥取県,鳥取市,地方の中心都市,2025,39.33553402661816,45.33917645580953,45.01368380648235
自己効力感,31201,鳥取県,鳥取市,地方の中心都市,2026,43.2186785084859,45.46742123696898,45.324132515088685
自己効力感,31202,鳥取県,米子市,地方の中心都市,2023,53.049664922453715,48.101008364569836,48.05716406087524
自己効力感,31202,鳥取県,米子市,地方の中心都市,2024,50.52438094082097,48.456653549197924,48.363072551336245
自己効力感,31202,鳥取県,米子市,地方の中心都市,2025,53.06418672793487,47.384406085078425,47.37005500560021
自己効力感,31202,鳥取県,米子市,地方の中心都市,2026,44.49824840069584,47.90224169272343,47.902772181980026
自己効力感,31203,鳥取県,倉吉市,農山村の小都市,2024,47.73643876116419,42.216741309815006,42.03014300643667
自己効力感,31203,鳥取県,倉吉市,農山村の小都市,2025,51.777784022465184,41.443529016505195,41.131543186435
自己効力感,31203,鳥取県,倉吉市,農山村の小都市,2026,53.688586740369686,41.572983314262665,41.34551151889838
自己効力感,31204,鳥取県,境港市,地方の中心都市,2025,42.242085893241324,44.13029754338458,44.13307432518837
自己効力感,31204,鳥取県,境港市,地方の中心都市,2026,34.983443002785705,44.17174348626639,44.16865669686801
自己効力感,32201,島根県,松江市,地方の中心都市,2023,45.15657293409646,49.70543607644612,49.593378768648506
自己効力感,32201,島根県,松江市,地方の中心都市,2024,53.58438650079915,50.1346551466109,49.93198334274734
自己効力感,32201,島根県,松江市,地方の中心都市,2025,48.95947882503839,49.23830459547547,49.12610501803452
自己効力感,32201,島根県,松江市,地方の中心都市,2026,57.2817477964842,49.539412357082824,49.41742948816248
自己効力感,32202,島根県,浜田市,農山村の小都市,2024,55.72828983783871,42.66162648750966,42.57572447368705
自己効力感,32202,島根県,浜田市,農山村の小都市,2025,35.661612147253095,41.40816403275193,41.52291427629457
自己効力感,32202,島根県,浜田市,農山村の小都市,2026,44.140541299971716,41.845382055185574,41.79426954939708
自己効力感,32203,島根県,出雲市,地方の中心都市,2023,61.7809978746769,48.10711089391074,48.1148977679087
自己効力感,32203,島根県,出雲市,地方の中心都市,2024,57.43182736894034,48.52772627755931,48.45567648298876
自己効力感,32203,島根県,出雲市,地方の中心都市,2025,45.39361094043044,47.95397978252122,48.02094891515013
自己効力感,32203,島根県,出雲市,地方の中心都市,2026,51.22209639122695,48.004378146086985,47.8780649873674
自己効力感,32204,島根県,益田市,農山村の小都市,2024,32.45352967083565,41.48992942070998,41.60968298388004
自己効力感,32204,島根県,益田市,農山村の小都市,2025,46.54288034024014,40.415070344898936,40.53408619919666
自己効力感,32204,島根県,益田市,農山村の小都市,2026,46.796994888906724,40.49940193658611,40.683881014023775
自己効力感,32206,島根県,安来市,農山村の小都市,2024,54.51254339972289,42.61191286995629,42.53095089230355
自己効力感,32209,島根県,雲南市,農山村の小都市,2024,27.194659230160582,42.70071405074598,42.67396483507634
自己効力感,33100,岡山県,岡山市,都市部,2023,46.79237773470882,47.95491243479898,47.71937432347894
自己効力感,33100,岡山県,岡山市,都市部,2024,51.1459953331271,48.34720179883389,47.95316484798987
自己効力感,33100,岡山県,岡山市,都市部,2025,49.34417598774949,47.56220758298728,47.400234399859684
自己効力感,33100,岡山県,岡山市,都市部,2026,45.80788153235568,47.87078642677143,47.624346448187715
自己効力感,33202,岡山県,倉敷市,都市部,2023,48.4432087933095,49.74991707455462,49.91787199082179
自己効力感,33202,岡山県,倉敷市,都市部,2024,51.217299840226076,50.33166994452859,50.48774824930206
自己効力感,33202,岡山県,倉敷市,都市部,2025,46.606464230949626,49.37144553380863,49.49895421161801
自己効力感,33202,岡山県,倉敷市,都市部,2026,46.587463469575326,49.636747723342694,49.77218018768399
自己効力感,33203,岡山県,津山市,地方の中心都市,2023,45.406513448221865,45.567301512235474,45.39008959568795
自己効力感,33203,岡山県,津山市,地方の中心都市,2024,46.855592615857105,45.852535533495036,45.736163567268235
自己効力感,33203,岡山県,津山市,地方の中心都市,2025,41.987817120339315,45.03384765879274,44.80023547422182
自己効力感,33203,岡山県,津山市,地方の中心都市,2026,38.33140197997064,45.18147101025258,44.97034970130552
自己効力感,33204,岡山県,玉野市,地方の中心都市,2024,50.443108234807035,46.65051210938884,46.59367864905296
自己効力感,33204,岡山県,玉野市,地方の中心都市,2025,40.947443316145794,45.65595957391786,45.6732427987222
自己効力感,33204,岡山県,玉野市,地方の中心都市,2026,43.95075551449231,45.53945191129328,45.480232867964695
自己効力感,33205,岡山県,笠岡市,地方の中心都市,2024,44.392757447195876,37.90593817145714,37.8645116842023
自己効力感,33205,岡山県,笠岡市,地方の中心都市,2026,49.854362672402885,36.82382600623488,36.77638025484481
自己効力感,33207,岡山県,井原市,農山村の小都市,2024,33.691589632223064,40.767358276822634,40.84535900814181
自己効力感,33208,岡山県,総社市,地方の中心都市,2024,29.57538150587965,49.02514272860995,48.703649757421566
自己効力感,33208,岡山県,総社市,地方の中心都市,2025,41.17119788581412,47.97930893959509,47.57752704927362
自己効力感,33208,岡山県,総社市,地方の中心都市,2026,49.9357105047993,48.54789217662779,48.25367162935016
自己効力感,33211,岡山県,備前市,農山村の小都市,2023,42.06549863552789,41.75248733966385,41.9550876020949
自己効力感,33211,岡山県,備前市,農山村の小都市,2024,47.43164013543408,42.00640662529822,42.16961718852019
自己効力感,33212,岡山県,瀬戸内市,農山村の小都市,2024,41.40633592830573,41.86098506082932,41.836532913652796
自己効力感,33213,岡山県,赤磐市,農山村の小都市,2024,50.62964969396622,44.414894041225274,44.34189491647152
自己効力感,33681,岡山県,吉備中央町,農山村の小都市,2023,42.19453436611424,37.03308138120238,36.96392225042975
自己効力感,33681,岡山県,吉備中央町,農山村の小都市,2024,68.20448019784315,37.94763044714406,37.83086632502948
自己効力感,34100,広島県,広島市,都市部,2023,54.755783002829,53.51367470103027,53.71399968741956
自己効力感,34100,広島県,広島市,都市部,2024,51.654590509854415,53.85587379583882,54.14509151845955
自己効力感,34100,広島県,広島市,都市部,2025,53.88836065195023,53.05195781214363,53.20897899401059
自己効力感,34100,広島県,広島市,都市部,2026,49.735213007907674,53.33329429855735,53.543013571740076
自己効力感,34202,広島県,呉市,地方の中心都市,2024,45.60217577593698,46.62586834344765,46.66687319150223
自己効力感,34202,広島県,呉市,地方の中心都市,2025,41.54479480614746,45.70633141057842,45.65924955583492
自己効力感,34202,広島県,呉市,地方の中心都市,2026,49.86063339929376,46.05697034655441,46.0075970911713
自己効力感,34204,広島県,三原市,地方の中心都市,2023,59.18782364416444,44.208502678902434,44.0992353457239
自己効力感,34204,広島県,三原市,地方の中心都市,2024,52.15131328926279,44.59314479793696,44.440873638911796
自己効力感,34204,広島県,三原市,地方の中心都市,2025,31.142380917419157,43.56381592952088,43.45099703956363
自己効力感,34204,広島県,三原市,地方の中心都市,2026,35.45029247564272,43.838298215430996,43.6865673445603
自己効力感,34205,広島県,尾道市,地方の中心都市,2023,58.213596067996754,44.97075522185629,45.14889381571473
自己効力感,34205,広島県,尾道市,地方の中心都市,2024,41.15372009170275,45.39606370661386,45.593212040705914
自己効力感,34205,広島県,尾道市,地方の中心都市,2025,41.11781043293665,44.51558850631516,44.71423636421764
自己効力感,34205,広島県,尾道市,地方の中心都市,2026,42.000501983121126,44.74254089606118,44.801094254120045
自己効力感,34207,広島県,福山市,都市部,2023,56.52589406559504,49.164754479908964,49.17348126064419
自己効力感,34207,広島県,福山市,都市部,2024,34.82302907633259,49.52631599126324,49.398758508433154
自己効力感,34207,広島県,福山市,都市部,2025,52.99314329386952,48.597330302203495,48.58069095357356
自己効力感,34207,広島県,福山市,都市部,2026,46.118770687342625,48.959387381774576,48.92391052987489
自己効力感,34208,広島県,府中市,農山村の小都市,2024,31.619800193501213,40.15082999355352,40.48275796857869
自己効力感,34209,広島県,三次市,農山村の小都市,2024,45.599919896295866,42.494694594916666,42.253318600625676
自己効力感,34209,広島県,三次市,農山村の小都市,2025,33.25065340162331,41.52135278455472,41.442300929452394
自己効力感,34209,広島県,三次市,農山村の小都市,2026,32.78780497486041,41.78564163028201,41.56651799906287
自己効力感,34212,広島県,東広島市,地方の中心都市,2023,45.00605906253891,48.97907199485738,48.95384528201562
自己効力感,34212,広島県,東広島市,地方の中心都市,2024,46.08548873025268,49.14804577786989,49.16236428549077
自己効力感,34212,広島県,東広島市,地方の中心都市,2025,43.30201747104359,48.44408932668611,48.34114266560175
自己効力感,34212,広島県,東広島市,地方の中心都市,2026,59.236924752269715,48.74951275073873,48.70291031119803
自己効力感,34213,広島県,廿日市市,地方の中心都市,2023,53.15551835262148,48.83042824737489,48.627947895524905
自己効力感,34213,広島県,廿日市市,地方の中心都市,2024,43.322316923911984,49.50422610293967,49.22751092309918
自己効力感,34213,広島県,廿日市市,地方の中心都市,2025,46.147744653687326,48.22966629108348,48.005571474706876
自己効力感,34213,広島県,廿日市市,地方の中心都市,2026,50.69132130753587,48.45240701807492,48.228448008523436
自己効力感,34302,広島県,府中町,都市部,2024,61.88464070173734,57.39110628332569,57.20769264000459
自己効力感,34302,広島県,府中町,都市部,2025,55.10028077632159,55.860338775441846,55.439665257566276
自己効力感,34302,広島県,府中町,都市部,2026,62.46607292296349,56.50706842771042,56.13841872243306
自己効力感,35201,山口県,下関市,地方の中心都市,2023,38.66939965024114,45.328090945561684,45.28826724118038
自己効力感,35201,山口県,下関市,地方の中心都市,2024,48.20856437496235,45.711476972776005,45.65004735710471
自己効力感,35201,山口県,下関市,地方の中心都市,2025,66.97814891038266,44.74096244122363,44.771510515082
自己効力感,35201,山口県,下関市,地方の中心都市,2026,40.86225007684439,44.935011050534584,44.85630943791413
自己効力感,35202,山口県,宇部市,地方の中心都市,2023,46.57617481370516,46.997413744611116,46.91151359534022
自己効力感,35202,山口県,宇部市,地方の中心都市,2024,64.84659668433072,47.29889666907198,47.09426997916762
自己効力感,35202,山口県,宇部市,地方の中心都市,2025,38.30070565368409,46.17428132559383,46.054581030714395
自己効力感,35202,山口県,宇部市,地方の中心都市,2026,54.81131206558341,46.50634207521057,46.331616773553705
自己効力感,35203,山口県,山口市,地方の中心都市,2023,44.089858785318384,45.438624590591104,45.436994162777125
自己効力感,35203,山口県,山口市,地方の中心都市,2024,54.797070491416406,45.927850804722134,45.774686136341145
自己効力感,35203,山口県,山口市,地方の中心都市,2025,31.358964702313067,44.816118020362815,44.81628249961297
自己効力感,35203,山口県,山口市,地方の中心都市,2026,63.761777361257906,45.13656487382922,45.0485061518949
自己効力感,35204,山口県,萩市,農山村の小都市,2024,38.00811614050272,38.962584621904625,39.33037004518619
自己効力感,35204,山口県,萩市,農山村の小都市,2026,44.343322236209815,37.78936327195513,38.093897146915424
自己効力感,35206,山口県,防府市,地方の中心都市,2023,35.718906456213986,48.29822187181808,48.48906670696133
自己効力感,35206,山口県,防府市,地方の中心都市,2024,51.18272266960873,49.113566411881486,49.30648734614043
自己効力感,35206,山口県,防府市,地方の中心都市,2025,40.769830607472045,47.974165932866676,47.99970141651437
自己効力感,35206,山口県,防府市,地方の中心都市,2026,51.39032661897451,47.76590982529173,47.86946581229493
自己効力感,35207,山口県,下松市,地方の中心都市,2023,38.516830544372645,49.88228196722028,49.66307907583964
自己効力感,35207,山口県,下松市,地方の中心都市,2024,55.10663367665438,50.25317990510669,50.13840316096916
自己効力感,35207,山口県,下松市,地方の中心都市,2025,53.05862387983862,49.52687911286324,49.29288359366858
自己効力感,35207,山口県,下松市,地方の中心都市,2026,49.93376879126944,49.774888214451195,49.49289381013239
自己効力感,35208,山口県,岩国市,地方の中心都市,2023,55.962348739323815,44.84667661075075,45.03476637838513
自己効力感,35208,山口県,岩国市,地方の中心都市,2024,45.894866118983536,45.1644020240917,45.30989895438271
自己効力感,35208,山口県,岩国市,地方の中心都市,2025,43.319714372427256,44.04514852289232,44.16993218941919
自己効力感,35208,山口県,岩国市,地方の中心都市,2026,46.29940805789094,44.45245329235891,44.544078233587186
自己効力感,35210,山口県,光市,地方の中心都市,2024,54.67440406726321,48.195474394276026,48.289429097685016
自己効力感,35210,山口県,光市,地方の中心都市,2026,35.69611920519465,47.06281419464378,47.14937554313584
自己効力感,35212,山口県,柳井市,農山村の小都市,2024,53.28847632099604,41.90403656513359,41.709639341401996
自己効力感,35215,山口県,周南市,地方の中心都市,2023,52.423686279643135,46.519246578026596,46.61427085447383
自己効力感,35215,山口県,周南市,地方の中心都市,2024,46.31541836298995,46.72842452424157,46.86255168073966
自己効力感,35215,山口県,周南市,地方の中心都市,2025,37.58025141047094,46.036907250339,46.18040513181343
自己効力感,35215,山口県,周南市,地方の中心都市,2026,52.82285230123319,46.21333651722977,46.28179239562488
自己効力感,35216,山口県,山陽小野田市,地方の中心都市,2023,32.89566610112436,43.68089163809586,43.731943228908975
自己効力感,35216,山口県,山陽小野田市,地方の中心都市,2024,43.32856125528828,43.93648927580458,43.75135804055691
自己効力感,35216,山口県,山陽小野田市,地方の中心都市,2025,36.879759403187435,43.351335129751966,43.47958007936661
自己効力感,35216,山口県,山陽小野田市,地方の中心都市,2026,42.11521308517594,43.518350502767234,43.5517677007932
自己効力感,36201,徳島県,徳島市,都市部,2023,46.10346388658032,47.089785148203184,47.290827582103
自己効力感,36201,徳島県,徳島市,都市部,2024,51.19480988144346,47.39962322046538,47.70965688969572
自己効力感,36201,徳島県,徳島市,都市部,2025,48.15192664815045,46.53533651717587,46.65616376293045
自己効力感,36201,徳島県,徳島市,都市部,2026,44.071892231688025,46.71459144002122,46.87083455284948
自己効力感,36202,徳島県,鳴門市,農山村の小都市,2023,40.60132278558744,42.16356614419864,42.34688804589111
自己効力感,36202,徳島県,鳴門市,農山村の小都市,2024,33.46366652799726,42.81101587697531,42.95034993599205
自己効力感,36202,徳島県,鳴門市,農山村の小都市,2025,50.898739693054196,41.963704870998114,42.251753338027655
自己効力感,36202,徳島県,鳴門市,農山村の小都市,2026,57.35256987597078,42.338894424985185,42.47690055720258
自己効力感,36203,徳島県,小松島市,地方の中心都市,2024,49.2315245523196,40.28634686288116,40.114233418445586
自己効力感,36204,徳島県,阿南市,地方の中心都市,2023,38.810321108045066,39.77295366461915,39.63470489846568
自己効力感,36204,徳島県,阿南市,地方の中心都市,2024,37.61470893841086,40.166695400296305,40.07456975205305
自己効力感,36204,徳島県,阿南市,地方の中心都市,2025,36.48993983843449,39.03539384106549,38.8295837114678
自己効力感,36204,徳島県,阿南市,地方の中心都市,2026,48.551808992712516,39.2130134501374,39.078471593153616
自己効力感,36205,徳島県,吉野川市,農山村の小都市,2024,39.57521007671083,41.97542736934748,42.22916232693039
自己効力感,36205,徳島県,吉野川市,農山村の小都市,2025,47.410450993128634,40.80695459153054,41.04354110860742
自己効力感,36205,徳島県,吉野川市,農山村の小都市,2026,38.040429243539656,40.96117081460898,41.193592476817805
自己効力感,36403,徳島県,藍住町,都市部,2024,46.776977837920676,45.656473325888676,45.536859038191736
自己効力感,37201,香川県,高松市,都市部,2023,51.02269675825155,49.43038251457348,49.37063811542542
自己効力感,37201,香川県,高松市,都市部,2024,46.86787239300986,49.784636686676826,49.81797150043729
自己効力感,37201,香川県,高松市,都市部,2025,42.628087301014716,49.020186159108746,48.868825904879564
自己効力感,37201,香川県,高松市,都市部,2026,54.86909892374921,49.31396365370775,49.21465899717002
自己効力感,37202,香川県,丸亀市,地方の中心都市,2023,50.281267738261725,47.519242377471706,47.608310965993596
自己効力感,37202,香川県,丸亀市,地方の中心都市,2024,61.057462140674744,48.33539211803627,48.37068119981376
自己効力感,37202,香川県,丸亀市,地方の中心都市,2025,53.4904137302424,47.522598209713294,47.48543187701008
自己効力感,37202,香川県,丸亀市,地方の中心都市,2026,49.01397945893264,47.87822700468297,47.89014303832947
自己効力感,37203,香川県,坂出市,地方の中心都市,2023,48.490018685843,44.05455916101843,44.2609994902296
自己効力感,37203,香川県,坂出市,地方の中心都市,2024,51.96131618447746,44.31910859411048,44.459089673139836
自己効力感,37203,香川県,坂出市,地方の中心都市,2025,40.99008442717545,43.200793763347704,43.37115233995729
自己効力感,37203,香川県,坂出市,地方の中心都市,2026,47.65456633699256,43.838555657230806,43.96979110666974
自己効力感,37205,香川県,観音寺市,地方の中心都市,2023,30.767803638257927,46.08470808744313,46.05088916574472
自己効力感,37205,香川県,観音寺市,地方の中心都市,2024,42.786383921510335,46.6009549543402,46.436935720980564
自己効力感,37205,香川県,観音寺市,地方の中心都市,2025,38.451676080264086,45.465536941489695,45.43977007650916
自己効力感,37205,香川県,観音寺市,地方の中心都市,2026,38.48164543464921,45.65551620806602,45.603475565063164
自己効力感,37206,香川県,さぬき市,農山村の小都市,2024,43.47873456506551,40.61633962915239,40.537986155393526
自己効力感,37206,香川県,さぬき市,農山村の小都市,2026,52.84049565040142,39.58101885683942,39.45445133898344
自己効力感,37208,香川県,三豊市,農山村の小都市,2023,50.862764617596355,41.190795918760344,41.1774065105655
自己効力感,37208,香川県,三豊市,農山村の小都市,2024,50.92017170549994,41.74694067090844,41.67237908435983
自己効力感,37208,香川県,三豊市,農山村の小都市,2025,39.981068668616444,40.76501657690592,40.739159646058724
自己効力感,37208,香川県,三豊市,農山村の小都市,2026,46.47385973580372,41.06681079829812,41.011950793399436
自己効力感,38201,愛媛県,松山市,都市部,2023,56.3820777563577,49.57884573519798,49.55981833400271
自己効力感,38201,愛媛県,松山市,都市部,2024,57.96800839265982,49.96150933330983,49.82827434533955
自己効力感,38201,愛媛県,松山市,都市部,2025,49.57245156107965,49.00700769139314,48.948026451303285
自己効力感,38201,愛媛県,松山市,都市部,2026,50.105285646867564,49.23602367696527,49.0970355484645
自己効力感,38202,愛媛県,今治市,地方の中心都市,2023,42.702375921889896,43.3503121212881,43.34860050953496
自己効力感,38202,愛媛県,今治市,地方の中心都市,2024,44.13800110935085,43.591984795823265,43.58015726504105
自己効力感,38202,愛媛県,今治市,地方の中心都市,2025,47.79169743708237,42.705933034294915,42.68767080033551
自己効力感,38202,愛媛県,今治市,地方の中心都市,2026,50.90124621559787,43.101965328946754,43.06689286328579
自己効力感,38203,愛媛県,宇和島市,農山村の小都市,2023,36.616404843532415,37.033934767832505,36.75165125020029
自己効力感,38203,愛媛県,宇和島市,農山村の小都市,2024,29.665843986153007,37.421404993238085,37.13167963157662
自己効力感,38203,愛媛県,宇和島市,農山村の小都市,2025,29.156870632074856,36.16092258765376,35.87031811458247
自己効力感,38203,愛媛県,宇和島市,農山村の小都市,2026,28.269931375129264,36.5704611750404,36.31443429421266
自己効力感,38205,愛媛県,新居浜市,地方の中心都市,2023,46.5178560328799,49.60420137460224,50.01621103433851
自己効力感,38205,愛媛県,新居浜市,地方の中心都市,2024,47.48083729736256,49.99996525044698,50.332901611806385
自己効力感,38205,愛媛県,新居浜市,地方の中心都市,2025,45.78761843041754,48.94672531213373,49.36239107669939
自己効力感,38205,愛媛県,新居浜市,地方の中心都市,2026,28.98903605915625,49.22165866219301,49.58162253607146
自己効力感,38206,愛媛県,西条市,地方の中心都市,2023,48.14882364465403,43.35258723494981,43.31552064651256
自己効力感,38206,愛媛県,西条市,地方の中心都市,2024,50.05084337087418,43.738335577597034,43.66464393032854
自己効力感,38206,愛媛県,西条市,地方の中心都市,2025,55.37151106399385,42.96989244213135,42.9542100087452
自己効力感,38206,愛媛県,西条市,地方の中心都市,2026,38.078208565710504,42.89790716239981,42.81163390702709
自己効力感,38207,愛媛県,大洲市,農山村の小都市,2024,49.34386637895091,42.395253628661486,42.583278058317426
自己効力感,38210,愛媛県,伊予市,農山村の小都市,2024,35.518129510555156,43.28497202900211,43.43764088281935
自己効力感,38213,愛媛県,四国中央市,地方の中心都市,2023,38.82856659499745,46.258382463958384,46.243573663298335
自己効力感,38213,愛媛県,四国中央市,地方の中心都市,2024,40.79978461793745,46.586344410472734,46.489017598502926
自己効力感,38213,愛媛県,四国中央市,地方の中心都市,2025,41.554362003518264,45.47292662628923,45.30509138897738
自己効力感,38213,愛媛県,四国中央市,地方の中心都市,2026,39.5307254910995,45.40475320028697,45.214553428508864
自己効力感,38215,愛媛県,東温市,農山村の小都市,2024,36.743790761975156,43.821692085229316,43.49880998794997
自己効力感,39201,高知県,高知市,地方の中心都市,2023,61.519182322959594,50.01493477788916,49.88510682730627
自己効力感,39201,高知県,高知市,地方の中心都市,2024,54.020542571399695,50.298027082393865,50.16053456500511
自己効力感,39201,高知県,高知市,地方の中心都市,2025,51.59052310390252,49.096667240214025,48.9399647950798
自己効力感,39201,高知県,高知市,地方の中心都市,2026,51.53329849171115,49.479153553667345,49.345894673615746
自己効力感,39204,高知県,南国市,農山村の小都市,2024,57.527752280288944,44.308029163209476,44.204634981149965
自己効力感,39204,高知県,南国市,農山村の小都市,2025,42.247482968067104,43.546603202801016,43.349421785704884
自己効力感,39204,高知県,南国市,農山村の小都市,2026,43.26268239567659,43.27480293519635,43.11132642457065
自己効力感,39208,高知県,宿毛市,農山村の小都市,2023,31.977743433372506,36.5671883314538,36.65671191928461
自己効力感,40100,福岡県,北九州市,都市部,2023,54.3791242784924,49.17532598102551,48.68661297932867
自己効力感,40100,福岡県,北九州市,都市部,2024,56.23866832508771,49.595505070769114,49.06617292382852
自己効力感,40100,福岡県,北九州市,都市部,2025,50.81494319243607,48.80387101014916,48.39630618843135
自己効力感,40100,福岡県,北九州市,都市部,2026,53.46381589469853,49.07529300941686,48.58338236389606
自己効力感,40130,福岡県,福岡市,都市部,2023,59.65282195941773,53.797206167765694,53.63693583430076
自己効力感,40130,福岡県,福岡市,都市部,2024,52.88456809365761,54.4530379049089,54.33794348840627
自己効力感,40130,福岡県,福岡市,都市部,2025,58.66271685753024,53.5453137488961,53.28433647514679
自己効力感,40130,福岡県,福岡市,都市部,2026,55.35430112753246,53.836372829022324,53.605174604483
自己効力感,40202,福岡県,大牟田市,地方の中心都市,2023,38.0318745230162,43.458403899602935,43.20179514319118
自己効力感,40202,福岡県,大牟田市,地方の中心都市,2024,40.46915397798687,43.76415835885322,43.515396104509854
自己効力感,40202,福岡県,大牟田市,地方の中心都市,2025,50.56907383096976,42.818749908053164,42.43437667749332
自己効力感,40202,福岡県,大牟田市,地方の中心都市,2026,55.67533475841492,43.14182926753893,42.87026794965489
自己効力感,40203,福岡県,久留米市,都市部,2023,42.13925600974552,46.33226660877639,46.36217415590235
自己効力感,40203,福岡県,久留米市,都市部,2024,47.82265023735834,46.812496659911936,46.860766192931
自己効力感,40203,福岡県,久留米市,都市部,2025,36.674251332360754,45.70530235266269,45.747160466325894
自己効力感,40203,福岡県,久留米市,都市部,2026,41.409386109285684,46.103519949740566,46.054690640890485
自己効力感,40204,福岡県,直方市,地方の中心都市,2024,51.57995757624109,46.63675270650821,46.650392194788836
自己効力感,40204,福岡県,直方市,地方の中心都市,2025,49.479288148194435,45.82477296958372,45.844088478485375
自己効力感,40204,福岡県,直方市,地方の中心都市,2026,51.0323902733243,45.785114547543465,45.777852251389206
自己効力感,40205,福岡県,飯塚市,地方の中心都市,2023,47.45076833444327,43.65411655961691,43.76486380335261
自己効力感,40205,福岡県,飯塚市,地方の中心都市,2024,31.277715061740604,44.154229503702716,44.25959277899245
自己効力感,40205,福岡県,飯塚市,地方の中心都市,2025,35.09643347354111,43.28042330581184,43.46217212837398
自己効力感,40205,福岡県,飯塚市,地方の中心都市,2026,44.30818856172677,43.76793214227616,43.92477701867891
自己効力感,40206,福岡県,田川市,地方の中心都市,2024,46.20024767348153,40.291735274570634,40.92829342027336
自己効力感,40206,福岡県,田川市,地方の中心都市,2026,28.351626618351013,38.79383602877522,39.534356549379176
自己効力感,40207,福岡県,柳川市,地方の中心都市,2024,44.45996484758476,39.94660246746449,39.50404206220144
自己効力感,40207,福岡県,柳川市,地方の中心都市,2025,57.578173089893625,38.93449593848811,38.382731044348645
自己効力感,40207,福岡県,柳川市,地方の中心都市,2026,44.307078947604495,39.0202748239408,38.53434316164846
自己効力感,40210,福岡県,八女市,農山村の小都市,2023,39.965744364727115,39.7893474891505,40.04457648401788
自己効力感,40210,福岡県,八女市,農山村の小都市,2024,35.591466342638306,39.38714470302925,39.70592457515792
自己効力感,40210,福岡県,八女市,農山村の小都市,2025,26.163954708649218,39.04006241748084,39.30391534249719
自己効力感,40210,福岡県,八女市,農山村の小都市,2026,28.383953721713944,39.39893589249155,39.66847725264842
自己効力感,40211,福岡県,筑後市,地方の中心都市,2024,32.56042198816438,45.76219809745808,46.089576254128346
自己効力感,40211,福岡県,筑後市,地方の中心都市,2026,32.710008593243344,44.880478106176334,45.27505710257119
自己効力感,40213,福岡県,行橋市,地方の中心都市,2023,46.98763208409684,45.75017091240833,45.78744251028302
自己効力感,40213,福岡県,行橋市,地方の中心都市,2024,51.697827741675496,46.39988911808586,46.37090421210784
自己効力感,40213,福岡県,行橋市,地方の中心都市,2025,53.11016542126484,45.13321402992539,45.08275934822038
自己効力感,40213,福岡県,行橋市,地方の中心都市,2026,42.72048390734617,45.38386662246134,45.34167623460038
自己効力感,40214,福岡県,豊前市,農山村の小都市,2023,27.71643290498612,41.43758206914724,41.65449479565187
自己効力感,40215,福岡県,中間市,地方の中心都市,2024,31.37304695160796,41.28427574190344,41.46722703679562
自己効力感,40216,福岡県,小郡市,地方の中心都市,2023,55.04077516211044,45.53647420812277,45.408028203806325
自己効力感,40216,福岡県,小郡市,地方の中心都市,2024,55.43575299654874,46.00557285074601,45.918953881718174
自己効力感,40216,福岡県,小郡市,地方の中心都市,2025,47.18207116827835,44.44989890823795,44.252613115942424
自己効力感,40216,福岡県,小郡市,地方の中心都市,2026,56.45619049003159,45.89436993837606,45.82854867424014
自己効力感,40217,福岡県,筑紫野市,地方の中心都市,2024,55.94049477603929,50.54576675020414,50.536418608502956
自己効力感,40217,福岡県,筑紫野市,地方の中心都市,2025,55.905158296480494,49.395442895247534,49.39911202845919
自己効力感,40217,福岡県,筑紫野市,地方の中心都市,2026,58.90530222688237,49.72774628641498,49.73882153524659
自己効力感,40218,福岡県,春日市,都市部,2024,53.63053943891665,54.281380472231056,54.359939300383985
自己効力感,40218,福岡県,春日市,都市部,2025,50.55229779940366,53.355202807873326,53.501530275627786
自己効力感,40218,福岡県,春日市,都市部,2026,53.252960883520636,53.88089469770381,53.977439616934134
自己効力感,40219,福岡県,大野城市,都市部,2023,40.429394050864744,56.5150706652989,56.61343546096507
自己効力感,40219,福岡県,大野城市,都市部,2024,63.397430414158556,56.43079251131399,56.45378252579695
自己効力感,40219,福岡県,大野城市,都市部,2025,56.01063465846502,55.832123840233706,55.9086600797674
自己効力感,40219,福岡県,大野城市,都市部,2026,41.633203116523326,56.08951395610647,56.139343901088594
自己効力感,40220,福岡県,宗像市,地方の中心都市,2023,46.16389926226804,49.12945172255887,49.19738422944672
自己効力感,40220,福岡県,宗像市,地方の中心都市,2024,54.98128951131708,49.189617038765704,49.25304139264158
自己効力感,40220,福岡県,宗像市,地方の中心都市,2025,48.11834124054072,48.28306868607922,48.37041558451814
自己効力感,40220,福岡県,宗像市,地方の中心都市,2026,56.12622266957516,48.833153565553786,48.894556936324975
自己効力感,40221,福岡県,太宰府市,地方の中心都市,2023,51.82714898870044,51.38714216058384,51.29047209553179
自己効力感,40221,福岡県,太宰府市,地方の中心都市,2024,51.40237983231429,52.34679516116109,52.18905316281081
自己効力感,40221,福岡県,太宰府市,地方の中心都市,2025,60.3132200546531,51.466617905468354,51.37476394822428
自己効力感,40221,福岡県,太宰府市,地方の中心都市,2026,58.75001350467657,51.73561709148187,51.6997268456099
自己効力感,40223,福岡県,古賀市,地方の中心都市,2023,56.652691366144126,49.090824282038184,49.045482750360236
自己効力感,40223,福岡県,古賀市,地方の中心都市,2024,45.06016445119812,50.03118451679808,49.96403273125607
自己効力感,40223,福岡県,古賀市,地方の中心都市,2025,42.41516878144956,48.83910617491666,48.74842131874523
自己効力感,40223,福岡県,古賀市,地方の中心都市,2026,61.953693468774205,48.88687437908679,48.81754453606736
自己効力感,40224,福岡県,福津市,地方の中心都市,2024,53.698726226100376,51.13979290820896,51.067513607839416
自己効力感,40224,福岡県,福津市,地方の中心都市,2025,68.52159502934542,50.504222525766295,50.43602412915548
自己効力感,40224,福岡県,福津市,地方の中心都市,2026,60.44539330916342,50.74126788162814,50.63853043359053
自己効力感,40228,福岡県,朝倉市,農山村の小都市,2024,31.80999383399793,42.488814339083206,42.753346755327684
自己効力感,40228,福岡県,朝倉市,農山村の小都市,2025,28.56671845836829,41.10593319578542,41.22950647825659
自己効力感,40228,福岡県,朝倉市,農山村の小都市,2026,37.74813287099252,41.349674794601924,41.4539286330623
自己効力感,40230,福岡県,糸島市,地方の中心都市,2023,61.617591979440654,43.56738878107818,43.54556044072531
自己効力感,40230,福岡県,糸島市,地方の中心都市,2024,51.726994180458455,43.64345987719463,43.52152752419847
自己効力感,40230,福岡県,糸島市,地方の中心都市,2025,60.75456375069664,42.9523969910683,42.96135354348053
自己効力感,40230,福岡県,糸島市,地方の中心都市,2026,60.482668882444884,42.942453391849824,42.85095265011429
自己効力感,40231,福岡県,那珂川市,地方の中心都市,2024,58.55099719681236,49.05409303892038,48.881364012413755
自己効力感,40231,福岡県,那珂川市,地方の中心都市,2025,53.537097690178975,48.54477057516279,48.376959177208015
自己効力感,40231,福岡県,那珂川市,地方の中心都市,2026,42.08504199885071,48.93626843435803,48.79909090015378
自己効力感,40343,福岡県,志免町,都市部,2024,50.855806797651056,52.99291445497966,52.96965189820992
自己効力感,40343,福岡県,志免町,都市部,2026,48.7082382859116,52.23018151599161,52.28480334525915
自己効力感,40349,福岡県,粕屋町,都市部,2024,46.29692176396951,52.37899155278535,52.01330731975763
自己効力感,40349,福岡県,粕屋町,都市部,2026,36.500834721192874,51.7306710874764,51.29510197657053
自己効力感,40621,福岡県,苅田町,都市部,2024,41.183556969278,48.10793957179563,47.998642016320005
自己効力感,41201,佐賀県,佐賀市,地方の中心都市,2023,44.880120651152495,46.48216842257755,46.43699237346125
自己効力感,41201,佐賀県,佐賀市,地方の中心都市,2024,48.05003177969692,46.75090894306137,46.6661933824855
自己効力感,41201,佐賀県,佐賀市,地方の中心都市,2025,55.79140698526428,45.740793537425546,45.595529223723915
自己効力感,41201,佐賀県,佐賀市,地方の中心都市,2026,47.3571310970281,46.226530000023274,46.16579386853903
自己効力感,41202,佐賀県,唐津市,農山村の小都市,2023,60.06381727642159,41.79282444803851,41.69289666264964
自己効力感,41202,佐賀県,唐津市,農山村の小都市,2024,42.08821503461526,42.128949418102266,41.92779123675018
自己効力感,41202,佐賀県,唐津市,農山村の小都市,2025,54.297320981243,41.1236518422513,40.954827247217025
自己効力感,41202,佐賀県,唐津市,農山村の小都市,2026,44.88688039061726,41.4345193825772,41.31796379853213
自己効力感,41203,佐賀県,鳥栖市,都市部,2023,42.31354589828805,49.92519101951051,49.86491970997689
自己効力感,41203,佐賀県,鳥栖市,都市部,2024,53.691564301439705,50.136294616104955,50.01984449524531
自己効力感,41203,佐賀県,鳥栖市,都市部,2025,55.31288036482266,49.20204350578468,49.15475613740148
自己効力感,41203,佐賀県,鳥栖市,都市部,2026,46.272356274288924,49.28636043249891,49.1604207710886
自己効力感,41205,佐賀県,伊万里市,農山村の小都市,2024,30.644852726934936,40.396866513223024,40.295600536901574
自己効力感,41205,佐賀県,伊万里市,農山村の小都市,2025,44.367077147627526,39.47509100280456,39.30106424136973
自己効力感,41205,佐賀県,伊万里市,農山村の小都市,2026,37.3719042205599,39.636374494063645,39.454881965532444
自己効力感,41206,佐賀県,武雄市,地方の中心都市,2024,54.768759118311195,44.598663670332975,44.4379016485307
自己効力感,41206,佐賀県,武雄市,地方の中心都市,2026,45.324535758789104,43.195244736836244,43.11342765834329
自己効力感,41208,佐賀県,小城市,地方の中心都市,2024,41.293091860006385,42.52619143040852,42.57043306071161
自己効力感,41341,佐賀県,基山町,地方の中心都市,2023,50.25142600596203,46.94802555301228,47.122701763940576
自己効力感,41401,佐賀県,有田町,農山村の小都市,2023,49.40338329564083,45.381593432117455,45.70252980976212
自己効力感,42201,長崎県,長崎市,地方の中心都市,2023,49.09756831510174,47.4649437376179,47.549797136436744
自己効力感,42201,長崎県,長崎市,地方の中心都市,2024,55.64796013372298,47.8291997571463,48.020691581218614
自己効力感,42201,長崎県,長崎市,地方の中心都市,2025,49.37375692812853,46.96790323255552,47.13133160998481
自己効力感,42201,長崎県,長崎市,地方の中心都市,2026,53.33922497718337,47.285002932078,47.40561120977277
自己効力感,42202,長崎県,佐世保市,地方の中心都市,2023,43.996309858314,45.22320798208669,45.31326387372788
自己効力感,42202,長崎県,佐世保市,地方の中心都市,2024,38.876303320585635,45.34821785771462,45.43642978274689
自己効力感,42202,長崎県,佐世保市,地方の中心都市,2025,41.575471139573786,44.450284819958505,44.49356858843229
自己効力感,42202,長崎県,佐世保市,地方の中心都市,2026,46.939078313834415,44.61910080610587,44.64083780937381
自己効力感,42203,長崎県,島原市,農山村の小都市,2024,38.547765603717124,43.828154299532635,43.67730593273616
自己効力感,42204,長崎県,諫早市,地方の中心都市,2023,44.19936821217703,44.31816978815736,44.27802011627544
自己効力感,42204,長崎県,諫早市,地方の中心都市,2024,57.25867251328835,44.69898368913634,44.608108430954225
自己効力感,42204,長崎県,諫早市,地方の中心都市,2025,29.689199410975178,44.00385967416222,43.85642703000981
自己効力感,42204,長崎県,諫早市,地方の中心都市,2026,48.92632193387982,44.00090067280934,43.944126616578544
自己効力感,42205,長崎県,大村市,地方の中心都市,2023,45.9489310883108,49.84411168653966,50.10115542529777
自己効力感,42205,長崎県,大村市,地方の中心都市,2024,51.12847092660311,50.274656441085654,50.50045754732885
自己効力感,42205,長崎県,大村市,地方の中心都市,2025,43.79233623262916,50.01631405450305,50.42308670768402
自己効力感,42205,長崎県,大村市,地方の中心都市,2026,46.382511625567886,49.27224279011306,49.396857150900345
自己効力感,42214,長崎県,南島原市,農山村の小都市,2024,43.12740492140308,39.24582547477968,38.91056110001266
自己効力感,42307,長崎県,長与町,地方の中心都市,2024,61.36312338740902,50.543146804574135,50.50680615243205
自己効力感,43100,熊本県,熊本市,都市部,2023,50.92493531170042,48.788227755636505,48.315768075463225
自己効力感,43100,熊本県,熊本市,都市部,2024,55.470124311710244,49.23503160877523,48.75789824049878
自己効力感,43100,熊本県,熊本市,都市部,2025,56.426316841409,48.386038995192756,47.84028237938945
自己効力感,43100,熊本県,熊本市,都市部,2026,53.15657076411132,48.405877436167756,47.924083824046214
自己効力感,43202,熊本県,八代市,農山村の小都市,2023,33.995094029676196,41.31968331228124,41.38569589152354
自己効力感,43202,熊本県,八代市,農山村の小都市,2024,31.4552308070167,41.914703014344795,42.09396187708727
自己効力感,43202,熊本県,八代市,農山村の小都市,2025,33.414648129734026,40.663699158555396,40.582924520407424
自己効力感,43202,熊本県,八代市,農山村の小都市,2026,53.49556916616502,41.02167262274297,41.03906185534664
自己効力感,43204,熊本県,荒尾市,地方の中心都市,2024,40.850148272669024,39.66655521517541,39.85658483617154
自己効力感,43204,熊本県,荒尾市,地方の中心都市,2025,38.39823301138606,39.352064922473716,39.48518303073162
自己効力感,43204,熊本県,荒尾市,地方の中心都市,2026,35.28449073854742,39.75692512587498,39.92064732655071
自己効力感,43206,熊本県,玉名市,農山村の小都市,2023,49.78239574530882,39.78049130181583,39.57183534671525
自己効力感,43206,熊本県,玉名市,農山村の小都市,2024,42.759785782046336,40.45306050056412,40.26264583768766
自己効力感,43206,熊本県,玉名市,農山村の小都市,2025,44.59321965546089,38.884247997343536,38.657832181339636
自己効力感,43206,熊本県,玉名市,農山村の小都市,2026,41.99085875508045,39.21706812027914,38.97922112227242
自己効力感,43208,熊本県,山鹿市,農山村の小都市,2024,38.53160410198113,38.407724510392455,38.12612243390073
自己効力感,43208,熊本県,山鹿市,農山村の小都市,2026,39.26199770168073,38.05314386606926,37.78388468949362
自己効力感,43210,熊本県,菊池市,農山村の小都市,2026,60.2494800372741,38.95997426238792,38.779167945975544
自己効力感,43213,熊本県,宇城市,農山村の小都市,2023,50.55063590443347,38.974131727417294,38.858371279702695
自己効力感,43213,熊本県,宇城市,農山村の小都市,2024,55.70277672667844,38.91349592132673,38.713777602173664
自己効力感,43213,熊本県,宇城市,農山村の小都市,2025,41.43006354982424,37.88312342542024,37.824110153415816
自己効力感,43213,熊本県,宇城市,農山村の小都市,2026,41.76280627078219,38.44671604114159,38.33551392186282
自己効力感,43215,熊本県,天草市,農山村の小都市,2023,42.64218005038148,38.61955897524501,38.38531026040509
自己効力感,43215,熊本県,天草市,農山村の小都市,2024,46.073882493628716,38.80977949185424,38.51647320923952
自己効力感,43215,熊本県,天草市,農山村の小都市,2025,38.387835894264164,37.8812835754489,37.686157947699414
自己効力感,43215,熊本県,天草市,農山村の小都市,2026,52.99066036354613,38.13445654483177,37.88002752414671
自己効力感,43216,熊本県,合志市,都市部,2024,51.92228409275138,47.844647516850245,47.8748527618814
自己効力感,43216,熊本県,合志市,都市部,2025,48.91721902863599,47.17375392609987,47.26442994821756
自己効力感,43216,熊本県,合志市,都市部,2026,70.37907917553001,47.42979142822824,47.430866415602715
自己効力感,43404,熊本県,菊陽町,都市部,2024,65.00064523296706,48.93006653349886,48.96034949858192
自己効力感,44201,大分県,大分市,都市部,2023,52.1094007036234,47.87547712494658,47.85483086155112
自己効力感,44201,大分県,大分市,都市部,2024,36.501018859039704,48.22788000200214,48.304557104570726
自己効力感,44201,大分県,大分市,都市部,2025,48.93042635067132,47.350854225465476,47.36194314165452
自己効力感,44201,大分県,大分市,都市部,2026,45.99478092801579,47.53710643119199,47.50146707355598
自己効力感,44202,大分県,別府市,地方の中心都市,2023,49.79242174279639,47.11220037175057,47.100688246605074
自己効力感,44202,大分県,別府市,地方の中心都市,2024,57.526705745829354,47.70110695050492,47.6888436920539
自己効力感,44202,大分県,別府市,地方の中心都市,2025,33.60255312008968,46.986096188376976,46.917027975009304
自己効力感,44202,大分県,別府市,地方の中心都市,2026,27.82823469370331,47.19375943010006,47.20760021136219
自己効力感,44203,大分県,中津市,地方の中心都市,2023,48.26123551695399,45.17369646979951,44.93524505960225
自己効力感,44203,大分県,中津市,地方の中心都市,2024,41.8459573527998,44.7256093708128,44.63038136899679
自己効力感,44203,大分県,中津市,地方の中心都市,2025,42.461403258885966,43.94222340778003,43.88384645634447
自己効力感,44203,大分県,中津市,地方の中心都市,2026,32.14299796915688,44.66324814833018,44.36551784211192
自己効力感,44204,大分県,日田市,農山村の小都市,2023,43.956497093430094,39.11952549532322,39.12477321840167
自己効力感,44204,大分県,日田市,農山村の小都市,2024,47.70906934897337,39.426509191974155,39.391722165424376
自己効力感,44204,大分県,日田市,農山村の小都市,2025,39.70777615892884,38.62056918586571,38.63793301213585
自己効力感,44204,大分県,日田市,農山村の小都市,2026,44.65612268795787,38.72999526974603,38.673915997400194
自己効力感,44205,大分県,佐伯市,農山村の小都市,2023,24.978211860500274,36.811618165439704,36.76708811584702
自己効力感,44205,大分県,佐伯市,農山村の小都市,2024,41.7821231032354,36.88644974936766,36.73474873586041
自己効力感,44205,大分県,佐伯市,農山村の小都市,2025,59.664453433527655,36.29819436697837,36.2254840600224
自己効力感,44205,大分県,佐伯市,農山村の小都市,2026,58.230688271497456,36.23050885677384,36.12421908374516
自己効力感,44211,大分県,宇佐市,農山村の小都市,2024,42.28851811881893,38.618089225039874,38.45428255086962
自己効力感,44211,大分県,宇佐市,農山村の小都市,2025,43.268781680614644,37.43461006208072,37.41960598410343
自己効力感,44211,大分県,宇佐市,農山村の小都市,2026,41.12413153906897,37.40583166666163,37.34070872988782
自己効力感,45201,宮崎県,宮崎市,地方の中心都市,2023,51.430773758981076,47.52960261980723,47.47011048597556
自己効力感,45201,宮崎県,宮崎市,地方の中心都市,2024,47.16769663617879,47.842510173374016,47.774885128245344
自己効力感,45201,宮崎県,宮崎市,地方の中心都市,2025,32.55814213109387,46.74468836896629,46.73673529325721
自己効力感,45201,宮崎県,宮崎市,地方の中心都市,2026,52.28896865604986,46.896827658586595,46.817278056650345
自己効力感,45202,宮崎県,都城市,地方の中心都市,2023,48.61141736953065,42.51979213304724,42.40426423610194
自己効力感,45202,宮崎県,都城市,地方の中心都市,2024,52.75278644447231,43.36997719152975,43.332456442065094
自己効力感,45202,宮崎県,都城市,地方の中心都市,2025,51.39832254364241,43.38558121569683,43.47519596386637
自己効力感,45202,宮崎県,都城市,地方の中心都市,2026,49.54841856631546,42.70515606359417,42.65140747615612
自己効力感,45203,宮崎県,延岡市,農山村の小都市,2023,48.5942669377581,42.17222911519015,42.28683456601743
自己効力感,45203,宮崎県,延岡市,農山村の小都市,2024,49.24691160515272,42.76936567860285,42.843847256818925
自己効力感,45203,宮崎県,延岡市,農山村の小都市,2025,39.93720363221627,41.64932217290568,41.60897292173675
自己効力感,45203,宮崎県,延岡市,農山村の小都市,2026,45.02320023895028,41.72275006687652,41.83826210168687
自己効力感,45204,宮崎県,日南市,農山村の小都市,2024,30.38684396033872,37.59260446850542,37.78250665974082
自己効力感,45204,宮崎県,日南市,農山村の小都市,2025,32.73200888687926,36.939443585386826,37.00929962792601
自己効力感,45204,宮崎県,日南市,農山村の小都市,2026,35.81449935689983,36.681312614737855,36.7846805188021
自己効力感,45206,宮崎県,日向市,農山村の小都市,2024,37.303004463105346,43.73129539077134,43.83550733549891
自己効力感,45206,宮崎県,日向市,農山村の小都市,2025,42.10205918097086,42.398133900147414,42.571306022887505
自己効力感,45206,宮崎県,日向市,農山村の小都市,2026,57.549114524862404,42.71303643462476,42.81636047720316
自己効力感,46201,鹿児島県,鹿児島市,都市部,2023,46.0652580886201,49.27209545574703,49.33621598862352
自己効力感,46201,鹿児島県,鹿児島市,都市部,2024,54.93703830845213,49.72749951303658,49.839343522980286
自己効力感,46201,鹿児島県,鹿児島市,都市部,2025,52.1635833038867,48.635474743193335,48.632896302775784
自己効力感,46201,鹿児島県,鹿児島市,都市部,2026,49.36743503160641,48.841596860376896,48.87422682767531
自己効力感,46203,鹿児島県,鹿屋市,農山村の小都市,2023,31.866985361612226,43.41065580861155,43.36217810534326
自己効力感,46203,鹿児島県,鹿屋市,農山村の小都市,2024,41.26752100990301,43.462888834659296,43.297903966097344
自己効力感,46203,鹿児島県,鹿屋市,農山村の小都市,2025,25.897189068555928,42.702568320759354,42.645113392310414
自己効力感,46203,鹿児島県,鹿屋市,農山村の小都市,2026,46.582189671026335,42.9000724019024,42.828389601797504
自己効力感,46208,鹿児島県,出水市,農山村の小都市,2024,54.58758782026315,40.44409381694398,40.361755806000644
自己効力感,46208,鹿児島県,出水市,農山村の小都市,2025,53.77388649378377,39.45196878666703,39.328020065511865
自己効力感,46208,鹿児島県,出水市,農山村の小都市,2026,42.44602483994869,39.37091311861088,39.26286159174832
自己効力感,46215,鹿児島県,薩摩川内市,地方の中心都市,2023,41.19215065307604,39.817352650030834,40.14013158635397
自己効力感,46215,鹿児島県,薩摩川内市,地方の中心都市,2024,50.799810137742675,40.607506089596995,40.94890525620836
自己効力感,46215,鹿児島県,薩摩川内市,地方の中心都市,2025,32.72615822808456,39.612921901690555,39.852569027076335
自己効力感,46215,鹿児島県,薩摩川内市,地方の中心都市,2026,28.18066467316071,39.254862975905475,39.53994045275092
自己効力感,46216,鹿児島県,日置市,農山村の小都市,2024,42.26235923372764,43.05854026881593,43.09862710536932
自己効力感,46216,鹿児島県,日置市,農山村の小都市,2026,46.80492736937675,41.852543318943376,41.788464208998576
自己効力感,46218,鹿児島県,霧島市,地方の中心都市,2023,56.6181455639623,45.148509793953785,45.2640727058435
自己効力感,46218,鹿児島県,霧島市,地方の中心都市,2024,57.4516843857859,45.167325571151494,45.16376518328525
自己効力感,46218,鹿児島県,霧島市,地方の中心都市,2025,41.56418977598344,44.09274899310112,44.143016827723976
自己効力感,46218,鹿児島県,霧島市,地方の中心都市,2026,38.24582227890601,44.47940832642827,44.62169936933416
自己効力感,46222,鹿児島県,奄美市,農山村の小都市,2024,51.68977168495194,39.733464227324106,39.79472526548887
自己効力感,46225,鹿児島県,姶良市,地方の中心都市,2024,53.964424994162876,45.970922259109116,46.22755633776592
自己効力感,46225,鹿児島県,姶良市,地方の中心都市,2025,62.16876603237291,45.0057167678722,45.19967088533298
自己効力感,46225,鹿児島県,姶良市,地方の中心都市,2026,40.568342768666014,45.383739865337276,45.56477951174045
自己効力感,47201,沖縄県,那覇市,都市部,2023,58.79948914054202,48.89804464070127,48.591054041153846
自己効力感,47201,沖縄県,那覇市,都市部,2024,64.95554342816772,49.284605347408686,48.941414990174096
自己効力感,47201,沖縄県,那覇市,都市部,2025,52.951400008901246,48.153728251376876,47.89436590138207
自己効力感,47201,沖縄県,那覇市,都市部,2026,62.323487059907706,48.7187819088342,48.45255286340791
自己効力感,47205,沖縄県,宜野湾市,都市部,2024,64.58878262063773,51.98593180758338,51.74094398833559
自己効力感,47205,沖縄県,宜野湾市,都市部,2025,49.02748658044538,51.18069127449556,50.98145565833975
自己効力感,47205,沖縄県,宜野湾市,都市部,2026,46.363419691723074,51.17005596877407,51.01545847123315
自己効力感,47207,沖縄県,石垣市,地方の中心都市,2024,63.473673484969545,46.12907188585365,46.12815858767156
自己効力感,47207,沖縄県,石垣市,地方の中心都市,2026,41.020835531062595,43.53078923316573,43.600796084798866
自己効力感,47208,沖縄県,浦添市,都市部,2023,60.618932126207,51.79074052371255,52.13122002826484
自己効力感,47208,沖縄県,浦添市,都市部,2024,66.5513095755359,52.1148444105812,52.46197756482545
自己効力感,47208,沖縄県,浦添市,都市部,2025,57.31427995619974,51.47204999392622,51.85233606857501
自己効力感,47208,沖縄県,浦添市,都市部,2026,46.605443933282864,51.80614674733535,52.10391838505213
自己効力感,47209,沖縄県,名護市,地方の中心都市,2026,57.55391173305025,46.904816933553576,46.71730851519771
自己効力感,47210,沖縄県,糸満市,地方の中心都市,2026,72.57811263050331,42.57609911679536,42.53884851104423
自己効力感,47211,沖縄県,沖縄市,都市部,2023,55.54263881917558,50.01135475761771,49.730458924451106
自己効力感,47211,沖縄県,沖縄市,都市部,2024,60.89843998226097,50.45831645525031,50.18227903845515
自己効力感,47211,沖縄県,沖縄市,都市部,2025,44.50785642954476,49.42825115048514,49.11117893776829
自己効力感,47211,沖縄県,沖縄市,都市部,2026,58.46513613940546,49.99166798974179,49.70223949110317
自己効力感,47212,沖縄県,豊見城市,都市部,2026,53.4887337388838,50.00008503975699,50.013450084208095
自己効力感,47213,沖縄県,うるま市,都市部,2023,58.66495475736273,47.70693261356161,47.82943891579687
自己効力感,47213,沖縄県,うるま市,都市部,2024,56.3400498917377,48.44062878148388,48.579972058605996
自己効力感,47213,沖縄県,うるま市,都市部,2025,63.87292985103563,47.346269128113896,47.504805880305675
自己効力感,47213,沖縄県,うるま市,都市部,2026,63.14678120621775,47.642457857114486,47.74275361602632
自己効力感,47214,沖縄県,宮古島市,農山村の小都市,2026,49.85508442361272,41.641978549711,41.44438612647771
