分野,市区町村コード,都道府県,市区町村,類型,年度,実感,予測
地域とのつながり,01100,北海道,札幌市,都市部,2023,48.36205731411512,51.185240930452906
地域とのつながり,01100,北海道,札幌市,都市部,2024,46.1089355240607,51.08700695411285
地域とのつながり,01100,北海道,札幌市,都市部,2025,50.304374107399134,51.10504686948274
地域とのつながり,01100,北海道,札幌市,都市部,2026,48.69199205316534,51.32332501165744
地域とのつながり,01202,北海道,函館市,地方の中心都市,2023,70.31600856146346,46.644985037604584
地域とのつながり,01202,北海道,函館市,地方の中心都市,2024,33.61286114903476,46.69265614102058
地域とのつながり,01202,北海道,函館市,地方の中心都市,2025,37.70979390417673,46.60091260362274
地域とのつながり,01202,北海道,函館市,地方の中心都市,2026,39.709811517773524,46.30428778157877
地域とのつながり,01203,北海道,小樽市,地方の中心都市,2023,37.667619599140124,42.845262216897055
地域とのつながり,01203,北海道,小樽市,地方の中心都市,2024,43.51912535750742,42.36683557536086
地域とのつながり,01203,北海道,小樽市,地方の中心都市,2025,46.136482443477156,41.93382610901234
地域とのつながり,01203,北海道,小樽市,地方の中心都市,2026,52.57249469326652,42.80354505515805
地域とのつながり,01204,北海道,旭川市,地方の中心都市,2023,35.48735705654207,46.69340637510824
地域とのつながり,01204,北海道,旭川市,地方の中心都市,2024,34.14240750530309,46.75194564365271
地域とのつながり,01204,北海道,旭川市,地方の中心都市,2025,41.01746539581275,47.264513231112616
地域とのつながり,01204,北海道,旭川市,地方の中心都市,2026,36.80407135851924,47.42409550788111
地域とのつながり,01205,北海道,室蘭市,地方の中心都市,2023,46.548099272379446,45.27670195000558
地域とのつながり,01205,北海道,室蘭市,地方の中心都市,2024,27.898343884763346,45.302080359127295
地域とのつながり,01205,北海道,室蘭市,地方の中心都市,2025,51.643598248535966,44.74318567820263
地域とのつながり,01205,北海道,室蘭市,地方の中心都市,2026,40.667214749953914,44.4999318805354
地域とのつながり,01206,北海道,釧路市,地方の中心都市,2024,46.66358235941977,45.48087589471332
地域とのつながり,01206,北海道,釧路市,地方の中心都市,2025,42.37100613049922,45.717259138810206
地域とのつながり,01206,北海道,釧路市,地方の中心都市,2026,38.643056274728025,45.821070691253915
地域とのつながり,01207,北海道,帯広市,地方の中心都市,2024,45.3131831215634,45.975795053650536
地域とのつながり,01207,北海道,帯広市,地方の中心都市,2025,33.17754024765306,45.83965710844618
地域とのつながり,01207,北海道,帯広市,地方の中心都市,2026,46.63914200950903,45.92859485227875
地域とのつながり,01208,北海道,北見市,農山村の小都市,2023,48.224502163803294,49.224468086671166
地域とのつながり,01208,北海道,北見市,農山村の小都市,2024,49.176474174965136,48.86950952868731
地域とのつながり,01208,北海道,北見市,農山村の小都市,2025,55.50646501483184,49.028702934766656
地域とのつながり,01208,北海道,北見市,農山村の小都市,2026,36.462906901608946,48.66666249094271
地域とのつながり,01210,北海道,岩見沢市,農山村の小都市,2023,36.863182852304774,44.403756706727265
地域とのつながり,01210,北海道,岩見沢市,農山村の小都市,2024,34.51921691577922,43.99813465781054
地域とのつながり,01210,北海道,岩見沢市,農山村の小都市,2025,51.101863815256706,44.441031331452876
地域とのつながり,01210,北海道,岩見沢市,農山村の小都市,2026,26.131764247810843,43.73794319039098
地域とのつながり,01211,北海道,網走市,農山村の小都市,2024,36.77488120224244,46.751620839833265
地域とのつながり,01213,北海道,苫小牧市,地方の中心都市,2024,37.94623982770073,47.01750074379304
地域とのつながり,01213,北海道,苫小牧市,地方の中心都市,2025,47.10756715248533,46.81626986179493
地域とのつながり,01213,北海道,苫小牧市,地方の中心都市,2026,49.06200514492559,47.26902318959115
地域とのつながり,01217,北海道,江別市,地方の中心都市,2023,47.6143028987318,43.94732548984843
地域とのつながり,01217,北海道,江別市,地方の中心都市,2024,51.86730917091047,43.296584955068624
地域とのつながり,01217,北海道,江別市,地方の中心都市,2025,42.977271482386605,44.282861040508905
地域とのつながり,01217,北海道,江別市,地方の中心都市,2026,53.270703852569326,44.10509489950266
地域とのつながり,01222,北海道,三笠市,農山村の小都市,2023,8.511968499680123,39.595402081549636
地域とのつながり,01224,北海道,千歳市,地方の中心都市,2023,41.04241654572425,45.90814178170095
地域とのつながり,01224,北海道,千歳市,地方の中心都市,2024,40.83102828906638,46.27668734871907
地域とのつながり,01224,北海道,千歳市,地方の中心都市,2025,43.98856714673732,46.060198433598984
地域とのつながり,01224,北海道,千歳市,地方の中心都市,2026,55.927969058851914,45.92152404225028
地域とのつながり,01225,北海道,滝川市,地方の中心都市,2024,28.537889268436732,43.17836785342154
地域とのつながり,01230,北海道,登別市,地方の中心都市,2024,42.01156167416959,49.168785130366956
地域とのつながり,01230,北海道,登別市,地方の中心都市,2026,44.23776731216332,49.64504873238603
地域とのつながり,01231,北海道,恵庭市,地方の中心都市,2023,60.85155324645471,48.32503898966433
地域とのつながり,01231,北海道,恵庭市,地方の中心都市,2024,50.13500689788184,48.31806158086304
地域とのつながり,01231,北海道,恵庭市,地方の中心都市,2025,54.3755455519836,48.93975517629059
地域とのつながり,01231,北海道,恵庭市,地方の中心都市,2026,56.84971337797552,49.00559343377333
地域とのつながり,01234,北海道,北広島市,地方の中心都市,2023,41.71245845432044,50.63359592634713
地域とのつながり,01234,北海道,北広島市,地方の中心都市,2024,49.284957804607444,50.37809096937324
地域とのつながり,01234,北海道,北広島市,地方の中心都市,2025,50.07511911252936,51.334686708438404
地域とのつながり,01234,北海道,北広島市,地方の中心都市,2026,50.49302537782788,51.45052771471545
地域とのつながり,01235,北海道,石狩市,地方の中心都市,2023,53.871874966136076,50.81949492833444
地域とのつながり,01235,北海道,石狩市,地方の中心都市,2024,37.49643442202625,50.33128862615808
地域とのつながり,01235,北海道,石狩市,地方の中心都市,2025,39.758075683636875,50.88321116052659
地域とのつながり,01235,北海道,石狩市,地方の中心都市,2026,46.58207351503412,50.74097385757749
地域とのつながり,01236,北海道,北斗市,農山村の小都市,2024,45.71794873824043,49.22890168503588
地域とのつながり,01236,北海道,北斗市,農山村の小都市,2026,47.009844212029215,48.689584903877304
地域とのつながり,01631,北海道,音更町,農山村の小都市,2024,56.983430726950004,45.714803470123215
地域とのつながり,02201,青森県,青森市,地方の中心都市,2023,38.693616814551476,49.108506128648266
地域とのつながり,02201,青森県,青森市,地方の中心都市,2024,47.25826124356727,49.62711942888805
地域とのつながり,02201,青森県,青森市,地方の中心都市,2025,36.11831164133508,49.23738184715669
地域とのつながり,02201,青森県,青森市,地方の中心都市,2026,40.56639032930329,49.23294782071202
地域とのつながり,02202,青森県,弘前市,農山村の小都市,2024,43.63207743929672,46.36892523066026
地域とのつながり,02202,青森県,弘前市,農山村の小都市,2025,46.78851067181259,46.156167913874604
地域とのつながり,02202,青森県,弘前市,農山村の小都市,2026,30.30473556815543,46.145793607840865
地域とのつながり,02203,青森県,八戸市,地方の中心都市,2023,42.628982774923344,47.13369253764143
地域とのつながり,02203,青森県,八戸市,地方の中心都市,2024,32.727520145203655,47.037076532357936
地域とのつながり,02203,青森県,八戸市,地方の中心都市,2025,60.700407912531,47.01263161278965
地域とのつながり,02203,青森県,八戸市,地方の中心都市,2026,44.411379125705466,46.59897220776477
地域とのつながり,02205,青森県,五所川原市,農山村の小都市,2024,36.02763419714755,46.7103818262919
地域とのつながり,02205,青森県,五所川原市,農山村の小都市,2025,26.363799807273875,45.76014297988991
地域とのつながり,02205,青森県,五所川原市,農山村の小都市,2026,32.25027729499214,47.87556747212062
地域とのつながり,02206,青森県,十和田市,農山村の小都市,2023,35.58690463124543,49.314500942015215
地域とのつながり,02206,青森県,十和田市,農山村の小都市,2024,40.265708301911324,48.600025541747215
地域とのつながり,02206,青森県,十和田市,農山村の小都市,2025,53.87236641737336,48.39042452570759
地域とのつながり,02206,青森県,十和田市,農山村の小都市,2026,43.56104835694436,48.72078963928171
地域とのつながり,02207,青森県,三沢市,地方の中心都市,2024,41.97382204620454,42.841989901142284
地域とのつながり,02208,青森県,むつ市,農山村の小都市,2023,40.863364727460464,48.65508752073478
地域とのつながり,02208,青森県,むつ市,農山村の小都市,2024,47.64184822221741,47.70670417029572
地域とのつながり,02208,青森県,むつ市,農山村の小都市,2025,31.637691237746232,48.21250505340057
地域とのつながり,02208,青森県,むつ市,農山村の小都市,2026,34.898056906866756,47.35110996203381
地域とのつながり,03201,岩手県,盛岡市,地方の中心都市,2023,53.339988544522626,49.99841441863468
地域とのつながり,03201,岩手県,盛岡市,地方の中心都市,2024,49.65675086377369,49.84549481479215
地域とのつながり,03201,岩手県,盛岡市,地方の中心都市,2025,56.89247207828907,50.24278900341123
地域とのつながり,03201,岩手県,盛岡市,地方の中心都市,2026,45.898233301552295,50.016500443098806
地域とのつながり,03202,岩手県,宮古市,農山村の小都市,2024,46.89605867129199,46.60817548130674
地域とのつながり,03202,岩手県,宮古市,農山村の小都市,2025,42.85965200909649,46.42512952744664
地域とのつながり,03202,岩手県,宮古市,農山村の小都市,2026,44.600880511561066,46.23984764601739
地域とのつながり,03205,岩手県,花巻市,農山村の小都市,2024,51.33298503368874,48.9068975411561
地域とのつながり,03205,岩手県,花巻市,農山村の小都市,2025,44.93515129483597,49.37942054981046
地域とのつながり,03205,岩手県,花巻市,農山村の小都市,2026,44.58457667051546,50.719965592652564
地域とのつながり,03206,岩手県,北上市,地方の中心都市,2023,48.16146097297926,49.75220701809924
地域とのつながり,03206,岩手県,北上市,地方の中心都市,2024,44.664176314290756,49.44969540347019
地域とのつながり,03206,岩手県,北上市,地方の中心都市,2025,54.324972196996455,49.57862225297161
地域とのつながり,03206,岩手県,北上市,地方の中心都市,2026,48.98951639293526,49.44519013907481
地域とのつながり,03209,岩手県,一関市,農山村の小都市,2023,52.769498016452076,47.72132756838681
地域とのつながり,03209,岩手県,一関市,農山村の小都市,2024,43.33655090438933,47.957622983279784
地域とのつながり,03209,岩手県,一関市,農山村の小都市,2025,49.94263620175054,47.81494039636939
地域とのつながり,03209,岩手県,一関市,農山村の小都市,2026,45.94809151147505,48.20261996841751
地域とのつながり,03215,岩手県,奥州市,農山村の小都市,2023,42.545106300485436,48.794649533855626
地域とのつながり,03215,岩手県,奥州市,農山村の小都市,2024,44.29518584530971,48.083327940125066
地域とのつながり,03215,岩手県,奥州市,農山村の小都市,2025,53.42726461882787,48.231144084997105
地域とのつながり,03215,岩手県,奥州市,農山村の小都市,2026,53.689427936429354,48.58748772301919
地域とのつながり,03216,岩手県,滝沢市,地方の中心都市,2024,60.368560073317774,49.99601923471087
地域とのつながり,03216,岩手県,滝沢市,地方の中心都市,2025,53.75425182762791,49.01154807779055
地域とのつながり,03216,岩手県,滝沢市,地方の中心都市,2026,55.59546438587962,49.54884208335244
地域とのつながり,03321,岩手県,紫波町,農山村の小都市,2024,54.51031205322066,54.53959113059059
地域とのつながり,03322,岩手県,矢巾町,地方の中心都市,2024,55.53705711813798,48.897710103473905
地域とのつながり,04100,宮城県,仙台市,都市部,2023,48.83701983814282,50.86281791873189
地域とのつながり,04100,宮城県,仙台市,都市部,2024,49.60031392921354,52.216376591697966
地域とのつながり,04100,宮城県,仙台市,都市部,2025,48.2310311575508,51.00256458828335
地域とのつながり,04100,宮城県,仙台市,都市部,2026,50.7432970856329,50.998637407888054
地域とのつながり,04202,宮城県,石巻市,地方の中心都市,2024,57.24915995747473,48.15462759037659
地域とのつながり,04202,宮城県,石巻市,地方の中心都市,2025,37.76504700344973,48.39738680281378
地域とのつながり,04202,宮城県,石巻市,地方の中心都市,2026,49.91537669063079,48.16964512037533
地域とのつながり,04203,宮城県,塩竈市,地方の中心都市,2023,48.03628099655041,45.071228789001815
地域とのつながり,04203,宮城県,塩竈市,地方の中心都市,2024,43.80774867162916,46.25520461327807
地域とのつながり,04203,宮城県,塩竈市,地方の中心都市,2025,44.19714398822684,45.783924298938224
地域とのつながり,04203,宮城県,塩竈市,地方の中心都市,2026,44.66239788927409,46.004432842325784
地域とのつながり,04205,宮城県,気仙沼市,農山村の小都市,2023,45.66275546715936,51.11194383259503
地域とのつながり,04205,宮城県,気仙沼市,農山村の小都市,2024,47.436707973425534,51.69573720880215
地域とのつながり,04205,宮城県,気仙沼市,農山村の小都市,2025,46.34582050325269,51.52283733210699
地域とのつながり,04205,宮城県,気仙沼市,農山村の小都市,2026,43.06037072312314,52.537434612086415
地域とのつながり,04207,宮城県,名取市,都市部,2023,50.69185418582091,52.024792717473524
地域とのつながり,04207,宮城県,名取市,都市部,2024,57.07894535516718,52.16131527709818
地域とのつながり,04207,宮城県,名取市,都市部,2025,55.018647326313435,52.0085951574479
地域とのつながり,04207,宮城県,名取市,都市部,2026,61.9256389322817,52.596179803775954
地域とのつながり,04209,宮城県,多賀城市,都市部,2023,41.05659875633768,48.06308451389738
地域とのつながり,04209,宮城県,多賀城市,都市部,2024,60.17873287852228,48.15138310679503
地域とのつながり,04209,宮城県,多賀城市,都市部,2025,54.32307534430583,48.484566016837064
地域とのつながり,04209,宮城県,多賀城市,都市部,2026,43.658050734777866,47.66356173389851
地域とのつながり,04211,宮城県,岩沼市,地方の中心都市,2024,54.17009914234832,46.86795520444295
地域とのつながり,04212,宮城県,登米市,農山村の小都市,2024,43.65110386858565,49.13535088094411
地域とのつながり,04212,宮城県,登米市,農山村の小都市,2025,45.41098446681305,49.35751401630586
地域とのつながり,04212,宮城県,登米市,農山村の小都市,2026,52.38667913619954,48.70761735402321
地域とのつながり,04213,宮城県,栗原市,農山村の小都市,2023,51.43125072377063,48.337217930851814
地域とのつながり,04213,宮城県,栗原市,農山村の小都市,2024,54.25182027570078,48.90663663063061
地域とのつながり,04213,宮城県,栗原市,農山村の小都市,2025,37.9609716255599,48.05067790060622
地域とのつながり,04213,宮城県,栗原市,農山村の小都市,2026,48.84013451307403,48.84628413447851
地域とのつながり,04214,宮城県,東松島市,地方の中心都市,2024,56.3399598655852,47.591670574328276
地域とのつながり,04215,宮城県,大崎市,地方の中心都市,2024,43.52016553585821,48.498679906946805
地域とのつながり,04215,宮城県,大崎市,地方の中心都市,2025,35.50520661939348,48.18812812232585
地域とのつながり,04215,宮城県,大崎市,地方の中心都市,2026,37.03009787748624,48.241074719722846
地域とのつながり,04216,宮城県,富谷市,都市部,2024,67.38222745606402,55.588870698248826
地域とのつながり,04216,宮城県,富谷市,都市部,2025,69.29181921931851,55.7007819377906
地域とのつながり,04216,宮城県,富谷市,都市部,2026,63.59401161375267,55.929842428727746
地域とのつながり,04323,宮城県,柴田町,地方の中心都市,2024,37.42885901673563,45.62148046027016
地域とのつながり,05201,秋田県,秋田市,地方の中心都市,2023,44.966463122697995,50.90149403355452
地域とのつながり,05201,秋田県,秋田市,地方の中心都市,2024,34.255153947872635,50.8542270836171
地域とのつながり,05201,秋田県,秋田市,地方の中心都市,2025,47.1201583664363,50.860115543909124
地域とのつながり,05201,秋田県,秋田市,地方の中心都市,2026,49.67476294147547,50.724654945292286
地域とのつながり,05202,秋田県,能代市,農山村の小都市,2024,36.51308138685532,48.109065651153784
地域とのつながり,05202,秋田県,能代市,農山村の小都市,2025,41.95913395603676,47.1452445806456
地域とのつながり,05202,秋田県,能代市,農山村の小都市,2026,31.87140896544352,47.56728858797032
地域とのつながり,05203,秋田県,横手市,農山村の小都市,2023,57.98815150188574,51.23370370929149
地域とのつながり,05203,秋田県,横手市,農山村の小都市,2024,43.01721402830938,50.41046664370451
地域とのつながり,05203,秋田県,横手市,農山村の小都市,2025,52.831956313180214,50.67970545419736
地域とのつながり,05203,秋田県,横手市,農山村の小都市,2026,59.101255269960795,51.25225272289694
地域とのつながり,05204,秋田県,大館市,農山村の小都市,2023,42.74184850646547,47.27029422047962
地域とのつながり,05204,秋田県,大館市,農山村の小都市,2024,28.05919834427221,47.6871781365311
地域とのつながり,05204,秋田県,大館市,農山村の小都市,2025,47.75539867140418,47.72883525403026
地域とのつながり,05204,秋田県,大館市,農山村の小都市,2026,45.88929531275015,47.55004154903277
地域とのつながり,05207,秋田県,湯沢市,農山村の小都市,2024,49.16652417746236,53.037065740576104
地域とのつながり,05210,秋田県,由利本荘市,農山村の小都市,2023,50.44207816330069,48.82448992426517
地域とのつながり,05210,秋田県,由利本荘市,農山村の小都市,2024,49.10649481500234,49.3070582897669
地域とのつながり,05210,秋田県,由利本荘市,農山村の小都市,2025,43.266211694079544,48.919397225251345
地域とのつながり,05210,秋田県,由利本荘市,農山村の小都市,2026,40.41116672250571,49.024022127166845
地域とのつながり,05211,秋田県,潟上市,農山村の小都市,2024,43.68834277730728,46.98033642511089
地域とのつながり,05212,秋田県,大仙市,農山村の小都市,2023,56.10787985540276,48.71503402249647
地域とのつながり,05212,秋田県,大仙市,農山村の小都市,2024,45.46655393719735,49.535498801766586
地域とのつながり,05212,秋田県,大仙市,農山村の小都市,2025,57.25429276344869,49.83770579125766
地域とのつながり,05212,秋田県,大仙市,農山村の小都市,2026,61.6019128555173,49.93606076890048
地域とのつながり,06201,山形県,山形市,地方の中心都市,2023,46.893426849678036,52.87192002316855
地域とのつながり,06201,山形県,山形市,地方の中心都市,2024,45.16342349309293,53.587827990056795
地域とのつながり,06201,山形県,山形市,地方の中心都市,2025,52.99859497660893,53.46369925913996
地域とのつながり,06201,山形県,山形市,地方の中心都市,2026,41.67958110329216,53.196253777331634
地域とのつながり,06202,山形県,米沢市,地方の中心都市,2023,48.96806689702674,54.13715572583382
地域とのつながり,06202,山形県,米沢市,地方の中心都市,2024,55.214803207487904,55.26837004967013
地域とのつながり,06202,山形県,米沢市,地方の中心都市,2025,50.137737970105334,54.88969065754933
地域とのつながり,06202,山形県,米沢市,地方の中心都市,2026,40.164079530527914,55.31182164798377
地域とのつながり,06203,山形県,鶴岡市,農山村の小都市,2024,57.84462620539569,51.56120577831813
地域とのつながり,06203,山形県,鶴岡市,農山村の小都市,2025,50.954511574053775,51.35402990621428
地域とのつながり,06203,山形県,鶴岡市,農山村の小都市,2026,46.79724325877426,51.97116506338403
地域とのつながり,06204,山形県,酒田市,農山村の小都市,2023,56.41762780728985,52.498308907747514
地域とのつながり,06204,山形県,酒田市,農山村の小都市,2024,38.18581197589288,51.765504474814
地域とのつながり,06204,山形県,酒田市,農山村の小都市,2025,53.792694542213226,51.39658035461617
地域とのつながり,06204,山形県,酒田市,農山村の小都市,2026,40.775749840392294,51.53792552256641
地域とのつながり,06206,山形県,寒河江市,農山村の小都市,2024,49.4588907141307,57.25195266749658
地域とのつながり,06209,山形県,長井市,農山村の小都市,2023,56.35873081145927,51.89370649770449
地域とのつながり,06210,山形県,天童市,地方の中心都市,2023,48.35459767000918,52.30445606788458
地域とのつながり,06210,山形県,天童市,地方の中心都市,2024,54.05640543218013,52.101682470906056
地域とのつながり,06210,山形県,天童市,地方の中心都市,2025,64.42438151292497,52.44232577000327
地域とのつながり,06210,山形県,天童市,地方の中心都市,2026,40.89386114100706,51.464282660416906
地域とのつながり,06211,山形県,東根市,農山村の小都市,2024,51.826606246956004,55.20955443197567
地域とのつながり,06211,山形県,東根市,農山村の小都市,2026,48.28737609230885,54.62331123275899
地域とのつながり,07201,福島県,福島市,地方の中心都市,2023,38.57995462566166,52.72452375781578
地域とのつながり,07201,福島県,福島市,地方の中心都市,2024,46.46896140490885,52.58065484577676
地域とのつながり,07201,福島県,福島市,地方の中心都市,2025,54.066422498204936,52.4858173992698
地域とのつながり,07201,福島県,福島市,地方の中心都市,2026,51.81047022813497,52.989984654626326
地域とのつながり,07202,福島県,会津若松市,地方の中心都市,2023,49.12774205786407,51.12347006264139
地域とのつながり,07202,福島県,会津若松市,地方の中心都市,2024,49.60709268734926,51.31820811126569
地域とのつながり,07202,福島県,会津若松市,地方の中心都市,2025,45.010205133738246,51.40457574787847
地域とのつながり,07202,福島県,会津若松市,地方の中心都市,2026,54.30205377794659,51.73275859406183
地域とのつながり,07203,福島県,郡山市,地方の中心都市,2023,50.15743047829646,51.372166362325274
地域とのつながり,07203,福島県,郡山市,地方の中心都市,2024,45.90127957866482,51.17151582291833
地域とのつながり,07203,福島県,郡山市,地方の中心都市,2025,47.58624500128518,51.32338323515303
地域とのつながり,07203,福島県,郡山市,地方の中心都市,2026,50.42594384351631,51.19758261103485
地域とのつながり,07204,福島県,いわき市,地方の中心都市,2023,46.064728318833716,50.15307334830364
地域とのつながり,07204,福島県,いわき市,地方の中心都市,2024,39.56892438070925,50.365596428629196
地域とのつながり,07204,福島県,いわき市,地方の中心都市,2025,44.385147024226455,50.33890576365074
地域とのつながり,07204,福島県,いわき市,地方の中心都市,2026,40.072692333365396,50.58377666217441
地域とのつながり,07205,福島県,白河市,地方の中心都市,2023,47.345195068801374,50.66681882960194
地域とのつながり,07205,福島県,白河市,地方の中心都市,2024,47.744682874394584,50.53412336955204
地域とのつながり,07205,福島県,白河市,地方の中心都市,2025,50.00035329439567,50.45859349502647
地域とのつながり,07205,福島県,白河市,地方の中心都市,2026,49.12125240852935,50.12622287664099
地域とのつながり,07207,福島県,須賀川市,地方の中心都市,2024,49.5715472654452,50.205455732911304
地域とのつながり,07207,福島県,須賀川市,地方の中心都市,2025,46.56608250952637,50.34504312751919
地域とのつながり,07207,福島県,須賀川市,地方の中心都市,2026,46.19978817823866,49.43060448889791
地域とのつながり,07208,福島県,喜多方市,農山村の小都市,2024,47.3938061447935,52.13899407856436
地域とのつながり,07208,福島県,喜多方市,農山村の小都市,2026,47.11059723274338,51.92017014865832
地域とのつながり,07210,福島県,二本松市,農山村の小都市,2024,57.099239660133435,50.94265914838936
地域とのつながり,07210,福島県,二本松市,農山村の小都市,2025,49.66236443383996,50.56119644587629
地域とのつながり,07210,福島県,二本松市,農山村の小都市,2026,58.51329750005566,50.9168740504568
地域とのつながり,07212,福島県,南相馬市,地方の中心都市,2023,41.36580545334852,49.77962727898129
地域とのつながり,07212,福島県,南相馬市,地方の中心都市,2024,35.862594585325574,48.76316508528088
地域とのつながり,07212,福島県,南相馬市,地方の中心都市,2025,37.66132095282262,48.71453383052898
地域とのつながり,07212,福島県,南相馬市,地方の中心都市,2026,51.6665632585418,48.116563787210374
地域とのつながり,07213,福島県,伊達市,農山村の小都市,2023,54.08318466362725,49.627014348210146
地域とのつながり,07213,福島県,伊達市,農山村の小都市,2024,57.15681864279714,51.078585919950456
地域とのつながり,07213,福島県,伊達市,農山村の小都市,2025,64.18184613633906,51.69543343179887
地域とのつながり,07213,福島県,伊達市,農山村の小都市,2026,59.70086926088798,51.68057120707177
地域とのつながり,07466,福島県,矢吹町,農山村の小都市,2023,27.01618711124084,46.906611965428624
地域とのつながり,07466,福島県,矢吹町,農山村の小都市,2024,39.611120419320244,46.78506601047018
地域とのつながり,08201,茨城県,水戸市,都市部,2023,41.97534066803884,48.49437838998279
地域とのつながり,08201,茨城県,水戸市,都市部,2024,32.2218300930145,48.58386324389027
地域とのつながり,08201,茨城県,水戸市,都市部,2025,45.252774306794514,48.68424850864943
地域とのつながり,08201,茨城県,水戸市,都市部,2026,39.081097139433744,48.90608952439732
地域とのつながり,08202,茨城県,日立市,地方の中心都市,2023,39.65083589177115,47.339251243188016
地域とのつながり,08202,茨城県,日立市,地方の中心都市,2024,35.96151545282753,46.89053293648475
地域とのつながり,08202,茨城県,日立市,地方の中心都市,2025,37.127232754076566,47.05706869877035
地域とのつながり,08202,茨城県,日立市,地方の中心都市,2026,39.64084536104956,47.48809012671428
地域とのつながり,08203,茨城県,土浦市,都市部,2024,55.99668356389514,45.961443373534955
地域とのつながり,08203,茨城県,土浦市,都市部,2025,45.42847367402579,45.96715298669308
地域とのつながり,08203,茨城県,土浦市,都市部,2026,37.372636006080825,46.04768032755836
地域とのつながり,08204,茨城県,古河市,都市部,2023,42.396860874301524,45.12675202088928
地域とのつながり,08204,茨城県,古河市,都市部,2024,27.07543309206092,44.91213948142948
地域とのつながり,08204,茨城県,古河市,都市部,2025,38.09402580628934,45.313992021917954
地域とのつながり,08204,茨城県,古河市,都市部,2026,34.94092737338381,44.351509450427216
地域とのつながり,08205,茨城県,石岡市,地方の中心都市,2024,53.121122047148944,46.662239598911576
地域とのつながり,08205,茨城県,石岡市,地方の中心都市,2025,50.282433752254775,47.27879791318499
地域とのつながり,08205,茨城県,石岡市,地方の中心都市,2026,44.424706153337326,46.87990338874386
地域とのつながり,08207,茨城県,結城市,地方の中心都市,2024,43.471648975083184,44.471083269031745
地域とのつながり,08207,茨城県,結城市,地方の中心都市,2025,38.869397714281135,45.87663610428771
地域とのつながり,08207,茨城県,結城市,地方の中心都市,2026,44.26633455746704,46.164612325878196
地域とのつながり,08208,茨城県,龍ケ崎市,地方の中心都市,2024,33.071130565197805,45.55169217147599
地域とのつながり,08208,茨城県,龍ケ崎市,地方の中心都市,2025,39.702087406300215,45.68488002437198
地域とのつながり,08208,茨城県,龍ケ崎市,地方の中心都市,2026,38.83185941615545,45.91887521991659
地域とのつながり,08210,茨城県,下妻市,地方の中心都市,2024,49.11524964337171,45.34595744632304
地域とのつながり,08211,茨城県,常総市,地方の中心都市,2023,43.69201063297912,45.437608406870716
地域とのつながり,08211,茨城県,常総市,地方の中心都市,2024,43.38137877460069,45.100060459014735
地域とのつながり,08211,茨城県,常総市,地方の中心都市,2025,33.56218548822184,45.44799400962949
地域とのつながり,08211,茨城県,常総市,地方の中心都市,2026,35.51765649206411,45.422755272034934
地域とのつながり,08212,茨城県,常陸太田市,農山村の小都市,2024,47.180875357223634,48.25217374021315
地域とのつながり,08212,茨城県,常陸太田市,農山村の小都市,2026,44.328994985195436,48.275503886036915
地域とのつながり,08215,茨城県,北茨城市,地方の中心都市,2024,39.89422385843009,46.21367637218362
地域とのつながり,08216,茨城県,笠間市,地方の中心都市,2023,51.069578671848625,50.15101035304053
地域とのつながり,08216,茨城県,笠間市,地方の中心都市,2024,40.337687564682966,49.642331053415944
地域とのつながり,08216,茨城県,笠間市,地方の中心都市,2025,43.241142996842825,50.291254777598155
地域とのつながり,08216,茨城県,笠間市,地方の中心都市,2026,36.26266306552778,50.02979635098122
地域とのつながり,08217,茨城県,取手市,地方の中心都市,2023,36.78196884745283,43.82736516571841
地域とのつながり,08217,茨城県,取手市,地方の中心都市,2024,46.65169778937064,44.53043922116019
地域とのつながり,08217,茨城県,取手市,地方の中心都市,2025,41.75169224543338,44.04446511312825
地域とのつながり,08217,茨城県,取手市,地方の中心都市,2026,45.591956628409235,43.73218735290541
地域とのつながり,08219,茨城県,牛久市,都市部,2024,53.920548904720384,51.59352545668604
地域とのつながり,08219,茨城県,牛久市,都市部,2025,45.05971744922286,51.58882658192589
地域とのつながり,08219,茨城県,牛久市,都市部,2026,50.46929222015824,51.62488134954432
地域とのつながり,08220,茨城県,つくば市,都市部,2023,44.055094540254174,52.97454672915768
地域とのつながり,08220,茨城県,つくば市,都市部,2024,49.158730285306554,52.954639242914794
地域とのつながり,08220,茨城県,つくば市,都市部,2025,49.306156364776484,52.99734092091436
地域とのつながり,08220,茨城県,つくば市,都市部,2026,46.80250871180594,52.69929337815043
地域とのつながり,08221,茨城県,ひたちなか市,都市部,2024,52.24481387404384,48.301360532100034
地域とのつながり,08221,茨城県,ひたちなか市,都市部,2025,45.39176796852543,48.3541653360758
地域とのつながり,08221,茨城県,ひたちなか市,都市部,2026,48.69600979289147,48.56621849089584
地域とのつながり,08222,茨城県,鹿嶋市,地方の中心都市,2023,28.264078453643087,46.402477369897795
地域とのつながり,08222,茨城県,鹿嶋市,地方の中心都市,2024,25.746334704198095,46.96444574042387
地域とのつながり,08222,茨城県,鹿嶋市,地方の中心都市,2025,33.47093600112518,47.97934016752568
地域とのつながり,08222,茨城県,鹿嶋市,地方の中心都市,2026,17.119073312436228,47.34159463223805
地域とのつながり,08224,茨城県,守谷市,都市部,2023,67.29702686480928,50.287351455672166
地域とのつながり,08224,茨城県,守谷市,都市部,2024,62.566380431685864,50.460772942809676
地域とのつながり,08224,茨城県,守谷市,都市部,2025,46.3480140585427,50.757289098961756
地域とのつながり,08224,茨城県,守谷市,都市部,2026,57.09409710489358,50.94512589591296
地域とのつながり,08225,茨城県,常陸大宮市,農山村の小都市,2024,35.75396835686835,46.20970183008104
地域とのつながり,08226,茨城県,那珂市,地方の中心都市,2024,46.80663654125112,47.24115723728409
地域とのつながり,08226,茨城県,那珂市,地方の中心都市,2025,55.04146276059578,47.48964527711271
地域とのつながり,08226,茨城県,那珂市,地方の中心都市,2026,48.10722261459631,46.85059019304995
地域とのつながり,08227,茨城県,筑西市,地方の中心都市,2023,43.96341429356043,44.37025374682695
地域とのつながり,08227,茨城県,筑西市,地方の中心都市,2024,27.506070536695507,44.00071449889073
地域とのつながり,08227,茨城県,筑西市,地方の中心都市,2025,50.35275492512103,44.20622458778566
地域とのつながり,08227,茨城県,筑西市,地方の中心都市,2026,49.50664712470388,44.38858701963977
地域とのつながり,08228,茨城県,坂東市,地方の中心都市,2024,34.034731778384455,45.23526581257927
地域とのつながり,08228,茨城県,坂東市,地方の中心都市,2025,40.36199004232786,44.77592381625262
地域とのつながり,08228,茨城県,坂東市,地方の中心都市,2026,30.36456556243854,45.340559262104044
地域とのつながり,08229,茨城県,稲敷市,農山村の小都市,2024,39.2709298116634,44.40383974411698
地域とのつながり,08230,茨城県,かすみがうら市,農山村の小都市,2024,42.87360290960359,47.250907504675084
地域とのつながり,08231,茨城県,桜川市,農山村の小都市,2024,37.39016015292172,47.479322513344336
地域とのつながり,08232,茨城県,神栖市,都市部,2024,36.656033164739576,45.22482576820973
地域とのつながり,08232,茨城県,神栖市,都市部,2025,37.94414738701715,44.835673244310044
地域とのつながり,08232,茨城県,神栖市,都市部,2026,26.337249845655755,45.10410915645373
地域とのつながり,08234,茨城県,鉾田市,農山村の小都市,2024,42.819585598620634,43.664681390401725
地域とのつながり,08234,茨城県,鉾田市,農山村の小都市,2026,28.109208682164073,43.28697166122667
地域とのつながり,08235,茨城県,つくばみらい市,都市部,2024,41.57835322013888,51.07123240441079
地域とのつながり,08235,茨城県,つくばみらい市,都市部,2025,37.22630823608148,50.18076241277976
地域とのつながり,08235,茨城県,つくばみらい市,都市部,2026,46.89999033199325,50.036290904177335
地域とのつながり,08236,茨城県,小美玉市,地方の中心都市,2024,35.3199708448557,44.72645917183833
地域とのつながり,08236,茨城県,小美玉市,地方の中心都市,2026,37.07249866383888,45.29319860741427
地域とのつながり,08341,茨城県,東海村,都市部,2024,62.78737603880375,50.31376552871641
地域とのつながり,08443,茨城県,阿見町,地方の中心都市,2024,55.278097773599185,47.779650252064656
地域とのつながり,08443,茨城県,阿見町,地方の中心都市,2026,53.38362629120152,48.8240266223756
地域とのつながり,08542,茨城県,五霞町,地方の中心都市,2023,32.42835852383179,39.82571868060859
地域とのつながり,08546,茨城県,境町,地方の中心都市,2023,52.62032209641479,45.5710626293713
地域とのつながり,08546,茨城県,境町,地方の中心都市,2024,44.93957768994603,46.44128766142213
地域とのつながり,09201,栃木県,宇都宮市,都市部,2023,45.22040306994284,49.44356641643012
地域とのつながり,09201,栃木県,宇都宮市,都市部,2024,49.2857265050745,49.305309533296565
地域とのつながり,09201,栃木県,宇都宮市,都市部,2025,57.12393172018698,49.552979340818666
地域とのつながり,09201,栃木県,宇都宮市,都市部,2026,52.208308296626896,49.38646091390981
地域とのつながり,09202,栃木県,足利市,地方の中心都市,2023,41.79765431631726,45.653547522016446
地域とのつながり,09202,栃木県,足利市,地方の中心都市,2024,51.55742594569319,46.148490322906255
地域とのつながり,09202,栃木県,足利市,地方の中心都市,2025,55.41464253647139,46.27090063940188
地域とのつながり,09202,栃木県,足利市,地方の中心都市,2026,51.94161683141491,45.450763904494025
地域とのつながり,09203,栃木県,栃木市,地方の中心都市,2023,47.424167335566345,45.6567675678092
地域とのつながり,09203,栃木県,栃木市,地方の中心都市,2024,33.766637768101525,45.902675859298306
地域とのつながり,09203,栃木県,栃木市,地方の中心都市,2025,46.35190551401877,46.52410847379201
地域とのつながり,09203,栃木県,栃木市,地方の中心都市,2026,41.156123792710986,45.34968579761567
地域とのつながり,09204,栃木県,佐野市,地方の中心都市,2023,50.43702025038831,48.50284557318476
地域とのつながり,09204,栃木県,佐野市,地方の中心都市,2024,46.82920289110591,48.88908522253026
地域とのつながり,09204,栃木県,佐野市,地方の中心都市,2025,41.35875635773446,48.2731731995633
地域とのつながり,09204,栃木県,佐野市,地方の中心都市,2026,44.105806106179024,48.89814271795506
地域とのつながり,09205,栃木県,鹿沼市,地方の中心都市,2024,46.42770591418076,48.41632142481132
地域とのつながり,09205,栃木県,鹿沼市,地方の中心都市,2025,52.103126160534984,48.02701061489291
地域とのつながり,09205,栃木県,鹿沼市,地方の中心都市,2026,41.636234259458746,49.24388400675615
地域とのつながり,09206,栃木県,日光市,農山村の小都市,2023,49.662961254189106,47.311678815408975
地域とのつながり,09206,栃木県,日光市,農山村の小都市,2024,57.616116237207066,48.277569960835095
地域とのつながり,09206,栃木県,日光市,農山村の小都市,2025,45.46484764899558,48.182821213081695
地域とのつながり,09206,栃木県,日光市,農山村の小都市,2026,58.53735028538241,47.84841510269777
地域とのつながり,09208,栃木県,小山市,都市部,2024,44.322745066418356,47.68492137122783
地域とのつながり,09208,栃木県,小山市,都市部,2025,45.67505971941207,47.766809555472044
地域とのつながり,09208,栃木県,小山市,都市部,2026,40.807058592769806,47.350919312429426
地域とのつながり,09209,栃木県,真岡市,地方の中心都市,2023,44.59022451875168,46.04507757223558
地域とのつながり,09209,栃木県,真岡市,地方の中心都市,2024,56.91452561659265,46.13916681394123
地域とのつながり,09209,栃木県,真岡市,地方の中心都市,2025,45.21256650293424,46.189275835840924
地域とのつながり,09209,栃木県,真岡市,地方の中心都市,2026,54.34776428807145,46.610030257921075
地域とのつながり,09210,栃木県,大田原市,農山村の小都市,2023,51.44433888041434,50.28927382706937
地域とのつながり,09210,栃木県,大田原市,農山村の小都市,2024,48.631662945461585,49.7695190793378
地域とのつながり,09210,栃木県,大田原市,農山村の小都市,2025,55.0091370912055,50.360912093757904
地域とのつながり,09210,栃木県,大田原市,農山村の小都市,2026,55.37692060372522,50.421923409537925
地域とのつながり,09213,栃木県,那須塩原市,地方の中心都市,2023,43.676558991104386,50.04162703390751
地域とのつながり,09213,栃木県,那須塩原市,地方の中心都市,2024,48.26388214846116,50.04617983762672
地域とのつながり,09213,栃木県,那須塩原市,地方の中心都市,2025,44.7616221489458,51.00228366663727
地域とのつながり,09213,栃木県,那須塩原市,地方の中心都市,2026,54.33023868324773,51.50740258795502
地域とのつながり,09214,栃木県,さくら市,地方の中心都市,2024,44.74385338521623,46.531891695500704
地域とのつながり,09216,栃木県,下野市,都市部,2024,50.25562878829728,47.65268411152629
地域とのつながり,09216,栃木県,下野市,都市部,2025,48.525265275736906,47.45900903867363
地域とのつながり,09216,栃木県,下野市,都市部,2026,59.5544696624413,47.22737959592272
地域とのつながり,09361,栃木県,壬生町,地方の中心都市,2024,45.900779498519505,44.73890067062556
地域とのつながり,10201,群馬県,前橋市,都市部,2023,41.362494797715264,49.74326769399841
地域とのつながり,10201,群馬県,前橋市,都市部,2024,55.602533004155866,50.30296116500523
地域とのつながり,10201,群馬県,前橋市,都市部,2025,54.069165959043545,50.32191072256962
地域とのつながり,10201,群馬県,前橋市,都市部,2026,46.39007611058298,50.327243894238464
地域とのつながり,10202,群馬県,高崎市,都市部,2023,51.15925548660493,51.6627376047935
地域とのつながり,10202,群馬県,高崎市,都市部,2024,49.61996331702975,51.98548794863054
地域とのつながり,10202,群馬県,高崎市,都市部,2025,51.566356951374,51.85400961185732
地域とのつながり,10202,群馬県,高崎市,都市部,2026,53.02556571622119,51.62989118003439
地域とのつながり,10203,群馬県,桐生市,地方の中心都市,2024,43.01214415625594,47.80806850995193
地域とのつながり,10203,群馬県,桐生市,地方の中心都市,2025,46.40875081940763,47.178889713772804
地域とのつながり,10203,群馬県,桐生市,地方の中心都市,2026,59.055166260529006,46.88482188964935
地域とのつながり,10204,群馬県,伊勢崎市,都市部,2023,33.92279513807398,46.85781956596507
地域とのつながり,10204,群馬県,伊勢崎市,都市部,2024,38.64970878157791,46.23811646265528
地域とのつながり,10204,群馬県,伊勢崎市,都市部,2025,48.958336379496615,46.87962588442616
地域とのつながり,10204,群馬県,伊勢崎市,都市部,2026,40.57449917594626,47.10212297814069
地域とのつながり,10205,群馬県,太田市,都市部,2023,44.382258406356506,48.52396603640388
地域とのつながり,10205,群馬県,太田市,都市部,2024,49.590681983396095,48.35513424078171
地域とのつながり,10205,群馬県,太田市,都市部,2025,40.80091786679411,48.90533514663554
地域とのつながり,10205,群馬県,太田市,都市部,2026,48.852097132560736,48.95349056749593
地域とのつながり,10206,群馬県,沼田市,農山村の小都市,2024,49.233822602136925,50.67905643410841
地域とのつながり,10206,群馬県,沼田市,農山村の小都市,2026,47.670408855873305,51.120947572648554
地域とのつながり,10207,群馬県,館林市,都市部,2024,42.64001096264059,44.73157661192169
地域とのつながり,10207,群馬県,館林市,都市部,2025,36.01146067565976,44.827678830475165
地域とのつながり,10207,群馬県,館林市,都市部,2026,38.393658040646656,44.63663853432863
地域とのつながり,10208,群馬県,渋川市,地方の中心都市,2023,58.047201368958376,48.14574641727899
地域とのつながり,10208,群馬県,渋川市,地方の中心都市,2024,49.227504723509284,47.82502009208679
地域とのつながり,10208,群馬県,渋川市,地方の中心都市,2025,56.47563618776515,48.00475416711291
地域とのつながり,10208,群馬県,渋川市,地方の中心都市,2026,62.82929950148011,47.122155189163934
地域とのつながり,10209,群馬県,藤岡市,地方の中心都市,2023,52.637290741147964,47.26038955425552
地域とのつながり,10209,群馬県,藤岡市,地方の中心都市,2024,50.52352977155965,47.836204181919335
地域とのつながり,10209,群馬県,藤岡市,地方の中心都市,2025,42.66324187209889,48.18925670661481
地域とのつながり,10209,群馬県,藤岡市,地方の中心都市,2026,49.562544067035184,48.53147564282293
地域とのつながり,10210,群馬県,富岡市,地方の中心都市,2024,39.16875310121084,46.80037810177603
地域とのつながり,10210,群馬県,富岡市,地方の中心都市,2026,52.96902598834491,46.5869228876558
地域とのつながり,10211,群馬県,安中市,地方の中心都市,2023,43.91756006740687,47.22050277957288
地域とのつながり,10211,群馬県,安中市,地方の中心都市,2024,47.961873802292516,46.52570851541291
地域とのつながり,10211,群馬県,安中市,地方の中心都市,2025,54.030563200054466,46.937786459392925
地域とのつながり,10211,群馬県,安中市,地方の中心都市,2026,50.177467050939846,47.5885266839949
地域とのつながり,10212,群馬県,みどり市,地方の中心都市,2024,46.36651640270482,50.23959691551505
地域とのつながり,10212,群馬県,みどり市,地方の中心都市,2026,54.5776358135181,49.70639122877637
地域とのつながり,10424,群馬県,長野原町,農山村の小都市,2023,46.321120507410264,54.65208033869708
地域とのつながり,10464,群馬県,玉村町,都市部,2024,40.15516036319381,48.056238111657706
地域とのつながり,10524,群馬県,大泉町,都市部,2024,39.85471166491361,45.323717267984414
地域とのつながり,11100,埼玉県,さいたま市,都市部,2023,48.329391737918485,48.768501748341656
地域とのつながり,11100,埼玉県,さいたま市,都市部,2024,47.56407348343396,48.62153501429375
地域とのつながり,11100,埼玉県,さいたま市,都市部,2025,49.837537457512326,48.60678701116837
地域とのつながり,11100,埼玉県,さいたま市,都市部,2026,52.05690193738129,48.93665328975796
地域とのつながり,11201,埼玉県,川越市,都市部,2024,59.655565829920135,47.588241537153294
地域とのつながり,11201,埼玉県,川越市,都市部,2025,56.60171548150551,47.985392983266514
地域とのつながり,11201,埼玉県,川越市,都市部,2026,53.381189732676106,47.91388210862699
地域とのつながり,11202,埼玉県,熊谷市,都市部,2023,42.51503480671985,45.87236914335258
地域とのつながり,11202,埼玉県,熊谷市,都市部,2024,39.09535100617953,45.779934346699214
地域とのつながり,11202,埼玉県,熊谷市,都市部,2025,41.656475209588294,45.508017789181025
地域とのつながり,11202,埼玉県,熊谷市,都市部,2026,35.354666510384334,46.47061865869591
地域とのつながり,11203,埼玉県,川口市,都市部,2023,38.12779974170128,46.905516985099574
地域とのつながり,11203,埼玉県,川口市,都市部,2024,34.35965006823613,46.703958367307116
地域とのつながり,11203,埼玉県,川口市,都市部,2025,34.94250764430109,46.84799618405493
地域とのつながり,11203,埼玉県,川口市,都市部,2026,35.13521478229088,47.16233063790439
地域とのつながり,11206,埼玉県,行田市,都市部,2024,48.068973502288685,44.823065507021575
地域とのつながり,11206,埼玉県,行田市,都市部,2025,45.552560581566176,45.7558609420483
地域とのつながり,11206,埼玉県,行田市,都市部,2026,48.00335340306797,46.109863753488185
地域とのつながり,11207,埼玉県,秩父市,地方の中心都市,2023,59.33252849761681,48.5355914975981
地域とのつながり,11207,埼玉県,秩父市,地方の中心都市,2024,56.84892713331588,48.756252056818276
地域とのつながり,11207,埼玉県,秩父市,地方の中心都市,2025,63.33438441281186,49.30506075853081
地域とのつながり,11207,埼玉県,秩父市,地方の中心都市,2026,56.156374705392714,49.68070783931439
地域とのつながり,11208,埼玉県,所沢市,都市部,2023,48.97605220676076,48.24048665262872
地域とのつながり,11208,埼玉県,所沢市,都市部,2024,48.12327450697878,48.39851001130225
地域とのつながり,11208,埼玉県,所沢市,都市部,2025,47.55369183611448,48.28828538890248
地域とのつながり,11208,埼玉県,所沢市,都市部,2026,46.35038870864136,48.68817967451218
地域とのつながり,11209,埼玉県,飯能市,地方の中心都市,2024,50.81687785506442,48.44889695598269
地域とのつながり,11209,埼玉県,飯能市,地方の中心都市,2025,62.967762763589896,49.724663519279936
地域とのつながり,11209,埼玉県,飯能市,地方の中心都市,2026,60.61873477970415,50.10833056444154
地域とのつながり,11210,埼玉県,加須市,都市部,2023,36.99917731727565,45.41522307037465
地域とのつながり,11210,埼玉県,加須市,都市部,2024,26.21551635811249,45.337834272738775
地域とのつながり,11210,埼玉県,加須市,都市部,2025,39.573759517405506,45.77194117854065
地域とのつながり,11210,埼玉県,加須市,都市部,2026,44.62462546840472,45.198728931416525
地域とのつながり,11211,埼玉県,本庄市,地方の中心都市,2023,37.5934035005985,48.573249525347016
地域とのつながり,11211,埼玉県,本庄市,地方の中心都市,2024,48.67430786856853,48.51314507842889
地域とのつながり,11211,埼玉県,本庄市,地方の中心都市,2025,52.89176173414876,48.67785853898665
地域とのつながり,11211,埼玉県,本庄市,地方の中心都市,2026,47.56843431454965,48.631667967570756
地域とのつながり,11212,埼玉県,東松山市,都市部,2024,43.3017906614311,47.5678273778886
地域とのつながり,11212,埼玉県,東松山市,都市部,2025,57.81729292625398,47.297151087409496
地域とのつながり,11212,埼玉県,東松山市,都市部,2026,54.28107364361096,47.4248169825483
地域とのつながり,11214,埼玉県,春日部市,都市部,2023,44.41360632004454,45.78454154708649
地域とのつながり,11214,埼玉県,春日部市,都市部,2024,47.07089068985843,46.04647339797028
地域とのつながり,11214,埼玉県,春日部市,都市部,2025,43.561955799128725,46.3355489459872
地域とのつながり,11214,埼玉県,春日部市,都市部,2026,48.109170914905924,46.36584204097534
地域とのつながり,11215,埼玉県,狭山市,都市部,2024,43.040212497330664,45.139739117762616
地域とのつながり,11215,埼玉県,狭山市,都市部,2025,43.02787646754333,45.205534347676505
地域とのつながり,11215,埼玉県,狭山市,都市部,2026,36.006468064364014,45.93949730306108
地域とのつながり,11216,埼玉県,羽生市,都市部,2024,42.05280726847701,44.73374935102331
地域とのつながり,11216,埼玉県,羽生市,都市部,2025,47.15023566970954,45.133103516995284
地域とのつながり,11216,埼玉県,羽生市,都市部,2026,38.82104310422807,44.66551607868248
地域とのつながり,11217,埼玉県,鴻巣市,都市部,2023,33.784524011611374,46.98424102063761
地域とのつながり,11217,埼玉県,鴻巣市,都市部,2024,43.33349596007829,46.42070558570008
地域とのつながり,11217,埼玉県,鴻巣市,都市部,2025,47.538941829386054,46.99052055854633
地域とのつながり,11217,埼玉県,鴻巣市,都市部,2026,37.67765755720173,47.02407827853933
地域とのつながり,11218,埼玉県,深谷市,都市部,2023,54.74158992186903,46.62329587175554
地域とのつながり,11218,埼玉県,深谷市,都市部,2024,39.608764698361476,46.44189583888563
地域とのつながり,11218,埼玉県,深谷市,都市部,2025,55.632112378733225,46.89522118257491
地域とのつながり,11218,埼玉県,深谷市,都市部,2026,60.49422699687968,46.677095990647764
地域とのつながり,11219,埼玉県,上尾市,都市部,2024,51.683884201521074,48.200829847029254
地域とのつながり,11219,埼玉県,上尾市,都市部,2025,44.08056206301578,48.25634121366981
地域とのつながり,11219,埼玉県,上尾市,都市部,2026,53.154300926091636,48.341461469660324
地域とのつながり,11221,埼玉県,草加市,都市部,2024,40.09213890395528,46.43338809045533
地域とのつながり,11221,埼玉県,草加市,都市部,2025,41.69942989311837,46.17921185702917
地域とのつながり,11221,埼玉県,草加市,都市部,2026,43.94069887831992,46.11886284193387
地域とのつながり,11222,埼玉県,越谷市,都市部,2023,46.559605252915524,47.879029515223245
地域とのつながり,11222,埼玉県,越谷市,都市部,2024,39.00884166191671,47.843619265611466
地域とのつながり,11222,埼玉県,越谷市,都市部,2025,46.815736396722215,47.96896878031024
地域とのつながり,11222,埼玉県,越谷市,都市部,2026,49.180912336903496,47.894409289909504
地域とのつながり,11223,埼玉県,蕨市,都市部,2024,37.26358313738936,44.25614787264603
地域とのつながり,11223,埼玉県,蕨市,都市部,2025,43.185611279231935,44.38939753077186
地域とのつながり,11223,埼玉県,蕨市,都市部,2026,46.805376199986334,44.607947759907695
地域とのつながり,11224,埼玉県,戸田市,都市部,2023,37.97376422124462,49.24067416775633
地域とのつながり,11224,埼玉県,戸田市,都市部,2024,44.914553917358084,49.71015891420826
地域とのつながり,11224,埼玉県,戸田市,都市部,2025,42.273787781239015,49.53119581023039
地域とのつながり,11224,埼玉県,戸田市,都市部,2026,49.36110299683209,49.6609399069886
地域とのつながり,11225,埼玉県,入間市,都市部,2023,51.50886361092536,45.99531755294568
地域とのつながり,11225,埼玉県,入間市,都市部,2024,49.184605091637444,45.76398763832652
地域とのつながり,11225,埼玉県,入間市,都市部,2025,50.4430853162705,46.28844448248657
地域とのつながり,11225,埼玉県,入間市,都市部,2026,53.63108066501633,46.49981771184194
地域とのつながり,11227,埼玉県,朝霞市,都市部,2023,48.17089064065402,49.368066826682366
地域とのつながり,11227,埼玉県,朝霞市,都市部,2024,42.84851216296479,49.40142245880905
地域とのつながり,11227,埼玉県,朝霞市,都市部,2025,46.77227295540007,49.38556972976731
地域とのつながり,11227,埼玉県,朝霞市,都市部,2026,47.347426142510315,49.297974257451045
地域とのつながり,11228,埼玉県,志木市,都市部,2024,51.3876387072502,49.01603469362766
地域とのつながり,11228,埼玉県,志木市,都市部,2025,55.043094792785126,50.68406758134174
地域とのつながり,11228,埼玉県,志木市,都市部,2026,49.54210811211252,50.198324304141735
地域とのつながり,11229,埼玉県,和光市,都市部,2024,49.17221679456721,46.4106589515609
地域とのつながり,11229,埼玉県,和光市,都市部,2025,39.55914679332642,46.61917386498839
地域とのつながり,11229,埼玉県,和光市,都市部,2026,51.182420783835944,45.861250524940736
地域とのつながり,11230,埼玉県,新座市,都市部,2024,40.177934510705526,47.5704811460025
地域とのつながり,11230,埼玉県,新座市,都市部,2025,44.06610046164442,47.45811868259488
地域とのつながり,11230,埼玉県,新座市,都市部,2026,37.4587372527032,47.771862970889444
地域とのつながり,11231,埼玉県,桶川市,都市部,2024,42.73587834909241,46.03079782593778
地域とのつながり,11231,埼玉県,桶川市,都市部,2025,50.352520054454345,46.102217836224916
地域とのつながり,11231,埼玉県,桶川市,都市部,2026,43.35429967898201,46.994553016696806
地域とのつながり,11232,埼玉県,久喜市,都市部,2024,38.46588960664863,46.62725485648062
地域とのつながり,11232,埼玉県,久喜市,都市部,2025,40.07916291029793,46.666740560225364
地域とのつながり,11232,埼玉県,久喜市,都市部,2026,41.8925230636635,46.85926024697632
地域とのつながり,11233,埼玉県,北本市,都市部,2023,54.17133186740674,45.44301457638126
地域とのつながり,11233,埼玉県,北本市,都市部,2024,53.30081310922007,44.552577328779805
地域とのつながり,11233,埼玉県,北本市,都市部,2025,48.35947763083387,45.32885873687683
地域とのつながり,11233,埼玉県,北本市,都市部,2026,55.54839455528993,45.19833496520339
地域とのつながり,11234,埼玉県,八潮市,都市部,2023,35.67736196632217,47.918436195954875
地域とのつながり,11234,埼玉県,八潮市,都市部,2024,26.898308228812176,47.787220188070265
地域とのつながり,11234,埼玉県,八潮市,都市部,2025,27.490334016201743,48.47601968623534
地域とのつながり,11234,埼玉県,八潮市,都市部,2026,8.214806248112545,48.5015654730703
地域とのつながり,11235,埼玉県,富士見市,都市部,2023,40.76789837775381,46.27250139072842
地域とのつながり,11235,埼玉県,富士見市,都市部,2024,41.24362416707122,46.23052742493579
地域とのつながり,11235,埼玉県,富士見市,都市部,2025,45.41572881692711,46.92042827444254
地域とのつながり,11235,埼玉県,富士見市,都市部,2026,50.44868904613634,46.92181679294958
地域とのつながり,11237,埼玉県,三郷市,都市部,2024,33.40204153372174,46.32954871528126
地域とのつながり,11237,埼玉県,三郷市,都市部,2025,40.88328455849988,46.58696438697041
地域とのつながり,11237,埼玉県,三郷市,都市部,2026,34.23326451066275,46.97466451151514
地域とのつながり,11238,埼玉県,蓮田市,都市部,2024,33.23354300732316,45.8369116530981
地域とのつながり,11238,埼玉県,蓮田市,都市部,2025,35.74222560620219,45.46046535959477
地域とのつながり,11238,埼玉県,蓮田市,都市部,2026,42.536881474683256,45.84096692263691
地域とのつながり,11239,埼玉県,坂戸市,都市部,2024,43.41016964315137,42.77318261557688
地域とのつながり,11239,埼玉県,坂戸市,都市部,2025,57.16477200605536,43.25942935314122
地域とのつながり,11239,埼玉県,坂戸市,都市部,2026,29.621582382216378,43.27024631854211
地域とのつながり,11240,埼玉県,幸手市,地方の中心都市,2024,48.16326384313679,41.79108878947342
地域とのつながり,11240,埼玉県,幸手市,地方の中心都市,2025,48.784259055869505,41.14186913364287
地域とのつながり,11240,埼玉県,幸手市,地方の中心都市,2026,31.57219332946024,42.23290563312614
地域とのつながり,11241,埼玉県,鶴ヶ島市,都市部,2023,45.27012471986811,46.24879137554235
地域とのつながり,11241,埼玉県,鶴ヶ島市,都市部,2024,54.743064818410126,46.31833602253275
地域とのつながり,11241,埼玉県,鶴ヶ島市,都市部,2025,50.852985884921246,45.84076321632635
地域とのつながり,11241,埼玉県,鶴ヶ島市,都市部,2026,54.493296718798135,45.68741656987796
地域とのつながり,11242,埼玉県,日高市,地方の中心都市,2023,39.045013907705574,47.621008443269325
地域とのつながり,11242,埼玉県,日高市,地方の中心都市,2024,41.809431945849305,48.3250097918527
地域とのつながり,11242,埼玉県,日高市,地方の中心都市,2025,44.026798384599076,47.767708368426455
地域とのつながり,11242,埼玉県,日高市,地方の中心都市,2026,40.159004489048456,48.031956658449324
地域とのつながり,11243,埼玉県,吉川市,都市部,2024,32.232578863749204,49.26188606424151
地域とのつながり,11243,埼玉県,吉川市,都市部,2025,46.52455080849145,49.91358174203718
地域とのつながり,11243,埼玉県,吉川市,都市部,2026,45.92253970846183,48.823380942333
地域とのつながり,11245,埼玉県,ふじみ野市,都市部,2023,40.041107801697166,45.942664047088584
地域とのつながり,11245,埼玉県,ふじみ野市,都市部,2024,44.875260691908004,45.552697024612215
地域とのつながり,11245,埼玉県,ふじみ野市,都市部,2025,38.34478921431827,46.15145534948748
地域とのつながり,11245,埼玉県,ふじみ野市,都市部,2026,49.23220834087366,46.6189794335954
地域とのつながり,11246,埼玉県,白岡市,都市部,2024,54.20299409568619,48.88005867174155
地域とのつながり,11246,埼玉県,白岡市,都市部,2025,54.21094455918477,48.52916624547925
地域とのつながり,11246,埼玉県,白岡市,都市部,2026,52.81652195570947,49.04729785432896
地域とのつながり,11301,埼玉県,伊奈町,都市部,2024,40.436243094763746,48.91602988272785
地域とのつながり,11324,埼玉県,三芳町,都市部,2024,47.372313918412964,46.59023157372736
地域とのつながり,11361,埼玉県,横瀬町,農山村の小都市,2023,64.35520314188275,51.15705041049387
地域とのつながり,11442,埼玉県,宮代町,地方の中心都市,2024,50.92695514929374,45.437210246019724
地域とのつながり,11464,埼玉県,杉戸町,地方の中心都市,2024,37.47693671804704,43.8911911590082
地域とのつながり,12100,千葉県,千葉市,都市部,2023,48.078003893792086,49.37092329252806
地域とのつながり,12100,千葉県,千葉市,都市部,2024,51.207713352806685,50.67633086982569
地域とのつながり,12100,千葉県,千葉市,都市部,2025,46.27498497182335,49.57689749221289
地域とのつながり,12100,千葉県,千葉市,都市部,2026,46.48045111659523,49.507691107862726
地域とのつながり,12202,千葉県,銚子市,農山村の小都市,2023,31.477946421954595,44.591140730872695
地域とのつながり,12202,千葉県,銚子市,農山村の小都市,2024,30.650160740742333,44.38997283950468
地域とのつながり,12202,千葉県,銚子市,農山村の小都市,2025,39.97318856739139,43.8848904305317
地域とのつながり,12202,千葉県,銚子市,農山村の小都市,2026,34.74096790205461,43.11240278145049
地域とのつながり,12203,千葉県,市川市,都市部,2023,53.90139304915186,46.341850748992876
地域とのつながり,12203,千葉県,市川市,都市部,2024,41.933445498677415,46.57893358613537
地域とのつながり,12203,千葉県,市川市,都市部,2025,36.80824948529039,46.76697991511688
地域とのつながり,12203,千葉県,市川市,都市部,2026,47.04141427563426,46.90908193838845
地域とのつながり,12204,千葉県,船橋市,都市部,2023,33.50415454775971,48.52910425164798
地域とのつながり,12204,千葉県,船橋市,都市部,2024,45.421160291924394,48.59910125356676
地域とのつながり,12204,千葉県,船橋市,都市部,2025,40.74180401305144,48.69676377282488
地域とのつながり,12204,千葉県,船橋市,都市部,2026,45.959461322703554,48.791678141913884
地域とのつながり,12205,千葉県,館山市,農山村の小都市,2024,50.58388757324696,47.92383837195836
地域とのつながり,12205,千葉県,館山市,農山村の小都市,2026,39.02277224438622,49.832142227664214
地域とのつながり,12206,千葉県,木更津市,都市部,2023,43.078508368084364,48.4831026026297
地域とのつながり,12206,千葉県,木更津市,都市部,2024,43.52411838398268,48.50342175051236
地域とのつながり,12206,千葉県,木更津市,都市部,2025,33.547830716892676,49.36757656546661
地域とのつながり,12206,千葉県,木更津市,都市部,2026,38.66529915569729,49.26177969791736
地域とのつながり,12207,千葉県,松戸市,都市部,2023,23.13688880272948,46.80924772321235
地域とのつながり,12207,千葉県,松戸市,都市部,2024,41.7567022288716,47.0305137625615
地域とのつながり,12207,千葉県,松戸市,都市部,2025,43.155175272725145,47.01124721696978
地域とのつながり,12207,千葉県,松戸市,都市部,2026,44.71563093123613,47.233787903825885
地域とのつながり,12208,千葉県,野田市,都市部,2023,54.50460060759927,45.8826046796771
地域とのつながり,12208,千葉県,野田市,都市部,2024,43.941461669991526,45.74403276543239
地域とのつながり,12208,千葉県,野田市,都市部,2025,40.61277829433422,45.989834569843985
地域とのつながり,12208,千葉県,野田市,都市部,2026,41.31018044534788,45.73700875026268
地域とのつながり,12210,千葉県,茂原市,地方の中心都市,2023,53.57772938698593,44.46006310650297
地域とのつながり,12210,千葉県,茂原市,地方の中心都市,2024,36.918179757492034,45.167658254826634
地域とのつながり,12210,千葉県,茂原市,地方の中心都市,2025,45.368670710599496,44.86299441707313
地域とのつながり,12210,千葉県,茂原市,地方の中心都市,2026,40.33171660197883,45.06458984336766
地域とのつながり,12211,千葉県,成田市,都市部,2024,48.062147841988114,45.34195511834908
地域とのつながり,12211,千葉県,成田市,都市部,2025,51.80673380143098,45.09968049457477
地域とのつながり,12211,千葉県,成田市,都市部,2026,55.95105656462189,44.67978050558997
地域とのつながり,12212,千葉県,佐倉市,都市部,2023,50.1937315165569,48.587203566557484
地域とのつながり,12212,千葉県,佐倉市,都市部,2024,55.58141144954005,48.86972292964082
地域とのつながり,12212,千葉県,佐倉市,都市部,2025,48.77778708211423,48.624812164290205
地域とのつながり,12212,千葉県,佐倉市,都市部,2026,51.73733041483625,49.456755011936664
地域とのつながり,12213,千葉県,東金市,地方の中心都市,2023,45.33973860191595,42.95691394482676
地域とのつながり,12213,千葉県,東金市,地方の中心都市,2024,32.21491021703202,42.829854553881326
地域とのつながり,12213,千葉県,東金市,地方の中心都市,2025,30.49516042192779,43.95140334738106
地域とのつながり,12213,千葉県,東金市,地方の中心都市,2026,35.997788072854846,42.91858383568024
地域とのつながり,12215,千葉県,旭市,農山村の小都市,2024,48.768880848547894,45.649341469924764
地域とのつながり,12215,千葉県,旭市,農山村の小都市,2025,54.12119048300458,45.58825287516809
地域とのつながり,12215,千葉県,旭市,農山村の小都市,2026,59.93709158386604,46.26350978253269
地域とのつながり,12216,千葉県,習志野市,都市部,2023,49.41779946284746,47.60245335500347
地域とのつながり,12216,千葉県,習志野市,都市部,2024,50.93067615154674,47.27879739315037
地域とのつながり,12216,千葉県,習志野市,都市部,2025,51.511232566274586,47.23062503976106
地域とのつながり,12216,千葉県,習志野市,都市部,2026,41.23081469180557,47.4268676666256
地域とのつながり,12217,千葉県,柏市,都市部,2023,47.831580810748086,49.558705644419895
地域とのつながり,12217,千葉県,柏市,都市部,2024,52.536258888933084,49.1208008678908
地域とのつながり,12217,千葉県,柏市,都市部,2025,37.571321545534,49.65498466022016
地域とのつながり,12217,千葉県,柏市,都市部,2026,52.21118169498713,49.669206715767906
地域とのつながり,12219,千葉県,市原市,都市部,2024,34.55603535793313,47.65291810822738
地域とのつながり,12219,千葉県,市原市,都市部,2025,42.46809950447379,47.729307104466784
地域とのつながり,12219,千葉県,市原市,都市部,2026,40.92986825299565,47.60373565878249
地域とのつながり,12220,千葉県,流山市,都市部,2023,37.727773207868744,53.630751528290176
地域とのつながり,12220,千葉県,流山市,都市部,2024,51.07745383574466,53.75828918988812
地域とのつながり,12220,千葉県,流山市,都市部,2025,51.494642293877206,53.55860150124767
地域とのつながり,12220,千葉県,流山市,都市部,2026,53.62615606038048,53.945279955726605
地域とのつながり,12221,千葉県,八千代市,都市部,2023,56.11361731792431,47.53617681552299
地域とのつながり,12221,千葉県,八千代市,都市部,2024,34.77814715789074,47.32782657812983
地域とのつながり,12221,千葉県,八千代市,都市部,2025,33.45106448492585,47.3002937665753
地域とのつながり,12221,千葉県,八千代市,都市部,2026,42.74186522689446,47.47594182313002
地域とのつながり,12222,千葉県,我孫子市,都市部,2023,59.37527306441489,46.722350900386516
地域とのつながり,12222,千葉県,我孫子市,都市部,2024,68.62069745478952,46.90400353923129
地域とのつながり,12222,千葉県,我孫子市,都市部,2025,70.23400128433244,46.41620948086692
地域とのつながり,12222,千葉県,我孫子市,都市部,2026,47.92572928464727,46.859883874258415
地域とのつながり,12224,千葉県,鎌ケ谷市,都市部,2024,35.273017221157815,47.61559686058671
地域とのつながり,12224,千葉県,鎌ケ谷市,都市部,2025,44.52480114520158,48.040999855319725
地域とのつながり,12224,千葉県,鎌ケ谷市,都市部,2026,49.33844385895442,47.9104902674442
地域とのつながり,12225,千葉県,君津市,地方の中心都市,2023,41.012821361098545,48.150264016366194
地域とのつながり,12225,千葉県,君津市,地方の中心都市,2024,54.12664952385706,47.60534622457892
地域とのつながり,12225,千葉県,君津市,地方の中心都市,2025,43.323976365235964,48.5338316463455
地域とのつながり,12225,千葉県,君津市,地方の中心都市,2026,58.54258715095847,47.724640876380995
地域とのつながり,12226,千葉県,富津市,地方の中心都市,2024,46.406947471220896,45.41005205407892
地域とのつながり,12227,千葉県,浦安市,都市部,2023,61.56250383702154,48.29338250723151
地域とのつながり,12227,千葉県,浦安市,都市部,2024,73.65800889796874,48.30847828599456
地域とのつながり,12227,千葉県,浦安市,都市部,2025,70.02125668847611,48.45507567701567
地域とのつながり,12227,千葉県,浦安市,都市部,2026,76.4901068500753,48.35204736885796
地域とのつながり,12228,千葉県,四街道市,都市部,2023,50.694856082211246,50.03368206870442
地域とのつながり,12228,千葉県,四街道市,都市部,2024,45.184868939342316,49.5792140153879
地域とのつながり,12228,千葉県,四街道市,都市部,2025,40.849272226176055,50.571356100294025
地域とのつながり,12228,千葉県,四街道市,都市部,2026,46.083045462770244,50.20160144015363
地域とのつながり,12229,千葉県,袖ケ浦市,都市部,2023,61.13945201553513,47.921490653066186
地域とのつながり,12229,千葉県,袖ケ浦市,都市部,2024,44.84296786854348,48.83470475783416
地域とのつながり,12229,千葉県,袖ケ浦市,都市部,2025,34.60143317123872,48.81740076964147
地域とのつながり,12229,千葉県,袖ケ浦市,都市部,2026,40.20094646195268,49.277711994090325
地域とのつながり,12230,千葉県,八街市,地方の中心都市,2023,26.583464234424092,43.68219859910029
地域とのつながり,12230,千葉県,八街市,地方の中心都市,2024,28.628614386856704,43.823858042096774
地域とのつながり,12230,千葉県,八街市,地方の中心都市,2025,21.69496618091288,44.22145529359642
地域とのつながり,12230,千葉県,八街市,地方の中心都市,2026,24.13591757143612,43.817818610137245
地域とのつながり,12231,千葉県,印西市,都市部,2023,46.46911460724169,55.2259590562564
地域とのつながり,12231,千葉県,印西市,都市部,2024,50.37641451457647,55.05916664168449
地域とのつながり,12231,千葉県,印西市,都市部,2025,50.997710508859015,54.61476982063743
地域とのつながり,12231,千葉県,印西市,都市部,2026,52.13117335757605,54.71476094099449
地域とのつながり,12232,千葉県,白井市,都市部,2023,53.22357128429229,51.22210010109414
地域とのつながり,12232,千葉県,白井市,都市部,2024,43.133000178979096,50.548466137979275
地域とのつながり,12232,千葉県,白井市,都市部,2025,38.97062014486639,50.94920111543582
地域とのつながり,12232,千葉県,白井市,都市部,2026,54.10182028658275,50.236365295056274
地域とのつながり,12233,千葉県,富里市,地方の中心都市,2024,37.40943175609575,45.40752309397604
地域とのつながり,12233,千葉県,富里市,地方の中心都市,2026,35.68515695020318,45.717606978282234
地域とのつながり,12234,千葉県,南房総市,農山村の小都市,2024,50.06527018322167,47.7474278535756
地域とのつながり,12236,千葉県,香取市,農山村の小都市,2023,40.23329176504534,46.66396169270791
地域とのつながり,12236,千葉県,香取市,農山村の小都市,2024,51.626255374920696,46.617792784691545
地域とのつながり,12236,千葉県,香取市,農山村の小都市,2025,48.63505763478475,47.23454882716664
地域とのつながり,12236,千葉県,香取市,農山村の小都市,2026,31.323259367126195,46.75649714711775
地域とのつながり,12237,千葉県,山武市,農山村の小都市,2024,31.069990785006347,45.20613737248698
地域とのつながり,12237,千葉県,山武市,農山村の小都市,2026,26.48247388783635,45.7484251064032
地域とのつながり,12238,千葉県,いすみ市,農山村の小都市,2024,43.21964724903195,46.27657820852285
地域とのつながり,12239,千葉県,大網白里市,地方の中心都市,2024,44.375476228487535,47.64304880761778
地域とのつながり,12239,千葉県,大網白里市,地方の中心都市,2026,30.178282874846612,46.21673940674512
地域とのつながり,13201,東京都,八王子市,都市部,2023,40.391064764185955,48.609958851570504
地域とのつながり,13201,東京都,八王子市,都市部,2024,65.1163535602799,48.50648891111082
地域とのつながり,13201,東京都,八王子市,都市部,2025,43.927332011278864,49.04526877057544
地域とのつながり,13201,東京都,八王子市,都市部,2026,51.21674980128488,48.92686008254247
地域とのつながり,13202,東京都,立川市,都市部,2024,55.631555950665096,45.43283840457131
地域とのつながり,13202,東京都,立川市,都市部,2025,58.179025871957705,45.41403740653223
地域とのつながり,13202,東京都,立川市,都市部,2026,50.237224892917894,45.57685276344798
地域とのつながり,13203,東京都,武蔵野市,都市部,2024,52.73015679382172,48.60490552544032
地域とのつながり,13203,東京都,武蔵野市,都市部,2025,62.4577011304635,48.733061644653425
地域とのつながり,13203,東京都,武蔵野市,都市部,2026,49.25926121597425,49.40510948105476
地域とのつながり,13204,東京都,三鷹市,都市部,2024,59.850442967373446,47.8706861977955
地域とのつながり,13204,東京都,三鷹市,都市部,2025,54.968980882232316,48.17315332996579
地域とのつながり,13204,東京都,三鷹市,都市部,2026,47.42240827124866,47.900651925831674
地域とのつながり,13205,東京都,青梅市,地方の中心都市,2024,43.41262490531701,47.76726818311343
地域とのつながり,13205,東京都,青梅市,地方の中心都市,2025,47.64129224563929,47.86741637704087
地域とのつながり,13205,東京都,青梅市,地方の中心都市,2026,57.45080232704732,47.7461930347588
地域とのつながり,13206,東京都,府中市,都市部,2023,56.726760432579766,46.53688148800016
地域とのつながり,13206,東京都,府中市,都市部,2024,61.16247143702308,46.891685090996184
地域とのつながり,13206,東京都,府中市,都市部,2025,53.89864562604464,46.74849750344134
地域とのつながり,13206,東京都,府中市,都市部,2026,62.53825799777876,46.94922594807089
地域とのつながり,13207,東京都,昭島市,都市部,2023,46.28428017929127,43.30880511943314
地域とのつながり,13207,東京都,昭島市,都市部,2024,45.685040160262886,43.11190567478839
地域とのつながり,13207,東京都,昭島市,都市部,2025,47.869320827257276,43.33372738611999
地域とのつながり,13207,東京都,昭島市,都市部,2026,48.69806366658483,43.85114831683804
地域とのつながり,13208,東京都,調布市,都市部,2023,20.46489622239935,48.19070795940764
地域とのつながり,13208,東京都,調布市,都市部,2024,57.58304183316403,48.163451131378665
地域とのつながり,13208,東京都,調布市,都市部,2025,62.219306385618715,48.46118109820705
地域とのつながり,13208,東京都,調布市,都市部,2026,54.71008969886829,48.81067849035988
地域とのつながり,13209,東京都,町田市,都市部,2023,64.13635689740956,49.453847572972485
地域とのつながり,13209,東京都,町田市,都市部,2024,40.406266336619744,49.641699396536715
地域とのつながり,13209,東京都,町田市,都市部,2025,55.23271649539965,49.793668648166836
地域とのつながり,13209,東京都,町田市,都市部,2026,57.97360094036664,49.857701462047544
地域とのつながり,13210,東京都,小金井市,都市部,2024,50.078209073598515,48.95525858263311
地域とのつながり,13210,東京都,小金井市,都市部,2025,46.94209495565457,49.40710394877216
地域とのつながり,13210,東京都,小金井市,都市部,2026,48.23171390551058,49.52931705058021
地域とのつながり,13211,東京都,小平市,都市部,2024,47.70753624689395,47.42424794884119
地域とのつながり,13211,東京都,小平市,都市部,2025,47.46588394701453,47.139189537462954
地域とのつながり,13211,東京都,小平市,都市部,2026,59.303634806043185,47.40060070241216
地域とのつながり,13212,東京都,日野市,都市部,2023,44.83880386723669,47.297880662616016
地域とのつながり,13212,東京都,日野市,都市部,2024,46.71679502347915,48.02262132790582
地域とのつながり,13212,東京都,日野市,都市部,2025,49.62816389383567,47.9441626668111
地域とのつながり,13212,東京都,日野市,都市部,2026,49.21839318276868,48.429214087165946
地域とのつながり,13213,東京都,東村山市,都市部,2023,37.77026432994924,45.68561911158896
地域とのつながり,13213,東京都,東村山市,都市部,2024,39.54657487110228,45.88243551258535
地域とのつながり,13213,東京都,東村山市,都市部,2025,42.13454764896268,46.02233658848594
地域とのつながり,13213,東京都,東村山市,都市部,2026,38.687417578318765,46.328525186578716
地域とのつながり,13214,東京都,国分寺市,都市部,2024,49.88412903602463,50.07055032537117
地域とのつながり,13214,東京都,国分寺市,都市部,2025,58.96438581225999,50.46156366244509
地域とのつながり,13214,東京都,国分寺市,都市部,2026,59.62272303503676,50.040489867993614
地域とのつながり,13215,東京都,国立市,都市部,2023,56.17895934083721,46.5964978258573
地域とのつながり,13215,東京都,国立市,都市部,2024,52.406575638501444,47.06889468266243
地域とのつながり,13215,東京都,国立市,都市部,2025,58.95558987929787,47.33323024157834
地域とのつながり,13215,東京都,国立市,都市部,2026,59.27463651853842,47.35122087409776
地域とのつながり,13218,東京都,福生市,都市部,2024,45.95486540351569,42.77799837877309
地域とのつながり,13218,東京都,福生市,都市部,2025,41.18686281013497,43.18276891625091
地域とのつながり,13218,東京都,福生市,都市部,2026,41.67757861435628,43.06190326681064
地域とのつながり,13219,東京都,狛江市,都市部,2023,57.02590204311301,47.670673859109634
地域とのつながり,13219,東京都,狛江市,都市部,2024,57.67806525537269,47.331911370362114
地域とのつながり,13219,東京都,狛江市,都市部,2025,63.2847547938627,48.767014277306295
地域とのつながり,13219,東京都,狛江市,都市部,2026,47.4396439070913,48.3984818243181
地域とのつながり,13220,東京都,東大和市,都市部,2023,51.02407219945909,48.28936261852906
地域とのつながり,13220,東京都,東大和市,都市部,2024,39.11273165307067,48.27232769443462
地域とのつながり,13220,東京都,東大和市,都市部,2025,42.799098666652,48.441813015634494
地域とのつながり,13220,東京都,東大和市,都市部,2026,42.916918497140756,48.355970119619556
地域とのつながり,13221,東京都,清瀬市,都市部,2023,34.940346806719894,44.86702485530064
地域とのつながり,13221,東京都,清瀬市,都市部,2024,44.492700303288025,44.87505111912086
地域とのつながり,13221,東京都,清瀬市,都市部,2025,41.41831290548262,45.20635837113708
地域とのつながり,13221,東京都,清瀬市,都市部,2026,48.95614060783776,44.99520572323298
地域とのつながり,13222,東京都,東久留米市,都市部,2023,38.265903027603315,47.28963880026045
地域とのつながり,13222,東京都,東久留米市,都市部,2024,48.53084992999964,46.93487125056343
地域とのつながり,13222,東京都,東久留米市,都市部,2025,43.25939628138813,47.71759928246677
地域とのつながり,13222,東京都,東久留米市,都市部,2026,49.24273092386686,47.89053815946377
地域とのつながり,13223,東京都,武蔵村山市,都市部,2024,32.409267226873126,46.13497056022376
地域とのつながり,13223,東京都,武蔵村山市,都市部,2025,28.270951968231586,47.73222532006919
地域とのつながり,13223,東京都,武蔵村山市,都市部,2026,29.842734439708295,47.613830415799136
地域とのつながり,13224,東京都,多摩市,都市部,2023,60.69569254535586,47.96973833722396
地域とのつながり,13224,東京都,多摩市,都市部,2024,49.99903989973926,48.12133873902273
地域とのつながり,13224,東京都,多摩市,都市部,2025,53.406240138753766,48.34340647771112
地域とのつながり,13224,東京都,多摩市,都市部,2026,66.7154552612856,48.317232776918715
地域とのつながり,13225,東京都,稲城市,都市部,2023,50.19461523963378,48.473002265029756
地域とのつながり,13225,東京都,稲城市,都市部,2024,58.07366009138454,48.51885973208865
地域とのつながり,13225,東京都,稲城市,都市部,2025,55.494085875536435,48.166847067385014
地域とのつながり,13225,東京都,稲城市,都市部,2026,68.30959533894092,48.44086213205721
地域とのつながり,13227,東京都,羽村市,都市部,2024,58.23432583359029,44.2108916710537
地域とのつながり,13227,東京都,羽村市,都市部,2025,48.11351369344094,45.306500065072115
地域とのつながり,13227,東京都,羽村市,都市部,2026,48.488321037736576,45.85746848300554
地域とのつながり,13228,東京都,あきる野市,地方の中心都市,2023,39.459776679553066,50.771151381856335
地域とのつながり,13228,東京都,あきる野市,地方の中心都市,2024,41.36058313765374,51.664764250670814
地域とのつながり,13228,東京都,あきる野市,地方の中心都市,2025,48.69842878120898,50.79255447891209
地域とのつながり,13228,東京都,あきる野市,地方の中心都市,2026,57.659687499819164,52.17284597428652
地域とのつながり,13229,東京都,西東京市,都市部,2023,45.65689622239935,47.614985595837084
地域とのつながり,13229,東京都,西東京市,都市部,2024,38.08934047960385,47.162615580332144
地域とのつながり,13229,東京都,西東京市,都市部,2025,41.97540906399201,47.954460137443014
地域とのつながり,13229,東京都,西東京市,都市部,2026,39.491696984321216,47.68741414695703
地域とのつながり,14100,神奈川県,横浜市,都市部,2023,51.47363867669217,49.69479106123814
地域とのつながり,14100,神奈川県,横浜市,都市部,2024,53.140735341128256,49.651588076348894
地域とのつながり,14100,神奈川県,横浜市,都市部,2025,51.95823799958242,49.71667362274763
地域とのつながり,14100,神奈川県,横浜市,都市部,2026,51.797247083912225,49.7852763667995
地域とのつながり,14130,神奈川県,川崎市,都市部,2023,47.623732207860314,48.756576418797174
地域とのつながり,14130,神奈川県,川崎市,都市部,2024,50.27644690916148,48.8495605962147
地域とのつながり,14130,神奈川県,川崎市,都市部,2025,50.42945496663738,48.81677120009727
地域とのつながり,14130,神奈川県,川崎市,都市部,2026,49.95375724480104,48.848085180152445
地域とのつながり,14150,神奈川県,相模原市,都市部,2023,44.013770000644655,51.549716758715036
地域とのつながり,14150,神奈川県,相模原市,都市部,2024,49.52643402937587,51.73572804167311
地域とのつながり,14150,神奈川県,相模原市,都市部,2025,44.97492278692146,51.681616106116415
地域とのつながり,14150,神奈川県,相模原市,都市部,2026,44.44710206451128,51.82882815480097
地域とのつながり,14201,神奈川県,横須賀市,都市部,2023,52.022091337516414,46.007038396592144
地域とのつながり,14201,神奈川県,横須賀市,都市部,2024,56.06016630740906,45.90957903054431
地域とのつながり,14201,神奈川県,横須賀市,都市部,2025,53.41655593731029,45.84276117099966
地域とのつながり,14201,神奈川県,横須賀市,都市部,2026,50.38571342565668,46.09755189044329
地域とのつながり,14203,神奈川県,平塚市,都市部,2023,52.916207578665194,47.253182615916906
地域とのつながり,14203,神奈川県,平塚市,都市部,2024,58.66840789774665,47.54027063268472
地域とのつながり,14203,神奈川県,平塚市,都市部,2025,55.54854278940964,47.13119378639575
地域とのつながり,14203,神奈川県,平塚市,都市部,2026,67.2700450155109,47.00327719027188
地域とのつながり,14204,神奈川県,鎌倉市,都市部,2023,72.47730370063896,55.356013534609815
地域とのつながり,14204,神奈川県,鎌倉市,都市部,2024,56.04939142421175,55.65561773996556
地域とのつながり,14204,神奈川県,鎌倉市,都市部,2025,58.0028541560326,55.9347145598063
地域とのつながり,14204,神奈川県,鎌倉市,都市部,2026,55.63897345111266,56.08590107453374
地域とのつながり,14205,神奈川県,藤沢市,都市部,2023,61.73428605365423,50.69637500434978
地域とのつながり,14205,神奈川県,藤沢市,都市部,2024,70.00521022931275,50.80854110336517
地域とのつながり,14205,神奈川県,藤沢市,都市部,2025,66.39662518048635,50.6879545287027
地域とのつながり,14205,神奈川県,藤沢市,都市部,2026,56.151424930070945,50.68562712413357
地域とのつながり,14206,神奈川県,小田原市,都市部,2023,52.850616960411195,50.32196196192886
地域とのつながり,14206,神奈川県,小田原市,都市部,2024,51.75530905174942,50.32396642398203
地域とのつながり,14206,神奈川県,小田原市,都市部,2025,50.434163414274245,50.13539432710499
地域とのつながり,14206,神奈川県,小田原市,都市部,2026,63.80318809955179,50.60121869660469
地域とのつながり,14207,神奈川県,茅ヶ崎市,都市部,2023,65.69273547009863,51.046517315135596
地域とのつながり,14207,神奈川県,茅ヶ崎市,都市部,2024,62.502828406532544,51.04673235292586
地域とのつながり,14207,神奈川県,茅ヶ崎市,都市部,2025,55.32559837555946,50.8947229631195
地域とのつながり,14207,神奈川県,茅ヶ崎市,都市部,2026,65.04481967265794,51.166282728604685
地域とのつながり,14208,神奈川県,逗子市,都市部,2023,64.15999794750138,55.1879226636195
地域とのつながり,14208,神奈川県,逗子市,都市部,2024,62.77771944579075,54.822260948157876
地域とのつながり,14208,神奈川県,逗子市,都市部,2025,74.27514479597367,55.080219954072994
地域とのつながり,14208,神奈川県,逗子市,都市部,2026,67.81919832529164,55.67175599396003
地域とのつながり,14210,神奈川県,三浦市,農山村の小都市,2024,34.47750703853552,45.50207205719279
地域とのつながり,14211,神奈川県,秦野市,地方の中心都市,2023,55.122781194190175,48.03695740822661
地域とのつながり,14211,神奈川県,秦野市,地方の中心都市,2024,43.953627479203405,47.52849718233117
地域とのつながり,14211,神奈川県,秦野市,地方の中心都市,2025,64.34463048897389,47.65264130335282
地域とのつながり,14211,神奈川県,秦野市,地方の中心都市,2026,45.73787308112815,48.28678203894222
地域とのつながり,14212,神奈川県,厚木市,都市部,2023,52.6461367196356,48.67769797428438
地域とのつながり,14212,神奈川県,厚木市,都市部,2024,61.98846569909771,48.67962920520661
地域とのつながり,14212,神奈川県,厚木市,都市部,2025,59.86282161113304,49.17862558278186
地域とのつながり,14212,神奈川県,厚木市,都市部,2026,52.78161828585115,48.773863145768104
地域とのつながり,14213,神奈川県,大和市,都市部,2023,46.725344636894604,48.92143500531773
地域とのつながり,14213,神奈川県,大和市,都市部,2024,47.09368270632148,49.36433383033111
地域とのつながり,14213,神奈川県,大和市,都市部,2025,46.913494267472096,49.45346233702161
地域とのつながり,14213,神奈川県,大和市,都市部,2026,33.61507169076293,49.135617423504556
地域とのつながり,14214,神奈川県,伊勢原市,都市部,2023,44.88708941728697,52.0868255477247
地域とのつながり,14214,神奈川県,伊勢原市,都市部,2024,48.79595588832241,52.25351113475381
地域とのつながり,14214,神奈川県,伊勢原市,都市部,2025,51.79020181603971,52.76402129684433
地域とのつながり,14214,神奈川県,伊勢原市,都市部,2026,45.92976594080436,52.575148852393454
地域とのつながり,14215,神奈川県,海老名市,都市部,2023,45.96241351449404,50.64846029674912
地域とのつながり,14215,神奈川県,海老名市,都市部,2024,47.66976691034484,50.407200786370346
地域とのつながり,14215,神奈川県,海老名市,都市部,2025,54.53647694266029,51.0454379416438
地域とのつながり,14215,神奈川県,海老名市,都市部,2026,47.73484380063498,50.928505783540196
地域とのつながり,14216,神奈川県,座間市,都市部,2023,40.84294189459037,48.38982267013516
地域とのつながり,14216,神奈川県,座間市,都市部,2024,36.773244846183,48.283588055134075
地域とのつながり,14216,神奈川県,座間市,都市部,2025,55.743018438493614,48.44554641993615
地域とのつながり,14216,神奈川県,座間市,都市部,2026,39.219503701071744,48.75520901099051
地域とのつながり,14217,神奈川県,南足柄市,地方の中心都市,2024,48.28492924153381,51.53638838594219
地域とのつながり,14218,神奈川県,綾瀬市,都市部,2023,44.828388948296634,49.27662701782176
地域とのつながり,14218,神奈川県,綾瀬市,都市部,2024,32.299793027610974,48.77381605458614
地域とのつながり,14218,神奈川県,綾瀬市,都市部,2025,29.022234037943047,49.24164251499364
地域とのつながり,14218,神奈川県,綾瀬市,都市部,2026,40.8053949268671,49.00303719471564
地域とのつながり,14321,神奈川県,寒川町,都市部,2024,48.568700308547065,47.41784129542306
地域とのつながり,14321,神奈川県,寒川町,都市部,2026,46.273445171103376,48.19890788931351
地域とのつながり,14401,神奈川県,愛川町,地方の中心都市,2024,46.5858984606166,47.828991579549474
地域とのつながり,15100,新潟県,新潟市,都市部,2023,46.28940136943002,46.510083886780144
地域とのつながり,15100,新潟県,新潟市,都市部,2024,46.27594228487568,46.43226778877797
地域とのつながり,15100,新潟県,新潟市,都市部,2025,50.11644261352006,46.60506701197117
地域とのつながり,15100,新潟県,新潟市,都市部,2026,52.33316477255761,46.70234392516483
地域とのつながり,15202,新潟県,長岡市,地方の中心都市,2023,41.24667545831983,49.0494223356681
地域とのつながり,15202,新潟県,長岡市,地方の中心都市,2024,45.37867086841956,48.63031872026407
地域とのつながり,15202,新潟県,長岡市,地方の中心都市,2025,43.35599526415842,49.403905740705966
地域とのつながり,15202,新潟県,長岡市,地方の中心都市,2026,46.41216379303091,49.19019593439262
地域とのつながり,15204,新潟県,三条市,地方の中心都市,2023,38.670952023436115,49.87566037926714
地域とのつながり,15204,新潟県,三条市,地方の中心都市,2024,46.60565255009706,49.58242502876485
地域とのつながり,15204,新潟県,三条市,地方の中心都市,2025,44.389118658817495,50.379033718738135
地域とのつながり,15204,新潟県,三条市,地方の中心都市,2026,45.945883205737495,49.91838270717786
地域とのつながり,15205,新潟県,柏崎市,地方の中心都市,2023,51.31346336035653,49.94983735062732
地域とのつながり,15205,新潟県,柏崎市,地方の中心都市,2024,41.302763368648286,49.9714659548408
地域とのつながり,15205,新潟県,柏崎市,地方の中心都市,2025,42.37619270578025,48.68742965690593
地域とのつながり,15205,新潟県,柏崎市,地方の中心都市,2026,51.63679276350715,49.62594385124282
地域とのつながり,15206,新潟県,新発田市,地方の中心都市,2023,41.26388610097725,48.030744257615964
地域とのつながり,15206,新潟県,新発田市,地方の中心都市,2024,55.915464418071366,47.54440305910348
地域とのつながり,15206,新潟県,新発田市,地方の中心都市,2025,58.533149719754526,48.347006809250516
地域とのつながり,15206,新潟県,新発田市,地方の中心都市,2026,45.74144951194451,48.20576542269202
地域とのつながり,15208,新潟県,小千谷市,農山村の小都市,2024,66.40830684896477,51.106823095945195
地域とのつながり,15209,新潟県,加茂市,農山村の小都市,2024,52.69000057056565,49.88265055153508
地域とのつながり,15210,新潟県,十日町市,農山村の小都市,2024,75.36324494361408,53.833291904031256
地域とのつながり,15210,新潟県,十日町市,農山村の小都市,2026,54.14076932230407,54.38484080104952
地域とのつながり,15211,新潟県,見附市,地方の中心都市,2024,52.41695596920449,50.32206279048477
地域とのつながり,15212,新潟県,村上市,農山村の小都市,2023,54.18666075130969,49.366986383247095
地域とのつながり,15212,新潟県,村上市,農山村の小都市,2024,63.70098015965165,49.43759157927694
地域とのつながり,15212,新潟県,村上市,農山村の小都市,2025,64.93574849202408,48.83783268068564
地域とのつながり,15212,新潟県,村上市,農山村の小都市,2026,72.74035489599042,48.795075452332696
地域とのつながり,15213,新潟県,燕市,地方の中心都市,2023,47.15620760767044,47.16806438119729
地域とのつながり,15213,新潟県,燕市,地方の中心都市,2024,43.02929735179533,46.52926600730627
地域とのつながり,15213,新潟県,燕市,地方の中心都市,2025,51.479052950139994,46.93069212499136
地域とのつながり,15213,新潟県,燕市,地方の中心都市,2026,44.3447775151853,47.49393222567134
地域とのつながり,15216,新潟県,糸魚川市,農山村の小都市,2024,64.39899999620829,48.56945647259569
地域とのつながり,15217,新潟県,妙高市,農山村の小都市,2024,68.71718069021819,56.45983890738637
地域とのつながり,15218,新潟県,五泉市,農山村の小都市,2024,45.6381078013675,47.13673187016252
地域とのつながり,15218,新潟県,五泉市,農山村の小都市,2026,42.670424449323534,45.95912482692352
地域とのつながり,15222,新潟県,上越市,地方の中心都市,2023,58.292567489648675,52.65793052673536
地域とのつながり,15222,新潟県,上越市,地方の中心都市,2024,58.31707717784567,53.27771645424202
地域とのつながり,15222,新潟県,上越市,地方の中心都市,2025,63.84985568470147,52.22850781818175
地域とのつながり,15222,新潟県,上越市,地方の中心都市,2026,64.61230095214009,53.12536310809365
地域とのつながり,15223,新潟県,阿賀野市,農山村の小都市,2024,43.8854027153142,48.93954889505068
地域とのつながり,15224,新潟県,佐渡市,農山村の小都市,2024,53.07104823072836,51.31563571057698
地域とのつながり,15224,新潟県,佐渡市,農山村の小都市,2025,51.55870552166861,51.74425774711487
地域とのつながり,15224,新潟県,佐渡市,農山村の小都市,2026,53.50875811956896,50.9790317788267
地域とのつながり,15225,新潟県,魚沼市,農山村の小都市,2024,62.13731293627798,52.14217857407131
地域とのつながり,15226,新潟県,南魚沼市,農山村の小都市,2024,62.40347323230202,52.27457717742583
地域とのつながり,15226,新潟県,南魚沼市,農山村の小都市,2025,69.71324706536507,50.88384570235887
地域とのつながり,15226,新潟県,南魚沼市,農山村の小都市,2026,68.76980692038066,51.8256126565386
地域とのつながり,15342,新潟県,弥彦村,農山村の小都市,2023,49.83220846999008,48.45524099597186
地域とのつながり,15385,新潟県,阿賀町,農山村の小都市,2023,59.866502150488195,43.914468540478275
地域とのつながり,16201,富山県,富山市,地方の中心都市,2023,48.12360472321658,51.34632304641207
地域とのつながり,16201,富山県,富山市,地方の中心都市,2024,39.28376179328327,51.699869640831686
地域とのつながり,16201,富山県,富山市,地方の中心都市,2025,56.67871194364472,51.82066601245064
地域とのつながり,16201,富山県,富山市,地方の中心都市,2026,47.52621055291377,51.91018044569179
地域とのつながり,16202,富山県,高岡市,地方の中心都市,2023,42.83885449585108,49.64029092807374
地域とのつながり,16202,富山県,高岡市,地方の中心都市,2024,41.9588065798618,50.150082978120686
地域とのつながり,16202,富山県,高岡市,地方の中心都市,2025,36.093695817076636,50.47393395114371
地域とのつながり,16202,富山県,高岡市,地方の中心都市,2026,50.800711631346886,50.947441876024435
地域とのつながり,16205,富山県,氷見市,農山村の小都市,2024,59.179702817497244,55.398090555236074
地域とのつながり,16205,富山県,氷見市,農山村の小都市,2026,73.40623143898978,55.73568223462938
地域とのつながり,16207,富山県,黒部市,地方の中心都市,2024,45.19621906179332,50.06988894064054
地域とのつながり,16208,富山県,砺波市,地方の中心都市,2024,61.51806182957771,51.97880159125527
地域とのつながり,16208,富山県,砺波市,地方の中心都市,2025,62.00788920052763,51.81348693884004
地域とのつながり,16208,富山県,砺波市,地方の中心都市,2026,65.57597585922339,51.940812539799396
地域とのつながり,16210,富山県,南砺市,農山村の小都市,2024,62.43518273210212,56.655615781674456
地域とのつながり,16210,富山県,南砺市,農山村の小都市,2026,60.627517300607295,56.14760827661151
地域とのつながり,16211,富山県,射水市,地方の中心都市,2023,56.33636597017122,51.0084206360105
地域とのつながり,16211,富山県,射水市,地方の中心都市,2024,63.002201418340405,51.41650087716653
地域とのつながり,16211,富山県,射水市,地方の中心都市,2025,53.788453670394155,51.51477479448416
地域とのつながり,16211,富山県,射水市,地方の中心都市,2026,48.89609969459535,51.942005226959694
地域とのつながり,16323,富山県,立山町,農山村の小都市,2023,44.58212874720375,49.720773222454454
地域とのつながり,16343,富山県,朝日町,農山村の小都市,2023,60.96081325242453,48.3715468022364
地域とのつながり,16343,富山県,朝日町,農山村の小都市,2024,62.08679842649737,47.570232691354185
地域とのつながり,17201,石川県,金沢市,都市部,2023,59.37710856476822,52.22617577736938
地域とのつながり,17201,石川県,金沢市,都市部,2024,57.54723513702561,51.940668712337285
地域とのつながり,17201,石川県,金沢市,都市部,2025,44.72717405062278,52.524970743655956
地域とのつながり,17201,石川県,金沢市,都市部,2026,58.455700956087824,52.31263780884192
地域とのつながり,17202,石川県,七尾市,農山村の小都市,2024,46.11947570485028,52.618650255815794
地域とのつながり,17202,石川県,七尾市,農山村の小都市,2025,60.64578359327559,52.41950685055842
地域とのつながり,17202,石川県,七尾市,農山村の小都市,2026,57.4180065070315,52.20378784993338
地域とのつながり,17203,石川県,小松市,地方の中心都市,2023,60.12260023544468,52.68356651920606
地域とのつながり,17203,石川県,小松市,地方の中心都市,2024,54.16514249478431,51.912877427006585
地域とのつながり,17203,石川県,小松市,地方の中心都市,2025,60.040986936930764,52.54428763409557
地域とのつながり,17203,石川県,小松市,地方の中心都市,2026,44.659336267656016,53.160769371761845
地域とのつながり,17205,石川県,珠洲市,農山村の小都市,2023,97.93737326552977,56.569352273428095
地域とのつながり,17206,石川県,加賀市,地方の中心都市,2023,54.50229380455674,48.26392708455333
地域とのつながり,17206,石川県,加賀市,地方の中心都市,2024,44.29901387473074,48.26748771264435
地域とのつながり,17206,石川県,加賀市,地方の中心都市,2025,43.24279280794117,49.48364772173733
地域とのつながり,17206,石川県,加賀市,地方の中心都市,2026,50.95609851600053,48.84588813738147
地域とのつながり,17210,石川県,白山市,地方の中心都市,2023,52.096331671161984,54.63171971259653
地域とのつながり,17210,石川県,白山市,地方の中心都市,2024,62.87473323341614,54.79497639490531
地域とのつながり,17210,石川県,白山市,地方の中心都市,2025,67.48427947376203,54.21214261213208
地域とのつながり,17210,石川県,白山市,地方の中心都市,2026,62.760889785944904,54.779737632024194
地域とのつながり,17211,石川県,能美市,地方の中心都市,2023,57.438647382604884,51.41165660368931
地域とのつながり,17211,石川県,能美市,地方の中心都市,2024,60.75086540156052,50.57036700119577
地域とのつながり,17211,石川県,能美市,地方の中心都市,2026,59.44422533024775,51.354722740591406
地域とのつながり,17212,石川県,野々市市,都市部,2023,50.18868918555277,47.02006532350072
地域とのつながり,17212,石川県,野々市市,都市部,2024,53.05481068922019,46.843786544965795
地域とのつながり,17212,石川県,野々市市,都市部,2025,54.143807455297996,48.19221691707876
地域とのつながり,17212,石川県,野々市市,都市部,2026,51.69225898802713,47.41331515294215
地域とのつながり,17361,石川県,津幡町,地方の中心都市,2024,52.663406721083966,52.869067518236214
地域とのつながり,18201,福井県,福井市,地方の中心都市,2023,55.01462036719701,53.1448914427989
地域とのつながり,18201,福井県,福井市,地方の中心都市,2024,61.41841029783848,53.2395884487457
地域とのつながり,18201,福井県,福井市,地方の中心都市,2025,64.02927382232352,53.161498513593735
地域とのつながり,18201,福井県,福井市,地方の中心都市,2026,61.02118303771165,53.57543774754649
地域とのつながり,18202,福井県,敦賀市,地方の中心都市,2024,50.64866453833022,53.67422010605714
地域とのつながり,18202,福井県,敦賀市,地方の中心都市,2025,46.42795136586663,53.26876491925912
地域とのつながり,18202,福井県,敦賀市,地方の中心都市,2026,46.76420111545018,52.82905007021935
地域とのつながり,18207,福井県,鯖江市,地方の中心都市,2023,45.21286622312761,54.007825257852126
地域とのつながり,18207,福井県,鯖江市,地方の中心都市,2024,55.132021328892364,54.43398191770079
地域とのつながり,18207,福井県,鯖江市,地方の中心都市,2025,49.4943492151954,54.43158586224941
地域とのつながり,18207,福井県,鯖江市,地方の中心都市,2026,54.01501817546164,54.63927918564622
地域とのつながり,18209,福井県,越前市,地方の中心都市,2023,61.53471197454961,54.82431803885396
地域とのつながり,18209,福井県,越前市,地方の中心都市,2024,58.801326289249516,55.27357844057262
地域とのつながり,18209,福井県,越前市,地方の中心都市,2025,63.45706164874549,55.28308949474744
地域とのつながり,18209,福井県,越前市,地方の中心都市,2026,64.57893478361376,55.47899942098571
地域とのつながり,18210,福井県,坂井市,地方の中心都市,2024,61.6756487525321,53.235613199247084
地域とのつながり,18210,福井県,坂井市,地方の中心都市,2025,67.17234042517379,53.47688840646642
地域とのつながり,18210,福井県,坂井市,地方の中心都市,2026,55.3472619875197,52.651803189264065
地域とのつながり,19201,山梨県,甲府市,地方の中心都市,2023,52.35989176921825,52.579431562225885
地域とのつながり,19201,山梨県,甲府市,地方の中心都市,2024,59.59021346673204,52.57287358664624
地域とのつながり,19201,山梨県,甲府市,地方の中心都市,2025,55.99206885524806,52.94904231345741
地域とのつながり,19201,山梨県,甲府市,地方の中心都市,2026,49.37300418863566,52.764738909924546
地域とのつながり,19202,山梨県,富士吉田市,地方の中心都市,2024,52.7642100717429,54.194070730223785
地域とのつながり,19202,山梨県,富士吉田市,地方の中心都市,2026,54.72143385412729,54.04726152248952
地域とのつながり,19208,山梨県,南アルプス市,地方の中心都市,2024,55.943766650096805,54.84531435584155
地域とのつながり,19208,山梨県,南アルプス市,地方の中心都市,2025,63.18500616426743,55.448839510584264
地域とのつながり,19208,山梨県,南アルプス市,地方の中心都市,2026,49.256164803458354,55.24805897875333
地域とのつながり,19209,山梨県,北杜市,農山村の小都市,2024,62.19276402249013,55.24288995392904
地域とのつながり,19209,山梨県,北杜市,農山村の小都市,2026,48.84870901705942,56.028551588467145
地域とのつながり,19210,山梨県,甲斐市,地方の中心都市,2023,44.81405566386958,52.301961005267515
地域とのつながり,19210,山梨県,甲斐市,地方の中心都市,2024,50.61663001255958,52.08565827250056
地域とのつながり,19210,山梨県,甲斐市,地方の中心都市,2025,49.96314003497516,52.25327398720375
地域とのつながり,19210,山梨県,甲斐市,地方の中心都市,2026,70.29187775843106,52.52937893806245
地域とのつながり,19211,山梨県,笛吹市,農山村の小都市,2023,55.7604975109509,53.26884898101687
地域とのつながり,19211,山梨県,笛吹市,農山村の小都市,2024,47.41157216874517,54.40795337198313
地域とのつながり,19211,山梨県,笛吹市,農山村の小都市,2025,47.021889263335815,53.16374575023053
地域とのつながり,19211,山梨県,笛吹市,農山村の小都市,2026,31.799938479390836,53.473050591861735
地域とのつながり,20201,長野県,長野市,地方の中心都市,2023,48.72677999672494,53.51928961923892
地域とのつながり,20201,長野県,長野市,地方の中心都市,2024,41.04631170449552,53.57863715514576
地域とのつながり,20201,長野県,長野市,地方の中心都市,2025,46.59993722219985,53.605633495455436
地域とのつながり,20201,長野県,長野市,地方の中心都市,2026,49.57847064120164,53.67653108276511
地域とのつながり,20202,長野県,松本市,地方の中心都市,2023,61.25471824880741,51.76462306718081
地域とのつながり,20202,長野県,松本市,地方の中心都市,2024,66.24007819850091,51.76625475082275
地域とのつながり,20202,長野県,松本市,地方の中心都市,2025,39.029942186055095,51.628733937654914
地域とのつながり,20202,長野県,松本市,地方の中心都市,2026,62.60093513693129,51.50140076863376
地域とのつながり,20203,長野県,上田市,地方の中心都市,2023,51.32948150786729,52.73181636825657
地域とのつながり,20203,長野県,上田市,地方の中心都市,2024,45.50326344846986,52.278504535949686
地域とのつながり,20203,長野県,上田市,地方の中心都市,2025,50.228026558861295,53.094464394579745
地域とのつながり,20203,長野県,上田市,地方の中心都市,2026,45.41831102452164,52.75229420034492
地域とのつながり,20204,長野県,岡谷市,地方の中心都市,2024,56.78721957083688,50.71959550234134
地域とのつながり,20204,長野県,岡谷市,地方の中心都市,2026,64.0847897762944,51.66669740703477
地域とのつながり,20205,長野県,飯田市,農山村の小都市,2024,51.74082532305193,56.25823646215275
地域とのつながり,20205,長野県,飯田市,農山村の小都市,2025,51.92003422345858,56.595481208286905
地域とのつながり,20205,長野県,飯田市,農山村の小都市,2026,58.08401339019518,56.449161820186916
地域とのつながり,20206,長野県,諏訪市,地方の中心都市,2024,50.431061755521,51.20543373067101
地域とのつながり,20206,長野県,諏訪市,地方の中心都市,2026,60.74836063080454,50.655909083528464
地域とのつながり,20207,長野県,須坂市,農山村の小都市,2024,51.939074363739955,54.390540944335804
地域とのつながり,20207,長野県,須坂市,農山村の小都市,2026,50.590648634574215,54.346224232108774
地域とのつながり,20208,長野県,小諸市,地方の中心都市,2024,57.59345186211516,48.448791361172944
地域とのつながり,20209,長野県,伊那市,農山村の小都市,2024,52.64315055192497,55.55856977537714
地域とのつながり,20209,長野県,伊那市,農山村の小都市,2025,56.00192494737797,54.84208718457375
地域とのつながり,20209,長野県,伊那市,農山村の小都市,2026,55.073669799622294,54.22451132199694
地域とのつながり,20211,長野県,中野市,農山村の小都市,2024,54.18518691671746,51.25823223375056
地域とのつながり,20214,長野県,茅野市,地方の中心都市,2023,54.149808519235236,51.35730221873456
地域とのつながり,20214,長野県,茅野市,地方の中心都市,2024,53.59667269217283,51.33373991836976
地域とのつながり,20214,長野県,茅野市,地方の中心都市,2025,49.27643544576721,51.17668964134781
地域とのつながり,20214,長野県,茅野市,地方の中心都市,2026,63.78255925044169,51.848451826437646
地域とのつながり,20215,長野県,塩尻市,地方の中心都市,2023,45.46453584002062,54.0283171018043
地域とのつながり,20215,長野県,塩尻市,地方の中心都市,2024,56.02076646818424,53.45415027358631
地域とのつながり,20215,長野県,塩尻市,地方の中心都市,2025,52.31133639773451,53.81869258326979
地域とのつながり,20215,長野県,塩尻市,地方の中心都市,2026,59.107504782321655,53.550719457770384
地域とのつながり,20217,長野県,佐久市,地方の中心都市,2023,65.84365322073506,52.08337549287598
地域とのつながり,20217,長野県,佐久市,地方の中心都市,2024,55.999466010454185,51.348390193759414
地域とのつながり,20217,長野県,佐久市,地方の中心都市,2025,45.30450097574756,50.85178605455387
地域とのつながり,20217,長野県,佐久市,地方の中心都市,2026,60.49928898363844,52.12656646415881
地域とのつながり,20218,長野県,千曲市,地方の中心都市,2023,56.6129329650461,51.61874082931887
地域とのつながり,20218,長野県,千曲市,地方の中心都市,2024,73.38243189836243,51.10249505656198
地域とのつながり,20218,長野県,千曲市,地方の中心都市,2025,57.99201696904306,52.3831825728561
地域とのつながり,20218,長野県,千曲市,地方の中心都市,2026,56.71214458853713,52.11933488156696
地域とのつながり,20220,長野県,安曇野市,地方の中心都市,2023,57.25579249080242,51.856154854335394
地域とのつながり,20220,長野県,安曇野市,地方の中心都市,2024,59.07080691860555,52.29832771818732
地域とのつながり,20220,長野県,安曇野市,地方の中心都市,2025,60.0593571694959,52.451900457372375
地域とのつながり,20220,長野県,安曇野市,地方の中心都市,2026,56.28492077776609,52.50987458330302
地域とのつながり,21201,岐阜県,岐阜市,都市部,2023,61.240255719187935,51.22992682765355
地域とのつながり,21201,岐阜県,岐阜市,都市部,2024,42.9974868582605,50.965909027658164
地域とのつながり,21201,岐阜県,岐阜市,都市部,2025,43.2173247293625,51.28394962007721
地域とのつながり,21201,岐阜県,岐阜市,都市部,2026,49.9708311193612,51.40403472108414
地域とのつながり,21202,岐阜県,大垣市,地方の中心都市,2023,42.23578037002585,52.48848645851825
地域とのつながり,21202,岐阜県,大垣市,地方の中心都市,2024,58.956879626914265,52.50688392605243
地域とのつながり,21202,岐阜県,大垣市,地方の中心都市,2025,46.523871511164415,52.28028916838561
地域とのつながり,21202,岐阜県,大垣市,地方の中心都市,2026,63.202437418759466,52.84397895479174
地域とのつながり,21203,岐阜県,高山市,農山村の小都市,2023,61.49001160752107,54.83621587582978
地域とのつながり,21203,岐阜県,高山市,農山村の小都市,2024,69.00581233285179,54.191756510737854
地域とのつながり,21203,岐阜県,高山市,農山村の小都市,2025,64.4566186703852,55.053801190763096
地域とのつながり,21203,岐阜県,高山市,農山村の小都市,2026,63.66193938858337,55.66083580838319
地域とのつながり,21204,岐阜県,多治見市,地方の中心都市,2024,47.35627196269617,52.40452124640616
地域とのつながり,21204,岐阜県,多治見市,地方の中心都市,2025,43.10423822398217,52.35417469873663
地域とのつながり,21204,岐阜県,多治見市,地方の中心都市,2026,46.9884148528152,52.43515896323575
地域とのつながり,21205,岐阜県,関市,地方の中心都市,2023,47.48696300123696,53.84892484121427
地域とのつながり,21205,岐阜県,関市,地方の中心都市,2024,51.23660159973919,53.719494289450054
地域とのつながり,21205,岐阜県,関市,地方の中心都市,2025,65.79273337847137,53.21306182707096
地域とのつながり,21205,岐阜県,関市,地方の中心都市,2026,56.97176165708274,53.44048195391522
地域とのつながり,21206,岐阜県,中津川市,地方の中心都市,2024,48.945772240230056,50.39755141452587
地域とのつながり,21206,岐阜県,中津川市,地方の中心都市,2025,55.57072783247046,50.8717752696828
地域とのつながり,21206,岐阜県,中津川市,地方の中心都市,2026,57.01828031095851,51.65411906721734
地域とのつながり,21207,岐阜県,美濃市,農山村の小都市,2023,66.34349110931734,58.5821479273904
地域とのつながり,21208,岐阜県,瑞浪市,地方の中心都市,2024,45.143974392352796,49.00466326224477
地域とのつながり,21209,岐阜県,羽島市,都市部,2023,24.362815919409826,49.07224172962686
地域とのつながり,21209,岐阜県,羽島市,都市部,2024,46.13269777512229,49.49934471450261
地域とのつながり,21209,岐阜県,羽島市,都市部,2025,34.929201416174095,49.98140865109333
地域とのつながり,21209,岐阜県,羽島市,都市部,2026,33.72579108143804,49.229896231811914
地域とのつながり,21210,岐阜県,恵那市,農山村の小都市,2024,61.325717254238945,53.65271118863855
地域とのつながり,21210,岐阜県,恵那市,農山村の小都市,2026,55.12722907039473,55.221012538316785
地域とのつながり,21211,岐阜県,美濃加茂市,地方の中心都市,2024,49.887705293254186,53.199791760345
地域とのつながり,21211,岐阜県,美濃加茂市,地方の中心都市,2025,40.991383777908844,53.55353340011182
地域とのつながり,21211,岐阜県,美濃加茂市,地方の中心都市,2026,43.73293452938721,53.136189291529966
地域とのつながり,21212,岐阜県,土岐市,地方の中心都市,2024,51.28641567763355,50.679999996707544
地域とのつながり,21212,岐阜県,土岐市,地方の中心都市,2025,50.606381405767216,49.72164616631354
地域とのつながり,21212,岐阜県,土岐市,地方の中心都市,2026,49.070536082572204,51.52357504096795
地域とのつながり,21213,岐阜県,各務原市,都市部,2023,47.28137632495707,50.753543942270085
地域とのつながり,21213,岐阜県,各務原市,都市部,2024,46.98410836482279,50.74890592813708
地域とのつながり,21213,岐阜県,各務原市,都市部,2025,61.282864699789876,50.73129802444018
地域とのつながり,21213,岐阜県,各務原市,都市部,2026,61.972279329697386,50.455185310092034
地域とのつながり,21214,岐阜県,可児市,都市部,2023,51.245397064107706,53.222270393817844
地域とのつながり,21214,岐阜県,可児市,都市部,2024,64.21199253723151,53.332260648308285
地域とのつながり,21214,岐阜県,可児市,都市部,2025,62.12698393146863,53.44340578780101
地域とのつながり,21214,岐阜県,可児市,都市部,2026,55.44863190741597,54.116160525089356
地域とのつながり,21216,岐阜県,瑞穂市,都市部,2024,37.93790417956474,50.98683327305522
地域とのつながり,21216,岐阜県,瑞穂市,都市部,2025,44.37956479542985,51.840638118160456
地域とのつながり,21216,岐阜県,瑞穂市,都市部,2026,30.330725909620075,52.23014879066027
地域とのつながり,21218,岐阜県,本巣市,農山村の小都市,2024,47.682326097839265,53.6367023264979
地域とのつながり,21219,岐阜県,郡上市,農山村の小都市,2024,67.13062741490215,56.96289915361032
地域とのつながり,21220,岐阜県,下呂市,農山村の小都市,2023,62.51973246364941,54.17642478779144
地域とのつながり,21341,岐阜県,養老町,地方の中心都市,2023,41.73869167673115,48.97607943768383
地域とのつながり,21341,岐阜県,養老町,地方の中心都市,2024,31.8174847589925,48.266829024710134
地域とのつながり,22100,静岡県,静岡市,地方の中心都市,2023,54.4593695376007,51.498453481913884
地域とのつながり,22100,静岡県,静岡市,地方の中心都市,2024,55.285799241412775,51.62852215318041
地域とのつながり,22100,静岡県,静岡市,地方の中心都市,2025,51.94576649294592,51.96872629164589
地域とのつながり,22100,静岡県,静岡市,地方の中心都市,2026,52.71005146808518,52.06563326620302
地域とのつながり,22130,静岡県,浜松市,地方の中心都市,2023,56.88849864387568,52.15553650061
地域とのつながり,22130,静岡県,浜松市,地方の中心都市,2024,53.07001280099429,53.35232933934774
地域とのつながり,22130,静岡県,浜松市,地方の中心都市,2025,51.222869026347475,51.976619790536596
地域とのつながり,22130,静岡県,浜松市,地方の中心都市,2026,51.51096927169544,52.37227229818912
地域とのつながり,22203,静岡県,沼津市,地方の中心都市,2023,52.01125203115688,49.31214207636229
地域とのつながり,22203,静岡県,沼津市,地方の中心都市,2024,38.3088822092199,49.12105387373976
地域とのつながり,22203,静岡県,沼津市,地方の中心都市,2025,42.2594434909659,49.41681768595948
地域とのつながり,22203,静岡県,沼津市,地方の中心都市,2026,54.18823970091134,49.841054571136624
地域とのつながり,22205,静岡県,熱海市,地方の中心都市,2023,47.97785812130091,39.81586041237438
地域とのつながり,22205,静岡県,熱海市,地方の中心都市,2024,45.22047772281487,38.308455221466275
地域とのつながり,22206,静岡県,三島市,都市部,2023,62.594412947095876,51.48028318797261
地域とのつながり,22206,静岡県,三島市,都市部,2024,57.19128073829038,51.600073248239774
地域とのつながり,22206,静岡県,三島市,都市部,2025,53.935600301380894,51.04210219557801
地域とのつながり,22206,静岡県,三島市,都市部,2026,62.40422667263431,51.32658941969883
地域とのつながり,22207,静岡県,富士宮市,地方の中心都市,2023,54.203136856196345,50.99999048889979
地域とのつながり,22207,静岡県,富士宮市,地方の中心都市,2024,59.072972959966734,51.42310543438277
地域とのつながり,22207,静岡県,富士宮市,地方の中心都市,2025,50.610157509416815,51.6948096093647
地域とのつながり,22207,静岡県,富士宮市,地方の中心都市,2026,70.76324355862442,51.25833534475518
地域とのつながり,22208,静岡県,伊東市,地方の中心都市,2024,42.74114921617231,46.55004908474832
地域とのつながり,22208,静岡県,伊東市,地方の中心都市,2025,34.41291584663765,47.3808525563069
地域とのつながり,22208,静岡県,伊東市,地方の中心都市,2026,41.641997384506645,47.396522693916616
地域とのつながり,22209,静岡県,島田市,地方の中心都市,2024,55.504392552204386,51.46179678585855
地域とのつながり,22209,静岡県,島田市,地方の中心都市,2025,60.3538891001201,51.41757165772419
地域とのつながり,22209,静岡県,島田市,地方の中心都市,2026,54.27307670861927,51.87493528971008
地域とのつながり,22210,静岡県,富士市,都市部,2023,43.714103307791724,52.48427280054006
地域とのつながり,22210,静岡県,富士市,都市部,2024,54.69018547206364,52.30802145212934
地域とのつながり,22210,静岡県,富士市,都市部,2025,40.86583623114529,53.271269194299734
地域とのつながり,22210,静岡県,富士市,都市部,2026,47.058367564784994,52.63963786418256
地域とのつながり,22211,静岡県,磐田市,都市部,2023,62.495606267642096,50.4514667998267
地域とのつながり,22211,静岡県,磐田市,都市部,2024,56.13308312035842,50.26349692856263
地域とのつながり,22211,静岡県,磐田市,都市部,2025,60.71817746451708,50.64924644842075
地域とのつながり,22211,静岡県,磐田市,都市部,2026,53.28761558627358,50.28353098438727
地域とのつながり,22212,静岡県,焼津市,都市部,2023,54.12957092065357,47.82943878387808
地域とのつながり,22212,静岡県,焼津市,都市部,2024,55.121532465278754,48.25826322445702
地域とのつながり,22212,静岡県,焼津市,都市部,2025,51.9750516980161,48.44539792536058
地域とのつながり,22212,静岡県,焼津市,都市部,2026,47.45404813419689,48.33731705402739
地域とのつながり,22213,静岡県,掛川市,地方の中心都市,2023,61.79197230359685,51.82106815048689
地域とのつながり,22213,静岡県,掛川市,地方の中心都市,2024,59.117232218897676,51.980114484660064
地域とのつながり,22213,静岡県,掛川市,地方の中心都市,2025,43.05511348140607,52.068443194744034
地域とのつながり,22213,静岡県,掛川市,地方の中心都市,2026,65.61578018064174,52.778034032092634
地域とのつながり,22214,静岡県,藤枝市,地方の中心都市,2023,61.18414607745813,52.37698767048354
地域とのつながり,22214,静岡県,藤枝市,地方の中心都市,2024,54.77694183146954,52.20389992303113
地域とのつながり,22214,静岡県,藤枝市,地方の中心都市,2025,56.729631937373135,52.28673226184614
地域とのつながり,22214,静岡県,藤枝市,地方の中心都市,2026,60.67042687785324,52.720097577329206
地域とのつながり,22215,静岡県,御殿場市,地方の中心都市,2023,54.65123885117875,48.65871328027878
地域とのつながり,22215,静岡県,御殿場市,地方の中心都市,2024,57.242612930050925,49.31193781563998
地域とのつながり,22215,静岡県,御殿場市,地方の中心都市,2025,60.670555305229215,49.73419947209679
地域とのつながり,22215,静岡県,御殿場市,地方の中心都市,2026,48.57871366801263,49.23224186273752
地域とのつながり,22216,静岡県,袋井市,都市部,2023,47.7975987925401,50.58896701523307
地域とのつながり,22216,静岡県,袋井市,都市部,2024,59.92167408567812,50.17772626154522
地域とのつながり,22216,静岡県,袋井市,都市部,2025,54.980024694929234,50.543758607992615
地域とのつながり,22216,静岡県,袋井市,都市部,2026,63.883645275252064,50.24591612452382
地域とのつながり,22220,静岡県,裾野市,地方の中心都市,2024,63.98891810673062,52.649993200448264
地域とのつながり,22220,静岡県,裾野市,地方の中心都市,2025,57.135831196035724,53.10398027358638
地域とのつながり,22220,静岡県,裾野市,地方の中心都市,2026,48.189217143783765,52.88824136005565
地域とのつながり,22221,静岡県,湖西市,地方の中心都市,2024,55.19824778316554,48.85127476902064
地域とのつながり,22221,静岡県,湖西市,地方の中心都市,2025,55.73378800379772,48.27838977331923
地域とのつながり,22221,静岡県,湖西市,地方の中心都市,2026,65.06994047507011,48.49197618957694
地域とのつながり,22223,静岡県,御前崎市,地方の中心都市,2023,47.36450448448285,49.57440862844861
地域とのつながり,22224,静岡県,菊川市,地方の中心都市,2024,55.77308634591885,52.2498321979801
地域とのつながり,22224,静岡県,菊川市,地方の中心都市,2026,70.60649930164325,53.06208744598418
地域とのつながり,22225,静岡県,伊豆の国市,地方の中心都市,2024,51.05642639032765,49.361072298999744
地域とのつながり,22225,静岡県,伊豆の国市,地方の中心都市,2026,48.809381732699784,49.26520470623202
地域とのつながり,22226,静岡県,牧之原市,農山村の小都市,2024,53.91296545625234,49.51689942884869
地域とのつながり,22325,静岡県,函南町,地方の中心都市,2023,49.23009864152273,51.590712874285096
地域とのつながり,22325,静岡県,函南町,地方の中心都市,2024,39.730943943984116,51.94454763462946
地域とのつながり,22342,静岡県,長泉町,都市部,2024,62.716332697246834,53.05331361906567
地域とのつながり,23100,愛知県,名古屋市,都市部,2023,43.813430831372195,48.064437398877594
地域とのつながり,23100,愛知県,名古屋市,都市部,2024,45.637199541044204,48.24023374258224
地域とのつながり,23100,愛知県,名古屋市,都市部,2025,49.94345126418879,48.366921933891525
地域とのつながり,23100,愛知県,名古屋市,都市部,2026,46.032625824545924,48.49784112182837
地域とのつながり,23201,愛知県,豊橋市,都市部,2023,46.70258898708505,48.1538939539849
地域とのつながり,23201,愛知県,豊橋市,都市部,2024,55.779098776050304,48.5390489430875
地域とのつながり,23201,愛知県,豊橋市,都市部,2025,49.28833578702147,48.41695629729601
地域とのつながり,23201,愛知県,豊橋市,都市部,2026,45.005703580998876,48.37761557966171
地域とのつながり,23202,愛知県,岡崎市,都市部,2023,56.1123410692481,54.062023456705184
地域とのつながり,23202,愛知県,岡崎市,都市部,2024,60.0364848325755,53.827630706154146
地域とのつながり,23202,愛知県,岡崎市,都市部,2025,55.950437546787256,54.186696504676135
地域とのつながり,23202,愛知県,岡崎市,都市部,2026,51.46112313365365,53.72398002785978
地域とのつながり,23203,愛知県,一宮市,都市部,2023,45.4318818220832,49.432929015544545
地域とのつながり,23203,愛知県,一宮市,都市部,2024,34.938903502227134,49.2303531653215
地域とのつながり,23203,愛知県,一宮市,都市部,2025,38.17233191150591,49.60162019222813
地域とのつながり,23203,愛知県,一宮市,都市部,2026,38.86403633011772,49.284827505466964
地域とのつながり,23204,愛知県,瀬戸市,地方の中心都市,2024,47.86755120720502,50.87706132223845
地域とのつながり,23204,愛知県,瀬戸市,地方の中心都市,2025,39.1694875240941,51.39819502682358
地域とのつながり,23204,愛知県,瀬戸市,地方の中心都市,2026,36.501484807564154,50.832360760615536
地域とのつながり,23205,愛知県,半田市,都市部,2023,50.08034312774801,47.600264814853205
地域とのつながり,23205,愛知県,半田市,都市部,2024,31.53356985109646,48.28440543318524
地域とのつながり,23205,愛知県,半田市,都市部,2025,51.71849094728356,47.90348230519222
地域とのつながり,23205,愛知県,半田市,都市部,2026,49.08947612890574,47.914490243297216
地域とのつながり,23206,愛知県,春日井市,都市部,2024,35.66464009659654,49.52076255384607
地域とのつながり,23206,愛知県,春日井市,都市部,2025,36.134264392743276,50.01706825333961
地域とのつながり,23206,愛知県,春日井市,都市部,2026,41.44664334548929,50.46487812734833
地域とのつながり,23207,愛知県,豊川市,都市部,2023,40.638896222399346,51.10689878788714
地域とのつながり,23207,愛知県,豊川市,都市部,2024,49.74633728118383,50.898365107155364
地域とのつながり,23207,愛知県,豊川市,都市部,2025,55.64178777914803,51.03810044014703
地域とのつながり,23207,愛知県,豊川市,都市部,2026,45.53624443802888,51.225708580382666
地域とのつながり,23208,愛知県,津島市,都市部,2023,42.57022128232899,47.21113341071456
地域とのつながり,23208,愛知県,津島市,都市部,2024,32.35567455451273,46.32591575584802
地域とのつながり,23208,愛知県,津島市,都市部,2025,38.449042437602195,46.44749998214026
地域とのつながり,23208,愛知県,津島市,都市部,2026,32.973094848188936,46.545736660417965
地域とのつながり,23209,愛知県,碧南市,都市部,2024,57.78047357422494,46.427854074728145
地域とのつながり,23209,愛知県,碧南市,都市部,2025,47.46868830192037,45.75302367344872
地域とのつながり,23209,愛知県,碧南市,都市部,2026,50.31040608072577,46.45004470600972
地域とのつながり,23210,愛知県,刈谷市,都市部,2023,42.01103633152728,47.60773565297031
地域とのつながり,23210,愛知県,刈谷市,都市部,2024,46.74749547873498,48.21112345528962
地域とのつながり,23210,愛知県,刈谷市,都市部,2025,52.162558821949816,48.076732978043545
地域とのつながり,23210,愛知県,刈谷市,都市部,2026,56.26349200446817,48.086886718138814
地域とのつながり,23211,愛知県,豊田市,都市部,2023,51.149610806187525,51.14731762990499
地域とのつながり,23211,愛知県,豊田市,都市部,2024,47.41262153989946,50.8737009809622
地域とのつながり,23211,愛知県,豊田市,都市部,2025,63.94821667489081,50.839837877883795
地域とのつながり,23211,愛知県,豊田市,都市部,2026,54.25290688673273,50.706083367824405
地域とのつながり,23212,愛知県,安城市,都市部,2023,53.83468785845901,49.49819865306036
地域とのつながり,23212,愛知県,安城市,都市部,2024,52.72149837234679,49.39062654601477
地域とのつながり,23212,愛知県,安城市,都市部,2025,54.13306976505132,49.31021889226385
地域とのつながり,23212,愛知県,安城市,都市部,2026,52.445838604954716,49.423661965544156
地域とのつながり,23213,愛知県,西尾市,都市部,2023,63.860825679433546,50.33486354018022
地域とのつながり,23213,愛知県,西尾市,都市部,2024,45.40483368306582,50.384846887878545
地域とのつながり,23213,愛知県,西尾市,都市部,2025,52.88383859969356,50.1307029288517
地域とのつながり,23213,愛知県,西尾市,都市部,2026,49.899634066579445,49.86562257364862
地域とのつながり,23214,愛知県,蒲郡市,地方の中心都市,2023,44.15867398698985,46.53829051787236
地域とのつながり,23214,愛知県,蒲郡市,地方の中心都市,2024,49.23746222574918,45.90458998548864
地域とのつながり,23214,愛知県,蒲郡市,地方の中心都市,2025,52.96476494287833,45.85840639686279
地域とのつながり,23214,愛知県,蒲郡市,地方の中心都市,2026,44.213169330729265,46.092750644670154
地域とのつながり,23215,愛知県,犬山市,地方の中心都市,2023,48.9052351733488,50.368138591897136
地域とのつながり,23215,愛知県,犬山市,地方の中心都市,2024,53.42030903834266,50.33896314921552
地域とのつながり,23215,愛知県,犬山市,地方の中心都市,2025,56.86710815060533,50.096368565685445
地域とのつながり,23215,愛知県,犬山市,地方の中心都市,2026,62.93454188307033,50.445060027559784
地域とのつながり,23216,愛知県,常滑市,都市部,2023,41.00556454040681,44.84448165333908
地域とのつながり,23216,愛知県,常滑市,都市部,2024,47.69141241944552,44.883268501446004
地域とのつながり,23216,愛知県,常滑市,都市部,2025,40.76827640196642,44.2257966746008
地域とのつながり,23216,愛知県,常滑市,都市部,2026,31.865933029908692,44.48729470140029
地域とのつながり,23217,愛知県,江南市,都市部,2023,46.39719135163896,48.7234967951397
地域とのつながり,23217,愛知県,江南市,都市部,2024,35.44419651610527,48.41017610042376
地域とのつながり,23217,愛知県,江南市,都市部,2025,35.588340739503714,48.446850124191926
地域とのつながり,23217,愛知県,江南市,都市部,2026,51.19882340407234,48.39615913375148
地域とのつながり,23219,愛知県,小牧市,都市部,2023,42.9748664586459,48.226767612945196
地域とのつながり,23219,愛知県,小牧市,都市部,2024,33.119981791501175,48.69859585951553
地域とのつながり,23219,愛知県,小牧市,都市部,2025,41.61840595683313,48.61986647014277
地域とのつながり,23219,愛知県,小牧市,都市部,2026,40.99527158866131,48.18346599078109
地域とのつながり,23220,愛知県,稲沢市,都市部,2023,36.38664494830634,49.23627706691234
地域とのつながり,23220,愛知県,稲沢市,都市部,2024,49.421737763996326,49.093637529130376
地域とのつながり,23220,愛知県,稲沢市,都市部,2025,38.37228381430718,49.43175846722232
地域とのつながり,23220,愛知県,稲沢市,都市部,2026,40.07774589699642,49.46348530309287
地域とのつながり,23221,愛知県,新城市,農山村の小都市,2024,50.11056743547449,52.92238927008049
地域とのつながり,23222,愛知県,東海市,都市部,2023,34.473455427262934,47.358581296083
地域とのつながり,23222,愛知県,東海市,都市部,2024,48.801198518481414,47.13929302532648
地域とのつながり,23222,愛知県,東海市,都市部,2025,42.02984187952786,47.138204836156746
地域とのつながり,23222,愛知県,東海市,都市部,2026,29.98430128741831,47.08067100639038
地域とのつながり,23223,愛知県,大府市,都市部,2023,53.097191441148745,51.15262001401351
地域とのつながり,23223,愛知県,大府市,都市部,2024,50.302375751385156,50.81467447464676
地域とのつながり,23223,愛知県,大府市,都市部,2025,60.13622938091373,50.91090116105201
地域とのつながり,23223,愛知県,大府市,都市部,2026,54.85885821681529,51.15949379649099
地域とのつながり,23224,愛知県,知多市,都市部,2024,42.78688382622726,48.81528156982831
地域とのつながり,23224,愛知県,知多市,都市部,2025,37.1508941171079,49.59947624514744
地域とのつながり,23224,愛知県,知多市,都市部,2026,53.128975812939906,49.488148430416196
地域とのつながり,23225,愛知県,知立市,都市部,2024,44.57330153242463,48.194458739354
地域とのつながり,23225,愛知県,知立市,都市部,2025,44.60470675079186,48.6071864250562
地域とのつながり,23225,愛知県,知立市,都市部,2026,47.320292189257735,47.74949820871295
地域とのつながり,23226,愛知県,尾張旭市,都市部,2023,43.82820277407191,50.290164367043005
地域とのつながり,23226,愛知県,尾張旭市,都市部,2024,54.85157988923879,50.39465591888126
地域とのつながり,23226,愛知県,尾張旭市,都市部,2025,54.08312710626495,50.00928919037691
地域とのつながり,23226,愛知県,尾張旭市,都市部,2026,48.48944127522888,50.73807766194147
地域とのつながり,23227,愛知県,高浜市,都市部,2024,37.21701393950387,49.957949613746045
地域とのつながり,23227,愛知県,高浜市,都市部,2026,44.47321764185753,50.537506541638756
地域とのつながり,23228,愛知県,岩倉市,都市部,2024,36.24930604306144,50.2331403988405
地域とのつながり,23228,愛知県,岩倉市,都市部,2026,50.03590689786645,49.44642450791929
地域とのつながり,23229,愛知県,豊明市,都市部,2024,37.88580821708819,48.58031577570483
地域とのつながり,23229,愛知県,豊明市,都市部,2025,37.68751403197423,49.25881471418898
地域とのつながり,23229,愛知県,豊明市,都市部,2026,45.776641193789885,49.82259123971588
地域とのつながり,23230,愛知県,日進市,都市部,2023,54.70861835505859,55.76261560270558
地域とのつながり,23230,愛知県,日進市,都市部,2024,44.44524959908238,55.53651635444334
地域とのつながり,23230,愛知県,日進市,都市部,2025,51.21451454936337,55.570496869757974
地域とのつながり,23230,愛知県,日進市,都市部,2026,61.777954572921146,55.52008861264125
地域とのつながり,23231,愛知県,田原市,農山村の小都市,2024,56.24103479598933,51.5829056519744
地域とのつながり,23231,愛知県,田原市,農山村の小都市,2025,64.73197119890338,51.91745726706877
地域とのつながり,23231,愛知県,田原市,農山村の小都市,2026,51.6647981795922,51.977277730555194
地域とのつながり,23232,愛知県,愛西市,地方の中心都市,2023,33.84807508074715,46.835717137814214
地域とのつながり,23232,愛知県,愛西市,地方の中心都市,2024,37.15789296874834,46.94256463715557
地域とのつながり,23232,愛知県,愛西市,地方の中心都市,2025,33.10585878719183,46.14502832252147
地域とのつながり,23232,愛知県,愛西市,地方の中心都市,2026,37.29299734069571,46.36704587831979
地域とのつながり,23233,愛知県,清須市,都市部,2024,38.736286022394026,50.8391336192151
地域とのつながり,23233,愛知県,清須市,都市部,2025,38.607238557694615,50.863662632949996
地域とのつながり,23233,愛知県,清須市,都市部,2026,50.67434500749648,50.767554254967806
地域とのつながり,23234,愛知県,北名古屋市,都市部,2024,51.05718719934193,49.671834443360545
地域とのつながり,23234,愛知県,北名古屋市,都市部,2025,40.22082924573071,49.42816331611262
地域とのつながり,23234,愛知県,北名古屋市,都市部,2026,48.33049250235521,50.47097653565829
地域とのつながり,23235,愛知県,弥富市,都市部,2024,34.6146636830657,47.06827612246872
地域とのつながり,23236,愛知県,みよし市,都市部,2024,53.702334410501955,50.425994971102625
地域とのつながり,23236,愛知県,みよし市,都市部,2025,55.23003811339854,50.496215546130564
地域とのつながり,23236,愛知県,みよし市,都市部,2026,51.73098669119159,50.26631117740877
地域とのつながり,23237,愛知県,あま市,都市部,2023,32.3473378081579,49.58355037717382
地域とのつながり,23237,愛知県,あま市,都市部,2024,36.78798850052898,49.27594869417192
地域とのつながり,23237,愛知県,あま市,都市部,2025,36.17646615005838,49.035495180475905
地域とのつながり,23237,愛知県,あま市,都市部,2026,34.90836276597049,49.385567165091146
地域とのつながり,23238,愛知県,長久手市,都市部,2023,69.82646742069693,55.815407031933574
地域とのつながり,23238,愛知県,長久手市,都市部,2024,53.44748176280456,55.659496512057935
地域とのつながり,23238,愛知県,長久手市,都市部,2025,65.69962058747537,55.61773768883539
地域とのつながり,23238,愛知県,長久手市,都市部,2026,57.463129465269006,55.94247679267272
地域とのつながり,23302,愛知県,東郷町,都市部,2024,48.144315611293514,51.64048665454929
地域とのつながり,23425,愛知県,蟹江町,都市部,2024,46.797109077783084,46.36392005539065
地域とのつながり,23442,愛知県,東浦町,都市部,2024,49.82237275329956,46.686232334912596
地域とのつながり,23442,愛知県,東浦町,都市部,2026,45.291115926978804,47.83217405515205
地域とのつながり,23447,愛知県,武豊町,都市部,2024,57.86109538776745,49.7044630532219
地域とのつながり,23501,愛知県,幸田町,都市部,2024,58.13218519513308,54.25658837880651
地域とのつながり,24201,三重県,津市,地方の中心都市,2023,39.01189622239935,52.63878736698939
地域とのつながり,24201,三重県,津市,地方の中心都市,2024,45.91305019756703,53.20240577260057
地域とのつながり,24201,三重県,津市,地方の中心都市,2025,45.30297080313775,53.05568282313277
地域とのつながり,24201,三重県,津市,地方の中心都市,2026,58.16597221557106,53.17686589508249
地域とのつながり,24202,三重県,四日市市,都市部,2023,33.315443285887184,49.70364698720272
地域とのつながり,24202,三重県,四日市市,都市部,2024,44.58693832813727,49.63210784750436
地域とのつながり,24202,三重県,四日市市,都市部,2025,52.64680340564685,49.78142907735995
地域とのつながり,24202,三重県,四日市市,都市部,2026,55.85009920747591,50.0352881120316
地域とのつながり,24203,三重県,伊勢市,地方の中心都市,2023,68.326337142144,50.25838229253325
地域とのつながり,24203,三重県,伊勢市,地方の中心都市,2024,52.25314347148412,50.3005783634669
地域とのつながり,24203,三重県,伊勢市,地方の中心都市,2025,52.09515317262054,49.706649513392854
地域とのつながり,24203,三重県,伊勢市,地方の中心都市,2026,44.341285361090286,50.19997310694366
地域とのつながり,24204,三重県,松阪市,地方の中心都市,2024,45.21159004831472,51.884028581148975
地域とのつながり,24204,三重県,松阪市,地方の中心都市,2025,48.50322097595399,52.22919149883874
地域とのつながり,24204,三重県,松阪市,地方の中心都市,2026,53.00879992000028,52.446008820039076
地域とのつながり,24205,三重県,桑名市,都市部,2023,50.30237273102602,51.63155131479881
地域とのつながり,24205,三重県,桑名市,都市部,2024,59.947268585467135,51.3755782545732
地域とのつながり,24205,三重県,桑名市,都市部,2025,34.8270634483383,52.01019747930286
地域とのつながり,24205,三重県,桑名市,都市部,2026,56.7218647693618,52.231098035350136
地域とのつながり,24207,三重県,鈴鹿市,都市部,2023,53.267272066569156,51.10534919954633
地域とのつながり,24207,三重県,鈴鹿市,都市部,2024,51.33793311274652,51.41487413033487
地域とのつながり,24207,三重県,鈴鹿市,都市部,2025,42.54937233913881,51.812973948034795
地域とのつながり,24207,三重県,鈴鹿市,都市部,2026,53.6855346276044,51.73339829754709
地域とのつながり,24208,三重県,名張市,地方の中心都市,2023,47.75136843754786,54.412424431632985
地域とのつながり,24208,三重県,名張市,地方の中心都市,2024,41.7282905338162,54.651077987367294
地域とのつながり,24208,三重県,名張市,地方の中心都市,2025,48.025437806848224,54.203736408789055
地域とのつながり,24208,三重県,名張市,地方の中心都市,2026,39.10521655871525,54.70541603195914
地域とのつながり,24210,三重県,亀山市,地方の中心都市,2024,55.81287519648903,54.608536469220624
地域とのつながり,24210,三重県,亀山市,地方の中心都市,2025,49.195845715588305,55.034194627934866
地域とのつながり,24210,三重県,亀山市,地方の中心都市,2026,60.35680749190516,55.37955710807069
地域とのつながり,24214,三重県,いなべ市,地方の中心都市,2024,54.12042105123069,53.28740191806249
地域とのつながり,24214,三重県,いなべ市,地方の中心都市,2026,57.075309827787486,53.116910678903714
地域とのつながり,24215,三重県,志摩市,農山村の小都市,2024,47.05369128111492,49.364496981827934
地域とのつながり,24215,三重県,志摩市,農山村の小都市,2026,62.16326578479063,48.58190567087535
地域とのつながり,24216,三重県,伊賀市,地方の中心都市,2023,36.96767526953491,54.27542901821113
地域とのつながり,24216,三重県,伊賀市,地方の中心都市,2024,48.14070408349174,53.38748049683726
地域とのつながり,24216,三重県,伊賀市,地方の中心都市,2025,48.74826685357944,54.390425864997376
地域とのつながり,24216,三重県,伊賀市,地方の中心都市,2026,56.46530054217639,54.212410837618535
地域とのつながり,24341,三重県,菰野町,地方の中心都市,2024,64.51351596233764,53.42296060514342
地域とのつながり,24441,三重県,多気町,農山村の小都市,2023,59.65592869719954,56.078513212534865
地域とのつながり,24441,三重県,多気町,農山村の小都市,2024,78.17715026356642,54.41414807475282
地域とのつながり,24442,三重県,明和町,地方の中心都市,2023,52.94381724517642,49.60504103752451
地域とのつながり,24442,三重県,明和町,地方の中心都市,2024,40.58446635793076,52.55962629396154
地域とのつながり,24543,三重県,紀北町,農山村の小都市,2023,60.58811806338985,48.33964658288956
地域とのつながり,24543,三重県,紀北町,農山村の小都市,2024,14.00872616216921,49.43630169356799
地域とのつながり,25201,滋賀県,大津市,地方の中心都市,2023,31.814596540253312,54.84621717780799
地域とのつながり,25201,滋賀県,大津市,地方の中心都市,2024,60.36960863974259,54.9202667905704
地域とのつながり,25201,滋賀県,大津市,地方の中心都市,2025,44.1808161247081,55.19433034977353
地域とのつながり,25201,滋賀県,大津市,地方の中心都市,2026,49.585834242081525,54.92382906246193
地域とのつながり,25202,滋賀県,彦根市,地方の中心都市,2023,44.64730275440392,54.53105194002754
地域とのつながり,25202,滋賀県,彦根市,地方の中心都市,2024,51.27512550701345,54.51316718624881
地域とのつながり,25202,滋賀県,彦根市,地方の中心都市,2025,51.112727854309306,54.17604980618189
地域とのつながり,25202,滋賀県,彦根市,地方の中心都市,2026,48.472358430890715,54.56367986806618
地域とのつながり,25203,滋賀県,長浜市,地方の中心都市,2023,53.31618017830343,55.92766935044778
地域とのつながり,25203,滋賀県,長浜市,地方の中心都市,2024,57.53903898145482,56.632572187102554
地域とのつながり,25203,滋賀県,長浜市,地方の中心都市,2025,68.29033358847116,56.62292672242827
地域とのつながり,25203,滋賀県,長浜市,地方の中心都市,2026,41.80509780956278,56.56279643300094
地域とのつながり,25204,滋賀県,近江八幡市,地方の中心都市,2023,55.33383688472267,57.2938078436089
地域とのつながり,25204,滋賀県,近江八幡市,地方の中心都市,2024,46.12619299229363,57.553234793774884
地域とのつながり,25204,滋賀県,近江八幡市,地方の中心都市,2025,56.97083424515133,57.205472066823596
地域とのつながり,25204,滋賀県,近江八幡市,地方の中心都市,2026,46.47421810873844,57.20171642499777
地域とのつながり,25206,滋賀県,草津市,都市部,2023,63.2173459893124,52.63311126607403
地域とのつながり,25206,滋賀県,草津市,都市部,2024,44.97205731474957,52.74305107576161
地域とのつながり,25206,滋賀県,草津市,都市部,2025,65.01502323684487,53.05930857896343
地域とのつながり,25206,滋賀県,草津市,都市部,2026,53.577063978546015,52.88500419725092
地域とのつながり,25207,滋賀県,守山市,都市部,2023,62.26498455150845,54.593818746095614
地域とのつながり,25207,滋賀県,守山市,都市部,2024,58.70778838302067,54.61823171871039
地域とのつながり,25207,滋賀県,守山市,都市部,2025,54.54364297421,54.595275951550065
地域とのつながり,25207,滋賀県,守山市,都市部,2026,59.57258725470479,54.99561117829277
地域とのつながり,25208,滋賀県,栗東市,都市部,2023,44.96976683459357,55.458436964663555
地域とのつながり,25208,滋賀県,栗東市,都市部,2024,56.02337439788367,55.4137546579079
地域とのつながり,25208,滋賀県,栗東市,都市部,2025,42.672292085798645,56.017051354817326
地域とのつながり,25208,滋賀県,栗東市,都市部,2026,47.92358977834449,56.31153015611126
地域とのつながり,25209,滋賀県,甲賀市,地方の中心都市,2023,48.51760616125783,54.11345632242374
地域とのつながり,25209,滋賀県,甲賀市,地方の中心都市,2024,49.81824877442207,54.21171472783682
地域とのつながり,25209,滋賀県,甲賀市,地方の中心都市,2025,60.698206802229414,54.59520722674293
地域とのつながり,25209,滋賀県,甲賀市,地方の中心都市,2026,44.738228558189434,54.878690061244505
地域とのつながり,25210,滋賀県,野洲市,地方の中心都市,2024,53.749266693354244,53.75452628418903
地域とのつながり,25210,滋賀県,野洲市,地方の中心都市,2025,51.22209876811083,54.06242903847535
地域とのつながり,25210,滋賀県,野洲市,地方の中心都市,2026,45.24388602396549,54.366481053646794
地域とのつながり,25211,滋賀県,湖南市,地方の中心都市,2023,40.672457525893385,51.95652032781025
地域とのつながり,25211,滋賀県,湖南市,地方の中心都市,2024,53.86414426688276,52.281936638034125
地域とのつながり,25211,滋賀県,湖南市,地方の中心都市,2025,45.174346001605976,52.16331299786675
地域とのつながり,25211,滋賀県,湖南市,地方の中心都市,2026,41.756080991769345,52.1583910980869
地域とのつながり,25212,滋賀県,高島市,農山村の小都市,2024,58.246021805063954,56.10474541261612
地域とのつながり,25212,滋賀県,高島市,農山村の小都市,2026,55.548369426430284,55.176057400250606
地域とのつながり,25213,滋賀県,東近江市,地方の中心都市,2023,48.591701664030154,54.36123234185739
地域とのつながり,25213,滋賀県,東近江市,地方の中心都市,2024,38.204025616577105,54.17308713212755
地域とのつながり,25213,滋賀県,東近江市,地方の中心都市,2025,46.51093856794656,54.75589543617393
地域とのつながり,25213,滋賀県,東近江市,地方の中心都市,2026,47.550770808961744,54.8570077539937
地域とのつながり,25214,滋賀県,米原市,地方の中心都市,2024,49.27758646741719,59.02163054612366
地域とのつながり,26100,京都府,京都市,都市部,2023,47.347222187048416,51.03339866073284
地域とのつながり,26100,京都府,京都市,都市部,2024,48.200267846944136,50.999046662902565
地域とのつながり,26100,京都府,京都市,都市部,2025,54.63568596240583,51.42459639701671
地域とのつながり,26100,京都府,京都市,都市部,2026,49.28670557840387,51.57964974886112
地域とのつながり,26201,京都府,福知山市,地方の中心都市,2023,62.4945054577288,52.34876202314944
地域とのつながり,26201,京都府,福知山市,地方の中心都市,2024,40.02209221427897,52.440831546851726
地域とのつながり,26201,京都府,福知山市,地方の中心都市,2025,49.653604122198374,52.32050541878644
地域とのつながり,26201,京都府,福知山市,地方の中心都市,2026,48.06261089029642,52.90663646290827
地域とのつながり,26202,京都府,舞鶴市,地方の中心都市,2023,33.93211297873938,50.588432607963476
地域とのつながり,26202,京都府,舞鶴市,地方の中心都市,2024,43.50492855077637,50.37202294056422
地域とのつながり,26202,京都府,舞鶴市,地方の中心都市,2025,39.93492427797722,50.25530153624052
地域とのつながり,26202,京都府,舞鶴市,地方の中心都市,2026,43.91944043220313,50.47192344828446
地域とのつながり,26204,京都府,宇治市,都市部,2023,44.44219256069176,51.070414562256545
地域とのつながり,26204,京都府,宇治市,都市部,2024,52.487164452450244,50.579806033599255
地域とのつながり,26204,京都府,宇治市,都市部,2025,56.655543105867295,50.98694744713338
地域とのつながり,26204,京都府,宇治市,都市部,2026,54.40219874613585,50.94449869104044
地域とのつながり,26206,京都府,亀岡市,地方の中心都市,2024,46.74374399865701,53.545297849613306
地域とのつながり,26206,京都府,亀岡市,地方の中心都市,2025,47.80667204286813,53.5804621020356
地域とのつながり,26206,京都府,亀岡市,地方の中心都市,2026,49.3065064008077,53.53833988519257
地域とのつながり,26207,京都府,城陽市,地方の中心都市,2023,38.502342115123334,49.11844104583553
地域とのつながり,26207,京都府,城陽市,地方の中心都市,2024,44.54268472541626,48.4934732244699
地域とのつながり,26207,京都府,城陽市,地方の中心都市,2025,43.23218594289083,49.01335975540006
地域とのつながり,26207,京都府,城陽市,地方の中心都市,2026,53.05738863702327,49.22591081134046
地域とのつながり,26208,京都府,向日市,都市部,2024,48.063252468961075,51.88332225378182
地域とのつながり,26208,京都府,向日市,都市部,2025,38.70730416085799,51.746798555801874
地域とのつながり,26208,京都府,向日市,都市部,2026,44.04760367688148,52.57423364617979
地域とのつながり,26209,京都府,長岡京市,都市部,2024,46.30040675289295,53.68568059581356
地域とのつながり,26209,京都府,長岡京市,都市部,2025,67.40050819322079,54.17867597460813
地域とのつながり,26209,京都府,長岡京市,都市部,2026,68.57193031506482,53.998342956903485
地域とのつながり,26210,京都府,八幡市,都市部,2024,58.72681091898052,46.48405010792589
地域とのつながり,26210,京都府,八幡市,都市部,2025,54.09264599059709,47.35768453498408
地域とのつながり,26210,京都府,八幡市,都市部,2026,51.654296062606505,47.136942170893384
地域とのつながり,26211,京都府,京田辺市,都市部,2023,59.02393358296533,51.98174649513885
地域とのつながり,26211,京都府,京田辺市,都市部,2024,60.12198265912915,52.40040667564414
地域とのつながり,26211,京都府,京田辺市,都市部,2025,62.26892744069863,52.074384075331906
地域とのつながり,26211,京都府,京田辺市,都市部,2026,54.739588866457694,52.16345427975855
地域とのつながり,26212,京都府,京丹後市,農山村の小都市,2023,71.37626434195845,56.56175665224671
地域とのつながり,26212,京都府,京丹後市,農山村の小都市,2024,63.997710096680684,57.28217258135868
地域とのつながり,26212,京都府,京丹後市,農山村の小都市,2025,59.72397957839294,56.528133153351675
地域とのつながり,26212,京都府,京丹後市,農山村の小都市,2026,55.46964748409312,57.447310389750655
地域とのつながり,26214,京都府,木津川市,地方の中心都市,2024,55.57274352571685,55.087141804664164
地域とのつながり,26214,京都府,木津川市,地方の中心都市,2025,51.16205381157037,54.55618499728258
地域とのつながり,26214,京都府,木津川市,地方の中心都市,2026,67.85213120449959,54.50566110788961
地域とのつながり,26366,京都府,精華町,地方の中心都市,2024,57.52152872410063,53.612951894027894
地域とのつながり,27100,大阪府,大阪市,都市部,2023,42.28677170871448,44.66225353564701
地域とのつながり,27100,大阪府,大阪市,都市部,2024,45.23062273347824,44.79587288710617
地域とのつながり,27100,大阪府,大阪市,都市部,2025,41.71372224312112,45.09040412669989
地域とのつながり,27100,大阪府,大阪市,都市部,2026,43.784947304384474,45.25416750329863
地域とのつながり,27140,大阪府,堺市,都市部,2023,49.01574227831049,47.044150381569175
地域とのつながり,27140,大阪府,堺市,都市部,2024,49.391132908471256,48.5020012461036
地域とのつながり,27140,大阪府,堺市,都市部,2025,48.68561292418552,47.48069309378544
地域とのつながり,27140,大阪府,堺市,都市部,2026,48.98785208707072,47.564727965304584
地域とのつながり,27202,大阪府,岸和田市,都市部,2024,38.69754534338936,48.23691524363898
地域とのつながり,27202,大阪府,岸和田市,都市部,2025,41.123636392745155,48.41552597854954
地域とのつながり,27202,大阪府,岸和田市,都市部,2026,49.9204433175407,48.53057823135942
地域とのつながり,27203,大阪府,豊中市,都市部,2023,58.19027614339401,47.91093301450999
地域とのつながり,27203,大阪府,豊中市,都市部,2024,52.60403854893822,47.97606531802294
地域とのつながり,27203,大阪府,豊中市,都市部,2025,52.083353037750584,48.3219490923192
地域とのつながり,27203,大阪府,豊中市,都市部,2026,54.910120502073894,48.233660229560826
地域とのつながり,27204,大阪府,池田市,都市部,2023,57.23075769932679,49.80566262358225
地域とのつながり,27204,大阪府,池田市,都市部,2024,56.71721042189908,49.658180851571764
地域とのつながり,27204,大阪府,池田市,都市部,2025,53.35795363781837,50.165056211074294
地域とのつながり,27204,大阪府,池田市,都市部,2026,58.622789812174695,49.85465072417011
地域とのつながり,27205,大阪府,吹田市,都市部,2023,52.322555199637726,49.773975692196736
地域とのつながり,27205,大阪府,吹田市,都市部,2024,60.71915919750321,49.93701976109773
地域とのつながり,27205,大阪府,吹田市,都市部,2025,65.37145818634568,49.933370656917596
地域とのつながり,27205,大阪府,吹田市,都市部,2026,60.57449329388354,49.92513229630671
地域とのつながり,27206,大阪府,泉大津市,都市部,2023,43.1888990029268,46.54095555968851
地域とのつながり,27206,大阪府,泉大津市,都市部,2024,43.98962272296096,46.30097177038277
地域とのつながり,27206,大阪府,泉大津市,都市部,2025,57.10348816257474,46.9454620390967
地域とのつながり,27206,大阪府,泉大津市,都市部,2026,45.543377023929374,46.51309193833272
地域とのつながり,27207,大阪府,高槻市,都市部,2023,59.3337404880849,51.620069764470564
地域とのつながり,27207,大阪府,高槻市,都市部,2024,61.218939137836905,51.74758641803412
地域とのつながり,27207,大阪府,高槻市,都市部,2025,46.80903171938535,51.761578198214394
地域とのつながり,27207,大阪府,高槻市,都市部,2026,57.68193544506728,51.978210633503565
地域とのつながり,27208,大阪府,貝塚市,地方の中心都市,2023,48.95236686137963,47.54595795086917
地域とのつながり,27208,大阪府,貝塚市,地方の中心都市,2024,52.201226894661474,47.349665167980376
地域とのつながり,27208,大阪府,貝塚市,地方の中心都市,2025,43.35940218462537,47.74635625306042
地域とのつながり,27208,大阪府,貝塚市,地方の中心都市,2026,41.999195834296806,47.53347764153567
地域とのつながり,27209,大阪府,守口市,都市部,2023,33.46088379419426,45.41374430343738
地域とのつながり,27209,大阪府,守口市,都市部,2024,40.32454949802769,45.661378675367
地域とのつながり,27209,大阪府,守口市,都市部,2025,38.87314171453254,45.24782349637261
地域とのつながり,27209,大阪府,守口市,都市部,2026,37.15325690168994,45.4875507908853
地域とのつながり,27210,大阪府,枚方市,都市部,2023,51.58219282020846,49.98795171872646
地域とのつながり,27210,大阪府,枚方市,都市部,2024,59.24090717315001,49.98691866250362
地域とのつながり,27210,大阪府,枚方市,都市部,2025,59.398462787239396,50.05986131697788
地域とのつながり,27210,大阪府,枚方市,都市部,2026,58.776182065680395,50.37093056352749
地域とのつながり,27211,大阪府,茨木市,都市部,2023,47.11287121976546,51.49407877286255
地域とのつながり,27211,大阪府,茨木市,都市部,2024,59.42648611623805,51.75727325313083
地域とのつながり,27211,大阪府,茨木市,都市部,2025,58.53231999279836,51.82346885794507
地域とのつながり,27211,大阪府,茨木市,都市部,2026,57.20071874400124,52.00122758171257
地域とのつながり,27212,大阪府,八尾市,都市部,2023,51.35862155899429,46.55208970146858
地域とのつながり,27212,大阪府,八尾市,都市部,2024,51.821583894113694,46.96632868759188
地域とのつながり,27212,大阪府,八尾市,都市部,2025,51.70793533742635,47.29408548628877
地域とのつながり,27212,大阪府,八尾市,都市部,2026,53.75934813206284,47.37465647363831
地域とのつながり,27213,大阪府,泉佐野市,都市部,2023,43.9688917713885,48.96341640523794
地域とのつながり,27213,大阪府,泉佐野市,都市部,2024,46.12163113138881,49.192053792576246
地域とのつながり,27213,大阪府,泉佐野市,都市部,2025,52.10322632278833,48.52075033294786
地域とのつながり,27213,大阪府,泉佐野市,都市部,2026,46.10833382070687,49.30936456018752
地域とのつながり,27214,大阪府,富田林市,都市部,2023,52.60906696555542,46.37691970139643
地域とのつながり,27214,大阪府,富田林市,都市部,2024,52.67333588242007,45.72708452149238
地域とのつながり,27214,大阪府,富田林市,都市部,2025,50.489506140156585,45.7421862514754
地域とのつながり,27214,大阪府,富田林市,都市部,2026,48.87304094275882,46.813251542252985
地域とのつながり,27215,大阪府,寝屋川市,都市部,2024,52.05066604892564,46.507590785508256
地域とのつながり,27215,大阪府,寝屋川市,都市部,2025,45.20013669522302,46.759636333724536
地域とのつながり,27215,大阪府,寝屋川市,都市部,2026,45.11077144570801,46.73687846276835
地域とのつながり,27216,大阪府,河内長野市,地方の中心都市,2023,59.086441377318096,51.37954485783446
地域とのつながり,27216,大阪府,河内長野市,地方の中心都市,2024,60.48509061356657,50.47357288719198
地域とのつながり,27216,大阪府,河内長野市,地方の中心都市,2025,53.71844858076467,50.30865177789454
地域とのつながり,27216,大阪府,河内長野市,地方の中心都市,2026,46.27211458906708,51.19285343440688
地域とのつながり,27217,大阪府,松原市,都市部,2024,29.87657661049686,45.611220972873
地域とのつながり,27217,大阪府,松原市,都市部,2025,39.12907848853832,45.441038870250374
地域とのつながり,27217,大阪府,松原市,都市部,2026,45.85353605601603,46.110082350339425
地域とのつながり,27218,大阪府,大東市,都市部,2023,51.45740280150091,47.64025757497423
地域とのつながり,27218,大阪府,大東市,都市部,2024,28.258312917032725,47.70735235897971
地域とのつながり,27218,大阪府,大東市,都市部,2025,29.644289658851946,47.667267423409456
地域とのつながり,27218,大阪府,大東市,都市部,2026,38.36486470959943,47.69287660671332
地域とのつながり,27219,大阪府,和泉市,都市部,2023,49.40631388072181,51.89204277469306
地域とのつながり,27219,大阪府,和泉市,都市部,2024,38.20520882683339,52.735057832186804
地域とのつながり,27219,大阪府,和泉市,都市部,2025,39.64818452717482,52.451581886137454
地域とのつながり,27219,大阪府,和泉市,都市部,2026,41.459111649540354,52.3960504199257
地域とのつながり,27220,大阪府,箕面市,都市部,2023,74.60338099288235,54.838549832551365
地域とのつながり,27220,大阪府,箕面市,都市部,2024,64.2050486860034,54.32908866620071
地域とのつながり,27220,大阪府,箕面市,都市部,2025,73.25708308948023,55.27805217751529
地域とのつながり,27220,大阪府,箕面市,都市部,2026,74.6115032020279,55.468826510083744
地域とのつながり,27221,大阪府,柏原市,地方の中心都市,2023,40.18999510115326,47.14855240154495
地域とのつながり,27221,大阪府,柏原市,地方の中心都市,2024,48.38367571662986,46.80122276002008
地域とのつながり,27221,大阪府,柏原市,地方の中心都市,2025,31.93150177631032,46.76115720950006
地域とのつながり,27221,大阪府,柏原市,地方の中心都市,2026,45.002771397091834,47.107971956292566
地域とのつながり,27222,大阪府,羽曳野市,都市部,2023,45.76051688124931,45.650789665512136
地域とのつながり,27222,大阪府,羽曳野市,都市部,2024,50.08235296061536,45.96911335936932
地域とのつながり,27222,大阪府,羽曳野市,都市部,2025,39.21220491089452,46.02868369649673
地域とのつながり,27222,大阪府,羽曳野市,都市部,2026,48.88579315137013,46.5144412261369
地域とのつながり,27223,大阪府,門真市,都市部,2023,24.776192351268183,41.203046172867296
地域とのつながり,27223,大阪府,門真市,都市部,2024,22.53206797188577,41.56059063996855
地域とのつながり,27223,大阪府,門真市,都市部,2025,25.97456084574066,41.410536963877846
地域とのつながり,27223,大阪府,門真市,都市部,2026,27.897092569334422,41.427453031273586
地域とのつながり,27224,大阪府,摂津市,都市部,2024,40.35296381417115,46.81610022372903
地域とのつながり,27224,大阪府,摂津市,都市部,2025,49.189842676522886,46.870542760451954
地域とのつながり,27224,大阪府,摂津市,都市部,2026,29.618499586372046,47.53828024599451
地域とのつながり,27225,大阪府,高石市,都市部,2024,46.741914927638824,46.379575093859984
地域とのつながり,27225,大阪府,高石市,都市部,2025,49.347425892981306,46.24369762898977
地域とのつながり,27225,大阪府,高石市,都市部,2026,45.307036909373686,46.37907366964778
地域とのつながり,27226,大阪府,藤井寺市,都市部,2024,52.726680152450854,46.84982408108278
地域とのつながり,27226,大阪府,藤井寺市,都市部,2025,36.008784584824625,47.093798689782496
地域とのつながり,27226,大阪府,藤井寺市,都市部,2026,44.890253003553056,47.67872631263061
地域とのつながり,27227,大阪府,東大阪市,都市部,2023,37.00932004059572,46.31442103469895
地域とのつながり,27227,大阪府,東大阪市,都市部,2024,49.02264353251125,46.87098170572002
地域とのつながり,27227,大阪府,東大阪市,都市部,2025,40.37259623760055,47.006627079450574
地域とのつながり,27227,大阪府,東大阪市,都市部,2026,37.57309845153975,47.079668821735176
地域とのつながり,27228,大阪府,泉南市,地方の中心都市,2023,44.238680744861846,51.040235743480196
地域とのつながり,27228,大阪府,泉南市,地方の中心都市,2024,36.74126696193002,50.381849901011265
地域とのつながり,27228,大阪府,泉南市,地方の中心都市,2025,28.42722293223636,51.76967332574432
地域とのつながり,27228,大阪府,泉南市,地方の中心都市,2026,38.486469889462455,51.419968166863136
地域とのつながり,27229,大阪府,四條畷市,地方の中心都市,2023,41.80638203586414,48.70636835527979
地域とのつながり,27229,大阪府,四條畷市,地方の中心都市,2024,50.8801864482372,48.99373500182687
地域とのつながり,27229,大阪府,四條畷市,地方の中心都市,2025,57.97869585422852,48.15062432507345
地域とのつながり,27229,大阪府,四條畷市,地方の中心都市,2026,43.204630924007105,48.575360558511775
地域とのつながり,27230,大阪府,交野市,都市部,2024,63.69239229992952,52.466652401820134
地域とのつながり,27230,大阪府,交野市,都市部,2025,60.96175482344435,51.96338809795594
地域とのつながり,27230,大阪府,交野市,都市部,2026,65.50782845886387,52.08229147098641
地域とのつながり,27231,大阪府,大阪狭山市,都市部,2023,61.3622593093539,49.93891075946852
地域とのつながり,27231,大阪府,大阪狭山市,都市部,2024,65.7898235223502,49.281639907696764
地域とのつながり,27231,大阪府,大阪狭山市,都市部,2025,63.07192680797683,50.204032268840976
地域とのつながり,27231,大阪府,大阪狭山市,都市部,2026,64.22159620375459,50.42093990244376
地域とのつながり,27232,大阪府,阪南市,地方の中心都市,2023,54.13201745023528,50.01426692133936
地域とのつながり,27232,大阪府,阪南市,地方の中心都市,2024,48.504935932445825,50.24425267437837
地域とのつながり,27232,大阪府,阪南市,地方の中心都市,2025,39.52386659661949,50.507061883974814
地域とのつながり,27232,大阪府,阪南市,地方の中心都市,2026,45.83823422048816,50.17048581134129
地域とのつながり,27321,大阪府,豊能町,農山村の小都市,2023,62.470676854667985,56.77788317414076
地域とのつながり,27321,大阪府,豊能町,農山村の小都市,2024,65.39508399559989,56.33047479683583
地域とのつながり,27361,大阪府,熊取町,地方の中心都市,2024,58.11512918500237,52.0294820322138
地域とのつながり,28100,兵庫県,神戸市,都市部,2023,52.68263212322495,51.00115177257957
地域とのつながり,28100,兵庫県,神戸市,都市部,2024,53.03213791542169,50.925855244947265
地域とのつながり,28100,兵庫県,神戸市,都市部,2025,51.32724317396779,51.20022985541122
地域とのつながり,28100,兵庫県,神戸市,都市部,2026,50.65620267253306,51.389205976776076
地域とのつながり,28201,兵庫県,姫路市,都市部,2023,55.5600972191873,51.53197149195472
地域とのつながり,28201,兵庫県,姫路市,都市部,2024,56.27108656816031,51.39976098985205
地域とのつながり,28201,兵庫県,姫路市,都市部,2025,57.9545429735948,51.30607046290142
地域とのつながり,28201,兵庫県,姫路市,都市部,2026,62.553243703983526,51.17578167868776
地域とのつながり,28202,兵庫県,尼崎市,都市部,2023,50.33701538897271,45.551082227837156
地域とのつながり,28202,兵庫県,尼崎市,都市部,2024,37.61630821012056,45.873213743414894
地域とのつながり,28202,兵庫県,尼崎市,都市部,2025,46.346054550590445,46.19788340953121
地域とのつながり,28202,兵庫県,尼崎市,都市部,2026,47.54328981127608,46.15115203398491
地域とのつながり,28203,兵庫県,明石市,都市部,2023,55.382334105285146,47.91727546474243
地域とのつながり,28203,兵庫県,明石市,都市部,2024,61.65796060587231,48.163385432203036
地域とのつながり,28203,兵庫県,明石市,都市部,2025,66.92961782997772,48.21394392258171
地域とのつながり,28203,兵庫県,明石市,都市部,2026,53.03209976526908,48.199628670136676
地域とのつながり,28204,兵庫県,西宮市,都市部,2023,66.47314726619567,51.803552066372895
地域とのつながり,28204,兵庫県,西宮市,都市部,2024,57.191652770411565,52.01837128535841
地域とのつながり,28204,兵庫県,西宮市,都市部,2025,56.17933261711477,51.87769603176494
地域とのつながり,28204,兵庫県,西宮市,都市部,2026,64.535627794503,52.12816504721642
地域とのつながり,28205,兵庫県,洲本市,農山村の小都市,2023,49.63130078093236,50.924810504473726
地域とのつながり,28205,兵庫県,洲本市,農山村の小都市,2024,42.05980350481377,52.060266256647495
地域とのつながり,28206,兵庫県,芦屋市,都市部,2023,48.35395653946117,52.91619020266202
地域とのつながり,28206,兵庫県,芦屋市,都市部,2024,52.954994880652805,52.91426864095754
地域とのつながり,28206,兵庫県,芦屋市,都市部,2025,71.17180284216984,52.90659621729339
地域とのつながり,28206,兵庫県,芦屋市,都市部,2026,55.437850871471746,53.01016854625693
地域とのつながり,28207,兵庫県,伊丹市,都市部,2023,58.26140344124728,48.72639833376205
地域とのつながり,28207,兵庫県,伊丹市,都市部,2024,60.301802059841506,48.81817298633693
地域とのつながり,28207,兵庫県,伊丹市,都市部,2025,63.55173242428859,49.24063464624888
地域とのつながり,28207,兵庫県,伊丹市,都市部,2026,60.242678362242785,49.42621644812689
地域とのつながり,28209,兵庫県,豊岡市,農山村の小都市,2024,66.57615664280387,55.68577089976163
地域とのつながり,28209,兵庫県,豊岡市,農山村の小都市,2025,58.073145218768445,56.817418347417934
地域とのつながり,28209,兵庫県,豊岡市,農山村の小都市,2026,46.78726446514019,56.798711782862426
地域とのつながり,28210,兵庫県,加古川市,都市部,2023,50.76437666699917,49.60256661231594
地域とのつながり,28210,兵庫県,加古川市,都市部,2024,47.09226340538493,49.53260538811998
地域とのつながり,28210,兵庫県,加古川市,都市部,2025,41.11965640721991,49.799311713035934
地域とのつながり,28210,兵庫県,加古川市,都市部,2026,48.13235873287855,50.1374137821131
地域とのつながり,28212,兵庫県,赤穂市,地方の中心都市,2024,51.27036303332281,51.4965554949399
地域とのつながり,28212,兵庫県,赤穂市,地方の中心都市,2026,50.92239408117479,51.60034601355944
地域とのつながり,28214,兵庫県,宝塚市,都市部,2023,47.93916545829927,54.6130253758425
地域とのつながり,28214,兵庫県,宝塚市,都市部,2024,52.71283500215988,54.09630947717386
地域とのつながり,28214,兵庫県,宝塚市,都市部,2025,63.93388880298516,54.31331312223451
地域とのつながり,28214,兵庫県,宝塚市,都市部,2026,56.45077333274403,54.35751409614084
地域とのつながり,28215,兵庫県,三木市,地方の中心都市,2024,48.71563807455722,48.22095164544342
地域とのつながり,28215,兵庫県,三木市,地方の中心都市,2025,34.05036114200153,48.50473212511155
地域とのつながり,28215,兵庫県,三木市,地方の中心都市,2026,50.24663741572474,48.46309295213591
地域とのつながり,28216,兵庫県,高砂市,都市部,2023,41.05232325077097,47.499997128068195
地域とのつながり,28216,兵庫県,高砂市,都市部,2024,44.895259168971926,47.30515843412133
地域とのつながり,28216,兵庫県,高砂市,都市部,2025,52.97230728543724,47.17448576578512
地域とのつながり,28216,兵庫県,高砂市,都市部,2026,41.812080080540326,46.95676628157445
地域とのつながり,28217,兵庫県,川西市,都市部,2023,53.59023284119705,50.04741694018289
地域とのつながり,28217,兵庫県,川西市,都市部,2024,49.65628494496068,50.575625070119024
地域とのつながり,28217,兵庫県,川西市,都市部,2025,49.35172860377349,50.568183947758456
地域とのつながり,28217,兵庫県,川西市,都市部,2026,54.21984688502917,50.972013725392905
地域とのつながり,28218,兵庫県,小野市,地方の中心都市,2024,47.87579183385589,49.97599968218457
地域とのつながり,28218,兵庫県,小野市,地方の中心都市,2026,39.15715244059894,50.2382296061186
地域とのつながり,28219,兵庫県,三田市,地方の中心都市,2023,63.248744608879434,55.138977921617176
地域とのつながり,28219,兵庫県,三田市,地方の中心都市,2024,65.23268655516837,55.04149370284615
地域とのつながり,28219,兵庫県,三田市,地方の中心都市,2025,63.844070813567654,55.73836689236858
地域とのつながり,28219,兵庫県,三田市,地方の中心都市,2026,66.33544579180185,55.1646407665369
地域とのつながり,28220,兵庫県,加西市,地方の中心都市,2023,53.485458339554064,50.34676061696421
地域とのつながり,28220,兵庫県,加西市,地方の中心都市,2024,47.69889284053278,49.413684215969404
地域とのつながり,28222,兵庫県,養父市,農山村の小都市,2023,75.68674403474725,54.89037884976394
地域とのつながり,28222,兵庫県,養父市,農山村の小都市,2024,65.30741619137397,54.89525416968328
地域とのつながり,28223,兵庫県,丹波市,農山村の小都市,2023,57.88245880353247,57.04158437596606
地域とのつながり,28223,兵庫県,丹波市,農山村の小都市,2024,58.46205515465802,56.98117527156492
地域とのつながり,28223,兵庫県,丹波市,農山村の小都市,2025,57.193876218506176,57.20572837539538
地域とのつながり,28223,兵庫県,丹波市,農山村の小都市,2026,61.1622074400069,58.00875876457408
地域とのつながり,28224,兵庫県,南あわじ市,農山村の小都市,2024,49.37684575319822,53.60283401909184
地域とのつながり,28224,兵庫県,南あわじ市,農山村の小都市,2026,41.88535066787909,54.17237047054776
地域とのつながり,28226,兵庫県,淡路市,農山村の小都市,2024,51.88724631121459,47.813159612655696
地域とのつながり,28228,兵庫県,加東市,地方の中心都市,2024,58.73224171825412,50.153571405284936
地域とのつながり,28229,兵庫県,たつの市,地方の中心都市,2023,56.6611651552459,51.23456398650758
地域とのつながり,28229,兵庫県,たつの市,地方の中心都市,2024,59.82506995839522,51.35422883123952
地域とのつながり,28229,兵庫県,たつの市,地方の中心都市,2025,52.07913682481516,51.27740020404525
地域とのつながり,28229,兵庫県,たつの市,地方の中心都市,2026,57.35756852756211,51.0080599710571
地域とのつながり,28301,兵庫県,猪名川町,地方の中心都市,2023,56.93151018252235,55.817798355153016
地域とのつながり,28365,兵庫県,多可町,農山村の小都市,2023,59.09255706901452,59.215154334427496
地域とのつながり,29201,奈良県,奈良市,地方の中心都市,2023,51.38262990578349,51.21429131480616
地域とのつながり,29201,奈良県,奈良市,地方の中心都市,2024,42.6833735682424,51.39107844823856
地域とのつながり,29201,奈良県,奈良市,地方の中心都市,2025,52.435816575150454,51.321461865617046
地域とのつながり,29201,奈良県,奈良市,地方の中心都市,2026,58.47633690212153,51.43098174583893
地域とのつながり,29202,奈良県,大和高田市,都市部,2024,40.7076885046711,44.77147661940425
地域とのつながり,29202,奈良県,大和高田市,都市部,2025,24.66987663510017,44.99017646995516
地域とのつながり,29202,奈良県,大和高田市,都市部,2026,37.98028562183259,44.778433802912986
地域とのつながり,29203,奈良県,大和郡山市,都市部,2024,47.51769189091985,46.3992900985864
地域とのつながり,29203,奈良県,大和郡山市,都市部,2025,51.679997274856696,46.00028101264678
地域とのつながり,29203,奈良県,大和郡山市,都市部,2026,51.16168978735251,45.95116221746342
地域とのつながり,29204,奈良県,天理市,地方の中心都市,2023,64.07567551712046,46.27216488366563
地域とのつながり,29204,奈良県,天理市,地方の中心都市,2024,48.899669434620435,47.83523553608903
地域とのつながり,29204,奈良県,天理市,地方の中心都市,2025,53.21214870289508,46.56381863665172
地域とのつながり,29204,奈良県,天理市,地方の中心都市,2026,53.571700838766134,46.64747211377165
地域とのつながり,29205,奈良県,橿原市,都市部,2023,41.575712994079964,49.743608512333836
地域とのつながり,29205,奈良県,橿原市,都市部,2024,59.586530326344096,49.963516497923735
地域とのつながり,29205,奈良県,橿原市,都市部,2025,47.51257709743339,50.15302468907407
地域とのつながり,29205,奈良県,橿原市,都市部,2026,40.148059714358965,50.415345452046544
地域とのつながり,29206,奈良県,桜井市,地方の中心都市,2023,40.01946650863736,52.90702363184163
地域とのつながり,29206,奈良県,桜井市,地方の中心都市,2024,40.865310675321815,52.16937744523499
地域とのつながり,29206,奈良県,桜井市,地方の中心都市,2025,48.40451184744303,52.71624848127998
地域とのつながり,29206,奈良県,桜井市,地方の中心都市,2026,47.00541893316291,52.50968193196621
地域とのつながり,29209,奈良県,生駒市,都市部,2023,65.63893972482681,53.097662316845025
地域とのつながり,29209,奈良県,生駒市,都市部,2024,60.56146632635243,52.33830296614152
地域とのつながり,29209,奈良県,生駒市,都市部,2025,61.443476674712535,52.92654569020057
地域とのつながり,29209,奈良県,生駒市,都市部,2026,71.90872186957026,52.56183798773564
地域とのつながり,29210,奈良県,香芝市,都市部,2023,56.863452451658574,53.892846800329714
地域とのつながり,29210,奈良県,香芝市,都市部,2024,45.16979201591496,53.974021226596776
地域とのつながり,29210,奈良県,香芝市,都市部,2025,55.23275921261342,55.09373074311884
地域とのつながり,29210,奈良県,香芝市,都市部,2026,49.231178475128786,54.543073143539786
地域とのつながり,29211,奈良県,葛城市,地方の中心都市,2024,69.43097575075244,53.67137655955752
地域とのつながり,29363,奈良県,田原本町,地方の中心都市,2024,55.16767423802649,51.141642487509955
地域とのつながり,29426,奈良県,広陵町,都市部,2024,57.8789056480037,55.19974139894026
地域とのつながり,30201,和歌山県,和歌山市,都市部,2023,48.10258159800437,50.02186595821675
地域とのつながり,30201,和歌山県,和歌山市,都市部,2024,49.35345917300016,50.018755473509025
地域とのつながり,30201,和歌山県,和歌山市,都市部,2025,34.90145759978239,50.52552536462205
地域とのつながり,30201,和歌山県,和歌山市,都市部,2026,44.829917348101134,50.77978745889425
地域とのつながり,30202,和歌山県,海南市,農山村の小都市,2024,53.1717388307271,51.6509074509146
地域とのつながり,30202,和歌山県,海南市,農山村の小都市,2026,58.6038705180052,51.46431772786915
地域とのつながり,30203,和歌山県,橋本市,地方の中心都市,2023,56.226762496041765,50.00922737808168
地域とのつながり,30203,和歌山県,橋本市,地方の中心都市,2024,47.926747110548774,50.11902343099586
地域とのつながり,30203,和歌山県,橋本市,地方の中心都市,2025,42.20789098164374,50.422596003356986
地域とのつながり,30203,和歌山県,橋本市,地方の中心都市,2026,51.24779384836604,49.837668905003866
地域とのつながり,30206,和歌山県,田辺市,農山村の小都市,2024,44.49939029915187,49.72216558858574
地域とのつながり,30206,和歌山県,田辺市,農山村の小都市,2025,46.63821679115693,50.88229317830615
地域とのつながり,30206,和歌山県,田辺市,農山村の小都市,2026,49.580071343634614,49.94555160467091
地域とのつながり,30208,和歌山県,紀の川市,農山村の小都市,2023,53.09073300576039,50.9285025213202
地域とのつながり,30208,和歌山県,紀の川市,農山村の小都市,2024,55.04317136940602,51.15804949591231
地域とのつながり,30208,和歌山県,紀の川市,農山村の小都市,2025,55.81237453283033,51.51544875278405
地域とのつながり,30208,和歌山県,紀の川市,農山村の小都市,2026,55.8047798059139,52.143257653590176
地域とのつながり,30209,和歌山県,岩出市,地方の中心都市,2023,37.13933598476575,51.82361979767624
地域とのつながり,30209,和歌山県,岩出市,地方の中心都市,2024,37.28013546994052,50.7850088048932
地域とのつながり,30209,和歌山県,岩出市,地方の中心都市,2025,48.16647930579778,51.8335126200373
地域とのつながり,30209,和歌山県,岩出市,地方の中心都市,2026,47.04637403777848,51.5750334171415
地域とのつながり,31201,鳥取県,鳥取市,地方の中心都市,2023,45.253318631723516,53.518139564583834
地域とのつながり,31201,鳥取県,鳥取市,地方の中心都市,2024,52.65582042785092,53.36917363190479
地域とのつながり,31201,鳥取県,鳥取市,地方の中心都市,2025,58.293941420995495,53.64159744500863
地域とのつながり,31201,鳥取県,鳥取市,地方の中心都市,2026,48.8992178129368,53.80379150671214
地域とのつながり,31202,鳥取県,米子市,地方の中心都市,2023,54.84900537549261,51.110799619617985
地域とのつながり,31202,鳥取県,米子市,地方の中心都市,2024,49.440829647502014,51.40809289878707
地域とのつながり,31202,鳥取県,米子市,地方の中心都市,2025,59.493022848170554,51.07061638181867
地域とのつながり,31202,鳥取県,米子市,地方の中心都市,2026,55.94785280674326,51.47832500676796
地域とのつながり,31203,鳥取県,倉吉市,農山村の小都市,2024,51.45339605142113,51.440163001598975
地域とのつながり,31203,鳥取県,倉吉市,農山村の小都市,2025,54.63142007996013,51.776613197444945
地域とのつながり,31203,鳥取県,倉吉市,農山村の小都市,2026,48.72851703750834,52.11190823730307
地域とのつながり,31204,鳥取県,境港市,地方の中心都市,2025,51.44058527364791,45.77858562101716
地域とのつながり,31204,鳥取県,境港市,地方の中心都市,2026,39.891606749323074,45.7201438655232
地域とのつながり,32201,島根県,松江市,地方の中心都市,2023,51.44362313117918,53.29800218800228
地域とのつながり,32201,島根県,松江市,地方の中心都市,2024,63.0614061017575,53.419796811110785
地域とのつながり,32201,島根県,松江市,地方の中心都市,2025,64.63146272921678,53.43977687374007
地域とのつながり,32201,島根県,松江市,地方の中心都市,2026,63.36202720591533,53.24908205522235
地域とのつながり,32202,島根県,浜田市,農山村の小都市,2024,54.036487137488464,51.34250043827407
地域とのつながり,32202,島根県,浜田市,農山村の小都市,2025,41.43969793633647,52.41063459686936
地域とのつながり,32202,島根県,浜田市,農山村の小都市,2026,45.40472471549892,53.577750275793726
地域とのつながり,32203,島根県,出雲市,地方の中心都市,2023,63.551408365629854,55.10174812482565
地域とのつながり,32203,島根県,出雲市,地方の中心都市,2024,59.68914889534839,55.10105297946441
地域とのつながり,32203,島根県,出雲市,地方の中心都市,2025,48.553460113108876,55.202860958483626
地域とのつながり,32203,島根県,出雲市,地方の中心都市,2026,61.42329473866929,55.22093769548791
地域とのつながり,32204,島根県,益田市,農山村の小都市,2024,48.03201418101439,54.79823689485663
地域とのつながり,32204,島根県,益田市,農山村の小都市,2025,59.705199002584216,54.08121484248429
地域とのつながり,32204,島根県,益田市,農山村の小都市,2026,54.63271096662696,53.35448587556806
地域とのつながり,32206,島根県,安来市,農山村の小都市,2024,56.26698242562577,51.728722184121374
地域とのつながり,32209,島根県,雲南市,農山村の小都市,2024,51.10835667009419,54.358524429494594
地域とのつながり,33100,岡山県,岡山市,都市部,2023,46.735072463892486,47.39452483302457
地域とのつながり,33100,岡山県,岡山市,都市部,2024,46.68511949393743,47.06194903137786
地域とのつながり,33100,岡山県,岡山市,都市部,2025,47.280494189106015,47.15825969703574
地域とのつながり,33100,岡山県,岡山市,都市部,2026,42.37886539017716,47.22033709013592
地域とのつながり,33202,岡山県,倉敷市,都市部,2023,43.5648926056603,51.58803363311722
地域とのつながり,33202,岡山県,倉敷市,都市部,2024,50.670211384658856,51.70223029862396
地域とのつながり,33202,岡山県,倉敷市,都市部,2025,59.665876077170296,51.72692738087974
地域とのつながり,33202,岡山県,倉敷市,都市部,2026,54.01096326944058,51.747746714712356
地域とのつながり,33203,岡山県,津山市,地方の中心都市,2023,51.64447135758081,51.8579781539348
地域とのつながり,33203,岡山県,津山市,地方の中心都市,2024,50.2575473477319,52.19865711977042
地域とのつながり,33203,岡山県,津山市,地方の中心都市,2025,49.20093875322565,52.66240823112297
地域とのつながり,33203,岡山県,津山市,地方の中心都市,2026,45.09062575587822,53.20753967580672
地域とのつながり,33204,岡山県,玉野市,地方の中心都市,2024,49.8225258763076,47.411373739700274
地域とのつながり,33204,岡山県,玉野市,地方の中心都市,2025,39.35128047605484,47.70703840496373
地域とのつながり,33204,岡山県,玉野市,地方の中心都市,2026,46.15838608104498,48.085564451253504
地域とのつながり,33205,岡山県,笠岡市,地方の中心都市,2024,51.95058620105305,46.4116842513053
地域とのつながり,33205,岡山県,笠岡市,地方の中心都市,2026,47.797922344609596,46.18858839960964
地域とのつながり,33207,岡山県,井原市,農山村の小都市,2024,60.87604837520097,51.55313098094909
地域とのつながり,33208,岡山県,総社市,地方の中心都市,2024,51.174260415531776,52.621072963478724
地域とのつながり,33208,岡山県,総社市,地方の中心都市,2025,59.88893982016231,51.53350764549245
地域とのつながり,33208,岡山県,総社市,地方の中心都市,2026,56.78642109531479,52.51863440328919
地域とのつながり,33211,岡山県,備前市,農山村の小都市,2023,51.061329125075005,49.89334095700936
地域とのつながり,33211,岡山県,備前市,農山村の小都市,2024,46.37853582811392,49.38642694846709
地域とのつながり,33212,岡山県,瀬戸内市,農山村の小都市,2024,43.39567115773782,51.45760037240998
地域とのつながり,33213,岡山県,赤磐市,農山村の小都市,2024,57.69116364555998,53.59285433014171
地域とのつながり,33681,岡山県,吉備中央町,農山村の小都市,2023,62.28093363696841,45.017551305744746
地域とのつながり,33681,岡山県,吉備中央町,農山村の小都市,2024,78.50356670166911,47.97565394646041
地域とのつながり,34100,広島県,広島市,都市部,2023,54.77637237754303,52.85997259349988
地域とのつながり,34100,広島県,広島市,都市部,2024,51.716452713064164,54.037712121382825
地域とのつながり,34100,広島県,広島市,都市部,2025,51.43561456212907,52.81201517396726
地域とのつながり,34100,広島県,広島市,都市部,2026,47.16874507639684,52.85843291243768
地域とのつながり,34202,広島県,呉市,地方の中心都市,2024,53.035101233292,45.08373754093102
地域とのつながり,34202,広島県,呉市,地方の中心都市,2025,47.64669975576235,44.76557252430276
地域とのつながり,34202,広島県,呉市,地方の中心都市,2026,53.41837056047034,44.376516100842316
地域とのつながり,34204,広島県,三原市,地方の中心都市,2023,48.073297279940675,47.91639424481892
地域とのつながり,34204,広島県,三原市,地方の中心都市,2024,45.5205656111941,48.32361431075952
地域とのつながり,34204,広島県,三原市,地方の中心都市,2025,35.135815255780194,48.651801858429266
地域とのつながり,34204,広島県,三原市,地方の中心都市,2026,45.35461131477492,48.270858281056995
地域とのつながり,34205,広島県,尾道市,地方の中心都市,2023,57.60273041825793,48.364158453622444
地域とのつながり,34205,広島県,尾道市,地方の中心都市,2024,50.45819182527245,48.11892587899653
地域とのつながり,34205,広島県,尾道市,地方の中心都市,2025,54.65841452799871,48.366179492784944
地域とのつながり,34205,広島県,尾道市,地方の中心都市,2026,53.98672469650495,48.56784673498861
地域とのつながり,34207,広島県,福山市,都市部,2023,46.01620494872016,51.95409207635943
地域とのつながり,34207,広島県,福山市,都市部,2024,34.90737628768924,51.951453562657306
地域とのつながり,34207,広島県,福山市,都市部,2025,46.57222552232054,52.298277930975345
地域とのつながり,34207,広島県,福山市,都市部,2026,41.383031761028455,52.07918784499734
地域とのつながり,34208,広島県,府中市,農山村の小都市,2024,41.9001876403809,51.79492543610322
地域とのつながり,34209,広島県,三次市,農山村の小都市,2024,63.16174449478376,52.256035941152994
地域とのつながり,34209,広島県,三次市,農山村の小都市,2025,60.53603361130973,52.78036597001572
地域とのつながり,34209,広島県,三次市,農山村の小都市,2026,56.64020953066442,53.38655367508697
地域とのつながり,34212,広島県,東広島市,地方の中心都市,2023,48.87341104678516,48.16185001962355
地域とのつながり,34212,広島県,東広島市,地方の中心都市,2024,54.22191432160214,48.81036482928546
地域とのつながり,34212,広島県,東広島市,地方の中心都市,2025,61.1748665931362,48.99922472462854
地域とのつながり,34212,広島県,東広島市,地方の中心都市,2026,57.139646639630605,48.69994323986786
地域とのつながり,34213,広島県,廿日市市,地方の中心都市,2023,59.31079359733838,52.4782736950552
地域とのつながり,34213,広島県,廿日市市,地方の中心都市,2024,67.34654815529028,52.44102516234506
地域とのつながり,34213,広島県,廿日市市,地方の中心都市,2025,64.53869400826747,52.31697404265025
地域とのつながり,34213,広島県,廿日市市,地方の中心都市,2026,59.32916315257058,52.86887753397158
地域とのつながり,34302,広島県,府中町,都市部,2024,65.47285429420893,53.57088353553444
地域とのつながり,34302,広島県,府中町,都市部,2025,66.18506442838282,53.65728765683821
地域とのつながり,34302,広島県,府中町,都市部,2026,67.98280034193347,53.158335666996706
地域とのつながり,35201,山口県,下関市,地方の中心都市,2023,45.002597984874726,47.41525649086488
地域とのつながり,35201,山口県,下関市,地方の中心都市,2024,49.86151158166209,47.24855103586239
地域とのつながり,35201,山口県,下関市,地方の中心都市,2025,65.60601447494562,47.23288229077481
地域とのつながり,35201,山口県,下関市,地方の中心都市,2026,49.48282759672651,47.85060476556143
地域とのつながり,35202,山口県,宇部市,地方の中心都市,2023,54.565991379529414,48.30138053228062
地域とのつながり,35202,山口県,宇部市,地方の中心都市,2024,57.99250471536392,48.85390242112297
地域とのつながり,35202,山口県,宇部市,地方の中心都市,2025,44.32247497984996,48.38769945844027
地域とのつながり,35202,山口県,宇部市,地方の中心都市,2026,49.387233666517666,48.71725602376475
地域とのつながり,35203,山口県,山口市,地方の中心都市,2023,53.87266007571441,51.36227901087851
地域とのつながり,35203,山口県,山口市,地方の中心都市,2024,58.74076730927534,51.58570328295557
地域とのつながり,35203,山口県,山口市,地方の中心都市,2025,51.26687583557197,51.394669424462535
地域とのつながり,35203,山口県,山口市,地方の中心都市,2026,59.755639921785146,51.52820112478412
地域とのつながり,35204,山口県,萩市,農山村の小都市,2024,55.48487368252656,52.340611259232624
地域とのつながり,35204,山口県,萩市,農山村の小都市,2026,57.818568279194366,53.2526039997055
地域とのつながり,35206,山口県,防府市,地方の中心都市,2023,37.56015161103815,48.7453975074583
地域とのつながり,35206,山口県,防府市,地方の中心都市,2024,52.56142608803737,48.76286145897053
地域とのつながり,35206,山口県,防府市,地方の中心都市,2025,46.067420821560496,48.701953061363454
地域とのつながり,35206,山口県,防府市,地方の中心都市,2026,58.19960142823128,49.12877035815804
地域とのつながり,35207,山口県,下松市,地方の中心都市,2023,50.58866104286377,49.72796791729152
地域とのつながり,35207,山口県,下松市,地方の中心都市,2024,52.99849471018863,50.29628538209189
地域とのつながり,35207,山口県,下松市,地方の中心都市,2025,56.42648298192441,50.99861231235945
地域とのつながり,35207,山口県,下松市,地方の中心都市,2026,58.23067643153305,50.33131141194067
地域とのつながり,35208,山口県,岩国市,地方の中心都市,2023,44.92646148338939,48.8181080059856
地域とのつながり,35208,山口県,岩国市,地方の中心都市,2024,48.33467688963185,48.97877122202884
地域とのつながり,35208,山口県,岩国市,地方の中心都市,2025,45.54853304169827,48.260959404187865
地域とのつながり,35208,山口県,岩国市,地方の中心都市,2026,45.00322490239901,49.15268343537645
地域とのつながり,35210,山口県,光市,地方の中心都市,2024,67.4768717645495,51.21677097408667
地域とのつながり,35210,山口県,光市,地方の中心都市,2026,46.26472562580538,50.52477325066824
地域とのつながり,35212,山口県,柳井市,農山村の小都市,2024,60.33007682246718,47.679505793057444
地域とのつながり,35215,山口県,周南市,地方の中心都市,2023,55.6618623430612,49.59653618663302
地域とのつながり,35215,山口県,周南市,地方の中心都市,2024,50.44872890462366,49.551974852148845
地域とのつながり,35215,山口県,周南市,地方の中心都市,2025,49.949477056377425,49.64164856620902
地域とのつながり,35215,山口県,周南市,地方の中心都市,2026,51.44944602488764,49.165281484687995
地域とのつながり,35216,山口県,山陽小野田市,地方の中心都市,2023,46.497060276490785,45.11657582088637
地域とのつながり,35216,山口県,山陽小野田市,地方の中心都市,2024,38.97809643701214,45.806055697644105
地域とのつながり,35216,山口県,山陽小野田市,地方の中心都市,2025,52.683706743896785,44.87351386000919
地域とのつながり,35216,山口県,山陽小野田市,地方の中心都市,2026,57.13367908011718,46.24529960981828
地域とのつながり,36201,徳島県,徳島市,都市部,2023,35.00830079124562,52.53568312417181
地域とのつながり,36201,徳島県,徳島市,都市部,2024,42.148317947199146,52.584413271665625
地域とのつながり,36201,徳島県,徳島市,都市部,2025,39.512958761601126,52.80737157027926
地域とのつながり,36201,徳島県,徳島市,都市部,2026,37.62946907942353,52.81262028700528
地域とのつながり,36202,徳島県,鳴門市,農山村の小都市,2023,44.6777526329682,49.99200067363245
地域とのつながり,36202,徳島県,鳴門市,農山村の小都市,2024,52.165565744800986,49.99674776575722
地域とのつながり,36202,徳島県,鳴門市,農山村の小都市,2025,43.376703815609304,49.56418020929539
地域とのつながり,36202,徳島県,鳴門市,農山村の小都市,2026,58.87717253616429,50.01861054376535
地域とのつながり,36203,徳島県,小松島市,地方の中心都市,2024,33.5755672964459,46.850072825486436
地域とのつながり,36204,徳島県,阿南市,地方の中心都市,2023,45.97721407644029,49.76424692642149
地域とのつながり,36204,徳島県,阿南市,地方の中心都市,2024,44.30527526466328,50.13203164396097
地域とのつながり,36204,徳島県,阿南市,地方の中心都市,2025,42.034066530157276,50.376364014796984
地域とのつながり,36204,徳島県,阿南市,地方の中心都市,2026,36.16238028524543,51.10087143676396
地域とのつながり,36205,徳島県,吉野川市,農山村の小都市,2024,44.625809682693685,53.06271337331165
地域とのつながり,36205,徳島県,吉野川市,農山村の小都市,2025,47.03935147697421,53.05428306055624
地域とのつながり,36205,徳島県,吉野川市,農山村の小都市,2026,37.75307015538635,53.378686284765685
地域とのつながり,36403,徳島県,藍住町,都市部,2024,41.49420809875771,52.36437490505799
地域とのつながり,37201,香川県,高松市,都市部,2023,48.299054850967146,53.34447302642563
地域とのつながり,37201,香川県,高松市,都市部,2024,42.86336435906669,52.907614503765004
地域とのつながり,37201,香川県,高松市,都市部,2025,50.55622615210293,53.344241815035
地域とのつながり,37201,香川県,高松市,都市部,2026,49.116613999651044,53.60129881740443
地域とのつながり,37202,香川県,丸亀市,地方の中心都市,2023,40.46025113050379,50.993820589520794
地域とのつながり,37202,香川県,丸亀市,地方の中心都市,2024,52.33229811792754,50.62609896107841
地域とのつながり,37202,香川県,丸亀市,地方の中心都市,2025,46.83360272240271,50.58279502891055
地域とのつながり,37202,香川県,丸亀市,地方の中心都市,2026,45.76559765970697,51.06856909201891
地域とのつながり,37203,香川県,坂出市,地方の中心都市,2023,48.43558491573325,45.126752385492345
地域とのつながり,37203,香川県,坂出市,地方の中心都市,2024,49.86433041768502,44.955444539912136
地域とのつながり,37203,香川県,坂出市,地方の中心都市,2025,39.49816887694246,45.69508315914324
地域とのつながり,37203,香川県,坂出市,地方の中心都市,2026,46.63066834640497,45.39984119955886
地域とのつながり,37205,香川県,観音寺市,地方の中心都市,2023,40.713792750756866,49.924878221078046
地域とのつながり,37205,香川県,観音寺市,地方の中心都市,2024,43.57427175974176,49.59613982043005
地域とのつながり,37205,香川県,観音寺市,地方の中心都市,2025,44.98202112150078,49.27159420837239
地域とのつながり,37205,香川県,観音寺市,地方の中心都市,2026,41.03075317411346,48.96732552865857
地域とのつながり,37206,香川県,さぬき市,農山村の小都市,2024,33.292810645308656,50.38648283451829
地域とのつながり,37206,香川県,さぬき市,農山村の小都市,2026,42.82440419445271,50.40318251364526
地域とのつながり,37208,香川県,三豊市,農山村の小都市,2023,60.286277226782346,51.51988908898075
地域とのつながり,37208,香川県,三豊市,農山村の小都市,2024,56.91647308179397,51.117609637685575
地域とのつながり,37208,香川県,三豊市,農山村の小都市,2025,52.26571088633868,50.844844224970096
地域とのつながり,37208,香川県,三豊市,農山村の小都市,2026,58.468543552928175,51.60806404820979
地域とのつながり,38201,愛媛県,松山市,都市部,2023,50.505550424607144,50.060734603642295
地域とのつながり,38201,愛媛県,松山市,都市部,2024,64.08889399232189,50.10349445437
地域とのつながり,38201,愛媛県,松山市,都市部,2025,54.85018721337261,50.543248485465135
地域とのつながり,38201,愛媛県,松山市,都市部,2026,53.28526724662728,50.67177960956438
地域とのつながり,38202,愛媛県,今治市,地方の中心都市,2023,53.211012626887566,48.74028077972945
地域とのつながり,38202,愛媛県,今治市,地方の中心都市,2024,55.779954609781065,48.74917419657369
地域とのつながり,38202,愛媛県,今治市,地方の中心都市,2025,54.43636758077264,48.81842696618816
地域とのつながり,38202,愛媛県,今治市,地方の中心都市,2026,51.69912748229258,48.12305664462407
地域とのつながり,38203,愛媛県,宇和島市,農山村の小都市,2023,33.705985398647165,49.337049073032425
地域とのつながり,38203,愛媛県,宇和島市,農山村の小都市,2024,40.00224247203032,49.97578952791234
地域とのつながり,38203,愛媛県,宇和島市,農山村の小都市,2025,39.9915761623192,49.15383324524394
地域とのつながり,38203,愛媛県,宇和島市,農山村の小都市,2026,40.6066789792582,50.10601272909123
地域とのつながり,38205,愛媛県,新居浜市,地方の中心都市,2023,42.733364766793144,51.0656783590465
地域とのつながり,38205,愛媛県,新居浜市,地方の中心都市,2024,41.89772582584476,51.25223702336851
地域とのつながり,38205,愛媛県,新居浜市,地方の中心都市,2025,43.69361559801356,51.2907474156842
地域とのつながり,38205,愛媛県,新居浜市,地方の中心都市,2026,51.32440541575201,51.36931334563164
地域とのつながり,38206,愛媛県,西条市,地方の中心都市,2023,60.5788272409276,50.42771485176773
地域とのつながり,38206,愛媛県,西条市,地方の中心都市,2024,55.926062199088996,51.244748534953
地域とのつながり,38206,愛媛県,西条市,地方の中心都市,2025,49.76853037442125,51.607188181522496
地域とのつながり,38206,愛媛県,西条市,地方の中心都市,2026,50.117461372811036,51.50046341320528
地域とのつながり,38207,愛媛県,大洲市,農山村の小都市,2024,49.17434746724644,47.728111674227264
地域とのつながり,38210,愛媛県,伊予市,農山村の小都市,2024,44.37579070032707,51.63588925588977
地域とのつながり,38213,愛媛県,四国中央市,地方の中心都市,2023,41.631900594567924,50.89855801057507
地域とのつながり,38213,愛媛県,四国中央市,地方の中心都市,2024,36.55101682817935,50.638311540050985
地域とのつながり,38213,愛媛県,四国中央市,地方の中心都市,2025,31.620637541707136,51.136505503154034
地域とのつながり,38213,愛媛県,四国中央市,地方の中心都市,2026,35.986746394480676,50.96766312852501
地域とのつながり,38215,愛媛県,東温市,農山村の小都市,2024,43.925103622743904,52.09424380304244
地域とのつながり,39201,高知県,高知市,地方の中心都市,2023,52.978765830026845,46.328035370787326
地域とのつながり,39201,高知県,高知市,地方の中心都市,2024,47.6022046363742,46.577982877465615
地域とのつながり,39201,高知県,高知市,地方の中心都市,2025,46.91220469119493,46.592088696125366
地域とのつながり,39201,高知県,高知市,地方の中心都市,2026,47.4640355315774,46.560011130337905
地域とのつながり,39204,高知県,南国市,農山村の小都市,2024,55.54831227886919,46.62755478277843
地域とのつながり,39204,高知県,南国市,農山村の小都市,2025,52.30234722264386,47.45743725504903
地域とのつながり,39204,高知県,南国市,農山村の小都市,2026,49.00595682225203,47.42695504214438
地域とのつながり,39208,高知県,宿毛市,農山村の小都市,2023,39.860748522786196,49.004625679130775
地域とのつながり,40100,福岡県,北九州市,都市部,2023,50.80509301887778,47.934145997733225
地域とのつながり,40100,福岡県,北九州市,都市部,2024,50.965897767776696,47.80655945025039
地域とのつながり,40100,福岡県,北九州市,都市部,2025,50.3610083692574,48.08968857775112
地域とのつながり,40100,福岡県,北九州市,都市部,2026,52.68430059087691,48.229856727004496
地域とのつながり,40130,福岡県,福岡市,都市部,2023,51.99855984567013,48.82816534722148
地域とのつながり,40130,福岡県,福岡市,都市部,2024,50.341356636366164,50.32047452330378
地域とのつながり,40130,福岡県,福岡市,都市部,2025,53.72454528003881,49.25192657505418
地域とのつながり,40130,福岡県,福岡市,都市部,2026,51.42732032170168,49.331799384458776
地域とのつながり,40202,福岡県,大牟田市,地方の中心都市,2023,42.29568447819747,42.00413116317384
地域とのつながり,40202,福岡県,大牟田市,地方の中心都市,2024,41.85923611430482,41.027991822928556
地域とのつながり,40202,福岡県,大牟田市,地方の中心都市,2025,45.77706729945001,41.84035939037048
地域とのつながり,40202,福岡県,大牟田市,地方の中心都市,2026,41.853589600778555,41.80423284222628
地域とのつながり,40203,福岡県,久留米市,都市部,2023,42.90565247394478,48.22492040963787
地域とのつながり,40203,福岡県,久留米市,都市部,2024,62.02181024022453,48.33015586634726
地域とのつながり,40203,福岡県,久留米市,都市部,2025,51.125799884592155,48.18667159465726
地域とのつながり,40203,福岡県,久留米市,都市部,2026,50.93735470659969,48.03964653454865
地域とのつながり,40204,福岡県,直方市,地方の中心都市,2024,32.8046069932839,45.94758577736533
地域とのつながり,40204,福岡県,直方市,地方の中心都市,2025,38.49838885102311,45.96315731230941
地域とのつながり,40204,福岡県,直方市,地方の中心都市,2026,35.00298243985672,47.17898566293789
地域とのつながり,40205,福岡県,飯塚市,地方の中心都市,2023,45.91009749459956,44.59293358318084
地域とのつながり,40205,福岡県,飯塚市,地方の中心都市,2024,39.2927373628984,44.453869765302414
地域とのつながり,40205,福岡県,飯塚市,地方の中心都市,2025,37.23640419169901,44.0397612238658
地域とのつながり,40205,福岡県,飯塚市,地方の中心都市,2026,33.90950906742194,44.317028992524385
地域とのつながり,40206,福岡県,田川市,地方の中心都市,2024,37.180943506795614,41.98855968944746
地域とのつながり,40206,福岡県,田川市,地方の中心都市,2026,16.967977264415687,41.66383116512712
地域とのつながり,40207,福岡県,柳川市,地方の中心都市,2024,47.369993903016436,43.6020919612187
地域とのつながり,40207,福岡県,柳川市,地方の中心都市,2025,54.265079164545,43.316520656528965
地域とのつながり,40207,福岡県,柳川市,地方の中心都市,2026,52.756806141504974,44.269181917846055
地域とのつながり,40210,福岡県,八女市,農山村の小都市,2023,47.370294766488044,51.59176310421875
地域とのつながり,40210,福岡県,八女市,農山村の小都市,2024,51.332357580224375,51.46980704297857
地域とのつながり,40210,福岡県,八女市,農山村の小都市,2025,54.51363294598387,51.61176951808245
地域とのつながり,40210,福岡県,八女市,農山村の小都市,2026,63.338103187213456,51.336133548604636
地域とのつながり,40211,福岡県,筑後市,都市部,2024,52.770652034222245,48.39221661534548
地域とのつながり,40211,福岡県,筑後市,都市部,2026,36.435101782870255,49.07093970477038
地域とのつながり,40213,福岡県,行橋市,地方の中心都市,2023,36.18966360790253,46.79609015749589
地域とのつながり,40213,福岡県,行橋市,地方の中心都市,2024,41.579717077478406,46.66454564675783
地域とのつながり,40213,福岡県,行橋市,地方の中心都市,2025,46.73511377376194,46.82839579644444
地域とのつながり,40213,福岡県,行橋市,地方の中心都市,2026,37.1551672708529,47.574072563226736
地域とのつながり,40214,福岡県,豊前市,農山村の小都市,2023,52.648106757272075,49.391127446756926
地域とのつながり,40215,福岡県,中間市,地方の中心都市,2024,34.70826089530568,40.98027470283628
地域とのつながり,40216,福岡県,小郡市,都市部,2023,51.08079510907247,44.63835861585426
地域とのつながり,40216,福岡県,小郡市,都市部,2024,62.569910251091926,44.19545165594591
地域とのつながり,40216,福岡県,小郡市,都市部,2025,58.450724790103195,44.66360326292946
地域とのつながり,40216,福岡県,小郡市,都市部,2026,58.467868585947585,44.90643133251899
地域とのつながり,40217,福岡県,筑紫野市,地方の中心都市,2024,48.814910612843285,50.01620755303927
地域とのつながり,40217,福岡県,筑紫野市,地方の中心都市,2025,51.97775263041713,49.97447830490991
地域とのつながり,40217,福岡県,筑紫野市,地方の中心都市,2026,50.90200534222375,50.22422428081281
地域とのつながり,40218,福岡県,春日市,都市部,2024,53.8021839148644,51.085451512889115
地域とのつながり,40218,福岡県,春日市,都市部,2025,60.14217891498587,51.10017273557325
地域とのつながり,40218,福岡県,春日市,都市部,2026,54.58626321001923,50.95073580665728
地域とのつながり,40219,福岡県,大野城市,都市部,2023,45.63573635405997,54.37249551183712
地域とのつながり,40219,福岡県,大野城市,都市部,2024,58.46948513594029,54.07055531005465
地域とのつながり,40219,福岡県,大野城市,都市部,2025,56.859693611337306,54.12657161889767
地域とのつながり,40219,福岡県,大野城市,都市部,2026,44.67954679045826,54.478573500675616
地域とのつながり,40220,福岡県,宗像市,地方の中心都市,2023,68.20411760471174,50.5590653644757
地域とのつながり,40220,福岡県,宗像市,地方の中心都市,2024,66.01466711727468,50.18939468127221
地域とのつながり,40220,福岡県,宗像市,地方の中心都市,2025,55.026841437382494,50.43554074657342
地域とのつながり,40220,福岡県,宗像市,地方の中心都市,2026,58.425636906126115,50.2714061434223
地域とのつながり,40221,福岡県,太宰府市,地方の中心都市,2023,56.629632152870805,54.02653504305719
地域とのつながり,40221,福岡県,太宰府市,地方の中心都市,2024,52.60305678634102,54.05428779806755
地域とのつながり,40221,福岡県,太宰府市,地方の中心都市,2025,54.37746134935453,53.72099559488047
地域とのつながり,40221,福岡県,太宰府市,地方の中心都市,2026,71.0915045382055,54.66664052892398
地域とのつながり,40223,福岡県,古賀市,地方の中心都市,2023,57.85702476245284,50.24840962315581
地域とのつながり,40223,福岡県,古賀市,地方の中心都市,2024,50.11621459541977,49.232571329618985
地域とのつながり,40223,福岡県,古賀市,地方の中心都市,2025,49.05738543340404,49.50067862905286
地域とのつながり,40223,福岡県,古賀市,地方の中心都市,2026,52.88296692415042,48.63961053646333
地域とのつながり,40224,福岡県,福津市,地方の中心都市,2024,65.3899175712281,51.736724107208346
地域とのつながり,40224,福岡県,福津市,地方の中心都市,2025,68.72835296860126,52.41937808926376
地域とのつながり,40224,福岡県,福津市,地方の中心都市,2026,60.140994766209474,51.99964199275473
地域とのつながり,40228,福岡県,朝倉市,農山村の小都市,2024,46.48104674674505,48.344212640102555
地域とのつながり,40228,福岡県,朝倉市,農山村の小都市,2025,55.63130076924228,49.23404383591907
地域とのつながり,40228,福岡県,朝倉市,農山村の小都市,2026,51.784842305791386,48.89382753203144
地域とのつながり,40230,福岡県,糸島市,地方の中心都市,2023,64.95860070778237,51.821224668324156
地域とのつながり,40230,福岡県,糸島市,地方の中心都市,2024,61.915312185607775,51.38928761235382
地域とのつながり,40230,福岡県,糸島市,地方の中心都市,2025,73.85003650692968,51.520524748277545
地域とのつながり,40230,福岡県,糸島市,地方の中心都市,2026,60.65136523235742,52.3848672113293
地域とのつながり,40231,福岡県,那珂川市,地方の中心都市,2024,50.37605891209225,56.34318296645952
地域とのつながり,40231,福岡県,那珂川市,地方の中心都市,2025,64.80364035217231,55.792335398784054
地域とのつながり,40231,福岡県,那珂川市,地方の中心都市,2026,48.57174484241606,55.8883959877951
地域とのつながり,40343,福岡県,志免町,都市部,2024,49.135398426512424,50.85588831665302
地域とのつながり,40343,福岡県,志免町,都市部,2026,57.14633962847381,51.13624453420944
地域とのつながり,40349,福岡県,粕屋町,都市部,2024,56.8744048409101,51.96570216847625
地域とのつながり,40349,福岡県,粕屋町,都市部,2026,54.55322142630145,51.210821606757925
地域とのつながり,40621,福岡県,苅田町,都市部,2024,45.17856424470729,46.88273573092004
地域とのつながり,41201,佐賀県,佐賀市,地方の中心都市,2023,51.562667869327896,51.45774735810081
地域とのつながり,41201,佐賀県,佐賀市,地方の中心都市,2024,52.34102952168254,51.42239100023128
地域とのつながり,41201,佐賀県,佐賀市,地方の中心都市,2025,69.45516486420613,51.837367493586996
地域とのつながり,41201,佐賀県,佐賀市,地方の中心都市,2026,47.3146885471935,51.782876857516726
地域とのつながり,41202,佐賀県,唐津市,農山村の小都市,2023,61.49036310149222,51.14078251684124
地域とのつながり,41202,佐賀県,唐津市,農山村の小都市,2024,56.88629847794279,50.484424777873144
地域とのつながり,41202,佐賀県,唐津市,農山村の小都市,2025,61.01758689965194,50.91557600844456
地域とのつながり,41202,佐賀県,唐津市,農山村の小都市,2026,57.42074580201132,50.937139473923885
地域とのつながり,41203,佐賀県,鳥栖市,都市部,2023,61.23385227574524,51.12953318649738
地域とのつながり,41203,佐賀県,鳥栖市,都市部,2024,63.62363311049375,51.94503960861168
地域とのつながり,41203,佐賀県,鳥栖市,都市部,2025,46.59874478655031,52.242594563369664
地域とのつながり,41203,佐賀県,鳥栖市,都市部,2026,47.422843169676156,51.70969076019188
地域とのつながり,41205,佐賀県,伊万里市,農山村の小都市,2024,34.53316332037554,50.932625136737535
地域とのつながり,41205,佐賀県,伊万里市,農山村の小都市,2025,46.581269283554725,50.86765744932558
地域とのつながり,41205,佐賀県,伊万里市,農山村の小都市,2026,50.64385665832136,50.3366021174727
地域とのつながり,41206,佐賀県,武雄市,地方の中心都市,2024,59.15383017050747,52.99888853278398
地域とのつながり,41206,佐賀県,武雄市,地方の中心都市,2026,58.84869735408459,52.09018078980229
地域とのつながり,41208,佐賀県,小城市,地方の中心都市,2024,55.11591909217096,52.42485942124078
地域とのつながり,41341,佐賀県,基山町,地方の中心都市,2023,67.72728845752054,54.43207598872647
地域とのつながり,41401,佐賀県,有田町,農山村の小都市,2023,72.53322783717297,54.03072717127956
地域とのつながり,42201,長崎県,長崎市,地方の中心都市,2023,53.56326703891633,47.82404604390587
地域とのつながり,42201,長崎県,長崎市,地方の中心都市,2024,60.95649120491802,47.74042864397746
地域とのつながり,42201,長崎県,長崎市,地方の中心都市,2025,46.391217262136045,47.804341225305386
地域とのつながり,42201,長崎県,長崎市,地方の中心都市,2026,47.16311289311968,47.752277804937634
地域とのつながり,42202,長崎県,佐世保市,地方の中心都市,2023,52.13021174391035,46.82485518578448
地域とのつながり,42202,長崎県,佐世保市,地方の中心都市,2024,39.6832924675338,47.15424773021513
地域とのつながり,42202,長崎県,佐世保市,地方の中心都市,2025,52.73289295534736,47.15269842695996
地域とのつながり,42202,長崎県,佐世保市,地方の中心都市,2026,45.14988139928789,46.93590963529024
地域とのつながり,42203,長崎県,島原市,農山村の小都市,2024,43.473594967737135,50.52607540921823
地域とのつながり,42204,長崎県,諫早市,地方の中心都市,2023,51.25896080378153,50.177706077446636
地域とのつながり,42204,長崎県,諫早市,地方の中心都市,2024,52.4734803019399,49.92700647938943
地域とのつながり,42204,長崎県,諫早市,地方の中心都市,2025,45.3676919214513,50.30030558244996
地域とのつながり,42204,長崎県,諫早市,地方の中心都市,2026,58.88344218433096,50.67812758672503
地域とのつながり,42205,長崎県,大村市,地方の中心都市,2023,50.10175283136587,51.51240306411511
地域とのつながり,42205,長崎県,大村市,地方の中心都市,2024,53.2640220195289,51.321061776412236
地域とのつながり,42205,長崎県,大村市,地方の中心都市,2025,56.207083222107855,51.87239997645413
地域とのつながり,42205,長崎県,大村市,地方の中心都市,2026,47.43016384178515,51.89411642059125
地域とのつながり,42214,長崎県,南島原市,農山村の小都市,2024,55.86706218659977,48.14316011291512
地域とのつながり,42307,長崎県,長与町,地方の中心都市,2024,68.0124523794956,55.44638959038513
地域とのつながり,43100,熊本県,熊本市,都市部,2023,53.66715948860382,48.6429319369584
地域とのつながり,43100,熊本県,熊本市,都市部,2024,55.7793334618076,49.84611249460868
地域とのつながり,43100,熊本県,熊本市,都市部,2025,54.88218985174161,48.72807820639688
地域とのつながり,43100,熊本県,熊本市,都市部,2026,52.238801658167404,48.623363563199135
地域とのつながり,43202,熊本県,八代市,農山村の小都市,2023,49.49021739520527,50.86305004040287
地域とのつながり,43202,熊本県,八代市,農山村の小都市,2024,40.54742959172551,51.22032530636721
地域とのつながり,43202,熊本県,八代市,農山村の小都市,2025,42.589206031369855,51.32477272492129
地域とのつながり,43202,熊本県,八代市,農山村の小都市,2026,42.62861169896934,51.31172696775598
地域とのつながり,43204,熊本県,荒尾市,地方の中心都市,2024,53.44006943080351,43.012329099074734
地域とのつながり,43204,熊本県,荒尾市,地方の中心都市,2025,44.45994349168656,44.19364071875384
地域とのつながり,43204,熊本県,荒尾市,地方の中心都市,2026,55.20522023896643,44.01165911774574
地域とのつながり,43206,熊本県,玉名市,農山村の小都市,2023,50.314909766044174,46.32741455334514
地域とのつながり,43206,熊本県,玉名市,農山村の小都市,2024,49.25154191681879,47.26838348549068
地域とのつながり,43206,熊本県,玉名市,農山村の小都市,2025,48.40221871452808,47.39213037497211
地域とのつながり,43206,熊本県,玉名市,農山村の小都市,2026,53.40439312584757,47.72643954939278
地域とのつながり,43208,熊本県,山鹿市,農山村の小都市,2024,45.1300996551822,49.499288373416036
地域とのつながり,43208,熊本県,山鹿市,農山村の小都市,2026,51.14433865428742,50.39656746723274
地域とのつながり,43210,熊本県,菊池市,農山村の小都市,2026,53.077456658208334,52.71185268512363
地域とのつながり,43213,熊本県,宇城市,農山村の小都市,2023,62.13478388212943,50.229198990013565
地域とのつながり,43213,熊本県,宇城市,農山村の小都市,2024,68.82560458577208,49.3732211418055
地域とのつながり,43213,熊本県,宇城市,農山村の小都市,2025,52.55944949243031,49.749018130208434
地域とのつながり,43213,熊本県,宇城市,農山村の小都市,2026,61.50363025965116,50.15432449242686
地域とのつながり,43215,熊本県,天草市,農山村の小都市,2023,60.01281708737066,49.349120323623204
地域とのつながり,43215,熊本県,天草市,農山村の小都市,2024,60.154750659954786,49.19900935531676
地域とのつながり,43215,熊本県,天草市,農山村の小都市,2025,63.773244149747164,48.94254421391545
地域とのつながり,43215,熊本県,天草市,農山村の小都市,2026,62.03039302803771,49.209395606924545
地域とのつながり,43216,熊本県,合志市,都市部,2024,54.252585744922264,52.3905960289172
地域とのつながり,43216,熊本県,合志市,都市部,2025,55.24746807596907,53.55866802546935
地域とのつながり,43216,熊本県,合志市,都市部,2026,69.77876564841202,53.052825481163836
地域とのつながり,43404,熊本県,菊陽町,都市部,2024,61.26908493396774,50.83549183310493
地域とのつながり,44201,大分県,大分市,都市部,2023,53.646379366507425,52.62605338014558
地域とのつながり,44201,大分県,大分市,都市部,2024,54.46267175149888,52.78767911797921
地域とのつながり,44201,大分県,大分市,都市部,2025,51.47610099841221,52.48686098010793
地域とのつながり,44201,大分県,大分市,都市部,2026,52.786697832180934,52.65557457201259
地域とのつながり,44202,大分県,別府市,地方の中心都市,2023,48.56178909699371,46.91448101667406
地域とのつながり,44202,大分県,別府市,地方の中心都市,2024,46.51267820203979,46.441571474832706
地域とのつながり,44202,大分県,別府市,地方の中心都市,2025,42.13646176498826,46.79522356737483
地域とのつながり,44202,大分県,別府市,地方の中心都市,2026,44.939968846815134,46.17025253048053
地域とのつながり,44203,大分県,中津市,地方の中心都市,2023,45.25119165723834,51.822400181611904
地域とのつながり,44203,大分県,中津市,地方の中心都市,2024,46.938115438657675,52.34095867492315
地域とのつながり,44203,大分県,中津市,地方の中心都市,2025,42.972447102216414,51.93166820264323
地域とのつながり,44203,大分県,中津市,地方の中心都市,2026,35.77239092587192,52.763973486015246
地域とのつながり,44204,大分県,日田市,農山村の小都市,2023,57.14442380491613,53.36093694950787
地域とのつながり,44204,大分県,日田市,農山村の小都市,2024,52.69431364086839,52.681415415303086
地域とのつながり,44204,大分県,日田市,農山村の小都市,2025,61.26669764201984,52.754939833295786
地域とのつながり,44204,大分県,日田市,農山村の小都市,2026,55.057250651745925,52.549059914716096
地域とのつながり,44205,大分県,佐伯市,農山村の小都市,2023,49.05724183102592,48.15037476839776
地域とのつながり,44205,大分県,佐伯市,農山村の小都市,2024,57.16643037506402,47.55474201780463
地域とのつながり,44205,大分県,佐伯市,農山村の小都市,2025,67.34659231154099,48.45351906601151
地域とのつながり,44205,大分県,佐伯市,農山村の小都市,2026,57.70204810663903,48.15157284866793
地域とのつながり,44211,大分県,宇佐市,農山村の小都市,2024,53.75164530524214,50.33091324628613
地域とのつながり,44211,大分県,宇佐市,農山村の小都市,2025,44.710774086736805,49.60114939244132
地域とのつながり,44211,大分県,宇佐市,農山村の小都市,2026,45.7184764773697,50.1630713401227
地域とのつながり,45201,宮崎県,宮崎市,地方の中心都市,2023,54.15645963859023,51.58078581545844
地域とのつながり,45201,宮崎県,宮崎市,地方の中心都市,2024,51.26203654265436,51.406619584555095
地域とのつながり,45201,宮崎県,宮崎市,地方の中心都市,2025,37.60657504544266,51.61668144211403
地域とのつながり,45201,宮崎県,宮崎市,地方の中心都市,2026,49.30665970172759,51.77228515427934
地域とのつながり,45202,宮崎県,都城市,地方の中心都市,2023,53.83026965452062,47.5188448150153
地域とのつながり,45202,宮崎県,都城市,地方の中心都市,2024,49.63146047465485,48.020894984008635
地域とのつながり,45202,宮崎県,都城市,地方の中心都市,2025,59.396806194584606,48.095910797768674
地域とのつながり,45202,宮崎県,都城市,地方の中心都市,2026,50.68273885054943,47.59076959800795
地域とのつながり,45203,宮崎県,延岡市,地方の中心都市,2023,57.09436302851831,49.270984158615136
地域とのつながり,45203,宮崎県,延岡市,地方の中心都市,2024,51.07623723479403,49.468834237428396
地域とのつながり,45203,宮崎県,延岡市,地方の中心都市,2025,57.758600346852006,49.82758443010675
地域とのつながり,45203,宮崎県,延岡市,地方の中心都市,2026,53.56190003182698,49.195342534696906
地域とのつながり,45204,宮崎県,日南市,農山村の小都市,2024,43.56433192963982,48.67045115233905
地域とのつながり,45204,宮崎県,日南市,農山村の小都市,2025,55.846577310687195,50.7106923629981
地域とのつながり,45204,宮崎県,日南市,農山村の小都市,2026,46.945613549441,50.22732198905985
地域とのつながり,45206,宮崎県,日向市,農山村の小都市,2024,42.69090856475225,51.71804560323079
地域とのつながり,45206,宮崎県,日向市,農山村の小都市,2025,54.775110972746184,50.61328906191628
地域とのつながり,45206,宮崎県,日向市,農山村の小都市,2026,47.31624668589351,49.86799594403116
地域とのつながり,46201,鹿児島県,鹿児島市,都市部,2023,44.84340469726869,52.10734360669976
地域とのつながり,46201,鹿児島県,鹿児島市,都市部,2024,54.273428758524176,52.179104949705184
地域とのつながり,46201,鹿児島県,鹿児島市,都市部,2025,46.366181754345455,52.36815993060839
地域とのつながり,46201,鹿児島県,鹿児島市,都市部,2026,55.26281742640942,52.43363661881958
地域とのつながり,46203,鹿児島県,鹿屋市,農山村の小都市,2023,35.32399606842907,50.15914195222266
地域とのつながり,46203,鹿児島県,鹿屋市,農山村の小都市,2024,39.28822241635716,51.57301927294416
地域とのつながり,46203,鹿児島県,鹿屋市,農山村の小都市,2025,41.721466032628356,51.33455947080615
地域とのつながり,46203,鹿児島県,鹿屋市,農山村の小都市,2026,39.82157088655153,51.41107672210892
地域とのつながり,46208,鹿児島県,出水市,農山村の小都市,2024,50.007519979685696,48.585483286831376
地域とのつながり,46208,鹿児島県,出水市,農山村の小都市,2025,52.45762046432063,47.94704380571642
地域とのつながり,46208,鹿児島県,出水市,農山村の小都市,2026,45.409552862764585,48.210034646847554
地域とのつながり,46215,鹿児島県,薩摩川内市,地方の中心都市,2023,47.29163554787047,46.68366613297021
地域とのつながり,46215,鹿児島県,薩摩川内市,地方の中心都市,2024,62.28698423110379,46.99712810976062
地域とのつながり,46215,鹿児島県,薩摩川内市,地方の中心都市,2025,52.37408386637783,46.715279099155225
地域とのつながり,46215,鹿児島県,薩摩川内市,地方の中心都市,2026,54.16263091187806,46.74134419941398
地域とのつながり,46216,鹿児島県,日置市,農山村の小都市,2024,56.03157239507276,46.625218213155954
地域とのつながり,46216,鹿児島県,日置市,農山村の小都市,2026,60.8431683441642,46.63364430063796
地域とのつながり,46218,鹿児島県,霧島市,地方の中心都市,2023,50.567156243186226,50.106440112224355
地域とのつながり,46218,鹿児島県,霧島市,地方の中心都市,2024,52.39678138885247,50.31499350839176
地域とのつながり,46218,鹿児島県,霧島市,地方の中心都市,2025,53.44872346212985,50.22364875420303
地域とのつながり,46218,鹿児島県,霧島市,地方の中心都市,2026,46.01881368221147,50.42096315366214
地域とのつながり,46222,鹿児島県,奄美市,農山村の小都市,2024,66.75030590808181,54.92218360788059
地域とのつながり,46225,鹿児島県,姶良市,地方の中心都市,2024,56.5723516864561,51.66481568578395
地域とのつながり,46225,鹿児島県,姶良市,地方の中心都市,2025,67.9867799993732,50.865581343163846
地域とのつながり,46225,鹿児島県,姶良市,地方の中心都市,2026,55.27142299088372,51.15282109031292
地域とのつながり,47201,沖縄県,那覇市,都市部,2023,42.62774715836716,43.398859260643704
地域とのつながり,47201,沖縄県,那覇市,都市部,2024,51.06993792984804,43.87516538983238
地域とのつながり,47201,沖縄県,那覇市,都市部,2025,52.42791041686019,44.134334132625284
地域とのつながり,47201,沖縄県,那覇市,都市部,2026,52.23103547950175,44.309845873255746
地域とのつながり,47205,沖縄県,宜野湾市,都市部,2024,60.941283165713735,47.30982897937168
地域とのつながり,47205,沖縄県,宜野湾市,都市部,2025,51.02536372580745,45.96944571979152
地域とのつながり,47205,沖縄県,宜野湾市,都市部,2026,51.07993324246088,46.75227394586593
地域とのつながり,47207,沖縄県,石垣市,地方の中心都市,2024,67.34790274434987,47.714015489220365
地域とのつながり,47207,沖縄県,石垣市,地方の中心都市,2026,50.437816784127214,48.02538786569545
地域とのつながり,47208,沖縄県,浦添市,都市部,2023,51.92539345730877,46.87146392776021
地域とのつながり,47208,沖縄県,浦添市,都市部,2024,48.701754689006556,46.87313458090356
地域とのつながり,47208,沖縄県,浦添市,都市部,2025,52.78032182058966,46.34339816883143
地域とのつながり,47208,沖縄県,浦添市,都市部,2026,44.338963830315734,46.63945912070296
地域とのつながり,47209,沖縄県,名護市,地方の中心都市,2026,49.657481467353556,45.65476883784485
地域とのつながり,47210,沖縄県,糸満市,都市部,2026,49.22474010597264,42.896421248736324
地域とのつながり,47211,沖縄県,沖縄市,都市部,2023,44.62443452067807,45.42281854629625
地域とのつながり,47211,沖縄県,沖縄市,都市部,2024,41.514029790539894,45.01778567372742
地域とのつながり,47211,沖縄県,沖縄市,都市部,2025,47.23014218593444,45.65886913678277
地域とのつながり,47211,沖縄県,沖縄市,都市部,2026,49.00107713831726,45.804424247082586
地域とのつながり,47212,沖縄県,豊見城市,都市部,2026,41.71959044308552,49.79114786365447
地域とのつながり,47213,沖縄県,うるま市,都市部,2023,54.863370129367645,39.4700275554294
地域とのつながり,47213,沖縄県,うるま市,都市部,2024,54.496580829963555,39.23681663022288
地域とのつながり,47213,沖縄県,うるま市,都市部,2025,65.2435483304475,39.89734201494969
地域とのつながり,47213,沖縄県,うるま市,都市部,2026,68.63479358442113,39.663800652797235
地域とのつながり,47214,沖縄県,宮古島市,農山村の小都市,2026,55.049637442591695,49.25561705036463
自己効力感,01100,北海道,札幌市,都市部,2023,56.42386046441082,53.136172316651034
自己効力感,01100,北海道,札幌市,都市部,2024,57.24424856393247,54.085016678921015
自己効力感,01100,北海道,札幌市,都市部,2025,54.55716834321581,53.2577616569153
自己効力感,01100,北海道,札幌市,都市部,2026,55.24288655300223,53.20160430171052
自己効力感,01202,北海道,函館市,地方の中心都市,2023,29.6308971412754,46.01449688924184
自己効力感,01202,北海道,函館市,地方の中心都市,2024,47.86582849401856,46.82050869884898
自己効力感,01202,北海道,函館市,地方の中心都市,2025,36.31636617242861,45.96850281535536
自己効力感,01202,北海道,函館市,地方の中心都市,2026,41.634316799653654,45.97306676585343
自己効力感,01203,北海道,小樽市,地方の中心都市,2023,39.0626086471476,42.66142208103016
自己効力感,01203,北海道,小樽市,地方の中心都市,2024,48.95866002971207,43.47597819834452
自己効力感,01203,北海道,小樽市,地方の中心都市,2025,51.204841399080934,42.3740813574445
自己効力感,01203,北海道,小樽市,地方の中心都市,2026,50.33563329781276,42.408552032223454
自己効力感,01204,北海道,旭川市,地方の中心都市,2023,40.183722441338375,44.42356007748144
自己効力感,01204,北海道,旭川市,地方の中心都市,2024,47.31209416341087,45.41793137925187
自己効力感,01204,北海道,旭川市,地方の中心都市,2025,35.44452501107699,44.22554113109901
自己効力感,01204,北海道,旭川市,地方の中心都市,2026,48.67773014511947,44.28512812695441
自己効力感,01205,北海道,室蘭市,地方の中心都市,2023,51.887988909205696,45.32105209975137
自己効力感,01205,北海道,室蘭市,地方の中心都市,2024,41.43328638893941,46.403592912659164
自己効力感,01205,北海道,室蘭市,地方の中心都市,2025,58.93945860838561,45.399719566671905
自己効力感,01205,北海道,室蘭市,地方の中心都市,2026,52.6297056410606,45.42724418982546
自己効力感,01206,北海道,釧路市,地方の中心都市,2024,54.17576644661184,43.20529710641748
自己効力感,01206,北海道,釧路市,地方の中心都市,2025,44.786843264472864,42.03892513354389
自己効力感,01206,北海道,釧路市,地方の中心都市,2026,45.461504893097434,42.38552018123297
自己効力感,01207,北海道,帯広市,地方の中心都市,2024,40.29655212135653,43.781590794809375
自己効力感,01207,北海道,帯広市,地方の中心都市,2025,54.502928845903966,42.67060200138586
自己効力感,01207,北海道,帯広市,地方の中心都市,2026,45.3042802573384,42.8023358389797
自己効力感,01208,北海道,北見市,農山村の小都市,2023,51.22474037525976,40.56374577296339
自己効力感,01208,北海道,北見市,農山村の小都市,2024,39.977119625538634,41.549499277316855
自己効力感,01208,北海道,北見市,農山村の小都市,2025,34.20172295588923,40.13771663632811
自己効力感,01208,北海道,北見市,農山村の小都市,2026,27.566767668583037,39.82310963171068
自己効力感,01210,北海道,岩見沢市,農山村の小都市,2023,29.965890295513418,36.6334585134632
自己効力感,01210,北海道,岩見沢市,農山村の小都市,2024,44.50071787520331,37.78999671658695
自己効力感,01210,北海道,岩見沢市,農山村の小都市,2025,57.45996954125186,36.601430314453715
自己効力感,01210,北海道,岩見沢市,農山村の小都市,2026,43.81602914265025,36.079430881757915
自己効力感,01211,北海道,網走市,農山村の小都市,2024,51.562640705246906,37.369792045686324
自己効力感,01213,北海道,苫小牧市,地方の中心都市,2024,54.50055755410935,45.437846429210175
自己効力感,01213,北海道,苫小牧市,地方の中心都市,2025,55.9067150347654,44.791605479066995
自己効力感,01213,北海道,苫小牧市,地方の中心都市,2026,51.517451890905804,44.54738071983196
自己効力感,01217,北海道,江別市,地方の中心都市,2023,48.996378561862095,42.204841078397
自己効力感,01217,北海道,江別市,地方の中心都市,2024,48.87893199904815,43.304033353713024
自己効力感,01217,北海道,江別市,地方の中心都市,2025,45.401663868204444,42.290576003378085
自己効力感,01217,北海道,江別市,地方の中心都市,2026,52.624242648071764,42.499560891679174
自己効力感,01222,北海道,三笠市,農山村の小都市,2023,17.672240019415515,27.8237635365953
自己効力感,01224,北海道,千歳市,地方の中心都市,2023,31.076945499365152,43.82135720032062
自己効力感,01224,北海道,千歳市,地方の中心都市,2024,49.76354137285665,45.17873081416677
自己効力感,01224,北海道,千歳市,地方の中心都市,2025,49.58108138094626,43.158965161570585
自己効力感,01224,北海道,千歳市,地方の中心都市,2026,52.78296762018959,43.44538035935075
自己効力感,01225,北海道,滝川市,地方の中心都市,2024,20.750157263749166,40.90107476610853
自己効力感,01230,北海道,登別市,地方の中心都市,2024,41.92173765427862,45.16181136586966
自己効力感,01230,北海道,登別市,地方の中心都市,2026,49.92741118289939,43.5156813181341
自己効力感,01231,北海道,恵庭市,地方の中心都市,2023,56.52646829726905,44.29574096215819
自己効力感,01231,北海道,恵庭市,地方の中心都市,2024,46.70411500058497,45.558925876873715
自己効力感,01231,北海道,恵庭市,地方の中心都市,2025,52.83467441176692,43.98496727424084
自己効力感,01231,北海道,恵庭市,地方の中心都市,2026,63.43924466052147,43.464856452202305
自己効力感,01234,北海道,北広島市,地方の中心都市,2023,44.15751962605814,43.39389418373805
自己効力感,01234,北海道,北広島市,地方の中心都市,2024,54.528514456630894,44.3054557296602
自己効力感,01234,北海道,北広島市,地方の中心都市,2025,54.854470606575,43.224301766927994
自己効力感,01234,北海道,北広島市,地方の中心都市,2026,32.811609418105164,43.1229318189399
自己効力感,01235,北海道,石狩市,地方の中心都市,2023,50.43000720645543,41.22802398698242
自己効力感,01235,北海道,石狩市,地方の中心都市,2024,53.11039616408954,41.86770588434539
自己効力感,01235,北海道,石狩市,地方の中心都市,2025,48.09578762052494,40.46130861739536
自己効力感,01235,北海道,石狩市,地方の中心都市,2026,57.637557814639244,40.761881875056595
自己効力感,01236,北海道,北斗市,農山村の小都市,2024,34.35485690455307,38.41713116248235
自己効力感,01236,北海道,北斗市,農山村の小都市,2026,38.58701711408625,37.43152640872958
自己効力感,01631,北海道,音更町,農山村の小都市,2024,49.76132710375426,35.975915348849654
自己効力感,02201,青森県,青森市,地方の中心都市,2023,41.98457799814729,43.65129383666084
自己効力感,02201,青森県,青森市,地方の中心都市,2024,51.1324716228559,44.41025400670642
自己効力感,02201,青森県,青森市,地方の中心都市,2025,49.69112734943152,43.34339869842549
自己効力感,02201,青森県,青森市,地方の中心都市,2026,33.99910843008659,43.24957195870822
自己効力感,02202,青森県,弘前市,農山村の小都市,2024,38.21313994398627,42.025812592977964
自己効力感,02202,青森県,弘前市,農山村の小都市,2025,34.672049004776625,40.92689905759487
自己効力感,02202,青森県,弘前市,農山村の小都市,2026,24.42221105295756,41.02883802567749
自己効力感,02203,青森県,八戸市,地方の中心都市,2023,33.12673216215772,43.50383406153134
自己効力感,02203,青森県,八戸市,地方の中心都市,2024,32.61475103968672,44.057741694523436
自己効力感,02203,青森県,八戸市,地方の中心都市,2025,46.99745291202733,43.22146778950007
自己効力感,02203,青森県,八戸市,地方の中心都市,2026,43.46579556655499,43.22060597195644
自己効力感,02205,青森県,五所川原市,農山村の小都市,2024,35.447898108407685,35.81430611568537
自己効力感,02205,青森県,五所川原市,農山村の小都市,2025,16.763665255889343,35.10028728861467
自己効力感,02205,青森県,五所川原市,農山村の小都市,2026,41.83211649156555,34.88395155813439
自己効力感,02206,青森県,十和田市,農山村の小都市,2023,38.13684603639755,38.73514549316475
自己効力感,02206,青森県,十和田市,農山村の小都市,2024,33.00832326237439,39.700880686401234
自己効力感,02206,青森県,十和田市,農山村の小都市,2025,40.19794992206352,38.091713046515565
自己効力感,02206,青森県,十和田市,農山村の小都市,2026,33.32323831882169,38.414687134801135
自己効力感,02207,青森県,三沢市,地方の中心都市,2024,39.473676033175494,39.43883584579529
自己効力感,02208,青森県,むつ市,農山村の小都市,2023,33.1457077673269,37.89641477873129
自己効力感,02208,青森県,むつ市,農山村の小都市,2024,51.049133797348766,38.74589841621988
自己効力感,02208,青森県,むつ市,農山村の小都市,2025,40.018642681023,37.651105329808914
自己効力感,02208,青森県,むつ市,農山村の小都市,2026,36.32058527825651,37.65972199145065
自己効力感,03201,岩手県,盛岡市,地方の中心都市,2023,42.854842892091426,45.945716454690356
自己効力感,03201,岩手県,盛岡市,地方の中心都市,2024,50.41792333002176,46.86621094793911
自己効力感,03201,岩手県,盛岡市,地方の中心都市,2025,48.32911955194475,45.87579121427941
自己効力感,03201,岩手県,盛岡市,地方の中心都市,2026,37.036888154412665,45.89841336283544
自己効力感,03202,岩手県,宮古市,農山村の小都市,2024,16.01095396191746,35.85550063144221
自己効力感,03202,岩手県,宮古市,農山村の小都市,2025,20.714483163253945,34.536360688759835
自己効力感,03202,岩手県,宮古市,農山村の小都市,2026,4.641776258202107,34.987129857143934
自己効力感,03205,岩手県,花巻市,農山村の小都市,2024,37.943009379965204,40.52246273677581
自己効力感,03205,岩手県,花巻市,農山村の小都市,2025,39.929426814822946,39.55719696354915
自己効力感,03205,岩手県,花巻市,農山村の小都市,2026,27.75522310234821,39.46213749495359
自己効力感,03206,岩手県,北上市,地方の中心都市,2023,36.42668775193591,42.44672273488111
自己効力感,03206,岩手県,北上市,地方の中心都市,2024,40.031930329120186,42.79224983486901
自己効力感,03206,岩手県,北上市,地方の中心都市,2025,48.71451031636316,41.87227121728846
自己効力感,03206,岩手県,北上市,地方の中心都市,2026,39.28918404298525,41.81942635556515
自己効力感,03209,岩手県,一関市,農山村の小都市,2023,38.744778374377695,37.220350569782745
自己効力感,03209,岩手県,一関市,農山村の小都市,2024,18.41885114907826,38.08762604621098
自己効力感,03209,岩手県,一関市,農山村の小都市,2025,43.08984989834026,37.15179662987849
自己効力感,03209,岩手県,一関市,農山村の小都市,2026,26.31062396179305,36.97003653840775
自己効力感,03215,岩手県,奥州市,農山村の小都市,2023,28.478690987148465,38.888972431399424
自己効力感,03215,岩手県,奥州市,農山村の小都市,2024,40.77928820322108,39.3709390183348
自己効力感,03215,岩手県,奥州市,農山村の小都市,2025,32.18663683829158,38.16802553053134
自己効力感,03215,岩手県,奥州市,農山村の小都市,2026,34.8829650715785,38.64876982091204
自己効力感,03216,岩手県,滝沢市,地方の中心都市,2024,39.00617917722979,45.07308568636905
自己効力感,03216,岩手県,滝沢市,地方の中心都市,2025,32.72964191930516,43.77104320593061
自己効力感,03216,岩手県,滝沢市,地方の中心都市,2026,46.66651955400561,43.641057556866
自己効力感,03321,岩手県,紫波町,農山村の小都市,2024,32.61825656480151,42.04994367955811
自己効力感,03322,岩手県,矢巾町,地方の中心都市,2024,50.54981689036336,42.265177711496236
自己効力感,04100,宮城県,仙台市,都市部,2023,50.98564551398419,51.407864779651014
自己効力感,04100,宮城県,仙台市,都市部,2024,52.680539181715965,52.205402526660926
自己効力感,04100,宮城県,仙台市,都市部,2025,49.82581895817828,51.150070681357334
自己効力感,04100,宮城県,仙台市,都市部,2026,50.43104764971374,51.19915116489406
自己効力感,04202,宮城県,石巻市,地方の中心都市,2024,33.49501109929317,41.084171972162125
自己効力感,04202,宮城県,石巻市,地方の中心都市,2025,27.976497304172756,39.962250771051735
自己効力感,04202,宮城県,石巻市,地方の中心都市,2026,32.25590526304899,39.883280959705566
自己効力感,04203,宮城県,塩竈市,地方の中心都市,2023,34.31107527085244,46.56855778483812
自己効力感,04203,宮城県,塩竈市,地方の中心都市,2024,35.40757438777338,47.82818291183107
自己効力感,04203,宮城県,塩竈市,地方の中心都市,2025,44.93118169429135,46.86392378198116
自己効力感,04203,宮城県,塩竈市,地方の中心都市,2026,26.00037832676741,46.49692685729768
自己効力感,04205,宮城県,気仙沼市,農山村の小都市,2023,26.837310815709355,40.57219430319111
自己効力感,04205,宮城県,気仙沼市,農山村の小都市,2024,43.42201321567421,41.3998089730039
自己効力感,04205,宮城県,気仙沼市,農山村の小都市,2025,38.98874529033379,40.22445007883021
自己効力感,04205,宮城県,気仙沼市,農山村の小都市,2026,17.496774049646973,40.291928239866
自己効力感,04207,宮城県,名取市,都市部,2023,45.70078741253948,45.448876605411506
自己効力感,04207,宮城県,名取市,都市部,2024,53.29468999130663,46.348153076031124
自己効力感,04207,宮城県,名取市,都市部,2025,42.20763133456053,45.228907799186196
自己効力感,04207,宮城県,名取市,都市部,2026,58.58748171391191,45.161137165942506
自己効力感,04209,宮城県,多賀城市,都市部,2023,46.55049817425062,49.66284046505719
自己効力感,04209,宮城県,多賀城市,都市部,2024,39.65561342793018,50.35604900408194
自己効力感,04209,宮城県,多賀城市,都市部,2025,31.996271034914656,48.95702473190181
自己効力感,04209,宮城県,多賀城市,都市部,2026,29.05077235369837,49.27268172028107
自己効力感,04211,宮城県,岩沼市,地方の中心都市,2024,36.9272990745972,44.52799121548339
自己効力感,04212,宮城県,登米市,農山村の小都市,2024,36.12084936554453,37.83976209952108
自己効力感,04212,宮城県,登米市,農山村の小都市,2025,24.665034605137052,36.87534493380427
自己効力感,04212,宮城県,登米市,農山村の小都市,2026,23.58905857838859,36.65240497682999
自己効力感,04213,宮城県,栗原市,農山村の小都市,2023,41.26274876708021,36.409034268328135
自己効力感,04213,宮城県,栗原市,農山村の小都市,2024,37.493461219079165,37.04114783274974
自己効力感,04213,宮城県,栗原市,農山村の小都市,2025,16.919136319748965,35.87473233503942
自己効力感,04213,宮城県,栗原市,農山村の小都市,2026,33.683545848564954,35.732153814464425
自己効力感,04214,宮城県,東松島市,地方の中心都市,2024,33.169185765473564,37.63181683501995
自己効力感,04215,宮城県,大崎市,地方の中心都市,2024,46.21980008258727,39.803638241299836
自己効力感,04215,宮城県,大崎市,地方の中心都市,2025,32.78054637615456,38.59653592949341
自己効力感,04215,宮城県,大崎市,地方の中心都市,2026,40.54436230162343,38.40456061073395
自己効力感,04216,宮城県,富谷市,都市部,2024,67.41480663654991,51.87238641639229
自己効力感,04216,宮城県,富谷市,都市部,2025,60.11059480914086,50.88505180637854
自己効力感,04216,宮城県,富谷市,都市部,2026,42.17629113539367,50.71904516056058
自己効力感,04323,宮城県,柴田町,地方の中心都市,2024,31.176065920730363,42.40000531103241
自己効力感,05201,秋田県,秋田市,地方の中心都市,2023,39.19383808470124,45.48781862083097
自己効力感,05201,秋田県,秋田市,地方の中心都市,2024,28.077968123978046,46.32953396734898
自己効力感,05201,秋田県,秋田市,地方の中心都市,2025,55.265836302104034,45.164445583305145
自己効力感,05201,秋田県,秋田市,地方の中心都市,2026,41.71410955341385,44.96398101103062
自己効力感,05202,秋田県,能代市,農山村の小都市,2024,27.758718614073473,35.59047067659738
自己効力感,05202,秋田県,能代市,農山村の小都市,2025,40.82196419752103,34.48523053974212
自己効力感,05202,秋田県,能代市,農山村の小都市,2026,29.018308185874492,34.09508267581856
自己効力感,05203,秋田県,横手市,農山村の小都市,2023,34.980356957769445,37.59671664963191
自己効力感,05203,秋田県,横手市,農山村の小都市,2024,41.264820914690766,38.24201180977814
自己効力感,05203,秋田県,横手市,農山村の小都市,2025,32.7161445099576,37.39004317817389
自己効力感,05203,秋田県,横手市,農山村の小都市,2026,35.94617487985271,37.163007518502994
自己効力感,05204,秋田県,大館市,農山村の小都市,2023,41.74076578787757,38.160002670091224
自己効力感,05204,秋田県,大館市,農山村の小都市,2024,34.55907813669258,38.89142559716087
自己効力感,05204,秋田県,大館市,農山村の小都市,2025,50.2214390489524,37.62077502506557
自己効力感,05204,秋田県,大館市,農山村の小都市,2026,42.51912428237253,37.50924522496189
自己効力感,05207,秋田県,湯沢市,農山村の小都市,2024,41.799663027152356,35.752563334121824
自己効力感,05210,秋田県,由利本荘市,農山村の小都市,2023,24.226933374488784,38.51395514924357
自己効力感,05210,秋田県,由利本荘市,農山村の小都市,2024,33.18672184469388,39.55086348272232
自己効力感,05210,秋田県,由利本荘市,農山村の小都市,2025,33.57181732376779,38.13115416996995
自己効力感,05210,秋田県,由利本荘市,農山村の小都市,2026,31.859314075422528,37.896414565005635
自己効力感,05211,秋田県,潟上市,農山村の小都市,2024,35.738076570345555,41.118324958088934
自己効力感,05212,秋田県,大仙市,農山村の小都市,2023,25.070476942295247,36.221256028540594
自己効力感,05212,秋田県,大仙市,農山村の小都市,2024,32.7361219691461,37.25528631047254
自己効力感,05212,秋田県,大仙市,農山村の小都市,2025,29.703992150118392,35.98472227003934
自己効力感,05212,秋田県,大仙市,農山村の小都市,2026,28.37561254691945,35.67355809758744
自己効力感,06201,山形県,山形市,地方の中心都市,2023,40.72076165315458,47.38049934652914
自己効力感,06201,山形県,山形市,地方の中心都市,2024,35.04947482748623,48.35784048889376
自己効力感,06201,山形県,山形市,地方の中心都市,2025,34.00835168928768,47.385068723620094
自己効力感,06201,山形県,山形市,地方の中心都市,2026,27.602204898747154,47.332956990375976
自己効力感,06202,山形県,米沢市,地方の中心都市,2023,38.36859674879139,43.293381491459144
自己効力感,06202,山形県,米沢市,地方の中心都市,2024,49.318106175714625,43.20503957214527
自己効力感,06202,山形県,米沢市,地方の中心都市,2025,45.60451680485447,42.255586633102496
自己効力感,06202,山形県,米沢市,地方の中心都市,2026,41.90771453585632,42.31855729567762
自己効力感,06203,山形県,鶴岡市,農山村の小都市,2024,47.36388466683346,41.22505905640731
自己効力感,06203,山形県,鶴岡市,農山村の小都市,2025,28.549606174668476,39.95220358895442
自己効力感,06203,山形県,鶴岡市,農山村の小都市,2026,24.97857806077537,39.86727310001819
自己効力感,06204,山形県,酒田市,農山村の小都市,2023,40.69633113663801,40.127467387870205
自己効力感,06204,山形県,酒田市,農山村の小都市,2024,27.51464190057494,41.025585000881755
自己効力感,06204,山形県,酒田市,農山村の小都市,2025,38.521931022523496,39.68990642619029
自己効力感,06204,山形県,酒田市,農山村の小都市,2026,27.33734894545097,39.772383721298056
自己効力感,06206,山形県,寒河江市,農山村の小都市,2024,27.013749210821477,42.85990750366487
自己効力感,06209,山形県,長井市,農山村の小都市,2023,26.330020454225046,41.42870439553103
自己効力感,06210,山形県,天童市,地方の中心都市,2023,30.202403582930756,42.375833913144305
自己効力感,06210,山形県,天童市,地方の中心都市,2024,30.717340332666964,43.421400708309825
自己効力感,06210,山形県,天童市,地方の中心都市,2025,50.59063973764511,42.504765962936126
自己効力感,06210,山形県,天童市,地方の中心都市,2026,36.702898959614075,42.265847329811926
自己効力感,06211,山形県,東根市,農山村の小都市,2024,32.30238089122247,45.517311715400936
自己効力感,06211,山形県,東根市,農山村の小都市,2026,29.248200136662525,44.55373319635205
自己効力感,07201,福島県,福島市,地方の中心都市,2023,37.10949789495038,45.48388822353637
自己効力感,07201,福島県,福島市,地方の中心都市,2024,41.704245258116586,46.36856575181851
自己効力感,07201,福島県,福島市,地方の中心都市,2025,36.55459337582784,45.212853896277416
自己効力感,07201,福島県,福島市,地方の中心都市,2026,50.36773036190459,45.24402910318542
自己効力感,07202,福島県,会津若松市,地方の中心都市,2023,44.53633968891923,44.649001869822904
自己効力感,07202,福島県,会津若松市,地方の中心都市,2024,40.720237416623284,45.187733316407616
自己効力感,07202,福島県,会津若松市,地方の中心都市,2025,55.23839963523852,44.34370440781103
自己効力感,07202,福島県,会津若松市,地方の中心都市,2026,47.15869797268795,44.102838590665286
自己効力感,07203,福島県,郡山市,地方の中心都市,2023,53.43010122849485,44.80817092671552
自己効力感,07203,福島県,郡山市,地方の中心都市,2024,49.114253477355334,45.79527637550159
自己効力感,07203,福島県,郡山市,地方の中心都市,2025,55.61559402403795,44.75537713641749
自己効力感,07203,福島県,郡山市,地方の中心都市,2026,38.011944085095436,44.58261595383134
自己効力感,07204,福島県,いわき市,地方の中心都市,2023,46.72266299320241,42.076478987805984
自己効力感,07204,福島県,いわき市,地方の中心都市,2024,41.245001232093045,42.909790242012015
自己効力感,07204,福島県,いわき市,地方の中心都市,2025,46.876398915295674,42.17758256660605
自己効力感,07204,福島県,いわき市,地方の中心都市,2026,42.19673307780094,41.886756423865734
自己効力感,07205,福島県,白河市,地方の中心都市,2023,40.638200497437246,40.983407844069134
自己効力感,07205,福島県,白河市,地方の中心都市,2024,38.80492435960569,41.63482277051687
自己効力感,07205,福島県,白河市,地方の中心都市,2025,39.36554158547672,40.620638254394464
自己効力感,07205,福島県,白河市,地方の中心都市,2026,55.143504845817326,40.811222306236246
自己効力感,07207,福島県,須賀川市,地方の中心都市,2024,61.2810680255614,42.77289525309098
自己効力感,07207,福島県,須賀川市,地方の中心都市,2025,58.19272425838592,41.613800326318696
自己効力感,07207,福島県,須賀川市,地方の中心都市,2026,42.947049491868256,42.03672890404265
自己効力感,07208,福島県,喜多方市,農山村の小都市,2024,47.81848789406483,39.91297222653395
自己効力感,07208,福島県,喜多方市,農山村の小都市,2026,37.525415676861186,38.02240947064486
自己効力感,07210,福島県,二本松市,農山村の小都市,2024,31.986919409458842,37.81289797365822
自己効力感,07210,福島県,二本松市,農山村の小都市,2025,45.33389159921198,36.616983095687026
自己効力感,07210,福島県,二本松市,農山村の小都市,2026,41.26555970886448,36.69627373346725
自己効力感,07212,福島県,南相馬市,地方の中心都市,2023,48.30966397683564,36.84792710546175
自己効力感,07212,福島県,南相馬市,地方の中心都市,2024,30.139374104393323,37.83472968558816
自己効力感,07212,福島県,南相馬市,地方の中心都市,2025,27.3066085405168,36.975285299328505
自己効力感,07212,福島県,南相馬市,地方の中心都市,2026,43.95132036271336,36.610848548051734
自己効力感,07213,福島県,伊達市,農山村の小都市,2023,30.938429869269214,38.59805519378774
自己効力感,07213,福島県,伊達市,農山村の小都市,2024,35.144892912262314,39.421068039666785
自己効力感,07213,福島県,伊達市,農山村の小都市,2025,37.06109881187229,38.08818529274291
自己効力感,07213,福島県,伊達市,農山村の小都市,2026,23.26087847235524,37.7749573484345
自己効力感,07466,福島県,矢吹町,農山村の小都市,2023,52.02092179884217,37.43523103195164
自己効力感,07466,福島県,矢吹町,農山村の小都市,2024,60.25180508155845,39.2578157912024
自己効力感,08201,茨城県,水戸市,都市部,2023,49.10723209506377,45.884934558129714
自己効力感,08201,茨城県,水戸市,都市部,2024,38.78905910399873,46.9893419844114
自己効力感,08201,茨城県,水戸市,都市部,2025,56.8406487976099,46.13213645624257
自己効力感,08201,茨城県,水戸市,都市部,2026,48.57663237513708,46.247925411575444
自己効力感,08202,茨城県,日立市,地方の中心都市,2023,34.49469330717317,45.097243245245075
自己効力感,08202,茨城県,日立市,地方の中心都市,2024,48.580771586545175,46.275797819122
自己効力感,08202,茨城県,日立市,地方の中心都市,2025,40.109438166686076,44.771681262323135
自己効力感,08202,茨城県,日立市,地方の中心都市,2026,52.93064368913151,44.96007765274286
自己効力感,08203,茨城県,土浦市,都市部,2024,54.17517415944887,46.40776432221993
自己効力感,08203,茨城県,土浦市,都市部,2025,45.488881796435635,44.93926029465526
自己効力感,08203,茨城県,土浦市,都市部,2026,34.11857774913548,44.38117715725113
自己効力感,08204,茨城県,古河市,都市部,2023,43.52991148972666,43.482554065641885
自己効力感,08204,茨城県,古河市,都市部,2024,33.873331305250765,44.29841608422123
自己効力感,08204,茨城県,古河市,都市部,2025,40.7751592666295,43.02113944564757
自己効力感,08204,茨城県,古河市,都市部,2026,39.23643253205973,43.27449233190012
自己効力感,08205,茨城県,石岡市,地方の中心都市,2024,46.95110256477695,44.14626613840817
自己効力感,08205,茨城県,石岡市,地方の中心都市,2025,49.36855757680425,42.87267077094578
自己効力感,08205,茨城県,石岡市,地方の中心都市,2026,41.30301968210813,43.346225852352525
自己効力感,08207,茨城県,結城市,地方の中心都市,2024,43.804209223521866,41.44262158505445
自己効力感,08207,茨城県,結城市,地方の中心都市,2025,21.594799817061485,40.23390582871055
自己効力感,08207,茨城県,結城市,地方の中心都市,2026,28.936248891356268,40.132743831347774
自己効力感,08208,茨城県,龍ケ崎市,地方の中心都市,2024,33.24102261563558,44.735590073752775
自己効力感,08208,茨城県,龍ケ崎市,地方の中心都市,2025,38.4720544802856,41.72811196691807
自己効力感,08208,茨城県,龍ケ崎市,地方の中心都市,2026,34.24038451619559,42.41379783761165
自己効力感,08210,茨城県,下妻市,地方の中心都市,2024,35.32975814425707,40.76845079401012
自己効力感,08211,茨城県,常総市,地方の中心都市,2023,32.55381784328221,39.68249651978523
自己効力感,08211,茨城県,常総市,地方の中心都市,2024,38.084390272870365,40.765439543015006
自己効力感,08211,茨城県,常総市,地方の中心都市,2025,31.170171412269926,39.50179988594583
自己効力感,08211,茨城県,常総市,地方の中心都市,2026,39.398510487152805,39.61514894368265
自己効力感,08212,茨城県,常陸太田市,農山村の小都市,2024,27.557348848194856,41.19050775471689
自己効力感,08212,茨城県,常陸太田市,農山村の小都市,2026,24.829795826515053,39.873799732220725
自己効力感,08215,茨城県,北茨城市,地方の中心都市,2024,43.60719269297806,42.813985721904636
自己効力感,08216,茨城県,笠間市,地方の中心都市,2023,37.198811093941806,43.255069731176796
自己効力感,08216,茨城県,笠間市,地方の中心都市,2024,46.48989058984704,43.69323790648667
自己効力感,08216,茨城県,笠間市,地方の中心都市,2025,34.83114299581997,42.50732097355187
自己効力感,08216,茨城県,笠間市,地方の中心都市,2026,36.2827018587051,42.35046385566109
自己効力感,08217,茨城県,取手市,地方の中心都市,2023,39.46231685790282,41.70520249898342
自己効力感,08217,茨城県,取手市,地方の中心都市,2024,55.02134586414626,44.824790342623466
自己効力感,08217,茨城県,取手市,地方の中心都市,2025,42.24977916826469,44.579520217859255
自己効力感,08217,茨城県,取手市,地方の中心都市,2026,39.65691445178036,44.441463642147355
自己効力感,08219,茨城県,牛久市,都市部,2024,63.8038063144392,48.32955733344633
自己効力感,08219,茨城県,牛久市,都市部,2025,54.29812453381606,47.523158617878785
自己効力感,08219,茨城県,牛久市,都市部,2026,51.39774257820821,47.046036369990304
自己効力感,08220,茨城県,つくば市,都市部,2023,51.29773897268551,48.92819451584663
自己効力感,08220,茨城県,つくば市,都市部,2024,57.26621920971159,48.91219435815076
自己効力感,08220,茨城県,つくば市,都市部,2025,54.53980791668912,48.0151723178708
自己効力感,08220,茨城県,つくば市,都市部,2026,49.27437660871267,47.720173091070144
自己効力感,08221,茨城県,ひたちなか市,都市部,2024,39.37302481829639,46.87228766178155
自己効力感,08221,茨城県,ひたちなか市,都市部,2025,40.89861219235037,45.47489871673553
自己効力感,08221,茨城県,ひたちなか市,都市部,2026,36.78681727892039,45.59873337612161
自己効力感,08222,茨城県,鹿嶋市,地方の中心都市,2023,35.31367083019194,41.234175082804676
自己効力感,08222,茨城県,鹿嶋市,地方の中心都市,2024,28.014550081314262,42.57423907817771
自己効力感,08222,茨城県,鹿嶋市,地方の中心都市,2025,45.318736823572856,41.12922705072716
自己効力感,08222,茨城県,鹿嶋市,地方の中心都市,2026,29.14489927441951,39.95852515501357
自己効力感,08224,茨城県,守谷市,都市部,2023,46.77088326365236,47.310882677351934
自己効力感,08224,茨城県,守谷市,都市部,2024,49.86504319475885,47.93361708350521
自己効力感,08224,茨城県,守谷市,都市部,2025,57.88643942115179,46.762726509592305
自己効力感,08224,茨城県,守谷市,都市部,2026,55.844097033934304,46.5490313805793
自己効力感,08225,茨城県,常陸大宮市,農山村の小都市,2024,31.933536386509548,39.218492942108895
自己効力感,08226,茨城県,那珂市,地方の中心都市,2024,42.61868997566448,43.37100169791057
自己効力感,08226,茨城県,那珂市,地方の中心都市,2025,34.91859164105601,42.39285167936752
自己効力感,08226,茨城県,那珂市,地方の中心都市,2026,33.51205666898971,41.9635901532598
自己効力感,08227,茨城県,筑西市,地方の中心都市,2023,37.21099708197107,38.79563748972566
自己効力感,08227,茨城県,筑西市,地方の中心都市,2024,33.41715846260356,39.253385666578794
自己効力感,08227,茨城県,筑西市,地方の中心都市,2025,47.00897268013267,38.23186661753597
自己効力感,08227,茨城県,筑西市,地方の中心都市,2026,47.504804609363404,38.42176017898829
自己効力感,08228,茨城県,坂東市,地方の中心都市,2024,34.346548623461295,39.27785130987334
自己効力感,08228,茨城県,坂東市,地方の中心都市,2025,30.94650161815428,37.75849327019795
自己効力感,08228,茨城県,坂東市,地方の中心都市,2026,15.930418311920164,37.7699895734157
自己効力感,08229,茨城県,稲敷市,農山村の小都市,2024,36.03283239991867,36.9852204366281
自己効力感,08230,茨城県,かすみがうら市,農山村の小都市,2024,41.064525334399676,39.43886990312569
自己効力感,08231,茨城県,桜川市,農山村の小都市,2024,41.787080987309274,39.58159773035972
自己効力感,08232,茨城県,神栖市,都市部,2024,43.39629850291268,40.73286921891042
自己効力感,08232,茨城県,神栖市,都市部,2025,36.7266908606576,39.470713320987606
自己効力感,08232,茨城県,神栖市,都市部,2026,50.658419543311574,39.88182419257532
自己効力感,08234,茨城県,鉾田市,農山村の小都市,2024,34.613617450230386,38.31517805117217
自己効力感,08234,茨城県,鉾田市,農山村の小都市,2026,31.786887815265942,35.71574875736738
自己効力感,08235,茨城県,つくばみらい市,都市部,2024,61.02464282831693,46.521170311768095
自己効力感,08235,茨城県,つくばみらい市,都市部,2025,47.882842227746245,44.76578008833658
自己効力感,08235,茨城県,つくばみらい市,都市部,2026,43.73565213039877,45.099914104038035
自己効力感,08236,茨城県,小美玉市,地方の中心都市,2024,47.44413470900474,42.25512178522146
自己効力感,08236,茨城県,小美玉市,地方の中心都市,2026,41.81490864769608,41.148712796058504
自己効力感,08341,茨城県,東海村,都市部,2024,54.04311101836053,44.001705785163175
自己効力感,08443,茨城県,阿見町,地方の中心都市,2024,50.231170516304545,45.36503562409182
自己効力感,08443,茨城県,阿見町,地方の中心都市,2026,53.40762052155614,44.64984030579647
自己効力感,08542,茨城県,五霞町,地方の中心都市,2023,41.6618091214782,33.714308982624
自己効力感,08546,茨城県,境町,地方の中心都市,2023,25.25138277409795,41.16665296186492
自己効力感,08546,茨城県,境町,地方の中心都市,2024,29.200670290566592,41.922806974499025
自己効力感,09201,栃木県,宇都宮市,都市部,2023,39.84789076411115,46.97397182628516
自己効力感,09201,栃木県,宇都宮市,都市部,2024,51.45248077531999,47.83412476395235
自己効力感,09201,栃木県,宇都宮市,都市部,2025,56.13030581714881,46.952642547111
自己効力感,09201,栃木県,宇都宮市,都市部,2026,51.56991729501762,46.99839602444427
自己効力感,09202,栃木県,足利市,地方の中心都市,2023,29.989448777339014,45.48610067152271
自己効力感,09202,栃木県,足利市,地方の中心都市,2024,38.30019565241394,46.35300861116193
自己効力感,09202,栃木県,足利市,地方の中心都市,2025,50.93857932502517,45.17078436123815
自己効力感,09202,栃木県,足利市,地方の中心都市,2026,47.71593670859765,44.80852570864209
自己効力感,09203,栃木県,栃木市,地方の中心都市,2023,43.14341003481178,40.30377545938131
自己効力感,09203,栃木県,栃木市,地方の中心都市,2024,52.55143104910908,41.092583176614305
自己効力感,09203,栃木県,栃木市,地方の中心都市,2025,48.111155139972446,40.32117660505869
自己効力感,09203,栃木県,栃木市,地方の中心都市,2026,52.26192269127134,39.953755899381996
自己効力感,09204,栃木県,佐野市,地方の中心都市,2023,36.483236251970844,42.737792429364646
自己効力感,09204,栃木県,佐野市,地方の中心都市,2024,53.60079720357895,43.732357565021566
自己効力感,09204,栃木県,佐野市,地方の中心都市,2025,42.240348152316756,42.784233072471004
自己効力感,09204,栃木県,佐野市,地方の中心都市,2026,49.56277692801504,42.701263566672495
自己効力感,09205,栃木県,鹿沼市,地方の中心都市,2024,40.547286924906906,40.49371366506131
自己効力感,09205,栃木県,鹿沼市,地方の中心都市,2025,38.832851272388126,39.52467251073683
自己効力感,09205,栃木県,鹿沼市,地方の中心都市,2026,35.561852912494246,39.34419319454794
自己効力感,09206,栃木県,日光市,農山村の小都市,2023,37.832974535442006,36.73141425458773
自己効力感,09206,栃木県,日光市,農山村の小都市,2024,61.77034534768869,37.63485602539462
自己効力感,09206,栃木県,日光市,農山村の小都市,2025,38.25342524910451,36.49286431755022
自己効力感,09206,栃木県,日光市,農山村の小都市,2026,49.158205938992445,36.6660924739827
自己効力感,09208,栃木県,小山市,都市部,2024,51.327531992397475,43.5475978542946
自己効力感,09208,栃木県,小山市,都市部,2025,42.268075241653,42.754199791204094
自己効力感,09208,栃木県,小山市,都市部,2026,59.607980161852794,42.80635338636807
自己効力感,09209,栃木県,真岡市,地方の中心都市,2023,50.317403200538884,38.04574816809474
自己効力感,09209,栃木県,真岡市,地方の中心都市,2024,42.25267278664091,38.47704661136499
自己効力感,09209,栃木県,真岡市,地方の中心都市,2025,55.04601117093452,37.12659344508044
自己効力感,09209,栃木県,真岡市,地方の中心都市,2026,50.08394547827353,37.22814876712745
自己効力感,09210,栃木県,大田原市,農山村の小都市,2023,51.577510803824566,41.04375427312614
自己効力感,09210,栃木県,大田原市,農山村の小都市,2024,39.2944846683402,42.200145511167236
自己効力感,09210,栃木県,大田原市,農山村の小都市,2025,50.99744548823134,40.64069885287058
自己効力感,09210,栃木県,大田原市,農山村の小都市,2026,51.475748543221385,40.37416767853736
自己効力感,09213,栃木県,那須塩原市,地方の中心都市,2023,43.221716023878336,43.31105165362662
自己効力感,09213,栃木県,那須塩原市,地方の中心都市,2024,46.7565708225795,43.947330928272365
自己効力感,09213,栃木県,那須塩原市,地方の中心都市,2025,47.12673006433056,42.88815290784384
自己効力感,09213,栃木県,那須塩原市,地方の中心都市,2026,48.48511408762783,42.73480019875479
自己効力感,09214,栃木県,さくら市,地方の中心都市,2024,49.395868720699504,37.35220105327289
自己効力感,09216,栃木県,下野市,都市部,2024,57.58195403557467,43.07857173611371
自己効力感,09216,栃木県,下野市,都市部,2025,54.57824870858151,42.25446262119421
自己効力感,09216,栃木県,下野市,都市部,2026,47.714080983108644,41.75327044735054
自己効力感,09361,栃木県,壬生町,地方の中心都市,2024,46.84411105878596,42.25437043599848
自己効力感,10201,群馬県,前橋市,都市部,2023,45.21245968871407,46.2640618168016
自己効力感,10201,群馬県,前橋市,都市部,2024,41.17386753104224,47.013717907239794
自己効力感,10201,群馬県,前橋市,都市部,2025,52.95244506315822,46.63176463488294
自己効力感,10201,群馬県,前橋市,都市部,2026,40.551755134861,46.47663916992683
自己効力感,10202,群馬県,高崎市,都市部,2023,43.72459045236503,48.14252989467014
自己効力感,10202,群馬県,高崎市,都市部,2024,67.28741560773196,49.062489558339
自己効力感,10202,群馬県,高崎市,都市部,2025,49.56952394499213,48.060727851091116
自己効力感,10202,群馬県,高崎市,都市部,2026,47.67841908887441,48.14900006320759
自己効力感,10203,群馬県,桐生市,地方の中心都市,2024,31.173617574902813,46.174861443496646
自己効力感,10203,群馬県,桐生市,地方の中心都市,2025,45.45491400006726,45.02908921297737
自己効力感,10203,群馬県,桐生市,地方の中心都市,2026,63.33814388048587,44.78806153509511
自己効力感,10204,群馬県,伊勢崎市,都市部,2023,47.07157890250597,44.75216546957817
自己効力感,10204,群馬県,伊勢崎市,都市部,2024,36.6849293232809,45.93432729096229
自己効力感,10204,群馬県,伊勢崎市,都市部,2025,39.54339519302139,44.89277659409923
自己効力感,10204,群馬県,伊勢崎市,都市部,2026,35.46811191266707,44.88654510112568
自己効力感,10205,群馬県,太田市,都市部,2023,54.886335590094845,45.18536152117934
自己効力感,10205,群馬県,太田市,都市部,2024,48.01211039877766,46.313617245523616
自己効力感,10205,群馬県,太田市,都市部,2025,43.38879822646709,45.426054035034895
自己効力感,10205,群馬県,太田市,都市部,2026,46.90385164921057,45.20408509160483
自己効力感,10206,群馬県,沼田市,農山村の小都市,2024,37.27114609979374,40.0524024004811
自己効力感,10206,群馬県,沼田市,農山村の小都市,2026,37.08299598142405,38.97295939233869
自己効力感,10207,群馬県,館林市,都市部,2024,30.876447303762994,41.3973844277113
自己効力感,10207,群馬県,館林市,都市部,2025,31.27575373565399,40.401109456338794
自己効力感,10207,群馬県,館林市,都市部,2026,40.205009564506284,39.995067252589955
自己効力感,10208,群馬県,渋川市,地方の中心都市,2023,37.77790386492265,44.02818546497577
自己効力感,10208,群馬県,渋川市,地方の中心都市,2024,32.844710188073144,44.93802433211719
自己効力感,10208,群馬県,渋川市,地方の中心都市,2025,49.730730502422524,43.75467119888865
自己効力感,10208,群馬県,渋川市,地方の中心都市,2026,44.979593880664744,43.97431102317298
自己効力感,10209,群馬県,藤岡市,地方の中心都市,2023,40.747786850289785,42.2024431256967
自己効力感,10209,群馬県,藤岡市,地方の中心都市,2024,52.84414725571065,42.95510786427046
自己効力感,10209,群馬県,藤岡市,地方の中心都市,2025,46.84934711252905,41.933226354441935
自己効力感,10209,群馬県,藤岡市,地方の中心都市,2026,41.224026845567955,41.809217801377905
自己効力感,10210,群馬県,富岡市,地方の中心都市,2024,35.88661300192405,42.01222092198206
自己効力感,10210,群馬県,富岡市,地方の中心都市,2026,38.821285952958426,40.764623869263254
自己効力感,10211,群馬県,安中市,地方の中心都市,2023,37.146874496726255,40.549439603136406
自己効力感,10211,群馬県,安中市,地方の中心都市,2024,31.93906670056496,41.769363072499836
自己効力感,10211,群馬県,安中市,地方の中心都市,2025,49.39370770349396,39.83704481303212
自己効力感,10211,群馬県,安中市,地方の中心都市,2026,42.00266700689568,40.0410087220334
自己効力感,10212,群馬県,みどり市,地方の中心都市,2024,41.960458104229005,45.87059058361491
自己効力感,10212,群馬県,みどり市,地方の中心都市,2026,44.56358496132709,45.545275351168605
自己効力感,10424,群馬県,長野原町,農山村の小都市,2023,71.6818134286289,36.425063548348014
自己効力感,10464,群馬県,玉村町,都市部,2024,35.60371166046182,44.68169297798468
自己効力感,10524,群馬県,大泉町,都市部,2024,33.49940991327026,39.43723049684164
自己効力感,11100,埼玉県,さいたま市,都市部,2023,52.17555909447413,53.71185438139918
自己効力感,11100,埼玉県,さいたま市,都市部,2024,52.59755141349011,54.5367570679272
自己効力感,11100,埼玉県,さいたま市,都市部,2025,54.61687841244721,53.51961976398224
自己効力感,11100,埼玉県,さいたま市,都市部,2026,58.26295064462081,53.56274591452236
自己効力感,11201,埼玉県,川越市,都市部,2024,55.536364829996934,50.078711755068916
自己効力感,11201,埼玉県,川越市,都市部,2025,54.67090845860433,49.349880082888774
自己効力感,11201,埼玉県,川越市,都市部,2026,51.95153561990705,49.30857534228399
自己効力感,11202,埼玉県,熊谷市,都市部,2023,39.9210325802743,43.4190210654181
自己効力感,11202,埼玉県,熊谷市,都市部,2024,38.88419755889286,44.18915013933484
自己効力感,11202,埼玉県,熊谷市,都市部,2025,37.32816776238859,43.03393638176777
自己効力感,11202,埼玉県,熊谷市,都市部,2026,30.256936969367278,42.97789723673895
自己効力感,11203,埼玉県,川口市,都市部,2023,47.174256044077055,53.783484828003935
自己効力感,11203,埼玉県,川口市,都市部,2024,39.54686568821198,54.99732538146023
自己効力感,11203,埼玉県,川口市,都市部,2025,43.864230872417544,53.62962841851953
自己効力感,11203,埼玉県,川口市,都市部,2026,48.01319178341581,53.623771051386164
自己効力感,11206,埼玉県,行田市,都市部,2024,45.11558432752924,44.083102088756476
自己効力感,11206,埼玉県,行田市,都市部,2025,34.20657747282924,42.814660625406944
自己効力感,11206,埼玉県,行田市,都市部,2026,39.951431013898684,42.97374680660785
自己効力感,11207,埼玉県,秩父市,地方の中心都市,2023,48.50254036197687,40.78579947744049
自己効力感,11207,埼玉県,秩父市,地方の中心都市,2024,41.27115915779136,41.918345420960335
自己効力感,11207,埼玉県,秩父市,地方の中心都市,2025,42.808238557922984,40.75292829633509
自己効力感,11207,埼玉県,秩父市,地方の中心都市,2026,49.33531882911611,40.58372278676421
自己効力感,11208,埼玉県,所沢市,都市部,2023,43.398940873727824,51.37114819520945
自己効力感,11208,埼玉県,所沢市,都市部,2024,57.222970999828064,51.96430323107033
自己効力感,11208,埼玉県,所沢市,都市部,2025,43.257092365132124,50.79307950106316
自己効力感,11208,埼玉県,所沢市,都市部,2026,46.94531610208393,51.08607191656217
自己効力感,11209,埼玉県,飯能市,地方の中心都市,2024,41.413211456699194,47.78109910607845
自己効力感,11209,埼玉県,飯能市,地方の中心都市,2025,56.34379665602761,45.81522623668692
自己効力感,11209,埼玉県,飯能市,地方の中心都市,2026,52.7484453160375,45.82515081854836
自己効力感,11210,埼玉県,加須市,都市部,2023,30.883015729685955,41.84977168123486
自己効力感,11210,埼玉県,加須市,都市部,2024,27.833682144446623,42.67311009211558
自己効力感,11210,埼玉県,加須市,都市部,2025,40.23883922659003,41.43568323147675
自己効力感,11210,埼玉県,加須市,都市部,2026,37.99040942294201,41.37442077679439
自己効力感,11211,埼玉県,本庄市,地方の中心都市,2023,48.76525987306411,44.334338110231506
自己効力感,11211,埼玉県,本庄市,地方の中心都市,2024,48.62831708047105,45.027240728561104
自己効力感,11211,埼玉県,本庄市,地方の中心都市,2025,58.710847477110775,44.08708339218783
自己効力感,11211,埼玉県,本庄市,地方の中心都市,2026,38.76887067964962,44.019673754120525
自己効力感,11212,埼玉県,東松山市,都市部,2024,41.74333329615018,46.58955375913416
自己効力感,11212,埼玉県,東松山市,都市部,2025,44.46746501888019,45.271490563307445
自己効力感,11212,埼玉県,東松山市,都市部,2026,52.81975226190293,44.73534995543944
自己効力感,11214,埼玉県,春日部市,都市部,2023,48.107549809524976,47.919637272153665
自己効力感,11214,埼玉県,春日部市,都市部,2024,43.71504544787769,49.039956020175225
自己効力感,11214,埼玉県,春日部市,都市部,2025,44.5656482934139,48.16157716223908
自己効力感,11214,埼玉県,春日部市,都市部,2026,41.983463300505775,48.056663506793164
自己効力感,11215,埼玉県,狭山市,都市部,2024,37.8144219456049,47.744791537735935
自己効力感,11215,埼玉県,狭山市,都市部,2025,38.88791856662431,47.03844291848626
自己効力感,11215,埼玉県,狭山市,都市部,2026,35.10946913615934,47.01671683152312
自己効力感,11216,埼玉県,羽生市,都市部,2024,42.913944325117754,41.77381111919866
自己効力感,11216,埼玉県,羽生市,都市部,2025,40.85825054517906,40.890442863394036
自己効力感,11216,埼玉県,羽生市,都市部,2026,49.962846423646994,41.086745989830824
自己効力感,11217,埼玉県,鴻巣市,都市部,2023,37.01315891626282,45.81926615653533
自己効力感,11217,埼玉県,鴻巣市,都市部,2024,45.61206715006179,46.470302604209365
自己効力感,11217,埼玉県,鴻巣市,都市部,2025,32.35928820283233,45.55684856223087
自己効力感,11217,埼玉県,鴻巣市,都市部,2026,44.41471223792081,45.54417431857322
自己効力感,11218,埼玉県,深谷市,都市部,2023,40.31511045895329,42.19024419186879
自己効力感,11218,埼玉県,深谷市,都市部,2024,42.01288631938354,43.49555283471306
自己効力感,11218,埼玉県,深谷市,都市部,2025,46.952832742881554,42.2157381156087
自己効力感,11218,埼玉県,深谷市,都市部,2026,51.69931331161571,42.20512298469162
自己効力感,11219,埼玉県,上尾市,都市部,2024,42.8792269971316,51.59329138973926
自己効力感,11219,埼玉県,上尾市,都市部,2025,46.9282928533489,50.800120517436326
自己効力感,11219,埼玉県,上尾市,都市部,2026,35.576337439300886,51.12831873398512
自己効力感,11221,埼玉県,草加市,都市部,2024,48.37905301204902,55.03683800622342
自己効力感,11221,埼玉県,草加市,都市部,2025,42.57202307917233,54.190996612902545
自己効力感,11221,埼玉県,草加市,都市部,2026,46.01881454482614,54.234168508702126
自己効力感,11222,埼玉県,越谷市,都市部,2023,49.26889721358315,51.16283505817711
自己効力感,11222,埼玉県,越谷市,都市部,2024,50.62694113977995,52.31080852228259
自己効力感,11222,埼玉県,越谷市,都市部,2025,50.199546719068536,51.50885779613371
自己効力感,11222,埼玉県,越谷市,都市部,2026,56.990135277769646,51.473628597058344
自己効力感,11223,埼玉県,蕨市,都市部,2024,45.42056128554235,56.1394583028521
自己効力感,11223,埼玉県,蕨市,都市部,2025,70.70855573056812,55.37940490298514
自己効力感,11223,埼玉県,蕨市,都市部,2026,50.297872760888765,55.42768023837472
自己効力感,11224,埼玉県,戸田市,都市部,2023,49.27004779298147,53.000669180602685
自己効力感,11224,埼玉県,戸田市,都市部,2024,54.340629737493224,53.622593706595424
自己効力感,11224,埼玉県,戸田市,都市部,2025,54.630338812344846,52.02685688702105
自己効力感,11224,埼玉県,戸田市,都市部,2026,62.53522606138978,52.97335235869938
自己効力感,11225,埼玉県,入間市,都市部,2023,44.49989007866425,48.696176672780126
自己効力感,11225,埼玉県,入間市,都市部,2024,53.369034998863505,49.282551778809
自己効力感,11225,埼玉県,入間市,都市部,2025,42.198915179125294,48.021783408256326
自己効力感,11225,埼玉県,入間市,都市部,2026,44.92188514077372,48.30739035947273
自己効力感,11227,埼玉県,朝霞市,都市部,2023,54.08358508817853,54.51171681889579
自己効力感,11227,埼玉県,朝霞市,都市部,2024,60.48586353682727,55.89204078769481
自己効力感,11227,埼玉県,朝霞市,都市部,2025,64.31364210405218,54.80228131875013
自己効力感,11227,埼玉県,朝霞市,都市部,2026,48.10623102130053,54.39343790385108
自己効力感,11228,埼玉県,志木市,都市部,2024,52.412653821447805,54.4350349555278
自己効力感,11228,埼玉県,志木市,都市部,2025,53.545260525320735,53.53491511527335
自己効力感,11228,埼玉県,志木市,都市部,2026,53.13941657099588,53.686329971319594
自己効力感,11229,埼玉県,和光市,都市部,2024,61.15762719489269,55.8275573084255
自己効力感,11229,埼玉県,和光市,都市部,2025,40.029495658020814,53.90860783872656
自己効力感,11229,埼玉県,和光市,都市部,2026,48.69982829228763,53.582134887476506
自己効力感,11230,埼玉県,新座市,都市部,2024,55.99588577637021,54.9978295674702
自己効力感,11230,埼玉県,新座市,都市部,2025,48.49929240516722,54.204442660334934
自己効力感,11230,埼玉県,新座市,都市部,2026,51.529560055972446,53.69831173768186
自己効力感,11231,埼玉県,桶川市,都市部,2024,53.287058560892284,49.307571070902604
自己効力感,11231,埼玉県,桶川市,都市部,2025,46.565613561631174,48.25357811825931
自己効力感,11231,埼玉県,桶川市,都市部,2026,42.61103975976727,48.74833429469016
自己効力感,11232,埼玉県,久喜市,都市部,2024,41.15548561766831,46.91701076472892
自己効力感,11232,埼玉県,久喜市,都市部,2025,37.623809975120956,45.87393047581623
自己効力感,11232,埼玉県,久喜市,都市部,2026,33.31765310518898,45.79822048527346
自己効力感,11233,埼玉県,北本市,都市部,2023,57.37172657493482,47.70756517918338
自己効力感,11233,埼玉県,北本市,都市部,2024,59.08032734586795,48.232514824167595
自己効力感,11233,埼玉県,北本市,都市部,2025,52.18010770566566,47.69340510738928
自己効力感,11233,埼玉県,北本市,都市部,2026,64.14259966610707,47.3720648936628
自己効力感,11234,埼玉県,八潮市,都市部,2023,39.12803923729522,51.69684349512778
自己効力感,11234,埼玉県,八潮市,都市部,2024,38.87346375874913,53.13478325362672
自己効力感,11234,埼玉県,八潮市,都市部,2025,49.036533375265705,51.80702045766683
自己効力感,11234,埼玉県,八潮市,都市部,2026,37.25162009301513,51.43783962124578
自己効力感,11235,埼玉県,富士見市,都市部,2023,46.64034127747884,52.99387565578622
自己効力感,11235,埼玉県,富士見市,都市部,2024,55.76726266385984,53.736282909505185
自己効力感,11235,埼玉県,富士見市,都市部,2025,44.678353492822346,52.547131004542265
自己効力感,11235,埼玉県,富士見市,都市部,2026,51.21900001352798,52.98010615199324
自己効力感,11237,埼玉県,三郷市,都市部,2024,50.47163428363694,50.71713016607307
自己効力感,11237,埼玉県,三郷市,都市部,2025,33.57586461872454,50.50574530524609
自己効力感,11237,埼玉県,三郷市,都市部,2026,41.35501485429723,50.146626933831804
自己効力感,11238,埼玉県,蓮田市,都市部,2024,47.64377589922964,47.530586128002305
自己効力感,11238,埼玉県,蓮田市,都市部,2025,49.97110611461861,45.82262694952426
自己効力感,11238,埼玉県,蓮田市,都市部,2026,52.70739109362583,46.13844496108831
自己効力感,11239,埼玉県,坂戸市,都市部,2024,50.010985338693786,44.65917363458841
自己効力感,11239,埼玉県,坂戸市,都市部,2025,53.98020252549177,44.0646168044103
自己効力感,11239,埼玉県,坂戸市,都市部,2026,37.898516217031634,43.58058675787762
自己効力感,11240,埼玉県,幸手市,地方の中心都市,2024,51.60989960456273,43.06554294051069
自己効力感,11240,埼玉県,幸手市,地方の中心都市,2025,49.14052189215459,42.1899327618532
自己効力感,11240,埼玉県,幸手市,地方の中心都市,2026,41.42421432659613,42.37835402601544
自己効力感,11241,埼玉県,鶴ヶ島市,都市部,2023,34.69788567083981,49.300864591025245
自己効力感,11241,埼玉県,鶴ヶ島市,都市部,2024,53.43116871643726,49.86569503333298
自己効力感,11241,埼玉県,鶴ヶ島市,都市部,2025,51.36102379976246,48.74137058958652
自己効力感,11241,埼玉県,鶴ヶ島市,都市部,2026,46.39578370205238,48.80546694565901
自己効力感,11242,埼玉県,日高市,地方の中心都市,2023,46.780436133563995,44.07821581368452
自己効力感,11242,埼玉県,日高市,地方の中心都市,2024,42.82109692888189,45.12332513323712
自己効力感,11242,埼玉県,日高市,地方の中心都市,2025,45.409630645262354,44.363748854128445
自己効力感,11242,埼玉県,日高市,地方の中心都市,2026,42.89272311625764,44.01483491407628
自己効力感,11243,埼玉県,吉川市,都市部,2024,35.69722167665933,49.24578061483524
自己効力感,11243,埼玉県,吉川市,都市部,2025,44.73004400737381,48.35568667550636
自己効力感,11243,埼玉県,吉川市,都市部,2026,53.07201941401478,48.4637953705156
自己効力感,11245,埼玉県,ふじみ野市,都市部,2023,53.83218570645393,54.115789322444115
自己効力感,11245,埼玉県,ふじみ野市,都市部,2024,54.997423714455216,55.34080206568714
自己効力感,11245,埼玉県,ふじみ野市,都市部,2025,40.894847130854544,54.32711549273551
自己効力感,11245,埼玉県,ふじみ野市,都市部,2026,53.49888243429255,54.09644894289402
自己効力感,11246,埼玉県,白岡市,都市部,2024,49.59251448077003,47.863623910127174
自己効力感,11246,埼玉県,白岡市,都市部,2025,49.59075109261414,46.443579310675055
自己効力感,11246,埼玉県,白岡市,都市部,2026,54.940465840011235,46.47181300215608
自己効力感,11301,埼玉県,伊奈町,都市部,2024,51.66811541503731,50.69840366471535
自己効力感,11324,埼玉県,三芳町,都市部,2024,52.02552990088951,47.862906821159115
自己効力感,11361,埼玉県,横瀬町,農山村の小都市,2023,47.21467455863921,42.655264938447395
自己効力感,11442,埼玉県,宮代町,地方の中心都市,2024,43.96319971037275,47.5245904361788
自己効力感,11464,埼玉県,杉戸町,地方の中心都市,2024,34.58730170770157,45.02700794499371
自己効力感,12100,千葉県,千葉市,都市部,2023,47.36044870618338,51.98735391587874
自己効力感,12100,千葉県,千葉市,都市部,2024,54.50238615277753,53.249729681898785
自己効力感,12100,千葉県,千葉市,都市部,2025,46.7434908129973,52.80118845269875
自己効力感,12100,千葉県,千葉市,都市部,2026,47.49816575240007,52.479141726605384
自己効力感,12202,千葉県,銚子市,農山村の小都市,2023,34.020116700579266,37.53173670051786
自己効力感,12202,千葉県,銚子市,農山村の小都市,2024,35.70571923619268,38.33778752037939
自己効力感,12202,千葉県,銚子市,農山村の小都市,2025,39.25706646451771,37.78770380211338
自己効力感,12202,千葉県,銚子市,農山村の小都市,2026,31.945857291237257,37.789267678165935
自己効力感,12203,千葉県,市川市,都市部,2023,56.829481315987834,53.753869074831854
自己効力感,12203,千葉県,市川市,都市部,2024,54.5615229513154,54.93467622023112
自己効力感,12203,千葉県,市川市,都市部,2025,61.991915511810554,53.84993849763963
自己効力感,12203,千葉県,市川市,都市部,2026,47.475164958604324,54.28353406835999
自己効力感,12204,千葉県,船橋市,都市部,2023,45.24465493969978,54.44341887825361
自己効力感,12204,千葉県,船橋市,都市部,2024,63.602456941169606,55.28406961129607
自己効力感,12204,千葉県,船橋市,都市部,2025,41.80334125154517,54.32458650469791
自己効力感,12204,千葉県,船橋市,都市部,2026,55.907815798748686,54.74985034581889
自己効力感,12205,千葉県,館山市,農山村の小都市,2024,45.061924797436994,43.45608632909144
自己効力感,12205,千葉県,館山市,農山村の小都市,2026,42.593587826036675,41.72542817119965
自己効力感,12206,千葉県,木更津市,都市部,2023,42.6494190151946,47.962885912740816
自己効力感,12206,千葉県,木更津市,都市部,2024,47.547650289130395,49.06852117453944
自己効力感,12206,千葉県,木更津市,都市部,2025,29.336546832362824,48.13862678052304
自己効力感,12206,千葉県,木更津市,都市部,2026,42.571853977044604,47.743553719385424
自己効力感,12207,千葉県,松戸市,都市部,2023,41.75379531969495,53.47594435217132
自己効力感,12207,千葉県,松戸市,都市部,2024,60.0557259803231,54.62875868001453
自己効力感,12207,千葉県,松戸市,都市部,2025,48.25596146166669,53.984507449692344
自己効力感,12207,千葉県,松戸市,都市部,2026,51.03600569314783,53.677567356975146
自己効力感,12208,千葉県,野田市,都市部,2023,50.44400418449697,45.9058775025947
自己効力感,12208,千葉県,野田市,都市部,2024,34.729649375474935,47.0980506745597
自己効力感,12208,千葉県,野田市,都市部,2025,49.08192387314114,45.80188927413609
自己効力感,12208,千葉県,野田市,都市部,2026,47.29718185774693,45.76426103273169
自己効力感,12210,千葉県,茂原市,地方の中心都市,2023,57.88852594390486,41.61493156352293
自己効力感,12210,千葉県,茂原市,地方の中心都市,2024,47.16609299793853,42.12934340189444
自己効力感,12210,千葉県,茂原市,地方の中心都市,2025,47.105144549612255,41.32536478588979
自己効力感,12210,千葉県,茂原市,地方の中心都市,2026,39.056926644212574,41.22930573359351
自己効力感,12211,千葉県,成田市,都市部,2024,46.66388717845066,40.18168709048844
自己効力感,12211,千葉県,成田市,都市部,2025,32.75584213550951,39.30925788986607
自己効力感,12211,千葉県,成田市,都市部,2026,41.7669059461271,38.879498249347286
自己効力感,12212,千葉県,佐倉市,都市部,2023,55.3137778491422,46.00893199108702
自己効力感,12212,千葉県,佐倉市,都市部,2024,54.23064104841037,46.9926890581148
自己効力感,12212,千葉県,佐倉市,都市部,2025,51.584121495375655,46.058565046462746
自己効力感,12212,千葉県,佐倉市,都市部,2026,53.365297504570094,45.960422594157386
自己効力感,12213,千葉県,東金市,地方の中心都市,2023,48.61383193601509,40.80760520408231
自己効力感,12213,千葉県,東金市,地方の中心都市,2024,35.362153810596006,41.33552973031682
自己効力感,12213,千葉県,東金市,地方の中心都市,2025,29.285272835872554,40.09944670733952
自己効力感,12213,千葉県,東金市,地方の中心都市,2026,43.3964027639487,40.36968131931886
自己効力感,12215,千葉県,旭市,農山村の小都市,2024,50.87204943959603,38.67241384270615
自己効力感,12215,千葉県,旭市,農山村の小都市,2025,52.3856604353166,37.5282012835632
自己効力感,12215,千葉県,旭市,農山村の小都市,2026,49.662045262316354,37.68673245249964
自己効力感,12216,千葉県,習志野市,都市部,2023,40.02053592583289,53.43479656898511
自己効力感,12216,千葉県,習志野市,都市部,2024,67.32734914421592,54.793962123366484
自己効力感,12216,千葉県,習志野市,都市部,2025,56.9424738548503,53.791121248125194
自己効力感,12216,千葉県,習志野市,都市部,2026,53.598113553326755,53.676507601652574
自己効力感,12217,千葉県,柏市,都市部,2023,54.065901196825656,51.794906654947155
自己効力感,12217,千葉県,柏市,都市部,2024,47.32270922589003,52.415240884785746
自己効力感,12217,千葉県,柏市,都市部,2025,54.211914049604964,51.725402153254805
自己効力感,12217,千葉県,柏市,都市部,2026,48.9343590262206,51.65561592811834
自己効力感,12219,千葉県,市原市,都市部,2024,37.28653440063738,45.15550922368927
自己効力感,12219,千葉県,市原市,都市部,2025,40.28241226389612,44.052048438394756
自己効力感,12219,千葉県,市原市,都市部,2026,36.33867807904857,43.87469890967715
自己効力感,12220,千葉県,流山市,都市部,2023,45.32000628970779,55.92014639526457
自己効力感,12220,千葉県,流山市,都市部,2024,51.57770309406394,56.225503850498754
自己効力感,12220,千葉県,流山市,都市部,2025,43.91580529573976,55.204615432341605
自己効力感,12220,千葉県,流山市,都市部,2026,46.81999676620749,55.67651748251758
自己効力感,12221,千葉県,八千代市,都市部,2023,72.68080684974286,52.44742000356778
自己効力感,12221,千葉県,八千代市,都市部,2024,43.09423419862956,53.201035826534444
自己効力感,12221,千葉県,八千代市,都市部,2025,43.17758775904424,52.0534809804157
自己効力感,12221,千葉県,八千代市,都市部,2026,57.905900999658385,52.55503860535155
自己効力感,12222,千葉県,我孫子市,都市部,2023,49.951395904579144,48.7937425108208
自己効力感,12222,千葉県,我孫子市,都市部,2024,59.38807646206355,50.080953729385435
自己効力感,12222,千葉県,我孫子市,都市部,2025,60.4856245607769,49.177700246417274
自己効力感,12222,千葉県,我孫子市,都市部,2026,46.34732041663259,49.63215650574118
自己効力感,12224,千葉県,鎌ケ谷市,都市部,2024,49.74834189770686,53.058895302590884
自己効力感,12224,千葉県,鎌ケ谷市,都市部,2025,50.59098925767415,52.436215360383216
自己効力感,12224,千葉県,鎌ケ谷市,都市部,2026,43.71890395848587,52.81849668995992
自己効力感,12225,千葉県,君津市,地方の中心都市,2023,28.623911679501013,41.87543117988832
自己効力感,12225,千葉県,君津市,地方の中心都市,2024,45.3426139680716,43.171658972447844
自己効力感,12225,千葉県,君津市,地方の中心都市,2025,30.798093505087852,41.96932203824652
自己効力感,12225,千葉県,君津市,地方の中心都市,2026,34.649186020279586,41.92120014581893
自己効力感,12226,千葉県,富津市,地方の中心都市,2024,38.631331961454144,41.68989998585755
自己効力感,12227,千葉県,浦安市,都市部,2023,59.89824406453565,54.17752672331797
自己効力感,12227,千葉県,浦安市,都市部,2024,65.57191584002948,55.28741431711586
自己効力感,12227,千葉県,浦安市,都市部,2025,54.92846170858678,53.56297521363061
自己効力感,12227,千葉県,浦安市,都市部,2026,64.2736492499629,53.40584134177195
自己効力感,12228,千葉県,四街道市,都市部,2023,49.83460016630469,49.842385277884674
自己効力感,12228,千葉県,四街道市,都市部,2024,45.469968413399634,50.80074726478005
自己効力感,12228,千葉県,四街道市,都市部,2025,35.579605604803795,49.59714664595807
自己効力感,12228,千葉県,四街道市,都市部,2026,55.515644026992206,50.04331588874747
自己効力感,12229,千葉県,袖ケ浦市,都市部,2023,54.23781380184804,44.567110438786834
自己効力感,12229,千葉県,袖ケ浦市,都市部,2024,25.380851759019254,45.589465751937965
自己効力感,12229,千葉県,袖ケ浦市,都市部,2025,36.734621488673085,43.82184922395139
自己効力感,12229,千葉県,袖ケ浦市,都市部,2026,44.258200065642455,43.63814509560375
自己効力感,12230,千葉県,八街市,地方の中心都市,2023,30.210488204395446,37.944068254663065
自己効力感,12230,千葉県,八街市,地方の中心都市,2024,37.77290708449559,38.88273148153624
自己効力感,12230,千葉県,八街市,地方の中心都市,2025,30.43246943337559,38.81101057343122
自己効力感,12230,千葉県,八街市,地方の中心都市,2026,31.6741294298436,39.17204601856368
自己効力感,12231,千葉県,印西市,都市部,2023,44.14768414362724,47.71994382173744
自己効力感,12231,千葉県,印西市,都市部,2024,53.65598798193477,47.20635077463882
自己効力感,12231,千葉県,印西市,都市部,2025,44.64665380266712,45.021570418191615
自己効力感,12231,千葉県,印西市,都市部,2026,42.13067272304786,45.04958338076672
自己効力感,12232,千葉県,白井市,都市部,2023,54.08770944075547,48.685322265937764
自己効力感,12232,千葉県,白井市,都市部,2024,60.091379678818946,47.35814536779473
自己効力感,12232,千葉県,白井市,都市部,2025,46.57996780650455,45.489653366305774
自己効力感,12232,千葉県,白井市,都市部,2026,60.73933612498472,45.60981076430156
自己効力感,12233,千葉県,富里市,地方の中心都市,2024,28.81939740873336,37.4160837614724
自己効力感,12233,千葉県,富里市,地方の中心都市,2026,41.59518785924303,36.26788709672172
自己効力感,12234,千葉県,南房総市,農山村の小都市,2024,35.3908630697391,39.44641112480704
自己効力感,12236,千葉県,香取市,農山村の小都市,2023,32.139012393464284,35.4587526311912
自己効力感,12236,千葉県,香取市,農山村の小都市,2024,26.548252569091677,36.392363535628476
自己効力感,12236,千葉県,香取市,農山村の小都市,2025,32.86889908329876,34.96885243694237
自己効力感,12236,千葉県,香取市,農山村の小都市,2026,33.15059469222358,34.84819874858012
自己効力感,12237,千葉県,山武市,農山村の小都市,2024,34.860683154016826,36.10735923101706
自己効力感,12237,千葉県,山武市,農山村の小都市,2026,34.25353854477121,34.54918108167918
自己効力感,12238,千葉県,いすみ市,農山村の小都市,2024,41.35987978977226,34.39826386157739
自己効力感,12239,千葉県,大網白里市,地方の中心都市,2024,48.39627454471219,43.86562800917514
自己効力感,12239,千葉県,大網白里市,地方の中心都市,2026,45.55588920827247,42.18369175055247
自己効力感,13201,東京都,八王子市,都市部,2023,28.411314895083493,53.50092475178511
自己効力感,13201,東京都,八王子市,都市部,2024,56.77940959271817,54.111990983171644
自己効力感,13201,東京都,八王子市,都市部,2025,48.57154139384553,53.10971445672245
自己効力感,13201,東京都,八王子市,都市部,2026,53.27490245388334,53.353321608163114
自己効力感,13202,東京都,立川市,都市部,2024,72.79509460471331,53.138309741797556
自己効力感,13202,東京都,立川市,都市部,2025,60.72517780685184,51.992926094925046
自己効力感,13202,東京都,立川市,都市部,2026,57.19357503303463,52.449623857540175
自己効力感,13203,東京都,武蔵野市,都市部,2024,54.9632497254832,54.643506742230514
自己効力感,13203,東京都,武蔵野市,都市部,2025,59.96181457988574,53.63293139762995
自己効力感,13203,東京都,武蔵野市,都市部,2026,55.33685211380656,53.39949175086481
自己効力感,13204,東京都,三鷹市,都市部,2024,63.01857301673127,56.58604982071493
自己効力感,13204,東京都,三鷹市,都市部,2025,52.407831914841246,55.72877760563253
自己効力感,13204,東京都,三鷹市,都市部,2026,65.88714945500902,55.784252001730465
自己効力感,13205,東京都,青梅市,地方の中心都市,2024,38.884476063930826,51.42642156436026
自己効力感,13205,東京都,青梅市,地方の中心都市,2025,43.89548802374691,50.77874223372434
自己効力感,13205,東京都,青梅市,地方の中心都市,2026,47.97289756087143,50.49898884141184
自己効力感,13206,東京都,府中市,都市部,2023,55.76346895161183,52.9275112106454
自己効力感,13206,東京都,府中市,都市部,2024,58.868829026541036,54.100963188009786
自己効力感,13206,東京都,府中市,都市部,2025,56.60254049715955,53.24423504998531
自己効力感,13206,東京都,府中市,都市部,2026,63.707180614203594,53.40581148841338
自己効力感,13207,東京都,昭島市,都市部,2023,58.962213052538274,51.72522831456548
自己効力感,13207,東京都,昭島市,都市部,2024,51.43290372655126,52.50080477742348
自己効力感,13207,東京都,昭島市,都市部,2025,58.628521849893644,52.33019339665951
自己効力感,13207,東京都,昭島市,都市部,2026,45.49058747361399,51.696136172916454
自己効力感,13208,東京都,調布市,都市部,2023,33.17305009122555,55.35589744865455
自己効力感,13208,東京都,調布市,都市部,2024,69.9240327979892,56.30206558706709
自己効力感,13208,東京都,調布市,都市部,2025,60.50777860669812,55.243661385519616
自己効力感,13208,東京都,調布市,都市部,2026,56.28773030850636,55.7189451617008
自己効力感,13209,東京都,町田市,都市部,2023,55.77948318463007,53.24838626315006
自己効力感,13209,東京都,町田市,都市部,2024,39.88586360401518,54.00556510888908
自己効力感,13209,東京都,町田市,都市部,2025,67.20490057676818,53.15093545106434
自己効力感,13209,東京都,町田市,都市部,2026,60.75312350687078,53.30969517139332
自己効力感,13210,東京都,小金井市,都市部,2024,60.78093949879009,55.93977366482229
自己効力感,13210,東京都,小金井市,都市部,2025,57.2107795855823,55.60580191824803
自己効力感,13210,東京都,小金井市,都市部,2026,52.061403698045645,55.73387019121233
自己効力感,13211,東京都,小平市,都市部,2024,50.73329523245817,56.348614295142085
自己効力感,13211,東京都,小平市,都市部,2025,50.884225146066306,55.158201622712184
自己効力感,13211,東京都,小平市,都市部,2026,65.4713677294061,55.617700791643514
自己効力感,13212,東京都,日野市,都市部,2023,48.09130654556257,53.54207709974304
自己効力感,13212,東京都,日野市,都市部,2024,51.95400085444029,54.86739764399174
自己効力感,13212,東京都,日野市,都市部,2025,46.11527704564148,54.58923480168369
自己効力感,13212,東京都,日野市,都市部,2026,48.479934004805536,54.31460323204375
自己効力感,13213,東京都,東村山市,都市部,2023,52.282761804853905,54.943930877834035
自己効力感,13213,東京都,東村山市,都市部,2024,53.99640097468443,55.66065724885108
自己効力感,13213,東京都,東村山市,都市部,2025,51.37650346228616,54.750571779146284
自己効力感,13213,東京都,東村山市,都市部,2026,66.08751525854855,54.96373519097359
自己効力感,13214,東京都,国分寺市,都市部,2024,64.5811357185641,56.67827946834176
自己効力感,13214,東京都,国分寺市,都市部,2025,67.147822741885,55.68591730495051
自己効力感,13214,東京都,国分寺市,都市部,2026,56.46997640707254,55.477041940994354
自己効力感,13215,東京都,国立市,都市部,2023,70.28118038698454,53.73231265119525
自己効力感,13215,東京都,国立市,都市部,2024,62.69642685364775,54.59522595009317
自己効力感,13215,東京都,国立市,都市部,2025,57.519325058406125,54.34210101371325
自己効力感,13215,東京都,国立市,都市部,2026,67.02006281562211,54.45625352602133
自己効力感,13218,東京都,福生市,都市部,2024,52.71886465159852,52.72448559308367
自己効力感,13218,東京都,福生市,都市部,2025,43.42119270878596,51.14768797379238
自己効力感,13218,東京都,福生市,都市部,2026,57.91443522326925,51.738727309548864
自己効力感,13219,東京都,狛江市,都市部,2023,59.473562891821736,55.663380372699166
自己効力感,13219,東京都,狛江市,都市部,2024,59.462391966462704,56.2756818630169
自己効力感,13219,東京都,狛江市,都市部,2025,62.11269725328107,56.153222574508284
自己効力感,13219,東京都,狛江市,都市部,2026,55.33349591835958,56.52352657666238
自己効力感,13220,東京都,東大和市,都市部,2023,39.21907210884091,52.931147318758754
自己効力感,13220,東京都,東大和市,都市部,2024,47.37899388836238,54.900254718471004
自己効力感,13220,東京都,東大和市,都市部,2025,44.517627008180035,53.71031953802415
自己効力感,13220,東京都,東大和市,都市部,2026,49.00415972070889,53.68424311115801
自己効力感,13221,東京都,清瀬市,都市部,2023,40.84751286407209,53.58613207587376
自己効力感,13221,東京都,清瀬市,都市部,2024,45.88413124862037,54.78557695820706
自己効力感,13221,東京都,清瀬市,都市部,2025,55.3879508568055,54.605305029475204
自己効力感,13221,東京都,清瀬市,都市部,2026,61.67904388066541,55.027464293108714
自己効力感,13222,東京都,東久留米市,都市部,2023,59.74521316841428,54.11495019269246
自己効力感,13222,東京都,東久留米市,都市部,2024,55.3856607036485,55.00616862485818
自己効力感,13222,東京都,東久留米市,都市部,2025,51.57086007567986,54.256951916807026
自己効力感,13222,東京都,東久留米市,都市部,2026,57.4445436614105,54.606054295397534
自己効力感,13223,東京都,武蔵村山市,都市部,2024,37.786649927039335,52.89653858472734
自己効力感,13223,東京都,武蔵村山市,都市部,2025,36.965649057711374,51.8618451274007
自己効力感,13223,東京都,武蔵村山市,都市部,2026,31.284017186364018,52.44601722767369
自己効力感,13224,東京都,多摩市,都市部,2023,57.22580816126933,50.9547784550404
自己効力感,13224,東京都,多摩市,都市部,2024,48.858173096830484,50.93145633843348
自己効力感,13224,東京都,多摩市,都市部,2025,51.81616552552518,50.44294483243263
自己効力感,13224,東京都,多摩市,都市部,2026,65.13721719063932,50.31289784634434
自己効力感,13225,東京都,稲城市,都市部,2023,47.745797617926385,54.63465209511067
自己効力感,13225,東京都,稲城市,都市部,2024,50.77324586763202,55.45835508361726
自己効力感,13225,東京都,稲城市,都市部,2025,53.49578918616052,54.2531557431725
自己効力感,13225,東京都,稲城市,都市部,2026,63.94665607250045,54.80823232437251
自己効力感,13227,東京都,羽村市,都市部,2024,51.49729835950526,50.99052633517011
自己効力感,13227,東京都,羽村市,都市部,2025,45.44377108405391,49.64899023739925
自己効力感,13227,東京都,羽村市,都市部,2026,50.88081401247256,49.85395365280487
自己効力感,13228,東京都,あきる野市,地方の中心都市,2023,43.4719678222196,51.053764268158965
自己効力感,13228,東京都,あきる野市,地方の中心都市,2024,48.88118710183748,52.11656903491489
自己効力感,13228,東京都,あきる野市,地方の中心都市,2025,34.52227840007804,51.112027309704246
自己効力感,13228,東京都,あきる野市,地方の中心都市,2026,49.65839700432924,50.41695275768452
自己効力感,13229,東京都,西東京市,都市部,2023,85.26305009122555,56.11868267604757
自己効力感,13229,東京都,西東京市,都市部,2024,52.71480177257505,56.89712998097705
自己効力感,13229,東京都,西東京市,都市部,2025,60.837305849052846,55.814106341008255
自己効力感,13229,東京都,西東京市,都市部,2026,53.476420009764965,56.244273339581014
自己効力感,14100,神奈川県,横浜市,都市部,2023,55.49395887564958,55.307749222014934
自己効力感,14100,神奈川県,横浜市,都市部,2024,55.6949935361821,56.33149988302844
自己効力感,14100,神奈川県,横浜市,都市部,2025,54.40216308921779,55.3421377622374
自己効力感,14100,神奈川県,横浜市,都市部,2026,54.35125504472489,55.33081811024418
自己効力感,14130,神奈川県,川崎市,都市部,2023,58.78472259266263,56.61296512182915
自己効力感,14130,神奈川県,川崎市,都市部,2024,57.32902063730833,57.77438516505355
自己効力感,14130,神奈川県,川崎市,都市部,2025,59.058041385521804,56.73305068828587
自己効力感,14130,神奈川県,川崎市,都市部,2026,59.7839563498177,56.836703944137284
自己効力感,14150,神奈川県,相模原市,都市部,2023,48.7109664684167,53.98588707399432
自己効力感,14150,神奈川県,相模原市,都市部,2024,52.01201514004891,54.865731948788465
自己効力感,14150,神奈川県,相模原市,都市部,2025,49.120997069018664,53.871754393523055
自己効力感,14150,神奈川県,相模原市,都市部,2026,46.59523886655604,53.82709158292791
自己効力感,14201,神奈川県,横須賀市,都市部,2023,46.82499713283398,51.06714819294469
自己効力感,14201,神奈川県,横須賀市,都市部,2024,56.851645687323455,52.16568010292996
自己効力感,14201,神奈川県,横須賀市,都市部,2025,45.64452494959991,51.30628168607381
自己効力感,14201,神奈川県,横須賀市,都市部,2026,48.25501647612217,51.28327891274042
自己効力感,14203,神奈川県,平塚市,都市部,2023,48.87250559972355,50.01875691469992
自己効力感,14203,神奈川県,平塚市,都市部,2024,58.48048432352755,51.47613018842496
自己効力感,14203,神奈川県,平塚市,都市部,2025,52.814288642915756,49.90211805107283
自己効力感,14203,神奈川県,平塚市,都市部,2026,44.980681211806285,49.8185277148737
自己効力感,14204,神奈川県,鎌倉市,都市部,2023,75.60269376113473,53.74238833334922
自己効力感,14204,神奈川県,鎌倉市,都市部,2024,62.12316162383471,54.392116860486034
自己効力感,14204,神奈川県,鎌倉市,都市部,2025,49.62123266826959,53.12223498015237
自己効力感,14204,神奈川県,鎌倉市,都市部,2026,51.539474823672606,53.13999853812246
自己効力感,14205,神奈川県,藤沢市,都市部,2023,63.09383326142089,53.41803082895436
自己効力感,14205,神奈川県,藤沢市,都市部,2024,63.907127969019484,53.779090424758465
自己効力感,14205,神奈川県,藤沢市,都市部,2025,64.36228163007897,52.71529521820633
自己効力感,14205,神奈川県,藤沢市,都市部,2026,59.74969040077243,52.529878198724305
自己効力感,14206,神奈川県,小田原市,都市部,2023,51.27702148196774,48.9678878250839
自己効力感,14206,神奈川県,小田原市,都市部,2024,47.45086324099525,50.095934983057006
自己効力感,14206,神奈川県,小田原市,都市部,2025,48.74201962009222,49.20769239858181
自己効力感,14206,神奈川県,小田原市,都市部,2026,50.985346841274584,49.04396268820396
自己効力感,14207,神奈川県,茅ヶ崎市,都市部,2023,62.45573291429126,54.027021412901455
自己効力感,14207,神奈川県,茅ヶ崎市,都市部,2024,70.32360769612328,55.57179461721433
自己効力感,14207,神奈川県,茅ヶ崎市,都市部,2025,51.924405376112816,53.64738150674582
自己効力感,14207,神奈川県,茅ヶ崎市,都市部,2026,45.566153764778875,53.81513112507429
自己効力感,14208,神奈川県,逗子市,都市部,2023,55.87940451833264,52.70461832127603
自己効力感,14208,神奈川県,逗子市,都市部,2024,65.55446882340297,53.72830181605373
自己効力感,14208,神奈川県,逗子市,都市部,2025,65.83027614553092,52.35870484345689
自己効力感,14208,神奈川県,逗子市,都市部,2026,64.72670762139015,52.704387991337356
自己効力感,14210,神奈川県,三浦市,農山村の小都市,2024,35.40247817431314,44.020540014464885
自己効力感,14211,神奈川県,秦野市,地方の中心都市,2023,41.61424148035042,49.52269816055512
自己効力感,14211,神奈川県,秦野市,地方の中心都市,2024,50.77332490500044,50.638692726346775
自己効力感,14211,神奈川県,秦野市,地方の中心都市,2025,47.76904466512411,49.52149921892935
自己効力感,14211,神奈川県,秦野市,地方の中心都市,2026,33.235029859233805,49.499782798871024
自己効力感,14212,神奈川県,厚木市,都市部,2023,59.77275363269817,48.49190310654055
自己効力感,14212,神奈川県,厚木市,都市部,2024,48.857932704543266,49.530257534213945
自己効力感,14212,神奈川県,厚木市,都市部,2025,52.49357734010002,48.095586437908175
自己効力感,14212,神奈川県,厚木市,都市部,2026,41.429471200587685,47.97474958049045
自己効力感,14213,神奈川県,大和市,都市部,2023,42.003689900902174,55.650922998594375
自己効力感,14213,神奈川県,大和市,都市部,2024,53.108165851273434,56.144016511453295
自己効力感,14213,神奈川県,大和市,都市部,2025,51.93743694768849,55.22567850225397
自己効力感,14213,神奈川県,大和市,都市部,2026,40.49547618456329,55.2444246001505
自己効力感,14214,神奈川県,伊勢原市,都市部,2023,41.72552650193669,50.98477414114727
自己効力感,14214,神奈川県,伊勢原市,都市部,2024,52.592979330578736,52.18254112532866
自己効力感,14214,神奈川県,伊勢原市,都市部,2025,46.7598050853487,50.47211195369677
自己効力感,14214,神奈川県,伊勢原市,都市部,2026,61.391039230640395,50.022450113754466
自己効力感,14215,神奈川県,海老名市,都市部,2023,45.44694670742935,53.05542404219639
自己効力感,14215,神奈川県,海老名市,都市部,2024,54.357116660787995,52.78911334913821
自己効力感,14215,神奈川県,海老名市,都市部,2025,62.32143206632997,52.30531513675026
自己効力感,14215,神奈川県,海老名市,都市部,2026,55.20124470659104,51.52699265287483
自己効力感,14216,神奈川県,座間市,都市部,2023,57.86872753743285,53.134429542247666
自己効力感,14216,神奈川県,座間市,都市部,2024,56.116132031824165,54.28306168276859
自己効力感,14216,神奈川県,座間市,都市部,2025,68.204040629987,53.375918295652774
自己効力感,14216,神奈川県,座間市,都市部,2026,48.27085678638877,53.60717963679777
自己効力感,14217,神奈川県,南足柄市,地方の中心都市,2024,38.881499282500215,44.59522653807757
自己効力感,14218,神奈川県,綾瀬市,都市部,2023,37.21592512364346,50.23141682428131
自己効力感,14218,神奈川県,綾瀬市,都市部,2024,32.100572637131755,51.053007389068156
自己効力感,14218,神奈川県,綾瀬市,都市部,2025,39.34671991583253,49.94225158989732
自己効力感,14218,神奈川県,綾瀬市,都市部,2026,41.101475227853534,50.43102753815673
自己効力感,14321,神奈川県,寒川町,都市部,2024,39.76208613652856,49.177615286587695
自己効力感,14321,神奈川県,寒川町,都市部,2026,29.508292502470894,47.259642133823625
自己効力感,14401,神奈川県,愛川町,地方の中心都市,2024,38.16130314243088,45.67423421782954
自己効力感,15100,新潟県,新潟市,都市部,2023,41.06367651141671,44.671249397935384
自己効力感,15100,新潟県,新潟市,都市部,2024,40.28464737666064,45.65274128348721
自己効力感,15100,新潟県,新潟市,都市部,2025,43.252145752407614,44.80538274226906
自己効力感,15100,新潟県,新潟市,都市部,2026,45.00570054186092,44.743527541841694
自己効力感,15202,新潟県,長岡市,地方の中心都市,2023,29.977975823584963,43.34914930907732
自己効力感,15202,新潟県,長岡市,地方の中心都市,2024,39.78024732201385,44.274436298794456
自己効力感,15202,新潟県,長岡市,地方の中心都市,2025,33.60219407880648,43.22886450347263
自己効力感,15202,新潟県,長岡市,地方の中心都市,2026,48.3414968893709,43.161556428649355
自己効力感,15204,新潟県,三条市,地方の中心都市,2023,41.14935275590312,43.45690394941209
自己効力感,15204,新潟県,三条市,地方の中心都市,2024,38.16307533840322,44.59212097168041
自己効力感,15204,新潟県,三条市,地方の中心都市,2025,42.33020174345672,43.32613226986392
自己効力感,15204,新潟県,三条市,地方の中心都市,2026,38.57761219334324,43.00197386015483
自己効力感,15205,新潟県,柏崎市,地方の中心都市,2023,37.790755741391216,41.32584058497246
自己効力感,15205,新潟県,柏崎市,地方の中心都市,2024,32.832934837097305,42.28794710011404
自己効力感,15205,新潟県,柏崎市,地方の中心都市,2025,30.838736718894456,41.501016452480656
自己効力感,15205,新潟県,柏崎市,地方の中心都市,2026,39.92135976940548,41.36559530095339
自己効力感,15206,新潟県,新発田市,地方の中心都市,2023,30.44022975797133,41.74146533825525
自己効力感,15206,新潟県,新発田市,地方の中心都市,2024,45.75464224685369,42.47380618262892
自己効力感,15206,新潟県,新発田市,地方の中心都市,2025,31.134868933517936,41.431063614515466
自己効力感,15206,新潟県,新発田市,地方の中心都市,2026,36.07093614959173,41.522772696635506
自己効力感,15208,新潟県,小千谷市,農山村の小都市,2024,35.00402884270426,41.36295064136078
自己効力感,15209,新潟県,加茂市,農山村の小都市,2024,32.97800375170509,40.90617019609876
自己効力感,15210,新潟県,十日町市,農山村の小都市,2024,54.372372387128756,38.20192355632597
自己効力感,15210,新潟県,十日町市,農山村の小都市,2026,27.439757910263115,37.123377225073234
自己効力感,15211,新潟県,見附市,地方の中心都市,2024,54.78281024485481,43.386698339394115
自己効力感,15212,新潟県,村上市,農山村の小都市,2023,34.45815907416732,37.09796678463248
自己効力感,15212,新潟県,村上市,農山村の小都市,2024,42.152289959383076,37.986618526465925
自己効力感,15212,新潟県,村上市,農山村の小都市,2025,52.15613595108411,36.66765550789445
自己効力感,15212,新潟県,村上市,農山村の小都市,2026,46.84042166557148,36.63598269410074
自己効力感,15213,新潟県,燕市,地方の中心都市,2023,47.60899495056833,41.76696884285554
自己効力感,15213,新潟県,燕市,地方の中心都市,2024,40.37998448117435,42.7272519768958
自己効力感,15213,新潟県,燕市,地方の中心都市,2025,44.67914203118316,41.74224895492218
自己効力感,15213,新潟県,燕市,地方の中心都市,2026,36.50516705098616,41.79361537208188
自己効力感,15216,新潟県,糸魚川市,農山村の小都市,2024,41.51566507655978,39.49449885318144
自己効力感,15217,新潟県,妙高市,農山村の小都市,2024,52.76829972806875,37.00397467166858
自己効力感,15218,新潟県,五泉市,農山村の小都市,2024,34.54506744005553,40.39944827850933
自己効力感,15218,新潟県,五泉市,農山村の小都市,2026,35.13307234932091,39.02848097051692
自己効力感,15222,新潟県,上越市,地方の中心都市,2023,31.246057830439174,43.30240870990163
自己効力感,15222,新潟県,上越市,地方の中心都市,2024,48.07532062388622,44.26107167990948
自己効力感,15222,新潟県,上越市,地方の中心都市,2025,45.96059469892417,43.08874033469197
自己効力感,15222,新潟県,上越市,地方の中心都市,2026,39.46202622335847,42.962912737277065
自己効力感,15223,新潟県,阿賀野市,農山村の小都市,2024,23.54511283513251,39.830115587228555
自己効力感,15224,新潟県,佐渡市,農山村の小都市,2024,40.548222657856364,37.32509928026466
自己効力感,15224,新潟県,佐渡市,農山村の小都市,2025,31.92493776306446,36.21856853622445
自己効力感,15224,新潟県,佐渡市,農山村の小都市,2026,35.40065442982826,35.835738006445446
自己効力感,15225,新潟県,魚沼市,農山村の小都市,2024,35.72018476829618,38.194970359505916
自己効力感,15226,新潟県,南魚沼市,農山村の小都市,2024,43.45280471427613,39.9539745662734
自己効力感,15226,新潟県,南魚沼市,農山村の小都市,2025,33.0927974915203,38.545856384695234
自己効力感,15226,新潟県,南魚沼市,農山村の小都市,2026,36.469776067738465,38.63338257384201
自己効力感,15342,新潟県,弥彦村,農山村の小都市,2023,40.70082217073085,42.025494394426424
自己効力感,15385,新潟県,阿賀町,農山村の小都市,2023,49.52528211900699,27.87369567637525
自己効力感,16201,富山県,富山市,地方の中心都市,2023,34.79103985464782,46.044299958823
自己効力感,16201,富山県,富山市,地方の中心都市,2024,33.57857303460018,46.90656963032103
自己効力感,16201,富山県,富山市,地方の中心都市,2025,42.81268770541852,45.961567711887355
自己効力感,16201,富山県,富山市,地方の中心都市,2026,42.94044687092532,46.011994046188384
自己効力感,16202,富山県,高岡市,地方の中心都市,2023,45.679128084164695,46.00674809728637
自己効力感,16202,富山県,高岡市,地方の中心都市,2024,38.94512301150701,46.930377172172285
自己効力感,16202,富山県,高岡市,地方の中心都市,2025,30.97122853331551,46.231118596937904
自己効力感,16202,富山県,高岡市,地方の中心都市,2026,38.29314582237419,45.999950370146195
自己効力感,16205,富山県,氷見市,農山村の小都市,2024,50.328048116424775,40.468672349056654
自己効力感,16205,富山県,氷見市,農山村の小都市,2026,45.80545657172816,38.579704950485265
自己効力感,16207,富山県,黒部市,地方の中心都市,2024,46.58791560339337,39.378927835208394
自己効力感,16208,富山県,砺波市,地方の中心都市,2024,38.11536920233295,43.394053199278844
自己効力感,16208,富山県,砺波市,地方の中心都市,2025,40.62756407622319,42.457938344423006
自己効力感,16208,富山県,砺波市,地方の中心都市,2026,22.332216338033813,42.2678701465044
自己効力感,16210,富山県,南砺市,農山村の小都市,2024,27.459116277677712,41.51404457100126
自己効力感,16210,富山県,南砺市,農山村の小都市,2026,34.218477552323925,40.277187007468385
自己効力感,16211,富山県,射水市,地方の中心都市,2023,36.273521833656446,44.6155488862448
自己効力感,16211,富山県,射水市,地方の中心都市,2024,36.44684292300427,45.69219938547561
自己効力感,16211,富山県,射水市,地方の中心都市,2025,40.12363961362037,44.3630423278011
自己効力感,16211,富山県,射水市,地方の中心都市,2026,31.093683245447725,44.17927945888573
自己効力感,16323,富山県,立山町,農山村の小都市,2023,27.117273789779446,37.41055083744406
自己効力感,16343,富山県,朝日町,農山村の小都市,2023,18.702171944404334,34.13746534102786
自己効力感,16343,富山県,朝日町,農山村の小都市,2024,32.018364230421895,35.24110736365439
自己効力感,17201,石川県,金沢市,都市部,2023,58.33999051378629,50.37140599793194
自己効力感,17201,石川県,金沢市,都市部,2024,52.18137052954385,51.28319435183538
自己効力感,17201,石川県,金沢市,都市部,2025,37.964310376453234,50.56497291979498
自己効力感,17201,石川県,金沢市,都市部,2026,49.5615480258334,50.637517437016385
自己効力感,17202,石川県,七尾市,農山村の小都市,2024,36.70688188226524,40.63496494247316
自己効力感,17202,石川県,七尾市,農山村の小都市,2025,56.53373555687309,37.808317800665876
自己効力感,17202,石川県,七尾市,農山村の小都市,2026,54.67724933773076,39.35206408025882
自己効力感,17203,石川県,小松市,地方の中心都市,2023,52.8759135618984,46.415608084738544
自己効力感,17203,石川県,小松市,地方の中心都市,2024,52.80379668167045,47.66260876316321
自己効力感,17203,石川県,小松市,地方の中心都市,2025,44.89996330895902,46.66206395617762
自己効力感,17203,石川県,小松市,地方の中心都市,2026,42.04883575296359,46.26239700082886
自己効力感,17205,石川県,珠洲市,農山村の小都市,2023,42.598727258975295,34.425456921859876
自己効力感,17206,石川県,加賀市,地方の中心都市,2023,39.81875792973441,40.52731157057097
自己効力感,17206,石川県,加賀市,地方の中心都市,2024,41.96796648338089,41.495073826781194
自己効力感,17206,石川県,加賀市,地方の中心都市,2025,35.169494103549894,40.42371325724701
自己効力感,17206,石川県,加賀市,地方の中心都市,2026,47.449276713365,40.37617519427828
自己効力感,17210,石川県,白山市,地方の中心都市,2023,34.57391038354636,44.09869723478051
自己効力感,17210,石川県,白山市,地方の中心都市,2024,42.24086576135472,45.16295807281331
自己効力感,17210,石川県,白山市,地方の中心都市,2025,36.50167393694347,44.318675244924165
自己効力感,17210,石川県,白山市,地方の中心都市,2026,34.213332128613956,43.81358124267523
自己効力感,17211,石川県,能美市,地方の中心都市,2023,43.985132611952636,47.460778277920774
自己効力感,17211,石川県,能美市,地方の中心都市,2024,41.676654659690165,48.24386991323769
自己効力感,17211,石川県,能美市,地方の中心都市,2026,41.28721418851524,47.817560114297216
自己効力感,17212,石川県,野々市市,都市部,2023,49.86639173906198,52.16498292384648
自己効力感,17212,石川県,野々市市,都市部,2024,48.84250009533296,53.00211649206453
自己効力感,17212,石川県,野々市市,都市部,2025,52.195530917288075,53.03848021070685
自己効力感,17212,石川県,野々市市,都市部,2026,42.40877728626284,52.72462151416794
自己効力感,17361,石川県,津幡町,地方の中心都市,2024,44.21233527007553,47.42566400091079
自己効力感,18201,福井県,福井市,地方の中心都市,2023,53.96534632961828,47.48608428075707
自己効力感,18201,福井県,福井市,地方の中心都市,2024,59.971589134325754,48.38959286055921
自己効力感,18201,福井県,福井市,地方の中心都市,2025,49.20883953333866,47.4957834331452
自己効力感,18201,福井県,福井市,地方の中心都市,2026,51.957512295941214,47.44008821107584
自己効力感,18202,福井県,敦賀市,地方の中心都市,2024,50.87045051330951,46.2136148138666
自己効力感,18202,福井県,敦賀市,地方の中心都市,2025,39.843361696577595,45.739402977343154
自己効力感,18202,福井県,敦賀市,地方の中心都市,2026,47.26853086674965,45.254309042575215
自己効力感,18207,福井県,鯖江市,地方の中心都市,2023,42.90140671806271,48.748940879490576
自己効力感,18207,福井県,鯖江市,地方の中心都市,2024,49.811588541312034,49.82236186859295
自己効力感,18207,福井県,鯖江市,地方の中心都市,2025,40.83448262216178,49.53474686580691
自己効力感,18207,福井県,鯖江市,地方の中心都市,2026,46.74462025900377,49.23642670199971
自己効力感,18209,福井県,越前市,地方の中心都市,2023,65.88756424262895,45.42511140828552
自己効力感,18209,福井県,越前市,地方の中心都市,2024,54.01188570374418,47.229247478673116
自己効力感,18209,福井県,越前市,地方の中心都市,2025,51.49028800123962,47.69986889348657
自己効力感,18209,福井県,越前市,地方の中心都市,2026,53.374105975080546,46.454775661834674
自己効力感,18210,福井県,坂井市,地方の中心都市,2024,46.61709609946196,44.69297775931419
自己効力感,18210,福井県,坂井市,地方の中心都市,2025,53.55970296923157,43.7769898956745
自己効力感,18210,福井県,坂井市,地方の中心都市,2026,41.51949574198207,43.41412019932778
自己効力感,19201,山梨県,甲府市,地方の中心都市,2023,32.60011042346716,50.53531934633048
自己効力感,19201,山梨県,甲府市,地方の中心都市,2024,50.83400262456796,50.786858002971975
自己効力感,19201,山梨県,甲府市,地方の中心都市,2025,59.3717080101862,50.036831950213056
自己効力感,19201,山梨県,甲府市,地方の中心都市,2026,46.49102388679013,49.82278340781778
自己効力感,19202,山梨県,富士吉田市,地方の中心都市,2024,51.762401146677306,45.62150186727586
自己効力感,19202,山梨県,富士吉田市,地方の中心都市,2026,41.03696011963797,44.70418915875753
自己効力感,19208,山梨県,南アルプス市,地方の中心都市,2024,52.12187385601471,48.23749256510182
自己効力感,19208,山梨県,南アルプス市,地方の中心都市,2025,57.24300018948687,47.314528719508026
自己効力感,19208,山梨県,南アルプス市,地方の中心都市,2026,46.3716305960543,47.31993709098787
自己効力感,19209,山梨県,北杜市,農山村の小都市,2024,58.02709484542161,40.31451129773441
自己効力感,19209,山梨県,北杜市,農山村の小都市,2026,49.583398571207525,39.01878317003443
自己効力感,19210,山梨県,甲斐市,地方の中心都市,2023,26.724215395655627,48.971243652599966
自己効力感,19210,山梨県,甲斐市,地方の中心都市,2024,47.776306361612825,49.46003142233369
自己効力感,19210,山梨県,甲斐市,地方の中心都市,2025,47.69266195005236,48.367360911829344
自己効力感,19210,山梨県,甲斐市,地方の中心都市,2026,75.80730374571661,48.58882749310711
自己効力感,19211,山梨県,笛吹市,農山村の小都市,2023,47.253288728867716,44.16997122133563
自己効力感,19211,山梨県,笛吹市,農山村の小都市,2024,36.20665144448407,45.55617493823976
自己効力感,19211,山梨県,笛吹市,農山村の小都市,2025,46.66182054263875,44.422565104679926
自己効力感,19211,山梨県,笛吹市,農山村の小都市,2026,16.944789570378756,44.35624887813261
自己効力感,20201,長野県,長野市,地方の中心都市,2023,46.0981705389079,47.34041891115787
自己効力感,20201,長野県,長野市,地方の中心都市,2024,42.98486767619366,48.20375705175032
自己効力感,20201,長野県,長野市,地方の中心都市,2025,41.6069456263967,47.368448287138136
自己効力感,20201,長野県,長野市,地方の中心都市,2026,46.46385148143502,47.38861831068923
自己効力感,20202,長野県,松本市,地方の中心都市,2023,56.46542982501143,46.98677402488709
自己効力感,20202,長野県,松本市,地方の中心都市,2024,61.88903906922903,47.86542368011814
自己効力感,20202,長野県,松本市,地方の中心都市,2025,36.74729312772647,46.627256920262866
自己効力感,20202,長野県,松本市,地方の中心都市,2026,41.847645098772624,46.43850397831909
自己効力感,20203,長野県,上田市,地方の中心都市,2023,32.56106840022728,46.018716034043145
自己効力感,20203,長野県,上田市,地方の中心都市,2024,41.70897961354637,47.28839330700402
自己効力感,20203,長野県,上田市,地方の中心都市,2025,27.25822306079476,46.1015205700669
自己効力感,20203,長野県,上田市,地方の中心都市,2026,50.91499984783386,46.01625069260183
自己効力感,20204,長野県,岡谷市,地方の中心都市,2024,55.084080595840035,47.6385220665693
自己効力感,20204,長野県,岡谷市,地方の中心都市,2026,51.47209756942954,46.5766748583795
自己効力感,20205,長野県,飯田市,農山村の小都市,2024,37.76946494959455,44.90820429875538
自己効力感,20205,長野県,飯田市,農山村の小都市,2025,40.42777574004766,44.10410853157649
自己効力感,20205,長野県,飯田市,農山村の小都市,2026,27.445046675977647,44.39106756946462
自己効力感,20206,長野県,諏訪市,地方の中心都市,2024,40.31387498017587,47.91763953670006
自己効力感,20206,長野県,諏訪市,地方の中心都市,2026,44.49455964565201,46.95727301792561
自己効力感,20207,長野県,須坂市,農山村の小都市,2024,31.86756124337679,46.24471395183976
自己効力感,20207,長野県,須坂市,農山村の小都市,2026,41.827714289616566,45.19631936547767
自己効力感,20208,長野県,小諸市,地方の中心都市,2024,46.45612034874564,43.006194156615926
自己効力感,20209,長野県,伊那市,農山村の小都市,2024,40.78637034007108,42.62089048138571
自己効力感,20209,長野県,伊那市,農山村の小都市,2025,51.049214095891244,42.08422103746338
自己効力感,20209,長野県,伊那市,農山村の小都市,2026,44.24466051627205,42.038705811982894
自己効力感,20211,長野県,中野市,農山村の小都市,2024,34.1135628984229,42.80797489270181
自己効力感,20214,長野県,茅野市,地方の中心都市,2023,38.02711945313438,45.57741903702923
自己効力感,20214,長野県,茅野市,地方の中心都市,2024,47.83889952212386,46.605193728339614
自己効力感,20214,長野県,茅野市,地方の中心都市,2025,40.55841881541204,45.788668988111134
自己効力感,20214,長野県,茅野市,地方の中心都市,2026,57.98859745461065,45.63528941009028
自己効力感,20215,長野県,塩尻市,地方の中心都市,2023,51.085801892775436,43.41524057636134
自己効力感,20215,長野県,塩尻市,地方の中心都市,2024,39.61368651194033,43.82517753465341
自己効力感,20215,長野県,塩尻市,地方の中心都市,2025,42.73075859663579,43.1199400307095
自己効力感,20215,長野県,塩尻市,地方の中心都市,2026,37.60036045783312,43.20232083427761
自己効力感,20217,長野県,佐久市,地方の中心都市,2023,52.26731646893651,45.2705658786462
自己効力感,20217,長野県,佐久市,地方の中心都市,2024,45.40423672663431,45.91998520989259
自己効力感,20217,長野県,佐久市,地方の中心都市,2025,52.46213176392166,45.231954776852646
自己効力感,20217,長野県,佐久市,地方の中心都市,2026,48.263799563265756,45.09004768962046
自己効力感,20218,長野県,千曲市,地方の中心都市,2023,34.33749954702627,47.40754798390029
自己効力感,20218,長野県,千曲市,地方の中心都市,2024,45.159362531208984,48.18140734189376
自己効力感,20218,長野県,千曲市,地方の中心都市,2025,44.75173095544032,47.4116501784574
自己効力感,20218,長野県,千曲市,地方の中心都市,2026,60.519274659425676,47.40776224409542
自己効力感,20220,長野県,安曇野市,地方の中心都市,2023,53.434887610326435,46.15465672550961
自己効力感,20220,長野県,安曇野市,地方の中心都市,2024,54.15980220674045,46.803759173112276
自己効力感,20220,長野県,安曇野市,地方の中心都市,2025,51.19817664483248,45.863690512864096
自己効力感,20220,長野県,安曇野市,地方の中心都市,2026,43.75628602555648,45.793954087517534
自己効力感,21201,岐阜県,岐阜市,都市部,2023,52.618551327878095,49.6575813865729
自己効力感,21201,岐阜県,岐阜市,都市部,2024,57.932871865973546,50.94528929650789
自己効力感,21201,岐阜県,岐阜市,都市部,2025,36.089473384040836,50.02396404789079
自己効力感,21201,岐阜県,岐阜市,都市部,2026,49.307465932139216,49.8989562308428
自己効力感,21202,岐阜県,大垣市,地方の中心都市,2023,55.182022754193696,46.265770888842304
自己効力感,21202,岐阜県,大垣市,地方の中心都市,2024,49.08588637329636,46.89635996711938
自己効力感,21202,岐阜県,大垣市,地方の中心都市,2025,49.42448139272156,46.1756346538403
自己効力感,21202,岐阜県,大垣市,地方の中心都市,2026,41.47810729240459,46.274243645959714
自己効力感,21203,岐阜県,高山市,農山村の小都市,2023,50.38421250361205,39.007211212567135
自己効力感,21203,岐阜県,高山市,農山村の小都市,2024,44.70732643214539,39.97966271296276
自己効力感,21203,岐阜県,高山市,農山村の小都市,2025,47.27536807032757,39.2367168416894
自己効力感,21203,岐阜県,高山市,農山村の小都市,2026,50.66766268891667,39.06946595649248
自己効力感,21204,岐阜県,多治見市,地方の中心都市,2024,41.93990176116522,50.09972873112481
自己効力感,21204,岐阜県,多治見市,地方の中心都市,2025,48.97038780808353,49.24689048959092
自己効力感,21204,岐阜県,多治見市,地方の中心都市,2026,45.01802187855203,48.92154415156166
自己効力感,21205,岐阜県,関市,地方の中心都市,2023,39.538956640480976,45.06252945146428
自己効力感,21205,岐阜県,関市,地方の中心都市,2024,38.56440727048643,45.990852640362434
自己効力感,21205,岐阜県,関市,地方の中心都市,2025,48.84716056963272,44.84991807458917
自己効力感,21205,岐阜県,関市,地方の中心都市,2026,49.03832848402164,44.869595889090895
自己効力感,21206,岐阜県,中津川市,地方の中心都市,2024,33.224673755070604,45.25095213813033
自己効力感,21206,岐阜県,中津川市,地方の中心都市,2025,38.320658386541474,44.06362824137038
自己効力感,21206,岐阜県,中津川市,地方の中心都市,2026,36.37654432099116,43.77181367227555
自己効力感,21207,岐阜県,美濃市,農山村の小都市,2023,38.91618434158572,42.68011773646494
自己効力感,21208,岐阜県,瑞浪市,地方の中心都市,2024,38.06491364544524,46.136169827900794
自己効力感,21209,岐阜県,羽島市,都市部,2023,34.50740188563215,44.107118449134035
自己効力感,21209,岐阜県,羽島市,都市部,2024,36.892575464363375,44.78074741521932
自己効力感,21209,岐阜県,羽島市,都市部,2025,43.249942945864106,43.87783386909108
自己効力感,21209,岐阜県,羽島市,都市部,2026,25.08537710541326,44.70433935713241
自己効力感,21210,岐阜県,恵那市,農山村の小都市,2024,49.820381269051886,43.19211795089871
自己効力感,21210,岐阜県,恵那市,農山村の小都市,2026,43.19842512172043,42.06566093095402
自己効力感,21211,岐阜県,美濃加茂市,地方の中心都市,2024,50.41101574582098,46.85555152499604
自己効力感,21211,岐阜県,美濃加茂市,地方の中心都市,2025,35.426888634975434,45.523796368578054
自己効力感,21211,岐阜県,美濃加茂市,地方の中心都市,2026,37.789041850071555,45.71748638779885
自己効力感,21212,岐阜県,土岐市,地方の中心都市,2024,51.17428296805245,47.78869912333067
自己効力感,21212,岐阜県,土岐市,地方の中心都市,2025,57.01477175270884,46.84316180810699
自己効力感,21212,岐阜県,土岐市,地方の中心都市,2026,47.364693695250445,46.963210206681566
自己効力感,21213,岐阜県,各務原市,都市部,2023,52.22422516983106,48.898288602723945
自己効力感,21213,岐阜県,各務原市,都市部,2024,41.965067731265435,49.97042210316731
自己効力感,21213,岐阜県,各務原市,都市部,2025,51.36752261777265,48.76808750449577
自己効力感,21213,岐阜県,各務原市,都市部,2026,56.44906942900631,49.06377132657176
自己効力感,21214,岐阜県,可児市,都市部,2023,38.46613139623999,48.10317500114864
自己効力感,21214,岐阜県,可児市,都市部,2024,50.123009310206136,48.675385069907676
自己効力感,21214,岐阜県,可児市,都市部,2025,33.49697546870833,48.0469630794563
自己効力感,21214,岐阜県,可児市,都市部,2026,36.91161356265247,47.87620584714054
自己効力感,21216,岐阜県,瑞穂市,都市部,2024,47.549694669853984,50.09078135926939
自己効力感,21216,岐阜県,瑞穂市,都市部,2025,57.594982436740835,48.716548679756755
自己効力感,21216,岐阜県,瑞穂市,都市部,2026,48.94198419472775,48.44563343300954
自己効力感,21218,岐阜県,本巣市,農山村の小都市,2024,40.002737601712944,45.921619336544886
自己効力感,21219,岐阜県,郡上市,農山村の小都市,2024,51.7375823400492,41.68518283391078
自己効力感,21220,岐阜県,下呂市,農山村の小都市,2023,34.52213632101167,39.88236896155976
自己効力感,21341,岐阜県,養老町,地方の中心都市,2023,35.9953149236364,36.939799367525595
自己効力感,21341,岐阜県,養老町,地方の中心都市,2024,36.27666794906493,37.830845073918184
自己効力感,22100,静岡県,静岡市,地方の中心都市,2023,42.82786518308155,47.93721044832187
自己効力感,22100,静岡県,静岡市,地方の中心都市,2024,46.92998772690682,48.94707310688108
自己効力感,22100,静岡県,静岡市,地方の中心都市,2025,42.24954503285555,48.20279548105822
自己効力感,22100,静岡県,静岡市,地方の中心都市,2026,45.10974797673082,48.08154702897576
自己効力感,22130,静岡県,浜松市,地方の中心都市,2023,47.3086325955255,46.92494603886187
自己効力感,22130,静岡県,浜松市,地方の中心都市,2024,47.93622864008867,47.93888289714651
自己効力感,22130,静岡県,浜松市,地方の中心都市,2025,44.93748928170743,46.85066811282328
自己効力感,22130,静岡県,浜松市,地方の中心都市,2026,42.731780919568905,46.83868169989597
自己効力感,22203,静岡県,沼津市,地方の中心都市,2023,45.00514457768446,46.42823533841739
自己効力感,22203,静岡県,沼津市,地方の中心都市,2024,44.48929420179149,47.29672291631189
自己効力感,22203,静岡県,沼津市,地方の中心都市,2025,32.91412247998921,46.11693681772247
自己効力感,22203,静岡県,沼津市,地方の中心都市,2026,41.308681611980035,46.28966779892059
自己効力感,22205,静岡県,熱海市,地方の中心都市,2023,48.97743514185839,38.618713747531714
自己効力感,22205,静岡県,熱海市,地方の中心都市,2024,42.16632996492737,40.26802291751946
自己効力感,22206,静岡県,三島市,都市部,2023,46.63691915053665,45.14669522515101
自己効力感,22206,静岡県,三島市,都市部,2024,43.8097766844323,46.40369620789988
自己効力感,22206,静岡県,三島市,都市部,2025,54.91115707046364,45.37350110199598
自己効力感,22206,静岡県,三島市,都市部,2026,47.061419458908745,45.23445302290178
自己効力感,22207,静岡県,富士宮市,地方の中心都市,2023,49.688539568679,43.76031972691993
自己効力感,22207,静岡県,富士宮市,地方の中心都市,2024,46.14596903429201,44.86930151751679
自己効力感,22207,静岡県,富士宮市,地方の中心都市,2025,26.74939637834525,43.53529484778378
自己効力感,22207,静岡県,富士宮市,地方の中心都市,2026,59.22331718244201,43.739989345642
自己効力感,22208,静岡県,伊東市,地方の中心都市,2024,53.139186797915244,43.654999357674455
自己効力感,22208,静岡県,伊東市,地方の中心都市,2025,46.06777985882141,42.60955347937077
自己効力感,22208,静岡県,伊東市,地方の中心都市,2026,54.08589621635579,42.69111215080751
自己効力感,22209,静岡県,島田市,地方の中心都市,2024,56.66346648218977,45.8267065964432
自己効力感,22209,静岡県,島田市,地方の中心都市,2025,50.15764825578259,44.63442213991129
自己効力感,22209,静岡県,島田市,地方の中心都市,2026,52.056739893648796,44.81987298443183
自己効力感,22210,静岡県,富士市,都市部,2023,36.74719958173477,46.91754275805666
自己効力感,22210,静岡県,富士市,都市部,2024,52.04681820186111,48.023003147511524
自己効力感,22210,静岡県,富士市,都市部,2025,40.1573490700392,46.94097161501193
自己効力感,22210,静岡県,富士市,都市部,2026,36.612466803235634,46.68467776847674
自己効力感,22211,静岡県,磐田市,都市部,2023,41.730231126194084,45.38021189716363
自己効力感,22211,静岡県,磐田市,都市部,2024,48.587015103277245,46.21769093034113
自己効力感,22211,静岡県,磐田市,都市部,2025,53.22592650297617,45.07993602418206
自己効力感,22211,静岡県,磐田市,都市部,2026,33.845529237404875,44.996255097151376
自己効力感,22212,静岡県,焼津市,都市部,2023,33.51883156060451,46.11831689497458
自己効力感,22212,静岡県,焼津市,都市部,2024,35.94307533969055,46.83894732540015
自己効力感,22212,静岡県,焼津市,都市部,2025,34.52429112361309,45.6975231189449
自己効力感,22212,静岡県,焼津市,都市部,2026,23.831481688539057,45.470196065365684
自己効力感,22213,静岡県,掛川市,地方の中心都市,2023,38.44460701633508,42.189852172932675
自己効力感,22213,静岡県,掛川市,地方の中心都市,2024,43.350655045484444,43.22907638780302
自己効力感,22213,静岡県,掛川市,地方の中心都市,2025,25.954130514578722,42.42007970983349
自己効力感,22213,静岡県,掛川市,地方の中心都市,2026,46.73857355440723,42.0720662463943
自己効力感,22214,静岡県,藤枝市,地方の中心都市,2023,62.25262114189702,46.67964988323368
自己効力感,22214,静岡県,藤枝市,地方の中心都市,2024,52.998191031721134,47.41267214498671
自己効力感,22214,静岡県,藤枝市,地方の中心都市,2025,47.79728321924714,46.81920809203128
自己効力感,22214,静岡県,藤枝市,地方の中心都市,2026,45.034737540396826,46.765451924971146
自己効力感,22215,静岡県,御殿場市,地方の中心都市,2023,36.23488567638559,43.65211280390249
自己効力感,22215,静岡県,御殿場市,地方の中心都市,2024,36.99764240602756,45.03393243285832
自己効力感,22215,静岡県,御殿場市,地方の中心都市,2025,29.249653960938215,44.28651303435082
自己効力感,22215,静岡県,御殿場市,地方の中心都市,2026,41.28419641371114,44.80607206046817
自己効力感,22216,静岡県,袋井市,都市部,2023,29.96485559138119,45.17646723580203
自己効力感,22216,静岡県,袋井市,都市部,2024,42.83082821348631,45.41770369539328
自己効力感,22216,静岡県,袋井市,都市部,2025,51.14082392966067,44.10173322952733
自己効力感,22216,静岡県,袋井市,都市部,2026,34.76526305467088,44.15433044208391
自己効力感,22220,静岡県,裾野市,地方の中心都市,2024,44.451267430501616,44.84233447803132
自己効力感,22220,静岡県,裾野市,地方の中心都市,2025,56.747188645441554,44.004991716941575
自己効力感,22220,静岡県,裾野市,地方の中心都市,2026,36.96569796095217,44.30673329966741
自己効力感,22221,静岡県,湖西市,地方の中心都市,2024,44.570213706629545,43.450469702370675
自己効力感,22221,静岡県,湖西市,地方の中心都市,2025,32.9092168525144,41.8783848670666
自己効力感,22221,静岡県,湖西市,地方の中心都市,2026,53.49489115077806,42.3238747570318
自己効力感,22223,静岡県,御前崎市,地方の中心都市,2023,39.0356257373799,37.828096112771256
自己効力感,22224,静岡県,菊川市,地方の中心都市,2024,37.77121890262788,43.55846125464918
自己効力感,22224,静岡県,菊川市,地方の中心都市,2026,54.171706252928345,42.40176444410295
自己効力感,22225,静岡県,伊豆の国市,地方の中心都市,2024,37.487769115381084,44.760960168415934
自己効力感,22225,静岡県,伊豆の国市,地方の中心都市,2026,47.18983460096549,43.52721155118926
自己効力感,22226,静岡県,牧之原市,農山村の小都市,2024,43.84587411128862,40.68671347751155
自己効力感,22325,静岡県,函南町,地方の中心都市,2023,54.36510622843997,43.23254013774085
自己効力感,22325,静岡県,函南町,地方の中心都市,2024,33.718665738389724,43.95863670157784
自己効力感,22342,静岡県,長泉町,都市部,2024,56.45557650453928,51.04775049668149
自己効力感,23100,愛知県,名古屋市,都市部,2023,50.789736898239795,52.93123919500609
自己効力感,23100,愛知県,名古屋市,都市部,2024,51.36617609117965,54.028988425822185
自己効力感,23100,愛知県,名古屋市,都市部,2025,54.43348222300152,53.21723735164592
自己効力感,23100,愛知県,名古屋市,都市部,2026,52.168324909057596,53.27636126040392
自己効力感,23201,愛知県,豊橋市,都市部,2023,48.632319686969375,45.6911094388798
自己効力感,23201,愛知県,豊橋市,都市部,2024,45.13500272635361,46.459791244984615
自己効力感,23201,愛知県,豊橋市,都市部,2025,61.71987222328233,45.4535308498876
自己効力感,23201,愛知県,豊橋市,都市部,2026,39.461105509343845,45.39557720423953
自己効力感,23202,愛知県,岡崎市,都市部,2023,54.5745599485584,50.598364140174574
自己効力感,23202,愛知県,岡崎市,都市部,2024,63.182336532146316,51.594313155019435
自己効力感,23202,愛知県,岡崎市,都市部,2025,45.552211058351176,50.38562844583311
自己効力感,23202,愛知県,岡崎市,都市部,2026,46.840406451983505,50.487635318935986
自己効力感,23203,愛知県,一宮市,都市部,2023,36.57339583842021,49.96165792424523
自己効力感,23203,愛知県,一宮市,都市部,2024,50.20016317936786,50.97102935600941
自己効力感,23203,愛知県,一宮市,都市部,2025,45.48331459820386,50.115182762234156
自己効力感,23203,愛知県,一宮市,都市部,2026,43.0196329297771,50.17415983017311
自己効力感,23204,愛知県,瀬戸市,地方の中心都市,2024,51.605590512526774,51.32768990372423
自己効力感,23204,愛知県,瀬戸市,地方の中心都市,2025,46.907357354630186,50.042765906908485
自己効力感,23204,愛知県,瀬戸市,地方の中心都市,2026,39.80127987994968,50.169163903011416
自己効力感,23205,愛知県,半田市,都市部,2023,52.502058995186765,47.17915158219435
自己効力感,23205,愛知県,半田市,都市部,2024,36.31939423282316,48.22474623348746
自己効力感,23205,愛知県,半田市,都市部,2025,47.90003739359301,46.97248413626144
自己効力感,23205,愛知県,半田市,都市部,2026,50.006362606912596,47.157042321523434
自己効力感,23206,愛知県,春日井市,都市部,2024,27.24178759260177,52.258482605732176
自己効力感,23206,愛知県,春日井市,都市部,2025,41.85085836987998,51.32972568446169
自己効力感,23206,愛知県,春日井市,都市部,2026,40.52193033265658,51.66370658419268
自己効力感,23207,愛知県,豊川市,都市部,2023,74.39205009122556,49.55039458458882
自己効力感,23207,愛知県,豊川市,都市部,2024,54.48239606794025,50.446713444747104
自己効力感,23207,愛知県,豊川市,都市部,2025,46.96889600182053,49.296621799562175
自己効力感,23207,愛知県,豊川市,都市部,2026,31.152401183520396,49.32962610955517
自己効力感,23208,愛知県,津島市,都市部,2023,39.45146847912991,46.85714605444286
自己効力感,23208,愛知県,津島市,都市部,2024,41.82151925316318,47.502839800088054
自己効力感,23208,愛知県,津島市,都市部,2025,42.61050164151403,46.3583158256941
自己効力感,23208,愛知県,津島市,都市部,2026,21.57194701775286,46.5760795911785
自己効力感,23209,愛知県,碧南市,都市部,2024,51.62727575756848,46.49616779686364
自己効力感,23209,愛知県,碧南市,都市部,2025,28.95848482856317,44.94978350925047
自己効力感,23209,愛知県,碧南市,都市部,2026,37.09393696769102,45.401647263205184
自己効力感,23210,愛知県,刈谷市,都市部,2023,55.220669148143685,49.32335915044283
自己効力感,23210,愛知県,刈谷市,都市部,2024,53.84210374821786,50.68656575133866
自己効力感,23210,愛知県,刈谷市,都市部,2025,52.053524862500346,49.295638798607804
自己効力感,23210,愛知県,刈谷市,都市部,2026,44.578976117281904,49.01059392086916
自己効力感,23211,愛知県,豊田市,都市部,2023,47.5167934994573,47.07410684763107
自己効力感,23211,愛知県,豊田市,都市部,2024,52.507667306186676,48.10635007540275
自己効力感,23211,愛知県,豊田市,都市部,2025,35.68646153916556,46.61611083829961
自己効力感,23211,愛知県,豊田市,都市部,2026,52.01766420554667,46.787643339386044
自己効力感,23212,愛知県,安城市,都市部,2023,38.49706174539567,46.796970680535665
自己効力感,23212,愛知県,安城市,都市部,2024,54.62544453020854,47.14637139326872
自己効力感,23212,愛知県,安城市,都市部,2025,58.44995900448204,46.169340943347585
自己効力感,23212,愛知県,安城市,都市部,2026,52.57729539252705,46.461362633925454
自己効力感,23213,愛知県,西尾市,都市部,2023,47.01672892311959,45.58345163467517
自己効力感,23213,愛知県,西尾市,都市部,2024,40.14446119657613,46.5270531687454
自己効力感,23213,愛知県,西尾市,都市部,2025,39.29766167595633,45.36433916946036
自己効力感,23213,愛知県,西尾市,都市部,2026,35.06983572320668,45.28812299369758
自己効力感,23214,愛知県,蒲郡市,地方の中心都市,2023,40.441476580510304,46.90994343804398
自己効力感,23214,愛知県,蒲郡市,地方の中心都市,2024,53.91930747777821,47.92112323083067
自己効力感,23214,愛知県,蒲郡市,地方の中心都市,2025,54.45203936309356,47.014058114560385
自己効力感,23214,愛知県,蒲郡市,地方の中心都市,2026,49.491251005599324,46.688275552504855
自己効力感,23215,愛知県,犬山市,地方の中心都市,2023,43.480051990653486,48.31271455090127
自己効力感,23215,愛知県,犬山市,地方の中心都市,2024,54.27490835589755,48.77427986066873
自己効力感,23215,愛知県,犬山市,地方の中心都市,2025,48.0508210852203,47.91750370705757
自己効力感,23215,愛知県,犬山市,地方の中心都市,2026,46.847217567307574,48.455135936082925
自己効力感,23216,愛知県,常滑市,都市部,2023,41.111602586353264,45.89707920519064
自己効力感,23216,愛知県,常滑市,都市部,2024,42.635685395894015,47.11173412218661
自己効力感,23216,愛知県,常滑市,都市部,2025,44.439673520555516,45.79914142862543
自己効力感,23216,愛知県,常滑市,都市部,2026,46.69116820073502,44.789600473125354
自己効力感,23217,愛知県,江南市,都市部,2023,41.74698233443531,49.26484927322964
自己効力感,23217,愛知県,江南市,都市部,2024,44.17185083914831,50.6733960804915
自己効力感,23217,愛知県,江南市,都市部,2025,42.35795274712501,49.45542939491952
自己効力感,23217,愛知県,江南市,都市部,2026,45.4599247217788,49.52778040778156
自己効力感,23219,愛知県,小牧市,都市部,2023,35.30779826218447,47.1303640560856
自己効力感,23219,愛知県,小牧市,都市部,2024,45.031248473717746,48.05449021291214
自己効力感,23219,愛知県,小牧市,都市部,2025,36.4637563807583,46.97953487371987
自己効力感,23219,愛知県,小牧市,都市部,2026,37.52355695866956,46.709929914352365
自己効力感,23220,愛知県,稲沢市,都市部,2023,37.24436898408918,46.19497490741926
自己効力感,23220,愛知県,稲沢市,都市部,2024,50.16245278120755,47.3364377854051
自己効力感,23220,愛知県,稲沢市,都市部,2025,37.48545802990667,46.52814947102884
自己効力感,23220,愛知県,稲沢市,都市部,2026,37.573678546546304,46.60764283267626
自己効力感,23221,愛知県,新城市,農山村の小都市,2024,33.845784795966274,42.02029744722513
自己効力感,23222,愛知県,東海市,都市部,2023,45.94075440312701,47.74246110482906
自己効力感,23222,愛知県,東海市,都市部,2024,53.10175025197876,48.76372391905363
自己効力感,23222,愛知県,東海市,都市部,2025,49.34462611297604,48.14961182905562
自己効力感,23222,愛知県,東海市,都市部,2026,49.80551004871276,48.05756923824373
自己効力感,23223,愛知県,大府市,都市部,2023,53.60680713947835,49.36078736889571
自己効力感,23223,愛知県,大府市,都市部,2024,54.39118283015091,50.666168879389424
自己効力感,23223,愛知県,大府市,都市部,2025,60.89814069643922,49.59930517155737
自己効力感,23223,愛知県,大府市,都市部,2026,65.44471745324299,49.697309875308385
自己効力感,23224,愛知県,知多市,都市部,2024,34.183961872515326,47.191246053075076
自己効力感,23224,愛知県,知多市,都市部,2025,37.620085440298716,46.21005005676245
自己効力感,23224,愛知県,知多市,都市部,2026,49.365435313653556,46.80337806933954
自己効力感,23225,愛知県,知立市,都市部,2024,47.62599500471538,50.435253890279235
自己効力感,23225,愛知県,知立市,都市部,2025,37.93655288580566,49.73520160614987
自己効力感,23225,愛知県,知立市,都市部,2026,42.59844515786434,49.272644709771726
自己効力感,23226,愛知県,尾張旭市,都市部,2023,45.181451197796996,52.219838460230406
自己効力感,23226,愛知県,尾張旭市,都市部,2024,58.11857670081656,53.48803094483571
自己効力感,23226,愛知県,尾張旭市,都市部,2025,52.66615858570152,52.279147316277616
自己効力感,23226,愛知県,尾張旭市,都市部,2026,56.14400648081545,52.80859047494602
自己効力感,23227,愛知県,高浜市,都市部,2024,35.180888189968165,50.91512883299632
自己効力感,23227,愛知県,高浜市,都市部,2026,53.39640264441988,49.88404505243171
自己効力感,23228,愛知県,岩倉市,都市部,2024,42.17671387235592,52.23080472184221
自己効力感,23228,愛知県,岩倉市,都市部,2026,53.22733271677009,51.51687955142245
自己効力感,23229,愛知県,豊明市,都市部,2024,37.81012874606973,50.79258422481603
自己効力感,23229,愛知県,豊明市,都市部,2025,50.93369221025679,50.20205857230317
自己効力感,23229,愛知県,豊明市,都市部,2026,34.48747220234225,50.200441860178984
自己効力感,23230,愛知県,日進市,都市部,2023,58.854613608581694,53.46385521016667
自己効力感,23230,愛知県,日進市,都市部,2024,44.25756130972738,54.092407485429305
自己効力感,23230,愛知県,日進市,都市部,2025,58.887816296995126,52.84030434827141
自己効力感,23230,愛知県,日進市,都市部,2026,64.73571519201904,53.263965960108585
自己効力感,23231,愛知県,田原市,農山村の小都市,2024,41.7198035414743,40.960109183235744
自己効力感,23231,愛知県,田原市,農山村の小都市,2025,47.944362281334875,40.33012093337886
自己効力感,23231,愛知県,田原市,農山村の小都市,2026,36.76240793646075,40.54637869907726
自己効力感,23232,愛知県,愛西市,地方の中心都市,2023,57.402791404639764,43.03244262000861
自己効力感,23232,愛知県,愛西市,地方の中心都市,2024,46.87277540628521,43.83662140131902
自己効力感,23232,愛知県,愛西市,地方の中心都市,2025,46.774621603922704,42.7635723010096
自己効力感,23232,愛知県,愛西市,地方の中心都市,2026,58.948460306197646,42.58396322646566
自己効力感,23233,愛知県,清須市,都市部,2024,48.08579133346825,51.49587745487445
自己効力感,23233,愛知県,清須市,都市部,2025,41.02346113497152,50.96201856539815
自己効力感,23233,愛知県,清須市,都市部,2026,59.37256525248772,51.484832458989764
自己効力感,23234,愛知県,北名古屋市,都市部,2024,50.05193097727651,52.8740739733801
自己効力感,23234,愛知県,北名古屋市,都市部,2025,42.09890937842743,51.683338487548276
自己効力感,23234,愛知県,北名古屋市,都市部,2026,62.15051887691661,52.610512791532464
自己効力感,23235,愛知県,弥富市,都市部,2024,42.44725067366318,43.22398582592098
自己効力感,23236,愛知県,みよし市,都市部,2024,45.37549156505134,48.907191596959414
自己効力感,23236,愛知県,みよし市,都市部,2025,49.84587620461552,47.71559046753198
自己効力感,23236,愛知県,みよし市,都市部,2026,44.17771556760122,47.48992879695449
自己効力感,23237,愛知県,あま市,都市部,2023,46.34166570480231,50.023148637647076
自己効力感,23237,愛知県,あま市,都市部,2024,37.67523762133781,50.939505570138095
自己効力感,23237,愛知県,あま市,都市部,2025,50.62336826310431,49.78380197419527
自己効力感,23237,愛知県,あま市,都市部,2026,47.02042996538674,49.74244420926041
自己効力感,23238,愛知県,長久手市,都市部,2023,68.61823481064172,53.82647282635234
自己効力感,23238,愛知県,長久手市,都市部,2024,63.23601741119378,54.40229811159122
自己効力感,23238,愛知県,長久手市,都市部,2025,57.38314652078244,53.820053595262344
自己効力感,23238,愛知県,長久手市,都市部,2026,57.60218627245736,53.20325227432459
自己効力感,23302,愛知県,東郷町,都市部,2024,53.22001770414539,52.821424502313604
自己効力感,23425,愛知県,蟹江町,都市部,2024,46.543345996075296,50.97596507440307
自己効力感,23442,愛知県,東浦町,都市部,2024,50.61487518923176,48.15872633459587
自己効力感,23442,愛知県,東浦町,都市部,2026,40.87018830895853,46.23686016084041
自己効力感,23447,愛知県,武豊町,都市部,2024,37.15173202720051,48.535551050714965
自己効力感,23501,愛知県,幸田町,都市部,2024,36.37829878545779,49.000058481482064
自己効力感,24201,三重県,津市,地方の中心都市,2023,36.34405009122555,47.05866393956873
自己効力感,24201,三重県,津市,地方の中心都市,2024,40.067662509349915,47.8884900436534
自己効力感,24201,三重県,津市,地方の中心都市,2025,44.507790183595084,46.6907378267089
自己効力感,24201,三重県,津市,地方の中心都市,2026,52.97401410941882,46.76467794666498
自己効力感,24202,三重県,四日市市,都市部,2023,39.78120689960251,47.143949450414055
自己効力感,24202,三重県,四日市市,都市部,2024,43.19420629678109,47.37869992716844
自己効力感,24202,三重県,四日市市,都市部,2025,56.800068095024116,46.68121502386165
自己効力感,24202,三重県,四日市市,都市部,2026,51.01174882753877,46.87737186057159
自己効力感,24203,三重県,伊勢市,地方の中心都市,2023,48.9693753964856,47.1891298304257
自己効力感,24203,三重県,伊勢市,地方の中心都市,2024,54.368209470927056,48.146694336269945
自己効力感,24203,三重県,伊勢市,地方の中心都市,2025,55.368244199314525,47.28707996791828
自己効力感,24203,三重県,伊勢市,地方の中心都市,2026,29.04768987212155,47.19086693946374
自己効力感,24204,三重県,松阪市,地方の中心都市,2024,42.72417445141423,46.28596386731291
自己効力感,24204,三重県,松阪市,地方の中心都市,2025,56.96500867327687,45.61749278805745
自己効力感,24204,三重県,松阪市,地方の中心都市,2026,47.816329397910096,45.3506526938835
自己効力感,24205,三重県,桑名市,都市部,2023,49.268005377839565,47.69959094379182
自己効力感,24205,三重県,桑名市,都市部,2024,54.685557123928305,48.47340189037638
自己効力感,24205,三重県,桑名市,都市部,2025,39.655466631903494,47.20319438305683
自己効力感,24205,三重県,桑名市,都市部,2026,49.09500765109565,47.142444046426455
自己効力感,24207,三重県,鈴鹿市,都市部,2023,40.20926837537559,46.01502226588822
自己効力感,24207,三重県,鈴鹿市,都市部,2024,47.83290725786594,47.12310114653772
自己効力感,24207,三重県,鈴鹿市,都市部,2025,40.60752861056229,46.02965949196451
自己効力感,24207,三重県,鈴鹿市,都市部,2026,45.89326152493209,45.74158684901925
自己効力感,24208,三重県,名張市,地方の中心都市,2023,47.40738391053359,46.337153787486194
自己効力感,24208,三重県,名張市,地方の中心都市,2024,59.376285748628064,47.018944862427546
自己効力感,24208,三重県,名張市,地方の中心都市,2025,60.87654808766892,45.91755979198081
自己効力感,24208,三重県,名張市,地方の中心都市,2026,58.85313052252488,45.807014169107326
自己効力感,24210,三重県,亀山市,地方の中心都市,2024,42.38781855866756,47.32235682325492
自己効力感,24210,三重県,亀山市,地方の中心都市,2025,49.69941650451337,46.29145187185044
自己効力感,24210,三重県,亀山市,地方の中心都市,2026,41.45502218644593,46.37323473777357
自己効力感,24214,三重県,いなべ市,地方の中心都市,2024,40.77898961229491,44.488313197088104
自己効力感,24214,三重県,いなべ市,地方の中心都市,2026,48.366764672870985,44.52724591681506
自己効力感,24215,三重県,志摩市,農山村の小都市,2024,37.24387851522408,41.70615065443035
自己効力感,24215,三重県,志摩市,農山村の小都市,2026,39.028764260310844,40.05003940412757
自己効力感,24216,三重県,伊賀市,地方の中心都市,2023,32.948158667959845,42.398356423334505
自己効力感,24216,三重県,伊賀市,地方の中心都市,2024,37.33820698322162,43.180282543199546
自己効力感,24216,三重県,伊賀市,地方の中心都市,2025,45.64939443256892,41.81095209493754
自己効力感,24216,三重県,伊賀市,地方の中心都市,2026,34.83057783882093,42.107139529102135
自己効力感,24341,三重県,菰野町,地方の中心都市,2024,54.070015593978276,48.129616571860204
自己効力感,24441,三重県,多気町,農山村の小都市,2023,49.45627288194247,41.25830280378877
自己効力感,24441,三重県,多気町,農山村の小都市,2024,48.350187637411004,42.33632771293189
自己効力感,24442,三重県,明和町,地方の中心都市,2023,41.115553614449375,43.357988806304135
自己効力感,24442,三重県,明和町,地方の中心都市,2024,46.153771341903536,44.10972306008559
自己効力感,24543,三重県,紀北町,農山村の小都市,2023,50.46100727565052,38.23799553051682
自己効力感,24543,三重県,紀北町,農山村の小都市,2024,-22.06378834368995,39.11703137246354
自己効力感,25201,滋賀県,大津市,地方の中心都市,2023,2.1298048143274997,51.33999004056259
自己効力感,25201,滋賀県,大津市,地方の中心都市,2024,61.08994224260807,52.07736266439002
自己効力感,25201,滋賀県,大津市,地方の中心都市,2025,27.8140006502753,51.33065641611902
自己効力感,25201,滋賀県,大津市,地方の中心都市,2026,49.51593730029752,51.27565121499627
自己効力感,25202,滋賀県,彦根市,地方の中心都市,2023,50.55170744401096,48.40253545203258
自己効力感,25202,滋賀県,彦根市,地方の中心都市,2024,64.16961562881431,49.71099105675347
自己効力感,25202,滋賀県,彦根市,地方の中心都市,2025,50.67760826550571,49.044148027535975
自己効力感,25202,滋賀県,彦根市,地方の中心都市,2026,35.071825925758716,48.9641453447395
自己効力感,25203,滋賀県,長浜市,地方の中心都市,2023,45.3763249530075,45.677575260444605
自己効力感,25203,滋賀県,長浜市,地方の中心都市,2024,56.78253012901503,46.148215898905086
自己効力感,25203,滋賀県,長浜市,地方の中心都市,2025,54.772252294398655,44.724229369285446
自己効力感,25203,滋賀県,長浜市,地方の中心都市,2026,44.68868750563698,45.16584737532768
自己効力感,25204,滋賀県,近江八幡市,地方の中心都市,2023,48.822446253376334,47.74907032818307
自己効力感,25204,滋賀県,近江八幡市,地方の中心都市,2024,48.5903636243183,48.72846891925896
自己効力感,25204,滋賀県,近江八幡市,地方の中心都市,2025,49.83655191006817,48.13231359924533
自己効力感,25204,滋賀県,近江八幡市,地方の中心都市,2026,37.73292459127302,47.773854177483045
自己効力感,25206,滋賀県,草津市,都市部,2023,50.006616908959565,52.91747884214197
自己効力感,25206,滋賀県,草津市,都市部,2024,40.14782935092827,54.53106224560187
自己効力感,25206,滋賀県,草津市,都市部,2025,50.149945077626704,52.572646082886344
自己効力感,25206,滋賀県,草津市,都市部,2026,52.90580539293689,52.75448281120962
自己効力感,25207,滋賀県,守山市,都市部,2023,56.57871400007667,50.46785165439441
自己効力感,25207,滋賀県,守山市,都市部,2024,47.299891450982656,50.872920414836976
自己効力感,25207,滋賀県,守山市,都市部,2025,51.355963116061425,49.90659094265905
自己効力感,25207,滋賀県,守山市,都市部,2026,54.0716337029416,50.00308940954082
自己効力感,25208,滋賀県,栗東市,都市部,2023,37.61090705619177,51.72900879098197
自己効力感,25208,滋賀県,栗東市,都市部,2024,58.10753501286539,51.84352453730029
自己効力感,25208,滋賀県,栗東市,都市部,2025,36.68560067019873,51.028684567123584
自己効力感,25208,滋賀県,栗東市,都市部,2026,43.11425615994316,51.14976432066457
自己効力感,25209,滋賀県,甲賀市,地方の中心都市,2023,36.196930424667535,45.03267992129812
自己効力感,25209,滋賀県,甲賀市,地方の中心都市,2024,43.75262007006372,45.69409124556411
自己効力感,25209,滋賀県,甲賀市,地方の中心都市,2025,43.14857783781823,44.50865625747008
自己効力感,25209,滋賀県,甲賀市,地方の中心都市,2026,44.52237323621592,44.366235555237466
自己効力感,25210,滋賀県,野洲市,地方の中心都市,2024,41.96888718551695,49.16663110173611
自己効力感,25210,滋賀県,野洲市,地方の中心都市,2025,41.97119669595706,48.11768118655306
自己効力感,25210,滋賀県,野洲市,地方の中心都市,2026,37.98283581087645,48.40852548504469
自己効力感,25211,滋賀県,湖南市,地方の中心都市,2023,38.98684317844007,48.88696535430723
自己効力感,25211,滋賀県,湖南市,地方の中心都市,2024,49.34348718604594,49.42873211026339
自己効力感,25211,滋賀県,湖南市,地方の中心都市,2025,44.50374573186148,48.64104192096751
自己効力感,25211,滋賀県,湖南市,地方の中心都市,2026,40.52090840395031,49.24964511120327
自己効力感,25212,滋賀県,高島市,農山村の小都市,2024,48.728273083372706,41.10464847820613
自己効力感,25212,滋賀県,高島市,農山村の小都市,2026,40.36091217777278,39.5453993543525
自己効力感,25213,滋賀県,東近江市,地方の中心都市,2023,50.410085098459064,45.1822582305409
自己効力感,25213,滋賀県,東近江市,地方の中心都市,2024,20.609176380755276,45.80247846087682
自己効力感,25213,滋賀県,東近江市,地方の中心都市,2025,43.087117632702586,44.781975233623776
自己効力感,25213,滋賀県,東近江市,地方の中心都市,2026,45.05735308492436,44.79328024544343
自己効力感,25214,滋賀県,米原市,地方の中心都市,2024,45.88027481961811,45.422279846056284
自己効力感,26100,京都府,京都市,都市部,2023,55.07683923183567,54.1216307134561
自己効力感,26100,京都府,京都市,都市部,2024,55.301823237344266,55.19975803229485
自己効力感,26100,京都府,京都市,都市部,2025,58.439010799443125,54.169851255398854
自己効力感,26100,京都府,京都市,都市部,2026,52.12189850583095,54.22280319415245
自己効力感,26201,京都府,福知山市,地方の中心都市,2023,40.34278156798361,45.66626116167032
自己効力感,26201,京都府,福知山市,地方の中心都市,2024,45.59665319102543,46.286576824536134
自己効力感,26201,京都府,福知山市,地方の中心都市,2025,42.3059914553615,44.98615927337788
自己効力感,26201,京都府,福知山市,地方の中心都市,2026,44.41032856620101,45.39692579313803
自己効力感,26202,京都府,舞鶴市,地方の中心都市,2023,28.373000330080835,45.46771591564823
自己効力感,26202,京都府,舞鶴市,地方の中心都市,2024,39.14040943843921,46.0971497464793
自己効力感,26202,京都府,舞鶴市,地方の中心都市,2025,42.93882906658427,45.460994867599815
自己効力感,26202,京都府,舞鶴市,地方の中心都市,2026,35.0183307932932,45.351795401467434
自己効力感,26204,京都府,宇治市,都市部,2023,49.005412600336605,52.44969924624553
自己効力感,26204,京都府,宇治市,都市部,2024,55.03689026895945,53.58589018383716
自己効力感,26204,京都府,宇治市,都市部,2025,63.203393518304296,52.53983660272444
自己効力感,26204,京都府,宇治市,都市部,2026,61.99733228029217,52.635579962469734
自己効力感,26206,京都府,亀岡市,地方の中心都市,2024,44.54303055670833,48.455808497341906
自己効力感,26206,京都府,亀岡市,地方の中心都市,2025,34.52282820422032,47.06881202885895
自己効力感,26206,京都府,亀岡市,地方の中心都市,2026,34.52975850149686,47.082097607184934
自己効力感,26207,京都府,城陽市,地方の中心都市,2023,49.26112827428092,50.28845116754333
自己効力感,26207,京都府,城陽市,地方の中心都市,2024,52.954780179073126,51.60184884258524
自己効力感,26207,京都府,城陽市,地方の中心都市,2025,48.38085145980693,50.46066003463299
自己効力感,26207,京都府,城陽市,地方の中心都市,2026,56.882251133018514,50.52021459145289
自己効力感,26208,京都府,向日市,都市部,2024,68.40510443040574,55.47252136784044
自己効力感,26208,京都府,向日市,都市部,2025,61.38111495261872,54.410147656172725
自己効力感,26208,京都府,向日市,都市部,2026,57.94971849492773,54.46772651129885
自己効力感,26209,京都府,長岡京市,都市部,2024,38.83199309696468,56.69370842428014
自己効力感,26209,京都府,長岡京市,都市部,2025,65.8851906325733,55.258708304073664
自己効力感,26209,京都府,長岡京市,都市部,2026,66.13693765556515,55.139109375266756
自己効力感,26210,京都府,八幡市,都市部,2024,59.791608090329575,49.165962241524824
自己効力感,26210,京都府,八幡市,都市部,2025,63.50087020258014,47.618909358226155
自己効力感,26210,京都府,八幡市,都市部,2026,54.31632612524524,47.88576905232567
自己効力感,26211,京都府,京田辺市,都市部,2023,54.31048516299686,52.19172357543602
自己効力感,26211,京都府,京田辺市,都市部,2024,65.36732710719106,53.106137222488044
自己効力感,26211,京都府,京田辺市,都市部,2025,60.095208242232886,51.61083322209721
自己効力感,26211,京都府,京田辺市,都市部,2026,56.01792539830514,50.982592069447605
自己効力感,26212,京都府,京丹後市,農山村の小都市,2023,26.689844427952746,42.323752687000436
自己効力感,26212,京都府,京丹後市,農山村の小都市,2024,35.394957651006166,42.85196965051454
自己効力感,26212,京都府,京丹後市,農山村の小都市,2025,40.289708965794006,41.78319383227176
自己効力感,26212,京都府,京丹後市,農山村の小都市,2026,36.2780655671602,41.676677092786136
自己効力感,26214,京都府,木津川市,地方の中心都市,2024,51.801990591902495,50.05383419709848
自己効力感,26214,京都府,木津川市,地方の中心都市,2025,58.38596852862973,48.910960890671106
自己効力感,26214,京都府,木津川市,地方の中心都市,2026,66.85763688407147,49.01499269464186
自己効力感,26366,京都府,精華町,地方の中心都市,2024,56.39707021462481,50.54208397880831
自己効力感,27100,大阪府,大阪市,都市部,2023,54.765850400385155,54.634526531922965
自己効力感,27100,大阪府,大阪市,都市部,2024,53.33537445773381,55.8153907639832
自己効力感,27100,大阪府,大阪市,都市部,2025,51.89968379363679,54.95938731735788
自己効力感,27100,大阪府,大阪市,都市部,2026,56.238061819336465,54.71660722662999
自己効力感,27140,大阪府,堺市,都市部,2023,53.85313545307346,50.76508847981391
自己効力感,27140,大阪府,堺市,都市部,2024,52.224224027955515,51.87671824957693
自己効力感,27140,大阪府,堺市,都市部,2025,52.25227476791266,50.95273068367998
自己効力感,27140,大阪府,堺市,都市部,2026,52.13535769141804,51.25721612750908
自己効力感,27202,大阪府,岸和田市,都市部,2024,43.4562823630069,51.83795933784905
自己効力感,27202,大阪府,岸和田市,都市部,2025,44.58701766273122,50.86450047607084
自己効力感,27202,大阪府,岸和田市,都市部,2026,58.529904054126135,51.205856890162465
自己効力感,27203,大阪府,豊中市,都市部,2023,63.78109246439898,54.3256540438042
自己効力感,27203,大阪府,豊中市,都市部,2024,60.05415100932236,55.54780684358194
自己効力感,27203,大阪府,豊中市,都市部,2025,61.49760819863802,54.60525309802553
自己効力感,27203,大阪府,豊中市,都市部,2026,63.79719043706142,54.7563949029871
自己効力感,27204,大阪府,池田市,都市部,2023,59.2063352713752,52.52826078482721
自己効力感,27204,大阪府,池田市,都市部,2024,52.76565674353632,54.21907734706278
自己効力感,27204,大阪府,池田市,都市部,2025,63.58614586530611,53.49680723589963
自己効力感,27204,大阪府,池田市,都市部,2026,59.47407553931079,53.686004661317405
自己効力感,27205,大阪府,吹田市,都市部,2023,59.63055992882095,55.66957157991951
自己効力感,27205,大阪府,吹田市,都市部,2024,72.72767241357974,56.36701686465369
自己効力感,27205,大阪府,吹田市,都市部,2025,62.73807782717446,55.758797253406016
自己効力感,27205,大阪府,吹田市,都市部,2026,60.31745075094133,55.651231338831536
自己効力感,27206,大阪府,泉大津市,都市部,2023,61.933341180027746,50.10578202957368
自己効力感,27206,大阪府,泉大津市,都市部,2024,54.20337267733908,51.635087059044984
自己効力感,27206,大阪府,泉大津市,都市部,2025,51.49811701743897,50.26631720932711
自己効力感,27206,大阪府,泉大津市,都市部,2026,57.95592110680133,50.21290721935236
自己効力感,27207,大阪府,高槻市,都市部,2023,76.17087990559546,54.323255395263345
自己効力感,27207,大阪府,高槻市,都市部,2024,56.49564231094776,55.39692488264102
自己効力感,27207,大阪府,高槻市,都市部,2025,56.22121577446916,54.61339214019151
自己効力感,27207,大阪府,高槻市,都市部,2026,53.16467460638681,54.555662652045626
自己効力感,27208,大阪府,貝塚市,地方の中心都市,2023,41.3232412951791,49.83563886969494
自己効力感,27208,大阪府,貝塚市,地方の中心都市,2024,57.020694878957165,50.77217895900684
自己効力感,27208,大阪府,貝塚市,地方の中心都市,2025,51.51066874711405,49.32211423284537
自己効力感,27208,大阪府,貝塚市,地方の中心都市,2026,45.379741941396134,49.48319003000805
自己効力感,27209,大阪府,守口市,都市部,2023,44.768681512520295,53.09102175080831
自己効力感,27209,大阪府,守口市,都市部,2024,43.301091687018776,54.14790530724098
自己効力感,27209,大阪府,守口市,都市部,2025,52.72392061018526,53.78754764495433
自己効力感,27209,大阪府,守口市,都市部,2026,37.22929701819828,53.8073354475758
自己効力感,27210,大阪府,枚方市,都市部,2023,59.40364336605751,53.068375329967225
自己効力感,27210,大阪府,枚方市,都市部,2024,62.9006636182701,54.03480634617939
自己効力感,27210,大阪府,枚方市,都市部,2025,45.935882163713075,53.123072784382614
自己効力感,27210,大阪府,枚方市,都市部,2026,62.063493151965076,53.28643912288233
自己効力感,27211,大阪府,茨木市,都市部,2023,45.2023192621536,54.40205855920379
自己効力感,27211,大阪府,茨木市,都市部,2024,53.75238704477017,55.10675838340138
自己効力感,27211,大阪府,茨木市,都市部,2025,59.60264166397633,53.85141774381782
自己効力感,27211,大阪府,茨木市,都市部,2026,48.959766297136156,53.80958397012007
自己効力感,27212,大阪府,八尾市,都市部,2023,57.91259829397609,52.495000243470614
自己効力感,27212,大阪府,八尾市,都市部,2024,50.937665626618944,53.685777891371174
自己効力感,27212,大阪府,八尾市,都市部,2025,47.776393457791,52.672084762884595
自己効力感,27212,大阪府,八尾市,都市部,2026,48.707009400675915,52.83218107008737
自己効力感,27213,大阪府,泉佐野市,都市部,2023,41.157803430269965,48.27236407885241
自己効力感,27213,大阪府,泉佐野市,都市部,2024,46.757647134798745,49.38416781535403
自己効力感,27213,大阪府,泉佐野市,都市部,2025,43.5271375863637,47.363865624887616
自己効力感,27213,大阪府,泉佐野市,都市部,2026,48.16288535170649,46.47455879989906
自己効力感,27214,大阪府,富田林市,都市部,2023,54.57864864139274,47.684934998686025
自己効力感,27214,大阪府,富田林市,都市部,2024,48.53869792181034,48.54100532884179
自己効力感,27214,大阪府,富田林市,都市部,2025,58.59128117555581,46.84034585489364
自己効力感,27214,大阪府,富田林市,都市部,2026,56.14786087062375,47.3435338848591
自己効力感,27215,大阪府,寝屋川市,都市部,2024,48.14564922260066,53.304069688364066
自己効力感,27215,大阪府,寝屋川市,都市部,2025,45.171277365438556,52.67118265790578
自己効力感,27215,大阪府,寝屋川市,都市部,2026,56.25656475261145,52.862255876499354
自己効力感,27216,大阪府,河内長野市,地方の中心都市,2023,58.22560968215135,49.1049374231373
自己効力感,27216,大阪府,河内長野市,地方の中心都市,2024,53.47034326886834,50.16632755765408
自己効力感,27216,大阪府,河内長野市,地方の中心都市,2025,52.63875416861949,49.2108703469719
自己効力感,27216,大阪府,河内長野市,地方の中心都市,2026,54.401666029826984,49.004662335049446
自己効力感,27217,大阪府,松原市,都市部,2024,40.554816088319996,52.501098753492045
自己効力感,27217,大阪府,松原市,都市部,2025,59.27376346557413,51.567524142059625
自己効力感,27217,大阪府,松原市,都市部,2026,62.516579586418665,51.75909308193421
自己効力感,27218,大阪府,大東市,都市部,2023,61.039920961635964,51.36327177747154
自己効力感,27218,大阪府,大東市,都市部,2024,39.671931338118625,52.53566578475495
自己効力感,27218,大阪府,大東市,都市部,2025,36.833130614014095,52.0385655297979
自己効力感,27218,大阪府,大東市,都市部,2026,37.06514532024762,51.810141997774366
自己効力感,27219,大阪府,和泉市,都市部,2023,54.66816209338049,51.92522367620115
自己効力感,27219,大阪府,和泉市,都市部,2024,47.60826204783257,53.0140659127408
自己効力感,27219,大阪府,和泉市,都市部,2025,42.25120707550382,52.36297218282581
自己効力感,27219,大阪府,和泉市,都市部,2026,42.088459252042405,51.82242782198047
自己効力感,27220,大阪府,箕面市,都市部,2023,67.89189840976253,55.344956180970996
自己効力感,27220,大阪府,箕面市,都市部,2024,54.37856115706542,56.675801085061934
自己効力感,27220,大阪府,箕面市,都市部,2025,68.03705154088624,55.82652502597172
自己効力感,27220,大阪府,箕面市,都市部,2026,66.03024209388202,56.455904469582265
自己効力感,27221,大阪府,柏原市,地方の中心都市,2023,40.05751190818145,50.26167688342931
自己効力感,27221,大阪府,柏原市,地方の中心都市,2024,59.11027111433414,51.6392424485257
自己効力感,27221,大阪府,柏原市,地方の中心都市,2025,30.32004004121838,50.593312979173675
自己効力感,27221,大阪府,柏原市,地方の中心都市,2026,51.08722845856948,50.677324523817894
自己効力感,27222,大阪府,羽曳野市,都市部,2023,57.38102986648649,50.65254055530941
自己効力感,27222,大阪府,羽曳野市,都市部,2024,52.27811541848625,51.40557545592629
自己効力感,27222,大阪府,羽曳野市,都市部,2025,45.445377905436686,50.44491442790936
自己効力感,27222,大阪府,羽曳野市,都市部,2026,52.94750674635052,50.548707910346515
自己効力感,27223,大阪府,門真市,都市部,2023,26.539339204376137,50.442907358847
自己効力感,27223,大阪府,門真市,都市部,2024,40.67599318107098,51.818018468856
自己効力感,27223,大阪府,門真市,都市部,2025,51.16960543220794,50.892694032749894
自己効力感,27223,大阪府,門真市,都市部,2026,34.64228563127825,50.73351701907569
自己効力感,27224,大阪府,摂津市,都市部,2024,52.28123326786509,51.492780534244666
自己効力感,27224,大阪府,摂津市,都市部,2025,51.094641258128625,50.92882778395737
自己効力感,27224,大阪府,摂津市,都市部,2026,34.05958429092694,51.0326149595262
自己効力感,27225,大阪府,高石市,都市部,2024,43.79866670280888,50.20439028828556
自己効力感,27225,大阪府,高石市,都市部,2025,45.76351269816074,49.49022033402812
自己効力感,27225,大阪府,高石市,都市部,2026,45.998100313942714,49.74489319155673
自己効力感,27226,大阪府,藤井寺市,都市部,2024,51.14508986515878,51.79470442476771
自己効力感,27226,大阪府,藤井寺市,都市部,2025,34.34755353739818,51.557878694120596
自己効力感,27226,大阪府,藤井寺市,都市部,2026,54.86876069714209,51.53487505309178
自己効力感,27227,大阪府,東大阪市,都市部,2023,36.241212691511556,54.667960477058216
自己効力感,27227,大阪府,東大阪市,都市部,2024,50.88755384663405,55.690220630867074
自己効力感,27227,大阪府,東大阪市,都市部,2025,50.26922807995863,55.000104649641095
自己効力感,27227,大阪府,東大阪市,都市部,2026,55.52322799074925,55.353399476892264
自己効力感,27228,大阪府,泉南市,地方の中心都市,2023,31.08982280198886,44.66383122966638
自己効力感,27228,大阪府,泉南市,地方の中心都市,2024,40.951981493908725,44.8722599424688
自己効力感,27228,大阪府,泉南市,地方の中心都市,2025,31.098571120213663,44.38905693786285
自己効力感,27228,大阪府,泉南市,地方の中心都市,2026,41.9514321572193,44.36560288614656
自己効力感,27229,大阪府,四條畷市,地方の中心都市,2023,57.926743611820626,53.82093631663504
自己効力感,27229,大阪府,四條畷市,地方の中心都市,2024,60.22031339606062,54.40038610159108
自己効力感,27229,大阪府,四條畷市,地方の中心都市,2025,57.762587720807815,52.99007246599101
自己効力感,27229,大阪府,四條畷市,地方の中心都市,2026,53.89368237062102,54.12227212819835
自己効力感,27230,大阪府,交野市,都市部,2024,65.23133309787147,54.64377376208775
自己効力感,27230,大阪府,交野市,都市部,2025,58.69284681173079,53.57551915087668
自己効力感,27230,大阪府,交野市,都市部,2026,61.08969697844486,54.07910024033971
自己効力感,27231,大阪府,大阪狭山市,都市部,2023,63.572344330010054,52.69344476448555
自己効力感,27231,大阪府,大阪狭山市,都市部,2024,56.726902400433765,53.700371827925444
自己効力感,27231,大阪府,大阪狭山市,都市部,2025,53.17134274177538,53.07022304054628
自己効力感,27231,大阪府,大阪狭山市,都市部,2026,58.881831726474175,52.64039491209881
自己効力感,27232,大阪府,阪南市,地方の中心都市,2023,56.5835187723018,50.024032302194904
自己効力感,27232,大阪府,阪南市,地方の中心都市,2024,50.66095005488758,50.69150961084536
自己効力感,27232,大阪府,阪南市,地方の中心都市,2025,46.72399359192246,49.94601971398673
自己効力感,27232,大阪府,阪南市,地方の中心都市,2026,55.50033041441773,49.80933608876134
自己効力感,27321,大阪府,豊能町,農山村の小都市,2023,46.90701663054457,43.3608623284983
自己効力感,27321,大阪府,豊能町,農山村の小都市,2024,46.23646529798711,44.009427236445454
自己効力感,27361,大阪府,熊取町,地方の中心都市,2024,53.8904235500961,52.537011543076886
自己効力感,28100,兵庫県,神戸市,都市部,2023,55.39584605349967,52.36760594315906
自己効力感,28100,兵庫県,神戸市,都市部,2024,57.89497548929159,53.22707627180564
自己効力感,28100,兵庫県,神戸市,都市部,2025,58.12966598361528,52.42698818091334
自己効力感,28100,兵庫県,神戸市,都市部,2026,56.59362698240285,52.541069990484736
自己効力感,28201,兵庫県,姫路市,都市部,2023,52.553015266505824,49.29504768845691
自己効力感,28201,兵庫県,姫路市,都市部,2024,52.307763394532174,50.339869043427065
自己効力感,28201,兵庫県,姫路市,都市部,2025,57.97566675523409,49.35381544753195
自己効力感,28201,兵庫県,姫路市,都市部,2026,55.8676138915387,49.33395092293245
自己効力感,28202,兵庫県,尼崎市,都市部,2023,52.7697775730133,53.03684450189141
自己効力感,28202,兵庫県,尼崎市,都市部,2024,50.66050067167329,54.17587586577258
自己効力感,28202,兵庫県,尼崎市,都市部,2025,58.66054387874786,53.351250236805775
自己効力感,28202,兵庫県,尼崎市,都市部,2026,58.60763440167514,53.61382926298729
自己効力感,28203,兵庫県,明石市,都市部,2023,50.537315389535486,53.46380157618867
自己効力感,28203,兵庫県,明石市,都市部,2024,59.11353614807899,54.77112863898635
自己効力感,28203,兵庫県,明石市,都市部,2025,56.74914554202317,53.69855630388647
自己効力感,28203,兵庫県,明石市,都市部,2026,49.212126159736066,53.47186849670318
自己効力感,28204,兵庫県,西宮市,都市部,2023,67.8369759483566,55.73785971838623
自己効力感,28204,兵庫県,西宮市,都市部,2024,66.24098690563042,56.89419463820859
自己効力感,28204,兵庫県,西宮市,都市部,2025,50.559091255238435,55.51400185095743
自己効力感,28204,兵庫県,西宮市,都市部,2026,60.375091430124904,55.641145320007155
自己効力感,28205,兵庫県,洲本市,農山村の小都市,2023,44.54341544302206,42.09017608473073
自己効力感,28205,兵庫県,洲本市,農山村の小都市,2024,38.09414208186764,42.85004930210771
自己効力感,28206,兵庫県,芦屋市,都市部,2023,68.72830632391205,55.631557133504785
自己効力感,28206,兵庫県,芦屋市,都市部,2024,65.41558993640838,55.80764123175845
自己効力感,28206,兵庫県,芦屋市,都市部,2025,72.84339498517453,54.26250290731118
自己効力感,28206,兵庫県,芦屋市,都市部,2026,68.05087886712431,54.19229225432068
自己効力感,28207,兵庫県,伊丹市,都市部,2023,63.745211603951596,53.400830973852756
自己効力感,28207,兵庫県,伊丹市,都市部,2024,56.62599412653692,54.0095082166893
自己効力感,28207,兵庫県,伊丹市,都市部,2025,70.28626411296389,53.248994577198296
自己効力感,28207,兵庫県,伊丹市,都市部,2026,47.16390814891297,54.215606348984494
自己効力感,28209,兵庫県,豊岡市,農山村の小都市,2024,38.50831450847457,42.21408517231047
自己効力感,28209,兵庫県,豊岡市,農山村の小都市,2025,35.171642776435675,40.97892271416545
自己効力感,28209,兵庫県,豊岡市,農山村の小都市,2026,33.833796913473634,40.873905262582824
自己効力感,28210,兵庫県,加古川市,都市部,2023,51.86115529098735,48.82719497690173
自己効力感,28210,兵庫県,加古川市,都市部,2024,47.76445444877598,50.15761914714871
自己効力感,28210,兵庫県,加古川市,都市部,2025,57.657151732000216,49.12673352881488
自己効力感,28210,兵庫県,加古川市,都市部,2026,51.915345606259066,48.948406943169886
自己効力感,28212,兵庫県,赤穂市,地方の中心都市,2024,49.100767000908405,46.23558209393782
自己効力感,28212,兵庫県,赤穂市,地方の中心都市,2026,49.852932215798,44.78158618831063
自己効力感,28214,兵庫県,宝塚市,都市部,2023,60.384632932030144,53.561939172162305
自己効力感,28214,兵庫県,宝塚市,都市部,2024,63.073962689443405,54.45874437975071
自己効力感,28214,兵庫県,宝塚市,都市部,2025,57.213012730740594,53.87468576283604
自己効力感,28214,兵庫県,宝塚市,都市部,2026,59.168990856663925,53.9639372699948
自己効力感,28215,兵庫県,三木市,地方の中心都市,2024,44.06360600180778,37.28776494034719
自己効力感,28215,兵庫県,三木市,地方の中心都市,2025,43.72261250087831,36.24014914563257
自己効力感,28215,兵庫県,三木市,地方の中心都市,2026,49.221607693956344,36.532868135109695
自己効力感,28216,兵庫県,高砂市,都市部,2023,37.92885185663003,45.89306194396382
自己効力感,28216,兵庫県,高砂市,都市部,2024,37.932804697255904,47.10914813385042
自己効力感,28216,兵庫県,高砂市,都市部,2025,43.94106982939319,46.01317528283318
自己効力感,28216,兵庫県,高砂市,都市部,2026,35.10064247158857,46.28475804607169
自己効力感,28217,兵庫県,川西市,都市部,2023,57.048470963235566,52.40286280999193
自己効力感,28217,兵庫県,川西市,都市部,2024,56.89518667791491,52.98736714436717
自己効力感,28217,兵庫県,川西市,都市部,2025,59.72911205957437,52.18726068437529
自己効力感,28217,兵庫県,川西市,都市部,2026,57.88484779012399,52.55999014058909
自己効力感,28218,兵庫県,小野市,地方の中心都市,2024,55.3845068546922,45.00510460816936
自己効力感,28218,兵庫県,小野市,地方の中心都市,2026,45.15931252887614,43.895032443737605
自己効力感,28219,兵庫県,三田市,地方の中心都市,2023,59.53757437776238,47.32108492777668
自己効力感,28219,兵庫県,三田市,地方の中心都市,2024,76.88811119256341,48.234892713704916
自己効力感,28219,兵庫県,三田市,地方の中心都市,2025,63.72917243267606,47.74532989505838
自己効力感,28219,兵庫県,三田市,地方の中心都市,2026,69.93390656630983,47.42676540306023
自己効力感,28220,兵庫県,加西市,地方の中心都市,2023,44.99463266551461,43.15207801126612
自己効力感,28220,兵庫県,加西市,地方の中心都市,2024,42.25749963565089,43.96990528677696
自己効力感,28222,兵庫県,養父市,農山村の小都市,2023,55.60237214901174,38.573990520383035
自己効力感,28222,兵庫県,養父市,農山村の小都市,2024,52.70765306676079,39.175859269092925
自己効力感,28223,兵庫県,丹波市,農山村の小都市,2023,57.31480930349741,42.99009051195694
自己効力感,28223,兵庫県,丹波市,農山村の小都市,2024,54.87806490189987,43.34506704572816
自己効力感,28223,兵庫県,丹波市,農山村の小都市,2025,63.774768453235325,42.26184580134405
自己効力感,28223,兵庫県,丹波市,農山村の小都市,2026,48.19583540614291,42.200997806519936
自己効力感,28224,兵庫県,南あわじ市,農山村の小都市,2024,31.192157790563815,43.49035685778531
自己効力感,28224,兵庫県,南あわじ市,農山村の小都市,2026,22.27530692717425,42.248824863377564
自己効力感,28226,兵庫県,淡路市,農山村の小都市,2024,48.13581675208727,40.265685203764086
自己効力感,28228,兵庫県,加東市,地方の中心都市,2024,56.39646292757713,45.2307117250923
自己効力感,28229,兵庫県,たつの市,地方の中心都市,2023,39.78569213173169,46.36156818237775
自己効力感,28229,兵庫県,たつの市,地方の中心都市,2024,43.25919081177132,46.91957853386207
自己効力感,28229,兵庫県,たつの市,地方の中心都市,2025,39.18386159101903,45.78884710469655
自己効力感,28229,兵庫県,たつの市,地方の中心都市,2026,50.588650497968686,45.95703678783456
自己効力感,28301,兵庫県,猪名川町,地方の中心都市,2023,42.50100967566457,47.04412260949687
自己効力感,28365,兵庫県,多可町,農山村の小都市,2023,51.56052303157483,41.525067352167085
自己効力感,29201,奈良県,奈良市,地方の中心都市,2023,58.06726294725959,49.737359971424254
自己効力感,29201,奈良県,奈良市,地方の中心都市,2024,42.067542863162444,50.726087181661946
自己効力感,29201,奈良県,奈良市,地方の中心都市,2025,57.56460300454945,49.73738656364933
自己効力感,29201,奈良県,奈良市,地方の中心都市,2026,59.78849300877418,49.57427921923181
自己効力感,29202,奈良県,大和高田市,都市部,2024,44.691193597336245,48.09456041770853
自己効力感,29202,奈良県,大和高田市,都市部,2025,53.25692972249771,46.97770087486695
自己効力感,29202,奈良県,大和高田市,都市部,2026,38.967689989296076,47.01189501201423
自己効力感,29203,奈良県,大和郡山市,都市部,2024,63.684789445701654,47.866278043546956
自己効力感,29203,奈良県,大和郡山市,都市部,2025,54.61817479636599,46.97956166619807
自己効力感,29203,奈良県,大和郡山市,都市部,2026,53.50901421538331,46.754409022325795
自己効力感,29204,奈良県,天理市,地方の中心都市,2023,51.47867600336052,45.778381215610125
自己効力感,29204,奈良県,天理市,地方の中心都市,2024,51.08242437231591,47.45356178659351
自己効力感,29204,奈良県,天理市,地方の中心都市,2025,60.48441541108997,46.56294681751976
自己効力感,29204,奈良県,天理市,地方の中心都市,2026,59.73250465645869,46.681018769894095
自己効力感,29205,奈良県,橿原市,都市部,2023,52.04685214617953,49.32373985803258
自己効力感,29205,奈良県,橿原市,都市部,2024,64.83782981779731,50.29560665607534
自己効力感,29205,奈良県,橿原市,都市部,2025,47.32090275183462,49.112219232083746
自己効力感,29205,奈良県,橿原市,都市部,2026,46.49152632901561,49.41304525846452
自己効力感,29206,奈良県,桜井市,地方の中心都市,2023,38.80802558114536,47.42659169877934
自己効力感,29206,奈良県,桜井市,地方の中心都市,2024,44.54193523989551,47.4901329697497
自己効力感,29206,奈良県,桜井市,地方の中心都市,2025,40.227326678923276,46.67332120283534
自己効力感,29206,奈良県,桜井市,地方の中心都市,2026,51.70589257628945,46.991944717605364
自己効力感,29209,奈良県,生駒市,都市部,2023,58.33219050174576,52.184391412046125
自己効力感,29209,奈良県,生駒市,都市部,2024,61.63421779198523,53.32691977826039
自己効力感,29209,奈良県,生駒市,都市部,2025,57.01748514600737,52.201738489836835
自己効力感,29209,奈良県,生駒市,都市部,2026,59.034030515249164,52.50070098125962
自己効力感,29210,奈良県,香芝市,都市部,2023,48.21262784091418,53.803399213598254
自己効力感,29210,奈良県,香芝市,都市部,2024,46.42057849533295,54.74820055642551
自己効力感,29210,奈良県,香芝市,都市部,2025,49.271610685752584,53.78988604365068
自己効力感,29210,奈良県,香芝市,都市部,2026,54.7505304411921,53.617039823145085
自己効力感,29211,奈良県,葛城市,地方の中心都市,2024,59.41405580541182,51.61240726860688
自己効力感,29363,奈良県,田原本町,地方の中心都市,2024,57.06205409604141,46.63984366697047
自己効力感,29426,奈良県,広陵町,都市部,2024,63.74696198037458,50.142396720012286
自己効力感,30201,和歌山県,和歌山市,都市部,2023,55.550068670481906,48.567861805778655
自己効力感,30201,和歌山県,和歌山市,都市部,2024,54.18062277932045,49.62966381386289
自己効力感,30201,和歌山県,和歌山市,都市部,2025,39.04856119645584,48.600356814073216
自己効力感,30201,和歌山県,和歌山市,都市部,2026,48.40920265985957,48.596708645568235
自己効力感,30202,和歌山県,海南市,農山村の小都市,2024,52.09735057135355,41.29331203593553
自己効力感,30202,和歌山県,海南市,農山村の小都市,2026,60.439379095854456,39.83875183000058
自己効力感,30203,和歌山県,橋本市,地方の中心都市,2023,59.500584680446906,45.475799662257536
自己効力感,30203,和歌山県,橋本市,地方の中心都市,2024,43.153458017555174,46.148111676110794
自己効力感,30203,和歌山県,橋本市,地方の中心都市,2025,41.14613292446149,45.38445391639611
自己効力感,30203,和歌山県,橋本市,地方の中心都市,2026,40.09530944483652,45.204528574244776
自己効力感,30206,和歌山県,田辺市,農山村の小都市,2024,22.20978852231159,39.32402122856166
自己効力感,30206,和歌山県,田辺市,農山村の小都市,2025,24.29350358297577,38.422247830878746
自己効力感,30206,和歌山県,田辺市,農山村の小都市,2026,30.04931532639257,38.16834381181588
自己効力感,30208,和歌山県,紀の川市,農山村の小都市,2023,39.14200192729011,42.54184438306246
自己効力感,30208,和歌山県,紀の川市,農山村の小都市,2024,49.998794233304665,43.672157458261594
自己効力感,30208,和歌山県,紀の川市,農山村の小都市,2025,55.30600486137817,42.12069573681734
自己効力感,30208,和歌山県,紀の川市,農山村の小都市,2026,52.198484861113165,42.040419438674405
自己効力感,30209,和歌山県,岩出市,地方の中心都市,2023,41.15222851304938,50.31581164497392
自己効力感,30209,和歌山県,岩出市,地方の中心都市,2024,41.88544402594416,50.88401418009046
自己効力感,30209,和歌山県,岩出市,地方の中心都市,2025,44.286219071450645,49.80547946605684
自己効力感,30209,和歌山県,岩出市,地方の中心都市,2026,44.12520651825111,49.624496497972686
自己効力感,31201,鳥取県,鳥取市,地方の中心都市,2023,36.914261884615584,46.28655786763982
自己効力感,31201,鳥取県,鳥取市,地方の中心都市,2024,53.16893087660644,46.86109710620588
自己効力感,31201,鳥取県,鳥取市,地方の中心都市,2025,39.9092632201286,45.81711497123043
自己効力感,31201,鳥取県,鳥取市,地方の中心都市,2026,43.24063927015591,45.61881922316931
自己効力感,31202,鳥取県,米子市,地方の中心都市,2023,52.402203967640354,47.361760319876105
自己効力感,31202,鳥取県,米子市,地方の中心都市,2024,50.79864998155522,48.20084040480384
自己効力感,31202,鳥取県,米子市,地方の中心都市,2025,53.580709353763034,47.01872263608756
自己効力感,31202,鳥取県,米子市,地方の中心都市,2026,44.43086009180046,47.296790364073416
自己効力感,31203,鳥取県,倉吉市,農山村の小都市,2024,47.91587627776848,42.324441438017274
自己効力感,31203,鳥取県,倉吉市,農山村の小都市,2025,52.271050333911425,41.523725961378354
自己効力感,31203,鳥取県,倉吉市,農山村の小都市,2026,53.61332958430529,41.31724555188557
自己効力感,31204,鳥取県,境港市,地方の中心都市,2025,42.64752903581292,44.46766247714268
自己効力感,31204,鳥取県,境港市,地方の中心都市,2026,34.884086556850306,44.14824023400062
自己効力感,32201,島根県,松江市,地方の中心都市,2023,44.49166061712978,48.9473576015556
自己効力感,32201,島根県,松江市,地方の中心都市,2024,53.66783015265988,49.88800328205302
自己効力感,32201,島根県,松江市,地方の中心都市,2025,49.308804159944835,48.895710539958635
自己効力感,32201,島根県,松江市,地方の中心都市,2026,57.232646312503874,48.90381589767674
自己効力感,32202,島根県,浜田市,農山村の小都市,2024,55.92099300814786,42.13731000841622
自己効力感,32202,島根県,浜田市,農山村の小都市,2025,36.12167342132879,40.60158447321222
自己効力感,32202,島根県,浜田市,農山村の小都市,2026,43.98029952984462,40.79802748426604
自己効力感,32203,島根県,出雲市,地方の中心都市,2023,61.21736062139371,47.233453095329224
自己効力感,32203,島根県,出雲市,地方の中心都市,2024,57.7048405111738,48.12514888886186
自己効力感,32203,島根県,出雲市,地方の中心都市,2025,46.05456413896967,47.566617108617244
自己効力感,32203,島根県,出雲市,地方の中心都市,2026,51.269805401871494,47.22233373007489
自己効力感,32204,島根県,益田市,農山村の小都市,2024,32.77077476288471,41.35265134327195
自己効力感,32204,島根県,益田市,農山村の小都市,2025,47.07140795155644,40.14012187959416
自己効力感,32204,島根県,益田市,農山村の小都市,2026,46.69703020419191,39.8625318551204
自己効力感,32206,島根県,安来市,農山村の小都市,2024,54.71966402253865,42.33474338067723
自己効力感,32209,島根県,雲南市,農山村の小都市,2024,27.361899748953924,42.35805494937849
自己効力感,33100,岡山県,岡山市,都市部,2023,46.10481738099979,47.983683803148004
自己効力感,33100,岡山県,岡山市,都市部,2024,51.37815692371736,48.9098763852866
自己効力感,33100,岡山県,岡山市,都市部,2025,49.865378827360814,48.08959974280167
自己効力感,33100,岡山県,岡山市,都市部,2026,45.81204399668371,48.09589104048328
自己効力感,33202,岡山県,倉敷市,都市部,2023,47.71137305956351,48.7403303290657
自己効力感,33202,岡山県,倉敷市,都市部,2024,51.431778665111175,49.86393894397997
自己効力感,33202,岡山県,倉敷市,都市部,2025,46.97102269361578,48.8392245980421
自己効力感,33202,岡山県,倉敷市,都市部,2026,46.56102693175081,48.7810870589517
自己効力感,33203,岡山県,津山市,地方の中心都市,2023,44.76107136900535,45.076034652483024
自己効力感,33203,岡山県,津山市,地方の中心都市,2024,47.04948588008674,45.8458390748859
自己効力感,33203,岡山県,津山市,地方の中心都市,2025,42.23732001175074,44.962825774821965
自己効力感,33203,岡山県,津山市,地方の中心都市,2026,38.2049291063874,44.77872364939889
自己効力感,33204,岡山県,玉野市,地方の中心都市,2024,50.641815160641,47.273583410542194
自己効力感,33204,岡山県,玉野市,地方の中心都市,2025,41.33581041029165,46.21562267776144
自己効力感,33204,岡山県,玉野市,地方の中心都市,2026,43.77832117060664,45.675776334074506
自己効力感,33205,岡山県,笠岡市,地方の中心都市,2024,44.54827423602778,39.538806299731874
自己効力感,33205,岡山県,笠岡市,地方の中心都市,2026,49.9025736543143,37.985730834150495
自己効力感,33207,岡山県,井原市,農山村の小都市,2024,33.873211767801436,41.35460972998427
自己効力感,33208,岡山県,総社市,地方の中心都市,2024,29.785901499137715,48.85343312771594
自己効力感,33208,岡山県,総社市,地方の中心都市,2025,41.59729770697032,47.66578323002243
自己効力感,33208,岡山県,総社市,地方の中心都市,2026,49.803998821507506,47.986086168094175
自己効力感,33211,岡山県,備前市,農山村の小都市,2023,41.40527783964189,41.52754145620465
自己効力感,33211,岡山県,備前市,農山村の小都市,2024,47.472648360710515,42.242797660703644
自己効力感,33212,岡山県,瀬戸内市,農山村の小都市,2024,41.57596456288822,41.315924184302276
自己効力感,33213,岡山県,赤磐市,農山村の小都市,2024,50.647930145950866,44.29409652888451
自己効力感,33681,岡山県,吉備中央町,農山村の小都市,2023,41.733415218417235,36.39316737593886
自己効力感,33681,岡山県,吉備中央町,農山村の小都市,2024,68.8345081961338,37.91834969199284
自己効力感,34100,広島県,広島市,都市部,2023,54.07502513710362,53.27228409968393
自己効力感,34100,広島県,広島市,都市部,2024,51.863944087486246,54.13603619775266
自己効力感,34100,広島県,広島市,都市部,2025,54.43642648108924,53.33319386713584
自己効力感,34100,広島県,広島市,都市部,2026,49.73034217876681,53.30885508594538
自己効力感,34202,広島県,呉市,地方の中心都市,2024,45.66734688025215,47.16506317180762
自己効力感,34202,広島県,呉市,地方の中心都市,2025,41.873287550620866,46.21100383402007
自己効力感,34202,広島県,呉市,地方の中心都市,2026,49.832276360679835,46.277632980449944
自己効力感,34204,広島県,三原市,地方の中心都市,2023,58.582274280223544,43.92709429883292
自己効力感,34204,広島県,三原市,地方の中心都市,2024,52.42766332594426,44.81031808372528
自己効力感,34204,広島県,三原市,地方の中心都市,2025,31.639552386096376,43.66797925496153
自己効力感,34204,広島県,三原市,地方の中心都市,2026,35.364725821690236,43.62813547106382
自己効力感,34205,広島県,尾道市,地方の中心都市,2023,57.59210231677943,44.938778925479205
自己効力感,34205,広島県,尾道市,地方の中心都市,2024,41.286258265692304,45.866769172370276
自己効力感,34205,広島県,尾道市,地方の中心都市,2025,41.405278597147976,44.89518787350013
自己効力感,34205,広島県,尾道市,地方の中心都市,2026,41.86841444528228,44.79154835742762
自己効力感,34207,広島県,福山市,都市部,2023,55.904613622200046,48.63965344618936
自己効力感,34207,広島県,福山市,都市部,2024,35.11914189359328,49.488331240726666
自己効力感,34207,広島県,福山市,都市部,2025,53.66074129971355,48.55344128898639
自己効力感,34207,広島県,福山市,都市部,2026,46.11384861325208,48.62447587525318
自己効力感,34208,広島県,府中市,農山村の小都市,2024,31.87591748980783,40.54216954024691
自己効力感,34209,広島県,三次市,農山村の小都市,2024,45.85915789957737,41.90356461068324
自己効力感,34209,広島県,三次市,農山村の小都市,2025,33.74315842815756,40.843826156414266
自己効力感,34209,広島県,三次市,農山村の小都市,2026,32.71441884796105,40.83194287590388
自己効力感,34212,広島県,東広島市,地方の中心都市,2023,44.31099517939582,46.88473161411125
自己効力感,34212,広島県,東広島市,地方の中心都市,2024,46.355112020272344,47.475460577636255
自己効力感,34212,広島県,東広島市,地方の中心都市,2025,43.79848318914609,46.724203038609666
自己効力感,34212,広島県,東広島市,地方の中心都市,2026,59.30731315729842,46.721397947611464
自己効力感,34213,広島県,廿日市市,地方の中心都市,2023,52.47023179821599,48.403435227090036
自己効力感,34213,広島県,廿日市市,地方の中心都市,2024,43.44094912719679,49.705943253775516
自己効力感,34213,広島県,廿日市市,地方の中心都市,2025,46.39017326280053,48.26258398150849
自己効力感,34213,広島県,廿日市市,地方の中心都市,2026,50.51220977320544,48.16237069806901
自己効力感,34302,広島県,府中町,都市部,2024,62.07370410922916,56.86391640093559
自己効力感,34302,広島県,府中町,都市部,2025,55.58218394835549,55.15027670087501
自己効力感,34302,広島県,府中町,都市部,2026,62.421488115031025,55.61179006632489
自己効力感,35201,山口県,下関市,地方の中心都市,2023,38.004271909652545,45.59879173347032
自己効力感,35201,山口県,下関市,地方の中心都市,2024,48.40860078858896,46.45009947695881
自己効力感,35201,山口県,下関市,地方の中心都市,2025,67.47662149729643,45.32342709651419
自己効力感,35201,山口県,下関市,地方の中心都市,2026,40.780011760865584,45.17297978344556
自己効力感,35202,山口県,宇部市,地方の中心都市,2023,45.95642681036681,46.423722091584644
自己効力感,35202,山口県,宇部市,地方の中心都市,2024,65.10422516683093,47.18582320645746
自己効力感,35202,山口県,宇部市,地方の中心都市,2025,38.89796680746884,45.92485286580771
自己効力感,35202,山口県,宇部市,地方の中心都市,2026,54.762526538441946,45.96426500356447
自己効力感,35203,山口県,山口市,地方の中心都市,2023,43.433357799445844,45.18066435453611
自己効力感,35203,山口県,山口市,地方の中心都市,2024,55.077288160670804,46.209971362592675
自己効力感,35203,山口県,山口市,地方の中心都市,2025,31.809829959016483,44.97588587754187
自己効力感,35203,山口県,山口市,地方の中心都市,2026,63.613525366240545,45.011081451626474
自己効力感,35204,山口県,萩市,農山村の小都市,2024,38.26068308884258,39.405018014604714
自己効力感,35204,山口県,萩市,農山村の小都市,2026,44.36881185203884,37.74021449390052
自己効力感,35206,山口県,防府市,地方の中心都市,2023,35.11096087475387,47.301368905034764
自己効力感,35206,山口県,防府市,地方の中心都市,2024,51.53026719519313,48.74351875829466
自己効力感,35206,山口県,防府市,地方の中心都市,2025,41.16748388046228,47.442540501666585
自己効力感,35206,山口県,防府市,地方の中心都市,2026,51.24095697209388,46.778316555954554
自己効力感,35207,山口県,下松市,地方の中心都市,2023,37.883021659815924,48.30476106033652
自己効力感,35207,山口県,下松市,地方の中心都市,2024,55.5059954402444,49.16972185294333
自己効力感,35207,山口県,下松市,地方の中心都市,2025,53.72985922743296,48.38729016670106
自己効力感,35207,山口県,下松市,地方の中心都市,2026,49.806644994624754,48.28223491923477
自己効力感,35208,山口県,岩国市,地方の中心都市,2023,55.31082015447552,44.52320017436198
自己効力感,35208,山口県,岩国市,地方の中心都市,2024,46.06705681662055,45.353048932946244
自己効力感,35208,山口県,岩国市,地方の中心都市,2025,43.757594365770665,44.10775715771386
自己効力感,35208,山口県,岩国市,地方の中心都市,2026,46.124903874988064,44.25006467896678
自己効力感,35210,山口県,光市,地方の中心都市,2024,55.18943203270887,47.89439958157258
自己効力感,35210,山口県,光市,地方の中心都市,2026,35.675899501102066,46.20600269078738
自己効力感,35212,山口県,柳井市,農山村の小都市,2024,53.40984489343025,41.86877532203091
自己効力感,35215,山口県,周南市,地方の中心都市,2023,51.83752983361156,45.29204209299107
自己効力感,35215,山口県,周南市,地方の中心都市,2024,46.65864041784929,45.909755013688034
自己効力感,35215,山口県,周南市,地方の中心都市,2025,38.123274164763004,45.171446942766096
自己効力感,35215,山口県,周南市,地方の中心都市,2026,52.90248250250538,45.00277663320898
自己効力感,35216,山口県,山陽小野田市,地方の中心都市,2023,32.26571394295273,43.95833764668115
自己効力感,35216,山口県,山陽小野田市,地方の中心都市,2024,43.468337115759645,44.6726076923903
自己効力感,35216,山口県,山陽小野田市,地方の中心都市,2025,37.32669061698182,44.1462904194475
自己効力感,35216,山口県,山陽小野田市,地方の中心都市,2026,42.01029076782469,43.96185821521986
自己効力感,36201,徳島県,徳島市,都市部,2023,45.50632160520271,46.87979918150774
自己効力感,36201,徳島県,徳島市,都市部,2024,51.27699338852444,47.70712585777049
自己効力感,36201,徳島県,徳島市,都市部,2025,48.4659226040945,46.798392870093906
自己効力感,36201,徳島県,徳島市,都市部,2026,43.99961651422881,46.649799006258
自己効力感,36202,徳島県,鳴門市,農山村の小都市,2023,39.97592193013959,41.28909986614757
自己効力感,36202,徳島県,鳴門市,農山村の小都市,2024,33.580785205054696,42.49146312324703
自己効力感,36202,徳島県,鳴門市,農山村の小都市,2025,51.325748270456174,41.546324077116466
自己効力感,36202,徳島県,鳴門市,農山村の小都市,2026,57.30316660556311,41.63833786040162
自己効力感,36203,徳島県,小松島市,地方の中心都市,2024,49.53701970480214,41.4707197564428
自己効力感,36204,徳島県,阿南市,地方の中心都市,2023,38.16780523026238,39.665482039215874
自己効力感,36204,徳島県,阿南市,地方の中心都市,2024,37.87682979356774,40.570936431537454
自己効力感,36204,徳島県,阿南市,地方の中心都市,2025,36.91409552334822,39.3167044019807
自己効力感,36204,徳島県,阿南市,地方の中心都市,2026,48.50995646361887,39.15519135257219
自己効力感,36205,徳島県,吉野川市,農山村の小都市,2024,39.6368925207897,42.79625365201109
自己効力感,36205,徳島県,吉野川市,農山村の小都市,2025,47.696059828744936,41.47836622009136
自己効力感,36205,徳島県,吉野川市,農山村の小都市,2026,37.841455040793086,41.3125763216995
自己効力感,36403,徳島県,藍住町,都市部,2024,47.10685368193908,46.442152333388236
自己効力感,37201,香川県,高松市,都市部,2023,50.3749572713618,48.80727813626854
自己効力感,37201,香川県,高松市,都市部,2024,47.17988865530082,49.68670674439412
自己効力感,37201,香川県,高松市,都市部,2025,43.338358315063,48.93378592629852
自己効力感,37201,香川県,高松市,都市部,2026,54.85521110867892,48.91368646793428
自己効力感,37202,香川県,丸亀市,地方の中心都市,2023,49.65290306736179,46.80684736018661
自己効力感,37202,香川県,丸亀市,地方の中心都市,2024,61.174489397337936,48.284268950196875
自己効力感,37202,香川県,丸亀市,地方の中心都市,2025,53.857172655857795,47.412938921115746
自己効力感,37202,香川県,丸亀市,地方の中心都市,2026,48.871880831044386,47.45534067015329
自己効力感,37203,香川県,坂出市,地方の中心都市,2023,47.83065888935628,42.578209793450476
自己効力感,37203,香川県,坂出市,地方の中心都市,2024,51.98060562581535,43.31983760999521
自己効力感,37203,香川県,坂出市,地方の中心都市,2025,41.36754266233236,42.05765824442021
自己効力感,37203,香川県,坂出市,地方の中心都市,2026,47.47318856931803,42.46232660547082
自己効力感,37205,香川県,観音寺市,地方の中心都市,2023,30.152812062690447,44.84779821125771
自己効力感,37205,香川県,観音寺市,地方の中心都市,2024,43.0500358021462,45.92262656271083
自己効力感,37205,香川県,観音寺市,地方の中心都市,2025,39.026565329777235,44.66248564524114
自己効力感,37205,香川県,観音寺市,地方の中心都市,2026,38.40377606583402,44.50866533540578
自己効力感,37206,香川県,さぬき市,農山村の小都市,2024,43.63199797654016,41.62085531866947
自己効力感,37206,香川県,さぬき市,農山村の小都市,2026,52.745610022372006,40.13788345135598
自己効力感,37208,香川県,三豊市,農山村の小都市,2023,50.22285290114585,40.402368718041295
自己効力感,37208,香川県,三豊市,農山村の小都市,2024,51.117458628058614,41.4899082520192
自己効力感,37208,香川県,三豊市,農山村の小都市,2025,40.33765415769352,40.42606797559294
自己効力感,37208,香川県,三豊市,農山村の小都市,2026,46.32598550792254,40.41891262207224
自己効力感,38201,愛媛県,松山市,都市部,2023,55.622639239077834,49.50354949694059
自己効力感,38201,愛媛県,松山市,都市部,2024,58.20654676059108,50.399650922905344
自己効力感,38201,愛媛県,松山市,都市部,2025,50.01917174841982,49.37567648889768
自己効力感,38201,愛媛県,松山市,都市部,2026,50.036550814756694,49.298931146420074
自己効力感,38202,愛媛県,今治市,地方の中心都市,2023,42.104354585552656,43.84879562162446
自己効力感,38202,愛媛県,今治市,地方の中心都市,2024,44.48666364621335,44.5014409488402
自己効力感,38202,愛媛県,今治市,地方の中心都市,2025,48.26512670191026,43.470192876255766
自己効力感,38202,愛媛県,今治市,地方の中心都市,2026,50.82399393500373,43.59104356049051
自己効力感,38203,愛媛県,宇和島市,農山村の小都市,2023,35.98954569212181,38.27949904458157
自己効力感,38203,愛媛県,宇和島市,農山村の小都市,2024,29.921733371387603,39.15066156307144
自己効力感,38203,愛媛県,宇和島市,農山村の小都市,2025,29.653738379003787,37.71125169082279
自己効力感,38203,愛媛県,宇和島市,農山村の小都市,2026,28.220495994475694,37.87284676655886
自己効力感,38205,愛媛県,新居浜市,地方の中心都市,2023,45.855799693431585,48.50199742544718
自己効力感,38205,愛媛県,新居浜市,地方の中心都市,2024,47.80787874780227,49.355584641411276
自己効力感,38205,愛媛県,新居浜市,地方の中心都市,2025,46.206620869859464,48.14217075051053
自己効力感,38205,愛媛県,新居浜市,地方の中心都市,2026,28.870773804412842,48.093589082295416
自己効力感,38206,愛媛県,西条市,地方の中心都市,2023,47.5357310801706,43.03464186270998
自己効力感,38206,愛媛県,西条市,地方の中心都市,2024,50.373440909519864,43.95700393367094
自己効力感,38206,愛媛県,西条市,地方の中心都市,2025,55.78374861487954,43.09250214255799
自己効力感,38206,愛媛県,西条市,地方の中心都市,2026,38.06653303155387,42.615546281360224
自己効力感,38207,愛媛県,大洲市,農山村の小都市,2024,49.51059968009217,41.976065401283975
自己効力感,38210,愛媛県,伊予市,農山村の小都市,2024,35.86104932864515,43.3048561170434
自己効力感,38213,愛媛県,四国中央市,地方の中心都市,2023,38.22211133548497,44.837106365516334
自己効力感,38213,愛媛県,四国中央市,地方の中心都市,2024,41.018613145778694,45.635814128735724
自己効力感,38213,愛媛県,四国中央市,地方の中心都市,2025,42.21333783076318,44.423482207726174
自己効力感,38213,愛媛県,四国中央市,地方の中心都市,2026,39.374879560283084,43.96544495883001
自己効力感,38215,愛媛県,東温市,農山村の小都市,2024,36.93144811218901,42.561725127156336
自己効力感,39201,高知県,高知市,地方の中心都市,2023,60.87081538157418,49.94542422087659
自己効力感,39201,高知県,高知市,地方の中心都市,2024,54.26344358956198,50.711381407161284
自己効力感,39201,高知県,高知市,地方の中心都市,2025,52.15014512094325,49.37362390660772
自己効力感,39201,高知県,高知市,地方の中心都市,2026,51.56415059125999,49.499878845680655
自己効力感,39204,高知県,南国市,農山村の小都市,2024,57.78987734447538,44.05483873472268
自己効力感,39204,高知県,南国市,農山村の小都市,2025,42.61680640856194,43.2474740514906
自己効力感,39204,高知県,南国市,農山村の小都市,2026,43.192789450060616,42.49681936309258
自己効力感,39208,高知県,宿毛市,農山村の小都市,2023,31.38603123795072,37.107853597550815
自己効力感,40100,福岡県,北九州市,都市部,2023,53.72022462165883,49.94753636617307
自己効力感,40100,福岡県,北九州市,都市部,2024,56.4595034928272,50.86991494409762
自己効力感,40100,福岡県,北九州市,都市部,2025,51.36326781159198,50.032631608543866
自己効力感,40100,福岡県,北九州市,都市部,2026,53.43882410244501,49.980069225263286
自己効力感,40130,福岡県,福岡市,都市部,2023,58.97170281866442,54.120840842109466
自己効力感,40130,福岡県,福岡市,都市部,2024,53.1378874513041,55.340538479321395
自己効力感,40130,福岡県,福岡市,都市部,2025,59.26397270170267,54.34237231655464
自己効力感,40130,福岡県,福岡市,都市部,2026,55.37443059106314,54.30690004587342
自己効力感,40202,福岡県,大牟田市,地方の中心都市,2023,37.42304903522521,44.499740993633765
自己効力感,40202,福岡県,大牟田市,地方の中心都市,2024,40.710335471986824,45.247218204834766
自己効力感,40202,福岡県,大牟田市,地方の中心都市,2025,51.23462868679282,44.21369193649117
自己効力感,40202,福岡県,大牟田市,地方の中心都市,2026,55.53654734015726,44.24762447511237
自己効力感,40203,福岡県,久留米市,都市部,2023,41.53469561257255,46.73703871572994
自己効力感,40203,福岡県,久留米市,都市部,2024,48.07693685618589,47.7022305016708
自己効力感,40203,福岡県,久留米市,都市部,2025,37.03479141182369,46.46420971565741
自己効力感,40203,福岡県,久留米市,都市部,2026,41.37949026882441,46.591804758733886
自己効力感,40204,福岡県,直方市,地方の中心都市,2024,51.79323126055703,47.43790351089108
自己効力感,40204,福岡県,直方市,地方の中心都市,2025,49.981849902062436,46.54238608180149
自己効力感,40204,福岡県,直方市,地方の中心都市,2026,51.09270382711529,46.056564313985106
自己効力感,40205,福岡県,飯塚市,地方の中心都市,2023,46.809790588805186,45.1738713437633
自己効力感,40205,福岡県,飯塚市,地方の中心都市,2024,31.56362620240303,46.19743236195478
自己効力感,40205,福岡県,飯塚市,地方の中心都市,2025,35.52238254224705,45.20973451029986
自己効力感,40205,福岡県,飯塚市,地方の中心都市,2026,44.213998636781156,45.44107996815308
自己効力感,40206,福岡県,田川市,地方の中心都市,2024,46.4118675864274,43.353816032202026
自己効力感,40206,福岡県,田川市,地方の中心都市,2026,28.413764689242768,41.18254242832265
自己効力感,40207,福岡県,柳川市,地方の中心都市,2024,44.8343006873435,41.303189802185344
自己効力感,40207,福岡県,柳川市,地方の中心都市,2025,58.232071687037674,40.208252092192666
自己効力感,40207,福岡県,柳川市,地方の中心都市,2026,44.256843221063065,39.94635024969088
自己効力感,40210,福岡県,八女市,農山村の小都市,2023,39.35266265744596,39.1816735698708
自己効力感,40210,福岡県,八女市,農山村の小都市,2024,35.74973978125039,39.03699567927657
自己効力感,40210,福岡県,八女市,農山村の小都市,2025,26.570349488983137,38.77902125207424
自己効力感,40210,福岡県,八女市,農山村の小都市,2026,28.338040951872593,38.87213502349044
自己効力感,40211,福岡県,筑後市,都市部,2024,32.726850392166604,45.24325109812573
自己効力感,40211,福岡県,筑後市,都市部,2026,32.684448833615846,43.88451973155457
自己効力感,40213,福岡県,行橋市,地方の中心都市,2023,46.39783143786994,45.52923643802196
自己効力感,40213,福岡県,行橋市,地方の中心都市,2024,51.9230955983487,46.782927793655304
自己効力感,40213,福岡県,行橋市,地方の中心都市,2025,53.46974448784286,45.34051824776854
自己効力感,40213,福岡県,行橋市,地方の中心都市,2026,42.62330659484577,45.25716039619108
自己効力感,40214,福岡県,豊前市,農山村の小都市,2023,27.150674730151614,41.33478680169314
自己効力感,40215,福岡県,中間市,地方の中心都市,2024,31.61397701403029,44.116755515313855
自己効力感,40216,福岡県,小郡市,都市部,2023,54.39828249083811,45.17388179933641
自己効力感,40216,福岡県,小郡市,都市部,2024,55.67031740996164,46.209489108233285
自己効力感,40216,福岡県,小郡市,都市部,2025,47.50874407502451,44.381834180510126
自己効力感,40216,福岡県,小郡市,都市部,2026,56.335181210570084,45.86553345133254
自己効力感,40217,福岡県,筑紫野市,地方の中心都市,2024,56.17058581301746,50.65871606041587
自己効力感,40217,福岡県,筑紫野市,地方の中心都市,2025,56.34508853388,49.40918360677679
自己効力感,40217,福岡県,筑紫野市,地方の中心都市,2026,58.75500913939494,49.45261808497493
自己効力感,40218,福岡県,春日市,都市部,2024,53.744719750254724,54.397944525381845
自己効力感,40218,福岡県,春日市,都市部,2025,50.892364839447794,53.41771267290364
自己効力感,40218,福岡県,春日市,都市部,2026,53.14449937834051,53.73681035217424
自己効力感,40219,福岡県,大野城市,都市部,2023,39.79546610284754,55.62366630893466
自己効力感,40219,福岡県,大野城市,都市部,2024,63.631670917877564,55.92508480317464
自己効力感,40219,福岡県,大野城市,都市部,2025,56.56564025564814,55.382755687269395
自己効力感,40219,福岡県,大野城市,都市部,2026,41.71510656861356,55.309765201657534
自己効力感,40220,福岡県,宗像市,地方の中心都市,2023,45.48943820278171,48.897328358355225
自己効力感,40220,福岡県,宗像市,地方の中心都市,2024,55.14021483721226,49.36270319661994
自己効力感,40220,福岡県,宗像市,地方の中心都市,2025,48.482318769865415,48.42256739623977
自己効力感,40220,福岡県,宗像市,地方の中心都市,2026,55.963684966548854,48.74465809517567
自己効力感,40221,福岡県,太宰府市,地方の中心都市,2023,51.17470652466848,51.450948065382406
自己効力感,40221,福岡県,太宰府市,地方の中心都市,2024,51.70899703393271,53.08978416881797
自己効力感,40221,福岡県,太宰府市,地方の中心都市,2025,60.77555894179501,52.13179790727514
自己効力感,40221,福岡県,太宰府市,地方の中心都市,2026,58.7279539445056,52.06624136857599
自己効力感,40223,福岡県,古賀市,地方の中心都市,2023,56.02021039657356,48.46222371008932
自己効力感,40223,福岡県,古賀市,地方の中心都市,2024,45.26785031964721,50.08841818847447
自己効力感,40223,福岡県,古賀市,地方の中心都市,2025,42.721771039265555,48.77397606866075
自己効力感,40223,福岡県,古賀市,地方の中心都市,2026,61.84038886033536,48.484100267686046
自己効力感,40224,福岡県,福津市,地方の中心都市,2024,53.92588019977808,51.067696013611055
自己効力感,40224,福岡県,福津市,地方の中心都市,2025,69.09125614454958,50.371632409187036
自己効力感,40224,福岡県,福津市,地方の中心都市,2026,60.420174315656084,50.23778411694255
自己効力感,40228,福岡県,朝倉市,農山村の小都市,2024,32.041639280910644,42.48043825548334
自己効力感,40228,福岡県,朝倉市,農山村の小都市,2025,29.326498861306394,40.89095196322118
自己効力感,40228,福岡県,朝倉市,農山村の小都市,2026,37.79024300205054,40.81261864149806
自己効力感,40230,福岡県,糸島市,地方の中心都市,2023,60.971477117438894,44.59701187508847
自己効力感,40230,福岡県,糸島市,地方の中心都市,2024,51.83746617607399,45.074772765396254
自己効力感,40230,福岡県,糸島市,地方の中心都市,2025,61.09487957071666,44.338823380100195
自己効力感,40230,福岡県,糸島市,地方の中心都市,2026,60.27797577368288,43.92732342901477
自己効力感,40231,福岡県,那珂川市,地方の中心都市,2024,58.70614848788987,49.18369240590141
自己効力感,40231,福岡県,那珂川市,地方の中心都市,2025,53.927611294529726,48.78523331503901
自己効力感,40231,福岡県,那珂川市,地方の中心都市,2026,41.98777250993285,48.917129291584025
自己効力感,40343,福岡県,志免町,都市部,2024,51.07728825431769,52.98407651731831
自己効力感,40343,福岡県,志免町,都市部,2026,48.687586002949885,51.77969766512725
自己効力感,40349,福岡県,粕屋町,都市部,2024,46.69356844661727,51.142732380672086
自己効力感,40349,福岡県,粕屋町,都市部,2026,36.417989660124064,50.07398769464518
自己効力感,40621,福岡県,苅田町,都市部,2024,41.35774430548955,45.95499605284185
自己効力感,41201,佐賀県,佐賀市,地方の中心都市,2023,44.233994864168395,46.0374308285304
自己効力感,41201,佐賀県,佐賀市,地方の中心都市,2024,48.36857987433337,46.77424491289019
自己効力感,41201,佐賀県,佐賀市,地方の中心都市,2025,56.22418563061261,45.667749701503354
自己効力感,41201,佐賀県,佐賀市,地方の中心都市,2026,47.27587829818142,45.91296900939071
自己効力感,41202,佐賀県,唐津市,農山村の小都市,2023,59.411901147030584,41.68818047078368
自己効力感,41202,佐賀県,唐津市,農山村の小都市,2024,42.309861017464534,42.50605906082601
自己効力感,41202,佐賀県,唐津市,農山村の小都市,2025,54.63874393461082,41.41884234594747
自己効力感,41202,佐賀県,唐津市,農山村の小都市,2026,44.76889632003664,41.45177395739539
自己効力感,41203,佐賀県,鳥栖市,都市部,2023,41.68781842892102,48.40592469947089
自己効力感,41203,佐賀県,鳥栖市,都市部,2024,54.0163329209848,49.09512829649456
自己効力感,41203,佐賀県,鳥栖市,都市部,2025,55.80688798161018,48.06295843654346
自己効力感,41203,佐賀県,鳥栖市,都市部,2026,46.130447947035975,47.77686496907837
自己効力感,41205,佐賀県,伊万里市,農山村の小都市,2024,31.005369344895463,40.45469460898028
自己効力感,41205,佐賀県,伊万里市,農山村の小都市,2025,44.89320935823014,39.4197533029408
自己効力感,41205,佐賀県,伊万里市,農山村の小都市,2026,37.3926711680388,39.25299367999295
自己効力感,41206,佐賀県,武雄市,地方の中心都市,2024,55.15173426838286,45.1108527289681
自己効力感,41206,佐賀県,武雄市,地方の中心都市,2026,45.16388267605081,43.1022144917333
自己効力感,41208,佐賀県,小城市,地方の中心都市,2024,41.524565827418506,43.91563361534565
自己効力感,41341,佐賀県,基山町,地方の中心都市,2023,49.559411744063254,47.03598047017361
自己効力感,41401,佐賀県,有田町,農山村の小都市,2023,48.78886135033586,44.93393901370792
自己効力感,42201,長崎県,長崎市,地方の中心都市,2023,48.465446068118574,48.06315415390848
自己効力感,42201,長崎県,長崎市,地方の中心都市,2024,55.97458743556605,48.95314695810202
自己効力感,42201,長崎県,長崎市,地方の中心都市,2025,49.84459088446033,48.07108829548658
自己効力感,42201,長崎県,長崎市,地方の中心都市,2026,53.334335391087826,48.11909210905271
自己効力感,42202,長崎県,佐世保市,地方の中心都市,2023,43.39770162320944,45.754123597944776
自己効力感,42202,長崎県,佐世保市,地方の中心都市,2024,39.0872732400796,46.2797650459499
自己効力感,42202,長崎県,佐世保市,地方の中心都市,2025,42.04895549024706,45.3316108546884
自己効力感,42202,長崎県,佐世保市,地方の中心都市,2026,46.796945916865795,45.175594961138096
自己効力感,42203,長崎県,島原市,農山村の小都市,2024,38.88266622030657,43.83324964034355
自己効力感,42204,長崎県,諫早市,地方の中心都市,2023,43.59102372566399,44.203868691764264
自己効力感,42204,長崎県,諫早市,地方の中心都市,2024,57.535357782826566,44.991697645039125
自己効力感,42204,長崎県,諫早市,地方の中心都市,2025,30.08425739577556,44.16415814289492
自己効力感,42204,長崎県,諫早市,地方の中心都市,2026,48.827588898945635,43.777220838769786
自己効力感,42205,長崎県,大村市,地方の中心都市,2023,45.30102554488198,49.408318785503674
自己効力感,42205,長崎県,大村市,地方の中心都市,2024,51.415485713500466,50.317221942851454
自己効力感,42205,長崎県,大村市,地方の中心都市,2025,44.295744599022484,50.142735517761274
自己効力感,42205,長崎県,大村市,地方の中心都市,2026,46.31053967373975,48.783922438011665
自己効力感,42214,長崎県,南島原市,農山村の小都市,2024,43.41629390621205,39.59995304844702
自己効力感,42307,長崎県,長与町,地方の中心都市,2024,61.4895619223936,49.79345623464904
自己効力感,43100,熊本県,熊本市,都市部,2023,50.25422834229088,48.99203928232387
自己効力感,43100,熊本県,熊本市,都市部,2024,55.72699631938714,49.975099545742175
自己効力感,43100,熊本県,熊本市,都市部,2025,56.98646666501979,49.093260430007554
自己効力感,43100,熊本県,熊本市,都市部,2026,53.102637661038145,48.735449575873325
自己効力感,43202,熊本県,八代市,農山村の小都市,2023,33.42487994609501,41.20369549830938
自己効力感,43202,熊本県,八代市,農山村の小都市,2024,31.761291917280786,42.3174227087242
自己効力感,43202,熊本県,八代市,農山村の小都市,2025,33.96333534061409,40.90020276678545
自己効力感,43202,熊本県,八代市,農山村の小都市,2026,53.43648015450474,40.972270649257624
自己効力感,43204,熊本県,荒尾市,地方の中心都市,2024,41.08359835388644,41.49936842067113
自己効力感,43204,熊本県,荒尾市,地方の中心都市,2025,39.03403358409008,41.285410420936664
自己効力感,43204,熊本県,荒尾市,地方の中心都市,2026,35.23132914882818,41.41551931390829
自己効力感,43206,熊本県,玉名市,農山村の小都市,2023,49.230378163250656,39.316895973753326
自己効力感,43206,熊本県,玉名市,農山村の小都市,2024,43.16309840152108,40.58497679104586
自己効力感,43206,熊本県,玉名市,農山村の小都市,2025,45.29238334745356,38.73225018252177
自己効力感,43206,熊本県,玉名市,農山村の小都市,2026,42.00079444187088,38.807497698284685
自己効力感,43208,熊本県,山鹿市,農山村の小都市,2024,38.839426085204714,39.15371533843057
自己効力感,43208,熊本県,山鹿市,農山村の小都市,2026,39.26119838208281,38.539517359115564
自己効力感,43210,熊本県,菊池市,農山村の小都市,2026,60.223217216523324,39.608580926664885
自己効力感,43213,熊本県,宇城市,農山村の小都市,2023,49.94754825925639,39.457761227666246
自己効力感,43213,熊本県,宇城市,農山村の小都市,2024,55.95974560195755,39.7450074731031
自己効力感,43213,熊本県,宇城市,農山村の小都市,2025,41.96736125977968,38.615870708584346
自己効力感,43213,熊本県,宇城市,農山村の小都市,2026,41.71907691162782,38.95262452376659
自己効力感,43215,熊本県,天草市,農山村の小都市,2023,42.02686939640702,39.125858656654785
自己効力感,43215,熊本県,天草市,農山村の小都市,2024,46.310111470034784,39.77692542849536
自己効力感,43215,熊本県,天草市,農山村の小都市,2025,38.97382374850666,38.81709612908042
自己効力感,43215,熊本県,天草市,農山村の小都市,2026,52.944573859758634,38.78450411279302
自己効力感,43216,熊本県,合志市,都市部,2024,52.211135959373145,48.24677226351438
自己効力感,43216,熊本県,合志市,都市部,2025,49.496085525884965,47.568915728942265
自己効力感,43216,熊本県,合志市,都市部,2026,70.34267114713678,47.482503673453955
自己効力感,43404,熊本県,菊陽町,都市部,2024,65.34814372242568,47.036872796265286
自己効力感,44201,大分県,大分市,都市部,2023,51.51578277020953,47.8211328042048
自己効力感,44201,大分県,大分市,都市部,2024,36.892516537462456,48.71200450262127
自己効力感,44201,大分県,大分市,都市部,2025,49.309796706707615,47.79068517546099
自己効力感,44201,大分県,大分市,都市部,2026,45.97682115246067,47.64677603423108
自己効力感,44202,大分県,別府市,地方の中心都市,2023,49.1737351582602,48.203475963950034
自己効力感,44202,大分県,別府市,地方の中心都市,2024,57.66159864438272,49.32991526135206
自己効力感,44202,大分県,別府市,地方の中心都市,2025,33.828138003179276,48.53111316152471
自己効力感,44202,大分県,別府市,地方の中心都市,2026,27.67572279470777,48.38495840054183
自己効力感,44203,大分県,中津市,地方の中心都市,2023,47.606922857461285,45.79951658031812
自己効力感,44203,大分県,中津市,地方の中心都市,2024,42.1380415640716,45.57815468603968
自己効力感,44203,大分県,中津市,地方の中心都市,2025,42.81648302808188,44.73618615015996
自己効力感,44203,大分県,中津市,地方の中心都市,2026,32.024798461657596,45.282387824637055
自己効力感,44204,大分県,日田市,農山村の小都市,2023,43.33005196201631,39.45655124507987
自己効力感,44204,大分県,日田市,農山村の小都市,2024,47.95729838629968,40.20014235533047
自己効力感,44204,大分県,日田市,農山村の小都市,2025,40.07469107257286,39.3509614861695
自己効力感,44204,大分県,日田市,農山村の小都市,2026,44.56495562583238,39.12119016988674
自己効力感,44205,大分県,佐伯市,農山村の小都市,2023,24.378610301201373,37.973358086420944
自己効力感,44205,大分県,佐伯市,農山村の小都市,2024,42.03184449982526,38.44515734753455
自己効力感,44205,大分県,佐伯市,農山村の小都市,2025,60.046528916486444,37.83996960417547
自己効力感,44205,大分県,佐伯市,農山村の小都市,2026,58.11709018649469,37.39008040719971
自己効力感,44211,大分県,宇佐市,農山村の小都市,2024,42.615070754279934,39.49389702512191
自己効力感,44211,大分県,宇佐市,農山村の小都市,2025,43.85560668425343,38.16868097242781
自己効力感,44211,大分県,宇佐市,農山村の小都市,2026,41.203745614443214,37.746058002914154
自己効力感,45201,宮崎県,宮崎市,地方の中心都市,2023,50.65365159968992,47.342441068665366
自己効力感,45201,宮崎県,宮崎市,地方の中心都市,2024,47.346760435069285,48.144297890023566
自己効力感,45201,宮崎県,宮崎市,地方の中心都市,2025,32.99961602608897,46.93367150931866
自己効力感,45201,宮崎県,宮崎市,地方の中心都市,2026,52.2615457347828,46.75944503661119
自己効力感,45202,宮崎県,都城市,地方の中心都市,2023,47.998656612612244,42.98598270117195
自己効力感,45202,宮崎県,都城市,地方の中心都市,2024,53.016560217877824,44.46368152407033
自己効力感,45202,宮崎県,都城市,地方の中心都市,2025,51.86926612939825,44.613400592678694
自己効力感,45202,宮崎県,都城市,地方の中心都市,2026,49.551445438036495,43.310186661156294
自己効力感,45203,宮崎県,延岡市,地方の中心都市,2023,47.96980918589484,42.858256873297556
自己効力感,45203,宮崎県,延岡市,地方の中心都市,2024,49.54286874196902,43.912875455631415
自己効力感,45203,宮崎県,延岡市,地方の中心都市,2025,40.354367127653326,42.628961233202
自己効力感,45203,宮崎県,延岡市,地方の中心都市,2026,44.951481315985355,42.33925802716766
自己効力感,45204,宮崎県,日南市,農山村の小都市,2024,30.580511412056918,38.73246148570913
自己効力感,45204,宮崎県,日南市,農山村の小都市,2025,33.183228182411135,38.11685376505367
自己効力感,45204,宮崎県,日南市,農山村の小都市,2026,35.787261661462566,37.42677371773826
自己効力感,45206,宮崎県,日向市,農山村の小都市,2024,37.57794583236547,43.66315004867318
自己効力感,45206,宮崎県,日向市,農山村の小都市,2025,42.69483732632524,42.12389862682112
自己効力感,45206,宮崎県,日向市,農山村の小都市,2026,57.56441379731589,42.15788035913372
自己効力感,46201,鹿児島県,鹿児島市,都市部,2023,45.29505388513723,49.86556981153132
自己効力感,46201,鹿児島県,鹿児島市,都市部,2024,55.21685790617986,50.86210156349357
自己効力感,46201,鹿児島県,鹿児島市,都市部,2025,52.857432425952695,49.701222828703294
自己効力感,46201,鹿児島県,鹿児島市,都市部,2026,49.38710451854184,49.602059467246995
自己効力感,46203,鹿児島県,鹿屋市,農山村の小都市,2023,31.2644299003335,42.625658060854015
自己効力感,46203,鹿児島県,鹿屋市,農山村の小都市,2024,41.46943890165431,43.05200514776388
自己効力感,46203,鹿児島県,鹿屋市,農山村の小都市,2025,26.35033017082453,42.31983059083054
自己効力感,46203,鹿児島県,鹿屋市,農山村の小都市,2026,46.53568275439843,42.21112301244106
自己効力感,46208,鹿児島県,出水市,農山村の小都市,2024,54.89053565208309,41.1976694318636
自己効力感,46208,鹿児島県,出水市,農山村の小都市,2025,54.259594322364556,40.08692785782489
自己効力感,46208,鹿児島県,出水市,農山村の小都市,2026,42.42046292611299,39.60423898745374
自己効力感,46215,鹿児島県,薩摩川内市,地方の中心都市,2023,40.587985938935255,40.19923486917657
自己効力感,46215,鹿児島県,薩摩川内市,地方の中心都市,2024,50.93322496564772,41.49379056221545
自己効力感,46215,鹿児島県,薩摩川内市,地方の中心都市,2025,33.102977513049034,40.41207975562619
自己効力感,46215,鹿児島県,薩摩川内市,地方の中心都市,2026,28.08559315040194,39.584104219868316
自己効力感,46216,鹿児島県,日置市,農山村の小都市,2024,42.5652513385855,43.406825241933205
自己効力感,46216,鹿児島県,日置市,農山村の小都市,2026,46.719325893954995,41.69303614189457
自己効力感,46218,鹿児島県,霧島市,地方の中心都市,2023,55.987618387817655,45.33214778047656
自己効力感,46218,鹿児島県,霧島市,地方の中心都市,2024,57.69683071826313,45.72233374428323
自己効力感,46218,鹿児島県,霧島市,地方の中心都市,2025,42.05720851012991,44.517182858562414
自己効力感,46218,鹿児島県,霧島市,地方の中心都市,2026,38.21250616351555,44.64395275960311
自己効力感,46222,鹿児島県,奄美市,農山村の小都市,2024,52.02517332387703,41.5510856472805
自己効力感,46225,鹿児島県,姶良市,地方の中心都市,2024,54.37082116614508,47.41137322557056
自己効力感,46225,鹿児島県,姶良市,地方の中心都市,2025,62.56540985394118,46.312953578315486
自己効力感,46225,鹿児島県,姶良市,地方の中心都市,2026,40.469310026559725,46.386640770820705
自己効力感,47201,沖縄県,那覇市,都市部,2023,58.218872024451386,49.524631196249146
自己効力感,47201,沖縄県,那覇市,都市部,2024,65.22434289023077,50.42593476694781
自己効力感,47201,沖縄県,那覇市,都市部,2025,53.51012025751126,49.1399496401332
自己効力感,47201,沖縄県,那覇市,都市部,2026,62.27555074659356,49.500713305829706
自己効力感,47205,沖縄県,宜野湾市,都市部,2024,64.9123834153709,52.71306362852488
自己効力感,47205,沖縄県,宜野湾市,都市部,2025,49.608863458229905,51.81747626258071
自己効力感,47205,沖縄県,宜野湾市,都市部,2026,46.28271748520126,51.42275048916528
自己効力感,47207,沖縄県,石垣市,地方の中心都市,2024,63.83025027981425,46.92282970476158
自己効力感,47207,沖縄県,石垣市,地方の中心都市,2026,40.976712479405755,43.36264439775236
自己効力感,47208,沖縄県,浦添市,都市部,2023,59.93195679418001,51.31018048222246
自己効力感,47208,沖縄県,浦添市,都市部,2024,66.93337537969691,52.20542800205678
自己効力感,47208,沖縄県,浦添市,都市部,2025,57.85830364817454,51.63141752121197
自己効力感,47208,沖縄県,浦添市,都市部,2026,46.613480275643354,51.700876631892996
自己効力感,47209,沖縄県,名護市,地方の中心都市,2026,57.45854305020465,47.65314023271893
自己効力感,47210,沖縄県,糸満市,都市部,2026,72.48748230242688,44.01627300623269
自己効力感,47211,沖縄県,沖縄市,都市部,2023,54.966566790968095,50.71823232080436
自己効力感,47211,沖縄県,沖縄市,都市部,2024,61.22106449148084,51.71913880606608
自己効力感,47211,沖縄県,沖縄市,都市部,2025,45.287453075709166,50.5711708105662
自己効力感,47211,沖縄県,沖縄市,都市部,2026,58.52883332090986,50.93762022713121
自己効力感,47212,沖縄県,豊見城市,都市部,2026,53.35293874683525,50.132715059435974
自己効力感,47213,沖縄県,うるま市,都市部,2023,58.108219861515636,48.71502491971316
自己効力感,47213,沖縄県,うるま市,都市部,2024,56.70647558703734,50.08019339448595
自己効力感,47213,沖縄県,うるま市,都市部,2025,64.58811819036791,48.81358975647819
自己効力感,47213,沖縄県,うるま市,都市部,2026,63.182859973789405,48.811381125010044
自己効力感,47214,沖縄県,宮古島市,農山村の小都市,2026,49.84296076722766,40.706820269874655
