市区町村コード,都道府県,市区町村,区分,人口,高齢化率,第1次産業就業者割合,高齢単身世帯割合,拡大家族世帯割合,完全失業者数_人口比,完全失業率,既婚者割合,医療施設徒歩圏人口カバー率,福祉施設徒歩圏人口カバー率,商業施設徒歩圏人口カバー率,駅バス停徒歩圏人口カバー率,人口あたり小型車走行キロ,保育所徒歩圏0_4歳人口カバー率,歩道設置率,公園緑地徒歩圏人口カバー率,総面積_km2,可住地面積_km2,人口密度,可住地面積割合,可住地面積あたり飲食店数,可住地面積あたり幼稚園数,可住地面積あたり高等学校数,一戸建の持ち家の割合,住宅当たり延べ面積,財政力指数,実質公債費比率,歳出総額の教育費割合,健康寿命_男性_近似,健康寿命_女性_近似,人口あたり自殺者数,転入超過割合,人口あたり宗教の事業所数,人口あたりNPOの数,ウォーカブル推進都市,人口あたり公園面積
01100,北海道,札幌市,政令市,1973395.0,28.5013,0.4708,12.5897,3.4018,2.0913,4.6515,71.2801,97.6161,96.9671,98.8406,92.9127,3.6917,95.1101,92.8222,99.8245,1121.26,438.79,1759.9798,39.1337,16.9512,0.196,0.1162,31.0833,79.47,0.71,2.7,11.4794,79.9976,84.4995,18.7494,0.5488,29.5937,45.0493,1,18.0426
01202,北海道,函館市,市,251084.0,36.9481,2.9327,18.3912,5.2044,2.2271,4.8721,74.1582,90.8925,88.8879,94.3075,90.8181,6.3998,84.4137,61.0291,93.7163,677.87,122.81,370.4014,18.117,10.276,0.0896,0.114,53.0186,92.23,0.48,5.1,8.1575,77.9963,83.1235,18.7188,-0.2111,84.8322,37.4377,1,24.3178
01203,北海道,小樽市,市,111299.0,41.6226,1.3822,21.0871,5.0271,2.5607,5.983,73.827,87.5754,0.7941,91.1857,83.899,8.674,0.5467,77.1924,97.4873,243.87,85.32,456.3866,34.9859,7.2433,0.1289,0.082,57.0348,95.71,0.47,5.7,5.5375,78.5471,82.4883,20.6651,-0.4196,124.8888,32.3453,0,13.3373
01204,北海道,旭川市,市,329306.0,35.0844,2.5704,15.9492,4.0553,2.1017,4.5164,75.7747,95.3737,88.6155,96.1817,87.3854,6.5074,89.4351,83.7613,97.8991,747.66,350.18,440.4489,46.8368,4.3092,0.0742,0.0371,53.1776,99.04,0.53,8.3,6.7301,79.653,84.3196,20.0421,-0.2044,60.4301,32.7962,1,22.009
01205,北海道,室蘭市,市,82383.0,38.2402,0.9328,17.7868,3.9966,2.0162,4.5639,73.4895,84.0672,,88.4202,84.0178,8.9003,,65.1439,98.525,81.01,43.31,1016.9485,53.4625,10.3671,0.1847,0.1385,51.8241,85.61,0.62,9.6,13.6631,78.8545,83.877,14.5661,-0.7975,94.6797,38.843,1,47.7566
01206,北海道,釧路市,市,165077.0,35.5144,2.1836,16.5928,4.7706,1.7434,3.993,75.0281,84.981,,94.5025,89.268,7.9725,,39.3254,95.8249,1363.26,311.65,121.0899,22.8606,3.3435,0.077,0.0257,51.3457,88.02,0.45,10.7,8.4543,78.4114,82.6803,19.3849,-0.8705,57.5489,29.0773,1,31.6749
01207,北海道,帯広市,市,166536.0,30.5534,4.8502,13.8428,4.0134,1.6021,3.455,74.087,94.2611,,95.7864,92.0194,6.1472,,75.425,95.5336,619.34,381.3,268.8927,61.5655,2.9635,0.0288,0.021,50.8978,93.21,0.6,8.4,10.7033,79.8334,84.1201,18.6146,-0.3279,57.0447,37.8297,0,45.7519
01208,北海道,北見市,市,115480.0,34.4988,6.4668,14.2592,5.1378,1.5864,3.5498,76.6796,80.982,,92.8248,87.7331,11.6041,,53.597,87.8328,1427.41,427.94,80.9018,29.9802,1.2525,0.0164,0.0187,57.6067,94.83,0.43,10.3,7.9352,79.623,83.9862,19.9169,-0.355,76.2037,25.9785,0,35.5562
01209,北海道,夕張市,市,7334.0,54.2193,16.7909,28.8918,4.934,3.2997,7.2738,77.5174,49.3006,,76.7813,68.2465,29.3176,,39.9809,51.6635,763.07,114.66,9.6112,15.0261,0.2529,0.0,0.0087,47.0948,92.69,0.19,68.3,3.8196,78.7348,83.3651,0.0,-1.6089,449.9591,68.1756,0,156.8098
01210,北海道,岩見沢市,市,79306.0,37.6778,7.916,17.0707,6.5086,2.0629,4.5851,75.6514,70.3165,,86.2591,80.0529,10.7208,,80.6364,92.4012,481.02,320.71,164.8705,66.6729,0.898,0.0156,0.0125,65.4394,103.66,0.38,9.4,8.2418,79.1348,84.4372,20.175,-0.3821,90.7876,34.0453,0,48.8041
01211,北海道,網走市,市,35759.0,33.7454,13.1256,13.8603,5.5255,1.6164,3.3408,73.3493,72.2815,,83.1841,84.1537,16.2965,,54.8011,87.4897,470.84,229.83,75.9472,48.8128,0.6744,0.0087,0.0087,48.4217,92.83,0.44,16.9,7.921,79.3806,83.9605,27.965,-0.99,100.674,58.7265,0,60.4263
01212,北海道,留萌市,市,20114.0,39.0104,3.2809,17.4571,5.0593,2.2522,4.5057,78.2707,83.6866,,83.0539,81.2265,9.1311,,48.702,95.4576,297.81,32.91,67.5397,11.0507,3.4032,0.0608,0.0304,52.3605,104.33,0.31,10.9,6.0376,79.5342,83.427,29.83,-1.4418,124.2915,79.5466,0,42.7733
01213,北海道,苫小牧市,市,170113.0,30.4466,1.9159,13.8503,3.728,1.7189,3.7027,75.3882,87.1401,,97.1292,88.1802,9.9804,,65.5716,98.8525,561.66,231.37,302.8754,41.194,2.9433,0.0303,0.0303,51.3506,91.79,0.75,6.6,10.613,79.3078,83.7498,25.8652,0.0035,35.8585,21.1624,0,62.9487
01214,北海道,稚内市,市,33563.0,34.6992,8.5485,15.3914,5.7326,2.4759,4.8062,74.3736,70.6495,,86.1298,88.3236,10.0656,,38.8624,82.5479,761.42,320.75,44.0795,42.1252,0.6329,0.0125,0.0062,56.3455,100.86,0.39,10.6,9.1573,78.9068,83.3573,11.9179,-1.3288,125.1378,32.7742,0,52.4089
01215,北海道,美唄市,市,20413.0,44.0398,13.0064,22.6734,7.2657,1.7538,3.7233,74.7613,60.4644,,67.184,85.9882,11.9357,,73.8624,75.3964,277.69,157.55,73.51,56.7359,0.4951,0.0127,0.0127,67.5581,105.94,0.26,12.4,5.8843,79.0568,83.8899,19.5954,-0.921,215.5489,34.2919,0,33.5521
01216,北海道,芦別市,市,12555.0,47.7055,10.3052,23.8997,6.1452,2.493,5.5684,79.572,46.1474,,76.6469,85.2376,18.4551,,48.0993,93.065,865.04,141.22,14.5138,16.3253,0.432,0.0071,0.0071,67.6573,98.66,0.25,5.3,7.5834,79.6438,84.393,0.0,-0.693,207.0888,23.8949,0,79.2135
01217,北海道,江別市,市,121056.0,32.2692,2.7715,12.4116,4.4794,2.0701,4.4825,73.7942,89.2304,0.0779,95.058,87.0234,7.923,5.0894,74.178,98.5407,187.38,168.19,646.0455,89.7588,1.5994,0.0297,0.0297,61.11,102.79,0.52,5.6,8.1744,80.6172,84.9568,23.1298,0.2693,37.1729,25.608,0,16.6029
01218,北海道,赤平市,市,9698.0,46.8482,4.4994,25.3417,5.7136,2.217,5.0469,75.8849,60.7363,,69.7116,78.7277,14.7278,,87.1228,85.3452,129.88,37.27,74.6689,28.6957,0.9659,0.0268,0.0,55.0691,94.92,0.18,11.4,24.1241,77.9429,83.8873,20.6228,-0.6084,216.5395,41.2456,0,87.2355
01219,北海道,紋別市,市,21215.0,37.0928,9.7956,19.7373,2.8413,1.7959,3.7839,76.613,76.8857,,90.069,85.8181,14.498,,32.25,83.2716,830.67,177.77,25.5396,21.4008,0.9282,0.0056,0.0056,59.6685,104.9,0.33,9.7,5.83,79.2352,83.9402,32.9955,-1.8148,127.2684,51.8501,0,72.0996
01220,北海道,士別市,市,17858.0,42.2491,16.8104,17.9846,7.2821,1.2599,2.4903,80.5422,75.7834,,71.7999,79.8874,14.7469,,44.8122,77.1779,1119.22,284.28,15.9558,25.3998,0.3869,0.0106,0.007,70.3466,112.17,0.25,14.2,7.9608,80.7135,84.6269,27.9987,-1.8703,201.5903,27.9987,0,78.681
01221,北海道,名寄市,市,27282.0,33.7405,9.9861,14.3183,5.3517,1.063,2.0745,74.4474,74.7947,,84.3536,80.5149,10.8606,,52.6636,86.9067,534.86,200.22,51.0077,37.4341,0.8141,0.015,0.01,58.0402,97.34,0.27,10.2,13.5903,80.576,85.0179,21.9925,-1.4918,109.9626,21.9925,0,54.7435
01222,北海道,三笠市,市,8040.0,46.6711,7.4039,27.2967,5.4225,3.209,7.5771,76.8854,59.6389,,71.8056,52.3837,14.6151,,62.5817,96.8884,302.52,58.49,26.5768,19.3343,0.4787,0.0,0.0171,60.4457,98.33,0.19,9.2,7.4907,78.8403,83.6738,12.4378,-0.1741,261.194,24.8756,0,78.2909
01223,北海道,根室市,市,24636.0,35.7211,19.1637,15.7819,9.126,1.4247,2.6849,76.0327,50.8467,,81.9493,84.2304,13.2801,,59.9902,79.4309,407.81,205.71,60.4105,50.4426,0.7535,0.0097,0.0049,65.2087,107.48,0.34,8.5,5.3441,78.7899,83.6552,24.3546,-1.4044,101.4775,8.1182,0,14.6175
01224,北海道,千歳市,市,97950.0,23.8962,3.3519,10.503,3.6714,1.8571,3.6576,70.5694,82.4301,,92.6024,87.1585,8.8419,,57.6774,95.2698,594.5,197.54,164.7603,33.2279,2.273,0.0405,0.0152,48.279,87.62,0.72,7.7,18.3444,81.0143,84.5236,12.2511,-0.5054,32.6697,18.3767,1,43.9875
01225,北海道,滝川市,市,39490.0,36.1575,4.526,16.7096,4.1103,1.565,3.2869,76.8722,79.4309,,85.6758,76.9782,5.9825,,93.8505,96.6829,115.9,102.82,340.7248,88.7144,2.091,0.0195,0.0292,53.359,95.15,0.39,8.5,8.4516,79.2607,84.558,15.1937,-0.8812,81.0332,27.8552,0,72.2487
01226,北海道,砂川市,市,16486.0,40.0709,5.0645,17.3138,5.3619,2.3717,4.9904,76.2281,59.2018,,81.6552,61.8876,12.8873,,92.5275,94.1562,78.68,49.97,209.5323,63.5104,1.8411,0.02,0.02,60.9499,102.69,0.29,5.1,6.452,79.85,84.3723,36.3945,-0.5156,115.2493,54.5918,0,220.717
01227,北海道,歌志内市,市,2989.0,54.0105,1.8261,26.5349,5.3634,2.3419,5.7377,76.475,50.7124,,47.0223,84.7562,10.0639,,48.4573,93.1434,55.95,14.02,53.4227,25.0581,0.214,0.0,0.0,46.0317,87.35,0.1,9.5,6.8244,,,0.0,-1.104,334.5601,0.0,0,118.3245
01228,北海道,深川市,市,20039.0,43.3756,16.5058,17.1815,6.9316,1.3274,2.7737,77.5212,71.7077,,75.3884,78.8134,19.5728,,54.542,72.4151,529.42,214.92,37.8509,40.5954,0.5025,0.0093,0.0093,68.672,111.45,0.26,14.3,6.2656,79.5558,84.2247,9.9805,-0.9182,194.6205,54.893,0,51.4778
01229,北海道,富良野市,市,21131.0,34.9541,20.2987,13.7445,7.3458,1.4718,2.8043,77.5548,65.2452,,79.6674,75.4526,15.8546,,56.3046,78.3,600.71,197.51,35.1767,32.8794,0.7341,0.0203,0.0101,59.0164,102.17,0.35,7.2,8.3252,80.3628,84.5189,18.9295,-1.2068,146.7039,52.0562,0,35.8583
01230,北海道,登別市,市,46391.0,37.8754,1.2735,16.4376,5.2909,1.9228,4.2488,76.7293,89.7582,,89.6458,74.3388,11.4239,,61.8511,90.9524,212.21,38.53,218.6089,18.1565,3.8671,0.1038,0.026,65.336,98.63,0.46,11.4,7.575,80.0826,85.0183,15.0891,-0.6963,64.6677,32.3339,0,16.5945
01231,北海道,恵庭市,市,70331.0,28.54,3.9569,11.1328,5.0908,2.2209,4.6165,73.4961,91.2191,,93.6587,80.7899,6.86,,81.7259,98.0286,294.65,97.93,238.6934,33.236,1.6747,0.0511,0.0306,60.1846,100.26,0.59,5.2,11.0774,80.5828,85.3008,24.1714,0.3256,29.8588,27.0151,1,30.6163
01233,北海道,伊達市,市,32826.0,38.5677,9.4458,17.4217,5.0115,1.6603,3.5443,75.9139,73.1789,,79.1771,78.1669,13.8886,,58.9184,86.1135,444.21,130.75,73.8975,29.4343,1.0096,0.0153,0.0076,64.9477,102.91,0.38,4.6,9.7897,79.7376,83.4394,30.4637,-0.5209,88.3446,63.9737,0,22.8427
01234,北海道,北広島市,市,58171.0,34.1019,2.1248,13.0275,4.3221,1.9735,4.3528,76.1831,91.1855,9.9292,91.9031,82.3755,13.0235,7.0917,85.5333,97.746,119.05,74.76,488.6266,62.7971,1.1102,0.0535,0.0401,68.6186,107.12,0.62,7.4,10.0271,80.3733,85.0589,15.4716,0.0688,48.1339,55.0102,1,51.3844
01235,北海道,石狩市,市,56869.0,33.9492,4.1497,13.0654,7.0753,1.7514,4.0547,76.3557,88.926,2.7112,92.1442,83.6805,12.2757,4.0654,59.7732,92.9949,722.33,198.4,78.7299,27.4667,0.6351,0.0,0.0101,78.5268,109.19,0.54,6.8,9.1077,79.8464,84.82,19.3427,0.0369,75.6124,49.236,0,22.8354
01236,北海道,北斗市,市,44302.0,31.5644,7.8937,13.6849,8.028,2.6703,5.3967,74.5346,77.8413,2.4488,87.3485,79.0215,17.4273,10.9152,51.1117,88.1885,397.44,95.8,111.4684,24.1043,0.9186,0.0418,0.0313,66.9202,103.26,0.48,4.3,7.5779,78.9312,83.3917,4.5145,-0.93,83.5177,15.8006,0,63.0533
01303,北海道,当別町,町村,15916.0,36.7133,14.2013,12.3555,6.5217,1.9163,3.8491,73.1537,74.1985,,76.1892,72.7154,22.1861,,48.8319,75.722,422.86,158.08,37.6389,37.3835,0.1645,0.0,0.0063,69.9583,112.01,0.36,9.7,24.6243,80.4661,84.6297,12.566,-0.2262,144.5087,69.1128,0,25.8903
01304,北海道,新篠津村,町村,3044.0,40.7051,41.2677,13.3911,17.4374,1.0512,2.1122,73.405,55.7365,,55.8718,33.3109,13.471,,61.8932,,78.04,75.96,39.0056,97.3347,0.0527,0.0,0.0,,,0.18,1.7,8.8156,79.3472,84.1191,0.0,-0.887,164.2576,32.8515,0,43.7392
01331,北海道,松前町,町村,6260.0,52.8027,10.1018,26.6164,7.376,2.0927,4.7055,81.5169,38.0927,,48.5505,80.0102,16.6441,,46.651,21.2893,293.25,23.65,21.347,8.0648,0.3805,0.0,0.0423,,,0.18,7.9,7.1535,78.5547,83.4164,15.9744,-0.9744,255.5911,15.9744,0,8.147
01332,北海道,福島町,町村,3794.0,51.6585,14.7041,22.9817,8.6652,2.9257,6.3429,79.4501,64.5629,,53.4339,48.9417,17.0447,,60.3385,50.6865,187.25,16.55,20.2617,8.8385,0.7251,0.0604,0.0604,,,0.22,10.4,6.5385,79.1313,84.2643,0.0,-0.1845,342.6463,0.0,0,45.884
01333,北海道,知内町,町村,4167.0,42.3037,26.5403,16.9984,9.7902,1.7999,3.4325,75.3399,34.2791,,41.3932,63.7927,28.042,,82.3148,,196.76,31.88,21.1781,16.2025,0.4078,0.0,0.0314,,,0.27,10.6,13.9028,79.474,83.9978,23.9981,-1.1519,191.9846,0.0,0,0.0
01334,北海道,木古内町,町村,3832.0,50.6586,10.3214,24.933,8.4182,1.9572,4.43,79.661,51.3234,,75.5213,78.8734,33.1382,,68.4927,,221.86,23.9,17.2722,10.7726,0.9623,0.0,0.0,,,0.2,12.7,8.2434,79.2768,83.0571,0.0,-0.8612,313.1524,0.0,0,31.4909
01337,北海道,七飯町,町村,27686.0,35.1111,9.4744,15.0287,7.4232,4.3415,9.2072,77.4742,85.6749,9.5069,83.4216,76.499,15.6064,0.4538,75.9347,67.6645,216.75,80.22,127.7324,37.0104,0.5984,0.0125,0.0125,78.3103,112.15,0.45,9.8,8.5602,79.0272,83.696,25.2835,-0.2312,79.4625,28.8955,0,3.494
01343,北海道,鹿部町,町村,3760.0,41.5686,33.1689,15.3751,11.2213,1.8085,3.5941,77.7615,33.4637,,53.6891,74.3764,16.6277,,47.5003,3.0522,110.63,21.34,33.9872,19.2895,0.5155,0.0469,0.0,,,0.23,3.0,7.9698,77.9764,83.1978,0.0,-0.3457,106.383,0.0,0,0.0
01345,北海道,森町,町村,14338.0,39.8053,22.0353,17.6704,11.1252,2.8665,5.4473,75.8559,60.7037,,74.975,75.2907,24.8546,,64.7838,39.3109,368.79,92.98,38.8785,25.2122,0.6453,0.0215,0.0108,,,0.3,12.2,7.0358,78.8855,82.635,13.9489,-1.2345,118.566,20.9234,0,51.9116
01346,北海道,八雲町,町村,15826.0,36.5113,19.0036,16.4634,7.4255,1.883,3.4944,77.2192,61.3359,,70.7681,62.7934,19.0954,,37.8267,60.1587,956.08,172.53,16.553,18.0456,0.4695,0.0058,0.0058,63.3383,117.08,0.3,12.2,4.6873,79.5233,84.2047,25.2749,-0.594,233.7925,18.9561,0,80.1515
01347,北海道,長万部町,町村,5109.0,43.3465,19.2337,21.0381,4.011,1.3897,2.5979,77.0188,46.4943,,69.6687,66.0522,26.9639,,23.2648,51.1608,310.76,61.13,16.4403,19.6711,0.5235,0.0,0.0164,,,0.22,11.0,8.1569,79.5585,84.2455,0.0,-0.8808,293.5995,19.5733,0,57.5165
01361,北海道,江差町,町村,7428.0,40.176,8.317,18.6465,5.1399,1.9925,3.9796,73.1894,50.4697,,73.2636,73.3633,14.6877,,86.9863,60.7426,109.48,27.14,67.848,24.7899,1.8423,0.0,0.0368,,,0.25,14.2,11.3723,79.0218,83.3915,0.0,-1.2116,242.3263,53.8503,0,28.6423
01362,北海道,上ノ国町,町村,4306.0,44.7109,16.9021,23.3659,8.4878,2.3223,4.8031,80.5248,28.2359,,41.6211,70.8175,21.9142,,30.863,,547.72,43.85,7.8617,8.0059,0.2737,0.0,0.0228,,,0.16,7.1,11.7827,79.1168,82.9772,0.0,-1.0218,209.0107,23.2234,0,1934.7815
01363,北海道,厚沢部町,町村,3592.0,44.4347,32.3452,16.8287,8.0194,2.0323,3.7207,81.8769,38.7651,,42.0989,57.323,42.3974,,43.7346,,460.58,91.82,7.7989,19.9357,0.1416,0.0,0.0,,,0.16,6.1,7.711,79.6051,83.3124,27.8396,-1.6982,167.0379,27.8396,0,0.0
01364,北海道,乙部町,町村,3403.0,47.0914,10.3271,23.9171,7.6585,1.4105,2.9869,80.3342,47.137,,65.1866,67.5726,10.0035,,62.5657,,162.59,25.58,20.9299,15.7328,0.4691,0.0,0.0,,,0.13,5.0,5.6798,78.9725,83.4661,0.0,-1.3517,382.0159,58.7717,0,2.2695
01367,北海道,奥尻町,町村,2410.0,42.2653,10.6467,21.862,6.2344,1.4108,2.6114,75.8682,56.6771,,53.4204,,3.2519,,33.8791,,142.99,20.75,16.8543,14.5115,1.1084,0.0964,0.0482,,,0.13,9.8,10.3819,79.7497,83.5256,0.0,-3.7344,456.4315,0.0,0,122.7859
01370,北海道,今金町,町村,5072.0,42.1804,28.0493,18.357,9.408,1.2618,2.4797,78.7505,71.3774,,70.2947,49.0341,21.2377,,43.6423,68.1861,568.25,122.21,8.9256,21.5064,0.2209,0.0,0.0,,,0.19,6.6,16.2015,80.0515,84.7594,19.7161,-1.6562,256.3091,59.1483,0,96.0174
01371,北海道,せたな町,町村,7398.0,47.985,25.2176,21.9505,7.023,1.7167,3.3395,81.5995,65.5949,,57.1157,51.7461,19.5638,,53.4955,,638.68,139.8,11.5833,21.8889,0.2575,0.0,0.0072,,,0.17,8.7,5.295,79.9345,85.1116,27.0343,-0.8786,324.412,27.0343,0,32.331
01391,北海道,島牧村,町村,1356.0,44.4012,21.3961,23.8562,7.5163,1.1799,2.3704,71.567,21.6567,,18.7897,60.4259,23.4045,,45.3234,,437.18,69.51,3.1017,15.8996,0.0288,0.0,0.0,,,0.08,6.5,5.5938,,,73.7463,-1.4749,442.4779,0.0,0,27.4676
01392,北海道,寿都町,町村,2838.0,40.5345,10.3924,22.2806,5.1763,1.339,2.6874,71.0196,72.7941,,79.6033,67.4167,18.5512,,57.3427,,95.25,19.71,29.7953,20.6929,0.964,0.0,0.0507,,,0.14,12.1,6.9789,79.78,83.7187,70.4722,-1.339,634.2495,70.4722,0,36.1346
01393,北海道,黒松内町,町村,2791.0,37.9324,12.5475,20.8236,3.8073,1.5048,3.0951,72.7971,75.8462,,48.6731,78.3778,27.5322,,45.3203,,345.65,65.75,8.0746,19.0221,0.0913,0.0,0.0,,,0.14,11.9,10.5908,,,0.0,-2.9022,250.8062,71.6589,1,0.0
01394,北海道,蘭越町,町村,4568.0,39.0125,23.7636,16.1041,6.1234,1.2478,2.3332,80.3083,43.6899,,40.0186,50.7422,23.3133,,36.9113,0.9423,449.78,94.78,10.1561,21.0725,0.1899,0.0106,0.0106,,,0.18,11.4,6.242,,,43.7828,0.5911,372.1541,43.7828,0,65.2634
01395,北海道,ニセコ町,町村,5074.0,23.6088,16.5078,11.1908,4.3807,2.6015,4.7913,77.0387,53.1076,,41.6961,60.535,29.1964,,44.2908,21.6623,197.13,52.8,25.7394,26.7844,0.7955,0.0189,0.0189,,,0.29,8.0,12.0132,,,0.0,-1.7146,216.7915,98.5416,0,31.0952
01396,北海道,真狩村,町村,2045.0,36.168,38.918,14.4444,9.5556,1.6626,2.8814,77.194,64.3937,,64.7212,46.1381,28.3003,,47.0258,52.348,114.25,36.96,17.8993,32.3501,0.5141,0.0,0.0271,,,0.15,10.7,11.0763,,,0.0,-1.4181,244.4988,48.8998,0,205.379
01397,北海道,留寿都村,町村,1911.0,24.1159,28.5254,9.1004,6.0669,0.8373,1.2729,68.8583,52.7638,,58.3966,51.2694,29.8959,,47.1941,16.4201,119.84,47.31,15.9463,39.4776,0.2536,0.0,0.0211,,,0.23,12.0,12.3454,,,0.0,-3.0874,313.9717,104.6572,0,52.3286
01398,北海道,喜茂別町,町村,2156.0,38.4773,22.6642,14.3113,4.4723,0.8813,1.7273,73.3985,79.546,,72.1416,50.4067,77.0301,,37.1072,,189.41,35.38,11.3827,18.6791,0.3674,0.0,0.0,,,0.18,9.6,7.2656,,,0.0,-0.8813,231.9109,46.3822,0,31.3224
01399,北海道,京極町,町村,2941.0,35.1071,18.2176,13.3597,6.8775,1.3261,2.492,78.8077,74.8162,,75.1865,48.9183,19.7592,,46.305,,231.49,37.61,12.7047,16.2469,0.4254,0.0,0.0,,,0.63,7.6,9.9726,,,34.002,-0.612,204.0122,68.0041,0,41.628
01400,北海道,倶知安町,町村,15129.0,21.9812,8.403,10.6946,3.6043,1.7979,3.2846,73.9095,78.675,,86.0045,69.5946,14.8642,,53.4456,79.6749,261.34,71.05,57.8901,27.1868,1.8578,0.0281,0.0281,36.7403,86.35,0.65,7.3,10.4606,,,6.6098,-1.2426,138.8063,79.3179,0,49.9889
01401,北海道,共和町,町村,5772.0,34.1068,24.5025,13.1105,7.5285,1.2821,2.2492,77.4334,46.5183,,64.0394,60.7186,43.066,,40.6763,33.2835,304.92,101.86,18.9296,33.4055,0.0687,0.0196,0.0,,,0.23,8.9,8.0177,,,17.325,-0.9529,190.5752,17.325,0,0.4175
01402,北海道,岩内町,町村,11648.0,38.6786,3.1955,21.6004,5.2301,2.0862,4.1355,76.7068,91.6086,,83.1194,87.9385,7.3744,,66.1559,91.6434,70.6,13.84,164.9858,19.6034,6.6474,0.1445,0.0723,,,0.29,14.3,6.0633,78.5902,83.2446,51.511,-0.0258,154.533,34.3407,0,45.7062
01403,北海道,泊村,町村,1569.0,40.7104,8.6076,22.7723,4.2079,1.211,2.3486,78.1471,17.9506,,10.7567,84.8186,35.025,,63.1273,,82.27,5.44,19.0714,6.6124,0.1838,0.0,0.0,,,1.44,1.3,5.9609,,,0.0,-0.6373,573.6138,0.0,0,0.0
01404,北海道,神恵内村,町村,870.0,45.1783,13.8107,27.2727,8.3333,1.7241,3.6946,79.4743,63.0095,,,66.739,23.1553,,55.2496,,147.79,9.72,5.8867,6.5769,0.7202,0.0,0.0,,,0.1,6.6,4.0248,,,0.0,-0.2299,574.7126,114.9425,0,0.0
01405,北海道,積丹町,町村,1831.0,46.9492,28.0553,25.0851,7.7185,1.6384,3.0896,78.3234,59.7556,,57.5909,58.933,30.7252,,43.6156,,238.13,51.14,7.6891,21.4757,0.4693,0.0,0.0,,,0.11,9.8,8.3626,,,0.0,-1.4746,491.5347,0.0,0,0.0
01406,北海道,古平町,町村,2745.0,44.8419,14.5455,23.9968,6.8218,1.1293,2.2946,72.7198,32.7331,,46.9231,41.718,12.9469,,44.3085,84.6346,188.36,26.74,14.5732,14.1962,0.4114,0.0,0.0,,,0.12,8.6,2.6141,,,0.0,-0.4372,255.0091,72.8597,0,18.1931
01407,北海道,仁木町,町村,3180.0,40.8553,47.8209,18.0916,8.3206,1.2579,2.3324,72.0357,52.9185,,48.0607,54.7123,42.3438,,69.3404,1.2792,167.96,40.69,18.9331,24.226,0.2949,0.0,0.0,,,0.17,9.2,5.3275,,,62.8931,1.3522,220.1258,31.4465,0,27.4107
01408,北海道,余市町,町村,18000.0,40.8489,17.2198,20.0,6.1688,2.4111,5.0642,75.5133,79.3923,,82.1578,67.0455,11.9833,,84.8328,91.8094,140.62,47.52,128.0046,33.7932,1.431,0.0631,0.0421,65.8762,113.89,0.33,5.9,8.1259,79.7711,83.8566,27.7778,-0.1278,144.4444,61.1111,0,15.6391
01409,北海道,赤井川村,町村,1165.0,24.3902,29.078,12.8664,2.9316,2.2318,3.5568,75.4352,41.6881,,45.0137,,60.7397,,28.687,,280.09,17.15,4.1594,6.123,0.2915,0.0,0.0,,,0.23,6.3,6.3092,,,0.0,-0.2575,429.1845,0.0,0,0.0
01423,北海道,南幌町,町村,7319.0,34.5536,17.1032,12.4073,10.0135,1.9128,3.6064,79.7117,56.2235,,75.3791,64.6113,9.4306,,69.9951,83.9632,81.36,79.95,89.9582,98.267,0.3127,0.0125,0.0,,,0.28,10.2,6.2109,79.9569,84.2956,13.6631,2.5003,109.3045,27.3261,0,115.1712
01424,北海道,奈井江町,町村,5120.0,41.8759,16.0246,20.6791,7.401,1.4844,3.0207,77.3394,71.4472,,68.1781,62.7125,13.8352,,47.4912,86.7269,88.19,39.79,58.0565,45.1185,0.4021,0.0,0.0251,,,0.23,10.1,9.0844,,,19.5312,-0.5664,214.8438,39.0625,0,43.9658
01425,北海道,上砂川町,町村,2841.0,50.5083,1.9194,32.339,5.8305,4.3647,10.6346,75.6492,49.6454,,23.1174,65.4972,7.0073,,67.1906,10.3525,39.98,5.47,71.0605,13.6818,0.1828,0.0,0.0,,,0.11,5.3,5.7104,,,0.0,-1.056,246.3921,0.0,0,18.2056
01427,北海道,由仁町,町村,4822.0,43.0502,35.618,19.2121,10.8949,1.3273,2.4051,78.8422,45.4308,,54.1302,63.7982,21.7761,,68.6012,1.1894,133.74,85.59,36.055,63.9973,0.1986,0.0,0.0,,,0.22,14.5,8.001,79.8924,84.5207,0.0,-1.3273,311.0742,41.4766,0,51.2271
01428,北海道,長沼町,町村,10289.0,38.7094,30.4779,14.8157,10.9337,1.5065,2.7703,79.081,51.2678,,58.8012,41.7957,30.9426,,68.9262,60.2806,168.52,150.23,61.0551,89.1467,0.4127,0.0067,0.0067,,,0.3,10.8,5.8894,79.7317,84.7031,9.7191,0.0875,155.5059,19.4382,0,88.2904
01429,北海道,栗山町,町村,11272.0,41.0179,20.2314,18.6626,7.9838,1.4727,2.9138,79.2157,78.094,,76.567,42.8843,14.5905,,56.6807,76.729,203.93,100.29,55.2739,49.1786,0.4986,0.0,0.01,,,0.29,10.3,8.8621,80.5398,84.5287,8.8715,-0.7807,195.1739,62.1008,1,39.9607
01430,北海道,月形町,町村,3691.0,43.1762,31.0118,18.0201,7.734,1.463,3.4264,70.1923,43.7045,,42.7827,38.905,22.509,,82.8872,,150.4,60.85,24.5412,40.4588,0.1479,0.0,0.0164,,,0.15,3.4,8.2243,79.6385,84.8317,0.0,-0.9483,243.8364,27.0929,0,64.356
01431,北海道,浦臼町,町村,1732.0,45.7321,47.0718,16.3001,8.1501,0.8083,1.5234,78.7918,57.0951,,,60.4326,37.4454,,100.0,,101.83,52.95,17.0087,51.9984,0.1133,0.0,0.0,,,0.14,2.7,4.6662,,,0.0,-0.6928,461.8938,0.0,0,76.6992
01432,北海道,新十津川町,町村,6484.0,38.9892,23.4717,15.5002,10.3203,1.4343,2.9505,81.4756,49.3024,,70.9435,42.2042,18.3149,,69.9967,69.1423,495.47,112.36,13.0866,22.6775,0.0712,0.0089,0.0089,,,0.18,2.4,9.5066,,,0.0,-0.3239,215.9161,46.2677,0,87.014
01433,北海道,妹背牛町,町村,2693.0,49.2979,34.6847,18.6978,11.3523,1.4111,2.7737,81.516,46.9978,,40.2607,68.5494,11.667,,86.2155,42.8785,48.64,48.61,55.366,99.9383,0.2469,0.0,0.0,,,0.16,5.7,4.7974,79.7586,84.486,111.3999,-0.8169,259.9332,37.1333,0,0.0
01434,北海道,秩父別町,町村,2329.0,42.1714,33.6761,17.7073,9.0072,1.4599,2.831,81.6554,78.2951,,79.1582,66.0986,24.6437,,63.0,,47.18,44.28,49.3641,93.8533,0.2484,0.0,0.0,,,0.15,5.9,5.6618,79.7111,84.5809,85.8738,-0.7299,300.5582,85.8738,0,117.7729
01436,北海道,雨竜町,町村,2389.0,43.1484,38.9032,17.1739,9.5652,1.2976,2.5876,76.1276,61.3995,,69.192,45.5453,18.468,,64.2557,,191.15,70.7,12.498,36.9867,0.0707,0.0,0.0,,,0.15,7.2,5.7848,,,41.8585,-1.0883,209.2926,0.0,0,20.8661
01437,北海道,北竜町,町村,1724.0,45.7544,46.257,16.7804,11.7326,0.8701,1.6484,84.7436,36.7724,,9.1754,51.9122,34.4494,,64.5274,,158.7,56.28,10.8633,35.4631,0.1421,0.0,0.0,,,0.12,10.0,5.7814,79.1036,84.5355,0.0,-0.116,348.0278,174.0139,0,9.4182
01438,北海道,沼田町,町村,2909.0,44.4014,29.5238,14.0436,8.5553,1.1,1.9913,79.5153,59.4811,,57.3449,62.8974,13.7961,,56.4513,,283.35,83.65,10.2665,29.5218,0.2152,0.0,0.0,,,0.15,-0.1,9.592,80.138,85.1522,34.3761,0.1375,240.6325,34.3761,1,72.0866
01452,北海道,鷹栖町,町村,6567.0,35.1708,16.8408,14.194,7.0215,1.4009,2.8299,79.0255,39.9278,25.9427,73.9321,70.5372,15.4122,6.535,58.696,82.9541,139.42,76.7,47.1023,55.0136,0.1825,0.0,0.013,,,0.27,4.8,8.6551,79.9558,83.8957,30.4553,-0.5482,121.8212,91.3659,0,122.3341
01453,北海道,東神楽町,町村,10127.0,28.8582,11.7744,11.3316,6.1097,1.5799,3.1994,80.5545,70.9725,3.8863,83.1606,48.604,7.904,7.0083,96.9204,87.4694,68.5,54.16,147.8394,79.0657,0.4616,0.0185,0.0,,,0.36,9.2,9.4438,,,0.0,0.079,98.7459,19.7492,1,48.8445
01454,北海道,当麻町,町村,6319.0,41.6558,27.1902,19.6662,5.5152,1.5509,2.9751,80.2657,53.4647,0.0365,58.3601,58.5048,18.7903,,59.202,,204.9,70.91,30.8394,34.6071,0.2115,0.0141,0.0,,,0.2,6.1,8.5313,79.9481,84.3997,0.0,-0.1583,174.0782,31.6506,0,39.9479
01455,北海道,比布町,町村,3520.0,42.5238,26.7033,19.1299,6.6539,1.4773,2.7778,80.5441,70.3362,,69.7832,76.0854,38.6902,,79.0407,60.5963,86.9,42.69,40.5063,49.1254,0.2108,0.0,0.0,,,0.17,6.8,4.5487,78.8816,83.5094,0.0,0.1705,198.8636,85.2273,0,17.1474
01456,北海道,愛別町,町村,2605.0,46.5726,29.6936,22.1097,8.27,1.19,2.3773,80.0763,54.2412,,54.4137,65.0131,72.3764,,55.1767,1.0679,250.13,46.53,10.4146,18.6023,0.1934,0.0,0.0,,,0.15,8.6,8.9484,79.3881,84.6012,0.0,-2.8791,422.2649,38.3877,0,26.501
01457,北海道,上川町,町村,3500.0,45.4286,11.7117,24.303,4.1557,1.9714,3.7398,76.1286,79.9914,,73.1722,76.0898,58.7716,,22.1077,84.617,1049.47,160.23,3.335,15.2677,0.1373,0.0125,0.0062,,,0.15,11.2,5.7683,80.721,84.874,0.0,-0.9143,228.5714,114.2857,0,88.9129
01458,北海道,東川町,町村,8314.0,31.3899,16.8393,14.45,6.2224,1.5636,3.0367,76.5887,37.3684,,60.5579,50.7624,11.5137,,39.6381,,247.3,74.51,33.6191,30.1294,0.255,0.0,0.0134,,,0.23,7.8,6.7491,,,60.1395,0.1924,120.279,84.1953,0,18.3661
01459,北海道,美瑛町,町村,9668.0,38.7299,30.0143,16.9798,9.4174,1.8618,3.5496,78.1372,59.558,1.2222,64.0669,56.035,21.277,0.3155,29.1304,72.5947,676.78,318.57,14.2853,47.0714,0.1444,0.0,0.0031,,,0.21,11.6,7.6412,,,31.0302,-0.0207,103.434,62.0604,0,60.3965
01460,北海道,上富良野町,町村,10348.0,33.7965,17.1978,13.3318,6.89,1.4302,2.5672,75.4009,67.5518,,79.9734,35.582,14.9223,,40.3682,83.4575,237.1,120.04,43.644,50.6284,0.5748,0.0,0.0083,,,0.29,7.2,6.3741,80.2637,85.3448,9.6637,-2.1453,144.9555,28.9911,0,26.092
01461,北海道,中富良野町,町村,4733.0,37.3226,38.9762,15.4665,10.6491,1.2043,2.2459,81.6877,52.5905,,58.0397,52.9684,19.5797,,45.6097,28.9285,108.65,64.56,43.5619,59.4202,0.3563,0.0,0.0,,,0.22,6.3,5.1661,79.6243,83.6586,0.0,-0.9296,190.1542,63.3847,0,6.9723
01462,北海道,南富良野町,町村,2376.0,33.0857,20.6735,14.6089,4.6183,0.9259,1.6936,71.3808,70.5239,,72.8875,71.8175,40.3848,,32.7027,,665.54,99.83,3.57,14.9998,0.1903,0.0,0.01,,,0.13,12.6,8.3156,79.5094,83.7875,42.0875,-1.6835,294.6128,126.2626,0,0.0
01463,北海道,占冠村,町村,1306.0,20.4274,7.8857,8.5984,2.4735,0.3828,0.5682,63.51,57.0555,,41.6812,7.9249,98.6877,,10.5609,,571.41,52.71,2.2856,9.2245,0.3035,0.0,0.0,,,0.23,7.8,6.0509,79.7227,85.4167,76.5697,-10.1838,306.2787,76.5697,0,50.9502
01464,北海道,和寒町,町村,3192.0,46.1247,33.1525,18.75,8.427,1.1591,2.1816,80.9656,73.4578,,71.9539,56.8409,33.7538,,43.5931,,225.11,81.98,14.1797,36.4178,0.1952,0.0,0.0,,,0.16,4.5,8.1096,79.7929,84.3341,0.0,-1.4098,313.2832,31.3283,0,380.6247
01465,北海道,剣淵町,町村,2926.0,42.0847,40.7773,17.037,9.3004,0.7177,1.2789,77.2555,54.4571,,56.0897,51.8331,28.0606,,75.117,,130.99,92.97,22.3376,70.9749,0.1291,0.0,0.0108,,,0.15,5.6,11.7815,79.8294,84.2892,0.0,-1.7088,273.4108,34.1763,0,25.026
01468,北海道,下川町,町村,3126.0,40.3748,25.9211,18.3185,4.9214,1.2476,2.459,78.9742,56.4016,,79.4964,58.8872,16.9637,,30.6028,,644.54,92.87,4.85,14.4087,0.2154,0.0,0.0108,,,0.14,6.2,7.0476,79.9149,83.8209,31.9898,-1.8874,127.9591,191.9386,0,78.2252
01469,北海道,美深町,町村,4145.0,42.1747,23.389,17.672,5.4497,1.0856,2.1028,74.0553,79.0369,,78.5443,67.1487,31.262,,43.5416,72.975,672.09,94.63,6.1673,14.08,0.2113,0.0,0.0106,,,0.15,6.5,13.9429,79.9709,84.3074,0.0,-1.0615,289.5054,48.2509,0,21.8996
01470,北海道,音威子府村,町村,706.0,31.2893,14.3678,12.5,5.5233,0.4249,0.8547,63.6792,84.2454,,87.3938,84.4778,96.2194,,18.4392,,275.63,38.91,2.5614,14.1168,0.1028,0.0257,0.0257,,,0.1,6.6,19.8905,80.6489,82.7263,0.0,-4.8159,566.5722,141.6431,0,0.0
01471,北海道,中川町,町村,1528.0,39.6472,17.096,16.3614,3.7851,0.9817,1.7261,82.4704,57.648,,71.8762,59.8119,39.9535,,14.8251,,594.74,82.36,2.5692,13.8481,0.1093,0.0,0.0,,,0.11,13.7,6.0983,78.9124,82.5545,65.445,-0.8508,392.6702,196.3351,0,0.0
01472,北海道,幌加内町,町村,1370.0,41.3957,31.0534,19.0045,4.3741,0.365,0.6793,76.301,71.96,,63.5564,,42.6185,,36.7442,,767.04,146.45,1.7861,19.0929,0.041,0.0,0.0068,,,0.1,3.3,17.0271,79.9139,85.064,0.0,-1.1679,510.9489,218.9781,0,237.8212
01481,北海道,増毛町,町村,3908.0,45.3691,20.9373,22.0321,7.8075,0.9724,1.8991,78.2037,66.0998,,68.2045,71.032,22.9021,,43.5485,36.769,369.72,47.8,10.5702,12.9287,0.4603,0.0,0.0,,,0.15,9.6,5.8047,79.5532,84.2619,25.5885,-1.0747,281.4739,0.0,0,52.9084
01482,北海道,小平町,町村,2994.0,40.3812,32.9987,18.6115,9.2319,1.2358,2.2685,76.3216,65.861,,77.8576,39.1963,39.7668,,51.3086,,627.22,76.73,4.7734,12.2333,0.1303,0.0261,0.0,,,0.14,9.6,8.5198,79.2026,83.638,0.0,-1.6366,367.4015,0.0,0,0.0
01483,北海道,苫前町,町村,2936.0,40.7718,36.9819,19.3862,9.4311,1.2943,2.402,80.2135,71.5348,,73.4258,51.9635,29.0318,,27.1188,,454.6,91.22,6.4584,20.066,0.1864,0.0,0.011,,,0.14,8.6,8.4024,79.6345,84.4187,34.0599,-0.5109,442.7793,34.0599,0,23.7606
01484,北海道,羽幌町,町村,6548.0,43.9935,20.7196,21.3899,6.758,0.9163,1.7673,81.1983,67.9462,,88.1953,86.0712,9.3578,,38.752,54.114,472.65,90.14,13.8538,19.0712,0.6323,0.0111,0.0222,,,0.2,9.9,9.5229,80.1238,84.1234,15.2718,-1.4356,137.4465,30.5437,0,86.5849
01485,北海道,初山別村,町村,1080.0,38.8145,32.715,16.4969,8.1466,0.1852,0.3361,75.4049,68.2389,,45.516,57.0036,44.1012,,20.3438,9.0637,279.52,51.3,3.8638,18.3529,0.0975,0.0,0.0,,,0.11,6.3,6.4395,79.9901,84.0894,185.1852,-2.7778,370.3704,92.5926,0,265.5241
01486,北海道,遠別町,町村,2520.0,42.1842,31.1416,18.3946,5.9365,0.9127,1.6347,79.7357,73.1308,,84.8323,50.4472,22.9739,,37.0235,,590.8,97.75,4.2654,16.5454,0.133,0.0,0.0102,,,0.13,8.8,7.2099,79.4415,83.5635,39.6825,-1.746,317.4603,39.6825,0,196.821
01487,北海道,天塩町,町村,2950.0,38.3602,23.3173,15.4821,5.9817,1.0169,1.771,78.4329,76.5073,,59.7387,58.3351,32.4689,,58.2831,,353.56,162.45,8.3437,45.9469,0.117,0.0,0.0062,,,0.16,8.2,9.0908,79.5053,83.868,33.8983,-2.3729,372.8814,33.8983,0,136.1942
01511,北海道,猿払村,町村,2611.0,25.0755,32.4444,10.5987,6.5534,0.4979,0.8186,74.5504,34.5273,,55.2606,57.3311,35.0451,,28.619,,589.99,121.3,4.4255,20.5597,0.0412,0.0,0.0,,,0.21,9.8,9.1098,79.8504,84.1844,38.2995,-1.3022,268.0965,0.0,0,57.375
01512,北海道,浜頓別町,町村,3448.0,38.0115,19.1239,15.488,5.6692,0.9861,1.7838,78.9727,65.7179,,72.8847,44.9007,21.1413,,54.2158,53.5767,401.59,83.43,8.5859,20.7749,0.1438,0.0,0.012,,,0.19,7.9,6.1827,79.14,84.0845,0.0,-0.8121,203.0162,29.0023,0,64.4081
01513,北海道,中頓別町,町村,1637.0,40.9574,15.4195,18.3893,4.2953,0.672,1.2318,75.8715,79.7233,,69.4808,71.0976,22.5321,,35.1401,,398.51,65.5,4.1078,16.4362,0.1679,0.0,0.0,,,0.11,-1.2,6.2535,79.9446,83.7897,0.0,-1.0996,366.5241,183.2621,0,11.6005
01514,北海道,枝幸町,町村,7565.0,36.0411,26.5253,16.8376,8.0912,1.1104,1.9626,78.9474,56.4212,,66.7134,38.2921,23.5134,,40.1152,59.2672,1115.62,197.32,6.781,17.687,0.2078,0.0,0.0051,,,0.21,8.3,8.5043,79.2314,82.8698,52.8751,-0.8857,224.7191,26.4375,0,57.692
01516,北海道,豊富町,町村,3974.0,37.4546,22.679,13.4675,6.7595,0.9311,1.6094,77.2203,67.4053,,73.1433,69.0876,33.1592,,20.7227,,520.69,240.78,7.6322,46.2425,0.0706,0.0,0.0042,,,0.19,13.0,6.1008,79.6913,84.1069,0.0,-0.6543,100.6543,100.6543,0,0.0
01517,北海道,礼文町,町村,2509.0,38.704,36.6788,18.629,5.8065,0.4783,0.7246,79.4667,49.4837,,24.5705,55.0925,18.2602,,57.6233,21.3019,81.64,34.43,30.7325,42.173,0.5809,0.0,0.029,,,0.12,13.7,18.4323,79.556,83.5997,0.0,-1.7935,358.7086,0.0,0,26.6883
01518,北海道,利尻町,町村,2004.0,40.7507,30.4276,19.5358,3.4816,1.0978,1.7771,76.4317,61.6733,,47.4205,34.8042,10.1512,,100.0,4.2368,76.5,26.8,26.1961,35.0327,0.7836,0.0,0.0373,,,0.11,12.5,9.3407,79.7578,84.2864,49.9002,-0.8982,349.3014,99.8004,0,45.4711
01519,北海道,利尻富士町,町村,2458.0,39.9271,26.7744,20.9556,4.8617,1.4646,2.4674,79.8358,70.1018,,70.881,49.7559,14.5404,,78.4262,14.9684,105.62,38.51,23.2721,36.4609,0.5972,0.0,0.0,,,0.12,14.3,5.9421,80.2567,85.0581,40.6835,-0.9357,406.8348,0.0,0,54.6635
01520,北海道,幌延町,町村,2371.0,31.5414,19.8468,12.1801,4.7661,0.717,1.17,73.1929,76.5818,,76.6347,71.1123,32.1204,,21.2618,,574.1,127.24,4.1299,22.1634,0.11,0.0,0.0,,,0.22,6.3,9.2631,79.6792,83.9785,0.0,-2.1088,253.0578,42.1763,0,217.5403
01543,北海道,美幌町,町村,18697.0,37.0853,15.7341,16.3748,7.6199,1.5831,2.992,77.6535,81.1445,,83.9526,37.5184,13.6303,,32.965,86.1698,438.41,172.61,42.6473,39.3718,0.5272,0.0058,0.0058,67.4745,106.11,0.35,6.3,11.6202,79.6054,84.3114,26.7423,-1.5243,96.2721,32.0907,0,52.4737
01544,北海道,津別町,町村,4373.0,45.5122,24.3204,19.6955,7.6621,1.3035,2.6925,81.038,69.3577,,68.695,51.3614,35.4458,,12.3559,,716.8,101.75,6.1007,14.195,0.1081,0.0,0.0098,,,0.2,6.7,10.7314,78.9004,84.6686,68.6028,-1.029,251.5436,114.338,0,96.9072
01545,北海道,斜里町,町村,11418.0,34.4305,22.5529,14.6177,7.084,1.7166,3.2618,76.8434,54.9464,,77.5807,81.7501,15.791,,41.1877,71.4547,737.13,309.63,15.4898,42.0048,0.2325,0.0,0.0032,,,0.33,10.9,9.6082,80.0262,84.1634,17.5162,-1.4538,131.3715,52.5486,0,23.4827
01546,北海道,清里町,町村,3883.0,38.9771,38.0095,15.5009,12.1613,1.3134,2.6289,82.3864,53.3312,,63.7856,54.0932,15.7979,,39.9512,,402.76,132.28,9.641,32.8434,0.0605,0.0076,0.0076,,,0.18,8.9,12.6064,79.4583,85.0039,25.7533,-0.5923,154.5197,25.7533,0,24.9799
01547,北海道,小清水町,町村,4623.0,38.5957,41.5699,15.9612,12.5446,1.1897,2.1552,80.937,33.5943,,45.9478,36.968,38.6314,,51.2025,,286.89,145.21,16.1142,50.6152,0.1446,0.0069,0.0,,,0.21,10.4,7.7626,79.2226,83.8935,21.631,-0.5191,173.0478,21.631,0,0.0
01549,北海道,訓子府町,町村,4677.0,39.8191,39.3054,14.0257,14.0257,1.0904,1.9729,80.9271,37.4309,,54.4726,46.9584,21.9575,,66.4199,0.2709,190.95,83.91,24.4933,43.9434,0.143,0.0,0.0119,,,0.22,6.6,11.0962,80.0529,84.2717,21.3812,-0.8125,213.8123,85.5249,0,61.7597
01550,北海道,置戸町,町村,2775.0,44.1334,30.1432,18.1287,8.5213,1.2252,2.4982,81.0379,46.6298,,38.0222,57.6415,20.696,,19.3248,,527.27,82.69,5.263,15.6827,0.0605,0.0,0.0121,,,0.13,6.3,12.6727,79.5471,84.603,36.036,-0.2883,324.3243,108.1081,0,14.0818
01552,北海道,佐呂間町,町村,4875.0,39.2065,31.2789,14.5133,8.8053,1.4974,2.7351,81.6914,35.248,,48.1403,,30.8471,,58.1472,1.6388,404.94,122.71,12.0388,30.3033,0.1141,0.0,0.0081,,,0.24,7.9,8.2284,79.8999,84.6901,41.0256,-0.4718,307.6923,41.0256,0,46.3764
01555,北海道,遠軽町,町村,19241.0,38.499,7.3954,17.1187,5.2523,1.5176,3.1544,78.1185,59.6837,,82.1234,86.1182,19.1047,,21.5187,76.3886,1332.45,205.27,14.4403,15.4055,0.38,0.0,0.0049,67.7868,103.74,0.26,9.5,6.8592,80.1248,84.8146,10.3945,-1.0498,140.3253,57.1696,0,58.2478
01559,北海道,湧別町,町村,8270.0,39.4338,33.6971,17.8086,10.7939,1.3422,2.4617,79.0234,39.8075,,58.1154,51.5143,25.3594,,66.5584,0.3817,505.79,186.26,16.3507,36.8256,0.1289,0.0,0.0054,,,0.25,7.2,13.1509,79.4583,83.6665,0.0,-0.266,205.5623,24.1838,0,127.5619
01560,北海道,滝上町,町村,2421.0,44.0035,22.471,19.6324,4.7619,0.95,1.8714,76.8953,39.846,,55.6587,82.9719,24.3295,,18.4561,28.1437,766.89,99.14,3.1569,12.9275,0.0605,0.0,0.0,,,0.12,6.3,8.4537,79.7944,83.866,0.0,-1.6935,371.7472,82.6105,0,189.7352
01561,北海道,興部町,町村,3628.0,33.9226,27.2727,15.2681,6.4685,1.2679,2.3209,78.7764,52.6655,,82.9655,64.468,25.9664,,24.8174,85.7271,362.55,83.35,10.0069,22.9899,0.18,0.012,0.012,,,0.21,7.9,7.6794,79.9234,83.7851,137.817,-1.957,220.5072,27.5634,0,49.7685
01562,北海道,西興部村,町村,1053.0,33.945,20.1077,15.8859,3.8697,0.8547,1.5901,72.0042,67.0518,,56.525,75.0223,24.2933,,14.2081,,308.08,33.28,3.4179,10.8024,0.0901,0.0,0.0,,,0.1,9.5,6.1953,79.0378,85.1105,94.9668,-2.3742,189.9335,94.9668,0,0.0
01563,北海道,雄武町,町村,4199.0,34.3513,25.6944,15.0732,8.1951,1.3337,2.2364,78.3316,46.2947,,38.9218,52.7028,29.0204,,10.1581,37.2177,636.88,157.05,6.5931,24.6593,0.1592,0.0,0.0064,,,0.2,8.1,8.3812,79.0616,83.6413,23.8152,-1.4527,214.3367,71.4456,0,42.7483
01564,北海道,大空町,町村,6775.0,37.7302,38.338,15.6684,13.1118,0.9889,1.8524,81.0424,52.0087,,62.7448,50.9799,23.1634,,39.2686,45.178,343.66,194.62,19.7143,56.6316,0.149,0.0,0.0051,,,0.24,10.0,13.1407,79.8383,84.616,44.2804,-1.1808,191.8819,14.7601,0,86.6368
01571,北海道,豊浦町,町村,3821.0,38.1956,26.4463,19.6693,5.5872,1.6488,3.3546,73.9794,82.531,,59.7132,69.0143,23.3074,,22.7037,,233.57,54.15,16.3591,23.1836,0.2585,0.0,0.0,,,0.16,13.2,5.1774,79.6994,84.1877,52.3423,-0.6543,366.3962,52.3423,0,43.1055
01575,北海道,壮瞥町,町村,2743.0,39.1468,25.4947,17.5,6.3793,1.4218,2.8825,74.1262,58.4318,,40.7936,57.2214,48.0911,,42.4669,2.5863,205.01,44.04,13.3798,21.4819,0.2498,0.0,0.0227,,,0.19,11.3,7.8809,79.7667,84.5623,0.0,-1.2031,255.195,291.6515,0,4.1841
01578,北海道,白老町,町村,16212.0,46.6895,9.6218,21.5052,4.8822,2.1466,5.0391,76.8127,39.1055,,73.9402,77.7803,19.7511,,55.3665,75.4109,425.63,76.17,38.0894,17.8958,0.9715,0.0131,0.0263,82.649,117.51,0.38,12.1,9.2833,79.2473,84.1126,6.1683,-0.6662,74.0192,61.6827,0,128.1852
01581,北海道,厚真町,町村,4432.0,37.6916,33.1393,13.1497,9.7713,1.6922,3.0242,80.3249,25.4258,,50.5795,47.8274,50.7427,,38.769,65.9036,405.38,106.8,10.933,26.3457,0.1685,0.0,0.0094,,,0.39,10.5,6.176,79.5654,84.2105,0.0,-0.8123,135.3791,90.2527,0,188.2926
01584,北海道,洞爺湖町,町村,8442.0,42.8607,13.6959,21.6513,5.3629,1.7176,3.522,76.0843,76.4824,,68.3213,84.6325,20.611,,47.9822,61.1239,180.87,56.3,46.6744,31.1273,1.1723,0.0178,0.0178,,,0.26,10.6,6.7283,79.0462,84.3958,11.8455,-0.533,177.683,23.6911,0,75.3877
01585,北海道,安平町,町村,7340.0,37.341,25.1453,17.7001,6.2009,1.7984,3.3691,75.5589,50.1198,,66.519,62.5512,22.6731,,71.553,46.6086,237.16,132.02,30.9496,55.6671,0.2121,0.0,0.0076,,,0.44,10.1,19.1071,79.4889,84.816,0.0,-0.9128,204.3597,136.2398,0,117.7406
01586,北海道,むかわ町,町村,7651.0,41.9637,31.8862,19.3122,7.2352,1.7383,3.1082,78.5329,55.809,,63.1421,72.6819,33.5363,,46.4637,45.5529,711.36,146.75,10.7555,20.6295,0.3066,0.0,0.0136,,,0.23,9.3,7.9488,79.7007,84.1458,13.0702,-1.6207,182.9826,52.2807,0,91.5117
01601,北海道,日高町,町村,11279.0,36.0493,33.0959,16.824,5.4083,1.8264,3.2278,76.304,56.5665,,64.9954,43.136,25.3679,,24.7042,,992.07,232.56,11.3692,23.4419,0.2365,0.0043,0.0086,,,0.25,12.3,7.8142,79.5941,84.1004,26.5981,-1.4718,168.4547,53.1962,0,22.8957
01602,北海道,平取町,町村,4776.0,36.9024,33.5027,17.6742,6.4144,1.34,2.2703,76.4369,44.1979,,47.5771,54.2574,24.4046,,38.7794,,743.09,128.97,6.4272,17.3559,0.1551,0.0,0.0078,,,0.17,5.5,9.8696,79.5015,83.8018,0.0,-1.5494,209.3802,125.6281,0,118.7638
01604,北海道,新冠町,町村,5309.0,33.2295,35.8593,15.149,7.1606,1.2432,2.184,75.6424,49.5826,,49.5077,33.8794,27.6532,,45.2432,,585.71,157.39,9.0642,26.8717,0.108,0.0,0.0,,,0.22,7.7,13.6456,,,0.0,-2.1661,113.0156,37.6719,0,9.3502
01607,北海道,浦河町,町村,12074.0,34.2094,25.5422,15.9647,5.0272,1.9132,3.4789,73.3752,48.4508,,68.878,30.937,16.4533,,35.7301,59.386,694.3,129.56,17.3902,18.6605,0.5326,0.0,0.0077,,,0.29,10.3,9.3425,78.3635,83.3757,66.2581,-1.4411,115.9516,33.129,0,13.4471
01608,北海道,様似町,町村,4043.0,42.5019,28.7646,19.5914,6.7575,2.6465,4.7513,79.2473,51.5992,,62.4051,,18.9788,,61.6105,,364.3,30.56,11.098,8.3887,0.5563,0.0,0.0,,,0.17,11.1,6.7367,79.8192,84.4556,49.4682,-1.3109,197.8729,0.0,0,58.3698
01609,北海道,えりも町,町村,4374.0,35.3279,47.2265,15.2617,12.3416,1.4861,2.4427,76.3827,45.7058,,49.8026,,12.9266,,35.5224,,284.0,44.73,15.4014,15.75,0.4918,0.0224,0.0224,,,0.18,8.5,9.9983,79.6063,83.6011,45.7247,-1.9662,137.1742,0.0,0,13.1879
01610,北海道,新ひだか町,町村,21517.0,35.4912,21.6787,17.9168,5.5737,2.4957,4.8357,76.4031,64.1421,,75.6746,67.9812,14.0759,,32.2601,60.6457,1147.55,232.44,18.7504,20.2553,0.5636,0.0043,0.0086,57.7259,93.62,0.33,10.0,6.6776,,,32.5324,-0.6646,116.1872,41.8274,0,47.8038
01631,北海道,音更町,町村,43576.0,29.9411,12.262,12.9112,6.278,1.7923,3.6101,76.7606,69.9225,,86.9115,88.7357,15.4532,,62.5014,89.1197,466.02,336.7,93.5067,72.2501,0.2525,0.0059,0.003,69.193,110.72,0.49,10.9,10.1869,79.9785,84.4636,20.6536,-0.5095,45.8968,20.6536,0,59.1908
01632,北海道,士幌町,町村,5848.0,34.8087,42.6052,12.6241,10.6788,0.7353,1.313,78.3224,31.1851,,54.4688,33.9817,26.9978,,71.355,,259.19,198.74,22.5626,76.6773,0.0906,0.0,0.005,,,0.3,6.8,11.9522,79.8948,84.2198,34.1997,-1.2654,188.0985,34.1997,0,0.0
01633,北海道,上士幌町,町村,4778.0,34.49,33.7795,17.0721,5.7192,1.1302,2.0817,78.5104,65.0024,,70.6495,53.933,23.4314,,35.5377,,694.23,190.66,6.8824,27.4635,0.1259,0.0,0.0052,,,0.24,7.9,7.947,80.1274,84.6583,20.9293,0.4186,188.3633,62.7878,1,80.7108
01634,北海道,鹿追町,町村,5266.0,31.5353,34.2827,12.0713,6.7261,0.7786,1.4211,76.2203,61.2587,,62.9881,54.7012,14.8712,,44.8817,,402.88,165.33,13.0709,41.037,0.1391,0.0,0.006,,,0.25,9.6,9.2,80.5845,85.2232,0.0,-1.785,189.8975,94.9487,0,94.1758
01635,北海道,新得町,町村,5817.0,37.6785,20.4768,17.0562,3.7321,1.3753,2.5461,75.8574,61.2168,,81.9281,86.1799,16.0247,,35.6565,84.376,1063.83,223.21,5.468,20.9817,0.1568,0.0045,0.0,,,0.23,10.9,13.7999,79.1213,84.0386,34.382,-0.0688,223.4829,68.764,0,57.8018
01636,北海道,清水町,町村,9094.0,37.1955,28.5498,14.9095,6.4415,1.2206,2.3428,76.0112,56.4421,,72.5592,76.9808,22.3418,,49.1213,57.3759,402.25,223.78,22.6078,55.6321,0.2011,0.0,0.0045,,,0.32,8.0,9.4424,80.3986,85.1001,0.0,-0.5498,175.9402,54.9813,0,59.1224
01637,北海道,芽室町,町村,18048.0,30.4205,22.2809,12.3513,8.6999,1.0583,1.977,79.1174,54.5243,,78.1903,77.208,16.9347,,54.9968,81.4125,513.76,305.65,35.1292,59.4928,0.1472,0.0065,0.0065,72.1268,117.01,0.48,5.2,10.9935,80.773,84.509,38.7855,-0.1828,88.6525,49.867,0,35.3681
01638,北海道,中札内村,町村,3884.0,30.2882,28.2425,12.963,6.8698,1.0041,1.7997,73.4853,49.4857,,71.5963,77.2244,24.8959,,34.8135,,292.58,127.46,13.275,43.5642,0.1098,0.0,0.0,,,0.28,6.0,10.3854,80.2179,85.1291,25.7467,-0.6952,180.2266,25.7467,0,26.8695
01639,北海道,更別村,町村,3080.0,31.6395,44.2329,14.3185,11.2557,0.7143,1.1828,78.7354,31.3124,,60.7291,62.1596,31.308,,27.5419,,176.9,149.82,17.411,84.6919,0.0734,0.0133,0.0067,,,0.26,9.2,7.5727,80.5203,85.3398,0.0,-0.8442,97.4026,32.4675,0,82.9623
01641,北海道,大樹町,町村,5420.0,35.207,31.0784,13.5292,6.494,0.7565,1.3222,76.6458,50.2853,,60.434,31.6864,18.9419,,43.2856,69.8915,815.67,244.95,6.6448,30.0305,0.1225,0.0,0.0041,,,0.25,9.5,5.3162,79.9914,84.0773,18.4502,-0.8856,166.0517,18.4502,0,81.5498
01642,北海道,広尾町,町村,6387.0,41.1716,21.497,17.4598,7.1046,1.0333,1.9378,79.7983,72.1015,,76.9736,74.2045,18.1612,,16.1032,29.8072,596.48,128.36,10.7078,21.5196,0.2649,0.0,0.0078,,,0.22,14.7,7.3225,79.6817,85.0312,0.0,-0.6106,125.2544,31.3136,0,78.4562
01643,北海道,幕別町,町村,25766.0,34.3756,14.8954,13.7439,6.2489,1.4166,2.7017,79.5789,74.3239,,81.7394,85.6212,14.1177,,51.2571,85.4015,477.64,317.22,53.9444,66.414,0.2238,0.0032,0.0032,72.4518,111.99,0.35,9.1,8.865,80.111,84.2542,27.1676,-0.392,89.2649,31.0487,0,93.8698
01644,北海道,池田町,町村,6294.0,44.2947,24.4223,19.1684,7.5389,1.5253,2.9888,78.7985,52.2294,,70.1027,84.1383,36.0114,,38.7658,74.8526,371.79,133.72,16.9289,35.9665,0.187,0.0075,0.0075,,,0.21,12.8,13.1309,79.8341,84.5211,15.8881,-0.143,270.0985,47.6644,0,85.3691
01645,北海道,豊頃町,町村,3022.0,40.824,45.3602,14.3385,9.2387,1.092,1.9749,80.3327,35.8376,,28.6405,12.1608,43.332,,55.5157,9.589,536.71,189.5,5.6306,35.3077,0.0475,0.0,0.0,,,0.21,7.5,14.0549,80.2266,84.3302,66.1813,-1.2905,264.7253,33.0907,0,3.1509
01646,北海道,本別町,町村,6618.0,42.4394,24.6238,18.8026,6.8932,1.7377,3.2204,78.1998,54.9327,,50.417,78.8558,22.9736,,40.9366,69.0976,391.91,179.83,16.8865,45.8855,0.1501,0.0,0.0056,,,0.26,11.1,8.0556,79.3618,84.1992,0.0,-0.8008,135.9927,75.5515,0,89.2868
01647,北海道,足寄町,町村,6563.0,40.7485,25.4167,17.1799,5.7699,1.2494,2.3823,78.9796,69.8231,,71.1083,35.1251,32.2908,,9.2851,76.6116,1408.04,258.8,4.6611,18.3802,0.143,0.0,0.0039,,,0.2,10.1,9.7202,80.8413,84.8851,15.2369,-1.6304,91.4216,60.9477,0,199.405
01648,北海道,陸別町,町村,2264.0,38.2121,30.8326,19.0431,6.4115,0.9717,1.7814,73.648,67.2131,,72.2303,28.4342,24.8262,,15.9682,,608.9,99.23,3.7182,16.2966,0.0907,0.0,0.0,,,0.16,10.6,5.1445,79.6631,84.5154,0.0,0.3092,265.0177,44.1696,0,1.7443
01649,北海道,浦幌町,町村,4387.0,42.8605,36.5053,16.2217,9.5718,1.0258,1.8595,81.212,49.7325,,61.6317,68.4484,30.3271,,32.1075,64.6049,729.85,176.96,6.0108,24.2461,0.1187,0.0,0.0,,,0.19,8.2,9.4947,79.6643,83.3814,45.5892,-1.0713,227.9462,113.9731,0,132.5051
01661,北海道,釧路町,町村,19105.0,31.531,7.0707,12.5106,6.7589,1.8582,3.7515,77.168,54.488,,77.8824,88.1614,22.4374,,25.2582,92.0996,252.04,46.09,75.8015,18.2868,1.7357,0.0434,0.0217,70.318,94.94,0.5,7.4,9.5677,79.8782,84.4409,31.4054,-0.4554,68.045,31.4054,0,163.6825
01662,北海道,厚岸町,町村,8892.0,37.7606,30.3353,16.1765,10.1695,1.417,2.3841,77.4718,27.8432,,59.521,64.7688,42.1432,,33.1723,70.1964,739.12,194.13,12.0305,26.265,0.2112,0.0103,0.0052,,,0.23,11.5,7.262,79.7305,84.0784,0.0,-0.7647,213.6752,44.9843,0,58.8845
01663,北海道,浜中町,町村,5507.0,33.5458,49.9586,12.6779,13.7559,0.6356,0.9579,77.0799,31.4091,,51.7689,25.7183,37.1054,,38.1337,,423.12,194.01,13.0152,45.8522,0.1031,0.0,0.0052,,,0.21,10.8,9.1437,79.576,83.8125,72.6348,-1.4345,127.1109,90.7935,0,0.0
01664,北海道,標茶町,町村,7230.0,36.4909,32.1476,15.2349,8.7454,1.1065,2.0645,77.9086,34.4605,,59.7966,41.8504,48.0506,,26.2087,59.1136,1099.37,366.52,6.5765,33.3391,0.1119,0.0,0.0027,,,0.23,8.7,16.9714,79.5067,84.1023,41.4938,-1.0373,110.6501,69.1563,0,90.083
01665,北海道,弟子屈町,町村,6955.0,40.738,14.3897,18.4717,5.355,1.5385,3.0226,78.7126,68.1824,,56.8518,72.0941,29.628,,41.5927,51.7458,774.33,159.1,8.982,20.5468,0.3771,0.0,0.0063,,,0.22,15.7,3.663,79.1095,83.2277,0.0,-1.4953,143.7815,71.8907,0,25.6404
01667,北海道,鶴居村,町村,2558.0,34.2255,34.4964,14.0781,6.3579,0.5082,1.0204,78.0631,37.4534,,32.0886,32.3067,40.342,,37.6871,,571.8,121.0,4.4736,21.1612,0.1074,0.0,0.0,,,0.19,4.7,26.925,80.1143,84.6446,0.0,0.1173,156.3722,234.5582,0,19.2447
01668,北海道,白糠町,町村,7289.0,43.3001,13.2337,20.4519,6.9815,2.2774,4.3939,76.1025,56.9044,,81.7996,75.5435,27.1439,,25.5907,87.4645,773.13,103.74,9.4279,13.4182,0.3277,0.0,0.0096,,,0.24,9.2,8.4993,79.24,83.3858,13.7193,-0.343,96.0351,41.1579,0,115.0417
01691,北海道,別海町,町村,14380.0,29.817,39.7338,10.1351,11.1404,0.6537,1.1452,76.587,38.5565,,50.531,33.2375,27.048,,17.9121,,1317.17,803.01,10.9173,60.9648,0.066,0.0062,0.0012,,,0.31,11.9,17.381,79.6763,82.8963,6.9541,-0.8414,69.541,20.8623,0,9.4826
01692,北海道,中標津町,町村,23010.0,27.9412,13.3413,11.5057,5.5303,2.0339,3.6061,75.5729,55.616,,85.1468,70.4073,13.8726,,64.5826,83.0407,684.87,358.34,33.5976,52.3223,0.4521,0.014,0.0056,59.1398,95.87,0.42,12.9,10.7239,80.2715,84.219,8.6919,-0.4737,78.2269,21.7297,0,70.5011
01693,北海道,標津町,町村,5023.0,31.8829,31.6031,13.5616,8.6301,1.1547,2.0069,76.8559,28.9607,,68.6977,54.155,31.9438,,53.7297,,624.69,212.47,8.0408,34.0121,0.1083,0.0,0.0047,,,0.21,8.5,8.4893,79.3314,84.2114,0.0,-0.4181,159.2674,139.3589,0,109.3548
01694,北海道,羅臼町,町村,4722.0,33.5471,38.9183,10.3889,16.9908,0.9742,1.6,80.0872,27.2583,,51.7047,65.6553,36.6111,,52.8799,,397.72,118.05,11.8727,29.6817,0.2287,0.0169,0.0085,,,0.22,7.8,17.1772,79.052,83.6612,42.3549,-1.4401,127.0648,63.5324,0,0.0
02201,青森県,青森市,市,275192.0,32.94,2.694,13.3458,9.0499,2.4198,4.9674,73.5612,89.6902,14.7429,90.0791,82.2464,8.9323,90.9796,49.6543,83.4265,824.61,259.6,333.7238,31.4815,4.7573,0.0924,0.0501,64.3856,113.04,0.55,13.2,9.6515,78.3685,82.8716,10.9015,-0.4219,43.6059,42.1524,1,18.6042
02202,青森県,弘前市,市,168466.0,33.5414,13.1806,13.5971,12.5497,2.0443,3.9921,72.1407,80.2488,23.4644,82.2612,82.9865,7.1264,82.8513,53.9015,79.0876,524.2,294.51,321.3773,56.1828,2.9269,0.034,0.0306,63.5157,111.86,0.48,6.4,8.4422,77.9354,83.4499,15.4334,-0.3817,73.0118,36.2091,1,12.9692
02203,青森県,八戸市,市,223415.0,32.1841,2.9963,13.7128,9.7043,2.2577,4.5343,74.4951,84.5727,18.8721,88.8435,80.4431,7.0448,89.1822,62.9215,86.4445,305.56,204.45,731.1657,66.9099,5.3314,0.0783,0.0685,64.5511,106.34,0.64,8.8,10.787,77.9044,83.1663,15.6659,-0.3952,43.417,31.7794,1,11.682
02204,青森県,黒石市,市,31946.0,35.4256,14.7592,14.1935,20.8039,2.6983,4.9212,74.6019,70.7629,22.9052,77.8383,77.9675,9.005,82.2237,48.5543,58.1589,217.05,73.56,147.1827,33.8908,2.2159,0.0272,0.0136,81.117,135.86,0.36,14.1,9.0307,77.843,82.8037,18.7817,-0.5572,103.2993,25.0423,1,11.0928
02205,青森県,五所川原市,市,51415.0,37.0575,13.1493,16.1514,15.0695,2.8824,5.7066,76.6947,64.9408,21.098,64.562,62.6307,13.3307,69.1948,40.1669,47.5781,404.2,171.08,127.2019,42.3256,1.9815,0.0234,0.0234,73.6658,133.01,0.32,10.0,7.5694,78.2333,83.4216,15.5597,-0.1964,70.0185,29.1744,1,41.6421
02206,青森県,十和田市,市,60378.0,35.2215,11.6232,13.0547,12.2614,1.9858,3.9132,74.8112,60.7076,9.0978,74.4546,60.3912,9.6026,80.4301,36.47,58.0806,725.65,206.18,83.2054,28.4131,1.4793,0.0146,0.0146,71.5331,122.26,0.43,7.8,12.1917,77.735,83.3442,24.8435,-0.4439,44.7183,41.4058,1,13.0742
02207,青森県,三沢市,市,39152.0,27.5706,6.7549,12.6486,8.3489,2.5158,4.8832,72.7809,79.2352,1.7286,79.1024,74.7004,7.4807,78.7557,71.8128,89.0005,119.39,100.02,327.9337,83.7759,3.0394,0.03,0.02,57.8571,114.11,0.5,10.1,9.3021,78.4342,83.989,15.3249,-0.6743,28.0956,25.5415,0,58.9289
02208,青森県,むつ市,市,54103.0,35.0789,5.0342,15.4984,9.1724,2.1921,4.531,76.2794,54.725,4.372,79.3355,60.4789,13.4235,69.723,31.2908,49.5874,864.2,138.93,62.6047,16.0761,2.0154,0.0432,0.0216,71.2971,117.12,0.36,15.0,8.4353,76.8982,81.9352,27.7249,-0.7874,46.2082,29.5732,1,13.5408
02209,青森県,つがる市,市,30934.0,40.3502,29.3977,14.8179,25.3995,2.9999,5.6461,78.21,30.5878,18.3957,44.7521,49.3837,14.8672,42.7129,36.4225,18.3343,253.55,213.57,122.0035,84.2319,0.3512,0.0047,0.0047,79.9416,145.11,0.25,12.3,13.7618,78.3118,84.0657,32.3269,-0.6304,142.2383,25.8615,0,13.3614
02210,青森県,平川市,市,30567.0,35.1361,23.2573,11.8922,28.2077,3.4253,6.1905,75.9312,53.5528,4.8045,49.8335,76.7424,11.547,62.8907,36.496,30.643,346.01,94.79,88.3414,27.3952,0.9495,0.0,0.0211,90.7692,140.49,0.3,8.1,14.7354,78.3266,82.8461,22.9005,-0.1668,65.43,29.4435,0,58.4287
02301,青森県,平内町,町村,10126.0,43.6771,26.9052,17.5522,19.6405,1.7776,3.3645,75.8889,39.9248,1.6022,45.2162,82.8195,27.8346,44.8877,49.6532,,217.09,47.04,46.6442,21.6684,0.6803,0.0213,0.0213,,,0.24,9.6,6.7399,77.208,83.3882,9.8756,-0.6123,88.8801,0.0,0,80.0335
02303,青森県,今別町,町村,2334.0,58.5499,14.6162,24.1993,9.5196,3.8132,8.5577,79.1234,44.5307,,35.5059,65.7116,17.2078,11.5728,24.1529,,125.27,19.46,18.6318,15.5344,0.5653,0.0,0.0,,,0.21,2.9,5.3378,77.4639,81.9892,0.0,-1.114,128.5347,42.8449,0,0.0
02304,青森県,蓬田村,町村,2540.0,43.3267,29.6207,15.4535,22.8443,2.5591,4.9847,77.4433,20.9662,,46.7337,67.5133,24.6386,21.0318,12.6374,11.4088,80.84,19.89,31.4201,24.6042,0.2514,0.0,0.0,,,0.19,3.5,9.3553,77.9511,82.5791,78.7402,-0.8268,118.1102,0.0,0,48.139
02307,青森県,外ヶ浜町,町村,5401.0,52.368,23.0243,23.781,12.7032,2.5366,5.5287,77.3236,48.4263,17.7005,42.1401,30.1377,22.5001,40.3274,36.9065,25.533,230.3,31.05,23.452,13.4824,0.3543,0.0,0.0,,,0.18,11.2,6.7235,77.9149,83.3417,55.5453,-0.6295,166.6358,0.0,0,48.3473
02321,青森県,鰺ヶ沢町,町村,9044.0,45.6954,21.3724,19.305,17.8434,3.6267,7.2486,79.4114,32.2204,2.8539,29.3076,85.4384,22.9803,39.6916,25.9784,19.5556,343.08,80.7,26.3612,23.5222,0.3594,0.0,0.0124,,,0.22,14.1,7.8147,77.5785,83.6069,11.0571,-0.6745,121.6276,0.0,0,33.7658
02323,青森県,深浦町,町村,7346.0,52.0887,23.1079,22.2112,16.7657,3.0493,6.4965,81.208,26.7433,6.3808,23.6781,70.3335,23.6507,41.9617,24.8376,0.0859,488.91,65.82,15.0253,13.4626,0.395,0.0,0.0,,,0.17,9.5,10.0536,77.9998,83.5167,27.2257,-0.9257,95.29,27.2257,0,29.5285
02343,青森県,西目屋村,町村,1265.0,40.2576,24.4152,12.1839,23.6782,1.8182,3.2532,77.3466,48.9068,,,50.9838,19.1916,76.5162,12.5778,,246.02,21.83,5.1419,8.8733,0.1374,0.0,0.0,,,0.12,11.5,6.0922,78.2681,83.693,0.0,0.0791,79.0514,0.0,0,0.0
02361,青森県,藤崎町,町村,14573.0,33.7263,22.0713,12.0089,23.066,3.2938,5.7957,75.299,67.2061,40.9499,51.4627,61.3847,17.4755,69.4469,58.1482,25.4872,37.29,37.29,390.8018,100.0,0.9922,0.0268,0.0,,,0.29,12.3,11.2033,78.5463,83.2463,13.724,0.1372,96.0681,27.448,0,7.3486
02362,青森県,大鰐町,町村,8665.0,45.0885,21.2191,18.8103,24.1669,2.5736,4.8968,75.9636,46.1839,15.2181,45.5513,71.3697,15.8837,45.4289,41.6287,36.9783,163.43,37.66,53.0196,23.0435,0.7435,0.0,0.0,,,0.22,13.7,6.0726,78.2637,82.9532,23.0814,-0.6463,80.7848,0.0,0,297.6838
02367,青森県,田舎館村,町村,7326.0,37.1736,21.0211,11.9097,30.7564,1.9793,3.6396,78.0348,40.1314,,44.3372,75.0661,24.4941,39.3565,40.1313,34.9321,22.35,22.35,327.7852,100.0,0.8054,0.0,0.0,,,0.26,6.7,16.9952,78.0818,82.8036,0.0,0.1638,40.95,0.0,0,15.674
02381,青森県,板柳町,町村,12700.0,39.2206,37.0179,14.5324,25.0953,2.0945,3.5839,76.9888,36.8553,9.9996,47.4373,39.9223,13.3939,42.3799,52.6149,45.9134,41.88,41.88,303.2474,100.0,1.1461,0.0,0.0,,,0.27,10.2,10.0128,78.0533,83.8901,7.874,-0.189,94.4882,7.874,0,8.5276
02384,青森県,鶴田町,町村,12074.0,38.5335,32.4742,15.9225,23.3404,3.7601,6.8148,77.0352,39.3764,0.6373,50.7297,43.498,12.3971,52.8975,38.4898,31.3911,46.43,45.23,260.0474,97.4155,0.7517,0.0221,0.0221,,,0.27,12.2,11.3446,77.6276,83.2927,33.129,-0.4969,74.5403,24.8468,0,14.0435
02387,青森県,中泊町,町村,9657.0,47.2784,20.8721,19.4034,19.2996,3.6761,7.4611,80.6996,50.6591,34.1175,52.5308,84.1125,11.3592,52.6074,17.7256,1.2239,216.34,66.88,44.6381,30.9143,0.4336,0.0,0.0,,,0.22,11.3,21.796,77.5237,83.502,20.7104,-0.3521,207.1037,0.0,0,34.9808
02401,青森県,野辺地町,町村,12374.0,40.4673,7.4609,18.1197,11.3779,2.3759,4.7078,75.0807,59.8236,37.7175,82.7358,82.5989,20.583,67.0619,44.2861,77.7235,81.68,27.2,151.4936,33.3007,2.7941,0.0368,0.0735,,,0.36,7.5,9.4356,78.1411,83.6341,16.1629,-0.0727,96.9775,32.3258,0,20.9733
02402,青森県,七戸町,町村,14556.0,42.5908,20.3817,16.3532,20.2802,2.0747,3.8481,76.9584,38.2119,21.1094,45.7368,46.8558,21.5013,42.2187,39.5759,32.7749,337.23,115.27,43.1634,34.1814,0.4424,0.0,0.0087,,,0.38,3.8,7.7665,77.9219,82.288,6.87,-0.3641,96.1803,34.3501,0,27.6844
02405,青森県,六戸町,町村,10447.0,34.1609,18.6757,12.7448,17.7853,1.9049,3.5122,79.2355,36.164,24.1634,43.9966,49.1154,30.6138,64.0795,48.6892,9.8894,83.89,57.68,124.5321,68.7567,0.3467,0.0,0.0,,,0.41,8.3,10.3819,77.3737,83.1466,47.8606,-0.5265,67.0049,28.7164,0,46.52
02406,青森県,横浜町,町村,4229.0,40.684,29.4196,15.4229,14.1515,2.5774,4.6069,72.9814,45.2323,41.1159,54.1434,79.9572,27.0103,43.3422,29.2061,33.3577,126.38,31.05,33.4626,24.5688,0.3865,0.0322,0.0,,,0.29,5.4,7.906,77.6382,83.154,23.6463,-1.135,47.2925,47.2925,0,9.3568
02408,青森県,東北町,町村,16428.0,38.6511,23.8259,14.9323,21.7727,1.6496,3.0108,77.8091,40.2492,23.6157,44.1715,54.3224,21.8159,62.0436,28.5948,,326.5,126.41,50.3155,38.7167,0.5063,0.0,0.0,85.4093,161.09,0.31,11.5,9.1926,76.9657,82.8216,12.1743,-0.8096,24.3487,24.3487,0,62.7449
02411,青森県,六ヶ所村,町村,10367.0,28.4819,10.6505,8.5543,9.5413,1.3504,2.1273,67.9934,48.9971,1.8794,51.0716,66.437,31.2947,54.4599,34.1971,12.9301,252.58,111.62,41.0444,44.1919,0.2329,0.0,0.009,,,1.61,4.3,21.6057,77.0685,82.5805,57.876,-0.3665,57.876,28.938,0,113.9489
02412,青森県,おいらせ町,町村,24273.0,28.1653,8.2453,10.3971,14.0214,2.1299,4.0306,76.8221,64.1657,10.6947,66.6629,70.2473,11.4393,69.2847,61.5395,55.7764,71.96,59.22,337.3124,82.2957,1.4353,0.0169,0.0169,79.8844,128.55,0.46,10.8,9.9169,78.0418,83.4448,28.8386,0.7292,49.4376,16.4792,0,45.8278
02423,青森県,大間町,町村,4718.0,36.3446,22.1479,18.1687,12.4161,3.2641,6.0463,75.4428,30.0637,,57.6719,61.7368,6.5571,54.7152,52.429,,52.09,14.34,90.574,27.5293,2.6499,0.0697,0.0697,,,0.26,12.9,5.3295,77.3894,83.5224,0.0,-0.975,190.7588,42.3908,0,30.2067
02424,青森県,東通村,町村,5955.0,38.8463,23.0193,14.1005,14.729,2.2166,3.9545,76.6554,20.4589,0.0545,8.1157,66.4682,24.3142,7.52,18.4654,1.3486,295.32,65.51,20.1646,22.1827,0.2442,0.0,0.0,,,0.56,14.6,7.6851,76.6473,82.2481,0.0,-1.4945,50.3778,0.0,0,16.3305
02425,青森県,風間浦村,町村,1636.0,47.2188,19.9035,22.0588,12.0321,2.445,4.603,78.5096,27.598,,35.3811,75.4797,35.0337,40.1584,24.3059,,69.46,5.9,23.5531,8.4941,0.8475,0.0,0.0,,,0.1,13.0,4.6087,77.2501,82.802,0.0,-1.8337,366.7482,0.0,0,16.0807
02426,青森県,佐井村,町村,1788.0,47.5745,19.928,24.6659,13.2442,1.2304,2.5731,77.3202,20.956,51.2409,50.3644,63.2772,10.8243,62.8073,3.5055,,135.05,16.64,13.2395,12.3214,0.5409,0.0,0.0,,,0.12,5.1,6.1343,77.9021,82.6083,0.0,-2.1812,279.6421,167.7852,0,110.0084
02441,青森県,三戸町,町村,9082.0,43.4826,29.6515,17.6454,19.6965,2.3893,4.5397,77.7641,55.7817,11.5655,57.5867,85.1485,17.3648,51.589,26.0813,53.4033,151.79,50.8,59.8327,33.4673,0.5906,0.0197,0.0197,,,0.25,10.8,7.9588,76.9866,82.8285,22.0216,-0.991,143.1403,33.0324,0,50.4192
02442,青森県,五戸町,町村,16042.0,42.2219,21.005,14.5033,20.0993,2.1319,3.8605,76.3888,45.2335,,51.1194,84.8547,14.1771,39.5744,48.8676,4.7287,177.67,84.39,90.291,47.4982,0.4621,0.0237,0.0,83.1933,129.16,0.27,9.2,9.8488,77.7707,84.0603,31.1682,-0.6421,93.5046,0.0,0,16.3194
02443,青森県,田子町,町村,4968.0,45.2979,35.1025,18.8057,22.0534,1.711,3.0174,79.3567,38.9475,32.1551,39.7309,93.3719,18.1367,32.0686,24.0002,,241.98,46.97,20.5306,19.4107,0.2342,0.0213,0.0,,,0.21,7.1,11.1155,77.777,82.682,20.1288,-0.3422,161.0306,80.5153,0,16.6417
02445,青森県,南部町,町村,16809.0,40.2043,22.8552,16.0783,20.2503,1.9513,3.5886,76.2814,47.8726,19.3665,54.5112,87.9654,15.9278,27.0429,36.5277,13.8374,153.12,76.19,109.7766,49.7584,0.2363,0.0131,0.0131,87.188,138.84,0.29,7.4,7.6322,77.4563,83.0577,29.746,-0.3807,89.2379,35.6952,0,19.3778
02446,青森県,階上町,町村,13496.0,35.4872,8.2932,11.1892,11.6518,2.3563,4.7062,72.5651,35.9831,9.7409,45.411,76.8631,9.3636,41.2293,48.7616,0.7531,94.0,39.68,143.5745,42.2128,0.6552,0.0,0.0,,,0.35,11.2,9.8243,77.8809,82.8653,0.0,-0.326,29.6384,37.048,0,9.4789
02450,青森県,新郷村,町村,2197.0,50.2114,46.7717,18.0892,30.9554,1.3655,2.3077,80.8955,19.3043,19.13,18.7779,21.9944,17.374,30.2947,1.7515,,150.77,30.06,14.5719,19.9377,0.1663,0.0,0.0,,,0.17,6.5,7.861,77.3785,83.5739,45.5166,-0.9558,91.0332,0.0,0,48.5548
03201,岩手県,盛岡市,市,289731.0,29.1509,3.0207,11.0573,7.5538,1.9549,3.8438,71.5533,91.6499,60.3195,93.3549,77.9343,7.0024,88.4522,57.5087,94.0612,886.47,242.68,326.8368,27.376,5.7936,0.0618,0.0701,47.989,91.33,0.71,9.9,10.4763,79.6583,83.9469,17.2574,-0.2651,43.4886,42.7983,1,17.9016
03202,岩手県,宮古市,市,50369.0,39.7836,7.3945,16.7502,13.7103,2.307,4.7213,74.8781,56.7304,15.9042,59.9064,85.1081,23.3437,51.9352,33.4071,55.778,1259.18,118.5,40.0014,9.4109,1.9325,0.0253,0.0338,71.1297,113.19,0.36,8.3,7.2027,78.3504,82.864,17.8681,-0.9728,61.5458,45.663,0,13.4874
03203,岩手県,大船渡市,市,34728.0,39.4794,7.2789,14.5404,18.504,1.8717,3.6163,77.8881,56.3839,33.635,68.1501,67.0728,17.623,50.743,31.7066,55.2776,322.51,54.61,107.6804,16.9328,2.6186,0.0183,0.0366,75.6757,129.55,0.44,11.6,7.6949,79.2893,83.8941,17.2771,-0.9963,109.4218,60.4699,0,12.0659
03205,岩手県,花巻市,市,93193.0,35.0341,10.655,12.3454,19.5816,1.7576,3.3329,75.3559,59.7397,34.727,60.2185,59.4344,14.1678,63.0573,64.2246,53.5968,908.39,323.69,102.5914,35.6334,1.2605,0.0185,0.0185,76.1367,135.14,0.46,8.3,9.4447,79.4462,83.6135,32.1913,-0.1856,91.2086,37.5565,1,29.2106
03206,岩手県,北上市,市,93045.0,28.2948,5.6502,9.2996,13.206,1.7615,3.4872,74.4331,67.9849,32.6915,74.966,68.6346,9.8387,49.7112,65.4504,76.8928,437.55,204.23,212.65,46.6758,2.174,0.0392,0.0196,58.5747,112.81,0.91,7.0,16.7119,79.8262,84.3236,26.8687,0.2139,52.6627,27.9435,1,18.015
03207,岩手県,久慈市,市,33043.0,35.6938,9.3628,14.3577,11.0772,2.2213,4.3393,76.4505,46.1856,31.0416,48.0285,71.1238,13.9409,71.2459,22.0657,35.2185,623.5,90.22,52.996,14.4699,1.8289,0.0,0.0333,75.1192,127.35,0.4,12.5,6.7856,,,24.2109,-0.9594,66.5799,48.4218,0,11.1044
03208,岩手県,遠野市,市,25366.0,42.054,16.6285,16.4182,22.0161,1.8765,3.5067,77.2906,43.3187,20.211,44.297,62.2713,20.8677,48.3885,45.0463,34.9783,825.97,142.19,30.7106,17.2149,0.5767,0.007,0.0141,82.6474,137.93,0.32,10.8,9.3449,79.1946,84.1578,11.8269,-0.5874,149.8068,31.5383,0,30.137
03209,岩手県,一関市,市,111932.0,38.518,12.0397,13.3066,20.1368,1.9682,3.7621,75.7966,40.4344,21.2288,51.9817,64.1355,14.5818,46.6925,44.4183,42.5602,1256.42,481.21,89.088,38.3001,0.825,0.0104,0.0166,78.3371,139.3,0.36,10.1,11.9674,,,16.0812,-0.4503,99.1674,29.4822,0,16.3775
03210,岩手県,陸前高田市,市,18262.0,40.9758,11.1,14.9923,21.1887,2.1465,4.1578,77.3942,37.6979,21.3037,58.938,60.7753,15.8082,33.9242,37.9999,22.6365,231.94,46.78,78.7359,20.169,0.9833,0.0214,0.0214,78.9017,137.35,0.32,14.5,6.3163,79.4006,84.5296,10.9517,-0.6078,186.179,93.0895,0,105.4987
03211,岩手県,釜石市,市,32078.0,40.3351,4.6546,19.3203,9.6568,2.2289,4.6013,74.692,63.429,24.7573,62.208,70.8261,18.463,58.3466,29.2517,75.3689,440.35,51.36,72.8466,11.6634,3.4657,0.0389,0.0389,64.3816,104.55,0.48,14.4,6.7291,78.0694,83.5409,15.587,-1.2345,74.8176,56.1132,0,32.0026
03213,岩手県,二戸市,市,25513.0,39.3348,17.6592,15.0395,15.5148,2.1244,3.8459,76.1901,59.8018,41.1326,61.2433,69.5967,16.3335,51.3305,43.2634,58.728,420.42,110.27,60.6846,26.2285,0.8525,0.0091,0.0091,74.2258,134.01,0.36,10.9,8.6031,,,31.3566,-0.5997,94.0697,39.1957,0,8.3211
03214,岩手県,八幡平市,市,24023.0,42.6532,22.4522,15.3762,20.2128,2.2562,4.1214,76.9188,31.7187,18.9874,38.7832,70.8995,16.609,48.658,37.4832,0.7847,862.3,204.45,27.8592,23.7098,0.313,0.0049,0.0049,82.1002,145.91,0.3,16.9,5.5496,,,24.9761,-0.5869,45.7895,29.1387,0,44.8506
03215,岩手県,奥州市,市,112937.0,36.2588,12.8476,12.8122,19.2538,1.7895,3.3531,76.2483,57.6071,31.0471,63.7395,59.6334,12.296,53.9612,46.7498,55.1007,993.3,450.59,113.6988,45.3629,1.1318,0.0067,0.0178,75.3036,133.03,0.44,15.0,8.5874,79.9672,84.6241,23.9071,-0.5091,121.3066,21.2508,0,16.5144
03216,岩手県,滝沢市,市,55579.0,27.3351,4.6679,8.4285,10.3241,1.8658,3.4965,73.6226,71.7538,41.3086,76.6178,84.6293,11.0209,77.2337,63.2272,89.4779,182.46,92.67,304.6092,50.7892,0.8633,0.0108,0.0216,75.1838,107.57,0.58,6.1,8.7852,79.8428,84.0438,10.7954,-0.4084,7.197,21.5909,0,6.897
03301,岩手県,雫石町,町村,15731.0,39.8079,16.2152,13.095,24.1897,1.9516,3.5336,76.4123,37.7468,13.3492,34.7256,34.8807,21.339,29.1011,41.4829,23.7065,608.82,129.97,25.8385,21.3479,0.3924,0.0,0.0077,85.3229,153.35,0.38,6.2,9.0808,79.7697,83.9938,44.4981,-0.3115,25.4275,82.6394,0,63.7303
03302,岩手県,葛巻町,町村,5634.0,50.0644,27.161,21.4774,18.1896,1.8104,3.6612,80.089,29.7786,25.588,38.032,72.7393,23.7936,20.9671,30.6104,,434.96,67.44,12.9529,15.5049,0.2966,0.0,0.0148,,,0.18,8.3,6.2674,,,0.0,-0.568,70.9975,17.7494,0,7.4954
03303,岩手県,岩手町,町村,12285.0,41.8039,26.0491,15.5219,19.8488,2.4176,4.4124,75.181,44.9375,32.1079,43.8371,70.302,21.7475,46.8823,31.6765,,360.46,90.03,34.0815,24.9764,0.3332,0.0,0.0111,,,0.33,7.2,13.7199,,,24.42,-0.6512,65.1201,16.28,0,0.9496
03321,岩手県,紫波町,町村,32147.0,31.7378,11.6397,10.2097,20.0934,1.7513,3.2005,76.6495,63.1723,15.8051,65.8498,56.7559,14.0055,55.7573,69.196,69.0118,238.98,102.02,134.5175,42.6898,0.7351,0.0098,0.0098,86.2862,139.46,0.46,12.9,15.5617,79.4978,83.5758,18.6643,0.2675,111.9856,52.8821,0,17.716
03322,岩手県,矢巾町,町村,28056.0,28.765,7.2736,6.8912,13.5725,1.9283,3.6695,71.8283,71.0238,27.7545,76.6022,57.9039,16.4623,61.5205,83.735,32.2347,67.32,51.57,416.7558,76.6043,1.2798,0.0,0.0194,64.3126,116.1,0.65,15.8,7.0461,79.678,84.3134,17.8215,0.0535,24.9501,46.3359,0,2.3821
03366,岩手県,西和賀町,町村,5134.0,52.686,19.7512,19.7774,24.0263,1.753,3.2811,81.9002,29.0739,19.8271,20.6657,78.0545,16.8506,33.9517,40.172,,590.74,108.43,8.6908,18.3549,0.2675,0.0,0.0092,,,0.14,12.8,14.9177,79.1797,83.7428,19.478,-1.1687,331.1258,175.3019,0,18.5479
03381,岩手県,金ケ崎町,町村,15535.0,31.0808,13.5935,8.9737,18.0492,1.281,2.2655,73.6501,50.0079,34.733,53.2635,58.559,10.6478,41.8171,27.9742,41.0257,179.76,109.19,86.4208,60.7421,0.348,0.0275,0.0092,74.3902,135.25,0.64,13.2,10.129,,,12.8742,0.3412,77.2449,51.4966,0,664.0949
03402,岩手県,平泉町,町村,7252.0,41.1576,13.4514,11.6298,28.4285,2.0408,3.764,76.9792,33.7474,19.6252,40.2719,69.474,27.2054,24.3855,87.0145,0.8097,63.39,32.71,114.4029,51.6012,1.2229,0.0306,0.0,,,0.3,9.1,26.3739,,,0.0,-0.1517,523.9934,27.5786,0,0.0
03441,岩手県,住田町,町村,5045.0,47.4569,17.6447,16.0687,22.7388,1.9425,3.8147,75.964,31.8213,12.3678,33.7003,73.729,46.2356,35.4206,26.2889,,334.84,35.12,15.0669,10.4886,0.2563,0.0,0.0285,,,0.2,9.0,8.193,79.1618,84.0501,59.4648,-0.892,237.8593,39.6432,0,132.4375
03461,岩手県,大槌町,町村,11004.0,39.5835,5.7356,16.3866,15.9664,2.9898,6.0701,75.8767,57.2518,10.5498,65.8672,82.8585,13.4702,59.486,30.1998,83.0952,200.42,24.72,54.9047,12.3341,1.335,0.0405,0.0405,,,0.28,12.7,5.1982,77.7604,82.799,27.2628,-0.6089,81.7884,45.438,0,33.0919
03482,岩手県,山田町,町村,14320.0,40.5758,12.3702,17.0424,18.4981,2.5209,5.0139,75.1976,32.1646,21.1518,42.7706,85.563,17.1203,62.7169,35.5359,50.3906,262.81,26.67,54.488,10.148,1.7998,0.0375,0.0375,,,0.31,5.4,6.5042,78.5774,83.4564,13.9665,-1.0615,118.7151,27.933,0,10.3777
03483,岩手県,岩泉町,町村,8726.0,46.5041,19.465,21.1514,12.4524,2.3378,4.6459,76.654,42.1475,27.9166,36.2808,77.6084,30.5213,49.3443,18.2006,,992.36,76.99,8.7932,7.7583,0.3247,0.0,0.013,,,0.16,14.0,6.8645,78.3504,83.743,0.0,-0.573,80.22,68.76,0,0.0
03484,岩手県,田野畑村,町村,3059.0,44.8438,23.4478,15.2156,16.7616,1.8307,3.5669,78.4457,15.8277,15.2754,,11.6255,23.3647,13.3285,27.7884,0.5213,156.19,21.97,19.5851,14.0662,0.4096,0.0,0.0,,,0.15,8.5,4.1486,78.8449,83.3573,32.6904,-0.2288,32.6904,130.7617,0,13.4031
03485,岩手県,普代村,町村,2487.0,45.4276,18.96,17.7665,17.9695,2.1311,4.0675,78.613,32.3685,5.62,,45.3434,17.7144,25.7614,28.3116,,69.66,8.24,35.702,11.8289,1.0922,0.0,0.0,,,0.14,9.4,4.2934,,,0.0,-1.0052,80.4182,0.0,0,0.0
03501,岩手県,軽米町,町村,8421.0,43.6563,26.1483,17.0388,19.8838,1.6269,2.9783,76.9372,44.2805,19.5641,38.4405,77.0252,16.7572,36.9997,28.6626,,245.82,58.88,34.2568,23.9525,0.2208,0.0,0.017,,,0.34,10.9,9.0169,,,47.5003,-0.7481,130.6258,35.6252,0,98.3591
03503,岩手県,野田村,町村,3936.0,39.3208,14.338,14.6765,19.0794,2.3628,4.6407,79.5591,58.9986,24.5855,39.0676,47.3729,13.735,53.6868,30.4168,,80.8,11.44,48.7129,14.1584,0.5245,0.0,0.0874,,,0.2,6.6,10.0018,,,0.0,-0.5335,76.2195,76.2195,0,55.3201
03506,岩手県,九戸村,町村,5378.0,45.7617,30.7802,16.3627,26.3158,2.3801,4.3806,80.8397,21.4734,20.9274,37.6977,60.1193,16.4813,32.3378,42.3679,,134.02,33.59,40.1283,25.0634,0.2084,0.0298,0.0298,,,0.2,7.2,13.4036,,,0.0,-1.2272,111.5656,55.7828,0,1.14
03507,岩手県,洋野町,町村,15091.0,43.0935,19.3312,16.7446,19.9307,2.856,5.6208,77.6976,25.9758,23.1826,34.1434,49.4993,18.1908,39.4772,37.104,,302.92,66.1,49.8184,21.8209,0.3933,0.0,0.0303,91.6509,155.82,0.26,11.6,9.9398,,,39.7588,-0.2584,72.8911,26.5059,0,38.2615
03524,岩手県,一戸町,町村,11494.0,44.8814,20.1048,18.5578,17.2971,2.0532,3.9591,73.4937,51.3133,19.852,47.0046,69.1524,21.7905,37.4631,36.5489,4.2422,300.03,82.89,38.3095,27.6272,0.2895,0.0,0.0121,,,0.34,7.8,15.3219,,,34.8008,-0.9483,95.7021,26.1006,0,16.4668
04100,宮城県,仙台市,政令市,1096704.0,25.0287,0.7672,9.0756,4.9953,1.9961,4.177,69.6524,96.5849,50.6866,97.0462,92.3181,5.7281,90.1375,71.2362,98.8289,786.35,346.81,1394.6767,44.1038,13.1052,0.2336,0.1009,35.162,78.37,0.88,6.9,16.7811,81.0231,85.1354,0.0912,0.0736,36.9288,35.6523,1,15.6699
04202,宮城県,石巻市,市,140151.0,34.7915,7.2124,13.0457,14.757,2.406,4.918,74.0669,73.0056,77.2271,78.618,72.4157,13.1418,75.7871,42.5671,62.6477,554.55,244.12,252.7292,44.0213,1.8434,0.0451,0.0328,65.8643,110.22,0.53,9.5,5.4836,79.5331,83.8545,18.5514,-0.5994,94.1841,40.6704,1,33.8572
04203,宮城県,塩竈市,市,52203.0,34.6095,1.0406,13.7724,11.451,2.5477,5.3888,73.7334,95.669,93.5717,97.5963,96.6888,2.9427,94.4999,83.7872,99.1802,17.38,14.94,3003.6249,85.9609,16.0643,0.3347,0.0669,66.6667,103.45,0.51,4.6,7.5049,79.8476,84.5022,15.3248,0.2318,55.5524,24.9028,1,17.8735
04205,宮城県,気仙沼市,市,61147.0,40.4947,6.79,14.0331,19.644,1.9805,4.0402,76.645,54.1034,64.1994,66.795,62.3305,14.9314,51.2445,49.2921,41.7949,332.44,93.08,183.9339,27.999,3.0297,0.0859,0.043,73.982,126.91,0.44,8.9,5.4741,79.5131,84.4523,19.6248,-0.7866,99.7596,44.1559,0,14.9326
04206,宮城県,白石市,市,32758.0,37.7982,5.2205,12.7967,16.3647,2.1369,4.2171,73.7144,60.0022,61.0175,68.4898,69.0303,12.728,53.5881,50.88,58.2967,286.48,92.33,114.3466,32.2291,1.2672,0.0325,0.0217,74.0984,117.67,0.49,3.0,8.334,79.9578,84.1582,15.2634,-0.8212,109.8968,27.4742,0,17.7859
04207,宮城県,名取市,市,78718.0,24.1106,3.0627,7.0634,10.4806,2.0948,4.3482,74.0032,81.9419,72.9811,88.3407,86.2225,13.5024,68.1404,63.2829,94.9439,98.18,73.16,801.7723,74.5162,2.7474,0.0273,0.0273,62.8658,105.07,0.8,4.3,11.184,80.6488,84.2001,17.785,0.3354,41.9218,27.9479,0,10.3711
04208,宮城県,角田市,市,27976.0,37.768,7.3612,11.6867,19.1591,2.109,4.223,74.4778,55.4381,65.3477,54.9085,27.7858,15.1294,41.0515,39.5908,42.0912,147.53,91.28,189.6292,61.8722,1.0517,0.0219,0.011,78.2863,127.56,0.5,9.7,8.5766,80.2784,84.2449,14.298,-0.1072,117.9582,25.0214,0,24.1929
04209,宮城県,多賀城市,市,62827.0,25.7472,1.011,9.1604,8.2329,1.945,4.1271,72.4667,97.127,96.5698,99.8889,91.588,5.9049,97.9649,80.1995,100.0,19.69,19.18,3190.8075,97.4099,9.9062,0.365,0.1043,48.2759,92.5,0.69,3.9,13.5434,80.6306,84.7326,17.5084,-0.1926,30.2418,17.5084,0,8.0559
04211,宮城県,岩沼市,市,44068.0,27.8126,2.1876,8.8893,10.9505,1.8744,3.9275,72.8688,86.9139,91.275,91.2477,88.3667,12.2041,76.4809,77.4827,93.1727,60.45,47.9,728.9992,79.239,3.3194,0.0626,0.0209,60.2763,103.66,0.8,-1.8,6.6448,80.252,83.95,22.6922,-0.211,47.6536,20.423,0,26.5291
04212,宮城県,登米市,市,76037.0,37.3926,12.7584,10.8972,28.0259,2.0082,3.7779,76.2765,47.0879,52.5368,48.5632,67.8958,17.3678,40.1531,53.071,23.7039,536.09,307.95,141.8363,57.4437,0.9969,0.0227,0.0097,78.9909,139.48,0.35,7.1,9.8989,79.074,83.2019,19.7272,-0.5603,82.8544,30.2484,0,23.1228
04213,宮城県,栗原市,市,64637.0,42.2371,14.2414,13.5096,26.5808,1.742,3.3764,77.9166,45.0265,51.9459,41.8433,43.8321,16.9866,28.8231,49.0695,15.7643,805.0,371.12,80.2944,46.1019,0.5901,0.0269,0.0108,83.6512,145.3,0.32,7.9,10.5352,79.7777,83.9759,17.0181,-0.5771,103.6558,32.4891,0,25.2909
04214,宮城県,東松島市,市,39098.0,31.0487,7.3689,10.9748,16.6216,3.0487,6.2171,74.7432,67.0882,81.7424,73.5088,63.4385,22.1967,73.4175,62.3648,76.6414,101.3,73.73,385.9625,72.7838,1.302,0.0407,0.0407,72.4089,115.62,0.45,9.5,15.3348,80.0486,84.1377,17.9037,-0.3478,61.3842,28.1344,0,81.385
04215,宮城県,大崎市,市,127330.0,31.8899,7.9353,10.5894,16.8939,2.4071,4.6001,73.8893,63.4996,70.7743,71.9996,62.0227,14.0843,67.2525,51.6143,47.7308,796.81,375.63,159.7997,47.1417,1.3604,0.0666,0.024,66.9647,118.24,0.48,6.9,10.0202,79.4194,83.8084,11.7804,-0.4241,88.7458,30.6291,0,15.8159
04216,宮城県,富谷市,市,51651.0,22.54,1.0522,5.8936,8.6199,1.5663,3.1009,75.6853,90.253,62.1907,96.5918,93.1879,8.6334,83.3707,68.9566,96.5964,49.18,28.53,1050.244,58.0114,3.6102,0.1402,0.0351,79.5091,112.52,0.76,-2.3,12.148,81.0753,84.4371,13.5525,0.2033,19.3607,15.4886,0,12.8229
04301,宮城県,蔵王町,町村,11418.0,39.9765,13.4565,12.9189,24.4052,2.0144,3.8545,75.6741,38.8124,20.885,40.4993,49.1595,22.2853,24.4961,40.5862,10.1578,152.83,67.65,74.7105,44.2649,0.7095,0.0296,0.0148,,,0.43,4.2,16.3511,79.8276,84.0031,8.7581,-0.0701,96.3391,52.5486,0,21.8017
04302,宮城県,七ヶ宿町,町村,1262.0,45.3061,21.2072,20.5374,17.6583,1.1886,2.3885,75.918,55.2527,34.977,28.5371,86.9901,39.0229,70.1907,17.5876,,263.09,31.24,4.7968,11.8743,0.2561,0.0,0.064,,,0.31,6.6,8.8712,79.9586,83.7992,158.4786,1.981,79.2393,79.2393,0,0.0
04321,宮城県,大河原町,町村,23571.0,28.8003,2.6602,10.5152,10.7676,2.4903,5.0434,72.4036,89.1611,69.0233,93.9123,58.0679,8.0111,62.8162,59.0764,90.1373,24.99,17.84,943.2173,71.3886,4.9888,0.0561,0.1682,65.9898,106.69,0.6,0.4,14.9972,80.6017,84.7602,21.2125,-0.1824,67.88,29.6975,0,8.3822
04322,宮城県,村田町,町村,10666.0,38.3759,6.8781,10.7067,22.8746,2.9908,5.7446,73.945,57.3163,34.0722,53.8634,40.1917,21.4834,31.9988,54.0788,48.3579,78.38,36.88,136.0806,47.0528,0.7321,0.0271,0.0271,,,0.41,11.8,9.7757,79.7634,83.3628,9.3756,-0.8626,150.0094,46.8779,0,15.35
04323,宮城県,柴田町,町村,38271.0,31.0462,2.2333,9.017,11.2616,2.9683,5.8949,69.872,81.3102,73.9036,87.206,42.7826,9.5937,55.4066,86.5128,86.5159,54.03,35.16,708.3287,65.075,2.446,0.1138,0.0284,60.4298,103.28,0.59,4.1,12.0383,79.8297,84.1777,7.8388,-0.4573,73.1624,15.6777,1,14.3423
04324,宮城県,川崎町,町村,8345.0,39.9828,9.5834,11.359,23.0223,2.8161,5.0778,75.3014,36.9958,22.2005,47.939,85.5416,24.1983,22.0138,30.8695,27.3706,270.77,63.52,30.8195,23.459,0.3463,0.0157,0.0157,,,0.3,4.8,10.2029,79.8729,83.6826,11.9832,-0.6231,107.849,71.8993,0,392.0713
04341,宮城県,丸森町,町村,12262.0,44.4295,12.1381,15.3428,22.9011,1.941,3.9853,76.0284,28.2427,20.6525,25.2899,49.1959,15.8938,37.3068,20.5795,15.4931,273.3,81.52,44.8664,29.828,0.3435,0.0,0.0123,,,0.3,9.3,7.7681,79.7279,83.8415,40.7764,-0.8155,130.4844,57.0869,0,12.1069
04361,宮城県,亘理町,町村,33087.0,32.9927,6.9744,10.0444,15.7899,2.5781,5.0653,74.6389,61.5182,71.608,76.39,28.583,8.617,59.6799,88.9728,48.8306,73.6,62.03,449.5516,84.2799,0.8867,0.0322,0.0161,81.1945,124.37,0.57,5.3,7.9041,79.9873,83.6485,15.1117,0.0091,66.4914,18.134,0,16.1628
04362,宮城県,山元町,町村,12046.0,42.138,12.1678,15.7953,19.5676,2.7561,5.6626,74.9289,47.622,41.3303,61.2293,24.1519,14.3028,27.2829,71.1847,0.3753,64.58,44.67,186.5283,69.17,0.403,0.0448,0.0,,,0.36,7.1,5.9997,78.9411,82.8525,24.9045,0.2656,157.7287,49.8091,0,12.2041
04401,宮城県,松島町,町村,13323.0,40.0917,5.3057,13.8917,18.2291,3.0999,6.2623,74.819,59.1788,68.765,70.0808,73.6859,39.7737,69.1864,50.4415,23.433,53.56,25.88,248.7491,48.3196,2.5116,0.0773,0.0386,,,0.45,7.4,7.553,79.9878,83.9657,7.5058,-0.0375,82.564,45.0349,0,39.5138
04404,宮城県,七ヶ浜町,町村,18132.0,33.6049,3.1018,9.2036,17.9114,3.3808,6.6479,74.8751,78.0912,81.3043,67.2975,91.3713,8.5966,56.4746,49.5088,88.0694,13.19,11.25,1374.6778,85.2919,1.5111,0.1778,0.0,84.0121,125.64,0.5,0.8,11.8706,79.2791,82.3448,16.5453,-0.535,49.636,27.5756,0,38.5294
04406,宮城県,利府町,町村,35182.0,25.8972,1.827,6.4426,11.7037,2.0238,4.0271,76.1666,78.7902,54.2299,79.0148,87.6676,23.2604,83.0839,64.3783,97.8012,44.89,23.48,783.738,52.3056,4.046,0.1278,0.0426,76.7661,111.78,0.78,6.8,11.4634,81.3324,84.7538,19.8965,0.3496,39.7931,25.5813,0,53.7828
04421,宮城県,大和町,町村,28786.0,23.9808,4.3418,5.9309,12.4145,2.2511,4.275,72.3948,70.5177,49.0654,84.4112,52.0705,17.668,77.3839,67.7333,78.569,225.49,65.4,127.6598,29.0035,1.3761,0.0153,0.0153,61.5591,109.73,1.05,1.0,17.2286,79.9575,84.4016,20.8435,0.0591,111.1651,20.8435,0,26.0249
04422,宮城県,大郷町,町村,7813.0,39.5833,11.7397,11.8241,29.8628,3.0206,5.8985,76.4561,9.3688,9.3871,44.3089,0.2226,28.7977,2.3039,86.2276,,82.01,45.44,95.2689,55.4079,0.3961,0.0,0.0,,,0.51,8.4,7.4131,79.3048,83.8866,38.3975,-1.0111,230.3853,25.5984,0,11.3196
04424,宮城県,大衡村,町村,5849.0,31.3342,10.1104,8.48,23.52,1.7781,3.4644,75.2814,45.5237,62.8482,47.575,63.7048,44.9272,52.1387,73.813,24.7428,60.32,32.1,96.9662,53.2162,0.4361,0.0,0.0,,,0.76,5.8,7.1162,79.9556,84.2763,17.0969,0.4958,136.7755,17.0969,0,222.0091
04444,宮城県,色麻町,町村,6698.0,37.3982,18.6508,7.8571,36.1735,1.5527,2.8634,76.6954,21.8431,31.1935,34.8169,11.4799,10.6772,47.9061,63.244,,109.28,46.66,61.2921,42.6977,0.3,0.0,0.0214,,,0.27,10.2,10.2511,79.8211,83.6763,14.9298,-1.3288,89.579,14.9298,0,24.599
04445,宮城県,加美町,町村,21943.0,39.0629,14.1298,12.3444,27.7028,1.8411,3.2806,76.9923,53.0983,54.033,53.6552,22.4109,12.3259,44.5435,34.8804,,460.67,131.81,47.6328,28.6127,0.5462,0.0076,0.0076,81.3492,145.21,0.34,7.5,14.8654,79.4741,83.235,31.9008,-0.6152,104.817,27.3436,0,17.841
04501,宮城県,涌谷町,町村,15388.0,39.8346,14.0142,13.186,22.3204,2.385,4.5297,74.9044,45.9039,55.0288,59.7854,76.4833,11.8825,33.2146,60.2492,29.8029,82.16,59.52,187.2931,72.444,0.6888,0.0672,0.0168,84.8077,133.21,0.37,7.4,9.3506,79.7108,83.6931,19.4957,-0.9683,110.4757,12.9971,0,11.5045
04505,宮城県,美里町,町村,23994.0,37.0726,9.8647,11.7206,20.1242,1.9463,3.8229,75.8524,49.0547,68.5719,68.3603,85.0842,13.6583,38.5154,50.3729,41.8748,74.99,74.85,319.9627,99.8133,0.8417,0.0401,0.0267,83.5113,139.96,0.41,6.7,12.2345,80.0229,84.5997,16.6708,-0.125,87.5219,20.8385,0,6.9722
04581,宮城県,女川町,町村,6430.0,39.6756,12.5225,15.1834,8.8357,2.0373,3.785,71.4677,62.058,35.2004,76.037,59.3852,17.7699,56.2099,27.2048,18.7498,65.35,10.91,98.3933,16.6947,2.9331,0.0,0.0,,,0.93,5.0,5.0148,80.2181,84.0026,0.0,-0.7621,108.8647,155.521,0,30.3865
04606,宮城県,南三陸町,町村,12225.0,40.0136,21.4309,12.0056,28.2705,2.2004,4.1816,76.0352,24.1034,25.069,29.8172,72.683,28.6847,24.5319,43.1936,1.4308,163.4,38.45,74.8164,23.5312,0.7542,0.026,0.026,,,0.29,9.6,4.2915,79.7022,84.1336,16.3599,-0.8425,155.4192,40.8998,0,11.9593
05201,秋田県,秋田市,市,307672.0,32.9491,1.8447,12.9609,7.3239,1.9449,4.0223,74.6595,88.1036,30.0373,88.4592,84.3588,9.1585,81.8211,54.2269,87.3397,906.07,291.94,339.5676,32.2205,4.3947,0.0514,0.048,63.7086,107.2,0.65,8.8,10.4064,79.8291,84.3581,17.5512,-0.2057,64.0292,44.5279,1,20.1975
05202,秋田県,能代市,市,49968.0,42.0015,8.417,18.6658,13.2141,2.5196,5.21,78.3861,73.8762,13.0517,73.9644,80.4807,14.6538,71.1745,39.2066,43.6033,426.95,177.83,117.0348,41.6512,1.7207,0.0112,0.0169,74.3854,132.66,0.49,7.7,8.8081,78.9708,83.8467,18.0115,-0.3342,112.0717,42.0269,0,8.475
05203,秋田県,横手市,市,85555.0,40.4007,14.7447,12.9784,23.9512,1.98,3.7065,79.6384,52.6874,26.8855,51.2674,67.6637,13.7854,43.0909,54.2619,40.7353,692.8,317.42,123.4916,45.817,1.1467,0.0126,0.0189,81.0596,150.22,0.33,7.2,8.1079,79.4499,83.679,29.221,-0.4079,122.7281,23.3768,1,26.964
05204,秋田県,大館市,市,69237.0,40.0871,6.1541,16.1093,16.188,2.0639,4.1621,77.0587,58.4914,8.5847,67.0546,74.5763,13.316,65.289,53.0367,57.4795,913.22,190.39,75.8163,20.8482,1.4181,0.0053,0.0158,77.526,124.82,0.42,8.2,7.8835,78.2537,83.7896,15.8875,-0.4405,85.2146,23.109,0,29.9817
05206,秋田県,男鹿市,市,25154.0,49.3504,11.7759,19.8239,12.9607,2.3456,5.077,77.9762,57.2495,9.4613,43.9401,80.2636,16.2179,37.1657,31.4105,61.7294,241.09,116.33,104.3345,48.2517,0.8252,0.0086,0.0172,88.3399,143.56,0.34,9.4,7.0877,78.3576,82.3991,23.8531,-0.4174,186.849,11.9265,0,23.6482
05207,秋田県,湯沢市,市,42091.0,42.0764,11.9203,14.1549,23.3675,2.2879,4.3371,77.8926,48.0197,22.8526,54.6981,59.9265,17.2242,34.9116,34.9469,47.636,790.91,158.75,53.2184,20.0718,1.115,0.0126,0.0189,88.3849,150.82,0.32,12.4,8.8476,79.2469,84.0053,9.5032,-0.6605,156.8031,47.5161,1,12.6956
05209,秋田県,鹿角市,市,29088.0,42.0437,12.3582,17.0874,22.0179,2.0524,3.9885,79.1911,45.6553,7.4138,52.0826,72.9394,15.8781,47.8228,38.3782,70.4205,707.52,148.52,41.1126,20.9916,0.7608,0.0067,0.0067,86.4105,159.0,0.32,8.4,9.4642,78.9868,84.1466,34.3784,-0.5672,154.703,44.692,1,25.6257
05210,秋田県,由利本荘市,市,74707.0,38.9401,10.0986,13.065,19.8648,1.7723,3.4094,76.524,61.4838,16.5097,65.0715,77.5988,18.7736,59.2326,44.9191,46.1839,1209.59,297.38,61.7623,24.5852,1.1635,0.0034,0.0168,75.4704,135.22,0.34,10.7,10.1743,,,20.0784,-0.3253,115.1164,26.7713,1,28.6532
05211,秋田県,潟上市,市,31720.0,35.4541,5.649,13.5837,14.4408,2.2919,4.7365,77.5965,61.0547,19.6908,73.1347,87.6232,13.5537,53.8382,65.7219,44.5807,97.72,66.81,324.6009,68.3688,0.8083,0.015,0.015,83.6437,129.16,0.35,6.8,8.3432,79.1367,83.7958,25.2207,0.0441,56.7465,15.7629,0,27.6954
05212,秋田県,大仙市,市,77657.0,39.475,12.2148,13.878,23.5402,2.1492,4.0717,79.4468,47.1296,8.5101,52.7781,57.1235,17.4561,48.7029,52.4769,33.0079,866.79,368.55,89.5915,42.5189,0.8954,0.0,0.0163,80.0428,152.59,0.35,10.6,9.9487,,,23.1789,-0.2949,109.4557,20.6034,0,57.7391
05213,秋田県,北秋田市,市,30198.0,45.8544,10.5777,18.8283,19.1353,2.1127,4.3219,77.4997,47.1957,6.3984,44.0027,70.5608,20.9323,47.2566,37.5529,34.0372,1152.76,195.04,26.1963,16.9194,0.5742,0.0,0.0051,85.1145,143.57,0.26,9.2,8.471,78.7439,83.1408,19.8689,-0.447,129.1476,39.7377,0,67.2254
05214,秋田県,にかほ市,市,23435.0,40.2751,8.8105,13.2822,21.096,1.8903,3.696,77.886,64.7766,11.9895,54.1576,88.7277,17.4897,56.7436,30.1242,54.1319,241.13,84.33,97.1882,34.9728,1.2095,0.0119,0.0119,90.9091,148.93,0.35,8.2,12.204,,,12.8014,-0.0512,136.5479,21.3356,0,25.0303
05215,秋田県,仙北市,市,24610.0,44.6956,12.8714,16.3341,24.0672,2.052,3.8876,79.5341,42.146,3.2999,45.3463,53.1341,25.0508,30.3206,35.9007,36.5298,1093.56,152.89,22.5045,13.9809,1.0073,0.0,0.0065,85.7995,166.42,0.27,9.3,6.7882,,,36.5705,-0.6745,158.4722,56.8874,0,30.1859
05303,秋田県,小坂町,町村,4780.0,45.4066,7.5703,20.6506,15.2292,1.5063,3.1607,76.778,39.691,40.9095,48.5897,64.5922,14.6418,41.0548,36.3256,58.2027,201.7,19.33,23.6986,9.5835,0.9312,0.0,0.0,,,0.37,15.3,7.8148,78.4938,84.6402,0.0,-0.6695,104.6025,41.841,0,73.6611
05327,秋田県,上小阿仁村,町村,2063.0,54.6987,13.3562,24.3636,16.2424,1.9874,4.4711,77.772,57.515,19.505,30.1765,73.5884,38.4426,41.3043,39.5922,,256.72,19.15,8.036,7.4595,0.2611,0.0,0.0,,,0.12,6.7,7.2555,79.1772,84.1018,0.0,-0.3878,872.5158,96.9462,0,36.6268
05346,秋田県,藤里町,町村,2896.0,49.9113,13.2364,19.5166,23.2766,1.3122,2.6893,79.7774,40.2736,30.6092,32.867,84.4062,7.9929,31.462,18.1616,18.8454,282.13,38.29,10.2648,13.5718,0.2873,0.0261,0.0,,,0.13,6.0,20.5909,78.8902,83.3519,0.0,-0.4144,207.1823,69.0608,0,18.953
05348,秋田県,三種町,町村,15254.0,47.4913,19.9869,17.9779,21.9905,2.1961,4.2191,79.9672,30.5763,18.69,42.4818,24.1651,18.3442,24.7362,43.8741,5.3617,247.98,113.53,61.513,45.7819,0.229,0.0088,0.0,85.3791,154.87,0.25,6.8,7.5746,78.4397,83.6774,32.7783,-0.5966,124.5575,19.667,0,49.926
05349,秋田県,八峰町,町村,6577.0,48.9287,19.6636,18.3877,20.5374,1.9462,3.7669,79.5778,37.0375,6.8126,30.0478,49.7444,16.5789,29.1862,39.255,2.4402,234.14,43.3,28.09,18.4932,0.3695,0.0,0.0,,,0.18,8.9,10.2759,78.9572,83.8649,30.409,-0.8819,106.4315,45.6135,0,42.6111
05361,秋田県,五城目町,町村,8538.0,49.5782,11.5481,18.5252,19.8441,3.0101,6.0485,79.4151,61.7371,17.2254,55.6282,22.9603,15.2246,22.9759,37.4499,57.7473,214.92,39.78,39.7264,18.5092,0.729,0.0,0.0251,,,0.24,10.0,11.1914,78.9364,83.1006,0.0,-0.8784,199.1099,23.4247,0,15.0738
05363,秋田県,八郎潟町,町村,5583.0,45.8215,10.5342,17.6195,17.9944,2.436,4.8347,78.9893,83.5125,58.7272,70.5299,61.5088,11.392,54.6153,50.347,70.8893,17.0,13.95,328.4118,82.0588,1.7204,0.0,0.0,,,0.24,11.7,6.5156,78.93,84.0436,17.9115,-0.0537,71.6461,53.7346,0,18.3674
05366,秋田県,井川町,町村,4566.0,43.8051,11.1262,14.1825,27.0519,1.8616,3.7167,78.1317,46.6769,41.9188,49.0982,42.1362,11.9248,22.8764,33.6778,3.679,47.95,21.88,95.2242,45.6309,0.3656,0.0,0.0,,,0.21,6.2,5.8322,78.6062,82.6265,21.901,-1.2922,65.703,0.0,0,84.4996
05368,秋田県,大潟村,町村,3011.0,32.8293,74.1607,6.5868,37.2455,0.3985,0.6067,75.1331,86.1279,52.0075,69.5607,47.2065,34.8822,76.5825,4.4058,,170.11,159.65,17.7003,93.851,0.0063,0.0,0.0,,,0.34,8.4,8.2273,79.559,84.8322,33.2116,-0.1328,33.2116,132.8462,0,14.4676
05434,秋田県,美郷町,町村,18613.0,41.1867,14.9269,11.9195,33.663,1.6977,3.109,79.6662,31.009,17.8178,33.2963,37.1635,9.6821,13.4941,35.8594,22.5554,168.32,96.37,110.581,57.254,0.3839,0.0,0.0104,94.3231,211.42,0.24,-1.3,11.4227,,,26.8629,-0.3653,188.0406,21.4904,0,60.6312
05463,秋田県,羽後町,町村,13825.0,41.6997,16.2441,11.9406,31.8417,2.3797,4.2266,79.2312,31.5641,1.3362,23.602,29.4355,8.4716,38.7223,23.7647,1.9426,230.78,69.93,59.9055,30.3016,0.6149,0.0,0.0143,,,0.25,10.5,8.6814,79.1784,83.5325,7.2333,-0.6727,188.0651,50.6329,0,6.5675
05464,秋田県,東成瀬村,町村,2704.0,40.9432,9.4448,13.1646,29.6203,1.2944,2.1848,76.6382,29.3306,,15.3265,50.7742,28.9395,30.5533,17.7601,,203.69,31.96,13.2751,15.6905,0.1252,0.0,0.0,,,0.12,16.2,5.9868,79.1674,83.8536,0.0,-0.2219,73.9645,0.0,0,118.3432
06201,山形県,山形市,市,247590.0,30.7764,3.1523,9.9451,11.7658,1.7238,3.4868,74.0298,90.8233,0.2963,87.1933,82.037,9.6278,0.2243,65.9348,88.1784,381.3,172.46,649.3312,45.2295,7.0451,0.0812,0.0812,56.704,108.26,0.74,7.4,11.0312,81.1735,85.0361,8.4818,-0.1846,95.3189,43.2166,1,16.0881
06202,山形県,米沢市,市,81252.0,32.8542,3.3492,9.9961,16.0846,1.8301,3.5102,72.5204,79.948,39.8882,74.557,68.4725,9.8237,63.4076,44.8593,61.1667,548.51,133.01,148.1322,24.2493,2.8494,0.0301,0.0451,63.3562,116.45,0.57,7.8,8.9334,79.6597,84.3425,12.3074,-0.6904,142.7657,82.4595,0,18.3869
06203,山形県,鶴岡市,市,122347.0,36.4271,8.9722,13.0829,21.2632,1.6617,3.1556,77.176,67.8919,50.442,68.8764,64.7103,13.9219,63.6638,48.5146,58.6552,1311.51,400.66,93.2871,30.5495,1.4526,0.01,0.0175,79.6968,146.74,0.41,6.1,9.7056,79.5361,84.4904,19.6163,-0.4046,166.7389,28.6072,0,16.345
06204,山形県,酒田市,市,100273.0,37.3978,8.3622,13.3026,17.8489,1.9168,3.6814,77.1433,75.1062,51.1579,72.6359,61.0231,13.0566,71.6778,64.4747,69.3606,602.98,242.04,166.2957,40.1406,2.1277,0.0124,0.0165,76.8248,131.7,0.48,10.1,7.223,79.391,83.603,16.9537,-0.4438,120.6706,38.8938,0,26.3531
06205,山形県,新庄市,市,34432.0,33.8801,8.7994,11.3441,20.8731,2.1085,4.0333,77.5756,70.494,48.9884,77.0096,78.9075,16.9216,60.2865,53.9264,60.2567,222.85,94.53,154.5075,42.4187,2.6341,0.0317,0.0423,67.1654,131.1,0.5,7.1,18.6148,78.4894,83.5251,29.0428,-0.3834,98.7454,55.1812,0,36.1745
06206,山形県,寒河江市,市,40189.0,32.8066,9.3686,8.4832,23.791,1.8687,3.4399,77.7183,79.6608,24.024,80.2345,71.9537,13.4766,56.1644,70.1466,67.6028,139.03,69.73,289.0671,50.1546,3.0833,0.0287,0.0287,80.2726,153.34,0.53,7.8,9.1244,80.3811,84.5489,14.9295,-0.2414,184.13,37.3236,0,32.3592
06207,山形県,上山市,市,29110.0,40.2115,9.9086,13.9785,21.6957,2.0921,4.0462,76.5769,75.2778,57.8351,67.5636,79.3568,21.7357,55.2264,36.4607,60.5647,240.93,78.46,120.8235,32.5655,1.453,0.0,0.0127,81.3346,137.6,0.48,6.8,9.0645,79.6486,84.302,13.741,-0.4088,123.6688,54.9639,0,7.2072
06208,山形県,村山市,市,22516.0,40.9484,13.615,11.7834,29.4452,1.9408,3.5961,79.3641,49.8067,15.1337,46.6521,74.497,21.8887,63.5936,78.4379,35.7692,196.98,88.81,114.306,45.0858,0.9796,0.0113,0.0113,88.2514,170.38,0.35,8.6,6.2251,80.2678,84.512,26.6477,-0.5374,177.6514,39.9716,0,37.9145
06209,山形県,長井市,市,26543.0,37.9462,6.5305,11.5303,22.8699,1.3224,2.5054,76.782,59.3949,29.5311,67.3448,55.0521,12.7647,54.2487,66.7497,45.0838,214.67,79.11,123.6456,36.8519,1.618,0.0126,0.0253,76.5957,137.99,0.43,10.9,8.8841,80.1849,85.385,11.3024,-0.437,131.8615,37.6747,0,11.6249
06210,山形県,天童市,市,62140.0,30.9037,9.4413,8.6416,18.6053,2.1902,3.9641,76.3104,82.0518,49.5893,74.2891,58.5758,11.4749,77.9147,64.8881,87.9585,113.02,75.35,549.8142,66.6696,4.1009,0.0664,0.0265,69.5846,125.68,0.66,4.1,10.0469,80.8492,84.22,14.4834,0.0064,91.7284,24.139,0,17.4211
06211,山形県,東根市,市,47682.0,28.0849,11.2968,7.6988,19.8221,1.6757,3.0888,76.2827,75.556,40.8815,65.9746,75.4731,12.9348,67.6027,65.4188,63.6364,206.94,74.68,230.4146,36.0878,2.1023,0.0,0.0134,71.4534,133.34,0.62,7.5,10.5051,80.4643,85.0399,14.6806,0.1174,94.3752,14.6806,0,11.8666
06212,山形県,尾花沢市,市,14971.0,43.7625,20.755,12.0099,31.7389,1.5497,2.8456,79.8469,46.3851,30.4104,49.3129,81.3934,27.5461,51.57,33.7135,37.7624,372.53,113.4,40.1874,30.4405,0.4762,0.0,0.0088,89.6018,185.16,0.28,7.1,6.9464,80.385,84.0017,6.6796,-1.3493,100.1937,13.3592,0,12.1081
06213,山形県,南陽市,市,30420.0,35.0755,9.3536,10.7183,22.584,1.7291,3.1923,76.9239,71.4471,58.6613,77.5575,62.6406,17.9217,59.9962,50.2585,47.6447,160.52,64.35,189.5091,40.0885,3.1546,0.0155,0.0155,78.5579,139.4,0.46,12.0,8.3184,79.9445,84.0961,13.1492,-0.2498,141.3544,39.4477,0,19.7563
06301,山形県,山辺町,町村,13725.0,35.0479,5.6792,9.265,23.3275,1.9235,3.6748,77.994,70.8454,70.4687,76.2807,46.0796,10.5448,63.665,28.388,75.8775,61.45,29.75,223.3523,48.4133,0.7395,0.0336,0.0336,,,0.37,10.5,10.2773,80.2347,84.4721,21.8579,-0.5392,153.0055,21.8579,0,20.823
06302,山形県,中山町,町村,10746.0,37.8565,9.0168,9.0288,27.0578,2.0845,3.8977,77.7394,56.9418,12.1638,63.3799,48.664,16.2292,8.5746,63.0804,40.8838,31.15,21.14,344.9759,67.8652,0.7096,0.0473,0.0,,,0.35,11.9,9.2823,80.4178,84.6368,0.0,-0.1024,83.7521,27.9174,0,29.2572
06321,山形県,河北町,町村,17641.0,38.8176,10.4032,10.5851,27.2235,1.5532,2.8691,79.1128,73.6891,42.8861,61.5253,84.3739,11.656,50.5715,69.9271,63.2739,52.45,38.22,336.3394,72.8694,1.439,0.0523,0.0262,89.539,156.83,0.44,8.8,7.7089,79.7851,84.818,17.0058,0.0737,153.0525,51.0175,0,33.2044
06322,山形県,西川町,町村,4956.0,47.261,9.7502,14.4979,30.6001,1.473,2.8571,81.1765,27.3666,22.9673,49.0437,,35.7957,31.2809,27.5188,31.3115,393.19,73.37,12.6046,18.6602,0.1908,0.0,0.0,,,0.22,11.5,8.281,80.0914,85.0957,0.0,-0.3834,262.3083,40.3551,0,564.7151
06323,山形県,朝日町,町村,6366.0,46.1077,25.2399,14.192,28.7588,1.4766,2.6606,78.7612,57.1881,25.4473,33.169,44.8486,18.3237,30.7852,33.3525,26.0769,196.81,55.73,32.3459,28.3167,0.3589,0.0,0.0,,,0.19,6.4,8.8111,80.1823,84.5971,47.1254,-0.9739,267.0437,15.7085,0,6.555
06324,山形県,大江町,町村,7646.0,40.9253,14.3954,12.7718,26.9672,1.5694,2.8874,78.288,47.6853,43.471,49.9634,41.2868,10.0255,30.3801,41.2377,44.0227,154.08,29.07,49.6236,18.8668,1.0664,0.0344,0.0344,,,0.26,7.6,8.5442,79.8774,84.3649,26.1575,-1.0594,274.6534,26.1575,0,7.5018
06341,山形県,大石田町,町村,6577.0,43.6153,14.7861,11.7308,34.4712,2.0526,3.7313,77.9732,56.3556,23.642,25.4615,45.1979,16.6719,45.9833,42.3541,41.2232,79.54,37.84,82.688,47.5735,0.74,0.0,0.0,,,0.21,11.6,7.6304,79.802,83.3199,0.0,-0.6234,228.0675,30.409,0,16.4408
06361,山形県,金山町,町村,5071.0,39.2739,17.1522,9.8789,38.6871,1.7945,3.2076,80.0753,43.3749,29.3641,32.1998,37.04,18.5055,13.9112,44.3493,,161.67,36.35,31.3664,22.4841,0.5502,0.0,0.0275,,,0.19,10.2,9.158,79.5144,84.0447,0.0,-0.9268,118.3199,98.5999,0,12.4307
06362,山形県,最上町,町村,8080.0,43.0919,18.0903,11.7579,35.5452,1.4975,2.7538,80.6344,32.0037,22.7767,35.7959,45.7939,16.2121,41.7113,39.1755,0.197,330.37,64.8,24.4574,19.6144,0.3704,0.0,0.0154,,,0.22,8.6,10.3275,79.665,84.1422,0.0,-0.8663,123.7624,49.505,0,27.8989
06363,山形県,舟形町,町村,5007.0,43.4291,19.1489,11.817,33.291,1.7775,3.5136,80.7189,28.592,35.1563,21.2605,37.4088,29.7515,23.0635,37.2085,,119.03,34.71,42.065,29.1607,0.2881,0.0,0.0,,,0.19,12.6,6.7713,78.9622,83.2563,59.9161,0.1598,99.8602,59.9161,0,75.5179
06364,山形県,真室川町,町村,7203.0,43.2867,19.7934,12.6407,33.8528,1.5966,3.0319,79.9447,40.8037,15.1126,37.163,41.7433,15.4862,26.8796,39.4603,27.2206,374.22,51.59,19.248,13.786,0.3101,0.0,0.0194,,,0.21,5.5,10.5237,78.4823,83.268,27.7662,-0.4581,124.9479,27.7662,0,49.5249
06365,山形県,大蔵村,町村,3028.0,42.6855,20.2785,12.6059,34.8517,1.5192,2.7091,80.6691,53.9836,13.2093,0.6895,82.9127,22.535,20.4731,12.4435,,211.64,32.49,14.3073,15.3515,0.2155,0.0,0.0,,,0.15,8.0,11.2327,79.7228,82.9187,33.0251,-1.0568,330.251,33.0251,0,13.4746
06366,山形県,鮭川村,町村,3902.0,43.5094,29.6789,11.8388,40.3023,1.2301,2.1544,81.3352,14.0102,4.4342,13.2896,55.8708,24.7587,17.5426,23.8165,,122.14,41.8,31.9469,34.223,0.1675,0.0,0.0,,,0.17,6.1,7.9358,80.1582,83.5775,25.6279,-1.307,153.7673,25.6279,0,7.8109
06367,山形県,戸沢村,町村,4199.0,43.3967,14.7262,12.2222,34.963,2.1196,3.9346,79.7906,21.9506,7.9192,28.5165,22.3951,31.0267,13.713,41.1402,,261.31,46.08,16.069,17.6342,0.3255,0.0,0.0,,,0.16,11.6,7.5745,78.7161,83.5676,0.0,-1.3813,190.5216,71.4456,0,3.0031
06381,山形県,高畠町,町村,22463.0,35.0952,13.7347,9.2704,29.0498,2.0478,3.6601,77.3467,48.5241,24.6951,52.9615,14.3041,19.8858,40.8435,52.1895,37.2611,180.26,76.65,124.6144,42.5219,0.9915,0.013,0.013,88.1471,162.94,0.39,10.6,7.4881,79.49,84.5052,0.0,-0.5253,218.1365,31.1624,0,27.2434
06382,山形県,川西町,町村,14558.0,40.2249,16.2812,10.5774,35.972,1.9439,3.6051,77.3755,40.1454,13.0628,43.8363,31.1612,17.0376,30.0839,32.1945,20.5952,166.6,86.46,87.383,51.8968,0.4511,0.0347,0.0116,,,0.25,12.0,8.474,79.6333,84.1289,20.6072,-0.5014,226.6795,75.5598,0,25.029
06401,山形県,小国町,町村,7107.0,41.9475,7.9716,14.6891,19.4067,1.5337,2.9994,78.7708,41.164,35.0008,60.3228,37.8023,23.6639,37.2935,27.2997,56.4747,737.56,78.62,9.6358,10.6595,0.3816,0.0,0.0254,,,0.28,12.4,8.7881,80.0391,84.247,14.0706,-0.9005,126.6357,28.1413,0,40.5516
06402,山形県,白鷹町,町村,12890.0,40.5293,10.4749,12.6973,27.9799,1.2878,2.434,78.7019,43.868,35.9681,38.5079,55.7219,17.334,37.07,58.3875,30.883,157.71,57.02,81.7323,36.155,0.684,0.0,0.0175,,,0.27,9.3,7.6022,80.2719,83.4981,23.2739,-0.5896,209.4647,15.5159,0,31.9332
06403,山形県,飯豊町,町村,6613.0,39.8406,16.482,12.8011,31.8847,1.4063,2.5115,80.3523,14.6011,26.5542,40.0731,26.2991,21.8201,39.9035,44.8468,,329.41,54.25,20.0753,16.4688,0.2396,0.0,0.0,,,0.2,12.0,14.5747,80.0743,84.3333,15.1217,-1.1795,136.0956,75.6086,0,47.0626
06426,山形県,三川町,町村,7601.0,34.1121,14.4798,9.53,29.3661,1.3419,2.5475,79.6293,44.0546,27.7687,38.3135,36.3055,27.4895,32.5079,69.5681,15.8907,33.22,33.22,228.8079,100.0,0.9031,0.0301,0.0,,,0.37,10.6,14.1874,79.9378,84.5686,0.0,0.1579,184.1863,39.4685,0,7.8465
06428,山形県,庄内町,町村,20151.0,38.7241,12.1209,11.2116,30.8017,1.5632,2.8468,79.593,50.233,50.2625,44.5005,84.4689,16.6206,22.0365,49.6829,17.6127,249.17,110.65,80.8725,44.4074,0.5423,0.0362,0.009,89.2019,153.92,0.3,11.0,13.134,78.8946,83.6659,44.6628,-0.4169,138.9509,24.8127,0,13.6381
06461,山形県,遊佐町,町村,13032.0,43.8678,16.6023,14.1046,29.4997,1.6651,3.1246,78.4372,37.393,33.255,31.8821,25.2004,18.2488,29.0758,56.7041,16.4894,208.39,96.88,62.5366,46.4898,0.3819,0.0,0.0103,,,0.29,9.9,9.2514,79.1173,84.6459,30.6937,-0.5832,191.8355,69.0608,0,22.9159
07201,福島県,福島市,市,282693.0,31.2163,3.8741,11.7907,9.4102,1.815,3.7763,73.2689,85.0122,70.7348,86.1684,80.5089,9.2293,71.5407,56.4473,78.0921,767.72,274.21,368.2241,35.7174,3.7562,0.0985,0.0547,58.7291,101.72,0.76,1.4,11.033,79.9714,84.025,18.7483,-0.3357,65.7958,69.6869,1,11.5104
07202,福島県,会津若松市,市,117376.0,32.4087,4.4975,13.0248,13.1128,1.7959,3.6439,74.8714,84.5415,83.3001,89.0669,80.5581,10.0086,72.0765,61.8746,85.8952,382.97,146.19,306.4888,38.1727,4.4805,0.0137,0.0616,62.1678,110.9,0.62,4.8,8.9911,79.3315,84.2552,24.7069,-0.4175,97.9757,58.7854,1,22.5666
07203,福島県,郡山市,市,327692.0,27.978,2.828,9.7606,9.9518,2.0074,4.1358,73.1754,84.3306,79.5964,86.7166,67.3742,8.3069,79.0334,48.3036,79.7636,757.2,333.81,432.7681,44.0848,3.5499,0.0869,0.0389,52.0545,96.42,0.82,2.7,10.9437,79.7522,84.3124,19.2254,-0.2203,41.8076,42.723,1,14.3601
07204,福島県,いわき市,市,332931.0,32.1511,2.5042,12.8947,10.5335,2.3584,5.041,74.356,76.2375,81.5485,80.9208,66.9208,12.3547,57.755,46.3619,76.5119,1232.51,352.77,270.1244,28.6221,3.4754,0.0992,0.051,64.5409,105.64,0.79,7.8,9.7504,78.4764,82.7129,18.9228,-0.2923,77.1932,42.3511,0,14.9671
07205,福島県,白河市,市,59491.0,31.3536,6.2246,10.81,15.0708,2.0356,4.0066,74.4597,53.9592,57.2478,64.8279,68.2856,14.8562,46.4644,52.8827,42.9153,305.32,132.13,194.848,43.2759,2.2326,0.0681,0.0303,69.4312,116.16,0.61,9.5,12.5994,79.1277,83.7595,16.8093,-0.5513,79.0035,47.0659,1,25.0265
07207,福島県,須賀川市,市,74992.0,30.0279,7.6023,9.7633,18.2453,1.8815,3.7127,75.0076,66.1517,51.5822,70.0881,69.2868,11.708,65.0423,49.8202,57.4932,279.43,160.47,268.3749,57.4276,1.7386,0.0187,0.0187,75.0275,121.2,0.56,8.3,11.1774,79.2484,83.6814,16.0017,-0.6001,78.6751,33.3369,1,17.0205
07208,福島県,喜多方市,市,44760.0,37.2903,10.917,14.1983,22.1653,1.7471,3.4102,77.0952,49.7121,54.7231,59.1605,58.0987,11.8333,65.2479,48.647,53.1391,554.63,181.48,80.7025,32.7209,1.1406,0.022,0.011,81.4459,148.68,0.37,6.8,9.3876,79.1542,84.1708,15.639,-0.3977,118.4093,55.8534,0,8.4029
07209,福島県,相馬市,市,34865.0,32.8086,7.6811,11.9633,16.4658,1.7037,3.3484,75.8714,41.2333,43.8856,66.5944,58.4178,14.2479,41.2911,49.0151,47.5781,197.79,91.75,176.2728,46.3876,1.8965,0.0872,0.0218,68.984,112.66,0.64,11.5,9.1383,78.4032,82.7712,14.341,-0.6884,88.9144,97.519,0,9.8628
07210,福島県,二本松市,市,53557.0,35.7685,8.6839,11.1214,21.4887,2.2201,4.1646,75.5454,51.1401,36.9196,54.5407,59.2937,14.7968,51.4373,46.3852,32.0407,344.42,190.36,155.4991,55.2697,0.8353,0.0683,0.0105,78.6973,137.84,0.46,8.9,10.3167,79.765,83.9071,16.8045,-0.5135,136.3034,41.0777,0,15.4255
07211,福島県,田村市,市,35169.0,37.9613,13.4137,11.657,26.0676,2.5903,4.7749,75.9479,40.7962,23.9308,38.6946,41.3805,14.7267,41.0121,31.8412,25.0445,458.33,154.42,76.7329,33.6919,0.4598,0.0324,0.0065,84.1065,136.36,0.35,8.3,8.451,79.1715,83.3721,25.5907,-0.364,119.4234,39.8078,0,19.0049
07212,福島県,南相馬市,市,59005.0,37.3839,5.4543,12.5869,15.0931,2.3117,4.8455,75.8719,64.2961,66.2552,71.7702,36.6359,15.4781,46.9409,54.2746,59.444,398.58,184.49,148.038,46.2868,0.9377,0.0542,0.0163,67.5973,121.85,0.65,9.1,8.3367,79.6481,83.9786,27.1163,-0.3135,89.8229,50.8431,0,21.2471
07213,福島県,伊達市,市,58240.0,36.7372,12.4648,11.9941,19.1982,2.4468,4.6117,75.175,66.3878,46.4473,65.324,62.961,12.4409,55.0688,38.6467,27.2027,265.12,132.87,219.6741,50.1169,1.0687,0.0226,0.0151,81.8359,137.68,0.4,7.8,11.8014,79.342,83.7958,18.8874,-0.2249,113.3242,48.0769,0,13.1274
07214,福島県,本宮市,市,30236.0,28.916,4.7385,8.5915,19.8731,2.1035,4.0068,73.674,54.177,28.1466,59.1077,50.0996,14.7831,42.2055,50.2015,27.6896,88.02,60.71,343.5128,68.973,1.3177,0.0988,0.0165,74.0307,120.33,0.64,5.7,10.2151,79.4528,84.0579,16.5366,0.291,72.7609,29.7658,0,29.2114
07301,福島県,桑折町,町村,11459.0,37.6652,12.7257,13.1787,19.469,2.1119,4.032,75.6799,70.7713,63.2436,73.7148,45.6833,12.5349,41.8462,56.7298,62.0381,42.97,24.56,266.6744,57.1562,0.7329,0.0407,0.0,,,0.42,9.2,12.7304,79.2932,83.7461,17.4535,0.3927,191.9888,43.6338,0,29.3457
07303,福島県,国見町,町村,8639.0,43.094,16.045,14.5559,21.6416,2.8013,5.3718,75.7905,53.2935,52.3976,51.7922,42.0014,9.6292,47.3987,30.8301,,37.95,23.47,227.6416,61.8445,0.3835,0.0426,0.0,,,0.29,3.2,11.9078,78.5573,83.1716,57.8771,0.0926,162.0558,34.7262,0,0.0
07308,福島県,川俣町,町村,12170.0,44.1516,5.8635,16.3697,17.8789,1.5037,3.1492,74.5786,50.9012,52.1444,60.4077,52.1488,16.5746,25.4868,41.3909,31.2474,127.7,37.55,95.3015,29.4049,0.7989,0.0266,0.0266,,,0.33,4.4,16.9443,79.0541,83.6207,32.8677,-0.4437,172.5555,57.5185,0,29.2394
07322,福島県,大玉村,町村,8900.0,27.8916,11.3548,8.255,25.0784,1.6854,3.125,76.3965,30.1379,27.6466,33.7909,26.1153,17.0942,32.4413,17.9621,,79.44,30.56,112.0342,38.4693,0.4581,0.0654,0.0,,,0.37,7.2,12.2222,79.4147,84.0894,33.7079,1.0112,56.1798,22.4719,0,2.6765
07342,福島県,鏡石町,町村,12318.0,28.715,8.9523,9.2406,17.9094,2.2,4.2543,74.5461,76.5587,53.2291,76.1282,65.3869,13.0544,64.0332,79.9065,9.1885,31.3,27.85,393.5463,88.9776,1.1849,0.0359,0.0359,,,0.56,8.5,8.5474,79.3996,83.6332,8.1182,0.2435,32.4728,32.4728,0,15.936
07344,福島県,天栄村,町村,5194.0,38.6273,14.8619,9.8262,33.2534,1.7905,3.2689,77.5418,32.0995,30.3886,7.4388,79.9813,25.6754,2.4326,15.8434,0.006,225.52,37.21,23.0312,16.4996,0.215,0.0537,0.0,,,0.3,7.8,10.361,78.7097,83.0351,77.0119,-0.8086,38.506,0.0,0,5.2412
07362,福島県,下郷町,町村,5264.0,46.771,13.8398,17.5051,24.692,2.6026,4.8999,78.744,30.8802,5.3639,22.545,88.1985,43.3757,25.9671,30.2085,7.7386,317.04,43.7,16.6036,13.7837,1.0755,0.0,0.0,,,0.33,6.5,10.1649,78.696,83.7847,37.9939,-1.6907,151.9757,37.9939,0,34.8433
07364,福島県,檜枝岐村,町村,504.0,38.3698,2.0478,11.0132,12.7753,0.5952,1.0135,82.7354,79.7958,,,79.587,91.424,,5.9104,,390.46,52.46,1.2908,13.4354,0.1525,0.0,0.0,,,0.27,1.8,7.4301,80.7162,84.7717,0.0,-2.7778,,0.0,0,67.381
07367,福島県,只見町,町村,4044.0,47.9363,14.7733,20.2088,19.7789,0.9891,1.913,81.3787,9.5325,26.492,42.4936,24.7246,22.9028,53.1151,21.5407,,747.56,171.51,5.4096,22.9426,0.0816,0.0,0.0058,,,0.21,3.0,11.4263,78.2227,83.6588,0.0,-1.1128,296.7359,98.912,0,0.0
07368,福島県,南会津町,町村,14451.0,43.7122,13.3105,17.1798,18.8978,1.4117,2.7149,79.9123,38.8042,40.8101,35.8883,73.7966,26.1039,39.4163,35.0859,6.3023,886.47,79.89,16.3017,9.0121,0.8637,0.025,0.0125,,,0.24,5.8,8.1154,79.5033,84.1799,34.5997,-1.3563,152.2386,131.4788,0,57.2691
07402,福島県,北塩原村,町村,2556.0,40.8735,13.413,11.3113,20.6206,1.4476,2.3979,76.6885,17.5417,21.8066,17.2739,49.58,41.9411,37.7859,16.603,1.1617,234.08,25.64,10.9193,10.9535,0.663,0.078,0.0,,,0.23,14.3,8.2083,79.5581,84.555,39.1236,-1.0172,39.1236,39.1236,0,0.0
07405,福島県,西会津町,町村,5770.0,49.3345,16.7638,20.5983,20.6838,1.9237,3.6658,79.0566,18.2721,5.2894,31.669,77.0191,12.7601,11.1503,10.8893,5.1431,298.18,48.12,19.3507,16.1379,0.5819,0.0,0.0208,,,0.2,12.6,4.9045,79.3045,84.554,34.662,-0.4333,259.9653,86.6551,0,27.8234
07407,福島県,磐梯町,町村,3322.0,37.9876,14.2157,14.3918,29.5265,1.4148,2.7993,79.308,20.9397,44.5485,40.4088,85.6839,37.7877,28.7074,50.0233,,59.77,21.25,55.5797,35.553,0.3765,0.0471,0.0,,,0.28,12.6,7.4812,79.305,84.477,0.0,-0.9934,60.2047,60.2047,0,3.3399
07408,福島県,猪苗代町,町村,13552.0,40.9629,12.4386,14.0605,25.9693,1.5348,3.0053,77.5984,45.005,48.5417,35.6827,63.7916,35.3682,15.111,47.1679,30.4698,394.85,73.65,34.3219,18.6527,1.0591,0.0,0.0136,,,0.37,10.3,25.0722,79.2352,84.5214,22.137,-0.546,162.3377,36.8949,0,13.7718
07421,福島県,会津坂下町,町村,15068.0,38.2353,14.364,12.4693,24.863,2.4157,4.3344,77.2609,51.53,47.1341,55.8958,84.2038,14.6048,36.4185,66.963,62.5066,91.59,61.49,164.5158,67.1362,1.301,0.0325,0.0163,81.5939,150.19,0.37,11.0,9.4424,79.1243,83.6983,19.9097,-0.7765,139.3682,66.3658,0,17.3729
07422,福島県,湯川村,町村,3081.0,35.2131,21.8788,10.9969,30.9353,1.2983,2.3669,78.8716,29.9344,37.7531,30.7847,53.4764,42.9745,27.7728,70.1264,21.0242,16.37,16.37,188.2101,100.0,0.3054,0.0611,0.0,,,0.22,10.6,13.385,79.712,83.8852,32.457,-0.6816,64.914,32.457,0,2.7809
07423,福島県,柳津町,町村,3081.0,47.3792,16.3015,19.0349,24.3074,1.493,2.8786,78.3539,24.4845,17.6865,29.2011,48.821,28.7138,19.6302,15.5854,,175.82,22.02,17.5236,12.5242,0.5904,0.0,0.0,,,0.18,4.9,10.0067,79.3188,84.3169,0.0,-1.0062,162.285,129.828,0,12.2467
07444,福島県,三島町,町村,1452.0,55.0,9.7913,24.025,14.0406,1.584,3.5604,78.524,30.8263,43.7382,,53.3718,32.569,61.2792,29.1878,,90.81,11.62,15.9894,12.7959,0.6024,0.0,0.0,,,0.13,6.2,8.253,79.1272,83.4039,68.8705,-1.1708,137.741,275.4821,0,0.0
07445,福島県,金山町,町村,1862.0,60.6962,11.8799,28.1465,11.6705,1.0204,2.4204,80.2833,34.8601,19.5233,10.8912,68.5778,35.1257,28.7324,35.4494,,293.92,75.71,6.3351,25.7587,0.1189,0.0,0.0132,,,0.24,4.4,9.5914,79.1189,83.8546,0.0,1.2352,,107.4114,0,4.4742
07446,福島県,昭和村,町村,1246.0,57.4107,32.5784,27.2109,12.7551,1.6854,3.5294,80.9322,27.8669,27.9093,14.8356,75.431,26.9306,54.2284,12.0202,,209.46,19.17,5.9486,9.1521,0.2608,0.0,0.0,,,0.09,6.0,6.7705,79.048,84.3131,0.0,0.321,80.2568,80.2568,0,0.0
07447,福島県,会津美里町,町村,19014.0,41.2825,14.9825,14.0068,28.2306,1.7513,3.3065,78.224,41.3134,40.0159,46.2895,45.2449,11.9472,27.3216,37.6988,34.719,276.33,75.36,68.809,27.2717,0.5175,0.0133,0.0133,93.8211,155.88,0.28,5.2,14.927,78.9502,83.7366,5.2593,-0.3787,110.4449,47.3335,0,145.5536
07461,福島県,西郷村,町村,20808.0,25.9149,6.1728,8.2724,12.6687,1.7493,3.4437,72.0412,47.1167,39.8655,64.8625,68.0727,9.9453,40.156,55.3732,34.9665,192.06,62.11,108.3411,32.3389,1.0948,0.0322,0.0,70.5,105.26,0.98,3.3,10.8523,78.7532,83.274,19.2234,0.9852,9.6117,14.4175,0,2.2516
07464,福島県,泉崎村,町村,6213.0,33.8925,10.8613,10.7914,24.1727,3.2191,6.4704,75.997,21.1078,6.7855,61.8434,21.0876,20.8601,7.3729,54.6413,1.5803,35.43,24.21,175.3599,68.3319,0.4957,0.0413,0.0,,,0.53,7.2,14.9915,79.1941,84.0387,64.3811,0.0483,64.3811,0.0,0,25.3792
07465,福島県,中島村,町村,4885.0,32.6213,17.4237,9.2824,30.0856,1.8424,3.0949,77.0642,48.2158,38.1348,33.5853,3.1588,16.3331,34.7482,68.2726,10.6679,18.92,15.7,258.1924,82.981,0.5096,0.0637,0.0,,,0.29,8.8,19.8735,79.552,84.8731,40.9417,-0.9417,40.9417,0.0,0,30.2387
07466,福島県,矢吹町,町村,17287.0,31.4684,11.8317,11.0415,20.2538,2.0883,4.1928,73.4676,57.3445,34.7181,70.1249,30.3981,13.1212,45.8075,43.357,49.6051,60.4,49.16,286.2086,81.3907,1.0171,0.0814,0.0203,79.2517,123.63,0.6,11.2,12.0542,79.0836,83.9721,17.3541,0.0752,69.4163,34.7082,0,16.0074
07481,福島県,棚倉町,町村,13343.0,33.3948,7.8711,10.7226,22.5895,1.8062,3.4872,76.7472,51.4754,22.3788,69.4038,53.9538,16.2556,26.1199,43.2327,52.8084,159.93,41.13,83.4303,25.7175,1.6776,0.0729,0.0243,,,0.51,12.6,11.1322,79.1331,83.4608,37.4728,-0.7345,134.9022,29.9783,1,7.7357
07482,福島県,矢祭町,町村,5392.0,41.7478,14.0738,14.0097,26.5164,2.1884,4.0944,79.063,37.4268,28.5541,35.3249,77.6021,22.1362,22.4138,31.4136,,118.27,24.33,45.5906,20.5716,0.822,0.0411,0.0,,,0.34,3.2,8.6345,80.273,84.7372,18.546,0.204,55.638,55.638,0,7.0716
07483,福島県,塙町,町村,8302.0,39.9298,15.5723,12.6664,24.2745,1.4936,2.7494,77.9217,37.0554,37.427,49.7966,65.9957,13.7449,32.5788,26.4466,25.84,211.41,40.36,39.2697,19.0909,0.8176,0.0496,0.0,,,0.27,9.3,8.3278,78.9199,84.3377,36.1359,-0.6023,24.0906,60.2265,0,1.6663
07484,福島県,鮫川村,町村,3049.0,41.6807,20.6004,13.0478,32.7689,1.3119,2.3002,80.6227,14.6635,8.1022,,27.4217,18.8865,15.3292,10.1669,,131.34,31.22,23.2146,23.7704,0.1922,0.0,0.0,,,0.17,6.4,15.517,79.4762,83.8492,32.7976,-2.3286,393.5717,196.7858,0,40.0931
07501,福島県,石川町,町村,14644.0,39.4843,9.5367,11.5526,24.4552,1.7891,3.4181,74.8567,38.7697,25.6669,51.6812,62.1463,18.6231,32.2039,35.8392,1.8164,115.71,56.44,126.5578,48.7771,0.9213,0.0,0.0354,,,0.41,5.0,11.0759,79.4034,83.5109,20.4862,-0.3688,102.431,27.3149,0,9.1642
07502,福島県,玉川村,町村,6392.0,34.1302,13.8693,7.7856,30.2326,1.5332,2.8048,75.8137,46.7826,19.112,61.3179,53.1632,21.3796,6.6001,48.572,0.6062,46.67,25.46,136.9616,54.5532,0.5892,0.0,0.0,,,0.34,11.1,7.5875,79.2122,83.2468,15.6446,-1.0795,109.5119,15.6446,0,43.9987
07503,福島県,平田村,町村,5826.0,36.9194,17.2919,10.3643,28.7327,2.2657,3.8698,76.3329,29.3709,20.3086,34.3469,41.4151,18.5023,9.0933,22.2002,,93.42,35.08,62.3635,37.5508,0.3706,0.0,0.0,,,0.24,12.7,15.2262,78.3382,83.4827,34.3289,-0.9955,68.6577,34.3289,0,0.0
07504,福島県,浅川町,町村,6036.0,36.1771,10.131,12.8565,26.0029,2.2034,4.0773,75.8569,52.0976,41.3492,52.0714,54.3865,11.0448,21.469,35.644,,37.43,21.46,161.261,57.3337,0.8388,0.0466,0.0,,,0.31,5.0,11.2563,79.5484,84.4149,16.5673,-0.2485,99.4036,16.5673,0,1.69
07505,福島県,古殿町,町村,4825.0,42.0838,13.365,12.5,31.4677,2.2176,4.0592,78.603,19.8939,12.3972,13.7911,59.7855,20.5426,18.1692,35.3149,,163.29,29.55,29.5487,18.0966,0.3723,0.0,0.0,,,0.21,8.1,11.0674,79.3567,83.6573,20.7254,-1.2228,124.3523,41.4508,0,0.0
07521,福島県,三春町,町村,17018.0,36.372,6.3876,11.815,21.0994,2.0625,3.8695,75.429,44.6447,50.7097,55.1173,44.5244,16.1605,25.9949,60.0954,44.2469,72.76,49.36,233.8922,67.8395,0.9724,0.0405,0.0203,89.4737,139.08,0.44,7.4,11.6122,80.0659,84.6885,5.8761,-0.3467,135.151,47.009,0,4.6833
07522,福島県,小野町,町村,9471.0,38.3854,11.7241,12.5922,23.7393,4.2657,7.7857,75.45,47.8684,35.9644,48.4269,51.613,14.8845,28.1218,36.1995,11.938,125.18,39.04,75.6591,31.1871,0.7428,0.0,0.0256,,,0.37,4.5,8.8534,78.6869,82.3192,52.7927,-1.0242,126.7026,21.1171,0,17.6744
07541,福島県,広野町,町村,5412.0,34.1797,3.5741,11.1073,7.1156,1.3119,2.5753,68.8022,48.4411,30.1787,71.5072,30.3718,29.6945,29.8061,34.7488,,58.69,14.63,92.2133,24.9276,1.162,0.0,0.0684,,,1.34,6.6,13.4506,79.1178,83.564,18.4775,-0.7576,73.9098,92.3873,0,26.1293
07542,福島県,楢葉町,町村,3710.0,35.8642,3.9881,13.1634,8.4287,1.5633,3.3372,76.4366,59.7402,3.4812,43.4308,44.9777,38.963,26.2758,31.5313,,103.64,25.86,35.797,24.9518,0.6187,0.0,0.0,,,0.73,0.0,10.1972,,,26.9542,-0.1617,161.7251,80.8625,0,41.3755
07543,福島県,富岡町,町村,2128.0,34.5519,2.5411,9.9512,2.0757,1.3158,2.0498,67.9649,78.3702,21.5079,77.4712,63.7632,77.6645,45.2772,39.8528,70.5025,68.39,28.46,31.1157,41.6143,0.1405,0.0703,0.0351,,,0.68,-0.8,15.2781,,,93.985,-4.7932,234.9624,140.9774,0,75.8712
07544,福島県,川内村,町村,2044.0,46.8271,14.1138,16.0043,14.0709,1.0763,2.3504,78.6761,16.1702,10.4582,15.2673,40.7686,29.8806,19.7405,11.2756,,197.35,23.13,10.3572,11.7203,0.1729,0.0,0.0,,,0.31,7.7,7.7206,,,48.9237,-0.5382,293.5421,146.771,0,4.297
07545,福島県,大熊町,町村,847.0,29.0407,1.8742,5.1314,0.5006,0.8264,0.9284,60.6242,0.5001,83.9968,,27.4183,206.3468,,34.4972,,78.71,30.99,10.761,39.3724,0.1936,0.0,0.0323,,,1.46,-2.2,6.0854,,,0.0,8.5006,,236.1275,0,355.3908
07546,福島県,双葉町,町村,,38.7969,,,,,,,,,,,,,36.7958,99.995,51.42,22.17,,43.1155,,0.0451,0.0451,,,0.69,4.4,0.7668,,,,,,,0,
07547,福島県,浪江町,町村,1923.0,40.8989,5.9546,12.7493,2.9915,1.9241,3.379,72.6872,60.2451,29.1192,66.4752,33.0762,83.3724,55.9662,38.5226,37.2377,223.14,62.71,8.6179,28.1034,0.1435,0.0319,0.0319,,,0.42,4.2,4.569,,,104.0042,-16.3287,156.0062,260.0104,0,75.9802
07548,福島県,葛尾村,町村,420.0,40.0628,27.686,21.4634,11.2195,,,78.3163,23.5178,23.4956,,31.0681,88.7514,,14.3656,,84.37,15.39,4.9781,18.2411,,0.065,0.0,,,0.16,5.8,3.3996,,,0.0,-6.1905,,238.0952,0,0.0
07561,福島県,新地町,町村,7905.0,35.3515,10.4293,11.2327,23.523,2.0999,4.0233,76.7985,34.0169,38.0117,40.5614,29.2818,14.6598,37.5669,58.9471,11.3712,46.7,31.17,169.2719,66.7452,0.5454,0.0,0.0,,,1.08,9.0,5.9663,79.6881,84.1602,25.3004,-0.6199,63.2511,12.6502,0,42.7577
07564,福島県,飯舘村,町村,1318.0,44.3235,23.1499,21.246,17.2524,1.8968,4.529,81.4229,6.5062,6.1914,12.3616,20.9072,81.7849,7.6923,16.7852,,230.13,57.04,5.7272,24.786,,0.0,0.0,,,0.25,6.4,2.4657,,,0.0,-7.4355,227.6176,227.6176,0,86.629
08201,茨城県,水戸市,市,270685.0,27.2404,2.2777,11.7309,5.7645,1.886,3.8653,72.824,92.3701,27.5141,90.8409,78.9884,9.9959,78.0458,76.2621,80.9469,217.32,184.96,1245.5595,85.1095,6.5636,0.1244,0.0811,51.3691,91.44,0.79,9.3,10.6428,79.4514,83.6755,17.7328,-0.0151,42.1154,46.1791,1,19.9667
08202,茨城県,日立市,市,174508.0,33.7612,1.1569,13.1978,6.5841,2.2893,5.0834,72.7212,89.6913,18.193,89.8872,84.6022,8.4951,73.5959,78.9627,95.0934,225.73,88.51,773.0829,39.2106,7.3777,0.1356,0.0904,64.1083,100.86,0.77,-0.4,10.8803,80.3877,84.2519,18.9103,-0.8464,36.1015,24.6407,1,8.6216
08203,茨城県,土浦市,市,142074.0,29.3328,2.993,11.3197,7.4824,2.1348,4.4899,71.6957,90.7147,32.2197,91.2321,69.738,9.7255,62.5316,65.3138,62.9555,122.89,98.68,1156.1071,80.2995,5.6648,0.1115,0.0811,52.1877,89.98,0.81,4.4,11.3095,79.4072,83.518,16.8926,0.2379,46.4547,25.3389,1,7.0551
08204,茨城県,古河市,市,139344.0,29.408,3.4294,10.7927,10.8052,2.0905,4.0911,71.6926,77.6685,25.1976,87.1443,69.449,8.274,56.1969,64.281,44.3531,123.58,115.88,1127.5611,93.7692,4.4184,0.0604,0.0431,66.8613,104.81,0.72,6.3,10.4447,78.8954,83.8879,12.2,-0.3969,53.8236,20.8118,0,14.4056
08205,茨城県,石岡市,市,73061.0,34.0288,7.0674,11.5575,14.2312,1.6671,3.4807,74.0347,63.8089,22.8657,68.9765,49.7846,12.7011,48.4242,44.4502,36.8159,215.53,126.05,338.983,58.4837,1.8564,0.0397,0.0317,76.0085,115.72,0.58,7.1,9.2728,79.3136,84.0926,19.1621,-0.3381,69.8047,30.1118,1,5.243
08207,茨城県,結城市,市,50645.0,30.8635,6.2637,9.844,14.6545,2.249,4.3361,73.8019,71.0622,17.5389,80.0034,26.2544,11.6237,65.1571,76.1063,55.416,65.76,62.97,770.149,95.7573,2.6838,0.0476,0.0476,76.0021,121.0,0.69,6.9,10.7515,80.0817,84.3414,29.6179,-0.1402,78.9811,19.7453,0,7.7863
08208,茨城県,龍ケ崎市,市,76420.0,30.8731,2.3796,10.8609,7.4205,1.9956,4.2778,72.0461,85.5314,8.7964,87.7875,88.463,7.8774,54.3411,81.9238,88.0645,78.59,68.56,972.3883,87.2376,3.6319,0.0583,0.0583,64.8573,107.78,0.71,5.2,13.7463,79.9575,83.9772,18.3198,-1.323,36.6396,37.9482,0,15.0434
08210,茨城県,下妻市,市,42521.0,29.4214,5.8614,8.8743,15.2675,2.0649,3.9062,73.7513,59.7617,2.4304,69.8745,35.0438,14.2779,40.2605,72.3621,28.3685,80.88,77.73,525.7295,96.1053,1.9812,0.0643,0.0257,74.0415,119.0,0.65,7.6,10.2951,79.3048,84.0022,16.4625,-0.7479,84.664,11.7589,1,16.8788
08211,茨城県,常総市,市,60834.0,30.3727,4.6837,9.3156,18.1593,1.795,3.4369,73.1616,55.0477,3.376,64.0754,39.5738,18.3687,41.2726,54.7193,42.9996,123.64,117.75,492.0252,95.2362,1.3758,0.0255,0.0255,73.2401,121.94,0.69,9.2,8.9934,79.2223,83.8353,23.0134,-0.794,87.1223,26.3011,0,12.5503
08212,茨城県,常陸太田市,市,48602.0,40.8974,7.6867,14.9172,12.142,1.8909,3.7642,77.1205,40.5438,2.9844,45.4563,75.9918,17.332,37.4383,57.0799,16.7988,371.99,88.77,130.654,23.8635,1.2617,0.0225,0.0225,89.5263,123.84,0.4,2.8,11.3616,80.067,84.2783,14.4027,-0.395,104.934,8.2301,0,12.2932
08214,茨城県,高萩市,市,27699.0,37.7579,2.9247,14.3746,8.5695,2.5777,5.4826,73.0269,65.4218,33.3486,68.5586,74.1638,11.5782,51.8,39.0919,73.8658,193.55,43.43,143.1103,22.4386,2.2795,0.023,0.0461,72.491,106.22,0.57,7.4,15.0529,79.629,83.5922,25.2717,-0.6896,43.3229,25.2717,0,12.4717
08215,茨城県,北茨城市,市,41801.0,36.1705,3.5467,14.1144,10.358,1.9832,4.0145,74.1282,54.6874,22.9726,67.0551,67.8409,9.4996,16.8884,52.8207,67.4336,186.79,58.1,223.7861,31.1044,1.8933,0.0688,0.0172,74.223,109.52,0.67,11.0,14.32,78.8973,83.2605,26.3152,-0.5239,74.1609,31.0997,0,8.2223
08216,茨城県,笠間市,市,73173.0,33.1279,5.7287,11.6178,12.335,1.7301,3.4726,74.8545,63.6523,11.0319,64.1014,45.1491,13.3065,36.4745,68.0958,31.7439,240.4,134.75,304.3802,56.0524,1.8776,0.0371,0.0148,78.4705,114.83,0.58,6.8,9.2699,78.9858,83.6073,20.4994,-0.4442,71.0645,51.9317,1,21.3224
08217,茨城県,取手市,市,104524.0,34.7417,1.7581,13.5155,6.4744,1.8484,4.0925,73.595,88.019,12.8429,87.9184,91.7389,7.8329,65.9358,71.2564,92.0877,69.94,67.91,1494.481,97.0975,3.7255,0.0884,0.1031,60.6358,97.09,0.6,6.3,11.4753,80.1172,84.4798,9.5672,-0.2794,41.1389,32.5284,1,12.067
08219,茨城県,牛久市,市,84651.0,30.311,1.799,9.3207,5.8988,1.6976,3.6782,75.1028,91.4875,13.9063,93.7617,89.4063,7.0688,69.6725,75.1407,82.4557,58.92,47.06,1436.7108,79.871,4.6111,0.085,0.0637,64.8159,100.66,0.8,2.4,11.3875,81.0792,84.556,14.1759,0.1477,24.8077,36.6209,0,6.1478
08220,茨城県,つくば市,市,241656.0,19.1691,2.4458,5.1068,6.332,1.4322,2.9274,70.4363,78.7299,3.5363,77.9113,66.0089,15.3712,74.4143,63.7091,57.0147,283.72,231.7,851.7412,81.665,3.0557,0.1036,0.0302,43.1807,89.42,1.07,5.3,14.2393,80.5122,84.3797,16.1386,1.0672,37.243,57.9336,1,9.2693
08221,茨城県,ひたちなか市,市,156581.0,26.6882,2.1955,9.826,6.4066,1.8061,3.7044,74.0433,85.1744,9.1605,90.8316,87.5724,6.0814,55.0747,72.9868,90.4202,101.02,94.97,1550.0,94.0111,6.2125,0.1053,0.0526,63.7513,102.68,0.9,9.8,9.915,80.2613,84.275,15.3275,-0.2574,21.714,19.7981,1,23.2599
08222,茨城県,鹿嶋市,市,66950.0,32.4483,3.0873,11.9959,9.088,1.8581,4.0753,74.4433,63.3034,10.3117,78.3879,56.3514,12.3667,59.0462,87.3996,49.3193,106.04,79.16,631.3655,74.6511,2.7792,0.0505,0.0505,63.496,96.54,0.97,6.3,13.4676,79.6318,84.2885,22.4048,-0.6019,23.8984,37.3413,0,9.9124
08223,茨城県,潮来市,市,27604.0,34.9463,3.8382,12.4025,15.078,2.2279,4.5081,73.6722,65.157,1.4488,68.7324,52.0624,18.0416,60.7983,78.4661,60.0115,71.4,50.01,386.6106,70.042,2.6195,0.0,0.02,75.635,111.6,0.48,9.8,10.4452,79.6576,84.1301,3.6227,-0.5615,68.8306,36.2266,0,11.1868
08224,茨城県,守谷市,市,68421.0,23.7847,0.8682,7.4396,5.4007,1.9205,3.9692,74.068,95.1306,,96.1413,89.4432,4.3964,88.4681,72.3163,85.0919,35.71,34.03,1916.0179,95.2954,5.9359,0.1469,0.0294,65.247,103.36,0.96,4.2,18.9133,81.4934,84.7682,13.1539,0.3625,29.2308,16.0769,0,14.4494
08225,茨城県,常陸大宮市,市,39267.0,39.1863,7.9,14.8051,12.4904,1.8845,3.7705,74.8371,44.4732,25.1711,49.9027,56.1463,19.3761,54.494,46.4146,0.206,348.45,129.45,112.6905,37.1502,0.8111,0.0,0.0154,85.4522,119.25,0.42,8.7,9.9571,79.9724,84.4369,17.8267,-0.6519,106.96,25.4667,1,37.4388
08226,茨城県,那珂市,市,53502.0,32.9134,4.5674,11.6007,8.952,1.8111,3.6599,76.0752,63.7207,14.8044,70.275,50.2982,17.2997,50.034,82.9159,42.6351,97.82,81.39,546.9434,83.2038,1.7447,0.0369,0.0246,82.5313,115.49,0.61,3.9,10.1848,79.9205,84.4933,9.3454,0.1607,46.7272,22.4291,1,13.0774
08227,茨城県,筑西市,市,100753.0,32.3195,7.2246,10.4039,17.5894,2.253,4.4565,74.0446,62.8434,8.829,66.9619,30.1772,13.0679,47.0716,75.5187,49.71,205.3,193.43,490.7599,94.2182,1.6595,0.0103,0.0207,77.8552,119.33,0.65,7.7,13.5871,79.2805,84.8568,19.8505,-0.268,63.5217,18.858,0,9.7006
08228,茨城県,坂東市,市,52265.0,30.839,10.5578,8.7802,21.3366,2.2042,3.9882,73.1306,49.201,2.4588,55.7774,53.5527,14.1626,38.4578,63.1366,14.0449,123.03,111.7,424.8151,90.7909,1.3966,0.0179,0.009,83.3333,129.49,0.64,6.7,9.9982,78.4304,83.113,15.3066,-0.5836,84.1864,19.1333,0,12.1356
08229,茨城県,稲敷市,市,39039.0,38.1381,8.0415,12.4457,19.6068,1.9493,3.7817,74.5801,32.2984,0.5283,40.2074,53.6764,24.5211,18.0763,62.321,10.064,205.81,161.19,189.6847,78.3198,0.5646,0.0186,0.0062,89.044,128.57,0.47,8.6,9.8309,78.922,83.8479,20.4923,-0.5379,112.7078,23.0539,0,5.3394
08230,茨城県,かすみがうら市,市,40087.0,32.3119,10.4864,10.2758,13.828,2.4921,4.6565,72.7508,62.1973,9.2401,60.5526,53.8208,15.8106,44.4128,51.3624,44.1698,156.6,91.84,255.9834,58.6462,0.7731,0.0109,0.0109,73.3202,113.68,0.57,9.7,15.0688,78.4089,83.5864,22.4512,-0.1472,77.3318,24.9457,0,14.1891
08231,茨城県,桜川市,市,39122.0,36.0052,6.9335,11.365,23.1332,1.9605,3.8144,74.3847,44.8618,14.3842,53.7174,62.8728,14.4143,28.738,52.2032,29.7279,180.06,102.91,217.272,57.1532,1.0786,0.0,0.0292,89.3998,129.37,0.46,7.8,8.3292,79.0721,83.7833,20.4489,-0.6109,115.0248,23.005,0,12.1741
08232,茨城県,神栖市,市,95454.0,24.4658,5.0562,8.6908,9.8326,1.7967,3.5412,72.4173,67.0278,12.0212,87.0152,45.6324,12.3895,70.2237,61.4907,86.5772,146.97,139.33,649.4795,94.8017,2.7632,0.0287,0.0215,61.0702,101.22,1.34,3.5,13.7489,78.555,83.4906,22.0001,-0.2493,28.2859,13.6191,1,26.1646
08233,茨城県,行方市,市,32185.0,37.3265,22.3101,10.2608,25.5935,2.2495,3.9546,75.4354,23.1501,8.5693,33.8449,38.1929,19.5059,10.7254,65.2733,5.1083,222.48,123.23,144.6647,55.3892,0.6573,0.0243,0.0162,92.0115,131.58,0.43,8.3,8.9713,78.6759,83.5709,24.8563,-0.4381,121.1745,18.6422,0,8.5115
08234,茨城県,鉾田市,市,45953.0,34.7505,27.6871,12.0655,17.7322,1.5451,2.8729,74.2195,24.4949,10.2127,41.9388,20.3776,20.1884,15.4548,76.0541,8.9609,207.6,153.88,221.3536,74.1233,0.7148,0.026,0.013,90.6173,126.63,0.45,8.6,16.0438,78.4935,83.4492,19.5852,-2.1043,41.3466,13.0568,0,10.318
08235,茨城県,つくばみらい市,市,49872.0,26.0113,3.5649,8.7898,9.6116,1.5399,3.034,76.3423,63.8859,0.4894,80.0072,79.8321,13.2251,71.6897,68.2354,23.3746,79.16,68.54,630.0152,86.5841,1.2693,0.0584,0.0146,67.4046,108.55,0.75,6.8,11.6497,80.103,84.2433,6.0154,0.2085,46.1181,18.0462,0,4.9362
08236,茨城県,小美玉市,市,48870.0,30.6781,10.2362,10.3318,13.2027,1.7557,3.2363,73.5117,48.8516,4.6461,54.442,48.2063,12.2004,39.5781,75.9972,13.8829,144.74,113.47,337.6399,78.3957,0.705,0.0264,0.0088,77.0039,109.4,0.57,6.7,17.2976,78.7788,83.8307,20.4625,-0.0061,30.6937,26.6012,1,7.8942
08302,茨城県,茨城町,町村,31401.0,35.2683,14.6982,11.3093,14.4162,2.1114,3.9462,74.059,50.9888,4.2548,54.9327,31.2499,23.6631,38.862,61.4905,15.253,121.58,91.26,258.2744,75.0617,0.5917,0.0438,0.011,86.1228,119.94,0.58,6.6,15.6408,78.9525,83.6489,31.8461,0.242,41.4,28.6615,1,16.3366
08309,茨城県,大洗町,町村,15715.0,34.6249,5.7374,13.8581,11.1837,2.3163,4.5313,70.7764,77.5232,,87.2218,84.2452,12.88,76.0023,77.3126,71.6642,23.89,17.86,657.8066,74.7593,5.4871,0.168,0.056,73.3766,113.86,0.67,6.4,10.0025,79.4905,84.137,12.7267,-2.6153,76.3602,31.8167,1,44.8898
08310,茨城県,城里町,町村,18097.0,39.5763,8.8059,14.1222,14.8465,1.9009,3.5501,75.628,39.619,7.9109,53.0742,49.8074,17.5044,26.5308,56.54,5.3239,161.8,63.03,111.848,38.9555,0.3966,0.0,0.0159,91.8571,121.93,0.36,9.0,8.0072,78.8909,83.5531,11.0516,-0.3426,71.8351,22.1031,0,5.1149
08341,茨城県,東海村,町村,37891.0,25.0568,2.5669,8.8929,6.4422,1.6389,3.3283,74.3879,81.0576,12.0074,83.1657,51.8007,9.685,63.8004,98.1174,49.0562,38.01,32.87,996.8692,86.4772,2.8902,0.0913,0.0304,67.477,104.4,1.38,3.7,11.9769,80.1402,84.0261,7.9174,0.132,31.6698,21.1132,0,9.9794
08364,茨城県,大子町,町村,15736.0,48.4617,14.4414,19.5642,17.9062,1.9573,3.8428,77.8436,14.9167,5.41,33.644,63.4101,28.9003,29.8043,43.7689,1.0776,325.76,70.08,48.3055,21.5128,1.0131,0.0143,0.0143,88.0672,119.39,0.32,3.3,7.6248,79.5388,83.7149,31.7743,-0.4321,190.6457,19.0646,0,38.6745
08442,茨城県,美浦村,町村,14602.0,32.3982,5.8405,11.7908,12.0984,2.0682,4.1246,73.7462,31.1305,9.7109,59.8344,25.2084,9.1869,36.0719,75.7694,,66.61,28.7,219.2163,43.0866,1.5679,0.0348,0.0,,,0.61,6.9,10.917,78.828,83.2076,0.0,-0.7396,68.4838,20.5451,0,16.2805
08443,茨城県,阿見町,町村,48553.0,27.8648,3.6263,9.8772,8.8567,2.0122,3.9611,72.0598,81.5645,18.7639,85.0383,60.3515,15.5046,64.3601,69.0303,62.6334,71.4,53.29,680.014,74.6359,2.6084,0.0375,0.0188,65.4419,98.05,0.87,3.9,12.3096,79.6453,84.0125,20.596,0.7518,24.7153,45.3113,0,7.8775
08447,茨城県,河内町,町村,8231.0,40.9154,14.1931,12.6039,25.1731,2.77,5.1913,74.8606,21.9959,6.6862,28.5963,36.3218,19.2616,19.8035,58.8145,0.271,44.3,44.3,185.8014,100.0,0.2483,0.0,0.0,,,0.33,6.3,9.3208,79.236,83.328,12.1492,-0.571,72.8952,24.2984,0,9.0793
08521,茨城県,八千代町,町村,21026.0,31.5932,19.2247,7.744,27.5325,1.9119,3.3907,73.9464,23.0477,1.6508,46.8326,7.4257,12.2124,23.7529,73.7909,3.9253,58.99,55.84,356.4333,94.6601,0.6626,0.0537,0.0179,85.7143,132.57,0.61,6.8,8.932,79.5348,84.4924,14.268,0.2521,80.8523,14.268,0,9.3952
08542,茨城県,五霞町,町村,8093.0,36.6985,6.2631,11.3807,19.0362,2.2365,4.0583,72.5308,48.2047,0.2434,57.5521,59.8544,30.8917,21.1197,34.9576,60.0161,23.11,22.91,350.1947,99.1346,0.9166,0.0,0.0,,,0.79,10.7,6.2771,79.1542,83.5706,12.3564,-0.6672,123.5636,0.0,0,17.0596
08546,茨城県,境町,町村,24201.0,29.6871,7.0105,8.474,19.3248,1.7603,3.1708,73.3757,50.693,16.4146,74.1941,30.7371,12.6546,30.9346,47.7727,24.0141,46.59,43.97,519.4462,94.3765,2.1378,0.0455,0.0227,72.6954,117.37,0.67,13.7,4.4775,79.2552,83.394,16.5282,0.4958,78.5092,24.7924,1,4.0143
08564,茨城県,利根町,町村,15340.0,44.9537,4.662,15.036,10.2802,2.8031,6.4866,76.176,82.6601,11.4203,61.8772,67.9712,8.3556,30.0816,68.236,86.7283,24.86,24.2,617.0555,97.3451,0.9091,0.0826,0.0,94.2675,119.08,0.38,1.5,13.4873,79.5182,84.3287,6.5189,-2.3794,45.6323,13.0378,0,13.8894
09201,栃木県,宇都宮市,市,518757.0,26.2152,2.3242,9.9525,6.8936,1.6636,3.6659,73.2796,91.7283,13.2242,100.0,74.5957,10.0165,75.8318,80.9551,92.7847,416.85,336.5,1244.4692,80.7245,6.0059,0.0713,0.0475,54.7864,93.1,0.97,4.1,7.7713,80.3012,84.37,17.7347,0.052,29.3008,30.6502,1,11.332
09202,栃木県,足利市,市,144746.0,33.2837,1.791,13.6836,8.505,2.0968,4.1706,72.7086,87.8335,27.8894,85.4439,68.1324,9.1145,71.2856,75.1392,81.3253,177.76,98.37,814.2777,55.3387,5.764,0.0508,0.0712,68.0163,108.08,0.73,5.6,9.6,78.8995,83.3444,17.9625,-0.2411,60.1053,29.7072,1,12.85
09203,栃木県,栃木市,市,155549.0,32.5242,5.416,11.4465,13.0535,2.3002,4.486,73.4228,75.4569,11.2473,77.9835,71.4502,11.6327,47.0604,70.0322,57.8806,331.5,247.7,469.2278,74.721,2.1437,0.0202,0.0323,75.9734,110.17,0.69,8.5,10.8431,79.175,83.4604,15.4292,0.0431,77.1461,28.2869,1,21.6899
09204,栃木県,佐野市,市,116228.0,31.7462,2.4765,12.5851,10.1023,2.3325,4.5605,73.366,81.0454,11.8258,81.5414,53.2728,11.8088,64.7542,54.9656,77.1342,356.04,138.2,326.4465,38.8159,4.0232,0.0362,0.0434,73.85,106.57,0.7,1.8,14.0148,79.0689,83.5508,10.3245,-0.0198,82.5963,30.9736,0,20.3375
09205,栃木県,鹿沼市,市,94033.0,31.4294,6.4223,11.2435,13.8648,2.6831,4.9627,73.8213,67.8041,17.5421,72.5239,67.678,10.8218,43.3853,43.0486,62.6023,490.64,154.9,191.6538,31.571,1.9819,0.0258,0.0258,76.7474,113.84,0.69,1.9,10.3543,79.6636,83.8928,22.3326,-0.0723,76.5689,28.7133,0,14.9771
09206,栃木県,日光市,市,77661.0,36.978,5.0231,15.7454,12.7564,2.1143,4.0402,73.9982,61.1599,2.728,62.5576,66.4698,25.8347,41.2057,29.7175,39.4831,1449.83,236.13,53.5656,16.2867,2.1217,0.0127,0.0127,76.0341,114.08,0.55,8.1,9.7387,78.8479,84.0586,16.7394,-0.4314,95.2859,46.3553,0,27.148
09208,栃木県,小山市,市,166666.0,26.1159,3.3248,9.1581,9.243,2.0238,4.0107,72.1041,81.7202,25.4005,87.2689,68.8156,11.5542,78.6354,77.1078,82.7427,171.75,166.34,970.3988,96.8501,3.6972,0.018,0.0301,60.0896,98.87,0.94,6.0,14.0619,79.6266,84.4079,12.0,0.249,36.0001,36.0001,1,9.5193
09209,栃木県,真岡市,市,78190.0,28.1866,10.0855,8.5848,15.1043,2.352,4.4335,73.4819,72.2816,6.2904,69.7372,51.2431,11.7534,51.6503,66.1932,62.9572,167.34,153.09,467.2523,91.4844,1.6853,0.0327,0.0261,71.9732,114.4,0.83,4.6,10.2813,79.241,83.5415,19.184,-0.6484,43.4838,25.5787,0,35.6344
09210,栃木県,大田原市,市,72087.0,31.4158,10.5522,8.9463,13.2143,1.5245,2.9766,72.5921,61.4051,22.8992,65.157,55.2612,11.0472,41.066,61.1587,53.5965,354.36,202.77,203.4287,57.2215,1.4253,0.0247,0.0197,65.6468,107.95,0.63,6.0,11.8817,79.5805,84.0571,22.1954,-0.3315,63.8118,47.1652,0,13.098
09211,栃木県,矢板市,市,31165.0,34.6273,7.6543,12.4645,14.8355,2.336,4.6408,73.4917,59.252,0.0001,62.1609,23.7172,19.9052,66.6881,60.2698,48.5347,170.46,73.69,182.8288,43.2301,1.3706,0.0,0.0407,79.046,120.87,0.64,8.8,11.2982,79.5768,83.5474,16.0436,-0.5583,77.0095,28.8785,0,18.4001
09213,栃木県,那須塩原市,市,115210.0,28.8884,6.3053,10.2937,10.872,1.8323,3.5617,74.5493,60.8719,2.1297,77.4486,47.2617,10.4827,60.0478,44.2104,40.7932,592.74,220.21,194.3685,37.1512,2.4567,0.0136,0.0182,65.9236,107.15,0.75,3.1,12.8842,80.3434,84.4746,28.6433,0.0556,34.7192,40.7951,1,14.7668
09214,栃木県,さくら市,市,44513.0,27.3412,8.132,8.8596,12.6487,3.0104,5.7263,72.475,63.9762,9.9367,60.6754,29.0793,17.3638,59.6931,76.214,35.2935,125.63,101.52,354.3182,80.8087,1.1722,0.0,0.0099,68.6263,117.77,0.69,7.9,11.0654,80.143,84.1721,15.7257,0.337,53.9168,33.698,0,21.6581
09215,栃木県,那須烏山市,市,24875.0,38.9515,9.8728,13.38,18.0695,3.3085,6.2491,74.4101,45.5244,8.2942,40.5886,30.8665,13.0992,29.1759,55.199,8.0542,174.35,93.2,142.6728,53.4557,0.8369,0.0107,0.0107,89.3665,133.48,0.45,6.4,9.0963,79.7973,84.08,16.0804,-0.7558,132.6633,24.1206,0,13.0027
09216,栃木県,下野市,市,59507.0,26.68,6.2315,7.7484,10.7361,2.1645,4.1581,71.9228,82.9729,,81.6265,38.8643,13.316,46.4985,77.3163,78.9242,74.59,71.59,797.7879,95.978,2.0534,0.014,0.014,66.1231,109.08,0.69,2.1,21.1436,80.5748,84.6316,11.7633,0.2874,36.9704,30.2485,1,19.9631
09301,栃木県,上三川町,町村,30806.0,25.3063,8.2844,6.7713,12.927,1.8276,3.4661,73.3105,74.1859,16.0991,78.0006,40.985,28.9182,32.0285,90.0728,76.7377,54.39,52.94,566.3909,97.3341,1.3978,0.0378,0.0189,78.6355,120.4,0.93,5.9,11.4066,79.9132,83.6947,19.4767,-0.25,42.1996,12.9845,1,15.7738
09342,栃木県,益子町,町村,21898.0,33.7713,6.8562,11.2721,18.4919,1.8221,3.3926,75.0329,52.9226,,39.4423,30.1023,11.5129,37.7083,49.9245,7.1005,89.4,50.7,244.9441,56.7114,1.4004,0.0,0.0197,89.6366,133.2,0.54,6.7,11.737,80.0345,84.2696,13.6999,-0.3105,105.0324,36.533,0,10.4396
09343,栃木県,茂木町,町村,11891.0,44.4501,12.6319,14.7099,20.5128,2.6322,4.9825,77.2472,29.9945,,13.5276,18.5192,15.4726,24.8573,43.8772,17.7525,172.69,62.03,68.8575,35.9199,0.5481,0.0,0.0161,,,0.37,8.1,8.8004,79.6739,84.5187,8.4097,-0.6223,193.4236,117.7361,0,16.9963
09344,栃木県,市貝町,町村,11262.0,31.6662,10.9263,9.8731,15.6323,2.1222,3.8228,74.3083,36.4931,2.7224,34.5685,28.1295,15.9944,26.9346,64.7186,10.1469,64.25,40.47,175.284,62.9883,0.5436,0.0,0.0,,,0.62,5.6,11.1139,79.3735,83.7264,44.3971,-1.0211,115.4324,26.6383,0,19.1174
09345,栃木県,芳賀町,町村,14961.0,32.4927,16.3689,9.8985,19.8736,1.5106,2.8633,76.3776,39.8494,5.439,39.0434,35.3973,17.5322,25.2235,81.5584,35.0859,70.16,62.23,213.2412,88.6973,0.5303,0.0,0.0,,,0.98,1.8,9.6474,79.265,83.6108,33.4202,-0.0401,100.2607,40.1043,0,16.0763
09361,栃木県,壬生町,町村,39474.0,30.8871,6.4018,9.625,11.4529,1.8063,3.5257,72.4354,80.2396,0.0,80.4617,56.6764,15.9051,65.4639,77.3976,78.9722,61.06,57.08,646.4789,93.4818,2.2425,0.035,0.0175,77.0174,116.61,0.8,5.7,8.3225,79.6708,83.814,10.1333,0.1292,50.6663,20.2665,0,22.843
09364,栃木県,野木町,町村,24913.0,34.3837,4.3714,10.7514,9.55,2.1796,4.4556,74.7138,83.9443,18.2142,80.1199,42.6656,5.4015,41.9022,78.5827,76.7338,30.27,28.17,823.0261,93.0624,1.6329,0.0355,0.0,80.8989,111.91,0.75,7.0,11.011,80.1422,84.4159,20.0698,-1.0798,36.1257,28.0978,0,10.2267
09384,栃木県,塩谷町,町村,10354.0,41.9803,13.4572,13.7836,24.1074,2.1538,3.98,75.565,31.4446,,23.4291,20.8203,18.0879,19.0013,46.0515,1.5339,176.06,63.78,58.8095,36.2263,0.486,0.0,0.0,,,0.42,3.5,11.5514,79.8757,83.7853,19.3162,-1.2266,106.2391,28.9743,0,22.5156
09386,栃木県,高根沢町,町村,29229.0,26.7299,7.8271,7.1036,11.3034,1.5293,2.9035,72.3994,70.7702,25.3987,69.511,31.9316,13.1043,66.4021,72.9004,67.6437,70.87,66.29,412.4312,93.5375,0.8749,0.0302,0.0151,60.3935,107.65,0.74,0.8,11.3093,80.0174,84.1055,3.4213,0.3866,51.3189,27.3701,0,37.9804
09407,栃木県,那須町,町村,23956.0,42.7304,13.3582,16.3126,18.3049,1.82,3.7233,75.0129,29.0584,1.285,28.4688,34.4246,28.953,21.5811,42.3342,7.01,372.34,156.69,64.339,42.0825,0.9318,0.0128,0.0128,84.2721,129.83,0.69,6.9,8.0779,79.7383,84.1839,20.8716,-0.0877,116.8809,91.835,0,7.2947
09411,栃木県,那珂川町,町村,15215.0,42.4657,14.4663,13.9707,21.9792,2.4384,4.4367,76.047,40.2117,10.8735,35.5277,36.2294,17.8866,20.4204,45.0668,1.3464,192.78,70.49,78.9242,36.565,0.7803,0.0,0.0142,87.6209,142.8,0.38,8.3,20.5421,79.817,84.4376,13.1449,-1.1962,118.3043,39.4348,0,7.7934
10201,群馬県,前橋市,市,332149.0,30.171,4.0524,11.6618,7.4465,1.7411,3.5468,73.1594,89.0589,51.2513,88.4166,70.5868,9.0892,69.1639,73.2769,80.7105,311.59,238.67,1065.9809,76.5975,5.4427,0.0419,0.0503,65.482,102.55,0.78,8.0,8.9572,80.2809,84.4819,18.0642,0.1274,56.6011,53.2893,1,11.9821
10202,群馬県,高崎市,市,372973.0,28.7505,2.361,11.6439,5.9048,1.7374,3.4614,72.7519,89.873,58.0613,90.4047,83.9042,10.0267,75.6967,54.385,82.5736,459.16,244.61,812.2942,53.2734,6.1854,0.1022,0.0531,62.1224,104.19,0.81,4.5,10.7643,79.7212,84.2499,16.3551,-0.0051,63.0072,49.3333,0,22.3359
10203,群馬県,桐生市,市,106445.0,37.1529,2.4401,16.125,9.3464,2.0104,4.0441,72.8073,87.1462,44.535,83.4771,74.9103,7.3438,72.8227,46.5736,80.0224,274.45,77.87,387.8484,28.3731,6.4466,0.0899,0.0771,73.4497,107.1,0.55,4.5,11.8818,79.0018,83.5863,11.2734,-0.4556,80.7929,40.3964,0,9.7116
10204,群馬県,伊勢崎市,市,211850.0,25.6605,3.3787,9.4461,8.3835,2.068,4.0038,71.8065,87.989,36.9053,91.6721,64.5706,10.4205,73.6213,75.222,82.9381,139.44,139.11,1519.2915,99.7633,4.2341,0.0935,0.0359,65.971,102.64,0.81,5.2,10.0028,79.3174,83.4851,25.4897,0.0897,45.3151,27.3779,0,9.9863
10205,群馬県,太田市,市,223014.0,26.3093,3.1216,9.2803,8.0328,1.799,3.6142,72.2768,86.4412,45.6712,90.4149,40.5674,11.8109,77.896,79.8604,84.2447,175.54,166.57,1270.4455,94.8901,4.5626,0.042,0.054,67.0907,104.68,0.94,5.6,13.928,79.3862,83.4343,20.1781,0.4556,61.4311,37.6658,0,12.3804
10206,群馬県,沼田市,市,45337.0,35.8445,11.7012,14.3768,11.1932,1.9035,3.5924,75.6387,69.8662,54.0193,75.0338,70.1454,14.7955,58.042,35.0953,51.7838,443.46,100.38,102.2347,22.6356,2.2714,0.0299,0.0398,72.7707,112.43,0.49,6.6,10.5954,79.5234,84.2139,17.6456,-0.6507,149.9879,37.497,0,10.718
10207,群馬県,館林市,市,75309.0,29.9457,3.7398,11.4514,8.2972,2.6995,5.1615,71.8767,81.9012,50.8389,88.8313,84.1463,8.7414,69.8729,70.1953,84.845,60.97,60.67,1235.1812,99.508,6.3623,0.0824,0.0494,68.1818,105.04,0.8,5.3,10.7784,79.5657,84.1081,17.2622,0.0863,62.4095,31.8687,1,27.2756
10208,群馬県,渋川市,市,74581.0,36.1389,5.5306,14.1931,12.1202,1.7417,3.4003,73.0346,65.3301,42.0048,66.1053,70.5651,15.0797,51.4285,49.2436,48.31,240.27,105.99,310.405,44.1129,2.6889,0.0566,0.0377,80.9069,123.56,0.57,4.4,11.5103,79.2642,83.8259,21.4532,-0.1475,88.4944,53.633,0,93.0397
10209,群馬県,藤岡市,市,63261.0,33.2198,4.1325,12.9837,9.5095,2.2652,4.3408,73.3335,84.247,47.1469,87.0987,77.1759,10.4354,81.7582,41.611,39.9346,180.29,75.46,350.8847,41.8548,2.1468,0.0133,0.0398,78.6526,114.45,0.64,7.0,10.5773,79.7466,84.1745,22.1305,-0.656,91.6837,36.3573,0,26.1063
10210,群馬県,富岡市,市,47446.0,35.0988,6.4964,12.8012,10.2127,2.1646,4.1758,73.8808,69.6158,35.328,73.1785,36.6252,12.4908,62.0229,56.7584,48.9446,122.85,75.09,386.2108,61.1233,2.6368,0.0,0.0266,81.5861,120.04,0.62,7.6,15.0002,80.0542,84.4758,21.0766,-0.2023,84.3064,29.5072,0,14.8946
10211,群馬県,安中市,市,54907.0,36.5829,4.0792,15.0493,9.6635,1.9141,3.7844,74.9923,73.1023,38.763,64.7667,60.573,16.4516,59.8773,53.3085,53.6919,276.31,110.91,198.7152,40.1397,1.082,0.018,0.027,81.0484,117.39,0.78,8.1,9.824,79.7749,84.0089,27.3189,-0.3843,112.9182,32.7827,0,9.412
10212,群馬県,みどり市,市,49648.0,30.4021,4.5084,11.4623,10.1268,1.9961,3.8263,73.5279,87.1798,45.6671,89.3009,40.5674,10.5677,75.1018,47.464,30.6604,208.42,43.47,238.2113,20.8569,4.0028,0.046,0.023,73.5509,112.8,0.61,3.8,22.6465,79.11,83.1993,12.0851,-0.3364,64.4538,24.1702,0,1.9423
10344,群馬県,榛東村,町村,14216.0,27.0412,5.0539,9.2305,11.5528,1.7586,3.1458,73.2515,60.0081,29.5573,46.9752,55.8417,7.1524,34.1193,81.3061,43.0552,27.92,14.72,509.1691,52.7221,1.4946,0.1359,0.0,,,0.52,8.2,20.5566,79.3979,84.0668,14.0687,0.1548,49.2403,35.1716,0,5.2326
10345,群馬県,吉岡町,町村,21792.0,22.5325,3.3684,7.8085,9.0886,1.3491,2.6628,74.3016,85.2176,31.038,91.0749,58.0594,10.7099,73.541,71.4939,23.8575,20.46,16.8,1065.1026,82.1114,3.2143,0.0,0.0,74.6462,111.51,0.67,7.6,11.6899,80.1421,84.0837,22.9442,0.6241,45.8884,32.1219,0,9.3797
10366,群馬県,上野村,町村,1128.0,44.8508,21.1503,20.2186,6.5574,1.6844,3.405,75.9804,23.9128,,,67.2603,26.1082,27.7117,21.6519,,181.85,11.81,6.2029,6.4944,0.4234,0.0,0.0,,,0.79,7.2,4.3102,79.8154,83.8395,0.0,-0.7979,177.305,0.0,0,0.0
10367,群馬県,神流町,町村,1645.0,63.2353,8.7859,25.4237,9.322,1.8237,4.5732,81.0845,32.8185,30.0116,,75.4586,21.6312,27.7778,18.5732,,114.6,13.32,14.3543,11.623,0.3754,0.0,0.0751,,,0.15,6.6,7.4983,79.4525,83.7629,182.3708,-2.0061,303.9514,121.5805,0,13.1295
10382,群馬県,下仁田町,町村,6576.0,53.0399,11.0628,20.5714,13.2857,2.0225,3.969,77.7361,47.9237,34.5252,52.0152,37.8198,32.2353,28.4832,35.8079,25.5955,188.38,26.46,34.9082,14.0461,1.3228,0.0,0.0378,,,0.26,8.6,7.0523,79.9669,84.3028,45.6204,-0.5018,273.7226,15.2068,0,61.1574
10383,群馬県,南牧村,町村,1611.0,68.2181,10.2848,30.3639,9.9122,1.4277,3.5115,81.3495,30.3042,27.4161,,81.9737,19.2683,40.6148,14.6872,,118.83,13.3,13.5572,11.1925,0.3759,0.0,0.0,,,0.13,2.5,9.8523,79.9737,83.4024,0.0,-0.5587,558.6592,186.2197,0,0.0
10384,群馬県,甘楽町,町村,12491.0,35.6411,8.4245,12.2366,13.914,1.7613,3.1926,75.8375,79.4546,15.0399,40.5989,28.9534,13.3848,7.0079,49.2415,14.0805,58.61,24.99,213.1206,42.6378,0.8403,0.0,0.0,,,0.46,7.6,16.063,80.3158,84.7305,16.0115,0.1441,128.0922,32.0231,0,23.1295
10421,群馬県,中之条町,町村,15386.0,40.8686,9.6694,17.3068,12.1385,1.7093,3.3094,75.1862,53.8123,31.6654,50.0987,60.5394,17.4625,38.4735,35.3134,,439.28,71.1,35.0255,16.1856,1.1955,0.0422,0.0281,79.7407,121.73,0.35,10.5,9.1335,79.9369,84.4581,19.4982,-1.8263,142.9871,71.4936,0,12.4786
10424,群馬県,長野原町,町村,5095.0,39.6183,15.8832,14.4165,10.0229,1.3543,2.3983,76.7951,37.0149,8.3218,29.5422,51.3794,46.3644,14.8533,58.243,,133.85,40.08,38.065,29.944,0.998,0.0499,0.025,,,0.51,10.3,16.0545,80.046,84.2235,0.0,-1.4524,78.5083,117.7625,0,15.4406
10425,群馬県,嬬恋村,町村,8850.0,38.8286,32.1034,14.14,16.4636,1.1977,2.0487,78.4376,21.6145,9.9097,22.1795,25.1899,24.1626,2.6872,23.7974,,337.58,99.97,26.216,29.6137,0.4501,0.02,0.01,,,0.42,9.8,9.716,80.3387,84.7316,22.5989,-3.2655,56.4972,56.4972,0,0.0
10426,群馬県,草津町,町村,6049.0,39.0317,1.0834,19.0994,7.1118,1.2729,2.2647,73.6812,78.0626,28.9386,87.322,93.9959,9.7763,9.9592,19.4925,77.5845,49.75,18.9,121.5879,37.9899,4.9206,0.0,0.0,,,0.59,4.2,5.4167,80.251,84.5304,0.0,-1.7193,132.2533,66.1266,0,28.6163
10428,群馬県,高山村,町村,3511.0,39.0453,12.9496,14.5564,20.3273,2.3355,4.6857,74.1363,31.7878,25.1445,35.6969,37.8814,20.628,13.0635,64.4885,,64.18,15.53,54.7055,24.1976,0.322,0.0644,0.0,,,0.29,6.8,6.6911,80.1565,84.1966,28.4819,1.0253,170.8915,28.4819,0,0.0
10429,群馬県,東吾妻町,町村,12728.0,43.8366,14.5602,16.3989,14.087,1.5242,2.8296,74.9393,37.5016,25.7236,43.2026,65.8156,30.9686,46.3989,54.9684,,253.91,56.57,50.128,22.2795,0.5833,0.0884,0.0,,,0.38,11.4,15.3648,80.0124,84.3167,47.1402,-0.7621,180.704,39.2835,0,4.9116
10443,群馬県,片品村,町村,3993.0,42.0105,21.0549,14.1311,19.86,1.5277,2.5695,79.3883,22.7199,5.8695,37.5282,54.3584,23.2811,38.1994,16.5368,,391.76,31.76,10.1925,8.107,0.5038,0.0,0.0,,,0.24,4.9,9.0108,80.1067,84.1088,0.0,-0.3757,175.3068,150.263,0,0.6539
10444,群馬県,川場村,町村,3480.0,39.2694,25.7074,10.819,25.3792,0.9195,1.8901,78.8562,44.019,23.4964,30.6051,68.2861,24.403,26.0078,26.7559,,85.25,11.48,40.8211,13.4663,0.6098,0.0,0.0,,,0.24,8.4,6.5778,79.9066,85.1124,57.4713,-1.0632,143.6782,86.2069,0,8.7144
10448,群馬県,昭和村,町村,6953.0,33.916,43.5584,9.2029,18.4829,0.9205,1.5094,74.8566,44.8801,19.8324,26.1385,74.0054,7.8479,38.29,43.5565,1.5617,64.14,38.99,108.4035,60.7889,0.2308,0.0,0.0,,,0.43,5.1,9.0534,79.5526,84.4429,28.7646,0.5609,100.676,43.1468,0,12.1398
10449,群馬県,みなかみ町,町村,17195.0,42.364,10.398,17.7682,16.1555,2.4775,4.5464,75.989,34.3133,9.4293,47.6244,56.298,25.9064,23.0984,32.1759,28.4673,781.08,167.19,22.0144,21.405,0.5503,0.0,0.006,72.8228,109.25,0.39,10.7,11.651,79.8728,83.906,23.2626,-0.4943,180.285,104.6816,0,27.5812
10464,群馬県,玉村町,町村,36054.0,27.5439,2.7349,8.5519,6.808,2.0691,3.8539,72.8402,88.1117,19.9493,74.2566,83.3788,9.8377,68.6747,95.7237,62.1143,25.78,25.62,1398.526,99.3794,2.1858,0.0781,0.039,64.4401,98.54,0.75,3.8,12.173,79.8898,84.3063,13.8681,-0.1831,47.1515,19.4153,0,9.6328
10521,群馬県,板倉町,町村,14083.0,36.0006,15.3878,9.9538,16.1034,2.0024,3.7076,71.4529,54.1407,4.9831,50.9127,70.2365,14.6417,44.4669,65.5605,84.1443,41.86,41.85,336.431,99.9761,0.7407,0.0478,0.0239,,,0.6,6.2,9.4634,79.2098,83.7979,35.5038,-0.8024,106.5114,14.2015,0,25.2983
10522,群馬県,明和町,町村,10882.0,32.4105,5.9492,9.2847,14.2822,2.1779,4.0975,73.8786,60.1096,35.4417,68.5914,51.0286,9.1929,14.5717,65.7663,54.5377,19.64,19.62,554.0733,99.8982,1.1213,0.0,0.051,,,0.84,8.3,10.6821,79.6834,84.5887,0.0,-0.1562,101.0844,9.1895,0,5.8999
10523,群馬県,千代田町,町村,10861.0,31.743,4.9727,9.4372,13.6643,1.777,3.3961,73.5859,60.5226,29.1578,61.1568,59.1828,13.2354,21.2873,46.307,30.7047,21.73,21.45,499.8159,98.7115,1.3054,0.0,0.0,,,0.7,4.9,11.6696,79.4757,83.6675,0.0,-0.1105,119.6943,9.2073,0,15.5487
10524,群馬県,大泉町,町村,42089.0,23.8056,0.7562,8.1063,6.465,4.0913,7.6588,67.8296,98.2262,61.3473,97.8861,47.5349,4.942,90.1135,97.1133,98.363,18.03,18.01,2334.3871,99.8891,8.6619,0.1666,0.111,55.0164,86.27,0.93,4.3,12.4072,79.85,83.4475,14.2555,0.7674,42.7665,26.1351,0,10.0881
10525,群馬県,邑楽町,町村,25522.0,32.7031,4.0639,10.3551,12.0741,2.1668,4.1504,73.8316,78.81,22.2263,84.1904,53.8771,13.8289,44.7092,78.9512,53.7389,31.11,30.75,820.3793,98.8428,2.1463,0.065,0.0,86.9168,120.83,0.73,6.4,13.8994,79.7701,84.2913,19.5909,-0.67,47.0183,27.4273,0,12.7515
11100,埼玉県,さいたま市,政令市,1324025.0,23.2504,0.6932,9.6189,4.1037,1.6517,3.5525,70.6822,98.9917,96.1115,99.2934,88.7231,3.3022,97.0244,75.0253,97.3977,217.43,214.58,6089.4311,98.6892,15.7331,0.4567,0.1584,41.2517,81.32,0.95,6.5,16.164,80.4123,84.5021,16.616,0.5407,26.208,29.9088,1,5.1109
11201,埼玉県,川越市,市,354571.0,27.0937,1.7041,9.4254,5.1635,1.7573,3.8808,71.6674,95.1736,5.7488,97.5293,82.395,4.7065,89.4591,76.7944,93.1461,109.13,106.27,3249.0699,97.3793,9.3724,0.2258,0.1411,55.3604,87.15,0.94,6.2,10.4788,80.1534,83.8164,18.614,0.4247,35.2539,26.7929,0,5.4246
11202,埼玉県,熊谷市,市,194415.0,30.5221,2.7619,11.526,7.391,2.0461,4.1306,71.7953,86.563,15.6068,85.9241,69.3625,9.3757,65.4888,78.0843,74.31,159.82,155.53,1216.4623,97.3157,4.9187,0.0707,0.045,69.6958,105.14,0.82,-0.8,10.1819,,,19.5458,0.0026,79.7264,42.6922,1,26.464
11203,埼玉県,川口市,市,594274.0,22.964,0.5733,10.3143,4.9622,1.9525,3.9655,68.8748,99.7338,70.8834,99.6379,95.2075,2.2829,98.1492,88.3754,99.926,61.95,61.39,9592.8006,99.096,22.5444,0.619,0.114,38.0046,73.98,0.93,3.4,12.8917,78.8955,83.4701,18.3417,0.0932,26.7553,24.9043,1,3.5257
11206,埼玉県,行田市,市,78617.0,32.8198,2.5763,11.9292,8.8369,2.0721,4.0985,72.5783,78.5841,12.0476,80.9221,77.6913,8.7056,64.4861,64.8478,76.6472,67.49,67.34,1164.8689,99.7777,3.5492,0.1188,0.0149,78.0237,106.54,0.66,3.2,9.7335,79.4565,84.0913,30.5277,0.0954,83.9513,43.2476,1,14.2089
11207,埼玉県,秩父市,市,59674.0,35.1201,2.7761,15.3527,11.4486,2.0813,4.2385,74.999,78.8393,7.6522,74.2534,72.0862,17.6013,69.7898,46.6407,26.9269,577.83,79.32,103.2726,13.7272,4.7403,0.0126,0.0252,81.0671,114.27,0.55,3.4,8.5767,79.2237,83.6846,20.1093,-0.4977,90.4917,50.2732,1,49.8516
11208,埼玉県,所沢市,市,342464.0,27.5689,1.1913,9.5666,3.8863,1.8358,4.0097,71.6648,98.7239,20.2309,98.7044,88.8462,2.8554,94.873,82.5835,96.3455,72.11,66.22,4749.1887,91.8319,12.0507,0.302,0.0906,45.2888,78.65,0.94,3.9,9.2306,80.4982,84.6691,14.8921,0.1183,31.8282,21.0241,1,4.2687
11209,埼玉県,飯能市,市,80361.0,32.4511,1.151,12.0211,6.4626,2.1827,4.5044,71.6791,79.6305,6.393,83.3745,86.2642,7.9433,78.2048,60.7954,70.3954,193.05,47.6,416.2704,24.6568,5.9664,0.105,0.063,69.5219,99.35,0.7,4.2,7.7788,80.3553,84.2157,26.1321,-0.0199,72.1743,42.3091,1,15.1243
11210,埼玉県,加須市,市,111623.0,31.1591,4.5175,10.4606,10.024,2.1528,4.2214,72.6408,69.9522,3.5344,76.7916,45.8895,9.9231,47.3881,77.5505,65.3479,133.3,133.18,837.3818,99.91,2.0649,0.1051,0.0225,75.1799,109.62,0.72,4.5,8.1284,79.7622,83.8646,15.2298,0.4614,75.2533,29.5638,0,15.1816
11211,埼玉県,本庄市,市,78569.0,29.3705,4.6182,11.8092,7.8849,2.1917,4.3349,71.7257,86.4288,6.0221,88.855,42.8987,7.7056,74.613,84.6551,78.3036,89.69,65.54,876.0062,73.0739,5.4471,0.061,0.0763,64.6867,102.43,0.72,3.7,9.4503,79.0073,84.088,17.8187,0.0815,82.7298,59.82,1,9.9564
11212,埼玉県,東松山市,市,91791.0,29.8999,1.5364,10.2429,5.9147,1.9348,4.0892,71.8082,91.4151,3.0094,89.7898,65.0366,9.2441,66.766,87.8539,67.956,65.35,61.37,1404.606,93.9097,6.2082,0.1304,0.0489,63.2962,97.09,0.8,3.2,9.3725,80.2426,83.7485,17.4309,0.4162,52.2927,46.8456,1,23.0413
11214,埼玉県,春日部市,市,229792.0,31.3793,1.102,11.649,5.5564,2.0767,4.3583,72.7139,96.0872,9.2666,97.5758,89.5247,4.2707,85.6802,79.9207,94.8911,66.0,65.64,3481.697,99.4545,10.7099,0.2438,0.0914,57.0214,88.86,0.71,3.1,9.505,79.7925,83.1861,16.1015,0.2515,36.99,22.6292,1,4.2755
11215,埼玉県,狭山市,市,148699.0,32.2062,1.7375,12.6589,5.6011,2.1876,4.5562,72.0785,96.6521,20.3519,95.2785,83.8313,4.8356,86.1027,78.9571,60.743,48.99,45.5,3035.2929,92.8761,9.033,0.1978,0.1319,54.3594,86.36,0.85,5.3,11.1742,80.6012,84.7657,21.52,0.3887,36.315,31.6075,0,10.4376
11216,埼玉県,羽生市,市,52862.0,30.9869,3.0931,10.3631,10.2541,2.183,4.2307,71.5821,79.4399,12.1373,71.3987,78.765,7.7327,52.1827,84.6647,72.4271,58.64,58.51,901.4666,99.7783,3.0935,0.0513,0.0684,75.0684,109.57,0.77,9.1,7.8073,79.3692,83.6138,20.8089,0.0057,79.4522,34.0509,0,20.7759
11217,埼玉県,鴻巣市,市,116828.0,30.7862,2.7364,10.8636,6.7323,2.0586,4.1317,72.7344,91.9788,2.5596,92.3528,83.7656,5.7585,72.8573,71.2886,93.9212,67.44,67.32,1732.325,99.8221,3.372,0.0743,0.0446,66.6116,100.64,0.65,4.1,10.5093,80.5677,84.0853,16.2632,0.4134,47.9337,33.3824,0,7.4597
11218,埼玉県,深谷市,市,141268.0,30.1791,7.3263,10.3872,9.2276,2.2341,4.3616,72.665,83.5036,7.5332,84.872,47.3518,9.3206,70.8434,76.038,63.9499,138.37,135.1,1020.9438,97.6368,3.3753,0.0666,0.037,72.1827,108.17,0.71,-1.7,8.9487,,,21.2362,0.2789,70.7874,36.1016,1,9.3698
11219,埼玉県,上尾市,市,226940.0,27.6147,0.7166,10.9189,4.7464,1.9719,4.0034,72.4609,99.3343,32.8382,99.0006,93.9685,3.7619,91.462,77.9782,95.2069,45.51,44.13,4986.5964,96.9677,12.4179,0.3626,0.1133,55.0342,86.19,0.86,4.8,7.5218,80.5133,83.6766,14.5413,0.4948,22.4729,25.9981,1,4.5182
11221,埼玉県,草加市,市,248304.0,24.528,0.4899,11.3849,4.7434,1.8111,3.9272,70.2144,99.7305,18.0365,99.9741,92.2872,2.4101,96.7763,92.6704,99.4054,27.46,27.46,9042.3889,100.0,24.3627,0.5462,0.1457,39.6502,76.45,0.89,3.9,8.7663,79.7184,83.8504,16.9147,0.5006,15.3038,20.9421,1,2.423
11222,埼玉県,越谷市,市,341621.0,25.6251,0.6679,10.0673,5.6996,1.8664,3.8658,71.7656,98.8823,8.0899,99.192,85.7738,2.9621,96.5699,74.192,89.1213,60.24,60.12,5670.9993,99.8008,18.2136,0.316,0.1331,51.3685,86.8,0.87,6.7,9.7997,79.864,84.2558,16.6852,0.1935,22.5396,20.1978,0,4.5884
11223,埼玉県,蕨市,市,74283.0,22.9754,0.2045,11.2902,4.0045,2.123,4.345,66.1633,100.0,27.8737,100.0,99.9011,0.8838,100.0,94.6547,100.0,5.11,5.11,14536.7906,100.0,57.1429,0.5871,0.3914,28.324,67.63,0.82,5.0,7.8613,79.528,84.2346,12.1158,0.4119,22.8855,22.8855,1,2.0265
11224,埼玉県,戸田市,市,140899.0,16.7674,0.1424,7.6953,3.5072,1.7899,3.6065,69.2865,99.4274,30.0265,99.9984,98.2397,2.6184,98.628,97.8261,100.0,18.19,18.19,7745.9593,100.0,18.8565,0.5498,0.11,18.8874,65.77,1.19,8.1,11.1527,79.4023,83.8729,12.0654,-0.4833,14.1946,23.421,1,10.2447
11225,埼玉県,入間市,市,145651.0,30.7401,1.0758,11.8118,5.4138,2.0501,4.2711,71.4449,90.5112,11.6785,96.5039,86.3593,5.9936,89.7699,69.3123,95.0814,44.69,37.95,3259.1407,84.9183,10.3294,0.2372,0.1318,55.3234,88.91,0.87,3.1,11.222,80.5995,84.5251,25.4032,-0.3357,32.9555,25.4032,1,4.7357
11227,埼玉県,朝霞市,市,141083.0,19.5828,0.5734,9.3712,3.51,1.6558,3.3877,69.9585,98.8847,3.8031,99.6345,96.3435,1.6819,99.6505,78.8498,98.7276,18.34,18.05,7692.639,98.4188,18.8366,0.4432,0.1108,30.5432,70.65,0.97,4.9,10.7549,80.2129,84.3489,15.5937,0.5947,23.3905,32.6049,1,2.1859
11228,埼玉県,志木市,市,75346.0,24.8952,0.5106,10.0514,4.0548,1.813,3.854,71.7539,99.2059,23.3136,100.0,90.6309,1.6445,99.0632,89.2595,98.3473,9.05,9.05,8325.5249,100.0,12.5967,0.7735,0.3315,36.4734,78.06,0.8,1.4,10.1842,80.2733,84.8312,25.217,0.1022,13.2721,38.4891,1,4.586
11229,埼玉県,和光市,市,83989.0,18.1451,0.697,8.163,2.7018,1.5943,3.087,66.735,99.4727,19.54,99.9889,96.4471,3.3907,98.4802,91.6234,97.6043,11.04,11.01,7607.6993,99.7283,13.079,0.3633,0.1817,19.0571,63.33,1.05,4.0,9.2506,80.6876,84.8106,13.097,0.0774,20.2407,20.2407,1,5.403
11230,埼玉県,新座市,市,166017.0,25.674,0.9542,11.2367,3.9167,1.7239,3.7498,71.0654,99.4735,16.8403,99.9779,88.4794,2.1014,99.2265,89.9643,96.2328,22.78,21.7,7287.8402,95.259,15.4839,0.4608,0.2304,49.5398,77.7,0.87,5.1,8.224,80.2815,84.1485,13.854,0.7047,16.2634,22.2869,0,1.7715
11231,埼玉県,桶川市,市,74748.0,30.0424,1.2696,11.2509,5.6027,1.9332,3.8594,73.3067,96.0459,13.4055,95.6235,96.7525,8.1426,87.525,63.7226,89.371,25.35,24.71,2948.6391,97.4753,7.0822,0.1619,0.0809,66.1458,98.59,0.74,5.5,9.6434,80.1006,84.4061,22.7431,0.305,22.7431,17.3918,0,2.9486
11232,埼玉県,久喜市,市,150582.0,31.6109,2.191,10.9845,7.1283,1.882,3.8636,73.1683,90.8548,6.1169,92.7425,77.5213,8.9215,83.017,66.7326,76.1024,82.41,82.29,1827.2297,99.8544,4.63,0.0972,0.0608,67.6554,103.23,0.81,5.1,16.5546,80.486,84.2519,14.61,0.5831,57.1117,29.22,1,7.5227
11233,埼玉県,北本市,市,65201.0,32.9373,1.5148,13.0908,5.5483,2.1319,4.3678,73.3209,98.3618,0.8293,98.0675,84.6351,6.2332,85.5874,81.5221,97.8665,19.82,19.33,3289.6569,97.5277,8.4842,0.3621,0.0517,58.5983,92.53,0.73,7.3,10.2768,80.3346,84.4333,26.0732,0.6012,24.5395,23.0058,1,10.666
11234,埼玉県,八潮市,市,93363.0,22.5187,0.8076,8.3963,5.3265,1.6923,3.4325,70.2314,96.6064,19.4905,99.8428,91.0528,3.0138,92.2521,83.8748,99.6045,18.02,18.02,5181.0766,100.0,10.4883,0.2775,0.111,45.0575,78.42,1.01,6.0,9.3819,79.9697,84.3573,21.4218,0.5366,35.3459,21.4218,0,3.0151
11235,埼玉県,富士見市,市,111859.0,24.0028,1.3449,10.3245,4.3471,1.7585,3.7289,69.9242,98.6719,4.8075,99.44,91.5833,3.3168,95.4978,85.6561,97.7958,19.77,19.63,5658.0172,99.2919,16.2506,0.3057,0.0509,44.408,75.08,0.78,2.5,10.8405,79.6682,83.7164,20.5616,0.1859,15.1977,24.1375,0,4.5988
11237,埼玉県,三郷市,市,142145.0,27.3175,0.973,11.6552,5.5147,1.846,3.8076,72.0931,97.3653,8.7982,99.6737,91.1196,3.6215,90.8434,70.4979,86.851,30.13,30.13,4717.7232,100.0,11.7823,0.2655,0.0996,39.8876,80.99,0.91,8.0,8.6502,79.6506,83.8645,16.1807,0.5241,25.3263,20.4017,1,3.6703
11238,埼玉県,蓮田市,市,61499.0,31.9693,2.0704,11.5689,5.9476,2.1691,4.5455,72.7785,92.2389,15.6896,94.8744,74.2143,6.5927,68.0576,74.2479,82.7754,27.28,26.23,2254.3622,96.151,5.1468,0.1525,0.0381,71.5116,104.05,0.71,4.3,9.8943,80.036,84.0241,14.6344,0.2358,35.7729,22.7646,1,4.1593
11239,埼玉県,坂戸市,市,100275.0,30.234,1.2234,12.1564,5.0365,2.6298,5.7378,70.1685,94.2242,4.2047,92.2354,91.1449,4.9023,76.5726,60.3801,87.6426,41.02,40.35,2444.5392,98.3667,6.9145,0.1983,0.0991,52.8835,85.6,0.78,6.8,9.2287,79.8924,83.9398,18.9479,0.1855,38.893,23.9342,1,5.4733
11240,埼玉県,幸手市,市,50066.0,35.7703,2.1615,13.6628,7.3621,2.3589,4.8667,72.851,89.9337,4.8814,86.9785,89.3693,9.2564,66.2985,65.4634,67.5835,33.93,33.92,1475.5673,99.9705,4.9528,0.1474,0.0295,70.0867,103.45,0.68,2.7,9.3231,79.8811,84.2365,21.971,0.4414,55.9262,25.9657,1,11.8835
11241,埼玉県,鶴ヶ島市,市,70117.0,29.4392,1.0061,11.2157,4.1735,2.0494,4.4018,71.8038,98.8901,5.0728,98.6262,94.755,5.0562,93.6365,51.7659,95.328,17.65,16.94,3972.6346,95.9773,12.3967,0.2952,0.059,49.7161,84.86,0.8,6.5,10.9871,80.171,84.5531,12.8357,0.087,17.1143,21.3928,1,5.9002
11242,埼玉県,日高市,市,54571.0,33.8499,2.4078,12.3977,7.1004,2.1312,4.396,73.7085,79.9076,7.3126,84.8143,60.7826,10.4169,66.188,77.4847,71.9449,47.48,36.2,1149.3471,76.2426,3.9503,0.0552,0.0276,75.0113,101.51,0.81,3.4,9.8824,79.8324,84.3223,12.8273,0.3976,86.1263,40.3145,1,7.4893
11243,埼玉県,吉川市,市,71979.0,24.4035,1.3736,8.9755,7.1423,1.6546,3.3845,73.0789,94.063,1.6229,94.9956,93.9535,4.06,88.4264,91.622,86.6316,31.66,31.62,2273.4997,99.8737,4.4592,0.1898,0.0316,56.0455,92.96,0.79,7.1,8.861,80.2245,84.239,18.0608,-0.1028,38.9002,31.9538,0,7.8653
11245,埼玉県,ふじみ野市,市,113597.0,25.4331,0.9005,12.0799,4.4854,1.7985,3.886,71.1077,99.6788,0.5676,99.6551,92.9828,1.8191,97.349,79.8897,98.0866,14.64,14.32,7759.3579,97.8142,21.0196,0.5587,0.0698,48.913,79.96,0.76,1.8,16.3229,79.9319,84.7428,23.7682,0.6391,14.9652,16.7258,1,3.2898
11246,埼玉県,白岡市,市,52214.0,28.274,1.8786,9.3683,7.0006,1.919,3.7661,73.4737,91.9218,2.8578,92.6469,70.3454,6.4781,81.2087,71.3643,81.5854,24.92,24.69,2095.2648,99.077,3.1187,0.162,0.0405,68.0536,103.74,0.77,5.5,7.5021,80.2919,84.4763,9.576,0.1015,21.0671,28.7279,1,7.5349
11301,埼玉県,伊奈町,町村,44841.0,24.1692,1.3916,7.8345,5.7776,1.6213,3.3487,72.1968,97.6735,12.6208,98.9781,97.0073,4.4074,87.1164,74.0934,95.8981,14.79,14.24,3031.8458,96.2813,5.9691,0.2107,0.2107,68.3297,99.52,0.81,6.3,8.0926,80.5422,84.1762,22.301,0.1472,24.5311,24.5311,0,5.6233
11324,埼玉県,三芳町,町村,38434.0,28.7107,3.3269,11.5026,6.1809,1.738,3.678,73.1182,97.1475,,98.9821,85.1222,3.819,91.351,90.8321,76.7621,15.33,13.95,2507.1102,90.998,4.1577,0.1434,0.0,59.3108,87.09,1.06,10.5,10.0666,79.7776,84.6174,18.213,0.4137,15.6112,18.213,0,2.3967
11326,埼玉県,毛呂山町,町村,35366.0,35.6558,1.3541,12.1677,6.1506,2.7852,6.2228,64.7868,90.8236,21.2961,89.6792,90.8535,7.0396,63.0055,79.045,67.451,34.07,19.67,1038.0393,57.7341,7.575,0.1525,0.0508,62.4384,87.08,0.58,8.6,7.3125,79.8996,83.7468,33.9309,0.2036,48.0688,39.586,0,4.8469
11327,埼玉県,越生町,町村,11029.0,38.5989,2.5373,13.6522,9.5675,2.2849,4.4904,73.2956,72.3393,7.7053,55.7303,78.7821,14.3538,67.3726,61.3351,62.5263,40.39,13.22,273.0626,32.7309,2.7988,0.0756,0.1513,,,0.46,4.4,10.1103,79.8949,83.8062,18.134,0.0453,99.7371,18.134,0,8.3228
11341,埼玉県,滑川町,町村,19732.0,23.2464,3.2971,8.2723,7.8272,1.5964,3.2518,72.7385,80.4065,6.4388,80.9175,60.4489,9.1684,44.6299,92.1598,37.2948,29.68,21.76,664.8248,73.3154,2.2059,0.046,0.046,66.3739,101.21,0.81,8.9,12.2258,79.6263,84.4609,20.2716,0.2737,55.747,20.2716,0,148.2538
11342,埼玉県,嵐山町,町村,17889.0,34.831,2.8139,12.7081,8.7021,1.9397,3.7734,68.827,76.6053,,80.7397,61.6438,11.1206,66.4786,81.9847,73.2669,29.92,20.79,597.8944,69.4853,2.5974,0.0481,0.0481,76.3561,109.69,0.73,9.2,7.8526,79.7231,83.453,16.7701,-0.1398,106.2105,27.9501,0,6.6379
11343,埼玉県,小川町,町村,28524.0,41.996,2.5491,13.9978,9.9923,2.5733,5.0336,73.9089,79.3038,12.0306,82.5669,68.3444,9.9704,42.2332,83.4359,59.1065,60.36,27.88,472.5646,46.1895,2.977,0.0359,0.0359,82.5712,115.69,0.59,6.8,8.4962,80.104,84.0452,21.0349,-0.0982,63.1048,59.5989,0,3.8998
11346,埼玉県,川島町,町村,19378.0,37.6338,5.8679,10.0647,13.0249,2.1468,4.0792,73.5507,70.8183,0.0262,70.3055,47.3562,26.712,20.9459,68.3696,50.383,41.63,41.63,465.4816,100.0,1.4893,0.0,0.0,85.3591,112.48,0.73,3.9,10.978,80.1483,83.8778,20.642,-0.0464,82.5679,25.8025,0,8.4163
11347,埼玉県,吉見町,町村,18192.0,36.7042,5.8435,10.7351,12.8646,2.699,4.8987,72.9578,40.6539,10.4476,63.7191,27.4486,15.8634,3.8618,85.4092,48.8432,38.64,36.48,470.8075,94.4099,1.1787,0.0274,0.0,92.8678,122.72,0.63,5.6,14.6325,79.6005,83.3868,32.9815,0.0495,65.9631,60.4661,0,124.8863
11348,埼玉県,鳩山町,町村,13560.0,46.7649,2.796,14.0547,8.3101,2.1755,4.7336,76.2859,77.352,14.0216,73.5546,56.9745,8.5389,11.4386,85.7758,76.8988,25.73,16.62,527.0113,64.5939,1.2034,0.0602,0.0602,,,0.51,10.9,7.5229,80.8157,84.3356,14.7493,-0.1622,154.8673,58.9971,0,11.5116
11349,埼玉県,ときがわ町,町村,10540.0,41.425,3.7119,14.6435,11.4238,2.0493,3.8359,74.49,50.6229,,60.3665,64.4733,10.4492,40.5882,47.2805,0.0033,55.9,17.03,188.551,30.4651,2.4075,0.0587,0.0,,,0.38,4.5,8.1145,79.937,83.775,47.4383,-0.5123,189.7533,75.9013,0,9.5561
11361,埼玉県,横瀬町,町村,7979.0,34.9897,3.6582,12.7113,12.3862,1.8925,3.7959,74.8308,51.5334,0.5301,62.839,59.4256,23.0348,63.4779,78.3821,17.3178,49.36,9.01,161.6491,18.2536,2.6637,0.0,0.0,,,0.48,7.0,21.8849,79.1514,83.4784,25.0658,-0.6893,162.9277,25.0658,0,7.5616
11362,埼玉県,皆野町,町村,9302.0,39.5912,3.9666,15.7159,13.7584,2.2576,4.519,75.4541,71.2833,2.4159,60.4792,68.1527,24.7649,60.7238,38.5202,9.3562,63.74,18.07,145.9366,28.3495,2.269,0.0553,0.0553,,,0.38,6.7,9.7537,79.8488,83.7769,10.7504,-0.0645,150.5053,21.5008,0,5.7724
11363,埼玉県,長瀞町,町村,6807.0,40.3315,3.6925,15.1597,14.8903,1.7188,3.4201,76.3317,70.7288,9.7189,64.8922,75.5847,25.0842,72.7374,67.0314,6.6877,30.43,8.99,223.6937,29.5432,6.6741,0.1112,0.0,,,0.36,12.1,7.6055,80.2562,84.4122,14.6908,-0.5142,293.8152,29.3815,0,0.0
11365,埼玉県,小鹿野町,町村,10928.0,41.6828,6.0245,16.0731,15.7603,1.8302,3.4819,75.9437,46.408,13.9475,58.7387,46.3812,31.6833,42.4779,36.1086,10.1576,171.26,29.86,63.8094,17.4355,1.7749,0.0,0.0335,,,0.3,8.3,8.4448,79.4584,83.7357,36.6032,-0.8327,183.0161,36.6032,0,38.4776
11369,埼玉県,東秩父村,町村,2709.0,47.4323,5.4784,17.7126,19.6356,1.7719,3.5714,76.1548,17.8309,0.2299,3.3363,63.6661,16.702,22.8808,36.8267,,37.06,7.51,73.0977,20.2644,1.3316,0.0,0.0,,,0.18,2.0,8.0215,79.9197,83.9382,36.914,-1.1443,147.656,36.914,0,0.0
11381,埼玉県,美里町,町村,11039.0,34.0235,8.2213,10.6444,14.923,2.3643,4.7112,72.2661,48.8572,1.6664,57.6562,31.105,14.9053,34.5232,87.4046,4.5011,33.41,25.82,330.4101,77.2823,0.9682,0.0,0.0,,,0.62,7.5,7.3335,79.0646,83.4613,0.0,0.3986,153.9995,45.294,1,1.7977
11383,埼玉県,神川町,町村,13359.0,33.4885,7.9718,11.8101,10.3821,2.3654,4.6206,71.8084,54.2767,6.4135,71.1697,45.4317,10.342,31.2611,51.2528,40.6602,47.4,26.78,281.8354,56.4979,1.1576,0.0373,0.0,,,0.48,8.3,10.3356,79.1671,84.3507,7.4856,0.277,104.7983,52.3991,0,39.1687
11385,埼玉県,上里町,町村,30343.0,29.055,5.9453,9.7514,8.7872,2.4487,4.7643,72.9018,87.2326,17.7405,85.916,83.844,7.9872,76.0642,81.1357,28.1795,29.18,29.12,1039.8561,99.7944,3.1593,0.0687,0.0,78.7129,108.73,0.74,8.7,11.9747,80.0296,84.4157,29.6609,0.5701,75.8,23.0696,1,24.9174
11408,埼玉県,寄居町,町村,32374.0,35.0051,4.0471,13.3092,9.8346,2.4897,4.7786,72.6176,61.9103,11.0601,74.0669,56.755,13.4012,50.687,78.6449,58.9969,64.25,41.19,503.8755,64.1089,2.7434,0.0243,0.0243,84.2297,113.96,0.77,3.4,8.8386,,,24.7112,-0.1822,132.8226,30.889,0,26.8991
11442,埼玉県,宮代町,町村,34147.0,32.8069,1.8898,10.5028,6.6836,1.9416,4.0348,72.37,83.5992,1.1994,91.4806,77.221,3.8911,58.0741,70.5583,49.9925,15.95,15.78,2140.8777,98.9342,5.5767,0.2535,0.0634,72.8016,99.83,0.58,6.0,10.5891,79.9633,83.997,11.7141,1.0601,40.9992,26.3566,1,6.9099
11464,埼玉県,杉戸町,町村,43845.0,33.7938,2.7832,11.4423,8.0769,1.9295,3.9404,73.5195,75.5721,1.9901,84.9943,81.5587,6.1675,63.2618,81.4076,64.3893,30.03,29.99,1460.04,99.8668,2.9343,0.1334,0.1,75.3175,105.61,0.72,7.4,12.1975,79.9704,83.9456,20.5269,0.0821,52.4575,18.2461,1,4.5038
11465,埼玉県,松伏町,町村,28266.0,30.3802,1.6077,10.4959,9.2375,2.0095,3.9338,71.9298,75.3433,0.0825,94.5251,81.6141,6.8501,67.3022,86.4557,82.6151,16.2,16.18,1744.8148,99.8765,2.843,0.0618,0.0618,88.0074,105.0,0.61,5.9,8.7167,79.8781,83.9186,24.7647,-0.1946,60.1429,21.2269,1,15.7245
12100,千葉県,千葉市,政令市,974951.0,26.3017,0.6959,10.8399,3.8314,1.8267,4.0425,71.0502,97.2651,49.7974,98.4622,92.3916,4.9275,91.5113,65.9308,98.8857,271.76,215.4,3587.5442,79.2611,10.6082,0.3993,0.1346,34.9179,79.14,0.89,11.2,16.2781,79.8024,84.4525,0.3077,0.8615,21.9498,39.6943,1,11.3089
12202,千葉県,銚子市,市,58431.0,39.9502,10.5525,15.644,13.8718,2.4473,4.8679,73.7195,71.4293,23.6454,81.507,83.1081,8.5702,57.7,36.6931,47.9062,84.12,69.59,694.6148,82.7271,4.4834,0.0287,0.0431,78.1949,109.24,0.58,12.0,12.0898,79.1847,83.5225,5.1343,-0.3508,92.4167,29.0941,0,5.7121
12203,千葉県,市川市,市,496676.0,21.5417,0.5195,9.2377,3.2629,1.7404,3.4895,67.7973,99.6871,26.4865,99.9413,92.799,3.0812,99.0665,78.2461,99.914,57.44,56.21,8646.8663,97.8586,17.5947,0.6227,0.2491,29.2371,68.22,1.07,1.6,10.7323,79.9526,84.3556,14.899,0.2791,31.4088,21.9459,0,3.821
12204,千葉県,船橋市,市,642907.0,23.9629,0.7708,10.2168,4.2139,1.6946,3.5859,70.7751,99.8074,55.2195,99.4775,91.4168,2.0072,95.954,86.3826,99.7961,85.62,81.4,7508.8414,95.0712,19.484,0.4791,0.1843,39.9904,76.82,0.92,2.9,11.1839,80.1759,84.3026,14.31,0.3053,19.1318,25.198,0,3.5452
12205,千葉県,館山市,市,45153.0,40.3759,7.0836,18.1291,8.9877,1.7031,3.7452,76.175,78.1039,6.7222,76.3387,63.3714,11.9906,46.4253,39.8419,36.1174,110.05,62.29,410.2953,56.6015,5.057,0.1124,0.0482,73.177,102.86,0.55,5.5,8.6849,80.2409,84.7759,28.791,-0.206,174.9607,53.1526,0,10.0503
12206,千葉県,木更津市,市,136166.0,27.7921,2.4014,11.0615,6.9561,1.6781,3.5337,72.9089,88.9843,6.0734,89.4327,80.5463,11.3976,45.8968,42.8326,82.1695,138.9,96.95,980.3168,69.7984,6.1681,0.1238,0.0619,61.3872,102.01,0.84,3.8,9.5931,79.7864,84.0986,21.2975,0.7638,51.4078,31.5791,1,10.3605
12207,千葉県,松戸市,市,498232.0,25.9037,0.6903,11.7706,3.6816,1.8849,4.0072,70.4558,99.8101,32.9564,99.7589,91.0376,1.9959,95.7783,85.961,99.4557,61.38,59.54,8117.1717,97.0023,22.7242,0.655,0.168,40.9101,78.67,0.84,1.4,10.0622,79.6371,84.1045,14.2504,0.5937,25.6908,26.6944,1,4.8267
12208,千葉県,野田市,市,152638.0,31.0776,1.7911,11.1872,7.3941,1.8632,3.8446,72.8951,84.6533,10.5653,93.1929,84.6054,6.1546,69.7616,63.272,92.1365,103.55,96.13,1474.0512,92.8344,3.7033,0.0936,0.0416,74.1826,102.84,0.8,4.8,10.0576,79.2426,83.532,18.9992,0.4317,47.1704,22.9301,1,12.7253
12210,千葉県,茂原市,市,86782.0,34.2581,3.209,12.9286,8.1057,2.3461,4.9824,73.7965,76.2077,28.355,83.0542,66.1628,8.9911,43.9299,56.2335,63.6597,99.92,83.69,868.5148,83.757,4.3733,0.0717,0.0478,73.8211,106.6,0.75,10.6,9.9596,79.3152,83.5788,13.8278,0.1325,87.5758,26.5032,0,6.0171
12211,千葉県,成田市,市,132906.0,24.2094,3.7055,8.4972,6.528,1.9487,3.8451,67.6721,80.3372,0.2219,82.8,85.7931,11.1461,79.4736,63.3976,82.3091,213.84,160.67,621.5208,75.1356,3.4605,0.056,0.0311,44.1085,85.57,1.27,8.6,17.5034,79.9408,84.0664,12.0386,-1.8645,42.135,33.8585,0,9.725
12212,千葉県,佐倉市,市,168743.0,33.4337,1.5845,11.4728,5.7564,1.9159,4.1106,74.4179,91.1266,8.9415,94.3143,90.2026,3.9353,80.7212,66.505,96.9271,103.69,82.3,1627.3797,79.3712,5.164,0.0972,0.0486,68.2724,103.21,0.86,1.4,11.9907,80.7415,84.7246,15.408,-0.1002,48.002,30.8161,0,9.3035
12213,千葉県,東金市,市,58219.0,31.9922,5.4074,11.3705,9.2408,2.482,5.1334,71.6016,64.8637,10.135,79.2223,68.3326,12.2585,33.8759,51.0474,60.6414,89.12,73.13,653.2653,82.0579,3.2545,0.0684,0.041,68.1711,102.77,0.65,3.1,9.1028,79.6686,83.8068,22.3295,-0.0842,60.1178,22.3295,0,5.6391
12215,千葉県,旭市,市,63745.0,32.2167,17.1182,11.173,17.97,2.2684,4.3476,73.8447,53.8769,11.7563,64.9623,62.0586,9.5823,49.2558,52.4564,30.995,130.47,117.91,488.5798,90.3733,2.5274,0.0339,0.017,77.2099,116.31,0.49,8.9,7.9519,79.3361,83.639,20.3938,-0.6761,50.2,28.2375,0,11.3902
12216,千葉県,習志野市,市,176197.0,23.6781,0.3845,9.8238,3.4945,1.7673,3.6173,69.7957,99.9999,33.1468,100.0,98.197,3.4207,99.4148,77.5817,99.9781,20.97,20.84,8402.3367,99.3801,19.6737,0.4319,0.1919,31.7215,77.02,0.89,7.7,13.5991,80.5393,84.8088,13.6211,0.168,18.1615,18.1615,1,6.9641
12217,千葉県,柏市,市,426468.0,26.0075,1.0988,9.8689,4.28,1.6458,3.5921,72.42,98.331,21.4624,98.5403,85.9251,2.9108,92.9831,81.6937,98.5274,114.74,102.96,3716.8206,89.7333,10.7129,0.204,0.136,51.0775,88.04,0.91,2.3,13.8486,80.7006,84.8112,20.6346,0.4537,20.8691,31.1864,1,6.0006
12218,千葉県,勝浦市,市,16927.0,46.2108,8.7401,17.7609,11.0608,2.5758,5.5379,71.0668,53.5974,3.5888,50.8928,64.5722,15.5575,40.5754,50.3638,,93.96,30.84,180.1511,32.8225,4.1505,0.0,0.0,65.0873,99.82,0.47,7.0,5.1914,79.3762,83.2762,17.7232,-0.6971,348.5556,53.1695,0,4.2325
12219,千葉県,市原市,市,269524.0,30.6953,1.6165,11.1155,6.5383,1.788,3.8168,72.0555,82.534,15.1619,86.1927,71.7826,7.5558,49.232,60.5713,89.0276,368.16,229.94,732.0839,62.4565,3.4096,0.0957,0.0304,62.9443,97.9,1.06,5.3,10.3627,79.0762,83.6492,15.212,-0.305,41.5547,34.5053,1,13.8089
12220,千葉県,流山市,市,199849.0,22.4279,0.7182,8.6385,3.9674,1.3926,3.0703,74.4337,99.4975,36.7356,99.6517,93.3763,1.7346,94.6832,77.4069,99.9474,35.32,32.73,5658.239,92.667,11.3352,0.3055,0.1222,51.3862,89.2,0.92,1.1,23.0497,80.97,84.5594,11.0083,0.7891,23.5178,28.0212,1,6.1094
12221,千葉県,八千代市,市,199498.0,24.7988,1.053,11.2663,4.0491,1.6597,3.5654,71.8898,96.9869,18.0485,97.9236,90.0531,2.9778,88.598,90.165,97.2233,51.39,46.27,3882.0393,90.037,11.541,0.3242,0.1297,46.9642,85.86,0.91,5.9,13.1742,80.2123,84.0437,18.5466,0.5444,22.0554,20.0503,1,5.4075
12222,千葉県,我孫子市,市,130510.0,30.8441,1.2633,11.9999,4.6318,1.7478,4.0425,72.0002,96.7336,19.0085,96.608,93.3568,4.1838,89.5844,58.9269,99.4378,43.15,40.05,3024.5655,92.8158,5.9176,0.1998,0.0999,54.1769,95.91,0.74,1.6,9.0792,80.7964,84.7007,12.2596,-0.0092,31.4152,36.7788,0,11.5572
12223,千葉県,鴨川市,市,32116.0,39.4841,8.105,16.4109,10.5278,1.3482,2.6973,72.6204,55.2328,22.7777,62.3543,72.7362,17.6367,38.7722,53.6307,,191.14,64.38,168.0234,33.6821,3.6347,0.0,0.0311,68.0672,95.52,0.5,9.4,7.6303,79.2445,83.7884,18.6823,-1.56,239.7559,34.2508,0,5.5564
12224,千葉県,鎌ケ谷市,市,109932.0,28.4929,1.5563,10.9611,5.2385,1.7174,3.8743,72.5354,99.7913,33.0448,99.6893,95.0847,2.0898,90.3326,98.8012,99.982,21.08,19.83,5214.9905,94.0702,12.002,0.4539,0.1009,58.8616,86.71,0.72,4.7,12.6409,,,18.1931,0.2656,18.1931,19.1027,0,3.6475
12225,千葉県,君津市,市,82206.0,33.4498,3.5773,11.0991,9.102,1.7882,3.4743,72.8672,74.4721,1.2211,82.065,71.6074,9.6242,70.1661,35.1564,72.9846,318.78,113.2,257.8769,35.5104,3.8869,0.0353,0.0265,64.9583,100.74,1.0,3.3,10.7734,79.962,84.2944,21.8962,-0.2007,100.9659,25.5456,0,12.3059
12226,千葉県,富津市,市,42465.0,39.607,5.5245,14.2165,13.2308,1.5943,3.2175,73.3756,65.2272,8.6079,66.0982,63.0367,12.0287,46.7291,34.6661,35.4672,205.4,83.17,206.7429,40.4917,1.7194,0.0361,0.024,81.7961,113.51,0.86,8.2,9.1083,78.6809,83.4243,18.839,-0.1601,129.5184,35.3232,0,41.103
12227,千葉県,浦安市,市,171362.0,18.6153,0.1472,6.2318,3.1427,1.4992,3.0298,66.0803,99.4991,21.5851,99.9508,98.7632,1.5092,96.8707,80.7746,99.5807,17.25,17.25,9934.029,100.0,23.7681,1.1014,0.2319,15.4364,68.83,1.42,8.2,14.8947,81.3259,85.096,11.6712,0.2597,14.589,29.7616,0,6.8693
12228,千葉県,四街道市,市,93576.0,28.2549,1.111,10.7637,5.0251,2.0219,4.7128,74.3077,96.8817,44.4871,94.6112,89.0825,2.8583,80.2489,89.2069,98.2076,34.52,28.07,2710.7764,81.3152,6.3413,0.285,0.1425,69.3524,101.6,0.74,1.8,11.0444,80.74,84.8154,19.2357,0.1603,18.1671,21.373,0,7.8838
12229,千葉県,袖ケ浦市,市,63883.0,26.9925,3.6853,8.9767,8.3172,1.6076,3.3146,73.3837,78.7448,0.3359,84.9795,65.432,11.8529,50.1052,65.029,87.3825,94.82,74.34,673.7292,78.4012,1.9774,0.0404,0.0135,71.5761,106.32,1.09,2.5,12.3851,79.8575,84.0943,17.219,0.4743,50.0916,29.7419,0,14.3757
12230,千葉県,八街市,市,67455.0,32.7702,7.5268,11.4954,8.6907,2.2652,4.4681,71.9174,60.4367,7.9993,85.5742,68.0892,6.6731,40.873,56.5692,30.366,74.94,63.47,900.1201,84.6944,2.5366,0.0788,0.0315,80.185,105.14,0.62,6.5,9.3336,78.8619,83.7984,17.7896,-2.5543,25.202,31.1319,0,1.8503
12231,千葉県,印西市,市,102609.0,24.02,3.0801,7.8176,6.3637,1.3722,2.8581,76.8014,84.2809,20.8786,85.7097,87.1924,10.2668,85.2836,56.7447,91.0128,123.79,94.48,828.8957,76.3228,2.2121,0.0741,0.0106,59.0677,110.15,1.06,0.2,16.2626,81.3277,84.871,13.644,-0.8001,38.9829,36.0592,0,17.9157
12232,千葉県,白井市,市,62441.0,28.3022,3.3537,9.2659,5.9975,1.6592,3.4753,74.9951,91.6877,31.0742,93.7852,92.8451,7.3726,80.664,87.675,95.6319,35.48,30.46,1759.8929,85.8512,3.1517,0.197,0.0328,54.9308,104.96,0.84,4.4,13.6539,80.8861,84.1993,19.2181,-1.6688,19.2181,28.8272,0,10.161
12233,千葉県,富里市,市,49735.0,29.4334,7.4313,9.8614,7.2771,2.2198,4.2552,71.3048,69.2683,8.0129,83.5187,57.6935,7.2282,51.2248,73.9942,50.2877,53.88,46.18,923.0698,85.709,3.0966,0.1083,0.0217,65.5518,98.19,0.74,7.4,7.6929,79.4942,83.8503,8.0426,-3.6091,32.1705,28.1492,0,5.1826
12234,千葉県,南房総市,市,35831.0,47.4939,17.0363,19.9236,16.1462,1.6131,3.2472,78.3932,51.1622,17.0114,46.2949,64.7911,16.2543,29.9819,40.9134,0.3513,229.55,106.47,156.0924,46.3821,1.2961,0.0564,0.0094,91.3684,121.69,0.31,8.8,17.2918,79.8503,84.2293,22.327,-0.0642,200.9433,64.1902,0,3.0761
12235,千葉県,匝瑳市,市,35040.0,36.5624,13.6855,13.5507,19.4427,2.1261,4.4758,74.1753,45.9836,17.9151,55.8553,76.3541,15.273,49.5192,51.1977,33.7246,101.48,86.61,345.2897,85.3469,1.3393,0.0115,0.0231,83.8863,125.13,0.46,6.4,11.6056,79.735,84.117,11.4155,-0.9332,82.7626,28.5388,0,6.9923
12236,千葉県,香取市,市,72356.0,38.1814,10.5599,12.9706,18.0622,2.1132,4.1609,75.157,49.7504,9.6858,55.9384,62.3834,15.2828,35.5923,49.2364,45.7397,262.35,209.91,275.7995,80.0114,1.353,0.0095,0.0191,82.683,120.54,0.5,8.5,8.0789,78.9255,84.1103,24.877,-1.3724,131.2953,41.4617,0,8.5821
12237,千葉県,山武市,市,48444.0,37.3173,10.9991,14.4318,13.5591,2.4977,4.7993,74.1019,39.5884,6.1423,51.734,45.4191,15.6555,21.9312,29.5387,15.8374,146.77,107.3,330.0675,73.1076,1.1929,0.0093,0.0186,87.6171,121.45,0.47,6.6,15.8634,78.936,83.6197,24.7709,-1.3789,84.6338,43.349,0,17.5476
12238,千葉県,いすみ市,市,35544.0,42.5997,7.6943,18.0786,13.9673,3.0779,6.5294,76.6447,52.1511,0.6529,55.8786,49.147,12.7898,41.0241,78.0313,38.9518,157.5,90.99,225.6762,57.7714,1.2639,0.0,0.011,88.8492,125.09,0.41,7.0,10.9861,79.6786,84.3402,16.8805,-0.377,211.0061,39.3878,0,7.1278
12239,千葉県,大網白里市,市,48129.0,34.3047,4.5158,12.5474,9.0005,2.0694,4.2352,74.9118,77.8178,16.775,71.5541,69.2073,7.5137,53.7608,42.8389,56.2619,58.08,49.56,828.6674,85.3306,2.3608,0.1009,0.0202,80.3337,112.97,0.58,8.9,8.5701,79.5814,83.7603,8.311,-0.1766,39.4772,41.555,0,2.6066
12322,千葉県,酒々井町,町村,20745.0,33.2459,2.879,10.4954,5.5627,2.3813,5.1118,69.8298,82.3038,9.2694,94.9082,75.1744,11.6195,72.2194,73.339,94.4167,19.01,14.36,1091.2678,75.5392,5.2925,0.0696,0.0696,59.2998,95.09,0.71,5.8,11.7984,80.968,84.9072,9.6409,-1.9089,53.0248,14.4613,1,10.6483
12329,千葉県,栄町,町村,20127.0,41.8859,4.1416,11.8287,9.8694,3.1897,6.4601,74.2583,81.1105,10.2522,85.8804,89.9781,8.2422,45.8705,59.1339,89.7309,32.51,29.14,619.1018,89.634,1.0295,0.0686,0.0,83.7408,114.41,0.51,5.0,8.9226,80.4121,84.7688,24.8423,-0.1242,59.6214,44.7161,0,10.7573
12342,千葉県,神崎町,町村,5816.0,36.1683,6.3442,13.4472,15.8563,2.751,5.3103,73.9763,56.8197,,41.374,34.8149,16.7848,29.4581,66.8536,4.3,19.9,15.81,292.2613,79.4472,0.8223,0.0,0.0,,,0.38,4.2,8.6524,79.7994,83.8594,0.0,0.3439,120.3576,120.3576,0,0.0
12347,千葉県,多古町,町村,13735.0,39.2994,18.494,12.0127,21.7495,1.8202,3.208,74.4199,34.0037,2.014,42.691,45.3792,23.4362,28.3274,29.9713,0.009,72.8,52.14,188.6676,71.6209,0.9014,0.0,0.0192,,,0.53,5.7,12.0872,80.2544,84.6672,21.842,-0.051,211.1394,7.2807,0,6.8301
12349,千葉県,東庄町,町村,13228.0,40.1829,14.9493,12.8478,24.4565,1.7992,3.476,76.1913,42.4851,,54.4586,26.8332,12.0003,24.7464,36.4638,3.7232,46.25,39.52,286.0108,85.4486,0.7591,0.0253,0.0,,,0.41,6.1,13.2533,79.4528,84.3487,15.1194,-0.7635,105.8361,15.1194,0,8.3933
12403,千葉県,九十九里町,町村,14639.0,42.3219,6.2833,17.2425,12.717,2.3704,4.8908,74.0082,48.326,,73.0944,57.6947,10.0006,15.6238,46.1785,4.8879,24.44,22.9,598.9771,93.6989,2.7074,0.0437,0.0437,,,0.42,7.4,7.9015,78.8371,83.634,27.3243,-0.4304,88.8039,40.9864,0,2.0564
12409,千葉県,芝山町,町村,7033.0,36.2013,20.8459,12.1611,19.2982,2.0617,3.8299,73.8836,27.3985,7.7694,42.7454,40.361,36.286,35.8462,40.7702,9.6224,43.24,30.85,162.6503,71.346,0.5835,0.0324,0.0,,,1.03,6.6,9.0846,79.4827,83.98,0.0,-1.3934,199.0616,28.4374,0,24.5096
12410,千葉県,横芝光町,町村,22075.0,37.6754,11.0913,15.5755,18.1048,1.9253,3.8319,75.233,41.3872,9.6249,52.078,40.7515,12.3862,40.2429,45.7997,0.335,67.01,57.56,329.4284,85.8976,1.0771,0.0174,0.0174,87.625,121.13,0.45,5.8,12.6737,79.4912,84.3719,18.12,0.2039,95.1302,27.1801,0,11.8923
12421,千葉県,一宮町,町村,11897.0,32.6115,7.3091,13.222,10.3039,2.0341,4.1847,73.8009,60.4608,10.7439,68.5842,42.9752,9.7547,38.978,46.6926,36.9671,22.97,16.69,517.9364,72.66,3.8945,0.0,0.0599,,,0.53,5.1,7.0406,80.0169,84.5024,8.4055,-4.8752,134.4877,67.2438,0,2.9688
12422,千葉県,睦沢町,町村,6760.0,41.9413,8.4163,14.7621,17.3241,2.3077,4.7721,77.4655,32.8322,6.6765,49.6247,41.5136,8.8259,22.4434,55.9535,5.0199,35.59,21.74,189.941,61.0846,0.644,0.0,0.0,,,0.36,6.2,13.7034,80.4185,84.5837,14.7929,0.5473,295.858,59.1716,0,6.0651
12423,千葉県,長生村,町村,13803.0,35.3533,5.4832,12.7078,12.2967,2.2459,4.6955,71.5821,58.9362,13.0209,62.8713,25.4791,9.7835,21.9909,35.9735,17.0622,28.25,26.77,488.6018,94.7611,1.0459,0.0,0.0,,,0.49,9.0,14.5379,79.234,83.3506,7.2448,-0.4926,166.6304,28.9792,0,7.6291
12424,千葉県,白子町,町村,10305.0,42.0066,12.495,17.526,15.8557,2.5813,5.0417,75.9503,42.0309,3.6832,49.9826,48.4316,6.742,22.7825,33.0816,,27.5,25.85,374.7273,94.0,1.1605,0.0,0.0,,,0.44,4.5,6.7786,79.4518,83.5519,9.704,-7.4236,97.0403,38.8161,1,0.0
12426,千葉県,長柄町,町村,6721.0,44.0469,9.1265,14.2914,16.9188,2.6335,5.4545,75.7061,39.6661,10.8554,29.5507,40.219,28.8247,5.3104,47.096,10.4061,47.11,28.82,142.6661,61.176,0.7634,0.0,0.0,,,0.51,6.1,15.3813,79.5821,83.9579,14.8787,-0.0893,178.5449,59.515,1,0.0
12427,千葉県,長南町,町村,7198.0,46.362,7.4954,15.5953,21.3009,2.3479,4.8971,77.2011,27.6908,14.7113,36.1258,59.7264,33.7457,7.5589,36.856,2.0882,65.51,35.68,109.8764,54.465,0.8128,0.028,0.0,,,0.41,6.1,6.5647,79.8589,84.1382,27.7855,-0.5974,263.9622,13.8927,0,0.0
12441,千葉県,大多喜町,町村,8885.0,44.2675,7.5552,17.7219,16.5089,2.0597,4.3916,75.1659,37.796,16.605,36.5208,65.2253,21.6557,26.8607,62.8443,,129.87,40.61,68.4146,31.2697,1.4775,0.0,0.0246,,,0.4,4.1,8.8733,80.0821,84.1388,22.5098,-0.1013,303.8829,33.7648,0,0.3723
12443,千葉県,御宿町,町村,6874.0,52.0571,5.1291,21.296,11.2341,1.9785,4.5899,79.3689,68.4798,,54.9433,34.1361,9.1293,15.8952,59.0477,3.6368,24.85,11.26,276.6197,45.3119,3.3748,0.0,0.0,,,0.39,4.2,9.9104,80.2049,84.79,29.0951,1.1202,276.4038,29.0951,0,0.0
12463,千葉県,鋸南町,町村,6993.0,49.6423,14.6552,21.7851,14.4132,1.4872,2.9018,76.7449,65.6545,3.4796,62.2993,82.0816,18.6612,32.0402,33.3157,,45.17,18.41,154.8151,40.7571,2.553,0.0543,0.0,,,0.27,9.7,10.8194,79.2071,83.2658,42.9,-0.5863,157.3002,57.2001,0,0.0
13101,東京都,千代田区,特別区,66680.0,16.6664,0.021,9.1713,1.8803,0.8098,1.8561,67.2771,100.0,42.5203,100.0,100.0,12.9502,100.0,100.0,99.9903,11.66,11.66,5718.6964,100.0,262.6072,1.0292,1.5437,1.3415,56.03,0.84,-0.6,19.7801,80.6579,84.5776,14.997,-0.5474,92.9814,847.3305,1,25.5743
13102,東京都,中央区,特別区,169179.0,14.6374,0.0813,8.7656,1.7646,1.184,2.3741,70.7935,100.0,29.4716,100.0,99.2453,3.922,99.9973,92.5211,99.2446,10.21,10.21,16569.9314,100.0,410.8717,1.3712,0.1959,2.1592,52.98,0.61,0.0,23.3551,80.8269,84.1535,25.4169,5.0272,34.2832,284.9053,1,3.9673
13103,東京都,港区,特別区,260486.0,17.0128,0.0745,9.5561,1.6874,0.9985,2.7308,71.739,100.0,53.9891,99.9995,98.1146,5.3098,100.0,100.0,98.1267,20.36,20.36,12794.0079,100.0,223.1827,1.4735,0.8841,3.1918,62.08,1.15,-1.4,18.8527,81.0084,84.0728,18.811,-0.2898,125.1507,271.0318,1,4.6308
13104,東京都,新宿区,特別区,349385.0,19.1432,0.0905,9.6646,1.6493,1.3824,3.7551,64.1369,100.0,54.6221,100.0,100.0,3.3043,100.0,97.5986,99.9199,18.22,18.22,19175.9056,100.0,270.0878,1.6465,0.6037,6.7205,51.88,0.66,-3.2,8.9568,79.5052,84.297,25.7595,-0.8544,74.1303,182.8928,1,3.4007
13105,東京都,文京区,特別区,240069.0,18.8227,0.0735,8.9448,2.1113,1.1792,2.6318,64.7179,100.0,40.1879,100.0,100.0,2.4415,100.0,98.27,100.0,11.29,11.29,21263.8618,100.0,113.3747,2.3915,2.2143,11.443,59.78,0.62,-4.4,22.0226,81.2439,84.8706,15.4122,0.7431,85.3921,127.0468,0,1.6817
13106,東京都,台東区,特別区,211444.0,21.0718,0.0567,13.0375,2.5593,1.5375,3.4242,66.1463,100.0,73.6833,100.0,100.0,2.7692,100.0,99.6519,100.0,10.11,10.11,20914.3422,100.0,263.3037,1.8793,0.7913,11.461,55.42,0.49,-2.7,10.5197,78.7562,84.1126,21.2822,1.0542,192.9589,97.8983,1,3.6747
13107,東京都,墨田区,特別区,272085.0,21.0237,0.0821,12.0034,3.0912,1.6513,3.3613,66.0327,100.0,74.7114,100.0,99.887,2.1699,100.0,94.3988,100.0,13.77,13.77,19759.2593,100.0,117.2113,1.0893,0.5084,14.0393,55.86,0.42,-1.2,9.8726,79.0809,83.8097,15.8039,0.6715,46.3091,44.1039,1,2.8844
13108,東京都,江東区,特別区,524310.0,20.9155,0.0861,11.9972,2.4622,1.5247,3.2801,70.1442,99.9891,56.8542,100.0,98.4083,2.4042,99.8772,96.2583,98.923,42.99,42.99,12196.0921,100.0,44.3126,0.6513,0.2791,8.1352,56.37,0.5,-3.5,16.0854,79.6346,83.8539,14.686,0.3935,23.8409,32.2328,0,9.5992
13109,東京都,品川区,特別区,422488.0,19.8366,0.094,9.8035,2.1348,1.4523,3.0082,66.1316,99.9981,82.9751,99.9963,99.1433,1.8616,99.9273,92.9867,99.3544,22.85,22.85,18489.628,100.0,98.1182,1.2254,0.5252,11.4004,54.22,0.57,-4.4,13.7006,80.4694,85.048,17.9887,0.9719,42.6048,52.0725,1,3.2585
13110,東京都,目黒区,特別区,288088.0,19.7592,0.1615,9.8291,2.6965,1.2704,3.0319,66.5164,100.0,44.6842,100.0,99.6379,1.7062,100.0,79.5587,100.0,14.67,14.67,19637.9005,100.0,96.6599,1.4997,0.6817,16.5881,65.09,0.73,-4.0,18.6633,81.2289,84.8018,10.0664,0.5602,31.9347,63.8694,1,1.6989
13111,東京都,大田区,特別区,748081.0,22.4052,0.1307,10.6929,3.0441,1.5453,3.2199,66.0759,99.9998,51.4971,100.0,96.9635,1.8633,98.9675,88.6872,99.9995,61.86,61.86,12093.1296,100.0,45.4898,0.7598,0.2263,19.8215,59.81,0.54,-2.6,11.0523,79.4388,84.0316,19.3829,0.9046,34.2209,33.4188,1,3.957
13112,東京都,世田谷区,特別区,943664.0,20.4943,0.3035,10.9669,2.1309,1.3774,3.1986,68.3681,99.9982,30.795,99.9999,98.1931,1.7782,99.9849,76.9569,100.0,58.05,58.05,16256.0551,100.0,50.0775,1.068,0.6546,21.5312,67.45,0.68,-3.6,13.1467,81.1365,84.6958,11.7627,0.5523,31.2611,50.3357,1,2.847
13113,東京都,渋谷区,特別区,243883.0,18.6987,0.075,8.2386,1.8965,1.3006,3.2884,60.7336,100.0,49.4908,100.0,99.7815,2.8163,100.0,100.0,98.9173,15.11,15.11,16140.503,100.0,266.4461,1.3898,0.6618,7.2518,56.7,0.96,-3.8,10.1311,81.1983,85.094,16.8113,0.1583,62.735,198.4558,1,6.9018
13114,東京都,中野区,特別区,344880.0,19.8514,0.109,9.8195,2.4925,1.6759,3.9552,59.9286,100.0,84.6808,100.0,99.4364,1.3507,100.0,97.2803,100.0,15.59,15.59,22121.873,100.0,88.7107,1.347,0.7697,13.861,52.25,0.49,-4.0,16.1238,79.9986,84.946,16.8174,0.5147,37.6943,60.3108,1,1.3881
13115,東京都,杉並区,特別区,591108.0,21.0241,0.1836,9.7021,2.005,1.5229,3.4467,64.6704,100.0,34.6795,100.0,97.8761,2.1615,100.0,86.2175,100.0,34.06,34.06,17354.9031,100.0,70.2584,1.2331,0.5578,21.8937,60.31,0.6,-5.2,10.3644,81.2878,85.2634,15.0565,0.5711,37.0491,49.0604,1,2.1808
13116,東京都,豊島区,特別区,301599.0,19.4096,0.0986,11.3438,2.06,1.7185,4.1173,59.6196,100.0,97.0924,100.0,100.0,1.4906,100.0,99.548,100.0,13.01,13.01,23182.0907,100.0,174.02,1.5373,1.3067,12.203,52.7,0.53,-1.5,11.1636,79.4823,84.2234,18.8993,-0.3014,50.398,101.7908,1,0.7488
13117,東京都,北区,特別区,355213.0,23.6994,0.074,14.6435,3.3907,1.6869,3.8429,59.5439,100.0,61.6304,100.0,98.7453,1.5348,99.9914,93.7651,100.0,20.61,20.61,17234.983,100.0,61.6691,1.7467,0.7278,18.4108,56.63,0.39,-2.9,13.9595,79.5045,84.2546,17.4543,0.7691,38.0054,39.6945,1,3.0228
13118,東京都,荒川区,特別区,217475.0,22.4059,0.1124,13.6683,3.3435,1.7524,3.8146,67.6102,100.0,61.5951,100.0,99.2949,1.2785,100.0,100.0,100.0,10.16,10.16,21405.0197,100.0,79.7244,1.378,0.3937,21.2589,62.09,0.34,-1.4,10.6195,79.0797,84.0829,16.0938,0.5067,41.8439,36.7858,1,2.0847
13119,東京都,板橋区,特別区,584483.0,22.9888,0.1306,12.0962,2.71,1.7202,4.0755,66.0011,99.996,66.144,100.0,98.4082,1.7371,99.9447,96.5657,100.0,32.22,32.22,18140.3786,100.0,52.2346,1.0242,0.3724,15.4977,54.8,0.43,-4.4,14.7959,79.3925,84.1767,16.938,0.9013,22.7552,30.2832,1,3.2765
13120,東京都,練馬区,特別区,752608.0,22.002,0.3581,10.4349,3.0546,1.6132,3.6364,67.4875,100.0,56.5165,100.0,95.7614,1.4641,99.7561,83.3673,100.0,48.08,48.08,15653.2446,100.0,36.4393,0.8943,0.2912,24.6042,66.63,0.46,-2.5,12.0762,80.2949,84.3019,15.2802,0.6131,23.9168,33.2178,1,2.8526
13121,東京都,足立区,特別区,695043.0,24.4164,0.1972,13.1544,3.8289,1.7799,4.3221,67.7806,100.0,97.095,100.0,97.4826,2.0095,99.9738,85.6428,100.0,53.25,53.25,13052.4507,100.0,38.7793,0.9577,0.2066,24.535,63.84,0.38,-3.8,18.8077,78.2686,82.6747,17.8406,0.8706,34.2425,24.6028,1,4.6883
13122,東京都,葛飾区,特別区,453093.0,24.2805,0.207,13.4742,4.3183,1.8857,4.1645,68.0965,99.9516,39.2071,99.999,97.1155,1.8726,99.3968,86.0407,99.5045,34.8,34.8,13019.9138,100.0,45.546,0.7759,0.2299,30.4296,67.58,0.35,-1.8,13.0949,78.6493,83.2868,22.2912,0.4856,44.3618,28.0296,0,4.4088
13123,東京都,江戸川区,特別区,697932.0,21.2911,0.2252,11.0029,3.5366,1.7462,3.8469,68.008,99.9772,41.8434,99.9883,94.9603,2.1255,99.9863,80.4183,99.9987,49.9,49.9,13986.6132,100.0,30.3808,0.7615,0.2004,24.0699,65.71,0.39,-5.7,13.3533,79.1688,83.8366,17.4802,0.3162,25.2174,24.3577,0,11.1528
13201,東京都,八王子市,市,579355.0,27.7823,0.655,10.9635,4.0225,1.8628,4.3162,68.4458,98.0867,11.9459,97.2844,94.8168,4.6278,91.6691,71.9443,98.8718,186.38,108.03,3108.4612,57.9622,15.3013,0.2684,0.1666,39.5423,78.29,0.9,-0.6,9.8471,80.7893,84.7519,20.7127,0.2741,39.3541,45.2227,1,14.1503
13202,東京都,立川市,市,183581.0,24.8061,0.903,13.9957,2.1384,1.7654,4.103,68.9905,99.7644,45.4441,99.9824,96.2741,2.5559,99.4855,87.8057,99.6088,24.36,24.33,7536.1658,99.8768,35.1007,0.4932,0.1644,30.1878,67.85,1.16,1.8,11.4039,80.0327,84.5243,14.7074,0.6373,26.6912,45.7564,0,9.6177
13203,東京都,武蔵野市,市,150149.0,22.5602,0.3663,10.4648,2.4062,1.4912,3.3582,67.132,100.0,47.2908,100.0,99.6822,1.651,99.9772,95.2803,100.0,10.98,10.98,13674.7723,100.0,98.0874,1.0929,0.5464,20.2512,65.39,1.51,-1.1,17.9275,81.0818,84.5563,15.9841,0.2204,26.6402,56.6104,1,4.3456
13204,東京都,三鷹市,市,195391.0,22.0927,0.7599,10.6351,2.3243,1.4704,3.3547,67.8786,100.0,29.203,99.9618,98.2405,1.6651,99.6909,94.5674,99.9962,16.42,16.41,11899.5737,99.9391,25.2285,1.036,0.1828,26.8298,67.28,1.13,0.8,10.051,81.1933,85.2882,13.8184,0.4847,17.9128,42.9907,1,3.7926
13205,東京都,青梅市,市,133535.0,32.0906,1.1198,13.1526,5.1886,1.968,4.4425,70.6926,95.1926,3.1286,91.9718,86.8042,6.6307,94.118,75.2975,89.6387,103.31,38.67,1292.5661,37.431,10.4215,0.1552,0.0517,56.5457,84.02,0.78,2.4,10.2798,79.8242,84.3032,17.2239,0.5669,72.6401,32.2013,0,6.4231
13206,東京都,府中市,市,262790.0,22.5182,0.6493,10.4997,2.9426,1.6679,3.614,68.1277,99.7677,19.0194,99.8047,98.7192,2.8487,99.6932,90.2845,100.0,29.43,29.43,8929.3238,100.0,24.5668,0.5776,0.2039,29.9294,68.55,1.21,3.2,24.8334,80.5267,84.7142,13.6992,0.5643,23.2125,35.77,1,7.1199
13207,東京都,昭島市,市,113949.0,26.4801,0.5977,13.7495,3.3467,1.943,4.1065,69.7763,96.5071,50.0172,99.9657,95.6965,3.0661,99.138,90.9303,99.6963,17.34,17.06,6571.4533,98.3852,22.0985,0.4103,0.1758,37.8373,74.28,0.97,0.4,11.1928,79.7884,83.8449,22.8172,1.2979,24.5724,19.3069,0,10.7001
13208,東京都,調布市,市,242614.0,21.8131,0.5824,9.7417,2.5755,1.4801,3.4012,67.6915,99.9743,19.5159,99.884,98.5607,2.0352,99.6811,95.1299,99.9987,21.58,21.46,11242.5394,99.4439,35.0419,0.6058,0.3262,25.2635,64.55,1.18,0.7,10.0605,80.736,84.9207,18.9602,0.413,29.2646,43.6908,1,5.6437
13209,東京都,町田市,市,431079.0,27.2947,0.7331,12.1427,3.4653,1.7735,4.0233,72.0353,99.0075,44.9113,98.7592,91.9535,2.6247,87.3962,88.8498,99.5526,71.55,63.76,6024.8637,89.1125,17.0013,0.5332,0.1882,45.8123,82.54,0.93,0.9,13.5844,81.1256,84.8286,15.0784,0.5533,27.8371,43.3795,1,11.1596
13210,東京都,小金井市,市,126074.0,21.5554,0.5636,9.6785,2.2965,1.634,3.6672,67.8712,100.0,5.8099,99.9685,98.1476,1.5714,99.6757,80.9022,98.5289,11.3,11.25,11156.9912,99.5575,28.1778,0.6222,0.5333,30.5927,66.29,1.01,1.6,8.268,81.1715,85.4895,15.8637,0.4719,28.5547,49.9707,0,6.6791
13211,東京都,小平市,市,198739.0,23.6998,0.7599,10.6074,3.1704,1.509,3.6474,69.0744,100.0,21.6948,100.0,96.4678,1.8238,100.0,91.5657,99.81,20.51,20.45,9689.8586,99.7075,20.7824,0.7335,0.2934,38.0574,71.73,0.92,2.0,10.5983,80.7099,84.8401,11.0698,0.2108,14.592,31.6999,0,2.6306
13212,東京都,日野市,市,190435.0,24.8349,0.5963,11.0717,3.1732,1.6,3.7293,69.5368,99.8002,39.9959,99.9123,97.7847,2.9161,97.1237,91.141,100.0,27.55,26.55,6912.3412,96.3702,13.7853,0.4896,0.113,39.1599,76.18,0.92,-2.4,13.051,81.2616,84.8952,9.9772,0.8733,17.8539,39.9086,0,8.6107
13213,東京都,東村山市,市,151815.0,27.0621,0.8066,13.2499,3.7474,1.7396,3.9574,69.9481,99.8165,23.9753,99.8256,92.0148,1.9005,97.7599,73.4583,93.4619,17.14,16.77,8857.3512,97.8413,24.0906,0.5963,0.2982,44.9015,77.01,0.75,2.4,8.3346,80.2562,84.6369,16.4674,0.523,21.737,36.887,1,5.6842
13214,東京都,国分寺市,市,129242.0,22.0989,0.7759,9.1683,2.8569,1.6233,3.6889,68.8013,100.0,25.7105,100.0,98.0197,1.1418,100.0,88.8112,97.783,11.46,11.43,11277.6614,99.7382,38.2327,0.35,0.175,34.6119,72.11,1.03,-0.6,10.2091,81.4374,85.001,13.9274,0.7103,17.7961,46.4245,1,2.1555
13215,東京都,国立市,市,77130.0,24.2552,0.6483,11.4396,2.7075,1.6868,3.6599,67.3523,100.0,67.2758,100.0,98.5917,2.1655,99.7382,88.9772,99.0718,8.15,8.12,9463.8037,99.6319,34.8522,1.1084,0.4926,28.3922,68.3,0.99,0.7,10.424,81.0067,84.7412,12.9651,0.6846,20.7442,55.75,0,3.2565
13218,東京都,福生市,市,56414.0,27.58,0.5219,14.557,3.24,1.9233,4.4704,69.2592,99.7049,21.3928,99.9126,98.3463,4.5104,98.7813,94.2574,100.0,10.16,9.95,5552.5591,97.9331,22.7136,0.402,0.201,31.8444,69.64,0.72,-3.0,11.5028,79.7694,84.0094,26.5891,-0.0638,38.9974,35.4522,1,7.6173
13219,東京都,狛江市,市,84772.0,24.2893,0.7713,12.2035,2.6751,1.7376,3.6962,68.5938,99.9843,21.3323,100.0,98.178,1.3805,99.9733,93.2756,100.0,6.39,6.38,13266.3537,99.8435,28.3699,0.4702,0.1567,29.4019,64.85,0.82,1.4,13.085,80.5604,84.2237,21.2334,0.2678,21.2334,51.9039,1,1.565
13220,東京都,東大和市,市,83901.0,27.6759,0.7099,13.8106,3.8384,1.8999,4.1553,72.86,99.729,35.8856,99.2873,93.2241,2.9946,99.6306,70.0023,99.8673,13.42,11.4,6251.9374,84.9478,21.0526,0.2632,0.1754,45.2051,79.99,0.78,-1.5,8.8871,80.4176,84.8661,19.0701,0.5459,21.4539,32.1808,0,8.669
13221,東京都,清瀬市,市,76208.0,27.8514,1.4633,14.8118,3.0786,1.8226,4.3216,70.4168,99.4159,67.9745,100.0,95.406,1.8844,98.7552,87.5898,83.6471,10.23,10.05,7449.4624,98.2405,18.1095,0.6965,0.199,38.4291,73.11,0.66,3.9,9.2082,80.2155,84.5152,15.7464,1.1101,20.9952,36.7415,0,3.503
13222,東京都,東久留米市,市,115271.0,28.8331,1.0327,14.8594,3.7325,1.7029,3.942,71.5325,100.0,73.4002,100.0,84.3441,1.6377,100.0,72.333,100.0,12.88,12.72,8949.6118,98.7578,19.8899,0.4717,0.2358,44.8924,75.09,0.79,-0.1,10.8904,80.178,84.9298,19.953,0.5023,24.2906,48.5812,0,2.8328
13223,東京都,武蔵村山市,市,70829.0,26.9312,1.385,12.4983,4.7737,1.6547,4.1919,71.687,99.5415,81.3587,99.5951,92.7738,3.846,95.9129,88.5891,98.7553,15.32,14.58,4623.3029,95.1697,12.2771,0.2743,0.2058,60.1734,81.36,0.78,0.8,9.4925,80.1493,84.3178,28.237,0.1638,18.3541,33.8844,1,18.2451
13224,東京都,多摩市,市,146951.0,29.3823,0.5279,13.0834,2.9537,1.9524,4.2645,70.7654,99.4286,55.6801,99.2139,98.5596,4.4395,98.2722,98.1538,100.0,21.01,20.65,6994.336,98.2865,16.2228,0.3874,0.1453,20.4088,69.49,1.12,2.9,13.0063,81.2212,84.9524,16.332,0.6921,20.415,59.8839,1,16.0153
13225,東京都,稲城市,市,93151.0,22.0087,1.0465,9.9824,3.0642,1.5373,3.3376,69.4585,99.7188,30.0557,98.6668,99.0582,4.7234,94.0961,88.4628,99.8076,17.97,15.39,5183.695,85.6427,11.0461,0.4548,0.13,29.9528,75.05,0.93,3.1,14.5364,81.5181,84.8573,11.8088,0.2984,25.7646,26.8381,1,11.0982
13227,東京都,羽村市,市,54326.0,26.9829,0.839,12.119,3.9808,1.9199,4.1521,71.1436,98.7957,27.8965,99.9108,97.4419,3.2035,99.1958,98.8101,99.9823,9.9,9.83,5487.4747,99.2929,29.6033,0.6104,0.1017,47.3402,78.37,0.93,0.6,9.4441,80.2381,84.2126,31.2926,-0.2246,27.6111,18.4074,0,6.2868
13228,東京都,あきる野市,市,79292.0,30.5837,1.7222,11.0521,5.9579,1.7795,3.8493,73.1151,96.6603,15.6779,94.0887,89.972,8.8027,87.6027,73.8236,85.0902,73.47,29.5,1079.2432,40.1524,5.9661,0.2034,0.1017,75.8578,97.05,0.69,6.0,9.2543,80.4833,84.3163,15.1339,0.5385,64.3192,37.8348,0,4.255
13229,東京都,西東京市,市,207388.0,24.3318,0.608,11.5608,3.2592,1.7378,3.9274,69.4938,100.0,68.3732,100.0,95.8257,1.6627,100.0,88.67,98.7703,15.75,15.66,13167.4921,99.4286,28.0971,0.894,0.3193,34.8613,70.97,0.88,2.3,10.2561,80.5353,84.6792,22.6628,0.2382,16.8766,35.1997,0,1.9006
13303,東京都,瑞穂町,町村,31765.0,29.9794,1.8798,11.3769,6.9846,2.2352,4.5967,71.3392,95.7056,16.9151,98.1691,81.3097,12.6421,88.5022,88.304,84.7795,16.85,14.07,1885.1632,83.5015,7.0362,0.2132,0.0711,69.4377,90.46,0.99,0.6,11.914,79.3429,84.2687,28.3331,0.658,18.8887,28.3331,0,38.5486
13305,東京都,日の出町,町村,16958.0,36.4969,2.0881,12.1547,6.3954,1.6393,4.0649,74.2813,90.0552,54.2193,84.7976,83.9485,9.635,90.1568,44.7057,58.5747,28.07,9.02,604.1325,32.134,6.4302,0.1109,0.0,84.5528,107.11,0.63,4.1,8.8365,80.2782,84.8228,23.5877,0.631,147.423,47.1754,0,57.3573
13307,東京都,檜原村,町村,2003.0,52.9204,3.7433,23.253,10.241,1.348,2.8067,76.3072,31.2237,9.9446,17.9628,91.1449,19.1368,52.7806,46.071,,105.41,7.9,19.002,7.4945,2.1519,0.0,0.0,,,0.17,1.9,6.8974,80.0349,84.229,0.0,0.649,748.8767,299.5507,0,0.0
13308,東京都,奥多摩町,町村,4750.0,52.2485,3.4102,23.443,7.8481,1.8737,4.2727,73.0126,71.3989,10.4864,37.3908,81.2549,18.9884,56.4744,31.7234,,225.53,13.86,21.0615,6.1455,2.5974,0.0,0.0,,,0.27,7.3,7.4932,79.4545,84.3237,42.1053,1.2211,252.6316,42.1053,0,0.0869
13361,東京都,大島町,町村,7102.0,38.6136,6.2466,26.3331,2.4884,1.1405,2.1525,71.6134,45.6467,,46.0765,55.248,12.3009,42.4141,26.4494,,90.76,43.36,78.2503,47.7743,1.1531,0.0,0.0461,,,0.28,11.8,6.6418,79.5863,84.0555,70.4027,-0.9575,225.2887,70.4027,0,352.4939
13362,東京都,利島村,町村,327.0,22.293,16.1702,17.0984,1.0363,1.5291,2.0833,69.9275,99.7891,,,,12.0563,96.5981,,,4.04,1.28,80.9406,31.6832,1.5625,0.0,0.0,,,0.12,6.4,6.4875,79.1955,84.5232,0.0,-2.7523,611.6208,0.0,0,0.0
13363,東京都,新島村,町村,2441.0,40.9702,4.0656,19.8276,7.2414,0.7374,1.2676,79.6673,82.5207,62.8549,85.2122,,9.8386,68.3676,58.8538,,27.54,8.96,88.6347,32.5345,1.7857,0.0,0.1116,,,0.18,6.1,11.3348,79.0211,83.2836,40.9668,0.041,122.9005,40.9668,0,97.0037
13364,東京都,神津島村,町村,1855.0,33.9155,12.5822,13.3085,8.8308,0.8625,1.4801,77.7425,85.1419,,93.4612,,6.4658,76.8187,19.3441,,18.58,4.42,99.8385,23.789,3.8462,0.0,0.2262,,,0.19,2.9,9.1001,80.2717,83.148,0.0,-0.5391,215.6334,107.8167,0,10.2129
13381,東京都,三宅村,町村,2273.0,39.0417,6.1815,25.8721,1.3808,0.8799,1.5408,74.2349,36.5338,,25.6303,84.9225,21.4415,2.459,74.7066,,55.26,13.97,41.1328,25.2805,2.0043,0.0,0.0716,,,0.2,6.2,6.5396,80.3251,83.8178,0.0,-0.8799,263.9683,0.0,0,6.2772
13382,東京都,御蔵島村,町村,323.0,20.9622,1.4019,11.2299,0.5348,1.8576,2.7273,69.5817,99.0086,,,,20.805,,,,20.39,2.1,15.8411,10.2992,0.9524,0.0,0.0,,,0.11,5.6,4.9456,,,0.0,2.4768,,0.0,0,0.3189
13401,東京都,八丈町,町村,7042.0,39.5235,13.2703,25.1197,3.6189,1.0934,2.0387,74.7384,41.8604,,64.363,76.7616,11.283,61.9529,31.1765,,72.24,32.63,97.4806,45.1689,3.4937,0.0,0.0306,,,0.27,12.0,8.5716,79.285,84.2637,71.0026,-0.5822,142.0051,14.2005,0,47.8613
13402,東京都,青ヶ島村,町村,169.0,24.359,3.8168,16.1017,,1.1834,1.5038,62.8378,99.9963,,,,,,,,5.95,2.34,28.4034,39.3277,0.8547,0.0,0.0,,,0.16,-0.9,5.6207,,86.2908,0.0,2.9586,,591.716,0,0.0
13421,東京都,小笠原村,町村,2929.0,16.9231,9.9052,10.8442,1.1668,0.9218,1.2635,69.5757,76.9843,,34.9607,,15.0718,56.7886,15.2935,20.6125,113.04,61.65,25.9112,54.5382,0.6002,0.0,0.0162,,,0.24,4.1,7.3731,80.3851,85.6007,0.0,-3.9263,102.424,136.5654,0,54.9706
14100,神奈川県,横浜市,政令市,3777491.0,25.0036,0.4432,11.1623,3.2739,1.6525,3.5656,70.3428,99.7423,55.4898,99.6377,94.5919,2.8677,7.8127,75.077,99.8985,438.23,401.61,8619.8823,91.6437,27.442,0.5802,0.2266,32.5041,73.71,0.94,10.6,14.5061,80.502,84.2958,14.6658,0.286,26.9756,42.8591,1,4.9413
14130,神奈川県,川崎市,政令市,1538262.0,20.2613,0.3659,8.8574,3.0063,1.5696,3.2562,68.6398,99.9549,64.3028,99.8717,95.9149,1.8112,22.2897,72.1544,99.9983,142.96,135.23,10760.0867,94.5929,31.1469,0.5768,0.1849,21.2117,63.89,1.03,8.5,15.806,79.9161,84.6002,13.7168,0.42,21.1277,24.6382,1,5.0174
14150,神奈川県,相模原市,政令市,725493.0,26.477,0.5885,10.0557,4.2239,1.9009,4.1048,70.7939,96.9641,95.1222,97.3855,88.633,3.6456,93.4368,65.5278,93.3547,328.91,140.97,2205.7493,42.8597,13.1234,0.2979,0.1206,43.2329,77.38,0.83,2.7,15.428,79.7799,83.8283,16.127,0.3126,22.6053,32.5296,1,4.9687
14201,神奈川県,横須賀市,市,388078.0,32.5395,0.9016,15.1477,5.5106,1.9723,4.2574,70.4932,99.095,40.631,97.0836,87.2037,3.6991,26.6128,77.9432,96.9508,100.81,71.91,3849.5983,71.3322,19.0933,0.4033,0.1669,55.435,86.43,0.75,5.9,14.1169,79.8695,84.1038,17.2646,-0.1574,55.4012,38.1367,0,17.64
14203,神奈川県,平塚市,市,258422.0,28.8278,1.4457,11.5069,5.607,1.8431,4.1212,71.2417,97.9152,66.2248,99.1104,85.1748,4.6101,24.886,70.2537,97.9854,67.83,62.9,3809.8481,92.7318,13.9428,0.3498,0.0954,50.7256,86.04,0.94,3.7,13.1531,80.1559,84.1097,11.222,0.5568,47.9835,32.118,0,5.4972
14204,神奈川県,鎌倉市,市,172710.0,30.392,0.6963,13.8016,4.4401,1.484,3.2697,74.1538,98.7539,61.3095,94.1864,92.3143,3.0769,35.6437,89.3748,99.4633,39.66,26.87,4354.7655,67.7509,38.0722,0.7071,0.3722,56.5675,99.44,1.08,1.1,10.3761,81.7526,85.0183,11.0011,0.1598,95.5359,80.4817,1,10.5118
14205,神奈川県,藤沢市,市,436905.0,24.5422,1.0092,10.8048,3.6272,1.7166,3.6483,71.5489,99.5551,64.1674,99.3288,92.2468,3.1797,4.8503,82.2961,99.1952,69.56,63.95,6280.9804,91.935,23.3776,0.5004,0.2346,41.1931,78.66,1.05,4.0,9.4668,81.6024,85.1239,13.733,0.3465,24.2616,42.5722,1,5.4189
14206,神奈川県,小田原市,市,188856.0,30.7678,2.3757,12.9095,7.199,1.7802,3.6775,72.5761,95.7153,29.3233,96.7155,90.419,7.2755,20.3119,51.2115,93.4943,113.6,71.14,1662.4648,62.6232,11.639,0.2249,0.0984,57.6283,93.78,0.91,2.1,10.0161,79.8495,84.5209,13.7671,0.2012,114.3729,40.7718,1,6.7948
14207,神奈川県,茅ヶ崎市,市,242389.0,26.6897,0.8116,11.4806,4.4039,1.6568,3.6761,73.2555,98.3926,47.7333,99.6493,93.8267,3.2185,30.6046,64.6341,94.7745,35.7,32.87,6789.6078,92.0728,21.3264,0.4259,0.1521,54.561,89.13,0.9,1.9,9.5366,81.3035,85.264,14.027,0.3028,34.2425,37.1304,0,3.8755
14208,神奈川県,逗子市,市,57060.0,31.3331,0.429,14.8689,4.143,1.6894,3.7214,75.6088,96.9013,30.0845,98.6318,90.6646,6.2402,25.7135,70.8139,98.8646,17.28,10.97,3302.0833,63.4838,17.5023,0.3646,0.2735,62.3462,98.33,0.79,6.3,11.1354,81.1428,84.4621,19.278,-0.2015,59.5864,75.3593,1,16.7764
14210,神奈川県,三浦市,市,42069.0,40.623,10.7988,17.1224,9.6659,1.9777,4.1141,73.6542,79.6817,39.4267,79.1977,78.8131,6.0,31.9047,82.7722,88.5753,32.05,26.17,1312.6053,81.6537,8.6741,0.0764,0.0382,66.7633,94.56,0.54,12.4,6.1739,79.5297,84.0215,16.6393,-0.1117,116.4753,45.1639,1,9.1514
14211,神奈川県,秦野市,市,162439.0,31.2677,1.772,10.8525,5.9012,2.1485,4.647,70.1814,92.417,29.6334,94.0516,86.2199,3.3371,11.9865,57.6,96.4932,103.76,49.74,1565.5262,47.9375,8.7656,0.1809,0.0603,55.5461,88.32,0.79,1.3,9.5104,80.8345,84.1685,19.6997,0.3183,46.1712,28.3183,0,6.6682
14212,神奈川県,厚木市,市,223705.0,26.3437,1.2032,9.6583,4.7537,2.0576,4.3086,69.6121,94.2039,27.2003,95.3345,83.2766,6.9498,33.1162,77.2271,94.0849,93.83,67.38,2384.1522,71.8107,10.8934,0.2671,0.0742,43.7724,81.04,1.15,2.7,9.1005,79.9727,83.5666,18.7747,0.1918,43.8077,37.1024,1,8.1942
14213,神奈川県,大和市,市,239169.0,23.8698,0.4616,10.5809,4.0019,1.685,3.8707,71.3031,99.9051,75.8856,99.9784,96.8372,2.2389,26.1855,95.6827,100.0,27.09,25.37,8828.6822,93.6508,31.4545,0.6307,0.2365,35.12,73.54,0.93,2.8,12.2915,79.7657,83.9648,13.7978,0.5134,15.8883,24.2506,1,6.9586
14214,神奈川県,伊勢原市,市,101780.0,26.8561,2.1925,9.981,4.9927,1.7174,3.6042,70.249,94.8636,20.0,93.1365,90.6208,6.3253,49.7798,58.688,89.9206,55.56,34.45,1831.8934,62.005,9.4049,0.1451,0.0871,46.1927,87.74,0.92,7.5,8.8442,80.7541,84.7701,17.6852,0.1258,124.7789,53.0556,0,4.0303
14215,神奈川県,海老名市,市,136516.0,24.6906,1.1093,9.465,4.012,1.646,3.5109,72.387,96.7851,49.9139,98.8649,93.3583,4.3679,16.1422,60.7364,99.0904,26.59,25.85,5134.1106,97.217,16.7118,0.2708,0.1161,45.2504,80.55,1.03,3.7,11.6084,80.9562,84.9429,15.3828,1.0328,32.9632,35.8932,0,5.0508
14216,神奈川県,座間市,市,132325.0,26.2813,0.5428,11.0302,3.93,1.8757,4.2434,71.5178,99.9997,70.1838,99.7761,96.1977,2.3163,23.3134,94.5785,98.9464,17.57,16.67,7531.3034,94.8776,18.1764,0.5399,0.18,41.7505,75.69,0.83,0.5,7.7567,79.9621,84.446,18.8929,0.368,17.3814,29.4729,0,5.5238
14217,神奈川県,南足柄市,市,40841.0,33.662,2.7424,12.3761,9.3652,2.593,5.195,74.1388,90.8635,11.9971,86.6593,80.1421,5.0129,25.321,52.0954,83.5319,77.12,24.98,529.5773,32.3911,3.4027,0.2402,0.04,74.0373,106.13,0.78,3.3,9.6009,80.3961,84.5785,7.3456,-0.1077,105.2864,31.8308,0,11.6941
14218,神奈川県,綾瀬市,市,83913.0,27.1974,1.145,10.8372,5.3337,1.8162,4.0538,73.3416,95.2403,53.768,98.2342,97.4292,3.0995,9.6405,93.7789,99.6535,22.14,20.58,3790.1084,92.9539,7.0457,0.4373,0.0972,63.5663,88.83,0.86,4.7,7.912,80.0152,84.1559,14.3005,0.0298,19.0674,21.4508,0,6.9134
14301,神奈川県,葉山町,町村,31665.0,31.3925,1.0432,13.3431,5.1731,1.4117,3.0949,76.9759,97.7052,26.2574,96.3802,73.2021,8.6465,0.4147,77.2879,58.0073,17.04,8.23,1858.2746,48.2981,12.6367,0.6075,0.0,78.6604,115.9,0.8,-2.5,7.1163,81.0664,84.9972,9.4742,-0.4263,56.8451,94.7418,0,22.4339
14321,神奈川県,寒川町,町村,48348.0,27.5303,1.8401,10.3697,6.2894,1.8801,3.7781,72.7921,98.1563,56.2499,99.3899,96.5602,8.2346,0.2469,59.742,94.5772,13.34,13.1,3624.2879,98.2009,9.9237,0.1527,0.0763,62.232,91.78,1.08,3.1,8.6609,80.116,84.2667,18.615,0.1427,41.3668,18.615,0,3.786
14341,神奈川県,大磯町,町村,31634.0,34.6322,2.0726,13.2465,7.7396,1.726,3.6703,74.9177,85.5494,68.4033,91.3443,89.8138,13.4599,15.2441,51.7659,97.28,17.18,11.92,1841.3271,69.383,7.047,0.2517,0.0839,75.7196,103.57,0.75,4.8,8.4043,80.9129,84.6001,6.3223,0.098,101.157,41.095,0,10.6626
14342,神奈川県,二宮町,町村,27564.0,35.6155,1.6439,14.6054,6.4701,1.9409,4.1524,75.2018,98.0229,53.099,89.4208,96.5119,7.9806,,53.4344,97.2368,9.08,7.34,3035.6828,80.837,10.4905,0.6812,0.1362,72.4017,103.36,0.63,4.8,10.2622,81.0612,85.358,25.3954,0.0,61.6746,32.6513,0,8.5542
14361,神奈川県,中井町,町村,9300.0,36.2069,7.4716,9.6934,12.6131,1.871,3.7251,73.4344,81.1463,38.9393,86.7012,75.4489,13.0225,,63.3237,38.1285,19.99,13.47,465.2326,67.3837,1.4105,0.0,0.0,,,0.91,0.9,9.3993,80.3747,83.7062,21.5054,0.3548,107.5269,32.2581,0,26.8834
14362,神奈川県,大井町,町村,17129.0,28.5583,3.4587,9.5596,10.1608,2.0433,4.0472,72.8747,97.0114,11.7581,93.1421,92.4206,11.7283,,77.4925,62.482,14.38,10.89,1191.1683,75.7302,5.7851,0.2755,0.0918,77.4566,108.54,0.72,-2.7,11.3814,80.5205,84.4339,11.6761,0.4554,87.5708,29.1903,0,3.3092
14363,神奈川県,松田町,町村,10836.0,35.4057,2.4615,14.2325,10.3569,1.8549,3.6393,72.458,83.7567,5.1915,78.9923,91.755,14.6258,,43.3884,81.5333,37.75,9.15,287.0464,24.2384,6.2295,0.2186,0.1093,,,0.55,5.7,37.8472,80.5171,84.7133,0.0,-2.9439,92.285,73.828,0,14.8154
14364,神奈川県,山北町,町村,9761.0,42.5225,5.9759,15.6128,14.4679,2.049,3.9193,74.4262,69.43,34.6355,78.7397,90.7252,22.8254,,40.4827,74.2109,224.61,26.42,43.4575,11.7626,0.7192,0.0379,0.0379,,,0.5,8.8,7.5919,80.1702,84.3781,0.0,-0.0922,235.6316,71.714,0,22.53
14366,神奈川県,開成町,町村,18329.0,25.3633,2.0725,8.7377,7.7845,1.5713,3.0773,75.207,99.701,11.5614,92.7745,61.2349,2.6768,,97.3135,63.444,6.55,6.55,2798.3206,100.0,7.1756,0.1527,0.1527,62.7558,101.02,0.82,5.1,12.2007,80.8944,84.9241,16.3675,-0.0164,27.2792,32.735,0,6.9582
14382,神奈川県,箱根町,町村,11293.0,38.159,1.0998,16.2728,5.6396,1.1246,1.9841,64.6955,66.8978,43.3896,75.2594,89.1471,39.7557,,27.3772,70.0631,92.86,16.63,121.6132,17.9087,13.4095,0.0601,0.0601,,,1.3,12.3,8.9328,79.7339,84.246,8.855,-0.7438,256.7962,35.4202,0,17.169
14383,神奈川県,真鶴町,町村,6722.0,44.9776,2.8283,20.0406,9.4627,2.8117,5.7887,74.2285,77.7474,73.6966,84.8272,96.1084,14.4558,,14.8821,76.8604,7.05,3.52,953.4752,49.9291,11.3636,0.2841,0.0,,,0.38,12.0,8.3646,79.8807,85.1289,59.5061,-0.6248,119.0122,14.8765,0,3.2431
14384,神奈川県,湯河原町,町村,23426.0,42.7841,2.9373,21.375,7.4658,2.5143,5.2858,73.9045,88.0505,32.6003,89.6445,92.9882,3.969,,91.3394,93.5152,40.97,10.4,571.7842,25.3844,12.5,0.1923,0.0,56.2157,98.34,0.63,4.7,7.2453,80.4282,84.4511,8.5375,-0.2775,72.5689,34.1501,0,10.9782
14401,神奈川県,愛川町,町村,39869.0,31.4522,1.6252,11.593,7.4024,2.4781,4.7498,71.7252,92.0175,53.4305,93.4277,93.1571,7.7385,4.2703,64.793,89.9569,34.28,19.42,1163.0397,56.6511,6.0247,0.1545,0.0515,65.7925,92.14,0.96,-0.8,10.0664,79.4025,83.7159,15.0493,0.3888,37.6232,32.6068,0,25.5882
14402,神奈川県,清川村,町村,3038.0,38.4588,4.0243,15.1246,8.363,2.6004,5.659,69.8424,64.8602,,,71.4987,32.5929,,54.7143,,71.24,7.65,42.6446,10.7383,1.5686,0.1307,0.0,,,0.77,-1.9,11.177,80.7889,83.2572,0.0,-0.9875,131.6656,230.4147,0,5.8927
15100,新潟県,新潟市,政令市,789275.0,30.4932,3.0845,10.5961,10.3236,1.9286,3.8876,72.5513,89.2181,85.1925,89.5715,79.1854,10.092,87.933,55.8003,93.7116,725.99,670.28,1087.1706,92.3263,4.2684,0.0358,0.0418,60.8301,113.3,0.65,11.0,16.3066,80.0302,84.2864,18.2446,-0.0025,70.3177,31.4212,1,12.411
15202,新潟県,長岡市,市,266936.0,32.1163,3.3639,10.7768,14.9067,1.845,3.69,74.5847,72.4715,67.1989,75.0509,75.8599,12.7545,76.5107,45.238,80.0697,891.05,453.84,299.5747,50.9332,2.166,0.0088,0.0242,69.0469,126.39,0.59,5.9,9.9184,80.1512,83.9141,25.8489,-0.3128,124.749,25.0996,1,28.1571
15204,新潟県,三条市,市,94642.0,33.6535,4.0463,10.899,18.9634,1.8216,3.3736,74.6006,69.7764,64.2752,77.9286,71.0454,11.1071,70.5435,47.2889,41.4465,431.97,158.2,219.0939,36.6229,2.4336,0.019,0.0253,79.0054,137.51,0.54,15.4,12.8072,80.0334,84.6586,23.2455,-0.2441,122.5671,29.5852,1,13.7842
15205,新潟県,柏崎市,市,81526.0,35.3722,2.8535,12.3378,13.1978,1.8792,3.7825,75.6008,64.7164,65.8428,73.3941,81.518,15.7031,70.2186,45.424,49.9757,442.02,154.25,184.4396,34.8966,2.3663,0.0324,0.0324,74.8773,131.26,0.65,9.3,10.6008,79.5693,84.5074,17.1724,-0.3753,172.951,24.5321,0,15.6502
15206,新潟県,新発田市,市,94927.0,33.3132,5.9046,11.0346,17.5739,1.8288,3.5231,74.6601,73.3622,50.5295,75.343,72.4622,11.9487,74.8915,55.9705,63.4388,533.11,253.82,178.0627,47.6112,1.5641,0.0039,0.0236,77.698,130.01,0.48,6.7,11.7942,79.6441,85.0441,27.3895,-0.2718,124.306,26.336,0,26.8741
15208,新潟県,小千谷市,市,34096.0,36.1779,6.1098,10.93,21.9014,1.5427,2.9671,76.3389,64.3153,48.9726,65.5064,77.2816,14.44,66.8304,30.1754,61.7709,155.19,90.18,219.7049,58.1094,1.5968,0.0,0.0222,78.8638,140.23,0.52,10.0,12.5955,80.0089,84.365,14.6645,-0.5543,131.9803,29.329,0,18.7486
15209,新潟県,加茂市,市,25441.0,39.1795,6.8075,13.2708,20.1938,2.2876,4.37,74.6254,70.1671,25.1139,76.7584,44.2307,8.1439,82.4464,59.442,79.1642,133.72,38.32,190.2558,28.6569,2.6357,0.0783,0.0783,84.7661,147.08,0.4,9.1,12.021,79.7257,83.7462,19.6533,-0.5621,149.3652,31.4453,1,19.0135
15210,新潟県,十日町市,市,49820.0,41.2089,10.8876,13.3471,23.8766,1.8426,3.3974,78.6355,64.2652,54.8657,60.9203,76.232,16.8177,67.9189,30.9598,57.1388,590.39,191.31,84.3849,32.404,1.3956,0.0052,0.0209,83.4906,163.96,0.33,12.2,9.2119,79.9096,84.7882,22.0795,-0.7527,106.383,64.2312,0,31.3806
15211,新潟県,見附市,市,39237.0,34.0193,3.562,10.4282,18.9494,2.1587,4.0542,75.8993,79.5431,66.5687,79.4851,74.2843,9.0216,64.6881,58.2732,81.9222,77.91,49.98,503.6196,64.1509,2.3009,0.04,0.02,84.6545,139.98,0.53,10.5,6.8248,80.4591,84.7386,10.1945,-0.2039,104.4932,22.9375,1,31.7025
15212,新潟県,村上市,市,57418.0,40.4437,8.8776,15.0471,21.364,1.7834,3.4619,76.9951,59.524,41.6689,59.7425,68.8363,19.0509,48.0497,49.5562,37.9942,1174.17,241.82,48.9009,20.595,0.9553,0.0083,0.0124,82.1395,152.69,0.34,12.3,8.9428,79.4463,83.9274,17.4161,-0.7454,195.0608,31.3491,0,32.5312
15213,新潟県,燕市,市,77201.0,31.8008,3.595,9.7939,17.4562,1.9663,3.5423,74.2519,78.7805,59.4153,81.4303,67.2824,7.9268,78.4676,48.8647,78.7153,110.94,104.45,695.8807,94.15,3.2169,0.0,0.0191,78.1533,140.61,0.6,12.9,10.8549,79.9729,84.0982,20.7251,-0.0453,110.1022,24.6111,0,5.5641
15216,新潟県,糸魚川市,市,40765.0,41.0252,5.0655,15.7115,15.6139,1.3737,2.724,77.7242,67.7777,56.3209,71.7025,88.4345,15.2813,68.7072,41.6823,55.2794,746.24,140.31,54.6272,18.8023,1.4397,0.0214,0.0214,82.7742,139.7,0.47,11.1,7.8438,80.054,84.8179,22.0778,-0.4931,213.4184,17.1716,0,30.6003
15217,新潟県,妙高市,市,30383.0,37.5406,5.3679,13.128,20.5042,2.2447,4.355,77.1269,51.8621,60.8668,73.8928,83.5606,16.6364,58.7169,37.7236,43.2893,445.63,123.83,68.1799,27.7876,0.9933,0.0,0.0081,84.1856,161.07,0.42,6.5,16.1025,79.7892,84.6085,16.4566,-0.1382,217.2267,78.9915,0,26.8899
15218,新潟県,五泉市,市,47625.0,37.2332,8.5478,12.9123,21.8897,1.7596,3.3667,74.1843,63.3893,49.3068,69.1615,54.5218,8.6372,60.7668,46.5649,49.5435,351.91,153.09,135.3329,43.5026,0.9472,0.0065,0.0131,84.9315,148.57,0.43,8.1,6.9644,79.925,84.4841,10.4987,-0.5249,165.8793,12.5984,0,16.2895
15222,新潟県,上越市,市,188047.0,33.6377,4.3466,11.2573,16.226,1.5097,2.9246,76.2314,71.3283,63.5784,73.5042,75.94,15.8579,69.0409,41.5879,54.7729,973.89,430.03,193.0885,44.1559,1.7138,0.0116,0.0233,70.4779,133.96,0.57,10.6,8.9393,80.0072,84.5146,15.4217,-0.3536,234.5158,42.0108,1,16.9619
15223,新潟県,阿賀野市,市,40696.0,35.1692,8.7131,10.8865,25.1914,2.0002,3.7929,75.5179,56.8786,54.9127,54.6938,91.1035,17.0361,62.6692,57.7429,13.0589,192.74,120.93,211.1445,62.7426,0.984,0.0083,0.0083,89.08,146.8,0.42,8.5,9.5965,79.5986,84.6711,22.1152,-0.403,130.2339,27.0297,0,26.0413
15224,新潟県,佐渡市,市,51492.0,42.5491,17.9262,19.0404,16.3278,1.8877,3.5999,78.9166,45.0601,37.5752,43.8403,57.9,21.2942,52.4421,39.514,32.4683,855.68,242.36,60.1767,28.3237,1.1924,0.0083,0.0165,85.0709,150.82,0.24,12.0,8.246,78.6785,84.3509,27.1887,-0.5613,499.1067,29.1307,0,25.6005
15225,新潟県,魚沼市,市,34483.0,38.9001,8.8655,12.4694,21.3591,1.6646,3.0994,76.7431,53.7,35.5095,61.5653,65.4148,24.6121,51.628,23.4799,43.8979,946.76,158.23,36.4221,16.7128,1.0554,0.0126,0.0126,81.6544,175.41,0.28,8.3,8.538,80.0436,84.4093,2.9,-0.7482,115.9992,37.6997,0,34.2643
15226,新潟県,南魚沼市,市,54851.0,34.8593,11.9696,9.2543,23.7017,1.8031,3.3361,76.1073,46.3073,46.0071,58.7751,86.3898,16.3431,56.6891,42.3118,37.839,584.55,193.92,93.8346,33.1742,1.4594,0.0,0.0206,72.5682,164.93,0.41,11.7,9.5304,79.8255,84.4579,14.585,-0.7876,131.2647,20.0543,1,10.61
15227,新潟県,胎内市,市,28509.0,37.0767,9.2597,11.1425,20.6598,2.1572,4.2216,74.8062,54.9023,27.1434,58.3324,17.2241,20.1853,61.2504,55.4862,8.8118,264.89,106.47,107.6258,40.194,0.8547,0.0,0.0188,78.3756,141.3,0.44,12.5,11.0976,79.9083,84.8781,21.046,-0.5016,108.7376,28.0613,0,27.6028
15307,新潟県,聖籠町,町村,14259.0,26.2113,6.8975,6.9433,21.3303,2.7632,5.1747,73.2205,48.8801,30.4701,58.316,79.4468,30.4282,32.3998,70.5047,49.3122,37.57,35.52,379.5315,94.5435,0.6475,0.0282,0.0,,,1.07,9.6,17.76,79.6381,84.3844,0.0,-0.8486,49.0918,28.0525,0,17.8634
15342,新潟県,弥彦村,町村,7705.0,33.9613,7.0534,10.5162,21.6487,1.5445,2.7849,74.4898,73.9395,58.1293,75.3445,65.1175,9.3714,64.5955,44.0244,47.2359,25.17,17.34,306.1184,68.8915,1.9031,0.0,0.0,,,0.38,13.2,7.5104,79.6116,84.7945,25.9572,0.2206,142.7644,12.9786,0,38.2441
15361,新潟県,田上町,町村,11227.0,38.9182,5.9502,12.5282,20.4369,2.5652,5.0087,74.4608,67.6118,57.1182,56.7452,62.9472,13.685,36.0211,53.526,27.5499,31.71,20.37,354.0523,64.2384,1.4728,0.0491,0.0,,,0.36,8.2,7.2876,79.7336,84.1446,8.9071,-0.6948,89.071,35.6284,0,13.7272
15385,新潟県,阿賀町,町村,9965.0,50.3823,7.966,22.4555,19.4664,1.997,4.2631,77.9771,32.9721,27.951,30.3377,87.4119,25.7385,21.8608,38.0708,,952.89,168.48,10.4577,17.6809,0.1781,0.0,0.0059,,,0.2,12.8,5.5182,79.7104,84.85,20.0702,-1.4752,270.9483,50.1756,0,8.6033
15405,新潟県,出雲崎町,町村,4113.0,44.7948,9.2092,19.1754,20.9424,1.7992,3.5714,77.6795,50.1858,22.045,38.5053,59.8382,24.2167,20.9208,66.67,,44.41,13.89,92.6143,31.2767,0.9359,0.0,0.072,,,0.22,9.2,8.5974,80.2626,84.9151,48.6263,-0.1702,705.0814,24.3132,0,0.0
15461,新潟県,湯沢町,町村,7767.0,38.6481,3.2182,17.6027,12.9925,2.7424,5.2788,73.7745,53.2777,58.5556,64.549,89.5765,19.3118,18.7196,46.1743,64.7065,357.29,61.06,21.7386,17.0898,1.4576,0.0,0.0,,,0.9,7.0,5.682,80.4907,84.9295,51.4999,0.5021,64.3749,115.8749,0,33.3287
15482,新潟県,津南町,町村,8989.0,43.7615,24.6642,14.3822,27.1236,1.2015,2.1505,80.5165,41.4621,28.1403,38.0805,82.1148,30.5201,46.7626,33.7031,,170.21,63.86,52.8112,37.5184,0.5324,0.0,0.0,,,0.25,10.7,9.893,80.1157,84.5923,11.1247,-0.6897,155.7459,66.7482,0,16.5834
15504,新潟県,刈羽村,町村,4380.0,34.2044,4.7662,10.1131,21.2312,1.5982,3.0514,78.4898,30.265,30.0447,39.556,55.0087,29.9129,25.3547,74.6129,,26.27,15.26,166.7301,58.0891,0.3932,0.0,0.0,,,1.39,-2.3,20.983,79.2247,83.0063,0.0,-0.6393,251.1416,22.8311,0,11.9164
15581,新潟県,関川村,町村,5144.0,44.6536,16.9498,14.2204,29.6402,1.7107,3.2152,79.3495,24.3151,15.8251,42.9905,79.8561,24.0482,34.5411,52.0637,19.0259,299.61,77.09,17.169,25.7301,0.1167,0.0,0.0,,,0.21,10.9,6.2619,79.8803,84.8636,77.7605,-0.9526,136.0809,38.8802,0,43.9252
15586,新潟県,粟島浦村,町村,353.0,45.8204,31.1787,15.0327,17.6471,0.2833,0.3788,74.5981,80.17,,80.17,88.4381,81.6374,93.3333,11.7,,9.78,1.38,36.0941,14.1104,5.7971,0.0,0.0,,,0.09,6.2,3.5493,80.2552,84.1047,0.0,-0.5666,,0.0,0,49.0227
16201,富山県,富山市,市,413938.0,30.142,2.0228,11.274,10.2858,1.5609,2.9766,74.0124,85.1432,49.7755,87.1696,73.814,12.1414,72.6619,47.6814,93.1845,1241.7,471.1,333.3639,37.9399,3.598,0.0297,0.0403,61.6864,119.13,0.8,7.5,14.6123,80.0408,84.1407,16.9107,-0.1959,109.6783,43.7264,1,16.0116
16202,富山県,高岡市,市,166393.0,33.7336,1.9713,11.854,14.8878,1.6004,3.0637,76.3206,85.1669,58.0883,85.1487,66.6805,11.4304,75.2332,60.6996,93.3057,209.58,142.62,793.9355,68.0504,5.2517,0.028,0.0701,73.0337,139.36,0.71,12.2,8.3388,79.927,84.5756,18.6306,0.1106,125.0053,30.6503,1,10.7878
16204,富山県,魚津市,市,40535.0,34.5394,3.7692,12.4698,14.1397,1.5493,3.1118,74.7893,75.6871,34.8409,73.1639,89.1731,15.1896,73.1825,49.8708,52.2336,200.61,76.81,202.0587,38.2882,3.1116,0.013,0.0521,73.2911,139.02,0.67,10.7,9.8895,80.4034,85.2451,17.269,-0.412,130.7512,39.4721,0,14.846
16205,富山県,氷見市,市,43950.0,39.9583,4.0539,14.085,23.2418,1.9977,3.8413,78.3693,59.428,38.0396,60.5592,44.7167,13.304,53.4033,39.0533,62.1961,230.54,95.68,190.6394,41.5026,1.5468,0.0105,0.0105,90.8031,182.58,0.46,11.5,14.8368,80.0497,84.7035,15.9272,-0.8168,302.6166,47.7816,0,22.7846
16206,富山県,滑川市,市,32349.0,29.8827,3.0008,10.3705,15.043,1.4807,2.6898,75.214,58.1843,41.811,73.5329,55.9943,16.7828,76.1712,58.0841,53.5925,54.62,47.61,592.2556,87.1659,1.7013,0.021,0.021,84.3566,150.01,0.71,5.0,7.27,80.1726,84.9437,12.3651,-0.0247,132.9253,27.8216,0,15.1959
16207,富山県,黒部市,市,39638.0,32.3626,3.3782,10.6689,14.8458,1.6928,3.1718,75.5043,71.06,53.5213,71.4937,79.7747,13.3445,65.9754,55.269,35.3511,426.31,219.84,92.9793,51.5681,0.6368,0.0045,0.0045,79.9489,158.3,0.62,10.9,12.8824,,,17.6598,-0.3431,121.0959,50.4566,0,29.8976
16208,富山県,砺波市,市,48154.0,30.3866,4.3395,8.8294,20.1438,1.7112,3.1345,76.4862,57.2607,36.6834,62.7235,71.2831,13.1398,51.2974,48.8024,78.9311,127.03,92.41,379.0758,72.7466,1.9803,0.0,0.0216,74.1443,160.47,0.57,13.1,8.628,,,14.5367,-0.3696,164.057,24.92,0,20.8786
16209,富山県,小矢部市,市,28983.0,37.4982,4.5292,10.3794,25.6901,1.5561,2.8957,77.0518,46.6397,36.7872,55.8536,55.2779,19.1138,34.9785,48.4164,28.3809,134.07,74.91,216.1781,55.8738,1.2949,0.0,0.04,86.7632,188.78,0.56,14.1,9.1211,,,10.3509,-0.2864,251.8718,51.7545,0,15.3789
16210,富山県,南砺市,市,47937.0,39.5855,6.5702,12.2121,26.0512,1.4206,2.6017,78.2114,51.5027,34.5514,48.5823,72.0002,12.6561,36.6228,44.8689,33.5237,668.64,154.51,71.6933,23.1081,1.3074,0.0,0.0129,86.5148,195.64,0.34,5.4,10.9265,,,8.3443,-0.3901,289.9639,45.8936,0,14.0767
16211,富山県,射水市,市,90742.0,30.6032,2.114,10.1446,15.3354,1.653,3.1251,75.3443,77.3815,32.5679,85.2576,92.0091,13.649,67.316,59.3225,85.617,109.44,97.56,829.1484,89.1447,2.6138,0.041,0.0308,78.1406,144.79,0.64,8.8,12.2722,79.9175,84.0568,11.0203,-0.1653,169.7119,40.7749,0,24.3385
16321,富山県,舟橋村,町村,3132.0,18.1267,2.9226,5.5291,11.7255,1.1494,2.0213,77.6837,38.5228,22.9332,65.4701,69.0354,11.6655,66.0393,73.5972,65.0021,3.47,3.47,902.5937,100.0,0.8646,0.0,0.0,,,0.32,10.3,10.4669,,,0.0,0.9259,63.857,63.857,0,12.1303
16322,富山県,上市町,町村,19351.0,37.5729,4.2052,14.6925,16.1161,2.0309,3.8386,75.4949,54.7944,37.3166,64.416,71.8754,10.0343,53.9253,22.0618,59.4972,236.71,66.45,81.7498,28.0723,0.7073,0.0,0.015,90.1505,161.55,0.44,14.9,12.9353,,,15.5031,-0.5736,191.2046,51.6769,0,13.9997
16323,富山県,立山町,町村,24792.0,34.1189,5.6137,11.401,16.9405,1.7183,3.1511,76.6314,46.1395,28.8603,56.5616,59.457,16.3893,51.2084,31.8819,33.0947,307.29,161.61,80.6795,52.592,0.2104,0.0,0.0062,92.3699,160.96,0.46,11.2,10.1822,,,12.1007,0.0847,125.0403,20.1678,0,20.9712
16342,富山県,入善町,町村,23839.0,37.779,5.8882,13.2895,21.0466,1.8331,3.4832,76.8327,46.85,23.2071,39.4507,34.0781,13.4798,43.2057,49.5715,69.4314,71.25,61.91,334.5825,86.8912,0.9368,0.0,0.0162,83.2184,163.53,0.52,14.0,11.4908,,,25.1688,-0.1049,134.2338,16.7792,0,25.5813
16343,富山県,朝日町,町村,11081.0,45.5394,5.7339,17.9493,18.894,1.7237,3.4229,78.5474,40.6625,19.9873,43.8963,29.1218,10.6245,47.3029,38.4287,44.3322,226.3,75.76,48.966,33.4777,0.6336,0.0,0.0,,,0.34,10.3,6.0642,,,27.0734,-1.2454,324.8804,27.0734,0,22.4953
17201,石川県,金沢市,市,463254.0,27.5814,1.2206,10.3119,6.4972,1.6542,3.3362,71.3899,97.1927,64.5192,94.8579,86.8564,8.319,91.3404,62.7745,97.4614,468.81,191.95,988.1487,40.9441,13.8786,0.1198,0.1042,51.4344,100.14,0.86,4.4,16.4012,80.6245,84.7903,18.3485,-0.1278,90.2313,38.8556,1,12.843
17202,石川県,七尾市,市,50300.0,39.4651,5.0709,14.467,14.8571,1.837,3.5799,77.2992,64.1514,33.8536,70.1392,75.0238,19.2708,,39.2564,46.8647,318.26,114.37,158.0469,35.936,2.7455,0.0,0.0437,78.6779,142.42,0.44,11.7,7.1006,80.2155,84.0514,7.9523,-1.9841,274.3539,27.833,0,19.3955
17203,石川県,小松市,市,106216.0,28.818,1.8912,10.3428,11.8713,1.7681,3.3177,75.3737,75.9294,33.7015,79.5966,67.7862,12.9314,,51.1431,80.7078,371.05,111.93,286.2579,30.1657,4.1901,0.0625,0.0625,73.6503,134.91,0.65,11.9,14.1692,80.648,85.1732,18.8296,0.2062,105.4455,21.654,1,16.5832
17204,石川県,輪島市,市,24608.0,48.0341,10.2564,21.1758,15.061,1.2801,2.728,77.3836,59.1605,41.488,54.125,77.5261,17.9,,38.6553,26.6354,426.35,99.21,57.7178,23.2696,1.4817,0.0,0.0302,80.8343,169.11,0.24,12.0,7.3536,80.1382,84.6275,16.2549,-6.4085,430.7542,48.7646,0,5.9609
17205,石川県,珠洲市,市,12929.0,51.7019,10.3112,21.5847,18.2696,1.8254,3.8182,84.2237,41.7566,11.1154,32.0752,42.6314,23.0811,,36.463,33.1815,247.2,60.79,52.3018,24.5914,1.0693,0.0165,0.0165,90.4031,191.39,0.22,13.6,5.5324,80.3407,84.8656,23.2037,-6.3269,564.6222,61.8764,0,22.8278
17206,石川県,加賀市,市,63220.0,35.6783,3.4936,16.1769,14.0049,2.4976,4.7672,75.727,64.4336,52.5376,70.4429,58.8153,12.4732,,57.7234,64.5524,305.87,92.4,206.6891,30.2089,3.5931,0.0108,0.0433,73.7292,140.0,0.54,9.1,7.791,79.9494,84.4941,25.3084,-0.3638,113.888,42.708,1,18.7958
17207,石川県,羽咋市,市,20407.0,40.9555,5.9485,15.468,16.0289,1.9503,3.8769,78.2266,51.4287,37.2011,63.3941,76.1331,21.1538,,57.9135,52.9095,81.85,52.76,249.3219,64.4594,1.5542,0.0,0.0569,87.2801,158.35,0.4,7.1,8.1022,80.6467,85.2708,14.7008,-0.1176,254.8145,49.0028,0,17.9934
17209,石川県,かほく市,市,34889.0,28.4144,2.1656,10.0184,15.0356,1.5908,2.9823,75.8268,76.9917,43.3678,85.773,37.3618,18.4239,,53.6846,40.3813,64.44,40.06,541.4184,62.1664,2.646,0.0,0.0,79.2049,143.34,0.41,10.8,10.3095,80.9236,85.3588,14.3312,0.9602,103.1844,20.0636,0,15.5742
17210,石川県,白山市,市,110408.0,28.667,2.585,8.8314,12.0573,1.7988,3.305,75.8437,82.5475,42.424,79.6479,91.2945,15.3998,2.0193,53.007,45.4055,754.92,197.7,146.2513,26.1882,1.5124,0.0253,0.0202,81.4068,134.32,0.63,11.0,13.5365,81.0347,85.5413,9.963,0.3134,91.4789,34.4178,0,15.0565
17211,石川県,能美市,市,48523.0,26.3678,1.7074,8.4205,12.5564,1.6714,3.1059,74.7155,72.845,41.8714,69.8803,84.8222,10.7969,,55.0416,79.0672,84.14,48.53,576.6936,57.6777,2.4933,0.0,0.0206,73.1432,136.07,0.65,3.7,10.6301,80.8976,85.3233,20.6088,0.4348,61.8264,14.4261,1,38.7667
17212,石川県,野々市市,市,57238.0,20.226,1.059,6.0667,5.566,1.6161,3.1216,68.1977,99.9999,72.1185,98.4379,98.6651,8.7422,36.1628,93.8529,99.2578,13.56,13.56,4221.0914,100.0,18.2153,0.0737,0.0737,40.8315,82.46,0.78,7.0,12.2152,81.2452,85.5296,26.2064,0.6412,24.4593,17.4709,1,5.7715
17324,石川県,川北町,町村,6135.0,23.4957,4.4214,6.7956,17.564,1.4344,2.6854,76.1623,36.9069,33.3442,42.2457,46.5552,33.3802,,42.5672,,14.64,14.64,419.0574,100.0,0.4098,0.0,0.0,,,0.54,9.0,12.4831,80.3849,85.5432,16.2999,-0.6031,65.1997,16.2999,0,27.8156
17361,石川県,津幡町,町村,36957.0,25.5199,2.265,8.3901,12.1623,1.6912,3.1171,74.8753,80.8142,25.5609,65.47,53.0924,15.9311,0.0856,67.1365,54.5483,110.59,54.25,334.1803,49.0551,1.3088,0.0184,0.0184,83.4077,136.61,0.55,7.7,8.4574,80.4123,85.5487,2.7058,0.4194,113.6456,18.9409,0,15.7531
17365,石川県,内灘町,町村,26574.0,28.5978,1.1508,9.5083,8.7848,1.652,3.2795,71.7422,95.5706,27.0038,94.478,96.6673,11.944,9.8974,35.603,98.2086,20.33,16.61,1307.1323,81.7019,3.9735,0.0,0.0602,78.1536,125.4,0.5,8.1,11.6384,81.259,85.2098,18.8154,-0.7601,41.3938,33.8677,0,18.5678
17384,石川県,志賀町,町村,18630.0,45.8742,9.5015,16.4804,18.1769,1.4063,2.7725,82.5529,38.7816,33.5877,39.1361,78.7368,26.8906,,44.1001,10.916,246.76,85.53,75.4985,34.6612,0.795,0.0,0.0117,93.985,185.49,0.54,8.6,6.8833,80.7966,84.4542,32.2061,-2.3135,381.1057,10.7354,0,33.656
17386,石川県,宝達志水町,町村,12121.0,40.1764,7.0311,13.7611,19.3834,1.8068,3.4806,77.5384,45.8663,39.1154,45.913,69.0899,34.3277,,39.4739,6.1891,111.51,41.6,108.6988,37.3061,0.601,0.0,0.024,,,0.36,6.5,9.203,80.364,85.1402,8.2501,-0.6683,363.0064,16.5003,0,9.6764
17407,石川県,中能登町,町村,16540.0,37.5661,4.6176,14.0489,17.6924,1.6143,3.1586,78.782,40.7576,21.7836,49.677,83.7555,14.9664,,71.1768,8.8933,89.45,39.09,184.9078,43.7004,1.1,0.0256,0.0256,92.9508,178.99,0.3,11.3,9.1405,80.0573,84.198,24.1838,-0.6046,247.8839,6.0459,0,34.3154
17461,石川県,穴水町,町村,7890.0,49.1901,10.1715,20.6918,13.5598,1.9265,4.2304,79.0115,48.7162,36.1628,39.1823,69.0672,38.6707,,11.4186,36.4574,183.21,49.02,43.0653,26.7562,0.918,0.0,0.0204,,,0.25,8.7,5.1768,80.1469,85.2705,25.3485,-3.1812,583.0165,88.7199,0,26.9708
17463,石川県,能登町,町村,15687.0,50.2601,13.2757,20.9559,17.8266,1.8869,3.905,82.5693,50.5916,22.1683,48.5192,52.8353,27.4097,,28.0341,37.3976,273.27,70.63,57.4048,25.8462,0.9203,0.0,0.0142,88.3761,174.74,0.19,5.5,6.1511,80.2384,85.2358,12.7494,-2.9834,452.6041,31.8735,0,28.9218
18201,福井県,福井市,市,262328.0,29.7723,1.8653,10.8676,13.1913,1.5046,2.8562,74.9653,85.3894,47.9015,81.7234,89.1027,12.2821,82.7305,51.8992,84.3359,536.37,216.96,489.0803,40.4497,7.2317,0.0968,0.0599,60.8207,126.41,0.78,10.5,7.8923,80.832,84.5401,14.1045,-0.3648,150.9561,32.021,1,15.3277
18202,福井県,敦賀市,市,64264.0,29.8481,1.5307,12.2367,7.6884,1.6105,3.1319,75.957,86.2524,43.1456,86.1868,84.1665,9.2648,91.2021,38.6528,77.0201,251.47,53.44,255.5533,21.251,6.9049,0.0561,0.0749,63.1403,111.76,0.86,5.3,8.3627,80.357,84.8088,10.8926,-0.3252,178.9493,21.7851,1,22.6114
18204,福井県,小浜市,市,28991.0,32.9913,3.9949,12.6908,12.8152,1.1797,2.3529,76.5494,51.4238,9.8862,63.2484,78.2489,14.4068,64.1923,44.8629,56.2092,233.11,42.62,124.3662,18.2832,3.6368,0.0,0.0469,73.4899,121.53,0.42,11.7,7.166,79.7093,83.9384,13.7974,-0.3242,331.1372,41.3922,0,10.5889
18205,福井県,大野市,市,31286.0,38.048,7.3685,11.9749,25.3999,1.3488,2.4272,78.2344,67.5746,40.8324,66.9757,70.0919,11.9925,68.6621,21.4175,64.7326,872.43,128.04,35.8608,14.6762,1.2887,0.0469,0.0156,88.9119,167.1,0.42,8.0,9.3918,79.9217,84.0765,22.3742,-0.9205,223.7422,22.3742,1,14.3901
18206,福井県,勝山市,市,22150.0,38.2721,5.2128,13.3868,25.3707,1.3725,2.5774,77.6153,64.0174,6.0355,65.3368,42.4138,15.118,55.4337,34.3471,65.6339,253.88,53.22,87.2459,20.9627,1.879,0.0188,0.0188,89.2199,160.91,0.42,8.4,10.606,80.2858,84.4523,9.0293,-0.7585,171.5576,36.1174,0,51.0384
18207,福井県,鯖江市,市,68302.0,27.5723,1.5162,8.6343,17.7419,1.3323,2.5326,75.4943,73.8406,27.1549,80.2366,87.4505,9.8794,74.5329,75.574,80.2509,84.59,53.11,807.4477,62.7852,4.6696,0.0753,0.0188,76.9542,143.77,0.66,6.0,9.0946,80.6721,84.2721,11.7127,0.2635,137.6241,30.7458,1,12.8702
18208,福井県,あわら市,市,27524.0,34.7439,5.9285,12.3448,21.7119,1.922,3.5705,76.5524,60.7204,49.1291,53.8276,59.488,13.1034,62.4826,51.7697,62.3754,116.98,70.51,235.2881,60.2753,1.8153,0.0,0.0142,76.7606,158.89,0.56,6.7,9.1929,,,3.6332,0.0472,163.4937,29.0655,1,12.9454
18209,福井県,越前市,市,80611.0,29.7859,2.4326,9.7437,17.9728,1.5085,2.7579,75.7915,69.434,10.8762,75.6051,84.23,11.4692,67.048,53.1013,80.07,230.7,88.79,349.4192,38.4872,3.7955,0.1126,0.0338,77.0588,141.32,0.73,10.2,10.9185,80.3312,84.7413,13.6458,0.6376,241.9025,27.2916,1,22.1756
18210,福井県,坂井市,市,88481.0,29.3181,3.7786,8.759,19.4272,1.7868,3.3212,76.1039,64.2414,21.4377,71.0789,92.8294,12.6498,71.6709,44.1002,69.5763,209.67,136.06,422.0012,64.8925,1.9844,0.0882,0.022,78.3505,144.19,0.6,7.0,12.0668,,,7.9113,-0.278,136.7525,29.3848,0,16.9696
18322,福井県,永平寺町,町村,18965.0,31.905,2.9633,7.7342,19.0144,1.5871,2.9349,71.8523,66.5351,38.0135,58.7989,95.4819,23.8308,63.4563,46.1072,28.0268,94.43,25.78,200.8366,27.3006,1.8619,0.0388,0.0,70.9538,134.94,0.37,7.9,10.6103,80.8463,84.2749,10.5457,-0.3796,163.459,21.0915,0,15.0171
18382,福井県,池田町,町村,2423.0,46.8722,9.5092,17.672,22.2222,0.8667,1.5849,80.6742,28.8018,10.9855,19.8052,40.6719,49.6102,25.878,1.7604,,194.65,17.55,12.448,9.0162,0.6838,0.0,0.0,,,0.14,6.2,7.7726,80.708,85.4602,0.0,-0.7842,412.7115,82.5423,0,7.8366
18404,福井県,南越前町,町村,10002.0,38.4663,5.7193,13.4787,27.1108,2.1996,4.1447,78.7982,44.0817,23.9754,42.7984,89.0855,25.6104,30.7067,26.172,,343.69,30.34,29.1018,8.8277,1.1866,0.0,0.0,,,0.27,3.4,12.1983,80.3616,84.9481,19.996,-0.4499,179.964,19.996,0,28.021
18423,福井県,越前町,町村,20118.0,35.3532,6.5887,11.5291,24.7944,1.7447,3.2798,77.025,44.8162,23.707,54.3749,74.3962,19.2069,51.7109,51.8641,40.5039,153.15,39.47,131.3614,25.7721,1.2921,0.0,0.0253,95.0427,176.1,0.33,8.8,10.6411,80.2147,85.1343,29.824,-0.3479,258.475,9.9413,0,16.6885
18442,福井県,美浜町,町村,9179.0,38.385,6.6247,13.4296,15.3826,1.5361,2.7855,77.0336,42.5732,9.3851,44.5255,82.5473,26.5007,48.4653,40.0599,21.6229,152.38,25.65,60.2376,16.8329,1.0916,0.0,0.0,,,1.04,8.3,9.0289,80.756,84.6537,21.7889,-0.5338,337.7274,10.8944,0,7.392
18481,福井県,高浜町,町村,10326.0,33.502,5.9957,12.6253,10.6435,1.0846,1.9767,76.0885,56.2846,23.7669,76.2186,62.7617,16.9035,72.7668,38.3002,13.4364,72.4,19.11,142.6243,26.395,1.9885,0.0,0.0,,,1.33,8.2,7.439,80.319,83.7349,0.0,-0.4648,261.4759,29.0529,0,37.7654
18483,福井県,おおい町,町村,7910.0,33.4537,8.6077,12.1481,14.2676,1.0114,1.8467,78.4709,44.6717,8.8304,34.8223,52.8347,17.5863,33.7714,39.6787,,212.19,25.58,37.2779,12.0552,0.9382,0.0,0.0,,,1.02,1.0,9.0064,80.9476,85.0583,12.6422,-0.4046,455.1201,50.5689,0,71.455
18501,福井県,若狭町,町村,14003.0,36.0807,9.0318,12.0772,23.0131,1.3497,2.5475,79.738,36.4681,10.2965,23.1927,52.9076,22.1243,45.8184,48.6794,,178.49,51.11,78.4526,28.6347,1.0565,0.0,0.0196,,,0.33,14.8,6.6374,80.3064,84.4157,14.2827,-0.7141,335.6424,57.1306,0,12.3296
19201,山梨県,甲府市,市,189591.0,29.829,2.3909,13.4138,5.7371,1.7886,3.7054,71.8029,96.7407,32.1383,94.8631,74.7736,8.4153,87.8845,50.2092,76.7616,212.47,76.47,892.3189,35.991,15.4963,0.3138,0.17,52.78,94.88,0.71,7.6,7.7703,79.6648,84.0862,15.2961,-0.1102,106.5451,72.7883,1,13.3197
19202,山梨県,富士吉田市,市,46530.0,31.3983,1.0924,10.7149,13.3745,2.5962,4.9761,74.9747,89.4716,,97.2572,88.2357,6.6662,68.7889,44.0647,62.0874,121.74,18.04,382.208,14.8185,24.0576,0.2217,0.2217,69.5175,116.57,0.66,8.3,7.3241,80.0095,84.6721,12.8949,-0.0838,70.922,32.2373,0,11.5696
19204,山梨県,都留市,市,31016.0,31.3425,1.5874,9.4603,10.2374,2.0731,4.2493,69.1695,73.5558,1.155,81.344,82.6266,12.1509,62.6216,43.4976,28.816,161.63,25.28,191.8951,15.6407,6.2896,0.0791,0.0396,55.9717,99.78,0.45,10.6,18.3523,80.1901,84.3521,22.569,-0.129,157.983,61.2587,0,7.1163
19205,山梨県,山梨市,市,33435.0,34.8523,18.2106,14.4124,11.2122,1.8394,3.4846,74.8189,73.3524,19.7932,73.847,80.98,10.9467,69.622,34.7009,43.7663,289.8,52.67,115.3727,18.1746,2.4112,0.057,0.038,79.7988,123.14,0.41,11.5,6.1681,79.8992,84.2832,29.9088,-0.0837,197.3979,50.8449,0,12.6244
19206,山梨県,大月市,市,22512.0,42.6042,1.8354,15.0888,13.8432,2.221,4.7019,75.1397,54.702,3.3428,53.5896,85.3261,18.7686,42.1786,38.5318,20.535,280.25,37.48,80.3283,13.3738,2.3212,0.0534,0.0267,83.3333,124.77,0.6,14.5,9.8884,80.2797,84.6194,26.6525,-0.5864,199.8934,39.9787,0,34.8085
19207,山梨県,韮崎市,市,29067.0,31.9484,8.8704,12.2506,10.5067,2.4667,4.5967,72.1927,63.4909,6.5238,60.1702,70.7216,15.4464,34.0537,57.2922,22.4148,143.69,51.03,202.2897,35.514,2.4691,0.0392,0.0392,70.4526,110.45,0.74,9.0,10.8009,79.8226,84.4461,37.8436,-0.1135,175.4567,75.6872,0,13.4065
19208,山梨県,南アルプス市,市,69459.0,28.2068,8.8543,10.3867,10.8096,1.8356,3.4378,74.8191,70.5201,12.7197,81.9643,58.1718,9.2535,68.7504,68.2516,38.9906,264.14,70.84,262.9628,26.8191,2.3433,0.0141,0.0282,76.3408,118.03,0.5,3.7,9.0331,80.4629,84.3626,20.1558,0.5903,132.4522,54.7085,0,15.713
19209,山梨県,北杜市,市,44053.0,40.6387,14.6907,17.5379,9.1613,1.6753,3.3376,77.2615,34.5105,4.1099,39.7819,49.5574,15.6046,32.1562,51.449,0.0139,602.48,143.66,73.1194,23.8448,1.9142,0.0,0.0278,82.478,120.92,0.41,5.5,10.4576,81.0891,84.5915,22.6999,0.9829,179.3294,118.0396,0,11.0735
19210,山梨県,甲斐市,市,75313.0,26.3429,2.4961,10.1497,6.3609,2.1099,4.1809,74.2485,96.0417,28.1519,94.1947,72.5996,8.5327,92.4643,55.0196,49.3935,71.95,40.43,1046.7408,56.1918,6.2825,0.0742,0.0495,65.6189,101.45,0.61,6.1,11.7851,80.6638,84.4344,19.9169,0.077,61.0784,35.8504,0,8.9881
19211,山梨県,笛吹市,市,66947.0,30.7146,15.6983,12.4618,10.8464,1.8044,3.312,75.0658,70.2905,19.2061,85.5419,53.8744,13.9666,72.3938,52.6331,11.1643,201.92,83.72,331.5521,41.462,2.9503,0.0119,0.0119,70.6378,111.8,0.51,8.2,8.0199,80.1845,84.1581,5.9749,-0.0105,164.3091,44.8116,0,11.0624
19212,山梨県,上野原市,市,22669.0,39.0858,1.6709,13.2821,11.3651,2.7924,5.464,71.3801,71.3437,15.6019,68.6913,80.2801,9.2371,31.0508,22.9734,,170.57,30.81,132.9014,18.063,2.4992,0.0974,0.0649,77.8836,119.86,0.48,11.2,7.6784,80.1117,84.3211,30.8792,-0.719,97.0488,48.5244,0,6.3551
19213,山梨県,甲州市,市,29237.0,37.5642,23.4497,15.0965,13.7225,1.6691,3.0684,75.2707,69.3609,8.9948,70.7685,76.4501,11.7876,62.7832,23.3113,51.7766,264.11,53.03,110.7001,20.0788,2.2629,0.0189,0.0189,81.2963,128.18,0.43,15.9,7.5737,79.7995,84.4384,30.7829,-0.3899,277.0462,54.7252,0,7.3876
19214,山梨県,中央市,市,31216.0,26.6269,5.5856,7.9592,6.6155,2.2969,4.5715,73.1295,87.5045,33.7845,89.9143,69.4606,11.2148,78.1696,61.9718,61.2194,31.69,26.17,985.0426,82.5813,3.783,0.0,0.0,62.8805,104.65,0.66,7.6,14.1214,80.2949,84.1628,6.407,0.2659,118.529,51.2558,0,6.8921
19346,山梨県,市川三郷町,町村,14700.0,38.9165,4.1031,16.5603,11.7475,2.3673,4.771,75.8865,67.7718,11.4585,66.9706,87.0011,12.8426,79.7426,30.1345,39.3165,75.18,27.49,195.5307,36.5656,1.5278,0.0728,0.0364,,,0.3,11.1,8.7754,79.8931,84.1672,34.0136,-0.2313,210.8844,40.8163,0,8.4604
19364,山梨県,早川町,町村,1098.0,46.6063,4.5151,32.7381,6.1508,1.0018,1.8062,73.998,34.1912,,,48.7086,23.2414,,5.2468,,369.96,17.58,2.9679,4.7519,0.3413,0.0,0.0,,,0.26,2.4,8.3202,80.2518,84.7138,0.0,-0.3643,273.224,273.224,0,0.0
19365,山梨県,身延町,町村,10663.0,49.418,2.9114,22.0956,14.1385,2.1664,4.462,75.4019,29.5446,5.5551,27.9865,66.3626,28.823,33.2778,33.2928,3.9979,301.98,58.89,35.3103,19.5013,0.6453,0.017,0.034,,,0.25,-2.2,14.493,79.7515,84.4677,28.1347,-1.3505,975.3353,65.6476,0,50.6799
19366,山梨県,南部町,町村,7156.0,44.8844,3.0095,18.0299,19.1679,1.9843,3.9108,77.2582,43.6034,24.9821,44.2166,25.4289,22.398,28.7753,39.0212,,200.87,25.58,35.625,12.7346,1.0164,0.0391,0.0,,,0.27,1.8,10.9776,80.069,85.2048,41.9229,-0.545,447.1772,27.9486,0,11.6188
19368,山梨県,富士川町,町村,14219.0,35.2304,3.7631,15.144,12.3356,2.4263,4.6704,75.5958,70.3411,22.9808,79.8818,68.6644,9.5961,85.7457,41.7963,71.908,112.0,20.05,126.9554,17.9018,2.2444,0.0998,0.0,,,0.34,12.0,10.5396,79.5181,84.3788,14.0657,-0.0352,309.4451,84.3941,0,27.6564
19384,山梨県,昭和町,町村,20909.0,19.6436,2.3383,7.0041,5.8294,2.4057,4.6168,72.1755,100.0,30.701,99.7082,54.7284,8.3851,92.8249,76.5287,78.1672,9.08,9.08,2302.7533,100.0,25.5507,0.0,0.1101,47.624,89.29,1.12,8.9,14.8507,80.7039,84.9499,19.1305,0.8035,62.1742,57.3916,0,10.8113
19422,山梨県,道志村,町村,1607.0,41.5534,10.0565,15.8238,24.4698,1.1823,2.1018,78.6155,17.7683,17.6766,9.1652,87.3877,51.7031,24.1502,11.0846,,79.68,4.96,20.1682,6.2249,1.8145,0.0,0.0,,,0.15,9.8,6.8153,79.8822,84.778,62.2278,-1.2446,186.6833,124.4555,0,3.7337
19423,山梨県,西桂町,町村,4041.0,32.2669,1.2048,10.5192,16.5206,3.1923,5.853,74.5829,93.0689,,93.0845,63.0033,14.226,75.365,80.9556,66.0352,15.22,2.25,265.5059,14.7832,5.3333,0.0,0.0,,,0.28,6.3,8.3494,80.2686,83.6935,24.7463,-1.955,148.4781,74.239,0,14.8134
19424,山梨県,忍野村,町村,9237.0,20.5985,1.3986,4.5115,14.6264,1.061,1.7715,69.7716,78.0056,45.3203,57.2529,58.3712,2.5494,50.8231,84.8,8.0829,25.05,9.9,368.7425,39.521,3.2323,0.101,0.0,,,1.09,-3.2,14.4852,80.154,85.2123,21.6521,-0.5521,32.4781,32.4781,0,5.4708
19425,山梨県,山中湖村,町村,5179.0,33.4605,1.3091,12.0549,17.1414,1.6219,2.964,77.1473,43.8287,15.7164,53.5118,48.3016,40.4608,43.6813,45.906,33.9761,53.05,13.8,97.6249,26.0132,3.1884,0.0,0.0,,,1.07,1.7,7.6534,80.1507,85.5312,19.3087,0.753,77.235,77.235,0,21.174
19429,山梨県,鳴沢村,町村,2824.0,33.9396,8.9651,10.6262,15.4649,2.0538,3.6825,78.0188,33.7276,20.9989,41.9588,54.0156,19.2495,50.6302,20.0519,,89.58,12.16,31.5249,13.5745,0.9046,0.0,0.0,,,0.52,-2.2,7.9645,80.1914,84.6622,35.4108,0.6374,70.8215,35.4108,0,49.4851
19430,山梨県,富士河口湖町,町村,26082.0,26.7866,2.3331,8.8039,11.9609,2.3618,4.2224,73.9379,78.4181,1.2714,81.7102,62.9907,19.6476,64.3972,45.6057,33.7861,158.4,35.85,164.6591,22.6326,6.6388,0.0,0.0279,57.9909,120.74,0.58,9.8,14.1054,80.9503,84.8886,19.1703,0.1112,72.8472,99.6856,0,15.1562
19442,山梨県,小菅村,町村,684.0,46.6354,8.0119,24.1888,10.9145,0.4386,0.8824,78.2468,38.4314,38.4867,22.1516,76.0546,20.5577,,5.482,,52.78,3.23,12.9595,6.1197,0.6192,0.0,0.0,,,0.11,8.7,8.526,79.3278,84.7993,0.0,-2.0468,,438.5965,0,1.6374
19443,山梨県,丹波山村,町村,530.0,43.7743,8.1081,22.9682,6.0071,3.0189,5.8182,74.1201,70.3379,63.5273,,74.7132,30.9,,0.9818,,101.3,2.62,5.232,2.5864,1.145,0.0,0.0,,,0.07,7.0,5.5429,80.3121,84.5348,188.6792,-0.1887,188.6792,188.6792,0,43.6189
20201,長野県,長野市,市,372760.0,30.6875,5.3608,10.534,8.8225,1.6096,3.1385,74.859,87.1351,87.3053,89.0902,86.7629,8.4395,72.6406,34.8138,86.5422,834.81,311.64,446.5208,37.3307,4.9159,0.0706,0.061,58.6134,107.49,0.71,4.3,8.043,81.8253,85.5768,16.0961,-0.1237,91.748,45.3375,1,8.8773
20202,長野県,松本市,市,241145.0,28.5024,5.098,10.517,8.7568,1.6612,3.2597,72.4864,88.9079,77.1097,85.8864,79.0412,7.9759,76.7715,38.7807,78.6275,978.47,233.33,246.4511,23.8464,6.0001,0.0643,0.0471,54.7369,102.74,0.7,3.5,15.8535,81.5591,85.4331,13.6847,-0.0365,62.6179,44.7863,1,15.3318
20203,長野県,上田市,市,154055.0,31.1101,4.4205,11.6742,9.5514,1.7948,3.5385,74.5327,80.8799,67.593,81.002,78.3407,11.0988,67.2098,47.2981,54.0825,552.04,155.86,279.0649,28.2335,4.01,0.077,0.0385,67.6318,110.45,0.58,5.3,8.2449,80.5898,84.5641,22.07,-0.0584,85.0346,48.0348,1,15.0795
20204,長野県,岡谷市,市,47790.0,34.1171,1.4599,13.3479,11.5702,2.1678,4.2116,75.1654,92.1056,91.1213,91.9107,93.1528,9.5357,89.7657,83.06,83.5616,85.1,21.91,561.5746,25.7462,7.3482,0.1369,0.1369,72.1805,115.04,0.6,8.0,10.1466,,,23.0174,-0.3097,60.6822,31.3873,1,13.1549
20205,長野県,飯田市,市,98164.0,33.2464,8.1834,12.4285,14.6034,1.4119,2.6192,76.9661,79.9285,77.8724,76.8583,64.692,9.738,74.6977,32.5744,52.9444,658.66,112.59,149.0359,17.0938,5.5689,0.0,0.0444,70.5556,126.32,0.53,7.5,8.9322,81.5833,84.9032,20.3741,-0.7437,109.0013,56.0287,0,9.8483
20206,長野県,諏訪市,市,48729.0,31.0698,2.9512,11.963,9.634,1.8408,3.5228,74.093,84.0426,75.7942,89.2511,89.2301,7.6358,88.751,29.5744,61.6999,109.17,29.23,446.3589,26.7748,10.3661,0.0342,0.1026,56.4323,99.01,0.68,5.9,8.0406,,,16.4173,-0.5397,80.0345,28.7303,1,14.6933
20207,長野県,須坂市,市,49559.0,32.3363,11.4369,12.3457,13.1652,1.8806,3.6175,75.7534,87.5271,71.793,80.278,79.3623,11.2631,71.1537,54.3368,60.0559,149.67,47.38,331.1218,31.6563,4.3056,0.0844,0.0633,75.624,121.35,0.55,8.8,13.44,81.4098,85.8767,16.1424,-0.0444,96.8543,46.4093,0,10.5775
20208,長野県,小諸市,市,40991.0,33.0315,8.5994,14.0346,9.8808,2.1371,4.3636,75.5912,73.9253,60.4004,79.2478,33.1519,15.4431,39.564,51.4928,41.7607,98.55,64.64,415.9411,65.5911,3.0941,0.0619,0.0309,73.1524,120.41,0.58,7.2,9.0107,81.2555,85.5084,7.3187,-0.2708,75.6264,41.4725,1,17.8454
20209,長野県,伊那市,市,66125.0,32.148,7.7963,11.5615,12.234,1.7603,3.2588,75.3754,65.4981,42.8946,68.5959,51.8927,11.5492,54.8531,36.7721,24.4034,667.93,142.6,98.9999,21.3495,2.4194,0.007,0.0281,74.8612,128.55,0.47,6.9,8.7804,81.7922,85.8311,6.0491,0.1664,89.225,60.4915,0,8.5049
20210,長野県,駒ヶ根市,市,32202.0,31.9353,6.3133,10.6241,12.8078,1.3943,2.5762,74.9862,84.4142,59.0375,64.5676,44.2732,8.0709,64.485,40.0487,55.0352,165.86,44.99,194.1517,27.1253,3.9342,0.0667,0.0445,68.1714,120.56,0.56,11.3,9.3281,81.4309,85.3176,15.527,-0.3416,77.6349,40.3702,0,22.9057
20211,長野県,中野市,市,42338.0,32.9287,22.5527,10.8984,16.6994,1.7384,3.0619,75.6099,60.1976,54.171,70.8302,81.4639,12.9923,48.0326,52.8757,51.5618,112.18,65.58,377.4113,58.4596,2.3635,0.0152,0.0305,77.4194,135.31,0.56,6.8,8.3481,81.3777,84.8132,11.8097,-0.1039,118.0972,18.8956,0,10.7534
20212,長野県,大町市,市,26029.0,38.9698,8.9004,14.646,14.1976,1.7327,3.574,75.738,56.1386,60.8937,66.445,83.7306,21.2215,45.9567,30.7784,34.5394,565.15,153.15,46.0568,27.099,0.8423,0.0065,0.0065,80.642,143.97,0.44,8.1,7.5218,,,23.0512,-0.1729,53.7862,65.3118,0,104.1553
20213,長野県,飯山市,市,19539.0,38.8935,17.8431,13.9477,21.2675,1.6633,2.9602,76.8499,48.4865,41.4481,53.945,69.4262,17.2903,53.0661,41.1419,31.2887,202.43,78.04,96.5223,38.5516,1.1661,0.0128,0.0128,83.9833,161.83,0.34,11.8,6.863,80.7958,84.9532,5.118,-0.737,225.1906,46.0617,0,19.547
20214,長野県,茅野市,市,56400.0,31.4652,6.355,11.3969,9.7579,1.6365,3.2395,74.4286,55.7531,57.5489,68.1462,35.0016,11.7027,68.3149,42.6497,43.0999,266.59,72.13,211.5608,27.0565,3.3135,0.0139,0.0277,72.4937,110.93,0.54,6.9,9.6441,,,14.1844,0.1348,58.5106,40.7801,1,15.1901
20215,長野県,塩尻市,市,67241.0,29.1133,7.3325,9.3608,10.602,2.442,4.4372,73.7271,65.7178,67.795,74.536,87.3462,10.4856,71.0949,58.7656,67.3567,289.98,71.6,231.8815,24.6914,3.4078,0.0419,0.0419,63.9514,110.86,0.63,6.4,10.9502,80.9297,85.8202,19.3334,0.0922,60.9747,47.59,0,15.4244
20217,長野県,佐久市,市,98199.0,31.2625,7.8729,11.8185,9.9769,1.6721,3.3865,75.6825,66.6545,63.2886,69.6268,41.4764,13.4594,44.9709,48.3573,43.3973,423.51,158.8,231.8694,37.4962,3.0668,0.0315,0.0315,70.6532,119.12,0.51,0.2,14.5595,81.1863,85.7059,19.3485,0.1802,88.5956,39.7153,1,11.5166
20218,長野県,千曲市,市,58852.0,32.8343,6.1547,11.6905,14.0268,1.8096,3.5906,75.8819,76.6313,82.7687,79.3059,88.2811,9.0648,75.3278,47.3529,63.0865,119.79,49.85,491.2931,41.6145,4.1123,0.0201,0.0401,79.0433,130.16,0.5,9.1,9.49,81.0665,85.7447,27.1868,0.3398,74.7638,33.9836,0,11.8709
20219,長野県,東御市,市,30122.0,32.4856,10.6084,9.2785,13.8066,2.9015,5.6442,73.8931,54.0035,58.234,67.7859,43.3188,15.1871,32.0367,39.6294,52.3881,112.37,57.0,268.0609,50.7253,1.5965,0.0175,0.0175,83.5993,133.95,0.48,8.4,7.5893,81.0675,84.8453,16.5992,-0.1992,63.0768,39.838,0,11.1604
20220,長野県,安曇野市,市,94222.0,31.9099,7.9883,11.0599,13.2504,1.6588,3.1499,76.5366,70.293,64.6605,62.7794,32.4174,13.0555,45.5198,46.7935,40.7851,331.78,139.25,283.9894,41.9706,2.5135,0.0072,0.0287,79.3959,125.74,0.5,9.1,6.373,81.3028,85.2075,14.8585,0.4458,53.0662,42.4529,0,24.9887
20303,長野県,小海町,町村,4353.0,42.1474,21.6499,17.286,12.8941,1.5392,2.8414,78.165,42.9277,36.5091,52.0211,48.1869,40.0265,27.6153,54.7707,,114.2,21.68,38.1173,18.9842,0.8764,0.0,0.0461,,,0.26,6.3,9.0795,81.1479,85.2383,22.9727,-0.1149,45.9453,114.8633,0,0.0
20304,長野県,川上村,町村,4344.0,33.4403,75.6168,12.0923,12.7287,0.4604,0.6367,70.9477,33.1736,20.5322,48.3732,12.5556,16.3232,4.0803,14.7373,,209.61,32.92,20.7242,15.7054,0.243,0.0,0.0,,,0.26,0.2,13.9746,81.0251,84.8712,46.0405,-0.6906,46.0405,0.0,0,12.1483
20305,長野県,南牧村,町村,3242.0,34.3056,60.6488,11.3806,10.0746,0.8637,1.2993,72.4497,29.6874,14.3069,25.3173,40.4855,40.9004,10.8662,70.1176,,133.09,30.04,24.3595,22.5712,0.3662,0.0,0.0,,,0.28,1.0,8.7158,81.5333,86.0511,30.8452,-1.4806,61.6903,61.6903,0,18.52
20306,長野県,南相木村,町村,962.0,40.8163,33.3333,21.7822,15.3465,0.8316,1.5444,78.0374,40.0313,40.4927,,,17.1414,58.7537,20.2489,,66.05,8.11,14.5647,12.2786,0.1233,0.0,0.0,,,0.61,0.5,9.6041,81.2478,85.5658,0.0,0.7277,103.9501,0.0,0,0.0
20307,長野県,北相木村,町村,752.0,39.4537,30.6878,19.697,9.0909,1.7287,3.3248,77.3292,37.7424,69.7957,,,24.9882,56.9274,20.0485,,56.32,5.15,13.3523,9.1442,,0.0,0.0,,,0.14,6.2,10.3964,81.2236,85.0578,132.9787,-1.1968,265.9574,132.9787,0,0.0
20309,長野県,佐久穂町,町村,10218.0,39.5222,12.7058,15.593,15.4652,1.8986,3.6214,76.3942,43.2803,39.531,45.7529,41.2086,23.5894,38.9584,34.6626,,188.15,38.79,54.3077,20.6165,0.6187,0.0,0.0,,,0.24,11.0,6.5623,80.2253,83.6983,0.0,-0.0489,97.8665,39.1466,0,15.884
20321,長野県,軽井沢町,町村,19188.0,31.9969,3.5125,11.7936,6.3872,1.7876,3.9111,76.8964,68.9797,30.8275,63.4916,64.5897,28.1924,35.422,54.0234,51.1996,156.03,40.27,122.9764,25.8091,6.5557,0.0745,0.0497,77.0808,127.0,1.52,1.5,10.8027,81.201,85.2223,5.2116,0.9798,83.3854,99.0202,0,67.7767
20323,長野県,御代田町,町村,15555.0,27.527,8.9945,10.003,7.6739,2.0765,3.9632,75.0872,75.996,37.7883,75.1406,22.8891,12.6671,49.5785,48.3582,37.2355,58.79,26.23,264.5858,44.6164,2.4781,0.0762,0.0,71.3643,102.29,0.6,11.6,8.5075,81.1167,85.1488,25.7152,1.395,77.1456,25.7152,0,8.3252
20324,長野県,立科町,町村,6612.0,37.5967,16.217,13.4541,14.6492,2.0115,3.5325,75.8894,29.3692,36.812,40.2267,82.9517,19.4161,14.2663,45.3528,0.6186,66.87,26.74,98.8784,39.988,0.9723,0.0,0.0374,,,0.32,7.8,6.8756,81.2514,84.9866,30.248,0.2722,105.8681,45.3721,0,0.0
20349,長野県,青木村,町村,4121.0,39.2917,9.8079,14.3964,14.4609,1.6986,3.418,78.7837,39.8275,30.184,53.6024,20.3262,12.0557,32.6951,17.4087,,57.1,10.81,72.1716,18.9317,1.0176,0.0,0.0,,,0.22,7.1,7.7702,81.3778,85.5654,0.0,-0.364,72.7979,0.0,0,97.2502
20350,長野県,長和町,町村,5600.0,43.7823,13.2095,18.7446,13.2468,2.125,4.0027,78.5475,31.2511,37.319,36.9947,86.9836,33.4599,15.5758,16.911,,183.86,25.48,30.458,13.8584,1.1381,0.0,0.0,,,0.22,11.4,11.3545,80.9032,85.4512,0.0,-0.375,339.2857,53.5714,0,17.1555
20361,長野県,下諏訪町,町村,19155.0,37.8633,1.3336,14.9789,11.3395,1.7959,3.6241,75.9621,92.9337,90.6143,88.8076,96.0586,7.7023,85.6334,37.6773,91.4169,66.87,8.23,286.4513,12.3075,12.1507,0.0,0.1215,78.6967,122.09,0.53,6.1,8.5849,,,10.4411,-0.6004,57.4263,36.544,0,32.4812
20362,長野県,富士見町,町村,14084.0,36.5613,12.8202,13.7679,12.6429,1.5266,2.8906,77.444,46.9004,37.4869,38.3737,36.0363,9.8504,32.5815,56.3971,45.3948,144.76,45.13,97.2921,31.1757,1.2187,0.0,0.0222,,,0.52,3.8,9.0284,,,0.0,0.2769,78.1028,56.802,0,33.3809
20363,長野県,原村,町村,7680.0,35.3021,21.7692,11.4731,13.2062,1.3021,2.3288,79.4331,33.6106,30.3905,22.3782,71.3269,8.94,21.1356,46.4122,1.6485,43.26,23.35,177.5312,53.976,1.1991,0.0428,0.0,,,0.36,6.7,10.3394,,,13.0208,0.8984,13.0208,91.1458,0,6.7264
20382,長野県,辰野町,町村,18555.0,38.1814,4.7254,14.1773,14.2463,2.0102,3.9201,76.8606,69.3785,68.1289,72.8542,52.0689,15.2998,63.057,29.3674,53.0111,169.2,26.96,109.6631,15.9338,2.5593,0.0371,0.0371,83.1921,139.66,0.45,7.5,15.4636,80.6638,85.2883,10.7788,-0.1078,91.6195,37.7257,0,47.7259
20383,長野県,箕輪町,町村,24989.0,30.2947,6.4419,9.2776,13.2582,2.0369,3.8722,76.0544,71.4238,45.7746,69.2123,86.8027,12.6042,66.854,50.6768,36.5807,85.91,30.71,290.8742,35.7467,2.3771,0.0,0.0326,74.9753,122.45,0.56,7.1,8.065,81.6684,85.5509,20.0088,0.2601,56.0247,16.007,0,4.53
20384,長野県,飯島町,町村,9004.0,37.9118,15.5556,12.1454,17.76,1.5771,2.7887,78.4277,49.9611,44.6198,59.475,53.1057,14.913,47.7243,71.9439,5.3426,86.96,28.7,103.5419,33.0037,1.4286,0.0,0.0,,,0.37,9.0,18.817,81.5742,85.4579,11.1062,0.211,44.4247,44.4247,0,9.7734
20385,長野県,南箕輪村,町村,15797.0,23.968,5.6323,7.8943,9.2308,1.5762,2.9277,72.8508,52.9944,34.1048,75.5125,88.5689,12.8861,60.3907,45.11,2.3977,40.99,17.75,385.3867,43.3032,1.4085,0.0,0.0563,64.7929,115.48,0.54,6.3,8.8078,81.8127,85.1309,12.6606,-0.3292,25.3213,25.3213,0,33.2932
20386,長野県,中川村,町村,4651.0,36.3851,21.2076,11.856,24.1465,1.4621,2.4718,80.4111,39.4134,28.041,18.0115,9.0752,15.4224,26.9322,36.2324,47.7405,77.05,18.4,60.3634,23.8806,0.7609,0.0,0.0,,,0.21,-0.1,10.8073,81.7943,85.3635,64.5023,-0.0645,107.5038,86.003,0,110.2129
20388,長野県,宮田村,町村,8569.0,29.2131,6.7011,10.961,13.7857,1.3187,2.3769,77.4754,57.6982,66.1659,65.7869,37.066,6.0524,61.6823,23.8969,63.2964,54.5,14.79,157.2294,27.1376,1.8256,0.0,0.0,,,0.46,9.4,7.5598,81.984,84.6526,0.0,-0.3501,46.6799,35.0099,0,10.8414
20402,長野県,松川町,町村,12530.0,34.1022,21.1039,11.159,20.6623,1.5164,2.5425,78.6914,51.5415,58.5455,51.9144,89.0172,9.6715,54.052,32.8455,46.974,72.79,25.99,172.139,35.7055,1.9238,0.0,0.0385,,,0.38,4.8,8.9204,81.7016,85.0599,0.0,-0.415,111.7318,31.9234,0,9.7366
20403,長野県,高森町,町村,12811.0,31.9655,16.8147,9.7726,20.1531,1.3972,2.4997,78.3784,67.2631,41.3706,69.6012,45.2502,10.4393,59.3052,35.5345,59.0414,45.36,19.76,282.4295,43.5626,2.3785,0.0,0.0,,,0.41,7.2,9.2684,81.1172,85.9893,23.4174,-0.4293,78.0579,7.8058,0,8.8616
20404,長野県,阿南町,町村,4299.0,46.1501,14.0508,18.1127,17.7961,0.9304,1.845,76.915,44.7586,30.3991,8.2314,84.4582,29.6824,50.5014,21.2418,,123.07,13.84,34.9313,11.2456,0.9393,0.0,0.0723,,,0.18,3.8,7.2179,81.0156,85.5076,23.2612,-0.1396,116.3061,46.5224,0,108.9518
20407,長野県,阿智村,町村,6068.0,36.6672,13.8673,13.9122,20.6349,1.1371,2.0205,78.7384,48.8559,50.5396,36.0524,79.713,26.6692,50.7184,41.7209,,214.43,21.49,28.2983,10.0219,2.0009,0.0,0.0465,,,0.23,0.1,8.7431,81.0077,84.989,16.4799,-0.1483,181.2788,115.3593,0,17.0018
20409,長野県,平谷村,町村,387.0,41.0667,13.1455,24.1026,6.1538,1.0336,1.8433,77.8107,70.6112,72.9948,,69.6901,44.4072,75.2092,22.9971,,77.37,2.37,5.0019,3.0632,3.3755,0.0,0.0,,,0.14,1.8,9.6743,81.9218,85.605,0.0,1.5504,258.3979,0.0,0,0.0
20410,長野県,根羽村,町村,852.0,52.1212,15.0442,18.8976,19.1601,1.1737,2.1645,83.8588,42.9704,50.6445,,48.7498,36.7608,59.7274,38.8136,,89.97,4.22,9.4698,4.6905,1.4218,0.0,0.0,,,0.11,7.1,4.3335,81.6292,85.5572,0.0,0.2347,469.4836,117.3709,0,0.0
20411,長野県,下條村,町村,3545.0,35.8724,21.8101,10.2763,24.0933,1.3258,2.2716,78.0163,36.9063,24.4048,37.8916,38.2714,21.5997,15.2117,47.2891,,38.12,11.59,92.9958,30.404,0.604,0.0,0.0,,,0.22,-4.6,12.523,81.4685,85.2334,0.0,-0.0564,112.835,28.2087,0,26.2482
20412,長野県,売木村,町村,548.0,45.2431,28.9902,21.2996,9.0253,0.5474,0.9677,81.9706,40.3073,43.0566,,26.9622,40.0478,63.3596,9.4351,,43.43,4.59,12.618,10.5687,0.6536,0.0,0.0,,,0.11,11.7,8.9171,81.6717,84.7944,182.4818,1.2774,364.9635,0.0,0,981.7372
20413,長野県,天龍村,町村,1178.0,60.6618,13.4454,32.4373,7.7061,1.3582,3.252,79.4895,43.71,67.2971,,61.4764,20.428,63.8398,5.751,,109.44,7.05,10.7639,6.4419,0.7092,0.0,0.0,,,0.15,0.1,6.1345,81.2587,85.0365,0.0,-1.6978,84.8896,84.8896,0,0.0
20414,長野県,泰阜村,町村,1542.0,41.8526,15.6863,19.661,15.5932,0.5837,1.0909,79.1574,35.2862,10.1919,,25.5438,10.8695,11.6495,21.9648,,64.59,6.61,23.8737,10.2338,0.9077,0.0,0.0,,,0.15,7.1,8.4574,81.3682,85.7614,0.0,-0.9079,259.4034,64.8508,0,79.6576
20415,長野県,喬木村,町村,5973.0,36.353,17.2983,11.8083,21.4427,1.1552,2.0652,77.7003,38.721,33.8241,56.7559,93.3507,10.1546,62.1245,10.6722,0.5308,66.61,12.7,89.6712,19.0662,1.1811,0.0,0.0,,,0.24,7.2,6.7737,81.662,85.2253,33.484,-0.3683,83.71,16.742,0,19.0948
20416,長野県,豊丘村,町村,6426.0,33.5312,18.5027,9.6744,24.4927,1.4472,2.4263,78.4696,46.0132,41.9674,48.0519,77.4293,6.1398,59.9763,52.4695,14.3572,76.79,14.5,83.6828,18.8827,1.0345,0.0,0.0,,,0.29,9.6,5.9402,81.8865,85.394,31.1236,-0.6847,77.8089,31.1236,0,20.7968
20417,長野県,大鹿村,町村,1023.0,45.5468,28.0992,23.7443,8.2192,1.6618,2.7331,80.5857,10.6274,36.7423,,41.0752,43.4402,24.2884,11.0433,,248.28,24.91,4.1203,10.033,0.281,0.0,0.0,,,0.15,0.8,13.6609,81.7294,85.717,0.0,0.0,195.5034,97.7517,0,0.0
20422,長野県,上松町,町村,4131.0,44.139,8.7703,18.4433,12.5776,1.3314,2.4887,74.4323,57.2198,57.5535,62.1796,87.1523,22.0559,28.5325,35.7301,41.5403,168.42,16.5,24.528,9.7969,1.5758,0.0,0.0,,,0.23,6.6,9.3297,,,0.0,0.1937,193.6577,193.6577,0,4.7654
20423,長野県,南木曽町,町村,3915.0,43.7981,8.3415,18.8308,13.8462,0.9962,1.8777,79.0327,25.457,29.2224,33.5096,76.2831,22.4871,46.085,37.7348,,215.93,24.0,18.1309,11.1147,0.875,0.0,0.0417,,,0.23,6.8,13.8193,,,0.0,-1.0728,127.7139,76.6284,0,0.0
20425,長野県,木祖村,町村,2692.0,44.0869,7.0513,16.4032,17.6877,1.3744,2.5677,80.5254,44.9382,11.7753,29.0113,81.751,23.729,22.3345,56.1132,,140.5,14.71,19.1601,10.4698,1.1557,0.0,0.0,,,0.27,5.6,6.2972,,,0.0,-0.8544,111.4413,0.0,0,0.0
20429,長野県,王滝村,町村,715.0,44.2922,11.3527,19.6765,8.6253,0.979,1.6627,74.7024,58.1481,57.0297,,26.003,25.7369,74.2997,11.4899,,310.82,35.3,2.3004,11.3571,0.085,0.0,0.0,,,0.19,6.4,5.2578,,,139.8601,0.1399,279.7203,139.8601,0,0.0
20430,長野県,大桑村,町村,3439.0,43.6785,8.1843,15.8644,13.7627,0.9014,1.6525,77.2217,18.5154,41.8448,41.723,79.8711,24.0176,30.7191,43.7815,18.5023,234.47,31.0,14.6671,13.2213,0.3871,0.0,0.0,,,0.24,10.5,5.2538,,,0.0,-1.5702,203.5475,29.0782,0,25.4295
20432,長野県,木曽町,町村,10584.0,43.9737,7.3786,17.0711,11.0586,1.2661,2.3107,77.0657,41.99,29.195,38.1751,83.9246,28.3342,17.0601,32.6477,14.7968,476.03,57.37,22.2339,12.0518,1.3945,0.0,0.0174,,,0.26,6.3,10.4248,,,37.7929,-0.4063,217.3091,94.4822,0,3.2086
20446,長野県,麻績村,町村,2593.0,43.9093,17.5729,18.8017,17.0455,1.5812,3.1298,78.7569,47.4754,32.291,39.405,30.0879,21.864,45.1111,17.2019,,34.38,10.14,75.4218,29.4939,1.0848,0.0,0.0,,,0.17,5.3,7.991,81.3474,85.6573,0.0,-0.2314,192.8268,77.1307,0,12.7698
20448,長野県,生坂村,町村,1639.0,42.9697,18.7571,20.0301,17.1687,1.7694,3.1729,76.5432,24.6623,26.3521,,6.5461,24.0534,31.2708,56.0963,,39.05,7.4,41.9718,18.9501,0.4054,0.0,0.0,,,0.13,7.2,9.258,81.0595,85.1674,0.0,-0.7322,61.0128,0.0,0,0.0
20450,長野県,山形村,町村,8400.0,29.4159,17.4652,8.8069,15.6198,1.4048,2.5393,76.3059,75.3134,57.68,50.7959,59.258,8.6814,42.73,54.7208,10.2706,24.98,12.12,336.269,48.5188,2.7228,0.0,0.0,,,0.43,7.3,8.284,81.682,85.7397,0.0,-0.2262,59.5238,35.7143,0,8.6849
20451,長野県,朝日村,町村,4279.0,33.5418,20.0734,9.5173,20.4623,1.3788,2.3506,78.4134,24.1015,43.5171,28.3036,83.4595,10.2483,17.5274,15.9806,,70.62,8.99,60.5919,12.7301,0.8899,0.0,0.0,,,0.36,4.4,14.1341,81.3261,85.076,0.0,0.0701,70.1098,23.3699,0,0.0
20452,長野県,筑北村,町村,4149.0,47.0079,14.5366,17.7659,15.508,2.362,4.5624,75.7297,48.8851,55.6994,7.1643,39.8774,21.7098,24.5014,4.6809,,99.47,15.51,41.7111,15.5926,0.6447,0.0,0.0645,,,0.16,3.7,7.9013,81.2613,85.2902,0.0,0.0241,192.8175,48.2044,0,2.2596
20481,長野県,池田町,町村,9382.0,41.1841,8.8756,14.1523,15.7373,1.5668,3.041,76.6787,61.6461,70.1996,63.8572,2.1782,9.547,38.8439,41.6786,5.1937,40.16,17.39,233.6155,43.3018,1.2651,0.0,0.0575,,,0.31,12.6,8.6563,,,31.9761,0.0853,74.611,21.3174,0,26.0551
20482,長野県,松川村,町村,9599.0,33.841,10.7949,10.8836,15.5119,1.8023,3.284,76.5973,65.3035,39.5908,63.0013,52.1249,15.1334,48.4212,54.8574,42.1405,47.07,21.15,203.9303,44.9331,1.5603,0.0,0.0,,,0.34,7.1,8.8529,,,20.8355,1.2501,31.2533,20.8355,0,47.7276
20485,長野県,白馬村,町村,8575.0,29.9924,6.0848,10.1461,9.7403,2.0875,3.9194,76.6739,45.239,25.2237,61.601,49.8281,23.3351,11.0489,50.3209,,189.36,57.07,45.2841,30.1384,2.1552,0.0175,0.0175,,,0.42,13.1,7.2365,,,0.0,-0.3032,81.6327,116.6181,0,6.8815
20486,長野県,小谷村,町村,2647.0,36.2069,9.6394,15.3984,14.0555,1.2845,2.4408,75.3593,11.8097,23.3166,8.7213,77.5875,27.0442,8.7473,33.4055,,267.91,37.52,9.8802,14.0047,0.5597,0.0,0.0,,,0.22,11.4,5.5219,,,75.5572,-1.5867,264.4503,0.0,0,0.0
20521,長野県,坂城町,町村,14004.0,36.4209,7.4631,12.4175,13.9949,2.0923,3.9197,75.3428,84.1397,47.939,84.6331,83.7906,14.2062,44.7815,68.9573,44.8463,53.64,16.75,261.0738,31.2267,1.9701,0.0597,0.0597,,,0.62,8.4,13.5318,81.2916,85.6471,35.7041,-0.7498,78.549,14.2816,0,21.8448
20541,長野県,小布施町,町村,10660.0,34.2218,21.385,10.2913,20.4193,1.3977,2.4608,79.0466,80.8512,75.5963,66.8116,62.1788,16.3538,50.5456,83.864,26.5108,19.12,16.55,557.5314,86.5586,2.8399,0.0,0.0,,,0.4,5.2,9.592,81.7991,85.9018,37.5235,0.5629,121.9512,65.666,0,27.2019
20543,長野県,高山村,町村,6617.0,37.1341,19.3894,11.3028,19.9741,1.7984,3.0885,77.3114,28.8665,31.7467,14.5046,60.2849,12.5113,21.6734,16.0831,,98.56,14.57,67.1368,14.7829,0.755,0.0,0.0,,,0.28,5.8,8.8357,80.6641,85.1669,30.2252,-0.0756,151.1259,0.0,0,15.2885
20561,長野県,山ノ内町,町村,11352.0,41.595,24.6438,16.5345,20.1812,1.8675,3.2126,77.5996,34.3439,53.6135,54.5174,90.3808,16.3888,44.2505,24.964,38.5241,265.9,30.53,42.6927,11.4818,1.867,0.0,0.0,,,0.37,8.0,9.8,80.4517,84.0854,0.0,-0.599,114.5173,35.2361,0,10.7468
20562,長野県,木島平村,町村,4375.0,40.1008,20.4213,14.5234,22.9687,1.3257,2.4329,78.9488,51.9098,27.5893,41.2053,45.8283,9.7725,17.2583,22.9679,,99.32,18.29,44.0495,18.4152,0.8748,0.0,0.0547,,,0.19,14.7,8.1185,81.4075,85.6203,45.7143,-0.8457,297.1429,45.7143,0,52.5714
20563,長野県,野沢温泉村,町村,3279.0,35.4143,12.1516,13.5534,27.2806,1.5249,2.7115,77.7429,70.0437,64.4246,35.1011,83.9843,17.099,80.8189,26.9652,,57.96,9.14,56.5735,15.7695,5.3611,0.0,0.0,,,0.18,9.3,6.6393,81.6359,85.2201,30.4971,0.5185,91.4913,60.9942,0,80.1504
20583,長野県,信濃町,町村,7739.0,44.0244,16.1361,16.0235,16.0235,2.0933,3.7877,78.3853,21.5584,28.2743,46.2041,81.3504,20.8547,32.3068,28.4513,0.5957,149.3,37.02,51.8352,24.7957,1.0535,0.0,0.0,,,0.3,9.7,8.5353,81.2575,84.7734,12.9216,-1.0983,167.9804,90.451,0,3.5474
20588,長野県,小川村,町村,2215.0,46.487,19.1667,22.2222,13.9148,1.8059,3.2258,77.266,17.5558,35.296,34.8558,75.3877,23.8081,27.5096,33.2177,,58.11,11.57,38.1174,19.9105,0.3457,0.0,0.0,,,0.13,8.9,6.6991,81.3238,85.3192,135.4402,-0.8126,406.3205,90.2935,0,0.0
20590,長野県,飯綱町,町村,10296.0,40.6214,24.9702,12.6198,19.3557,1.3695,2.3453,79.2084,25.3859,27.2633,31.9693,80.0004,15.9917,36.3804,42.8486,,75.0,34.36,137.28,45.8133,0.5821,0.0,0.0291,,,0.25,10.5,7.5047,80.7841,85.1138,9.7125,0.2525,174.8252,48.5625,0,0.0
20602,長野県,栄村,町村,1660.0,55.1226,31.7768,22.4313,16.932,1.2651,2.3359,81.9534,26.6685,21.939,1.7165,50.7081,26.922,26.916,13.5907,,271.66,34.59,6.1106,12.7328,0.0289,0.0,0.0,,,0.13,7.0,5.2943,80.7842,85.5188,0.0,1.3253,60.241,0.0,0,75.3922
21201,岐阜県,岐阜市,市,402557.0,29.1924,1.4674,11.8608,8.2274,1.6927,3.3848,73.8079,95.6358,67.6682,92.8535,89.5407,8.7396,62.1672,63.0437,97.1331,203.6,143.27,1977.1955,70.3684,15.1113,0.2583,0.1256,58.9025,106.68,0.82,3.5,9.4923,80.021,83.7653,18.6309,-0.1279,62.3514,39.2491,1,8.9768
21202,岐阜県,大垣市,市,158286.0,28.0078,1.3131,10.28,11.3686,2.1392,4.2244,73.6835,88.9132,15.1449,89.8341,69.4287,10.3463,71.2674,56.8484,91.6811,206.57,97.81,766.2584,47.3496,6.942,0.1329,0.0818,64.223,115.18,0.83,1.7,11.3875,80.4374,84.3162,15.1624,-0.2104,99.8193,34.7472,1,6.1958
21203,岐阜県,高山市,市,84419.0,33.6415,10.4514,12.5452,17.157,1.4156,2.5232,78.3082,70.8407,24.2966,70.9327,83.6246,19.9899,55.2223,25.5466,50.5844,2177.61,274.29,38.7668,12.5959,2.6651,0.0109,0.0146,73.8703,139.01,0.53,5.0,9.1448,80.5489,85.0814,28.4296,-0.2168,106.6111,55.6747,1,15.0651
21204,岐阜県,多治見市,市,106732.0,31.9426,0.5976,11.1813,8.642,1.7099,3.4199,75.5634,77.466,27.6561,74.6102,64.4579,8.5384,57.1412,60.0498,96.2928,91.25,47.02,1169.6658,51.5288,7.3798,0.1914,0.0851,74.6572,113.26,0.68,-4.0,15.0947,80.8347,84.6522,13.117,-0.2436,46.8463,33.7293,0,14.7025
21205,岐阜県,関市,市,85283.0,31.4754,1.9249,10.2194,12.0451,1.7811,3.3676,75.3445,73.305,14.1296,72.8396,67.2607,11.1581,52.7565,48.0698,59.2765,472.33,90.2,180.5581,19.0968,4.357,0.0665,0.0333,74.6046,123.95,0.59,1.5,12.7943,80.4737,85.13,11.7257,-0.2931,75.0443,37.5221,1,21.9739
21206,岐阜県,中津川市,市,76570.0,33.5359,4.6896,11.2633,16.1088,1.4562,2.8229,75.9396,59.173,10.9564,60.5749,62.955,14.5814,47.3272,50.4667,19.6011,676.45,144.89,113.1939,21.4192,2.6572,0.0276,0.0345,77.8644,128.33,0.49,6.6,9.2163,80.8206,85.02,31.3439,-0.1646,75.7477,36.5678,0,7.7733
21207,岐阜県,美濃市,市,19247.0,37.31,2.1856,12.2095,16.0645,1.7405,3.2352,76.9285,65.2481,,56.0907,57.4676,16.5348,50.2421,38.1017,42.1152,117.01,24.88,164.4902,21.2631,3.537,0.0,0.0402,85.1064,133.03,0.52,9.3,13.4523,80.6538,85.0066,0.0,-0.3169,290.9544,57.1518,0,17.6235
21208,岐阜県,瑞浪市,市,37150.0,32.003,2.2186,11.7183,12.9704,1.5559,3.0764,73.1713,70.2146,10.3474,73.3746,83.6305,16.8512,70.8505,39.0863,51.2762,174.86,52.43,212.4557,29.984,3.5667,0.1526,0.0572,75.9854,127.2,0.6,2.6,10.7536,80.7956,84.9232,18.8425,-0.2153,78.0619,43.0686,0,11.2328
21209,岐阜県,羽島市,市,65649.0,28.1872,1.9006,9.3792,12.6064,1.5842,3.1437,74.3488,83.968,15.1955,80.6241,72.9622,10.9146,55.9648,51.2833,49.4953,53.66,53.66,1223.4253,100.0,4.3049,0.0559,0.0186,74.0681,120.78,0.74,4.9,9.8111,79.5502,83.1777,12.186,-1.275,76.1626,33.5116,0,6.6883
21210,岐阜県,恵那市,市,47774.0,36.0331,4.766,13.0902,17.5403,1.3815,2.658,77.1762,51.993,3.9594,53.5647,65.4973,21.4455,41.5199,33.3828,20.3839,504.24,114.68,94.7446,22.7431,2.2846,0.0087,0.0262,82.5888,138.62,0.44,0.3,10.2713,80.4846,83.9998,20.9319,-0.3307,77.448,60.7025,0,17.2734
21211,岐阜県,美濃加茂市,市,56689.0,23.455,2.5464,7.7669,10.0416,2.3408,4.4887,74.0747,81.9398,1.9406,78.7599,86.9922,10.5002,59.9496,44.587,69.1751,74.81,45.34,757.773,60.6069,5.5801,0.0441,0.0662,68.2171,109.34,0.76,5.0,10.2246,80.9242,84.6559,12.3481,0.2646,59.9764,28.2242,1,27.4883
21212,岐阜県,土岐市,市,55348.0,32.6041,0.8073,12.1736,12.7924,1.7128,3.318,75.054,69.7025,17.2004,74.673,74.5485,18.3561,50.6957,51.7702,84.1915,116.02,40.24,477.0557,34.6837,5.9891,0.0994,0.0746,78.3579,121.66,0.66,5.8,11.4844,79.8152,83.952,25.2945,-0.4354,39.7485,32.5215,0,10.6393
21213,岐阜県,各務原市,市,144521.0,28.6898,1.2936,9.9371,9.3989,1.4904,3.076,74.9486,90.2493,21.2382,87.5863,84.7251,7.242,54.4124,60.9604,90.2428,87.81,70.2,1645.8376,79.9453,7.8348,0.1852,0.0427,67.9827,110.47,0.85,3.8,12.8993,80.9341,84.3933,15.2227,-0.0879,40.8245,22.8341,1,17.8313
21214,岐阜県,可児市,市,99968.0,28.7405,1.1863,9.1362,8.946,1.8086,3.9251,75.5409,84.0689,7.379,79.7508,66.5457,10.4224,37.5507,57.8884,70.1443,87.57,54.16,1141.5782,61.8477,6.61,0.1662,0.0554,73.0968,108.67,0.81,0.6,13.7066,80.7603,85.3216,18.0058,-0.065,42.0134,32.0102,0,18.16
21215,岐阜県,山県市,市,25280.0,37.2013,3.2218,12.8611,14.5372,1.8631,3.5194,75.3682,63.5429,23.6672,55.9831,60.7842,12.5854,52.8603,20.8808,17.1946,221.98,36.1,113.8841,16.2627,2.0499,0.0277,0.0277,92.8489,133.84,0.4,9.7,7.3349,80.6723,84.5753,15.8228,-0.9138,245.2532,47.4684,0,12.711
21216,岐阜県,瑞穂市,市,56388.0,21.7348,2.1245,6.9229,9.1742,1.6298,3.2513,73.7248,88.5769,11.1294,88.9619,80.4608,8.1632,66.3013,54.9429,47.2047,28.19,28.19,2000.2838,100.0,5.0727,0.0355,0.0,59.3991,105.95,0.72,0.4,11.7926,,,21.2811,-0.1188,31.9217,30.1483,0,3.4821
21217,岐阜県,飛騨市,市,22538.0,40.0751,8.3884,13.2126,23.2934,1.0516,1.9666,81.1732,73.156,23.429,69.8303,81.1632,18.2378,35.6576,30.4823,52.7706,792.53,59.25,28.438,7.4761,2.5485,0.0,0.0338,81.2729,157.44,0.34,13.7,6.9523,80.6635,85.8771,17.7478,-0.8341,195.2258,39.9326,0,15.1706
21218,岐阜県,本巣市,市,32928.0,31.1849,6.6508,9.7717,15.4313,1.2269,2.4609,75.5109,67.8486,24.2909,68.154,56.6357,14.3464,45.5727,29.7041,23.0643,374.65,55.93,87.89,14.9286,2.6104,0.1609,0.0358,86.881,136.83,0.53,6.9,13.5306,,,27.3324,-0.1184,151.8465,27.3324,0,4.5144
21219,岐阜県,郡上市,市,38997.0,37.6827,6.2546,13.5726,20.9569,1.0847,2.0266,80.5273,48.9302,10.4392,49.3924,79.0579,25.066,29.0343,34.1862,14.1346,1030.75,108.8,37.8336,10.5554,2.8585,0.0368,0.0184,85.485,158.83,0.32,11.8,8.3465,80.8488,85.0592,25.643,-0.5975,107.7006,66.6718,0,12.5427
21220,岐阜県,下呂市,市,30428.0,40.8442,5.1713,14.6362,22.1088,1.0582,2.0168,80.9535,53.6916,17.9087,51.7239,73.7481,24.565,30.4447,40.9527,7.088,851.21,86.01,35.7468,10.1044,2.5578,0.0,0.0116,78.0759,144.38,0.33,11.7,9.4788,80.9566,85.1182,23.0051,-0.7197,72.3018,49.2967,0,8.0637
21221,岐阜県,海津市,市,32735.0,35.859,6.3208,9.8427,19.9965,1.6588,3.0746,75.2698,53.1603,10.6537,44.2655,44.844,16.1629,41.0688,41.731,23.3725,112.03,81.72,292.1985,72.9447,1.444,0.0,0.0122,85.8275,152.15,0.45,8.8,10.9164,79.4639,83.0549,33.6032,-0.7393,119.1385,21.3838,0,59.2639
21302,岐阜県,岐南町,町村,25881.0,22.5378,1.4028,8.6298,8.3838,1.7542,3.5115,73.8176,97.9986,56.7238,98.9628,91.6866,11.6062,93.1799,49.4083,68.3636,7.91,7.91,3271.9343,100.0,12.263,0.0,0.1264,49.0421,101.01,0.89,5.6,9.7841,80.3105,83.755,19.3192,0.3787,46.3661,19.3192,0,0.4256
21303,岐阜県,笠松町,町村,22208.0,27.5073,0.9045,10.4104,10.7484,1.9317,3.9645,74.4899,97.8203,18.1054,96.0383,91.0552,8.9841,79.4081,46.7819,66.0813,10.3,10.3,2156.1165,100.0,4.466,0.1942,0.0971,69.871,124.56,0.67,5.8,10.1783,80.2642,83.6269,22.5144,0.2206,54.0346,27.0173,0,5.9155
21341,岐阜県,養老町,町村,26882.0,35.9094,3.3211,10.693,20.3945,2.6189,5.123,75.9167,38.8291,20.3565,51.5129,26.762,15.1303,40.6104,50.9775,17.4405,72.29,53.99,371.8633,74.6853,1.1854,0.0,0.0185,91.6955,153.2,0.58,7.4,7.2468,79.6528,84.2431,14.8798,-0.4613,115.3188,26.0397,0,30.8473
21361,岐阜県,垂井町,町村,26402.0,31.4606,2.2846,10.1612,14.5668,1.5643,3.1723,74.9069,82.9095,15.8634,63.6252,24.5236,7.2231,57.1497,53.918,47.7905,57.09,24.22,462.4628,42.4242,2.6424,0.0,0.0413,78.6611,132.44,0.67,2.8,11.4818,80.4648,84.0404,15.1504,-0.3409,64.3891,15.1504,0,7.0037
21362,岐阜県,関ケ原町,町村,6610.0,42.2459,4.1973,14.0232,16.9796,2.2542,4.3657,76.4765,61.9928,,63.4096,36.6853,19.0411,48.1022,69.0294,,49.28,11.27,134.1315,22.8693,1.9521,0.0,0.0,,,0.45,10.5,8.5512,,,0.0,-0.9228,226.9289,0.0,0,11.3464
21381,岐阜県,神戸町,町村,18585.0,33.1414,4.5181,10.0118,15.9953,1.9586,3.7681,75.5472,69.6843,0.0046,69.2029,48.5328,11.0446,62.6165,35.5259,24.0935,18.78,18.78,989.6166,100.0,3.0351,0.213,0.0,80.1788,132.08,0.63,3.6,10.9447,,,16.1421,-0.5112,86.0909,21.5227,0,7.2488
21382,岐阜県,輪之内町,町村,9654.0,27.8191,3.549,5.5556,18.0117,1.243,2.2989,75.0216,51.9874,9.076,47.4516,40.1511,21.9096,45.8022,50.2019,7.072,22.33,22.33,432.3332,100.0,0.6717,0.0,0.0,,,0.57,6.3,10.5801,,,0.0,-0.9944,103.584,20.7168,0,0.0
21383,岐阜県,安八町,町村,14355.0,29.0633,2.6129,8.0471,16.2939,2.1874,4.1816,74.945,77.1218,10.1912,76.0937,40.0732,16.3371,65.3753,54.7796,26.5558,18.16,18.16,790.4736,100.0,1.652,0.0,0.0,,,0.58,12.6,10.2807,,,34.8311,0.5573,34.8311,13.9324,0,2.8144
21401,岐阜県,揖斐川町,町村,19529.0,40.5991,5.3304,14.8595,20.5791,1.654,3.2719,77.6767,50.243,16.8211,46.7566,13.644,17.4625,38.0017,20.9431,1.5272,803.44,72.85,24.3067,9.0673,0.9334,0.0137,0.0275,86.2179,155.75,0.45,6.1,7.4172,,,20.4824,-0.466,174.1001,51.2059,0,0.0
21403,岐阜県,大野町,町村,22041.0,30.4065,5.5705,9.3122,16.8551,1.7967,3.4197,75.9606,64.0446,13.2061,55.5327,15.6164,10.7075,61.5239,36.8196,,34.2,28.68,644.4737,83.8596,1.7085,0.0349,0.0,92.3476,132.4,0.58,3.9,12.1864,,,13.611,-0.6624,86.203,31.759,0,8.7679
21404,岐阜県,池田町,町村,23360.0,29.8142,3.3895,10.3213,16.1749,1.8878,3.6552,74.4012,62.3884,5.4576,63.4123,40.3258,8.7211,65.271,36.9516,35.5596,38.8,23.21,602.0619,59.8196,2.4989,0.0431,0.0431,89.8623,142.85,0.6,10.0,11.5638,,,25.6849,-0.7534,107.0205,34.2466,0,14.9387
21421,岐阜県,北方町,町村,18139.0,25.4265,1.3364,10.8068,8.6481,2.0839,4.1731,72.9546,100.0,63.8701,100.0,78.0712,5.8282,82.7847,83.9286,98.2596,5.18,5.18,3501.7375,100.0,20.0772,0.1931,0.1931,55.2737,97.47,0.6,11.2,20.4372,,,16.5389,-0.6781,44.1039,16.5389,0,5.5103
21501,岐阜県,坂祝町,町村,8071.0,28.2357,2.8523,8.6072,11.5493,1.7346,3.2733,73.543,77.0644,16.7972,83.4154,31.8108,21.5849,39.9582,70.2557,27.7232,12.87,8.24,627.1173,64.0249,2.4272,0.1214,0.0,,,0.49,3.7,12.5226,80.6314,84.4267,61.9502,0.6195,49.5602,37.1701,0,0.3397
21502,岐阜県,富加町,町村,5626.0,30.7679,4.7703,9.3654,19.1914,1.2798,2.481,78.3858,67.4559,,57.1778,42.6641,21.3298,24.601,50.5172,18.1314,16.82,10.38,334.4828,61.7122,1.4451,0.0,0.0,,,0.42,10.6,8.1568,80.9956,84.6739,0.0,1.3864,71.0985,35.5492,0,19.1774
21503,岐阜県,川辺町,町村,9860.0,33.2622,1.74,11.9286,14.904,1.643,3.0045,76.6305,65.386,23.2335,70.5711,46.1566,14.1048,54.4005,71.6755,15.7026,41.16,12.57,239.553,30.5394,2.0684,0.0,0.0,,,0.42,9.0,15.5099,80.881,85.1933,10.142,-0.4665,131.8458,0.0,0,12.3813
21504,岐阜県,七宗町,町村,3402.0,48.2371,6.0662,18.4733,23.1298,1.9988,4.0,80.8149,32.497,,12.6699,24.5021,37.2781,28.3514,54.8943,,90.47,8.93,37.6036,9.8707,1.3438,0.0,0.0,,,0.24,5.3,8.7122,80.5984,84.3286,0.0,-1.5285,235.1558,88.1834,0,0.3592
21505,岐阜県,八百津町,町村,10195.0,41.1811,2.8617,15.5119,16.3909,1.8637,3.6385,78.459,55.5452,18.8131,54.4552,62.2997,19.662,50.556,24.9917,4.985,128.79,26.15,79.1599,20.3044,1.1472,0.0,0.0382,,,0.4,4.9,8.6659,80.747,84.9108,39.2349,-0.6278,107.896,19.6175,0,18.6604
21506,岐阜県,白川町,町村,7412.0,47.3311,8.8912,16.8417,24.5098,1.2547,2.3743,82.5658,21.4519,,14.1423,42.2432,30.7351,28.0948,26.7513,,237.9,28.06,31.1559,11.7949,0.8909,0.0,0.0,,,0.27,9.5,10.3151,80.9022,85.3698,26.9833,-1.4706,175.3913,53.9665,0,0.0
21507,岐阜県,東白川村,町村,2016.0,44.112,15.4955,16.2371,25.1289,0.744,1.3333,85.6284,20.5712,,,46.7895,32.841,25.0,37.7522,,87.09,9.02,23.1485,10.3571,0.8869,0.0,0.0,,,0.15,14.1,4.9855,80.3939,86.0371,49.6032,-1.6369,99.2063,99.2063,0,16.0064
21521,岐阜県,御嵩町,町村,17516.0,33.3616,1.9836,10.4188,12.0616,1.981,3.7433,75.4462,58.3134,41.79,72.2703,66.9316,13.7085,63.2378,55.2659,8.9876,56.69,23.21,308.9787,40.942,2.3266,0.0431,0.0862,81.4649,126.74,0.59,6.6,8.7691,80.1619,83.8576,11.4181,0.1656,91.3451,22.8363,0,18.4169
21604,岐阜県,白川村,町村,1511.0,33.6687,2.6596,10.8392,22.3776,0.728,1.1567,79.9237,51.814,,47.2766,31.0291,49.2103,28.1476,22.924,,356.64,78.15,4.2368,21.9129,0.5118,0.0,0.0,,,0.32,2.1,7.2787,80.3121,84.5018,66.1813,-0.728,264.7253,66.1813,0,64.4136
22100,静岡県,静岡市,政令市,693389.0,31.0515,2.2665,12.0966,9.1718,1.785,3.4622,72.6868,94.3153,94.2426,94.5216,83.7005,7.3193,92.8172,43.7676,94.8391,1411.93,342.68,491.093,24.2703,9.1485,0.0846,0.0788,55.6316,94.56,0.83,6.2,15.4487,80.1312,84.1963,16.8736,-0.0575,71.6769,48.8903,1,6.8308
22130,静岡県,浜松市,政令市,790718.0,28.6785,3.5184,10.0443,10.3513,2.045,3.848,73.4735,91.0086,84.1167,91.2712,76.4053,7.0322,76.4902,32.3018,77.3038,1558.11,490.43,507.4854,31.476,5.9275,0.208,0.0571,58.2946,100.78,0.81,4.8,18.8166,81.0086,85.0762,0.2529,-0.1306,72.0864,29.8463,1,10.6687
22203,静岡県,沼津市,市,189386.0,32.5232,2.5062,13.712,9.1262,2.016,4.3283,73.6163,92.5119,,94.0489,85.6981,8.1406,,48.8727,85.9442,186.85,93.38,1013.5724,49.9759,10.4305,0.1606,0.1178,49.8062,96.75,0.91,5.0,8.2877,79.5449,84.3785,22.1769,-0.3754,88.7077,39.6017,1,7.4743
22205,静岡県,熱海市,市,34208.0,48.7063,1.5917,28.5092,6.4255,2.7567,6.1767,72.97,78.2752,,78.9792,83.0949,11.8012,,46.3177,59.4915,61.7,23.65,554.4246,38.3306,16.7865,0.1691,0.0423,39.6382,83.43,0.84,3.4,7.1516,79.0477,83.1486,32.1562,-0.2426,192.9373,52.6193,1,46.6061
22206,静岡県,三島市,市,107783.0,30.4108,2.3588,11.7054,8.4023,2.6173,5.1283,74.3369,89.6675,,85.15,94.6445,7.633,,69.6736,87.4872,62.02,38.74,1737.8749,62.4637,16.856,0.3356,0.1033,54.0169,96.09,0.86,5.8,9.6969,80.1658,84.4954,15.7724,-0.4073,72.3676,30.6171,1,4.4127
22207,静岡県,富士宮市,市,128105.0,30.6361,3.1762,10.4765,11.7821,1.9476,3.7679,74.5718,82.5566,,83.4935,73.5152,8.5833,,37.2864,57.8039,389.08,141.84,329.2511,36.4552,3.9622,0.0635,0.0353,71.2342,109.47,0.84,2.5,10.8897,79.9603,84.3793,16.3928,-0.4254,96.7956,28.8826,0,7.7443
22208,静岡県,伊東市,市,65491.0,44.0848,2.5612,20.3245,7.8716,2.1209,4.7588,77.5358,77.5134,,78.5973,75.6059,11.7311,,49.7458,45.1149,124.02,55.24,528.0681,44.5412,9.3592,0.2715,0.0181,70.1652,104.33,0.65,5.7,9.6974,79.4483,84.0713,22.9039,-0.1359,108.4118,50.3886,0,9.452
22209,静岡県,島田市,市,95719.0,32.1135,5.5289,10.6326,15.9659,1.8314,3.3949,75.0893,85.1675,,85.1309,79.759,13.3126,,38.1273,78.7111,315.7,106.94,303.1961,33.8739,3.1139,0.0468,0.0468,74.3865,114.76,0.69,6.2,10.6696,80.7162,85.1522,15.6709,-0.2079,92.9805,28.2076,1,11.9396
22210,静岡県,富士市,市,245392.0,28.8051,2.0576,9.9952,12.4927,2.0302,3.9878,74.3819,91.9084,0.312,93.1047,81.9989,7.6704,0.098,53.102,92.1603,244.94,123.85,1001.8453,50.5634,8.1954,0.1211,0.0484,66.2157,105.82,1.0,3.2,12.0706,79.6408,84.6064,23.6357,-0.0114,59.4966,31.7859,1,12.661
22211,静岡県,磐田市,市,166672.0,29.3939,3.6922,8.9012,12.4721,1.7525,3.334,74.2558,85.5299,0.2852,81.8382,54.0994,10.549,0.0122,62.4304,66.4286,163.45,136.74,1019.7125,83.6586,3.4591,0.1243,0.0366,70.3498,111.49,0.78,2.5,11.4057,80.9911,85.0002,16.7995,-0.162,73.7976,29.999,0,9.7445
22212,静岡県,焼津市,市,136845.0,30.2494,2.7454,10.4493,13.3118,1.9343,3.6524,74.1526,91.3819,,94.5032,66.9493,6.1984,,62.6423,93.8644,70.3,66.43,1946.5861,94.495,7.7977,0.2559,0.0602,73.0689,108.98,0.82,6.5,7.122,80.2012,84.4498,16.8073,-0.1761,65.0371,21.9226,1,6.0757
22213,静岡県,掛川市,市,114954.0,28.5819,5.9182,8.1773,13.7379,2.2096,4.099,74.9613,71.641,,71.5665,65.3539,12.47,,52.6877,53.4572,265.69,153.51,432.6621,57.7779,3.0356,0.0261,0.0261,69.1518,112.24,0.84,7.7,11.446,80.8146,84.7856,17.3983,0.1931,98.3002,31.3169,1,15.2566
22214,静岡県,藤枝市,市,141342.0,31.2876,3.2056,9.7292,12.9896,1.6909,3.2331,75.6195,89.3784,0.0,90.9512,63.0122,8.7404,,49.1478,86.2673,194.06,101.82,728.3417,52.4683,4.7437,0.108,0.0589,72.8291,111.69,0.82,6.5,7.9154,80.4046,84.513,14.1501,-0.0573,69.3354,28.3002,1,8.5908
22215,静岡県,御殿場市,市,86614.0,26.4198,3.0135,8.5883,12.0368,1.7688,3.3843,71.5658,85.5758,,90.7435,67.9104,9.7632,,52.9541,73.9521,194.9,85.22,444.4023,43.725,4.4943,0.0939,0.0352,57.4502,105.83,1.02,10.0,10.59,80.4469,85.032,15.0091,-0.6246,43.8728,23.091,0,7.3121
22216,静岡県,袋井市,市,87864.0,25.3084,3.698,7.1315,12.3787,1.9041,3.5055,73.5202,74.9092,,78.3966,64.6554,9.0982,,72.0651,58.3386,108.33,86.61,811.0773,79.9502,3.2444,0.1039,0.0231,63.7626,103.86,0.81,5.8,16.7307,81.0759,85.0343,22.7625,-0.4336,89.9117,19.3481,1,30.5379
22219,静岡県,下田市,市,20183.0,43.0492,4.9918,20.4486,8.6925,1.8976,3.7925,77.1187,73.3571,,59.9525,81.2445,14.2338,,65.4179,35.5124,104.38,25.31,193.3608,24.2479,8.2576,0.0,0.0395,73.608,107.98,0.46,5.9,14.5604,79.8568,84.0855,29.728,-0.5004,218.0053,64.4106,1,47.9833
22220,静岡県,裾野市,市,50911.0,28.5546,1.9788,8.2053,10.7374,1.8856,3.6254,73.9617,86.8475,,84.9639,83.1078,10.2562,,55.3958,58.854,138.12,44.0,368.5998,31.8564,3.1136,0.1818,0.0455,70.7602,112.49,0.95,11.2,10.1025,80.877,84.2647,9.8211,-0.8171,53.0337,23.5705,0,4.372
22221,静岡県,湖西市,市,57885.0,28.8021,4.4992,8.8757,11.8691,2.3201,4.2242,71.714,77.7561,0.369,81.0242,80.4585,12.2391,0.0377,63.908,61.2564,86.56,49.89,668.7269,57.6363,3.2471,0.0401,0.0401,68.1481,114.83,1.0,5.0,8.1804,80.9809,85.6969,12.0929,-0.5044,86.3782,20.7308,1,7.7284
22222,静岡県,伊豆市,市,28190.0,42.4499,7.2851,16.8169,14.786,2.1532,4.2106,77.2112,51.3216,,59.4706,80.3922,27.442,,21.6803,24.0993,363.97,68.46,77.4514,18.8092,1.9427,0.0,0.0292,76.62,114.79,0.45,6.8,9.2327,80.0637,84.84,21.2841,-0.2838,134.7996,53.2104,0,26.075
22223,静岡県,御前崎市,市,31103.0,32.5409,8.459,9.0212,19.3574,2.3052,4.1297,75.0997,65.9167,,64.7706,54.621,9.667,,62.1887,25.7524,65.57,49.36,474.348,75.2783,2.8363,0.0608,0.0203,75.1553,124.99,0.92,0.0,21.6254,80.2768,84.9846,9.6454,-0.7716,96.4537,35.3664,0,6.752
22224,静岡県,菊川市,市,47789.0,28.1567,8.0829,7.3539,16.208,1.8561,3.3414,74.8024,63.0394,,74.3954,81.3161,9.639,,50.7731,58.9731,94.19,71.9,507.3681,76.3351,1.8776,0.0278,0.0417,68.3915,112.47,0.7,9.6,10.607,81.102,84.1378,16.7403,-0.295,81.6087,48.1282,0,10.506
22225,静岡県,伊豆の国市,市,46804.0,34.0027,6.0923,13.5741,12.6608,2.2178,4.4308,75.7291,84.4885,,82.8694,75.625,15.2176,,38.5743,60.5177,94.62,42.68,494.6523,45.1067,5.3655,0.0937,0.0469,64.7671,103.16,0.63,6.8,8.4686,79.9865,84.4095,17.0926,-0.4786,108.965,25.6388,1,12.6051
22226,静岡県,牧之原市,市,43502.0,33.1994,11.066,9.4327,20.4899,1.7976,3.1715,75.1637,69.064,,68.79,50.469,13.5569,,56.5332,25.1588,111.69,79.23,389.4888,70.9374,1.9185,0.0,0.0252,73.1707,122.81,0.7,5.6,8.3372,80.187,85.2587,27.5849,-0.9264,128.7297,20.6887,0,10.7599
22301,静岡県,東伊豆町,町村,11488.0,46.9261,8.1592,23.0222,9.9344,1.828,3.6446,76.7328,76.2159,,76.4179,64.1681,12.8962,,25.387,18.5891,77.82,20.83,147.6227,26.7669,3.3605,0.048,0.048,,,0.54,5.8,6.3524,79.594,84.2237,34.8189,-0.3743,156.6852,52.2284,0,0.5805
22302,静岡県,河津町,町村,6870.0,43.4829,11.7594,19.3317,12.956,1.441,2.9058,76.8255,61.9715,,68.6188,75.4504,24.6859,,21.0886,29.9099,100.69,19.39,68.2292,19.2571,2.4239,0.0516,0.0,,,0.39,6.0,6.9301,79.8973,84.1303,43.6681,-0.3057,276.5648,43.6681,0,1.4675
22304,静岡県,南伊豆町,町村,7877.0,48.3678,10.1462,22.4206,12.8593,1.3711,3.0612,79.0417,45.1454,,34.5486,74.8755,22.8471,,29.4255,3.8477,109.94,24.58,71.6482,22.3576,1.3832,0.0,0.0407,,,0.29,7.4,6.4827,79.966,84.3854,0.0,0.0,266.599,126.9519,0,1.7368
22305,静岡県,松崎町,町村,6038.0,50.103,6.4386,22.1053,14.5489,1.4243,3.067,80.8768,41.5068,,51.2929,74.4434,15.6338,,22.2717,,85.11,14.01,70.9435,16.4611,2.9265,0.0714,0.0714,,,0.26,4.5,7.5267,80.3994,84.8891,16.5618,-0.7453,248.4266,0.0,0,0.0
22306,静岡県,西伊豆町,町村,7090.0,52.8354,5.351,25.0515,10.4504,1.7207,3.6981,79.1004,67.5855,,73.9326,81.0875,15.0438,,22.3698,,105.41,12.42,67.2612,11.7826,3.0596,0.0,0.0,,,0.26,4.6,5.2912,79.7349,84.3063,28.2087,-0.3103,310.2962,56.4175,0,0.0
22325,静岡県,函南町,町村,36794.0,32.7667,3.484,12.0824,10.0698,2.3645,4.6044,75.9734,84.1581,,77.6122,71.508,11.015,,34.2026,49.0795,65.16,29.42,564.6716,45.1504,4.2488,0.2039,0.034,71.3715,107.3,0.72,6.0,11.603,79.8561,84.5105,19.0248,-0.6523,81.535,40.7675,0,4.7695
22341,静岡県,清水町,町村,31710.0,26.6097,0.9568,9.9645,9.5786,2.299,4.2797,73.5315,98.6762,,99.5452,93.0928,6.6004,,87.7827,71.4836,8.81,7.9,3599.319,89.6708,16.2025,0.5063,0.1266,56.338,97.31,0.92,6.0,12.1783,79.728,84.7998,15.7679,-0.0788,56.7644,15.7679,0,3.2713
22342,静岡県,長泉町,町村,43336.0,22.4798,1.7773,8.1925,8.3529,1.6291,3.2376,74.0024,97.0436,,96.5651,88.8782,6.0517,,64.1541,83.3474,26.63,16.24,1627.3376,60.9839,5.234,0.2463,0.0616,43.968,90.65,1.14,3.1,10.713,80.3397,84.7756,16.1529,0.6069,32.3057,16.1529,0,10.2011
22344,静岡県,小山町,町村,18568.0,31.9238,4.1947,11.2612,17.2609,1.7072,2.953,72.3036,60.9703,,77.5694,73.6118,20.0786,,33.8421,73.7051,135.74,44.32,136.7909,32.6507,1.4666,0.0,0.0226,73.2231,124.45,0.85,8.8,9.6126,80.0741,85.1362,21.5424,-0.7486,123.869,70.0129,0,7.8735
22424,静岡県,吉田町,町村,28919.0,26.3716,3.1842,7.7183,14.0155,1.8569,3.3132,72.9438,87.8672,,93.5814,33.1705,7.5391,,92.494,67.3934,20.73,20.49,1395.0314,98.8423,4.3436,0.0976,0.0,69.0749,117.68,0.87,10.6,8.1805,80.343,84.6603,34.5793,-0.5775,69.1587,6.9159,0,15.9238
22429,静岡県,川根本町,町村,6206.0,51.3797,11.9679,19.9848,17.7052,1.2085,2.2611,78.548,47.3457,,17.8147,84.5518,34.0667,,17.3521,,496.88,48.39,12.4899,9.7388,0.7233,0.0207,0.0207,,,0.33,0.7,11.3118,80.1617,84.0887,16.1134,-0.8218,193.3613,16.1134,0,0.0
22461,静岡県,森町,町村,17457.0,36.4148,7.616,11.3071,19.583,1.5581,2.8195,75.0491,64.4123,,59.7986,63.3882,11.1955,,41.6937,40.8221,133.91,38.47,130.3637,28.7283,0.8318,0.13,0.026,89.8671,128.37,0.54,12.0,9.1172,80.432,85.3003,22.9134,-0.3781,211.9494,5.7284,0,4.709
23100,愛知県,名古屋市,政令市,2332176.0,24.9925,0.2621,11.6355,4.3435,1.742,3.7116,70.2752,99.8138,26.9781,99.5602,93.2667,4.5009,97.5251,87.3791,99.7274,326.46,316.85,7143.8339,97.0563,40.3693,0.5018,0.1988,28.7853,76.86,0.97,7.2,15.1071,79.6575,83.8537,17.1514,0.1936,65.2181,40.563,1,7.609
23201,愛知県,豊橋市,市,371920.0,26.4659,5.1317,9.722,9.2093,1.7966,3.4321,72.4909,87.2238,1.4741,92.023,76.7696,7.9552,,68.1696,92.5474,262.0,219.8,1419.542,83.8931,6.6833,0.0864,0.05,58.2589,101.85,0.98,3.8,16.3869,,,15.3259,-0.5939,79.0493,21.51,1,10.3666
23202,愛知県,岡崎市,市,384654.0,24.4781,1.2984,8.3006,7.8979,1.584,3.0866,73.2287,93.3871,39.2445,92.0932,77.0371,7.2603,75.5179,52.0657,86.765,387.2,157.13,993.4246,40.5811,7.9997,0.1273,0.07,56.0026,101.18,1.0,0.0,11.0815,81.0985,85.1104,18.4581,-0.378,84.7515,18.9781,1,11.3128
23203,愛知県,一宮市,市,380073.0,27.3667,0.9401,10.5464,8.8796,1.5881,3.3743,74.2721,96.2163,3.7321,95.3611,69.3176,6.2878,0.0297,69.3944,72.8626,113.82,113.82,3339.2462,100.0,12.5988,0.1845,0.1054,61.5076,104.72,0.77,3.4,8.8037,80.3231,84.3453,16.0495,-0.1037,85.2468,19.2068,1,6.5304
23204,愛知県,瀬戸市,市,127792.0,30.0806,0.7224,12.2892,6.6227,1.6183,3.3131,74.2818,90.1048,11.821,90.6146,90.8789,7.1368,0.1325,52.3038,83.4907,111.4,48.77,1147.1454,43.7792,6.5614,0.1435,0.123,64.1294,103.31,0.81,1.9,10.0335,80.8772,84.6453,13.3029,-0.3811,45.3863,27.3883,1,8.1618
23205,愛知県,半田市,市,117884.0,25.2195,1.4336,9.7593,6.966,1.784,3.5378,71.7583,97.3966,8.0475,98.8312,84.691,8.0625,,64.9443,86.2591,47.42,46.11,2485.9553,97.2375,11.5593,0.1735,0.1084,60.2447,99.98,0.96,0.1,11.1306,80.3701,84.278,17.8141,-0.442,61.9253,30.5385,1,8.8501
23206,愛知県,春日井市,市,308681.0,26.0595,0.6639,10.7332,5.0203,1.6026,3.3049,73.3943,96.1328,7.6916,95.6384,81.6566,6.2358,6.5336,80.1104,94.7655,92.78,75.81,3327.0209,81.7094,12.2543,0.2242,0.1055,52.7977,95.0,0.93,4.9,12.7711,80.418,84.5442,19.7615,-0.1808,34.6636,20.4094,1,12.0404
23207,愛知県,豊川市,市,184661.0,26.365,4.8662,9.8122,10.0192,1.6392,3.0382,73.5029,89.7418,9.3983,91.4059,77.1789,9.4851,,56.1458,83.1903,161.14,103.28,1145.9662,64.0933,5.4222,0.0484,0.0581,65.9931,107.34,0.79,-1.3,9.4199,,,16.7875,0.0948,96.3928,20.0367,1,15.7928
23208,愛知県,津島市,市,60942.0,29.7627,1.7641,12.2212,9.5738,2.0183,3.9472,72.979,95.4126,12.693,95.5819,82.6463,7.8308,,78.0477,46.4458,25.09,25.09,2428.9358,100.0,9.6851,0.1196,0.1196,63.8191,112.26,0.71,4.0,9.9987,79.8252,84.3322,22.9727,-0.0837,136.1951,22.9727,1,4.9572
23209,愛知県,碧南市,市,72458.0,23.9915,3.6632,8.2171,11.0977,1.8121,3.3539,70.8005,93.0524,5.392,95.0747,42.5011,6.367,,78.3862,95.8441,36.68,36.68,1975.4089,100.0,5.3708,0.1363,0.0545,66.5224,113.54,1.16,2.1,11.2517,80.3374,84.5507,17.9414,-0.1311,73.1458,11.0409,0,7.073
23210,愛知県,刈谷市,市,153834.0,20.6063,1.0638,7.8039,4.9449,1.3801,2.739,70.0491,97.7724,8.0463,98.5131,82.4335,7.5622,0.0324,87.7121,90.848,50.39,49.9,3052.8676,99.0276,12.004,0.0401,0.1002,45.9154,93.48,1.24,-2.2,13.3518,80.9514,84.6688,11.0509,-0.0267,53.3042,17.5514,1,8.8758
23211,愛知県,豊田市,市,422330.0,24.7592,1.6578,6.9349,8.1916,1.4292,2.8021,70.0554,83.9674,7.9763,88.1531,67.5489,9.6336,70.705,46.3707,68.9143,918.32,293.65,459.8942,31.9769,4.645,0.0647,0.0477,55.2301,102.56,1.34,1.6,16.0092,81.2426,84.9237,14.9172,-0.2164,66.0621,17.0483,1,11.0723
23212,愛知県,安城市,市,187990.0,21.8955,2.1784,7.302,8.4249,1.4128,2.8845,72.1257,89.7494,2.9553,95.0966,80.1214,7.8685,1.2357,82.4056,83.7577,86.05,86.05,2184.6601,100.0,7.6002,0.0581,0.0581,48.1579,101.16,1.25,0.4,13.9082,80.9029,85.2854,15.4264,-0.8899,48.9388,21.2777,1,6.1704
23213,愛知県,西尾市,市,169046.0,25.9353,4.6232,7.9503,14.8231,1.6788,3.1668,73.3184,79.3717,4.701,84.5979,74.3471,9.7339,1.406,78.6499,53.6535,161.22,136.32,1048.5424,84.5553,3.7852,0.0367,0.0367,73.6593,126.78,0.94,1.1,14.1033,80.3753,84.9315,14.7889,-0.1514,124.2265,17.1551,0,5.2194
23214,愛知県,蒲郡市,市,79538.0,30.0601,4.0575,11.8527,12.5457,1.9337,3.6336,73.1629,93.74,5.3899,91.5323,87.9011,7.3526,,52.6862,69.1123,56.96,39.71,1396.3834,69.7156,8.3102,0.0755,0.0755,68.4949,117.15,0.8,-0.3,11.9317,,,18.8589,-0.0113,100.5809,0.0,1,3.027
23215,愛知県,犬山市,市,73090.0,29.4827,1.2097,10.5089,8.4167,1.6281,3.3216,73.3969,87.6333,4.8642,89.1474,95.4367,9.7339,0.1712,65.0884,87.7656,74.9,40.95,975.8344,54.6729,6.3004,0.1221,0.0488,70.7544,109.87,0.85,4.4,9.7042,81.017,85.3564,13.6818,-0.3516,75.2497,27.3635,1,5.4255
23216,愛知県,常滑市,市,58710.0,25.89,2.679,9.9279,7.8697,1.3541,2.7506,72.1228,82.8475,5.0714,89.163,48.2738,8.5177,,61.1802,74.7829,55.9,51.49,1050.2683,92.1109,4.8942,0.0194,0.0194,66.8161,105.54,0.93,11.6,9.7535,80.401,84.5546,15.3296,-0.247,18.7362,8.5164,0,13.506
23217,愛知県,江南市,市,98255.0,27.9553,0.7977,10.5135,8.3844,1.6559,3.345,74.3022,97.0803,9.972,95.6179,56.9871,4.9302,,68.1394,70.5538,30.2,30.2,3253.4768,100.0,11.4238,0.0662,0.1325,62.6394,109.2,0.75,3.2,9.9024,80.9183,84.5325,21.373,-0.117,71.2432,13.2309,0,5.4405
23219,愛知県,小牧市,市,148831.0,25.4797,1.033,9.0717,6.8613,1.7678,3.6036,71.7327,94.73,12.804,96.0923,92.4467,7.3864,,82.1021,85.7566,62.81,56.06,2369.5431,89.2533,7.9736,0.1605,0.0714,47.5349,94.93,1.18,0.8,16.2318,80.6991,84.8952,10.7504,-0.0255,56.4399,18.8133,0,10.5086
23220,愛知県,稲沢市,市,134751.0,28.105,3.782,9.7074,10.6513,1.6,3.0915,74.155,85.646,6.0255,90.0058,69.5988,6.481,,66.0677,66.1702,79.35,79.35,1698.1853,100.0,5.482,0.0504,0.063,64.4737,111.8,0.84,2.6,9.8558,80.3326,84.7304,14.8422,0.0527,109.0901,23.0054,0,5.1658
23221,愛知県,新城市,市,44355.0,37.598,7.9889,11.8966,17.1157,1.4136,2.6101,76.5381,58.6255,24.7662,64.0672,80.328,21.141,,33.1103,25.6978,499.23,85.55,88.8468,17.1364,1.6365,0.0,0.0351,86.5551,142.66,0.53,7.1,7.3533,,,13.5272,-0.7282,160.0721,27.0544,1,19.7631
23222,愛知県,東海市,市,113787.0,22.8302,2.1127,9.11,5.0872,1.4545,2.8684,71.1816,99.4554,11.0105,99.3221,92.7981,8.3385,1.1361,56.2182,92.2715,43.43,42.58,2620.0092,98.0428,9.5115,0.0705,0.0705,48.304,90.52,1.26,-0.3,9.8729,,,15.819,0.239,50.9724,14.0614,1,11.0443
23223,愛知県,大府市,市,93123.0,21.6361,1.438,7.5299,6.2523,1.2489,2.5235,72.6628,97.6019,3.7473,98.3075,85.4354,10.5664,10.239,47.6071,88.8014,33.66,32.64,2766.5775,96.9697,8.2721,0.0613,0.0919,55.8619,99.67,1.12,-0.8,13.4479,,,13.96,-0.3737,48.3232,23.6247,1,10.3737
23224,愛知県,知多市,市,84364.0,28.4368,1.7936,9.9635,7.366,1.5943,3.2507,74.1831,95.7478,7.4558,94.5584,88.4024,5.8908,,56.6125,95.571,45.9,43.47,1837.9956,94.7059,4.6469,0.092,0.023,64.2796,105.48,0.92,1.4,9.1546,,,22.5215,-0.4967,69.935,27.2628,1,8.6517
23225,愛知県,知立市,市,72193.0,20.4517,0.7438,7.761,5.8476,2.1512,4.1173,70.0022,97.683,26.5293,96.6009,91.7656,8.4457,0.477,64.6136,99.9865,16.31,16.31,4426.3029,100.0,10.6683,0.2452,0.1226,44.2775,89.26,0.95,1.9,9.6814,80.901,84.7654,16.6221,0.4072,40.1701,18.0073,1,2.8215
23226,愛知県,尾張旭市,市,83144.0,26.2261,0.5649,10.0958,5.2675,1.5311,3.1242,73.9842,99.0028,25.8905,96.9912,94.7629,2.9232,20.894,93.0289,99.1833,21.03,18.11,3953.5901,86.1151,12.5897,0.2209,0.0552,59.9941,99.74,0.84,3.3,11.2471,81.2254,85.0887,14.4328,-0.1119,33.6765,16.8383,1,48.6893
23227,愛知県,高浜市,市,46106.0,19.3791,0.8599,7.1934,8.2524,1.7416,3.2587,70.6458,93.7412,31.7102,97.8389,88.884,6.2026,,71.1133,98.1801,13.11,13.11,3516.8574,100.0,8.0092,0.2288,0.0763,59.5225,102.32,1.01,0.4,12.2832,79.8983,84.2985,13.0135,-0.1909,47.7161,26.027,0,2.6838
23228,愛知県,岩倉市,市,47983.0,25.2033,0.9674,10.8809,5.3217,1.7819,3.7045,73.7833,99.7416,5.5665,100.0,70.8666,3.6559,,80.7993,96.2818,10.47,10.47,4582.9035,100.0,15.8548,0.191,0.0955,42.577,90.33,0.74,4.0,14.8032,80.5712,84.7531,8.3363,-0.075,79.1947,18.7566,0,1.0883
23229,愛知県,豊明市,市,69295.0,26.2221,1.0354,9.8662,6.0683,1.4994,3.0757,72.9153,97.7472,2.8047,96.5018,84.6655,8.3206,15.8125,85.9462,97.8438,23.22,22.13,2984.2808,95.3058,6.9137,0.1808,0.0904,54.6853,95.85,0.84,-0.2,11.9695,81.2276,84.5842,23.0897,-0.0289,50.5087,24.5328,0,10.1395
23230,愛知県,日進市,市,91520.0,20.2557,0.7068,6.942,4.8275,1.1549,2.3757,74.9754,98.1024,13.9432,95.7563,93.8303,6.1825,23.3127,83.8936,86.3883,34.91,28.61,2621.5984,81.9536,7.6197,0.1398,0.1398,55.5975,99.58,1.0,1.0,11.9657,81.9737,84.9546,14.2045,-0.0448,36.0577,27.3164,0,7.9036
23231,愛知県,田原市,市,59360.0,29.7766,28.8176,7.5968,20.4541,1.3292,2.2269,73.8434,48.5356,9.6652,62.0695,72.5056,16.1142,,55.3202,37.8948,191.11,137.74,310.6065,72.0737,1.6408,0.0,0.0218,74.9755,133.72,0.93,4.0,11.3403,,,20.2156,0.2813,190.3639,26.9542,0,63.4325
23232,愛知県,愛西市,市,60829.0,31.5126,7.1459,10.2351,15.2467,1.8182,3.4527,74.4827,86.9795,7.4869,82.218,59.8825,8.6513,,75.5516,20.0655,66.68,66.68,912.2525,100.0,2.1746,0.045,0.045,85.1213,130.8,0.59,4.2,9.3702,80.3162,84.1534,9.8637,-0.0543,167.6832,13.1516,0,9.0996
23233,愛知県,清須市,市,67352.0,23.469,1.0605,8.5135,6.3376,1.6302,3.2742,73.9708,97.9677,5.6724,98.2558,91.707,8.054,5.9607,82.3598,97.1735,17.35,17.35,3881.9597,100.0,10.4323,0.0576,0.0576,52.399,99.85,0.78,1.7,11.5477,80.2456,83.8492,14.8474,-0.196,80.1758,11.8779,0,4.1682
23234,愛知県,北名古屋市,市,86385.0,23.8325,1.0158,9.9044,6.13,1.5188,3.0898,73.5958,97.8703,5.9208,99.8317,92.8939,5.9728,14.9329,78.7804,75.8196,18.37,18.37,4702.5041,100.0,12.6293,0.2722,0.0544,53.7347,95.61,0.83,5.8,10.6664,80.7942,84.5665,20.837,-0.3681,49.7772,20.837,0,0.4807
23235,愛知県,弥富市,市,43025.0,26.2294,3.8799,8.3226,10.8698,1.8524,3.6044,72.3985,84.9468,1.6631,83.5818,80.1417,9.8206,0.4771,79.4798,79.7641,49.26,49.17,873.4267,99.8173,2.6032,0.0,0.0407,66.2252,122.54,0.92,5.1,8.3286,80.3842,84.4178,11.6212,-0.0581,76.6996,25.5665,0,3.4116
23236,愛知県,みよし市,市,61952.0,18.8956,1.5883,5.8977,6.3169,1.2461,2.3983,71.8183,85.617,7.0123,92.7318,81.2631,6.8003,0.4194,90.3445,78.6486,32.19,30.68,1924.5728,95.3091,4.7262,0.163,0.0326,58.7393,101.68,1.34,2.3,20.3702,81.1862,84.9309,14.5274,-0.1017,50.0387,12.9132,0,16.2708
23237,愛知県,あま市,市,86126.0,25.9149,1.3036,10.5404,8.4735,1.7277,3.4308,73.9077,99.371,12.4426,97.0689,77.5734,5.8397,2.036,84.0046,57.1348,27.49,27.49,3132.9938,100.0,6.0386,0.1455,0.0728,67.7165,110.9,0.68,6.4,8.7242,79.4116,84.0051,17.4163,-0.1126,90.565,22.0607,0,1.5208
23238,愛知県,長久手市,市,60162.0,17.2549,0.7393,5.4304,3.482,1.2333,2.5458,72.6345,94.254,8.5676,95.2943,96.0035,8.1442,32.2107,80.5485,96.0614,21.55,17.46,2791.7401,81.0209,9.7365,0.1718,0.1145,38.8155,87.94,1.03,-0.7,13.7827,81.5404,85.1006,14.9596,0.4737,31.5814,34.9058,0,32.5868
23302,愛知県,東郷町,町村,43903.0,22.7503,1.1791,8.3239,5.8172,1.3029,2.6373,74.2035,98.1013,15.639,99.3779,93.3508,9.6526,27.311,78.0597,95.3242,18.03,16.74,2434.9972,92.8453,5.675,0.0597,0.0597,62.2685,104.43,0.85,1.9,10.25,80.7572,85.0931,6.8332,0.1526,31.8885,15.9442,0,5.0269
23342,愛知県,豊山町,町村,15613.0,21.9828,0.7855,8.9004,6.2424,1.6076,3.082,72.0681,97.0978,11.3336,98.7911,92.0065,10.1454,31.491,96.7402,56.4063,6.18,6.18,2526.3754,100.0,13.9159,0.1618,0.0,46.8892,95.2,1.09,0.0,12.7366,80.1039,83.2854,19.2148,0.301,70.4541,32.0246,0,2.8608
23361,愛知県,大口町,町村,24305.0,23.1827,1.2106,7.5189,9.4779,1.5758,3.078,73.7158,90.5748,8.9418,96.8392,91.6303,12.1314,,85.7059,81.2834,13.61,13.61,1785.8193,100.0,4.7024,0.147,0.0,67.4636,110.49,1.11,1.2,11.0712,80.847,84.6096,12.3431,-0.5472,57.6013,28.8007,0,2.5522
23362,愛知県,扶桑町,町村,34133.0,25.9686,1.1176,9.1078,9.2486,1.582,3.1102,74.218,95.6324,,95.588,61.0512,4.9495,,69.5609,88.0801,11.19,11.19,3050.3128,100.0,11.5282,0.0894,0.1787,68.7738,109.63,0.75,0.6,11.6962,80.6573,84.4583,14.6486,0.2549,58.5943,8.7891,0,4.301
23424,愛知県,大治町,町村,32399.0,20.7525,1.0949,8.2738,6.1682,1.7161,3.5376,73.5267,99.0695,54.6699,99.8253,36.7606,6.3486,13.512,67.2016,55.654,6.59,6.59,4916.3885,100.0,10.7739,0.3035,0.0,58.6831,101.02,0.78,1.6,10.6274,79.8403,83.7679,12.3461,0.3457,70.9898,15.4326,0,0.337
23425,愛知県,蟹江町,町村,37338.0,25.8612,0.8847,10.6592,6.9279,1.615,3.1135,72.0484,95.8334,20.4423,96.5613,69.8412,7.9876,25.9085,70.406,75.3631,11.09,11.09,3366.817,100.0,16.2308,0.0902,0.0,43.8042,93.17,0.81,4.1,10.4637,80.3741,84.4993,21.4259,-0.2357,88.3818,10.7129,0,3.8491
23427,愛知県,飛島村,町村,4575.0,29.9936,9.5238,6.6534,22.821,1.4208,2.599,75.8081,56.1862,,54.832,47.7364,52.3226,,77.8281,67.8843,22.43,22.43,203.9679,100.0,0.9362,0.0,0.0,,,1.94,-0.9,10.7521,80.5745,85.0063,43.7158,1.7268,174.8634,21.8579,0,15.4649
23441,愛知県,阿久比町,町村,28383.0,26.552,2.8939,8.559,10.7828,1.441,3.0054,77.2068,84.0905,5.427,96.7712,83.9214,16.1677,,57.6567,92.2079,23.8,22.32,1192.563,93.7815,3.5394,0.0448,0.0448,75.7852,118.13,0.71,4.0,14.9898,80.8895,85.108,17.6162,-0.1903,105.6971,14.0929,0,3.0472
23442,愛知県,東浦町,町村,49596.0,25.8505,1.9078,9.4668,6.9633,1.5989,3.1841,73.3151,96.0891,3.9824,92.1001,91.7124,9.723,,57.7922,93.4135,31.14,29.55,1592.6782,94.894,3.8917,0.0,0.0338,66.2887,103.42,0.87,-0.4,10.0513,,,24.1955,0.0867,70.5702,6.0489,0,8.4119
23445,愛知県,南知多町,町村,16617.0,40.2884,17.837,14.9563,17.0118,1.342,2.4557,75.8206,76.2774,1.4415,63.5129,57.9616,12.5562,,32.4965,52.1239,38.23,27.45,434.6586,71.8022,3.388,0.0,0.0364,85.873,131.42,0.47,5.4,15.6717,79.7175,84.8165,12.0359,-7.6247,373.1119,0.0,0,2.6322
23446,愛知県,美浜町,町村,22496.0,32.9331,6.2606,10.8347,10.371,1.6092,3.1188,70.3635,62.243,7.3844,80.1674,54.4867,14.8529,,28.886,58.8804,46.2,34.8,486.9264,75.3247,1.8966,0.0,0.0287,76.6262,127.24,0.62,1.5,8.2687,80.7562,84.4804,8.8905,-3.0494,191.1451,31.1166,0,5.1769
23447,愛知県,武豊町,町村,43535.0,25.2202,1.5953,9.5312,6.0964,1.5183,3.0254,72.6649,92.4245,4.4844,91.3074,78.0785,7.0462,,41.2153,47.4468,26.37,23.94,1650.9291,90.785,4.8872,0.0,0.0418,72.07,105.31,1.05,-1.7,26.3513,80.5709,84.9212,9.188,0.3859,55.1281,29.861,0,13.7224
23501,愛知県,幸田町,町村,42449.0,22.0092,3.2001,5.7583,10.6043,1.4606,2.7755,73.2773,82.6275,5.8822,92.9398,36.1828,17.6128,0.8857,60.9759,51.5794,56.72,32.51,748.3956,57.3166,2.8607,0.0923,0.0308,66.6451,111.91,1.04,0.6,13.8016,81.3428,85.3423,2.3558,-0.3722,75.3846,11.7788,0,11.0592
23561,愛知県,設楽町,町村,4437.0,51.8863,18.5065,20.6859,16.9298,1.0593,2.1335,81.964,42.4561,2.156,7.4511,51.7629,37.6687,,15.4399,,273.94,27.38,16.197,9.9949,0.5478,0.0,0.0365,,,0.23,5.4,7.8939,,,0.0,-0.586,202.8398,22.5378,0,116.5637
23562,愛知県,東栄町,町村,2942.0,50.6849,6.622,24.7479,13.8867,1.0197,2.1834,82.473,49.3582,2.6479,42.8098,74.2367,24.0797,,13.3478,,123.38,11.31,23.845,9.1668,1.5031,0.0,0.0,,,0.18,8.7,4.6124,,,33.9905,-0.2039,305.9143,101.9714,0,0.0
23563,愛知県,豊根村,町村,1017.0,49.8442,12.8049,21.6092,12.8736,0.885,1.7964,85.1931,16.0481,15.7747,,81.2695,50.6828,,12.3961,,155.88,10.8,6.5242,6.9284,0.3704,0.0,0.0,,,0.26,8.2,4.6928,,,0.0,-0.295,,0.0,0,0.0
24201,三重県,津市,市,274537.0,30.1162,2.4753,12.2162,7.0648,1.543,3.1863,73.9742,83.4045,24.6358,79.9704,80.9551,12.6456,69.1448,41.0607,77.8417,711.18,295.84,386.0303,41.5985,2.9475,0.0946,0.0406,66.6838,105.71,0.67,4.7,9.2017,80.4722,84.2031,11.656,-0.3431,178.1181,55.0017,1,8.0054
24202,三重県,四日市市,市,305424.0,26.2623,1.2531,10.6299,6.5621,1.367,2.9059,73.4016,91.8444,35.1361,92.112,85.8005,8.6198,72.5715,51.9451,92.5995,206.5,178.25,1479.0508,86.3196,6.0252,0.1403,0.0729,55.8649,100.65,1.14,1.9,11.7296,80.1652,85.1926,17.0255,-0.443,79.5615,35.6881,1,10.4733
24203,三重県,伊勢市,市,122765.0,32.8703,2.403,14.4434,8.4826,1.6275,3.3021,75.0707,81.8994,32.9438,80.593,79.0038,12.4259,66.7084,37.9849,91.3862,208.37,98.8,589.1683,47.4157,6.7004,0.081,0.081,72.7273,106.4,0.57,4.2,8.7669,80.5067,84.6765,12.2185,-0.3511,122.1847,39.9137,1,9.712
24204,三重県,松阪市,市,159145.0,30.7458,3.3915,12.9481,9.5822,1.6884,3.3538,75.9467,78.4982,22.5253,74.8287,66.5851,14.1009,58.7263,39.0778,79.5773,623.58,196.64,255.2118,31.534,4.2107,0.1017,0.0254,68.6722,107.85,0.59,3.6,8.8976,80.0365,83.9378,19.4791,-0.2564,141.3805,35.8164,1,12.0076
24205,三重県,桑名市,市,138613.0,27.3814,1.5949,10.3616,7.9986,1.414,2.7879,74.2507,84.5887,17.8873,88.5588,87.9834,10.1577,62.0494,58.7646,88.0426,136.65,106.91,1014.3652,78.2364,4.5085,0.1497,0.0468,67.9232,113.99,0.8,7.7,8.2169,80.8178,84.8915,20.9216,-0.4242,125.5294,41.1217,1,9.5539
24207,三重県,鈴鹿市,市,195670.0,25.9396,2.4954,8.3317,7.6553,1.6727,3.3601,73.9465,85.0615,10.5543,85.5165,70.7473,9.1436,68.2401,52.6727,88.8036,194.46,158.58,1006.2224,81.5489,3.5187,0.0631,0.0378,64.3086,106.8,0.86,0.7,10.1721,,,17.3762,-0.2259,101.7018,29.6417,1,10.7111
24208,三重県,名張市,市,76387.0,34.2042,2.206,11.6154,7.8476,1.7555,3.5919,77.2652,75.914,25.0666,74.8817,85.6134,5.9163,51.4931,32.8142,96.051,129.77,61.42,588.6337,47.3299,3.5005,0.0326,0.0326,78.1391,117.02,0.63,15.8,5.8864,80.4105,83.8017,11.7821,-0.4516,116.512,48.4376,1,13.9478
24209,三重県,尾鷲市,市,16252.0,45.8273,5.4024,22.6608,4.1928,1.5014,3.3188,81.1103,84.5288,6.0984,71.0686,79.5241,15.5874,81.7402,18.3603,60.2531,192.71,17.13,84.334,8.889,7.2388,0.0584,0.0584,80.6109,100.36,0.34,10.8,5.4516,,,18.4593,-0.24,178.4396,67.684,0,6.7501
24210,三重県,亀山市,市,49835.0,27.3599,2.5119,8.4491,9.0856,1.3384,2.7077,75.9576,67.82,15.898,75.6844,74.6158,18.1375,53.4143,42.0958,75.1884,191.04,71.33,260.8616,37.3377,1.5281,0.0701,0.014,70.0628,111.72,0.82,2.5,12.2158,,,20.0662,0.0401,168.5562,26.0861,1,13.3234
24211,三重県,鳥羽市,市,17525.0,40.8503,12.6794,16.8207,13.0571,1.5977,3.0435,76.2938,54.0843,,54.6051,72.3433,17.4637,50.4721,21.4833,47.647,107.34,32.36,163.2663,30.1472,4.2027,0.0309,0.0309,75.2055,114.67,0.4,8.5,7.6691,80.0569,84.3026,22.8245,-0.9815,245.3638,39.9429,0,11.2316
24212,三重県,熊野市,市,15965.0,44.5911,7.6812,26.096,3.8795,1.7664,3.9053,79.2326,67.7528,2.9168,58.5844,69.1195,20.7551,56.0307,20.5219,57.1654,373.35,45.28,42.7615,12.128,2.2747,0.0221,0.0221,79.2066,94.79,0.25,4.6,5.0872,,,31.3185,-0.3508,344.5036,81.4281,1,12.6039
24214,三重県,いなべ市,市,44973.0,27.9258,2.4114,8.0419,12.6586,1.4431,2.6586,72.8672,50.297,9.7319,57.6675,44.9072,11.9348,43.3675,45.4512,6.8427,219.83,92.48,204.5808,42.0689,1.2327,0.0,0.0108,80.743,142.22,0.76,8.1,7.0715,80.1321,84.3187,11.1178,-0.5047,175.661,46.6947,0,8.2335
24215,三重県,志摩市,市,46057.0,41.6922,7.8229,17.8815,11.5044,1.7348,3.6224,78.068,71.287,13.2296,56.5051,62.7571,14.5656,43.6524,45.637,30.389,178.93,87.88,257.4023,49.1142,2.6969,0.0114,0.0228,84.8101,117.76,0.39,10.5,8.3509,79.3656,83.8224,21.7122,-0.7708,156.328,45.5957,0,6.859
24216,三重県,伊賀市,市,88766.0,33.8822,5.2003,11.6536,13.9772,1.5141,2.9405,76.0788,59.435,8.547,52.5739,78.6957,22.6441,51.0233,28.864,27.4159,558.23,218.75,159.0133,39.1864,1.1566,0.0091,0.0229,70.4468,126.8,0.6,9.4,7.2039,80.3167,84.8247,20.278,-0.7604,296.2846,43.9357,0,12.3757
24303,三重県,木曽岬町,町村,6023.0,33.2716,8.959,8.7568,15.1543,1.6935,3.1174,74.4044,69.0822,48.943,47.3689,20.3928,13.3001,8.7263,74.7825,95.614,15.74,15.74,382.6557,100.0,0.6989,0.0,0.0,,,0.47,4.9,8.7702,80.1743,83.8886,33.206,-0.7305,199.2363,16.603,0,11.698
24324,三重県,東員町,町村,25784.0,31.3453,1.1929,8.6957,10.4075,1.4117,2.7953,77.6436,87.3238,10.0458,91.033,86.3707,10.8502,70.8001,48.1759,77.6795,22.68,20.91,1136.8607,92.1958,3.1564,0.2869,0.0,89.8216,131.39,0.7,2.7,17.8196,81.276,84.625,15.5135,0.0233,93.081,19.3919,0,15.5828
24341,三重県,菰野町,町村,40559.0,26.4371,2.2775,9.2958,11.4195,1.3141,2.5765,75.1886,66.3781,19.8705,68.0528,70.9117,12.7692,56.1369,27.5121,18.4078,107.01,53.41,379.0207,49.9112,1.9659,0.0936,0.0187,80.0929,122.95,0.74,3.2,9.8986,80.7291,84.9687,17.2588,-0.1183,138.0705,32.0521,0,4.5651
24343,三重県,朝日町,町村,11021.0,18.3642,0.6395,8.2502,6.2546,0.9799,1.9908,75.443,85.6543,35.3885,88.5133,76.2129,7.561,46.8305,85.1351,88.0214,5.99,5.36,1839.8998,89.4825,3.3582,0.1866,0.0,,,0.7,7.4,12.1583,80.8963,85.1529,27.2208,0.6079,72.5887,9.0736,1,2.0808
24344,三重県,川越町,町村,15123.0,18.6793,0.728,7.0963,6.141,1.6068,2.8639,68.3757,85.8278,67.1923,96.0247,45.9758,13.1354,86.9072,82.25,64.4127,8.72,8.72,1734.289,100.0,4.3578,0.1147,0.1147,58.7519,106.85,1.2,2.3,12.7997,80.3436,85.2581,26.4498,0.5621,33.0622,6.6124,0,0.3144
24441,三重県,多気町,町村,14021.0,33.9654,9.3023,10.924,17.4628,1.4478,2.8148,78.9198,37.8991,2.402,36.9055,55.228,14.3375,31.1649,33.6161,14.6584,103.06,43.9,136.047,42.5965,0.8656,0.0,0.0228,,,0.49,3.9,11.1633,80.2277,84.4349,28.5286,-0.0499,249.6256,21.3965,0,24.752
24442,三重県,明和町,町村,22445.0,30.7124,4.4979,10.235,14.4634,1.6262,3.1607,77.9276,63.1816,14.854,46.9631,82.8132,15.064,54.4653,23.5151,82.4007,41.06,37.87,546.6391,92.2309,1.2675,0.0,0.0,84.9821,123.35,0.53,10.3,9.8858,79.6201,84.1603,4.4553,-0.1114,115.8387,40.098,1,13.482
24443,三重県,大台町,町村,8668.0,43.5144,7.3589,20.9206,10.667,1.4075,2.9829,78.3815,49.4911,9.1262,36.6727,65.7933,20.8703,29.405,22.067,,362.86,27.47,23.888,7.5704,1.1285,0.0,0.0364,,,0.24,8.1,7.8795,80.4012,84.1093,11.5367,-0.6345,449.9308,69.2201,0,0.0
24461,三重県,玉城町,町村,15041.0,27.987,6.029,8.9037,13.133,1.5956,3.0368,76.7565,64.0147,,56.5187,31.0861,14.8763,42.1084,48.7495,51.9966,40.91,28.32,367.6607,69.2251,0.9887,0.0,0.0,90.631,131.62,0.54,6.1,7.8444,80.0604,84.4908,13.297,0.3524,152.9154,46.5395,0,26.5751
24470,三重県,度会町,町村,7847.0,36.5594,5.7519,10.5479,21.0585,1.6949,3.3167,78.4704,44.7159,21.043,40.9012,68.2139,23.1963,36.0651,45.499,0.3318,134.98,20.87,58.1345,15.4615,0.7187,0.0,0.0479,,,0.34,3.6,11.646,80.466,84.5348,0.0,-0.5735,344.0805,12.7437,0,10.2577
24471,三重県,大紀町,町村,7815.0,50.3043,8.4214,23.8573,8.3161,2.0345,4.4575,80.8858,52.6997,14.3103,35.8973,31.1709,28.3095,31.4747,34.0223,,233.32,22.69,33.4948,9.7248,0.8814,0.0,0.0,,,0.19,12.0,6.2629,79.7299,84.3811,12.7959,-0.128,383.8772,63.9795,0,13.5393
24472,三重県,南伊勢町,町村,10989.0,52.9746,18.6262,25.7909,11.3842,1.638,3.6541,81.4104,40.1897,8.684,39.6412,64.9506,23.7279,34.802,35.0501,,241.89,35.84,45.4297,14.8167,1.0882,0.0,0.0279,,,0.2,10.6,6.2896,79.6556,84.0122,9.1,-1.1557,327.6003,100.1001,0,0.2576
24543,三重県,紀北町,町村,14604.0,45.0499,8.7799,22.9237,5.34,1.7256,3.6745,79.4469,68.1344,35.8551,49.9217,75.7752,13.7854,55.4985,32.4927,31.0425,256.55,31.33,56.9246,12.212,3.3514,0.0319,0.0,,,0.27,6.7,8.6404,,,20.5423,-0.5478,287.5924,47.9321,0,56.2071
24561,三重県,御浜町,町村,8079.0,40.5644,22.4121,22.8919,4.0,1.3368,2.6049,81.2665,53.7518,8.9553,34.5595,60.4909,29.4249,66.5963,39.0474,52.6361,88.13,31.16,91.6714,35.3569,0.8665,0.0,0.0321,,,0.27,8.2,6.3293,,,0.0,0.0866,235.1776,61.8888,0,22.0647
24562,三重県,紀宝町,町村,10321.0,37.4175,5.9866,20.4198,3.626,1.3855,2.8965,79.3503,42.9605,48.9193,50.5757,92.6393,13.2953,67.2384,32.3905,2.9244,79.62,18.88,129.6282,23.7126,1.2712,0.053,0.0,,,0.28,9.8,11.2088,,,9.689,-0.872,155.0237,29.067,0,8.1329
25201,滋賀県,大津市,市,345070.0,27.639,1.0553,11.1371,5.4712,1.7399,3.8068,74.1528,94.689,23.001,89.9707,83.573,8.9642,90.047,45.1133,83.332,464.51,123.73,742.8688,26.6367,8.2518,0.2829,0.1051,56.8764,99.59,0.77,1.4,9.5534,81.2101,84.5403,15.9388,0.3086,142.8696,37.0939,1,10.0487
25202,滋賀県,彦根市,市,113647.0,26.057,1.5895,9.3691,7.5493,1.6586,3.2854,72.6177,90.9436,16.3159,89.6685,70.4824,8.7068,81.9765,66.8413,73.7923,196.87,72.92,577.2693,37.0397,6.2946,0.1097,0.0823,60.4923,110.93,0.75,6.0,16.0162,81.0249,84.6756,18.4783,-0.0484,173.3438,42.236,1,13.3957
25203,滋賀県,長浜市,市,113636.0,29.2215,2.9641,9.9076,15.5011,1.6324,3.1366,74.7828,69.9556,13.847,63.2032,53.8438,12.6507,48.989,44.6975,44.1312,681.02,164.28,166.8615,24.1226,2.3557,0.0548,0.0304,75.0882,142.5,0.53,1.2,10.3967,80.5299,84.6898,11.44,-0.7612,352.0011,36.9601,1,15.7502
25204,滋賀県,近江八幡市,市,81122.0,27.9841,3.3498,9.6471,10.8936,1.6013,3.1657,74.9768,80.9295,5.159,79.7526,93.5685,10.1098,60.5839,55.8781,50.3754,177.45,80.01,457.1541,45.0888,3.4746,0.075,0.05,69.6434,113.57,0.64,1.1,8.6215,81.1196,84.6715,9.8617,0.4117,241.6114,55.472,0,4.4821
25206,滋賀県,草津市,市,143913.0,22.3783,1.3312,6.9089,4.9678,1.5322,3.4277,70.3641,96.9662,12.0054,94.6608,88.8882,7.2653,94.7928,83.5535,88.5141,67.82,46.31,2121.9847,68.2837,9.6955,0.2807,0.1296,40.6097,86.83,0.91,6.4,12.107,81.7243,85.505,15.9819,0.3585,86.1632,34.7432,1,5.7073
25207,滋賀県,守山市,市,83236.0,22.4294,2.1331,7.6569,7.8647,1.4489,2.9923,74.4684,92.2393,3.2191,89.215,77.8719,8.1039,76.1177,73.6198,70.5939,55.73,45.28,1493.5582,81.2489,4.7924,0.1325,0.0663,64.6806,111.65,0.8,4.7,15.5434,81.5671,85.3435,14.4168,0.0144,154.981,27.6323,1,13.7882
25208,滋賀県,栗東市,市,68820.0,19.3802,1.4832,7.1351,6.4115,1.5126,3.0427,74.202,89.2986,23.7131,89.9942,89.5687,8.8016,84.9631,68.3607,88.1664,52.69,29.58,1306.1302,56.1397,5.4429,0.2366,0.0676,54.691,102.74,0.96,12.3,12.0082,81.0525,85.1011,23.2491,-0.4374,116.2453,17.4368,0,3.4962
25209,滋賀県,甲賀市,市,88358.0,29.1718,3.5794,8.8368,13.1941,1.572,3.1079,74.4976,62.1551,6.4124,55.3063,79.5914,16.2962,49.558,41.2402,33.9758,481.62,156.14,183.46,32.4198,1.6972,0.0064,0.0256,76.0,131.04,0.63,6.5,10.579,81.2627,84.8498,21.5034,-0.2501,216.1661,38.4798,0,16.7354
25210,滋賀県,野洲市,市,50513.0,26.935,3.1187,8.1352,10.3854,1.459,2.9393,74.3899,83.2853,,78.5664,66.2797,11.123,69.0176,78.5112,72.3399,80.15,48.24,630.2308,60.1871,2.7985,0.0829,0.0207,65.5672,114.78,0.79,8.3,15.7683,81.4412,84.7112,21.7766,0.6295,213.8063,29.6953,0,65.7027
25211,滋賀県,湖南市,市,54460.0,26.1245,1.3394,7.9804,7.7399,1.6838,3.264,71.9665,82.1581,17.9483,84.7583,86.0287,12.3492,78.0104,69.4366,69.9753,70.4,33.08,773.5795,46.9886,4.1112,0.0605,0.0605,64.175,104.54,0.73,8.3,9.815,81.1043,84.6186,11.0173,-0.4297,88.1381,33.0518,0,35.0966
25212,滋賀県,高島市,市,46377.0,36.5485,6.0158,14.6472,12.7899,1.766,3.469,76.6558,56.865,11.842,52.2636,75.925,20.8247,39.8026,35.471,36.1195,693.05,117.76,66.9172,16.9916,1.4436,0.017,0.017,83.1868,137.32,0.37,9.6,8.9172,80.9402,84.9167,10.7812,-0.276,327.7487,58.2185,0,10.2562
25213,滋賀県,東近江市,市,112819.0,27.3692,3.8844,8.7816,13.8123,1.8898,3.7358,73.965,72.971,7.1928,65.8104,71.3427,10.7639,48.3174,47.2497,41.2915,388.37,163.32,290.4936,42.0527,1.9042,0.0306,0.0245,72.7378,130.04,0.6,8.6,11.152,81.4353,85.4614,23.9321,-0.2083,251.7306,38.1141,1,7.9921
25214,滋賀県,米原市,市,37225.0,30.4294,3.1941,10.2625,16.1717,1.5259,2.9021,75.6277,63.1764,5.0074,57.0599,51.2155,18.7746,52.852,44.3465,24.6641,250.39,65.48,148.6681,26.1512,1.1607,0.0153,0.0305,89.4208,147.96,0.51,4.9,11.5792,81.2032,84.8135,13.4318,-0.4298,402.955,59.1001,0,2.8145
25383,滋賀県,日野町,町村,20964.0,31.3216,5.0726,9.2574,15.8121,1.3929,2.7138,74.8243,48.1198,1.2621,36.3721,84.925,14.3362,49.905,33.1508,28.9533,117.6,56.2,178.2653,47.7891,0.7829,0.0712,0.0178,81.3602,150.0,0.65,6.5,17.1912,81.5876,85.2436,14.3102,-0.5676,438.8475,28.6205,0,5.042
25384,滋賀県,竜王町,町村,11789.0,30.3595,6.1627,8.6328,17.2429,1.6117,2.8032,71.8322,37.1777,4.7128,53.628,64.0385,24.8479,18.3142,47.1901,11.36,44.55,29.15,264.624,65.4321,1.3036,0.0343,0.0,,,0.98,6.3,12.2277,81.0552,84.5178,25.4475,-1.2045,390.1942,33.9299,0,77.5558
25425,滋賀県,愛荘町,町村,20893.0,23.0443,2.3544,7.276,12.5351,1.4072,2.9216,74.2728,60.5316,2.4911,62.9968,34.9952,9.6737,55.6141,45.1297,0.3541,37.97,28.73,550.2502,75.665,1.1486,0.0696,0.0348,75.0312,123.44,0.56,3.8,20.4165,81.1227,85.1944,23.9315,-0.3303,296.7501,28.7178,1,4.076
25441,滋賀県,豊郷町,町村,7132.0,28.0989,2.7654,10.8046,12.682,1.8929,4.1146,72.6543,74.2847,,84.1208,32.6411,10.0238,64.6678,36.2968,,7.8,7.8,914.359,100.0,1.7949,0.1282,0.0,,,0.42,2.0,9.5882,80.2223,83.4728,0.0,-0.4487,350.5328,28.0426,0,1.0269
25442,滋賀県,甲良町,町村,6362.0,34.8026,4.1424,12.2227,22.7252,2.0748,4.0968,75.0273,40.9388,,62.1902,28.4515,15.6993,32.8301,46.7862,22.5088,13.63,11.89,466.7645,87.234,0.6728,0.0,0.0,,,0.36,10.4,11.4028,79.8282,83.148,31.4367,-0.1886,455.8315,15.7183,0,19.9671
25443,滋賀県,多賀町,町村,7274.0,33.2839,4.1197,12.6299,17.0264,1.9384,4.0114,78.5406,52.5722,10.2399,66.7092,62.0084,19.2397,58.457,24.5219,35.1705,135.77,19.67,53.5759,14.4877,1.7285,0.0,0.0,,,0.55,7.3,12.7913,81.3302,85.3104,0.0,0.11,701.1273,27.4952,0,3.6345
26100,京都府,京都市,政令市,1463723.0,28.439,0.7607,13.0663,4.3025,1.8706,4.4693,67.4826,98.9363,97.6697,97.9209,93.9889,3.9083,94.7876,44.5525,98.9177,827.83,218.38,1768.1444,26.3798,38.5246,0.5083,0.2473,38.5804,72.84,0.8,11.8,11.1944,79.9744,83.8513,16.6698,-0.0994,152.078,56.773,1,5.253
26201,京都府,福知山市,市,77306.0,30.2222,4.3917,13.0906,7.3372,1.4294,2.842,75.8632,71.4357,52.5388,68.0957,78.0427,14.9688,83.309,38.8439,69.3983,552.54,131.89,139.9102,23.8698,2.7675,0.0303,0.0531,64.3646,119.26,0.51,9.9,7.9193,80.2803,84.3716,15.5227,-0.4502,172.0436,34.9261,0,24.2874
26202,京都府,舞鶴市,市,80336.0,32.478,3.4854,14.5934,7.1144,1.5186,3.1439,74.6201,70.3985,58.3586,73.9969,62.4622,11.9529,66.0634,38.0891,62.6175,342.13,73.08,234.8113,21.3603,5.0903,0.1095,0.0547,63.9924,103.42,0.62,12.8,7.5184,80.0584,84.7812,13.6925,-1.012,159.3308,32.3641,0,16.2295
26203,京都府,綾部市,市,31846.0,37.8767,7.5906,16.2932,9.5554,1.6988,3.4191,78.4339,57.4643,43.2227,52.7136,74.3763,20.3365,54.064,34.5677,55.8627,347.1,81.63,91.7488,23.5177,1.6416,0.0123,0.0245,68.6105,111.25,0.48,9.8,7.7319,80.2459,84.5807,9.4203,-0.1036,251.2089,56.522,0,24.2954
26204,京都府,宇治市,市,179630.0,30.162,0.7433,13.1027,5.3102,1.9885,4.4287,72.9441,99.3908,94.5163,97.946,84.3443,4.4018,93.466,45.884,99.2644,67.54,33.91,2659.6091,50.2073,12.8576,0.3539,0.1769,64.9016,91.53,0.7,0.0,7.3591,80.9904,84.9642,20.0412,-0.216,62.9071,29.5051,0,8.4773
26205,京都府,宮津市,市,16758.0,43.8346,6.5254,19.2572,10.0138,1.4322,2.9907,79.1419,68.6349,37.9421,57.9303,77.8235,26.5577,65.026,23.2744,34.429,172.74,34.84,97.0129,20.169,3.186,0.1148,0.0861,74.2532,130.1,0.38,16.1,7.831,80.312,84.8224,5.9673,-0.6146,298.365,65.6403,0,109.599
26206,京都府,亀岡市,市,86174.0,31.2926,4.1912,11.2191,7.9197,1.7418,3.7052,74.2429,85.0581,48.1252,83.9883,83.13,12.0365,67.3675,44.586,69.676,224.8,72.01,383.3363,32.0329,2.7218,0.0694,0.0278,76.0774,110.21,0.58,12.9,9.2609,80.8209,84.6592,13.9253,-0.13,184.5104,40.6155,0,8.8547
26207,京都府,城陽市,市,74607.0,33.8574,1.7851,12.9673,5.8151,1.6567,3.7078,74.6818,97.6336,66.8338,97.3619,92.9966,4.926,80.2333,67.0603,99.1861,32.71,22.72,2280.8621,69.4589,7.0863,0.3081,0.088,76.5957,94.84,0.59,9.7,8.14,81.2444,84.8629,18.765,-0.2319,65.6775,22.7861,0,6.7457
26208,京都府,向日市,市,56859.0,27.0474,0.979,12.4032,4.6448,1.7077,3.6917,74.6027,99.9744,96.3156,100.0,96.5561,3.9693,98.1627,94.0424,100.0,7.72,6.82,7365.1554,88.342,18.4751,0.4399,0.2933,62.0378,87.6,0.68,2.3,8.2516,80.7725,84.6222,12.3112,-0.1565,54.5208,31.6573,0,1.3003
26209,京都府,長岡京市,市,80608.0,26.5211,1.0215,12.2124,3.9214,1.7691,3.7013,73.7889,99.8973,97.2979,88.7577,97.2585,3.9382,97.1039,58.1727,99.8652,19.17,11.3,4204.9035,58.9463,19.2035,0.4425,0.2655,59.9574,85.35,0.76,2.6,8.819,81.2569,84.7149,12.4057,0.1054,45.9012,40.9389,1,3.3736
26210,京都府,八幡市,市,70433.0,31.8222,2.0472,14.1051,4.9266,2.0317,4.7153,72.8575,89.3731,74.2695,98.1293,94.0454,8.3572,82.1518,65.5308,98.5293,24.35,22.6,2892.5257,92.8131,5.3982,0.1327,0.0885,55.9624,95.38,0.63,3.6,9.035,80.4237,84.2953,17.0375,-0.2442,83.7676,34.0749,1,7.8077
26211,京都府,京田辺市,市,73753.0,24.7019,1.8961,8.3594,4.5823,1.482,3.4672,71.2288,97.269,58.7946,90.6901,87.8888,6.8842,75.1494,56.4714,95.9385,42.92,30.72,1718.383,71.575,5.013,0.293,0.0651,56.6273,93.27,0.76,0.5,11.4219,81.3149,84.8468,9.4911,0.3051,98.979,37.9646,0,6.1435
26212,京都府,京丹後市,市,50860.0,37.4145,7.3009,15.3636,14.9803,1.4668,2.7996,79.7671,50.5726,34.9871,49.2387,70.5257,19.398,38.8701,25.0324,14.1753,501.44,122.69,101.4279,24.4675,1.4834,0.0,0.0326,84.5764,148.43,0.29,12.5,7.3124,80.4835,84.8499,13.7633,-0.7216,290.9949,55.0531,0,6.4623
26213,京都府,南丹市,市,31629.0,36.0655,8.8878,12.875,10.7203,1.6314,3.405,71.9317,57.0343,39.9052,41.0925,73.6036,21.1569,54.1369,37.1145,50.7757,616.4,74.37,51.3125,12.0652,1.0085,0.0403,0.0672,70.2656,116.8,0.31,11.6,6.7961,80.2634,84.327,22.1316,-0.5849,398.3686,104.3346,1,68.1402
26214,京都府,木津川市,市,77907.0,25.2054,3.2852,9.2198,5.9203,1.625,3.7348,76.3975,92.154,65.7047,82.3117,87.2769,6.6354,90.7495,56.0774,86.7308,85.13,53.89,915.1533,63.3032,2.7092,0.0742,0.0371,67.7558,114.0,0.6,9.3,13.8282,81.4557,84.3477,10.2687,-0.2606,97.5522,32.0895,0,10.2779
26303,京都府,大山崎町,町村,15953.0,26.6711,0.9573,12.0183,4.0367,1.705,3.4439,75.9696,99.9095,95.3274,98.537,91.4231,7.4,98.5544,80.6452,100.0,5.97,4.15,2672.1943,69.5142,8.1928,0.241,0.0,55.1205,88.69,0.74,3.9,11.7614,81.0073,85.1369,25.0737,-0.0878,87.7578,25.0737,0,10.1415
26322,京都府,久御山町,町村,15250.0,30.9937,7.3122,13.3576,7.8118,1.7639,3.6789,71.5392,88.0277,72.8042,94.121,72.7215,49.2328,83.4737,67.1726,91.6142,13.86,13.66,1100.2886,98.557,5.0512,0.0,0.0732,55.8176,95.08,1.11,-0.5,13.477,80.0553,84.0842,6.5574,-0.8131,196.7213,39.3443,1,14.2735
26343,京都府,井手町,町村,7406.0,35.3126,3.3909,14.7785,9.6519,2.741,6.208,72.1152,97.9205,59.1789,85.6642,85.9964,10.9958,89.4841,25.4016,99.6768,18.04,7.08,410.5322,39.2461,1.6949,0.0,0.0,,,0.36,-0.8,8.571,80.1758,83.9204,27.0051,0.5671,229.5436,40.5077,0,28.8266
26344,京都府,宇治田原町,町村,8911.0,32.1214,5.262,9.5726,13.144,1.414,2.6038,74.9508,63.1384,29.1301,53.8625,45.6585,12.804,25.509,37.176,41.7523,58.16,14.41,153.2153,24.7765,1.2491,0.0694,0.0,,,0.56,8.0,10.272,80.3992,83.6193,33.6663,-0.7294,314.2184,0.0,0,7.0116
26364,京都府,笠置町,町村,1144.0,55.3763,5.3254,20.1149,11.4943,2.0105,4.3396,79.6949,50.4796,54.7834,20.2279,52.438,38.2959,6.25,23.2741,,23.52,4.71,48.6395,20.0255,0.8493,0.0,0.0,,,0.19,5.1,3.9429,80.4588,83.7896,0.0,-1.486,349.6503,174.8252,0,9.8444
26365,京都府,和束町,町村,3478.0,48.4424,24.9272,18.1554,19.1721,2.0702,4.0246,79.6083,54.2194,37.5564,47.9331,36.2678,21.4487,67.6506,16.9318,14.5849,64.93,15.47,53.5654,23.8257,0.1939,0.0,0.0,,,0.18,12.2,5.2758,80.1187,84.0584,0.0,-1.6964,373.778,86.2565,0,11.0883
26366,京都府,精華町,町村,36198.0,26.4209,2.104,8.2717,6.6292,1.4117,3.0828,75.0017,95.4202,53.3782,81.1052,91.0431,7.1391,83.3332,60.3452,97.4389,25.68,19.21,1409.5794,74.8053,3.0193,0.1562,0.0521,77.7859,118.61,0.7,11.8,10.1385,81.3356,84.5342,16.5755,-0.4199,80.1149,38.6762,0,15.6689
26367,京都府,南山城村,町村,2391.0,50.8378,16.7558,19.3548,14.2717,1.8402,3.7736,82.9345,36.9391,28.4215,,36.1074,25.6893,29.833,10.9019,,64.11,18.01,37.2953,28.0923,0.2776,0.0,0.0,,,0.2,8.5,6.7045,80.2498,84.3222,0.0,-0.4601,501.8821,209.1175,0,0.0
26407,京都府,京丹波町,町村,12907.0,44.4593,13.1173,17.3679,15.293,1.5805,3.0521,79.7745,27.7012,24.4619,25.7367,32.3942,37.6787,10.811,39.7345,9.4498,303.09,52.75,42.5847,17.4041,0.7393,0.0,0.019,,,0.27,16.8,6.2532,80.2536,84.1203,15.4955,-0.7825,534.5936,85.2251,0,53.4106
26463,京都府,伊根町,町村,1928.0,47.3354,26.114,21.3695,16.0567,1.0892,2.1298,81.6456,21.4121,10.622,8.4764,42.7057,14.8316,30.181,20.2995,,61.95,11.18,31.1219,18.0468,0.8945,0.0,0.0,,,0.1,8.2,6.8136,80.3462,84.3446,0.0,-0.4149,363.0705,103.7344,0,22.1722
26465,京都府,与謝野町,町村,20092.0,38.6004,3.5496,15.1553,14.4069,1.5728,2.9736,79.0052,74.8608,51.1409,69.6848,85.2713,15.0205,54.482,28.8473,25.9429,108.38,25.82,185.3848,23.8236,2.2463,0.0387,0.0387,78.9976,136.64,0.27,17.2,7.2877,80.1555,84.7775,14.9313,-0.6022,189.13,49.7711,0,12.6667
27100,大阪府,大阪市,政令市,2752412.0,24.5232,0.1067,14.5608,2.8788,2.0212,4.9315,67.2263,99.9901,99.4776,99.9845,98.2743,2.9859,7.738,89.7338,99.866,225.34,225.34,12214.4848,100.0,91.1911,0.7367,0.3816,18.9424,60.05,0.92,1.8,14.7042,77.2472,82.5836,20.1641,0.5846,70.7016,49.2659,1,3.4925
27140,大阪府,堺市,政令市,826161.0,28.3198,0.4713,14.1215,4.2554,1.9999,4.5433,72.8185,99.3029,64.7891,98.6477,89.5241,5.227,10.1326,71.7979,99.8559,149.83,145.88,5513.9892,97.3637,18.0011,0.2879,0.1645,43.8478,82.91,0.76,6.1,14.1644,79.2897,83.6346,0.121,-0.0847,57.4948,32.5602,1,8.827
27202,大阪府,岸和田市,市,190658.0,28.2992,1.4148,13.673,6.6636,1.9842,4.64,72.1905,99.1797,40.4148,97.6329,80.3957,5.5184,93.1789,64.1696,96.5865,72.72,53.3,2621.8097,73.2948,13.9024,0.4315,0.0938,57.6819,96.76,0.61,6.0,8.9547,78.4997,83.7582,14.686,-0.096,70.2829,34.617,1,9.6867
27203,大阪府,豊中市,市,401558.0,25.8072,0.27,14.5068,3.3373,1.7606,3.9347,72.9307,99.977,98.2792,100.0,91.0185,2.7623,98.3805,72.9206,100.0,36.39,36.37,11034.8447,99.945,35.8812,0.6874,0.2475,27.9574,75.74,0.85,2.8,9.3834,80.1094,84.3094,13.4476,-0.0381,37.1055,27.1443,1,6.5536
27204,大阪府,池田市,市,104993.0,27.2422,0.8558,12.0329,3.4692,1.8277,4.0013,70.6166,99.3675,62.7858,97.3969,92.5501,3.6749,99.026,76.6201,99.9908,22.14,16.62,4742.2313,75.0678,28.5199,0.4212,0.2407,37.6642,80.99,0.78,1.1,14.2009,81.2975,84.9255,15.2391,0.0933,67.6236,40.0027,1,12.7337
27205,大阪府,吹田市,市,385567.0,23.7503,0.1785,10.9873,2.6156,1.6303,3.6173,71.748,99.9922,78.1054,100.0,94.5422,3.2053,92.5991,77.5297,99.9568,36.09,35.71,10683.4857,98.9471,28.5074,0.8121,0.224,20.109,71.6,0.95,-1.2,13.8007,81.3391,84.9244,12.1898,0.5249,29.8262,28.7888,1,8.8961
27206,大阪府,泉大津市,市,74412.0,26.2588,0.2624,13.4559,4.4535,2.0561,4.5606,71.3095,99.9967,83.7049,99.9955,70.7392,5.0366,99.6895,96.2462,99.7547,14.33,14.33,5192.7425,100.0,22.7495,0.1396,0.0698,43.7481,82.94,0.69,8.5,13.0691,79.2126,83.6739,14.7826,-0.2298,59.1302,33.5967,1,3.2256
27207,大阪府,高槻市,市,352698.0,29.3332,0.5094,12.9195,4.0049,1.7774,4.0946,73.0869,99.219,63.7417,97.4052,83.8111,2.3508,93.8752,49.492,99.0962,105.29,55.8,3349.7768,52.9965,17.2581,0.3763,0.1613,52.0846,85.14,0.76,-0.8,8.7069,81.3589,85.2159,11.6247,0.146,53.8705,31.1882,1,5.8801
27208,大阪府,貝塚市,市,84443.0,27.6339,1.4998,13.388,6.6849,1.9954,4.2668,71.4791,98.5684,30.024,98.0552,96.1995,6.4866,89.9277,86.9771,92.2292,43.93,26.18,1922.2172,59.5948,10.0076,0.2292,0.0764,56.6914,95.3,0.63,4.7,9.6084,78.8875,82.8265,20.1319,-1.0315,75.7908,28.4215,1,8.3065
27209,大阪府,守口市,市,143096.0,28.4481,0.1968,15.6569,3.6515,2.1936,4.8206,71.1238,100.0,89.1184,99.8206,91.8901,3.609,97.9098,67.0991,99.9998,12.71,12.71,11258.5366,100.0,46.7349,0.3934,0.3147,41.2884,74.16,0.68,6.7,5.8209,78.3486,82.815,9.7836,0.4591,55.2077,27.9533,0,3.9048
27210,大阪府,枚方市,市,397289.0,28.9703,0.5022,11.5302,3.6557,1.7791,4.2135,73.6398,99.7039,74.5423,99.7306,86.9456,3.5617,93.8737,74.1359,99.8419,65.12,57.98,6100.8753,89.0356,16.6609,0.3277,0.1552,52.3712,85.58,0.76,0.0,8.6212,80.4672,84.1159,14.8507,0.0473,36.4974,24.9189,1,5.8084
27211,大阪府,茨木市,市,287730.0,24.1653,0.5522,10.588,3.675,1.7603,3.923,71.7623,97.6583,55.0324,98.4123,87.9124,3.2821,93.0508,62.4349,98.5402,76.49,49.2,3761.6682,64.3221,16.8699,0.4268,0.1829,32.1694,76.88,0.97,-1.7,13.4525,80.7243,84.6511,11.8166,0.2537,49.3518,28.4989,1,4.3405
27212,大阪府,八尾市,市,264642.0,28.3246,0.7531,14.956,4.7925,2.0235,4.6022,72.4334,99.8596,71.0445,99.0448,80.2578,2.9439,11.7134,77.9379,99.9932,41.72,36.9,6343.2886,88.4468,24.607,0.1897,0.1355,54.2995,85.18,0.7,3.7,10.4931,78.9907,83.1938,15.8705,0.0008,76.3295,25.3172,1,3.0653
27213,大阪府,泉佐野市,市,100131.0,26.4527,1.819,11.9795,5.6506,2.2021,4.5314,69.8761,98.4939,39.8603,94.843,92.2734,9.1833,86.4432,54.6651,89.6463,56.51,36.56,1771.9165,64.6965,12.8556,0.0547,0.0821,54.4965,94.67,0.86,9.9,7.1765,78.7558,83.0496,10.9856,-0.784,70.9071,48.9359,0,6.6187
27214,大阪府,富田林市,市,108699.0,31.3316,1.4418,14.0636,5.65,2.0267,4.5005,72.0759,97.4192,60.5101,93.5838,81.8062,6.4576,87.2734,65.1554,91.1572,39.72,36.73,2736.6314,92.4723,6.5069,0.4901,0.1361,51.7939,93.63,0.6,-1.1,7.6856,79.3168,83.8973,19.3194,-0.9467,75.4377,42.3187,1,16.9688
27215,大阪府,寝屋川市,市,229733.0,30.1256,0.3547,14.6813,3.9879,2.2448,5.1193,72.5905,99.7494,99.0461,99.5983,91.2747,5.0266,99.2924,70.7343,99.433,24.7,23.9,9300.9312,96.7611,32.7615,0.251,0.2092,47.418,81.12,0.62,-0.9,7.6687,78.7713,83.5581,15.6704,0.1323,35.6936,24.8114,0,5.7164
27216,大阪府,河内長野市,市,101692.0,36.8623,1.1251,14.3259,5.4671,1.894,4.4528,75.8183,93.1271,64.5221,82.3046,89.3345,6.7888,84.5311,36.8471,98.0623,109.63,34.42,927.5928,31.3965,5.9558,0.2324,0.0872,71.2355,109.7,0.57,2.1,8.6014,80.5002,84.2819,22.6173,-0.2763,52.1182,32.4509,1,20.7131
27217,大阪府,松原市,市,117641.0,30.0988,0.4701,15.0724,5.0415,2.239,5.173,71.5477,99.8533,65.6323,99.3868,76.346,5.349,89.7858,80.6025,98.7154,16.66,16.66,7061.2845,100.0,23.3493,0.4202,0.2401,57.0029,86.87,0.58,3.9,7.5724,79.0309,83.0448,11.0506,0.3842,70.5536,32.3017,0,1.5656
27218,大阪府,大東市,市,119367.0,27.5254,0.229,13.0086,4.6427,2.3298,5.1197,70.3296,99.7841,73.5608,99.1714,90.9556,2.9974,98.1254,65.4895,97.7237,18.27,15.45,6533.4975,84.5649,22.2006,0.3236,0.3236,47.6664,78.97,0.7,6.5,9.5179,78.6423,83.1257,12.5663,0.0176,56.1294,33.5101,0,4.4635
27219,大阪府,和泉市,市,184495.0,26.0237,0.9105,11.1637,5.5322,1.8602,4.2157,73.3712,94.5035,60.6569,94.9677,88.5134,4.9084,87.3213,51.966,96.2969,84.98,51.68,2171.0402,60.8143,9.5008,0.1741,0.058,55.5541,94.98,0.7,7.0,8.1448,80.1711,84.0647,9.7564,0.1957,60.7063,33.6052,0,8.4707
27220,大阪府,箕面市,市,136868.0,25.5164,0.6695,11.1192,3.6374,1.5329,3.5377,73.2187,99.5972,43.4528,98.3024,94.2431,3.8369,96.9298,53.2263,96.7802,47.9,22.74,2857.3695,47.4739,15.8751,0.3078,0.2199,45.3273,89.74,0.89,2.7,12.0482,81.6177,84.9605,18.9964,0.4844,52.6054,40.9153,0,30.803
27221,大阪府,柏原市,市,68775.0,30.0738,1.0214,13.2118,4.6732,2.0211,4.3129,71.3119,99.1193,74.7508,97.7505,85.5678,3.7736,95.4134,60.8717,96.6221,25.33,17.99,2715.1599,71.0225,9.4497,0.1668,0.1112,58.7802,86.9,0.59,3.3,8.9612,79.6713,84.0029,13.0862,-0.0276,84.333,24.7183,0,5.014
27222,大阪府,羽曳野市,市,108736.0,30.3965,1.029,13.9146,5.3788,2.0913,4.5937,72.5385,99.5021,58.6795,98.7207,66.584,4.3251,86.8279,53.2854,87.3243,26.45,23.98,4111.0019,90.6616,10.4254,0.3753,0.0417,69.009,99.09,0.55,3.6,9.5671,79.17,83.8898,18.3932,0.0589,71.7334,22.0718,1,4.9561
27223,大阪府,門真市,市,119764.0,29.599,0.2847,16.9766,4.1748,2.5124,5.6511,69.2762,99.9955,83.7915,100.0,90.3407,7.4505,94.55,75.6985,100.0,12.3,12.3,9736.9106,100.0,50.4878,0.4065,0.1626,39.6433,71.69,0.66,3.7,7.68,77.8553,82.7351,15.8645,-0.1019,45.9236,24.2143,1,1.3866
27224,大阪府,摂津市,市,87456.0,25.6917,0.2713,12.0529,3.594,1.8718,4.0207,71.7989,99.9716,75.342,99.9983,94.0805,4.3705,99.864,83.6957,91.958,14.87,14.87,5881.3719,100.0,17.8211,0.2017,0.2017,38.766,74.65,0.93,-1.3,10.506,79.8283,83.7474,13.7212,0.1304,35.4464,21.7252,0,5.6551
27225,大阪府,高石市,市,55635.0,27.7403,0.3838,14.1824,4.4504,1.9556,4.3423,72.1935,100.0,72.0588,99.9986,96.1444,5.7504,94.6818,83.8928,99.7841,11.3,11.3,4923.4513,100.0,15.5752,0.0885,0.2655,51.1895,89.78,0.78,13.1,9.6782,79.6062,83.6536,8.9871,-0.3505,43.1383,30.5563,1,8.7211
27226,大阪府,藤井寺市,市,63688.0,28.756,0.4718,14.6221,4.1767,2.1197,4.5705,72.7393,99.938,81.1086,99.9692,68.9013,3.9413,98.485,75.673,99.996,8.89,8.89,7164.0045,100.0,36.4454,0.4499,0.4499,55.0521,88.25,0.6,1.9,9.2198,79.8397,84.0565,17.2717,-0.1083,81.648,26.6926,0,1.8856
27227,大阪府,東大阪市,市,493940.0,28.0312,0.2734,13.9681,4.4561,1.9276,4.7236,69.9557,99.9237,96.1077,99.6634,86.4085,2.9922,97.7451,73.2845,99.9919,61.78,51.7,7995.1441,83.684,36.9439,0.3288,0.2708,42.9561,76.37,0.73,6.5,8.2821,78.8771,82.9062,13.1595,0.2802,78.1471,30.5705,1,2.8488
27228,大阪府,泉南市,市,60102.0,29.8848,2.6319,13.3562,7.4914,2.4725,5.8104,72.2224,97.0338,29.8264,86.0527,89.4065,8.482,72.8143,61.8601,98.9914,48.98,26.59,1227.0723,54.2875,5.7164,0.1504,0.0376,64.512,99.32,0.68,9.6,8.2571,78.773,83.4677,19.9661,-1.6738,84.8557,64.8897,0,8.5653
27229,大阪府,四條畷市,市,55177.0,26.8789,0.4962,12.882,5.0536,1.8033,3.9517,71.8187,95.4326,85.2302,95.8866,86.3072,5.7096,94.5201,49.0123,96.8213,18.69,11.35,2952.2204,60.7277,16.7401,0.2643,0.0881,54.5857,89.81,0.57,5.5,9.9763,78.8141,83.7501,7.2494,-0.5999,74.3063,19.9358,0,12.9651
27230,大阪府,交野市,市,75033.0,28.2573,0.8024,12.0507,4.4246,1.7672,3.8601,74.6317,97.4952,76.2567,95.748,90.4109,5.9935,92.8482,56.8423,98.5246,25.55,15.94,2936.7123,62.3875,8.9711,0.2509,0.1255,66.8697,96.86,0.67,8.9,11.0,80.9629,84.9044,3.9982,0.3145,54.6426,21.324,0,2.1739
27231,大阪府,大阪狭山市,市,58435.0,28.1694,0.8949,13.1145,3.8781,1.4683,3.6102,74.5477,99.6479,56.318,98.0676,93.3221,3.1654,87.6244,60.8758,100.0,11.92,11.63,4902.2651,97.5671,14.4454,0.258,0.086,53.6416,94.71,0.64,3.0,9.6601,80.1799,84.4077,22.2469,0.1626,32.5148,37.6487,1,7.6589
27232,大阪府,阪南市,市,51254.0,34.4983,1.3891,14.5186,5.928,1.8125,4.3029,75.0616,92.3687,46.9557,86.1946,90.2555,7.048,63.4053,47.3227,91.6478,36.17,17.42,1417.0307,48.1615,6.6016,0.2296,0.0574,77.7399,106.94,0.51,7.4,9.1336,79.9554,84.2287,13.6575,-0.4897,68.2874,33.1681,1,17.591
27301,大阪府,島本町,町村,30927.0,28.0515,0.5085,13.3051,3.4323,1.6878,3.5556,76.1742,99.6763,41.0349,92.475,84.6958,2.2728,99.8098,24.2289,99.7096,16.81,6.76,1839.7977,40.2142,6.0651,0.2959,0.2959,41.5433,85.68,0.67,5.7,11.7901,80.3452,84.0443,9.7003,2.1535,42.0345,42.0345,0,3.913
27321,大阪府,豊能町,町村,18279.0,49.2163,2.2694,13.1485,6.9703,1.9585,4.5868,79.7649,82.4705,9.5643,63.4997,92.6309,5.1226,24.0991,45.7701,93.1574,34.34,12.13,532.2947,35.3232,1.2366,0.0824,0.0,97.4462,128.7,0.4,5.6,14.9552,81.5093,84.9881,21.883,-0.8808,114.8859,60.1783,0,30.865
27322,大阪府,能勢町,町村,9079.0,44.0329,10.6378,14.0055,13.2597,2.0267,4.0227,75.2402,39.7432,8.4587,25.1993,38.5683,19.6971,16.2901,47.8779,,98.75,21.35,91.9392,21.6203,0.8431,0.0,0.0468,,,0.34,15.1,7.532,79.8212,83.9136,0.0,-0.5948,693.909,77.101,0,0.0
27341,大阪府,忠岡町,町村,16567.0,28.4499,0.6226,14.3472,6.7132,3.0482,6.8133,71.7439,99.9899,46.4663,99.9979,55.6135,4.7484,94.0928,55.3625,99.9865,3.97,3.97,4173.0479,100.0,9.8237,0.0,0.0,72.4551,93.41,0.53,7.0,9.9405,79.6868,84.5334,6.0361,-0.7304,60.361,12.0722,0,4.7867
27361,大阪府,熊取町,町村,43763.0,29.7755,1.3245,10.2097,6.0108,1.7206,3.927,73.091,88.6254,59.5385,80.027,91.5569,3.5814,91.9564,70.4606,94.0,17.24,12.49,2538.4571,72.4478,7.446,0.0801,0.0801,73.8178,103.81,0.55,2.3,10.6636,79.9731,83.9281,11.4252,-0.1531,47.9857,45.7007,1,5.5728
27362,大阪府,田尻町,町村,8434.0,23.1956,1.2968,11.129,5.2829,1.5414,3.1401,67.8551,99.8404,84.7231,86.6184,97.4459,7.6436,94.8541,57.1446,99.2623,5.62,5.62,1500.7117,100.0,5.694,0.0,0.0,,,1.24,4.0,18.8298,79.3668,83.3537,11.8568,0.2846,106.7109,23.7135,0,7.5049
27366,大阪府,岬町,町村,14741.0,40.1832,2.2804,19.3734,7.6247,1.9334,4.7964,75.516,90.0708,30.3534,82.0805,68.5156,15.3828,38.4673,33.02,23.2792,49.18,13.92,299.7357,28.3042,2.0115,0.2155,0.0718,,,0.45,10.5,8.661,79.5361,84.2023,6.7838,-7.7267,162.8112,13.5676,0,81.7725
27381,大阪府,太子町,町村,13009.0,30.8203,3.3052,11.3185,7.4265,1.7219,3.6399,74.006,98.2381,52.0595,91.9337,91.3763,11.1064,72.5561,33.536,99.2678,14.17,8.99,918.0663,63.4439,1.4461,0.2225,0.1112,,,0.45,5.5,19.7148,80.3145,83.8144,23.061,-0.2921,115.3048,46.1219,0,3.4083
27382,大阪府,河南町,町村,15697.0,33.4728,4.574,9.8684,9.1635,1.5735,3.3999,73.8176,90.3282,24.7846,67.2178,93.28,8.1693,32.6783,30.0116,76.4846,25.26,13.21,621.4173,52.2961,1.7411,0.0,0.0,79.4025,122.75,0.42,6.0,9.5504,80.2725,84.143,25.4826,-0.4905,191.1193,57.3358,0,5.2382
27383,大阪府,千早赤阪村,町村,4909.0,47.0724,7.5379,15.1546,11.1856,1.6093,3.7229,77.1678,74.9073,15.5042,12.9491,66.1546,16.9137,44.2063,5.5953,,37.3,7.21,131.6086,19.3298,1.387,0.0,0.0,,,0.25,8.1,9.8183,79.5132,83.9127,0.0,-0.3463,224.0782,81.483,0,0.0
28100,兵庫県,神戸市,政令市,1525152.0,28.9629,0.7352,13.861,3.0374,1.8624,4.3023,72.3937,98.1776,24.5438,95.5151,94.7799,4.6014,93.7852,58.7126,98.7461,556.93,335.68,2738.4986,60.2733,23.8352,0.2949,0.1668,32.5075,77.5,0.76,4.4,15.3084,80.3617,84.8445,18.1621,-0.132,73.5009,50.6179,1,17.3072
28201,兵庫県,姫路市,市,530495.0,27.4137,0.9793,12.3596,7.0807,1.9225,3.9747,72.9817,90.992,8.9926,90.0911,81.6773,8.75,83.7728,50.1747,93.533,534.56,229.13,992.3956,42.8633,10.0249,0.1658,0.096,56.6989,103.49,0.85,3.0,11.09,79.4367,84.2088,17.5308,-0.1208,101.0377,30.9145,1,10.27
28202,兵庫県,尼崎市,市,459593.0,27.3879,0.2926,12.7507,3.8088,1.9643,4.6388,70.4775,99.9807,86.9086,99.9802,93.558,2.0982,99.6297,84.7427,99.9909,50.7,50.7,9064.9507,100.0,39.211,0.5325,0.2564,29.5824,66.21,0.81,9.7,8.9874,78.9703,83.7727,17.6243,0.3481,56.7894,23.7166,1,4.7545
28203,兵庫県,明石市,市,303601.0,26.1383,0.937,14.0717,3.2759,1.7371,4.0031,74.0796,99.4586,23.3868,99.2982,94.9792,3.9183,14.6369,81.3341,98.9994,49.41,47.99,6144.5254,97.1261,22.1088,0.6251,0.1667,43.5093,82.16,0.72,3.6,9.2941,80.1203,84.5711,15.8102,0.4519,49.7363,23.0566,0,7.1713
28204,兵庫県,西宮市,市,485587.0,24.6441,0.3491,11.9845,3.3975,1.6028,3.5982,72.0507,98.752,28.6305,96.2432,94.0585,2.5612,92.9521,63.8723,99.5969,99.95,63.1,4858.2991,63.1316,24.8336,0.935,0.2536,30.2308,79.37,0.93,4.5,12.439,80.8745,84.9754,11.5324,-0.1054,41.3932,33.9795,1,9.0337
28205,兵庫県,洲本市,市,41236.0,36.7401,10.084,17.535,9.6696,1.5933,3.3953,76.8644,70.3481,4.288,68.6303,33.4427,17.7671,44.8532,24.5304,16.8957,182.38,79.16,226.0994,43.4039,2.5644,0.0253,0.0379,68.4776,114.1,0.47,14.0,5.1208,79.9996,84.7151,16.9755,-0.7033,242.5065,60.6266,0,10.0098
28206,兵庫県,芦屋市,市,93922.0,30.135,0.2447,15.5409,3.2772,1.3682,3.3405,75.2541,98.2158,54.5558,96.5944,96.1525,2.0988,96.5736,72.6576,98.8221,18.47,11.29,5085.111,61.1262,25.9522,0.7086,0.3543,26.9159,95.31,1.05,6.3,11.4124,81.617,85.7582,15.9707,-0.3822,46.8474,46.8474,1,6.9266
28207,兵庫県,伊丹市,市,198138.0,25.7355,0.6859,12.8326,3.8927,1.7821,4.1812,73.0051,99.8848,33.6689,99.7982,92.7366,3.538,99.6469,87.2265,99.9308,25.0,25.0,7925.52,100.0,24.4,0.52,0.2,38.5642,79.91,0.77,4.5,12.3979,80.4608,84.7,16.6551,-0.1534,36.843,32.3007,1,6.4072
28208,兵庫県,相生市,市,28355.0,36.5771,2.4243,16.835,7.5728,2.5498,5.6445,75.6876,81.6705,1.098,78.1846,72.7446,11.2084,58.717,58.1483,73.2831,90.4,22.48,313.6615,24.8673,4.7153,0.3114,0.089,77.0779,117.39,0.52,14.0,8.7434,80.401,85.2296,24.687,-0.4056,141.0686,10.5801,0,15.6809
28209,兵庫県,豊岡市,市,77489.0,34.722,5.5876,12.532,15.7065,1.9216,3.66,77.3889,58.9154,10.659,64.0261,77.2199,17.3356,60.0391,25.0056,42.5796,697.55,143.69,111.0874,20.5992,3.5354,0.0278,0.0348,74.3563,138.92,0.38,14.1,8.4864,80.5316,85.1131,24.5196,-0.6311,267.1347,42.5867,0,11.5621
28210,兵庫県,加古川市,市,260878.0,28.6693,0.8039,11.307,5.569,1.756,3.7896,74.0442,93.224,18.9283,89.8077,77.617,8.7923,86.0517,41.8984,95.8226,138.48,102.48,1883.8677,74.0035,8.7822,0.1756,0.0585,66.1388,101.69,0.86,1.8,11.8692,80.3581,84.8596,19.5494,-0.0567,61.3314,22.2326,1,7.3863
28212,兵庫県,赤穂市,市,45892.0,33.9923,2.2287,13.6046,8.7201,1.7432,3.7868,74.9017,82.8527,3.3947,73.469,88.7983,8.5975,57.1534,41.5953,79.0411,126.85,46.13,361.7816,36.3658,4.4656,0.2385,0.0217,74.5649,121.04,0.64,9.7,9.3688,80.3319,84.8708,10.8951,-0.462,163.4272,41.4016,0,40.5021
28213,兵庫県,西脇市,市,38673.0,34.3512,1.9917,12.9341,14.149,1.4713,2.8666,77.2143,81.5383,0.8351,71.8632,76.7019,14.3772,39.1578,51.8162,57.3902,132.44,38.62,292.0039,29.1604,4.6608,0.0,0.0777,77.0091,140.12,0.44,8.7,7.2615,80.0161,84.3279,15.5147,-0.393,175.8333,54.3015,1,13.4125
28214,兵庫県,宝塚市,市,226432.0,28.7974,0.8581,13.1902,3.8756,1.6164,3.7151,75.263,98.9726,21.6114,90.9861,92.2897,2.4854,84.0273,39.0032,99.0717,101.8,45.34,2224.2829,44.5383,10.8513,0.4632,0.1323,43.0113,92.47,0.82,4.1,9.9515,81.2617,85.1402,18.9902,-0.0119,45.4883,39.3054,0,5.3511
28215,兵庫県,三木市,市,75294.0,35.3528,4.255,12.4909,9.4696,3.3402,6.76,74.7581,82.925,16.6876,81.1521,82.5009,14.3888,70.53,64.3395,77.2287,176.51,103.34,426.5707,58.5463,2.7772,0.0194,0.0387,79.0464,121.51,0.66,4.6,10.8462,81.0981,84.783,19.9219,-0.4184,96.9533,37.1876,0,46.2681
28216,兵庫県,高砂市,市,87722.0,29.8832,0.6083,13.303,5.1778,2.2731,4.8301,73.3682,97.2376,29.9836,97.866,81.5125,8.4938,91.8197,57.338,99.6937,34.38,30.03,2551.5416,87.3473,11.5218,0.0333,0.1332,73.1701,104.04,0.8,4.4,6.8829,80.028,84.4925,15.9595,-0.5495,88.9173,22.7993,0,7.9711
28217,兵庫県,川西市,市,152321.0,31.4803,0.7681,14.2369,4.5439,1.8691,4.3399,75.6297,99.1078,24.982,88.3743,89.9052,4.4399,84.7046,58.4854,99.9411,53.44,32.62,2850.3181,61.0404,11.588,0.2759,0.092,64.8963,101.01,0.65,8.3,12.3718,80.9019,85.207,15.7562,-0.1569,47.2686,22.9778,0,8.3097
28218,兵庫県,小野市,市,47562.0,29.4216,2.7693,10.6781,12.3538,1.9343,3.7887,74.4276,77.0288,2.1593,61.4685,86.1982,12.0944,62.8457,42.9589,48.4752,92.94,57.66,511.7495,62.04,2.8963,0.0347,0.0347,75.7119,128.3,0.7,6.2,11.4469,80.6589,84.7336,23.1277,-0.0946,103.0234,37.8453,0,14.4952
28219,兵庫県,三田市,市,109238.0,29.0305,2.2728,8.6292,6.4152,1.5562,3.3033,74.5145,87.2073,0.36,75.7487,87.1189,7.1891,67.1331,49.3695,91.6391,210.32,74.48,519.3895,35.4127,3.0612,0.2282,0.0806,49.4774,104.54,0.83,6.1,13.6878,81.4373,85.2472,13.7315,-0.2993,85.1352,45.7716,1,49.6027
28220,兵庫県,加西市,市,42700.0,34.6986,3.7224,10.4919,16.2495,1.5831,3.0644,74.6483,55.554,3.6738,46.0911,64.3709,15.4256,51.0218,46.3288,27.7072,150.98,85.26,282.8189,56.4711,1.0673,0.0,0.0235,75.3029,156.9,0.63,8.5,7.1741,80.4863,84.4939,32.7869,-0.1124,213.1148,37.4707,1,7.9781
28221,兵庫県,丹波篠山市,市,39611.0,35.869,10.8562,13.5864,13.246,1.4567,2.8031,77.563,52.6592,8.2395,50.2871,67.6853,18.3143,34.6523,31.2642,15.5276,377.59,95.88,104.9048,25.3926,1.7418,0.1147,0.0313,80.5031,144.16,0.41,14.9,12.26,80.4345,84.8189,27.7701,-0.5251,333.2408,32.8192,0,23.0255
28222,兵庫県,養父市,市,22129.0,40.0437,8.0466,15.5096,18.1025,1.7353,3.5117,79.1194,44.34,6.7042,36.9157,82.3825,26.2496,42.7735,35.9152,6.6885,422.91,67.28,52.3256,15.9088,1.085,0.0,0.0297,84.9367,157.75,0.24,7.4,14.5535,79.8553,84.1744,18.0758,-0.7547,338.9218,45.1896,0,8.7456
28223,兵庫県,丹波市,市,61471.0,35.4221,7.3861,12.91,17.2176,1.5861,3.0283,77.9773,57.4307,5.0264,43.5109,46.523,19.0197,30.1794,33.2755,5.8257,493.21,121.88,124.6345,24.7116,1.3538,0.0,0.0246,80.9792,146.07,0.43,6.1,10.292,80.4281,84.629,22.775,-0.3611,271.6728,53.6839,0,7.8398
28224,兵庫県,南あわじ市,市,44137.0,36.1285,21.9741,13.7911,15.7957,1.3345,2.4213,79.0989,65.3543,7.5208,49.9742,65.9456,18.266,40.2102,28.5823,14.8606,229.01,94.13,192.7296,41.103,2.1247,0.0425,0.0106,79.7281,131.76,0.39,13.1,12.1844,80.3376,85.09,33.9851,-0.5732,194.8479,43.0478,0,6.9514
28225,兵庫県,朝来市,市,28989.0,36.4106,5.504,13.5275,14.8829,2.1801,4.2536,78.8109,47.8965,3.6985,53.83,84.7969,22.5001,47.1135,38.2537,6.779,403.06,64.54,71.9223,16.0125,2.0917,0.0,0.0465,78.6038,146.7,0.39,11.6,9.1338,80.1017,85.2107,13.7983,-0.6106,400.1518,41.395,0,5.4946
28226,兵庫県,淡路市,市,41967.0,38.1067,15.1187,17.9964,10.9972,1.7776,3.6175,76.5,60.0259,13.717,57.0544,53.4878,29.666,49.9226,28.4546,1.4537,184.24,111.8,227.7844,60.6817,1.8962,0.0,0.0179,76.0694,110.57,0.36,14.2,6.3919,80.1463,84.6838,19.0626,-0.5647,252.5794,35.7424,0,62.2371
28227,兵庫県,宍粟市,市,34819.0,37.4291,4.3686,13.2001,18.6917,1.6744,3.1738,79.1667,53.4111,8.5771,47.4386,77.9391,17.4646,44.0223,28.5516,22.7856,658.54,72.09,52.873,10.9469,1.5952,0.0277,0.0416,82.7014,153.86,0.34,6.9,7.8933,79.9771,84.0339,31.5919,-0.942,258.4796,43.0799,0,120.0207
28228,兵庫県,加東市,市,40645.0,27.4716,4.3416,8.6249,10.9735,1.5279,2.8745,72.197,73.3248,0.785,67.8001,55.2075,19.0842,42.7956,48.7661,51.8412,157.55,80.06,257.9816,50.8156,2.011,0.0125,0.0125,65.9987,138.09,0.63,5.4,25.9454,80.5149,84.6849,27.0636,-1.0407,155.0006,39.3652,0,55.1655
28229,兵庫県,たつの市,市,74316.0,31.8684,3.0913,11.3723,12.6813,1.721,3.5411,74.9833,74.4146,4.863,69.6443,52.9056,15.4612,65.7755,56.8466,69.9186,210.87,82.98,352.4257,39.3513,2.2174,0.0,0.0241,79.5242,130.7,0.52,8.7,9.5656,80.0454,84.4127,20.1841,-0.4333,176.2743,25.5665,0,17.5294
28301,兵庫県,猪名川町,町村,29680.0,33.2646,2.5627,10.7042,6.9418,1.6307,3.5298,77.8987,79.9114,14.2815,65.9049,84.9369,7.9855,52.028,61.9071,88.5147,90.33,20.85,328.573,23.082,2.446,0.0959,0.048,84.6224,125.97,0.6,3.0,15.6525,81.4576,85.5284,23.5849,-0.6941,90.9704,37.062,0,54.2244
28365,兵庫県,多可町,町村,19261.0,38.5848,3.5887,10.6663,23.7164,1.7496,3.2766,78.0534,51.4613,8.1685,33.0903,61.7378,12.8264,25.6185,44.9423,14.7013,185.19,35.84,104.0067,19.3531,1.2277,0.0,0.0279,92.9915,171.18,0.34,11.6,7.1842,80.4119,84.7409,25.9592,-0.7165,254.4001,72.6857,0,17.9829
28381,兵庫県,稲美町,町村,30268.0,32.1939,3.7781,11.715,9.8153,1.9327,4.0398,75.3091,77.3942,20.6837,75.5937,43.9427,13.8725,25.9568,31.6492,69.0101,34.92,33.82,866.7812,96.8499,2.1289,0.1478,0.0296,89.3263,130.91,0.7,5.1,14.6317,80.5977,85.2507,23.1267,0.2742,72.684,39.6458,0,9.8306
28382,兵庫県,播磨町,町村,33604.0,27.2712,0.5704,12.1617,5.1738,2.0623,4.444,74.4394,99.979,18.2031,99.9975,82.8195,5.3442,87.7532,61.8218,99.8656,9.13,9.13,3680.6134,100.0,11.5005,0.2191,0.1095,69.4879,99.96,0.82,0.0,19.5497,80.2304,84.6235,14.8792,-0.2202,56.5409,29.7584,0,10.6417
28442,兵庫県,市川町,町村,11231.0,39.6531,3.498,14.0278,15.1852,2.0924,4.065,76.0629,46.0146,0.7481,22.246,83.3845,22.5647,30.1858,32.0735,0.566,82.67,19.98,135.8534,24.1684,1.1512,0.0,0.0501,,,0.36,8.9,12.258,80.4077,84.551,17.8079,-0.7479,302.7335,8.9039,0,0.0
28443,兵庫県,福崎町,町村,19377.0,29.2375,2.1772,9.9692,11.1382,1.414,2.8685,73.4477,78.3534,17.2101,68.8318,86.2748,10.3489,76.1222,28.8679,37.625,45.79,21.19,423.171,46.2765,3.0675,0.0,0.0472,72.9487,131.96,0.68,9.8,12.354,80.0742,84.2287,5.1608,-0.3509,175.4658,15.4823,0,5.7827
28446,兵庫県,神河町,町村,10616.0,38.8509,3.9108,13.8004,19.931,1.9122,3.8179,78.4699,44.0397,,31.3168,84.6076,19.0202,34.3568,32.8167,,202.23,21.11,52.4947,10.4386,2.2738,0.1421,0.0474,,,0.35,12.5,8.3433,80.2912,84.782,18.8395,-1.526,367.37,37.679,0,0.0
28464,兵庫県,太子町,町村,33477.0,27.498,1.3112,9.9333,8.6073,2.0731,4.331,75.293,94.5243,,86.9799,44.718,15.1267,47.6367,48.5037,72.9323,22.61,15.8,1480.628,69.8806,7.5316,0.2532,0.0633,80.9816,116.55,0.62,9.6,9.4106,80.2598,84.5384,8.9614,-0.003,86.6266,20.9099,0,6.1705
28481,兵庫県,上郡町,町村,13879.0,41.0479,4.5042,15.6227,11.7849,1.9094,4.047,76.9062,40.1824,,41.6754,72.852,14.6467,42.7628,51.7615,29.1322,150.26,25.7,92.3666,17.1037,1.5564,0.0,0.0778,,,0.5,15.6,14.5694,80.4158,84.7295,14.4103,-1.2321,230.5642,50.4359,0,51.5028
28501,兵庫県,佐用町,町村,15863.0,43.5448,7.3482,17.1128,18.3836,1.721,3.5691,79.0644,38.3386,4.0493,25.4945,30.376,18.9885,34.9077,30.2923,,307.44,58.74,51.5971,19.1062,1.0385,0.017,0.017,86.0307,151.6,0.28,0.4,8.9464,80.4425,84.6398,31.5199,-1.2104,258.4631,44.1278,0,8.4126
28585,兵庫県,香美町,町村,16064.0,41.6363,10.5796,15.9307,23.0978,1.55,3.0548,79.6172,44.4326,5.9993,32.4827,84.5763,22.8385,26.2618,26.7191,,368.77,52.0,43.561,14.1009,0.9808,0.1346,0.0385,86.8327,169.82,0.23,9.0,9.4768,79.9035,85.4079,12.4502,-0.6599,205.4283,31.1255,0,16.6905
28586,兵庫県,新温泉町,町村,13318.0,41.9658,12.0851,15.5113,23.0738,1.6444,3.2416,79.7318,56.7396,,47.958,88.3087,19.896,40.6169,20.3102,0.2626,241.01,40.36,55.2591,16.7462,1.3627,0.0,0.0248,,,0.24,11.0,6.6939,80.3554,85.1855,22.5259,-0.6382,315.3627,75.0863,1,18.9131
29201,奈良県,奈良市,市,354630.0,32.1018,1.3008,13.4914,5.1364,1.801,4.0153,74.2788,96.469,64.1096,92.5382,84.3332,6.4146,86.4491,24.959,95.5645,276.94,144.54,1280.5301,52.1918,8.7035,0.166,0.0969,51.7818,98.7,0.7,9.9,8.8098,81.2397,84.8981,13.8172,0.0609,104.3341,43.7075,1,22.1092
29202,奈良県,大和高田市,市,61744.0,32.7272,0.9539,14.8941,7.3435,2.4747,5.1763,72.7926,95.9695,8.9858,92.1202,93.3912,5.5716,90.3132,48.138,88.413,16.48,16.48,3746.6019,100.0,8.0097,0.4854,0.182,57.7863,99.61,0.46,7.5,7.9811,79.3592,83.6832,16.1959,-0.1247,129.5672,22.6743,0,3.1643
29203,奈良県,大和郡山市,市,83285.0,33.4346,2.1432,13.0647,7.7738,1.8695,4.1538,74.455,96.6027,36.2053,91.1707,80.137,8.585,84.1896,59.8089,97.3076,42.69,38.79,1950.9253,90.8644,6.2903,0.2062,0.0773,64.8094,99.68,0.64,9.6,9.1504,80.5511,83.8,12.007,0.072,177.7031,0.0,1,7.8938
29204,奈良県,天理市,市,63889.0,27.9155,3.9369,10.7499,9.2209,1.8094,3.7045,67.3174,77.7611,3.684,89.2165,78.8143,12.033,62.2112,36.7166,77.7529,86.42,53.27,739.2849,61.6408,3.7732,0.1502,0.0563,62.849,111.3,0.57,10.4,16.3622,80.0846,83.8431,3.1304,-0.4743,314.6081,32.8695,0,6.6449
29205,奈良県,橿原市,市,120922.0,29.496,1.2874,11.8917,6.4461,1.7482,3.8813,73.6643,98.2469,14.9426,97.677,83.6894,7.0991,65.4933,67.8003,99.2334,39.56,37.44,3056.6734,94.6411,10.5769,0.5075,0.0801,55.5055,101.35,0.7,3.0,7.8995,81.5075,85.2122,15.7126,-0.2903,130.6627,38.0411,0,9.5469
29206,奈良県,桜井市,市,54857.0,32.4793,2.3748,13.7358,9.4909,2.0471,4.3038,75.0799,91.0525,18.8742,90.3611,76.6884,10.2307,52.0983,25.8047,85.3709,98.91,39.34,554.6153,39.7735,4.9822,0.2034,0.0763,66.2743,113.17,0.51,6.7,6.8815,80.1287,83.8971,21.8751,-0.1313,213.2818,45.573,1,3.9795
29207,奈良県,五條市,市,27927.0,39.7969,15.2458,14.8809,12.7748,2.2809,4.8386,75.6958,67.7817,10.5368,61.3554,59.6031,21.3117,33.757,22.7747,64.2263,292.02,75.09,95.6339,25.714,1.1187,0.0,0.04,85.9465,139.06,0.33,10.8,11.8837,78.9396,82.2305,14.3231,-0.6159,393.8841,42.9692,0,62.9037
29208,奈良県,御所市,市,24096.0,42.1633,4.2553,18.2849,12.1163,2.3157,5.3032,76.063,80.5338,11.8373,75.3084,82.6173,17.7954,72.398,31.7865,70.4625,60.58,29.9,397.755,49.3562,1.204,0.1338,0.0669,75.615,142.5,0.38,11.3,8.1187,80.2301,84.1735,12.4502,-0.8881,332.0053,29.0505,0,8.1144
29209,奈良県,生駒市,市,116675.0,29.3944,0.9084,12.4745,4.4648,1.4613,3.5813,76.1835,97.0366,15.6,95.0346,90.7788,5.3362,78.232,30.8271,99.0837,53.15,34.21,2195.2023,64.365,7.1616,0.3508,0.0585,64.8883,108.42,0.74,3.9,11.3361,81.5148,84.2863,17.9987,-0.2117,83.1369,22.2841,1,13.3978
29210,奈良県,香芝市,市,78113.0,24.1776,0.6159,8.7242,6.6513,1.549,3.6098,75.3156,97.5263,26.6938,93.6548,92.7344,3.8355,84.2819,49.2322,99.7217,24.26,18.36,3219.8269,75.6801,8.6601,0.3813,0.1089,65.3706,109.25,0.65,12.3,11.8882,81.2476,84.7854,17.9228,-0.137,69.1306,15.3624,0,5.3364
29211,奈良県,葛城市,市,36832.0,27.7193,2.8906,10.3768,11.3866,1.686,3.6267,75.9102,92.5812,17.6795,90.4221,90.5746,10.4998,65.2076,37.8209,95.8783,33.72,20.49,1092.2894,60.7651,3.9043,0.244,0.0,77.8665,123.59,0.49,9.0,10.3849,80.8499,83.9671,19.0052,0.0516,209.0573,19.0052,0,7.7627
29212,奈良県,宇陀市,市,28121.0,43.7907,7.3383,16.047,14.6041,2.6244,5.5765,77.1062,57.5525,16.1486,60.2363,56.4796,13.9209,42.3023,28.2598,63.5125,247.5,64.25,113.6202,25.9596,1.1206,0.0311,0.0156,86.1059,147.48,0.28,12.7,8.6777,80.3505,84.1215,21.3364,-1.1664,359.1622,78.2333,1,32.879
29322,奈良県,山添村,町村,3226.0,51.0863,15.96,15.3497,33.3333,1.0539,1.963,81.9611,26.6328,,6.6619,24.3648,84.8357,16.794,6.4941,0.0392,66.52,25.21,48.4967,37.8984,0.1983,0.0,0.0397,,,0.25,3.9,22.583,80.8537,84.6808,0.0,-0.062,185.9888,61.9963,0,4.0226
29342,奈良県,平群町,町村,18009.0,38.8886,5.8299,13.3445,8.431,1.7214,3.9028,77.9266,84.5149,22.8665,76.116,94.83,5.1649,39.0225,19.2378,96.1767,23.9,12.62,753.5146,52.8033,2.0602,0.0792,0.0,91.9837,124.09,0.41,16.0,9.7252,80.697,84.3661,11.1056,-0.0167,205.4528,44.4222,0,8.8002
29343,奈良県,三郷町,町村,23219.0,31.4605,0.7931,12.9663,5.643,1.7227,4.058,74.0934,97.1207,24.3088,90.8446,95.4758,1.1069,77.7424,7.2165,99.6944,8.79,5.93,2641.5245,67.463,4.8904,0.5059,0.1686,71.6,113.19,0.44,1.7,10.5612,80.7975,84.4085,12.9205,0.1421,81.8295,43.0682,0,11.8596
29344,奈良県,斑鳩町,町村,27587.0,30.7066,1.8208,12.2211,6.712,1.6675,3.6045,76.8572,99.0281,10.1579,98.8632,90.0166,5.1241,57.8227,58.4032,96.9891,14.27,10.81,1933.2165,75.7533,6.4755,0.185,0.0925,74.2986,117.46,0.5,7.3,9.8936,81.3662,84.393,7.2498,0.1921,126.8714,47.1236,0,6.8552
29345,奈良県,安堵町,町村,7225.0,36.267,2.2792,12.859,7.5718,2.5882,5.5888,73.982,93.9619,7.9446,99.0195,81.7353,1.2705,54.1303,92.485,96.6859,4.31,4.31,1676.3341,100.0,0.232,0.0,0.0,,,0.34,5.9,8.668,80.2872,83.328,0.0,-0.1107,221.4533,0.0,0,4.0785
29361,奈良県,川西町,町村,8167.0,35.7796,2.7382,13.171,10.1436,2.1673,4.7125,75.9522,93.2543,,86.6372,89.6378,10.5205,37.8511,22.7584,99.9336,5.93,5.93,1377.2344,100.0,2.6981,0.1686,0.0,,,0.43,7.5,10.2758,81.243,84.1143,12.2444,-0.3796,257.1324,36.7332,0,7.3126
29362,奈良県,三宅町,町村,6439.0,37.127,2.1862,13.3763,9.8143,4.4572,9.1899,75.7696,71.9732,0.0051,78.0261,75.3008,10.3857,51.3464,14.9064,99.8589,4.06,4.06,1585.9606,100.0,0.7389,0.0,0.0,,,0.26,10.3,7.0992,80.7576,84.1817,31.0607,-0.1398,108.7125,31.0607,0,6.5387
29363,奈良県,田原本町,町村,31177.0,31.8752,3.3412,11.1373,10.6406,1.7256,3.617,76.0162,86.5711,3.4424,86.6777,55.6617,11.3419,41.3343,43.3313,99.559,21.09,21.09,1478.2835,100.0,2.9872,0.1897,0.0474,74.9161,123.91,0.55,10.8,11.1576,81.0128,85.2136,9.6225,-0.0032,192.4496,38.4899,1,6.8424
29385,奈良県,曽爾村,町村,1295.0,52.3148,17.3016,20.9459,13.1757,2.7027,5.2632,81.9387,19.5597,34.3787,16.4955,71.2269,33.6697,47.7027,26.783,,47.76,6.48,27.1147,13.5678,1.0802,0.0,0.0,,,0.12,5.3,5.2772,80.8289,83.8121,77.2201,0.0772,540.5405,77.2201,0,0.0
29386,奈良県,御杖村,町村,1479.0,58.3569,15.8385,28.2857,11.4286,2.4341,5.2941,83.5915,41.8281,14.3113,,9.4947,16.8911,,20.0818,,79.58,9.46,18.5851,11.8874,0.3171,0.0,0.0,,,0.13,3.2,23.7662,81.0727,85.0651,0.0,-0.6761,878.9723,0.0,0,1.2508
29401,奈良県,高取町,町村,6729.0,41.4417,3.669,14.2423,16.4134,1.6793,4.0589,75.3253,88.1684,54.5579,62.0995,69.7026,15.0837,25.2504,19.1173,40.756,25.79,8.99,260.9151,34.8585,0.7786,0.1112,0.1112,,,0.29,8.7,17.1871,80.6362,83.8317,44.5831,-1.3672,594.442,133.7494,0,5.5429
29402,奈良県,明日香村,町村,5179.0,41.0217,9.9623,11.7117,21.0023,1.6606,3.4747,77.6336,82.5222,35.4144,70.4364,76.9025,22.1363,27.995,21.8519,72.1719,24.1,10.58,214.8963,43.9004,1.7013,0.0945,0.0,,,0.22,4.1,14.6449,81.0447,84.3063,0.0,-0.6758,675.8061,96.5437,0,123.09
29424,奈良県,上牧町,町村,21714.0,35.1804,0.779,14.2606,5.73,2.3994,5.555,74.9524,99.7344,24.2993,99.9764,71.0198,1.7431,67.9414,88.3333,100.0,6.14,5.17,3536.4821,84.202,8.7041,0.3868,0.0,75.0827,102.28,0.46,13.7,9.5775,80.5119,84.3367,18.4213,0.0184,64.4745,36.8426,1,2.9055
29425,奈良県,王寺町,町村,24043.0,29.1433,0.5407,11.2618,5.7855,2.2169,4.734,75.621,99.6631,28.1357,99.7042,94.3963,6.056,62.5014,70.1621,99.953,7.01,5.29,3429.8146,75.4636,20.0378,0.3781,0.189,60.7921,101.09,0.58,6.2,42.8333,80.5347,84.3898,4.1592,-0.262,91.5027,16.6369,1,7.2931
29426,奈良県,広陵町,町村,33810.0,26.9348,1.5746,8.092,10.5683,1.5646,3.288,76.2315,94.8445,24.9632,90.5939,89.2556,6.2894,86.7932,59.9019,91.637,16.3,16.07,2074.2331,98.589,4.4804,0.1867,0.0622,81.6343,138.36,0.58,8.1,11.1551,80.84,84.6229,8.8731,-0.0651,147.8852,41.4079,0,17.7108
29427,奈良県,河合町,町村,17018.0,39.9096,1.3648,13.484,8.3592,1.6747,4.1875,76.5329,96.4237,0.0853,94.8415,81.2939,6.4382,65.4858,75.4189,99.9391,8.23,7.84,2067.8007,95.2612,4.5918,0.0,0.1276,81.3916,118.98,0.47,15.7,7.6081,81.4679,84.9266,5.8761,0.0235,146.9033,52.8852,0,28.7598
29441,奈良県,吉野町,町村,6229.0,52.717,4.5747,23.1928,14.5331,2.1191,4.5051,79.8047,47.4316,5.5154,32.9274,77.8842,18.6975,19.4096,15.2443,34.4865,95.65,16.61,65.1228,17.3654,2.7694,0.0,0.0,,,0.25,7.8,18.5725,80.4978,83.2018,32.1079,-1.0114,899.0207,64.2158,0,20.528
29442,奈良県,大淀町,町村,16728.0,36.6074,4.1511,14.7584,10.5725,2.2657,4.8151,74.6145,77.3981,15.349,63.7739,86.2375,13.8051,80.1936,34.9,60.9788,38.1,18.46,439.0551,48.4514,2.3294,0.0,0.0542,82.5949,125.77,0.41,8.2,7.2691,80.4294,84.367,5.978,-0.8309,257.054,41.846,0,37.0429
29443,奈良県,下市町,町村,5037.0,49.3362,9.9368,23.4909,14.0384,2.8191,5.6416,77.508,55.5535,2.8824,63.8228,66.9991,14.0309,52.1798,17.7838,73.8726,61.99,12.89,81.255,20.7937,0.4655,0.0,0.0,,,0.2,11.5,19.6197,81.075,84.3964,39.7062,-1.7074,754.4173,39.7062,0,29.3238
29444,奈良県,黒滝村,町村,623.0,53.1046,12.7341,26.3844,10.0977,1.4446,3.2609,82.5561,27.0458,,,12.4494,23.9424,,17.8357,,47.7,1.6,13.0608,3.3543,0.625,0.625,0.0,,,0.11,5.8,8.3211,81.3809,84.883,160.5136,-1.4446,642.0546,0.0,0,0.0
29446,奈良県,天川村,町村,1176.0,51.909,6.4298,25.3119,11.5865,1.5306,2.9557,84.0445,18.5215,,,63.5587,18.1435,14.7043,10.6481,,175.66,4.85,6.6948,2.761,4.9485,0.2062,0.0,,,0.14,10.7,7.3127,80.5552,83.3558,85.034,-0.5102,1020.4082,0.0,0,0.0
29447,奈良県,野迫川村,町村,357.0,52.6946,18.1287,27.5862,10.3448,1.4006,2.8409,73.9003,14.5624,,,10.588,42.3922,,,,154.9,2.64,2.3047,1.7043,0.7576,0.0,0.0,,,0.12,12.7,5.1069,81.4169,86.1087,0.0,-0.8403,280.112,840.3361,0,0.0
29449,奈良県,十津川村,町村,3061.0,47.3333,8.3024,22.3806,7.1989,1.4048,3.0891,72.4479,29.2123,,,80.2543,33.4729,30.8758,7.635,0.0332,672.38,27.67,4.5525,4.1152,0.6144,0.0,0.0361,,,0.23,7.9,4.5196,80.6425,84.8196,130.6762,-1.1107,196.0144,65.3381,0,22.245
29450,奈良県,下北山村,町村,753.0,47.8422,7.2,30.4933,1.5695,1.4608,2.8497,83.7176,22.9034,,,58.6902,30.1756,21.7339,5.3751,,133.39,9.72,5.6451,7.2869,0.4115,0.0,0.0,,,0.21,6.6,6.3707,80.7182,83.6222,0.0,0.1328,1195.2191,132.8021,0,398.6627
29451,奈良県,上北山村,町村,444.0,49.5455,8.4821,28.6792,3.7736,1.3514,2.6087,77.2512,38.5898,,,50.7466,71.9955,,9.5585,,274.22,8.27,1.6191,3.0158,0.1209,0.0,0.0,,,0.12,3.6,7.0383,80.6003,84.2732,0.0,-2.7027,1801.8018,0.0,0,0.0
29452,奈良県,川上村,町村,1156.0,57.6642,7.0039,31.52,6.24,1.2111,2.6515,80.4104,7.9022,,,57.7375,62.7204,,2.8252,,269.26,13.52,4.2932,5.0212,0.3698,0.0,0.0,,,0.28,7.2,22.6716,80.8516,85.4589,0.0,-0.8651,1038.0623,86.5052,0,15.5709
29453,奈良県,東吉野村,町村,1502.0,59.1678,9.635,29.4737,8.4211,1.265,2.6989,82.5018,37.5003,,11.3591,89.4005,26.4706,,6.3515,,131.65,5.63,11.409,4.2765,0.8881,0.1776,0.0,,,0.13,9.6,9.6016,80.7146,84.4367,0.0,-0.1997,1464.7137,66.5779,0,0.0
30201,和歌山県,和歌山市,市,356729.0,31.0232,1.6888,15.9481,5.0512,1.8686,4.0327,74.916,96.2224,36.9951,91.4381,70.3173,8.0906,74.0023,49.8506,75.5361,208.85,143.37,1708.0632,68.6474,9.4929,0.1534,0.0976,59.8226,96.82,0.77,9.6,7.1856,79.4616,83.8274,19.9031,-0.1971,139.3214,44.852,1,8.2817
30202,和歌山県,海南市,市,48369.0,37.6585,8.757,16.7623,9.741,2.3011,4.7931,76.9506,85.5187,16.3222,64.1264,81.4411,13.8774,41.0999,30.5353,21.5454,101.06,62.18,478.6167,61.5278,2.6375,0.0965,0.0161,78.2077,122.81,0.51,7.3,9.4795,80.3976,84.493,14.4721,-0.0868,285.3067,41.3488,0,4.9255
30203,和歌山県,橋本市,市,60818.0,34.4414,5.7772,14.1147,8.7216,1.9583,4.0008,75.569,82.2531,12.8708,73.4917,78.363,9.8388,68.0652,36.8141,78.1585,130.55,58.03,465.8598,44.4504,3.7739,0.0345,0.0689,77.9319,118.91,0.45,13.1,8.0775,80.7888,84.8278,18.0868,-0.2105,131.54,37.8178,0,16.579
30204,和歌山県,有田市,市,26538.0,36.1456,14.103,14.1756,14.1171,1.6957,3.2926,76.6398,75.9087,30.5889,69.3985,79.422,10.2915,57.3738,55.4176,38.5485,36.83,30.25,720.5539,82.1341,3.3388,0.0661,0.0331,82.3529,122.43,0.51,7.4,13.4035,79.4042,83.988,11.3045,-0.6104,211.0182,33.9136,0,10.383
30205,和歌山県,御坊市,市,23481.0,33.1291,11.4036,15.0953,9.5375,2.3125,4.7127,72.8584,78.4399,51.0534,74.7516,71.5075,13.7075,55.0641,60.7902,16.7073,43.91,28.23,534.7529,64.2906,7.4035,0.1771,0.0708,70.5589,108.14,0.5,12.4,6.8233,78.6336,82.9357,25.5526,-0.9667,221.4556,42.5876,0,17.4452
30206,和歌山県,田辺市,市,69870.0,34.3765,11.3143,17.3555,7.0129,2.2485,4.3282,75.9378,75.1104,16.4215,74.5958,56.6429,14.3957,26.1232,20.6527,48.5604,1026.89,124.02,68.0404,12.0772,4.2332,0.0645,0.0403,71.7043,104.21,0.38,8.6,7.3903,78.8486,84.3438,32.9183,-0.4723,145.9854,48.6618,0,12.1802
30207,和歌山県,新宮市,市,27171.0,38.7385,2.1347,21.5755,3.7247,1.5973,3.5597,77.2139,91.549,58.4644,91.47,90.4191,13.25,78.9619,20.2726,79.4604,255.23,24.13,106.4569,9.4542,14.0489,0.0414,0.1243,62.2186,89.49,0.36,13.3,20.1138,79.7485,83.7427,14.7216,-0.4085,202.4217,55.2059,0,5.0795
30208,和歌山県,紀の川市,市,58816.0,33.8128,16.6701,14.0976,10.9024,1.6849,3.2705,76.9992,77.9516,25.9365,61.3995,79.6329,15.0665,53.2475,36.1607,10.5869,228.21,122.27,257.7275,53.5778,1.2513,0.0164,0.0164,85.026,126.36,0.41,5.0,9.0522,79.5494,84.1388,20.4026,-0.1173,192.1246,35.7046,0,9.1658
30209,和歌山県,岩出市,市,53967.0,24.6749,3.1011,9.7428,5.3084,1.9734,4.3114,73.9787,96.9831,36.4344,95.9248,84.3963,9.5274,58.9717,59.9961,25.3824,38.51,23.85,1401.3763,61.932,7.4214,0.0839,0.0419,67.7832,98.75,0.61,4.0,7.2476,80.2538,84.6081,29.6477,0.063,68.5604,24.0888,0,7.7697
30304,和歌山県,紀美野町,町村,8256.0,48.18,12.6467,22.0779,10.6494,1.4777,3.0831,79.5921,61.1939,22.1677,19.5432,83.4553,14.5245,,17.0758,,128.34,31.76,64.3291,24.7468,0.8186,0.0,0.063,,,0.21,9.0,7.256,79.8762,84.3409,12.1124,-0.7025,314.9225,60.562,0,22.6691
30341,和歌山県,かつらぎ町,町村,15967.0,40.0448,21.2526,18.438,13.5427,1.5532,2.9499,77.4379,67.4199,33.0849,54.9145,67.4902,27.3463,0.0081,22.3293,49.2576,151.69,52.6,105.2607,34.676,1.0266,0.038,0.038,83.7884,146.09,0.34,9.3,6.5349,79.7008,83.8937,12.5258,-0.4008,206.6763,50.1033,0,10.313
30343,和歌山県,九度山町,町村,3856.0,49.1512,22.7273,21.1286,15.2887,1.2707,2.583,75.7533,72.7373,6.9955,53.1589,65.6568,14.2429,4.9185,21.0,39.7058,44.15,11.7,87.3386,26.5006,1.1111,0.1709,0.0,,,0.19,11.4,7.5148,79.9478,84.3754,25.9336,-0.778,207.4689,51.8672,0,2.6657
30344,和歌山県,高野町,町村,2970.0,45.0299,3.5783,23.3951,6.99,1.1785,2.1875,69.8917,49.7172,28.1292,47.0416,80.859,31.3335,,5.9042,48.7038,137.03,8.73,21.6741,6.3709,4.1237,0.0,0.1145,,,0.19,4.2,18.0038,79.3035,83.4448,0.0,-1.1448,2289.5623,33.67,0,5.5256
30361,和歌山県,湯浅町,町村,11122.0,37.5183,16.811,18.6016,11.2394,1.7263,3.3473,77.1118,82.805,76.3564,80.5807,72.1939,7.93,,37.0863,58.5489,20.8,13.6,534.7115,65.3846,5.5147,0.0735,0.0735,,,0.32,8.3,5.3538,79.5409,84.3563,17.9824,-0.4496,242.7621,35.9648,0,1.278
30362,和歌山県,広川町,町村,6781.0,35.5997,21.601,14.5396,16.8013,2.3743,4.6884,77.5044,64.1445,25.381,52.4914,68.1607,29.1953,,31.5396,12.9033,65.35,17.04,103.7643,26.075,0.7629,0.0587,0.0,,,0.29,6.3,10.8685,79.5254,83.7982,14.7471,-0.5604,353.9301,14.7471,0,1.0987
30366,和歌山県,有田川町,町村,25258.0,32.3745,25.2827,14.9578,13.692,1.3699,2.5091,79.642,71.1342,18.2451,63.8717,50.788,14.2922,,12.7169,7.7354,351.84,81.62,71.7883,23.198,1.6418,0.0,0.0245,84.5596,136.86,0.35,12.7,6.2554,80.3602,85.0159,15.8366,-0.6176,312.7722,23.7548,0,11.0703
30381,和歌山県,美浜町,町村,6867.0,38.8097,6.816,18.0224,7.9593,1.3689,2.9606,75.7436,83.9989,39.1239,61.1958,62.9968,5.1699,9.6999,29.2836,42.3004,12.77,6.85,537.7447,53.6413,4.5255,0.0,0.0,,,0.27,6.9,12.203,79.1253,84.4607,0.0,-0.6699,131.0616,29.1248,0,4.6745
30382,和歌山県,日高町,町村,7673.0,29.126,11.9035,13.7967,10.9959,1.1599,2.3305,80.056,43.2049,16.4213,35.077,54.7185,13.1095,8.1042,28.8059,,46.21,15.7,166.0463,33.9753,0.8917,0.0,0.0,,,0.29,9.5,7.8233,80.0904,84.1791,0.0,0.417,13.0327,13.0327,0,0.0
30383,和歌山県,由良町,町村,5364.0,40.9994,14.6139,19.7509,10.8541,1.7711,3.626,74.8116,52.0257,21.0914,25.864,83.6181,15.9119,,26.3245,,30.93,11.51,173.4239,37.2131,1.9114,0.0,0.0,,,0.26,12.1,5.6066,78.7787,84.2432,18.6428,-1.2304,410.1417,37.2856,0,0.5723
30390,和歌山県,印南町,町村,7720.0,37.4114,29.312,17.6589,14.8495,1.3731,2.5035,79.6176,45.6142,16.2958,31.3987,56.041,24.5227,,35.6207,,113.62,33.54,67.9458,29.5195,0.6559,0.0,0.0,,,0.32,5.5,14.3358,80.2414,84.2532,38.8601,-0.4404,388.601,0.0,0,0.0
30391,和歌山県,みなべ町,町村,11818.0,33.9934,36.1095,13.3318,19.5642,1.2354,2.05,77.0366,49.8304,10.6209,44.4382,49.3288,18.3822,1.1876,34.4967,21.7396,120.28,43.42,98.2541,36.0991,0.8752,0.023,0.023,,,0.33,9.9,11.544,79.7176,84.5835,0.0,-0.6515,203.08,25.385,0,0.2073
30392,和歌山県,日高川町,町村,9219.0,36.8942,21.7034,17.9079,12.3849,1.3017,2.5284,78.4277,36.2818,15.3055,24.1649,49.0838,27.8853,,20.8856,4.3734,331.59,45.17,27.8024,13.6222,0.6199,0.0,0.0443,,,0.24,10.1,8.7588,79.769,84.4863,54.2358,-0.8027,401.345,10.8472,0,0.0
30401,和歌山県,白浜町,町村,20262.0,38.5646,5.0448,19.9337,6.024,1.752,3.6933,75.9893,67.6068,15.4092,69.6858,62.3519,13.5228,,28.3108,23.011,200.99,39.05,100.811,19.4288,3.662,0.0512,0.0,70.3507,99.97,0.43,8.8,9.4884,78.3805,83.4723,44.4181,-0.8686,172.7371,34.5474,0,25.2424
30404,和歌山県,上富田町,町村,15236.0,27.6463,6.1914,14.1755,6.0009,1.6605,3.3211,75.4378,73.7844,20.3044,72.0355,89.0463,9.5825,,38.4876,13.2478,57.37,21.22,265.5743,36.988,2.1206,0.0471,0.0471,81.1709,109.51,0.48,13.1,9.3242,79.7302,83.541,6.5634,0.4266,85.3242,52.5072,0,1.6338
30406,和歌山県,すさみ町,町村,3685.0,47.6573,9.5415,29.1153,6.327,1.6554,3.6418,78.2911,59.5946,41.8371,70.0078,41.8572,15.9962,,12.4278,,174.45,12.56,21.1235,7.1998,1.672,0.0,0.0,,,0.2,8.0,12.9156,79.0869,83.9897,54.2741,-1.6011,325.6445,0.0,0,25.9495
30421,和歌山県,那智勝浦町,町村,14137.0,43.838,4.9178,24.8561,5.1808,1.9948,4.3492,79.3015,55.3946,6.4654,63.3046,85.5409,27.3451,0.5859,18.4338,36.862,183.3,20.33,77.1249,11.0911,6.8372,0.0,0.0,,,0.3,7.8,7.5682,79.3222,84.4407,42.4418,-0.6083,254.6509,35.3682,0,13.5076
30422,和歌山県,太地町,町村,2791.0,45.3586,7.4222,25.0382,4.1985,1.469,3.1685,77.6137,63.3915,20.6415,55.1027,91.9995,5.1396,,49.9922,,5.81,2.5,480.3787,43.0293,3.6,0.0,0.0,,,0.15,5.9,4.9167,79.0047,84.8296,71.6589,1.5407,214.9767,35.8295,0,2.3647
30424,和歌山県,古座川町,町村,2480.0,54.38,11.0638,30.7878,4.7428,1.7339,4.3744,81.6281,36.5365,9.5436,19.5266,56.6955,14.1392,12.752,8.454,,294.23,12.23,8.4288,4.1566,0.9812,0.0,0.0,,,0.15,5.7,7.3127,79.1969,85.0708,40.3226,-0.5242,403.2258,0.0,0,13.0105
30427,和歌山県,北山村,町村,404.0,42.3858,13.0682,32.4324,3.1532,1.2376,2.7624,85.3591,40.6686,36.0734,,15.9396,28.001,57.1429,20.6182,,48.2,3.74,8.3817,7.7593,0.5348,0.0,0.0,,,0.13,6.3,2.8808,80.288,85.1943,0.0,-0.495,990.099,0.0,0,0.0
30428,和歌山県,串本町,町村,14959.0,47.5834,7.9612,26.0131,5.5752,2.6673,5.9623,76.5338,67.9284,7.4734,49.322,81.8079,19.378,3.4831,35.6447,7.9205,135.67,22.16,110.2602,16.3338,4.0614,0.0451,0.0451,,,0.26,11.2,6.623,78.5487,83.4204,20.0548,-0.9092,193.8632,53.4795,0,8.4202
31201,鳥取県,鳥取市,市,188465.0,30.7219,4.7349,10.707,12.2083,1.743,3.5242,73.2169,79.9464,23.7203,79.7077,84.9546,15.7255,76.3188,54.8547,76.933,765.31,212.14,246.2597,27.7195,3.9455,0.0424,0.0471,60.34,108.54,0.5,8.9,9.0683,80.0733,84.4305,12.7345,-0.408,120.9774,56.2439,1,16.3793
31202,鳥取県,米子市,市,147317.0,29.5647,3.1852,11.8743,10.0208,1.7065,3.5059,73.7634,91.0235,82.4656,91.0912,78.9038,13.2746,80.3055,68.0203,79.1719,132.42,98.97,1112.4981,74.7395,6.8809,0.0808,0.0909,59.1368,108.66,0.65,8.0,6.4688,79.6981,84.7435,8.8245,-0.2844,71.2749,57.6987,1,11.0997
31203,鳥取県,倉吉市,市,46485.0,35.0109,9.3152,14.7469,13.5171,1.8716,3.6971,75.5625,68.482,62.3143,73.1827,71.8953,15.2551,75.4933,46.2164,64.7966,272.06,88.83,170.863,32.6509,3.9063,0.0,0.0563,66.6284,120.74,0.43,10.0,6.7816,80.0279,85.1394,21.5123,-0.3205,122.6202,53.7808,1,21.5977
31204,鳥取県,境港市,市,32740.0,33.0805,3.4719,13.8795,11.3497,1.8907,3.715,74.8008,81.4403,68.0224,92.8524,56.7209,7.659,83.945,98.5244,89.4826,29.11,26.78,1124.6994,91.9959,5.2278,0.0373,0.0747,75.0,118.78,0.54,10.8,17.5082,79.8844,84.9809,21.3806,0.1374,73.3048,27.4893,1,19.3684
31302,鳥取県,岩美町,町村,10799.0,37.907,10.3251,14.2127,19.4785,2.491,5.0337,75.55,37.5334,57.5289,55.0576,61.7792,18.4416,43.6939,48.4583,,122.31,22.89,88.292,18.7147,0.7864,0.0,0.0437,,,0.26,10.1,6.7659,79.7983,84.7108,0.0,-0.0926,194.4625,64.8208,0,2.2118
31325,鳥取県,若桜町,町村,2864.0,50.7231,12.3278,21.9492,16.5254,1.3268,2.6817,79.7677,48.0052,55.6146,42.6874,55.5645,9.5118,44.0975,29.7811,38.8361,199.18,13.72,14.379,6.8882,0.5831,0.0,0.0,,,0.13,7.2,9.1015,79.6772,84.8144,0.0,-0.8729,314.2458,34.9162,0,10.2818
31328,鳥取県,智頭町,町村,6427.0,44.8937,9.8564,17.7035,23.6743,1.6649,3.3743,78.1018,42.3879,42.9912,38.0062,83.4606,20.4072,8.151,33.882,30.1475,224.7,17.17,28.6026,7.6413,1.0483,0.0,0.0582,,,0.19,11.3,6.1468,79.8546,85.4465,31.1187,-0.5913,217.831,108.9155,0,2.106
31329,鳥取県,八頭町,町村,15937.0,37.827,14.1208,12.2484,25.4563,1.9012,3.4455,77.7596,54.1933,46.0776,50.3396,66.1531,17.8516,50.6566,52.4435,32.9999,206.71,41.37,77.0984,20.0135,0.4834,0.0,0.0242,93.4866,163.43,0.23,9.2,13.3672,79.4429,84.5472,6.2747,-0.4392,150.593,37.6482,0,25.6192
31364,鳥取県,三朝町,町村,6060.0,41.442,11.6502,16.5617,21.3321,1.2541,2.4469,78.5408,50.2043,39.0084,27.529,81.1401,25.6735,34.2176,32.0225,11.1526,233.52,26.87,25.9507,11.5065,0.6699,0.0,0.0,,,0.22,7.9,10.8938,79.4467,84.8048,0.0,-0.5776,181.5182,33.0033,0,39.2728
31370,鳥取県,湯梨浜町,町村,16055.0,32.8578,12.2722,13.1825,19.5087,1.6755,3.144,78.0358,59.0642,66.6708,52.2986,60.2633,25.3346,71.6012,62.1579,14.1761,77.93,34.21,206.0182,43.8984,0.8769,0.0,0.0292,83.2155,137.99,0.27,7.6,14.6761,79.1812,83.9487,18.6858,0.1308,137.029,12.4572,0,56.0699
31371,鳥取県,琴浦町,町村,16365.0,38.1441,18.923,13.4238,23.3351,1.7354,3.1975,78.3143,49.0839,48.9636,46.2732,77.9372,22.9888,47.6941,35.6242,43.4793,139.97,52.45,116.9179,37.4723,0.9914,0.0,0.0,79.5494,147.99,0.3,13.7,8.0736,80.1297,84.869,12.2212,-1.2771,189.4287,42.7742,0,14.6504
31372,鳥取県,北栄町,町村,14228.0,36.3509,21.423,12.9648,22.2915,1.5462,2.7673,78.019,40.5141,31.9441,61.2311,52.2033,29.4492,52.2904,66.665,1.1014,56.94,42.55,249.8771,74.7278,0.423,0.0,0.0235,,,0.29,10.4,9.1293,79.627,84.7818,14.0568,-0.2319,112.4543,21.0852,0,24.1172
31384,鳥取県,日吉津村,町村,3501.0,27.9558,6.9498,9.0323,19.1935,1.5424,2.8923,76.1775,93.7548,98.2765,86.0887,61.8632,20.2178,46.4685,97.8273,45.9785,4.2,4.13,833.5714,98.3333,5.569,0.0,0.0,,,0.5,11.6,7.5709,,,0.0,0.2285,57.1265,57.1265,0,26.9232
31386,鳥取県,大山町,町村,15370.0,40.7762,23.7609,14.0096,24.4019,2.0234,3.6404,77.6042,38.4279,36.4497,22.2304,52.7945,32.2016,32.7415,24.0414,,189.74,79.15,81.0056,41.715,0.3538,0.0,0.0,94.306,164.81,0.26,10.1,7.5532,79.7576,84.9261,45.5433,-0.2082,247.2349,32.5309,0,10.2398
31389,鳥取県,南部町,町村,10323.0,38.6001,10.972,13.1691,24.5256,1.7146,3.2025,76.5695,41.0055,24.1381,35.8849,55.8407,13.2915,35.6068,70.981,0.8272,114.03,28.21,90.5288,24.7391,0.5317,0.0,0.0,,,0.25,10.1,6.8686,,,0.0,-0.1259,96.8711,48.4355,0,11.6264
31390,鳥取県,伯耆町,町村,10696.0,40.1088,15.9627,13.1427,22.821,1.7016,3.2207,79.6407,53.268,49.2113,45.3034,75.6036,23.4221,56.5612,40.9195,,139.44,42.53,76.7068,30.5006,0.3057,0.0,0.0,,,0.27,6.7,8.7345,,,0.0,-0.215,102.8422,65.445,0,16.3593
31401,鳥取県,日南町,町村,4196.0,53.8269,31.5202,23.7535,19.1036,1.1916,2.2717,80.8478,12.6901,12.6929,10.9367,14.053,22.6942,23.512,29.1041,,340.96,36.01,12.3064,10.5614,0.3055,0.0,0.0,,,0.16,6.8,5.0995,80.1792,85.5722,0.0,-0.858,452.8122,71.4967,0,0.0
31402,鳥取県,日野町,町村,2907.0,50.9847,15.588,22.1761,17.8571,1.4792,2.9054,78.6765,46.424,46.0464,31.3374,52.7252,29.8935,6.8493,41.481,,133.98,13.87,21.6973,10.3523,0.9373,0.0,0.0721,,,0.16,6.0,7.3565,80.3455,85.474,0.0,-1.4792,309.5975,34.3997,0,0.0
31403,鳥取県,江府町,町村,2672.0,49.2063,20.493,19.4942,27.608,1.3099,2.4055,80.4111,30.5074,42.9252,46.1808,55.48,32.0545,35.0911,40.0125,,124.52,22.37,21.4584,17.965,0.1341,0.0,0.0,,,0.27,13.5,8.2155,80.441,85.4323,37.4251,0.0,261.976,37.4251,0,0.0
32201,島根県,松江市,市,203616.0,30.5008,3.2658,10.9974,10.1337,1.408,2.8575,73.7671,80.5752,35.7185,77.6228,81.9531,12.7872,77.3834,55.1957,68.3657,572.96,160.0,355.3756,27.9252,5.2188,0.15,0.075,55.4297,103.14,0.56,10.4,9.2396,80.4742,85.3245,12.278,-0.222,139.4782,41.7452,1,15.554
32202,島根県,浜田市,市,54592.0,38.0913,5.8477,16.158,9.2985,1.3976,2.7329,76.1852,69.3821,8.3186,61.2157,74.5771,17.6963,67.9759,29.7645,53.9844,690.64,116.58,79.0455,16.88,1.8957,0.0257,0.0257,65.535,108.81,0.41,10.9,6.1697,,,31.1401,-0.8573,232.6348,53.1213,0,42.9557
32203,島根県,出雲市,市,172775.0,30.2832,5.1322,9.2087,17.877,1.3787,2.6148,76.1643,75.26,7.0037,70.596,60.3604,12.451,68.9987,52.1517,49.7003,624.32,228.56,276.7411,36.6094,2.7083,0.1094,0.035,65.9519,132.98,0.56,12.6,9.0814,80.6098,85.2447,16.7848,0.2188,178.8453,35.306,0,18.2748
32204,島根県,益田市,市,45003.0,39.304,7.4753,16.6232,11.5182,1.4866,3.0494,79.9273,70.3444,23.2161,66.4659,77.1283,15.2067,75.3341,38.168,37.9355,733.19,99.6,61.3797,13.5845,2.1586,0.0502,0.0402,74.4251,119.56,0.39,11.5,10.2457,79.5545,85.2369,13.3324,-0.3978,193.3204,46.6636,0,31.1484
32205,島根県,大田市,市,32846.0,41.2549,8.8636,17.5767,13.8011,1.5162,3.0481,78.3287,58.1667,15.1181,42.8288,70.5184,21.3218,67.4353,38.8833,27.613,435.34,99.17,75.4491,22.7799,1.2201,0.0101,0.0202,80.1063,131.58,0.3,12.1,6.2543,80.0821,84.8687,21.3116,-0.8038,392.7419,60.8902,1,23.6766
32206,島根県,安来市,市,37062.0,37.7967,9.8118,12.0722,23.488,1.4516,2.7283,77.3066,58.5191,19.243,60.2516,75.4477,18.7148,54.3167,47.0817,17.3277,420.93,98.13,88.0479,23.3127,1.0292,0.0408,0.0204,79.9216,140.8,0.35,14.7,9.9189,80.5959,85.2563,24.2836,-0.6638,213.1563,16.1891,0,15.6956
32207,島根県,江津市,市,22959.0,40.1453,4.2005,20.1536,9.9859,1.4025,2.8869,76.6919,71.5354,9.1917,64.7885,68.8263,17.0441,66.7535,40.2822,49.3319,268.24,56.37,85.5913,21.0148,1.7208,0.0,0.071,72.4479,116.63,0.34,12.0,5.6733,,,39.2003,-0.9277,252.6242,26.1335,1,154.7836
32209,島根県,雲南市,市,36007.0,40.5415,9.2594,13.074,26.6645,1.1775,2.1533,78.947,47.3545,5.2806,41.7813,69.9604,18.4815,44.9101,43.2161,17.8604,553.18,112.35,65.0909,20.3098,0.6053,0.0623,0.0267,85.5746,159.49,0.25,11.1,8.853,,,22.2179,-0.5638,288.8327,30.5496,0,16.0691
32343,島根県,奥出雲町,町村,11849.0,45.4096,17.9727,15.0657,26.8141,1.2659,2.405,79.9981,32.9422,3.422,22.0458,62.7524,16.9591,37.0022,40.8203,20.5331,368.01,61.05,32.1975,16.5892,0.688,0.0,0.0164,,,0.18,14.8,5.99,,,33.7581,-0.5233,303.8231,42.1977,0,28.6809
32386,島根県,飯南町,町村,4577.0,46.0062,20.7624,18.4721,20.8096,1.0269,1.8703,82.0293,29.016,9.1899,42.7031,60.9073,16.114,40.38,44.223,,242.88,32.1,18.8447,13.2164,0.405,0.0,0.0312,,,0.13,9.4,4.8931,,,21.8484,-0.9613,633.6028,43.6967,0,3.0256
32441,島根県,川本町,町村,3248.0,44.7594,13.0689,21.3467,9.2407,1.0776,2.225,76.1474,49.1791,17.2984,48.8333,42.406,26.0351,63.231,24.4765,17.0054,106.43,16.77,30.5177,15.7568,1.0137,0.0,0.0596,,,0.15,9.0,8.7695,,,30.7882,-0.4618,554.1872,30.7882,0,52.4335
32448,島根県,美郷町,町村,4355.0,47.5327,13.3501,24.0872,12.752,1.217,2.6006,81.3441,32.4139,7.3752,20.3444,65.5706,19.0071,25.3837,28.8413,,282.92,31.64,15.393,11.1834,0.158,0.0,0.0,,,0.13,12.3,5.034,,,0.0,-0.3215,1010.333,68.8863,0,2.8916
32449,島根県,邑南町,町村,10163.0,45.4489,20.1134,19.7322,15.1086,1.043,1.9644,79.645,57.4287,19.8088,43.6381,10.1908,18.5323,50.582,23.8605,,419.29,56.88,24.2386,13.5658,0.6505,0.0,0.0176,,,0.18,14.1,8.0585,,,19.6792,-0.492,167.2734,49.1981,0,0.0
32501,島根県,津和野町,町村,6875.0,50.1443,12.6522,23.8003,12.9053,1.5418,3.0521,81.26,37.5947,,45.3221,85.0555,25.955,45.3442,39.7782,23.7858,307.03,26.64,22.3919,8.6767,1.3138,0.0,0.0375,,,0.16,9.6,10.0621,79.9596,85.18,0.0,-0.96,305.4545,72.7273,1,96.9018
32505,島根県,吉賀町,町村,6077.0,45.4609,12.691,19.596,8.3274,1.3823,2.7149,80.8748,28.4508,26.1812,37.9962,67.2409,21.4897,44.1428,33.555,,336.5,26.1,18.0594,7.7563,0.6513,0.0,0.0383,,,0.16,7.1,8.1934,80.7917,85.6255,16.4555,-0.6418,164.5549,49.3665,0,21.0374
32525,島根県,海士町,町村,2267.0,40.1536,14.211,16.8868,6.5094,1.2351,2.383,74.505,17.3916,,38.0309,71.3388,4.2286,29.1741,6.4312,,33.44,7.77,67.7931,23.2356,1.6731,0.0,0.1287,,,0.1,9.8,6.123,,,0.0,0.7058,264.667,88.2223,0,0.0
32526,島根県,西ノ島町,町村,2788.0,48.5871,15.7312,21.6466,4.3293,1.1119,2.2383,78.2249,67.2807,24.2542,26.3104,70.5561,10.2883,32.3278,44.019,5.8023,55.97,5.84,49.8124,10.4342,2.911,0.0,0.0,,,0.1,12.7,4.002,,,71.736,-0.1076,215.208,35.868,0,26.6801
32527,島根県,知夫村,町村,634.0,46.7905,17.0492,27.3529,3.8235,0.7886,1.6129,77.6596,40.7401,,,,8.9503,55.5556,1.5,,13.7,2.63,46.2774,19.1971,0.3802,0.0,0.0,,,0.06,10.5,3.5178,,,0.0,-1.1041,315.4574,0.0,0,0.0
32528,島根県,隠岐の島町,町村,13433.0,41.5075,9.9573,20.2771,8.2122,1.3251,2.7406,78.7277,54.0451,28.4051,46.9663,58.4415,11.5539,49.2854,31.1287,24.2879,242.62,32.25,55.3664,13.2924,2.5116,0.0,0.062,,,0.19,10.4,6.9418,,,14.8887,-0.5881,223.3306,37.2218,0,18.3366
33100,岡山県,岡山市,政令市,724691.0,27.0133,2.2638,10.8164,5.8663,1.9018,4.0005,71.7267,91.8986,88.1804,89.4853,69.6943,9.8322,80.5814,49.9765,82.819,789.95,441.11,917.3884,55.8402,6.8396,0.1111,0.0589,48.7724,90.56,0.74,5.1,15.3646,80.5099,84.7198,15.1789,-0.2789,66.2351,2.8978,1,16.8747
33202,岡山県,倉敷市,市,474592.0,27.9183,1.7313,9.7213,6.7688,1.5675,3.4292,74.0622,89.7464,87.0868,89.0878,53.994,8.9945,74.8745,51.6742,95.9788,356.07,256.85,1332.8615,72.1347,5.4701,0.2063,0.0857,61.5592,100.57,0.83,2.9,8.6794,80.4237,84.6675,13.4853,-0.1431,63.4229,31.1847,1,8.4063
33203,岡山県,津山市,市,99937.0,31.8188,5.3655,12.4309,10.5831,1.553,3.0988,75.2489,68.2245,62.401,73.8081,74.0042,12.506,60.0972,38.7057,50.2791,506.33,152.41,197.3752,30.1009,2.7295,0.0262,0.0328,67.5593,121.98,0.51,12.4,7.6141,80.013,84.9671,24.0151,-0.4253,142.0895,49.0309,0,14.3552
33204,岡山県,玉野市,市,56531.0,39.1402,2.5911,16.0616,7.6853,1.6752,3.6649,75.3077,82.2958,80.2945,70.9268,80.463,10.167,51.5552,47.7986,75.2904,103.44,44.36,546.5101,42.8848,2.6826,0.1127,0.0902,79.5802,117.61,0.52,4.0,9.0859,79.9113,84.1624,21.2273,-0.3255,118.519,33.6099,0,54.3872
33205,岡山県,笠岡市,市,46088.0,38.1949,4.8339,16.3153,10.4748,2.4019,5.0939,75.242,69.4596,68.0882,59.5948,60.3562,11.9537,54.681,40.5061,51.3465,136.07,84.43,338.708,62.0489,1.7766,0.0118,0.0474,78.9531,114.45,0.56,6.5,8.9801,80.3012,85.077,10.8488,-0.2799,156.2229,39.0557,0,18.6512
33207,岡山県,井原市,市,38384.0,37.7875,6.1248,14.5365,15.5097,1.9305,3.8062,75.7648,59.7507,47.9518,52.8041,72.863,12.5563,49.2421,25.0348,58.711,243.54,84.38,157.6086,34.6473,0.9481,0.1541,0.0356,78.4342,125.98,0.39,9.0,11.6943,80.4841,85.338,10.421,-0.5653,200.6044,44.2893,0,20.1916
33208,岡山県,総社市,市,69030.0,28.6401,4.0694,9.4694,10.9769,1.5327,3.1726,73.3848,73.1835,74.7744,72.6572,44.7861,11.8479,73.0077,40.2688,72.4116,211.9,78.62,325.7669,37.1024,1.9588,0.1908,0.0254,68.7846,113.34,0.56,7.2,9.7521,80.5197,85.1076,8.6919,0.1086,91.2647,40.5621,0,12.8363
33209,岡山県,高梁市,市,29072.0,42.8949,10.5112,16.9419,12.315,1.2761,2.6015,75.1624,58.0695,51.471,46.564,71.3082,20.0198,42.3919,19.5479,27.5301,546.99,119.02,53.1491,21.7591,0.8318,0.0756,0.042,67.9966,112.5,0.3,11.9,11.4222,79.7987,84.6549,24.0782,-1.1454,323.3352,41.2768,1,53.0751
33210,岡山県,新見市,市,28079.0,43.332,14.3524,16.6386,16.9133,1.5492,3.0733,77.8021,49.0549,33.2081,41.9583,72.0805,18.4326,40.5088,23.1345,41.512,793.29,102.86,35.3956,12.9663,0.8653,0.0,0.0194,75.3142,128.92,0.26,8.8,11.5155,80.2389,85.1285,21.3683,-0.9865,345.4539,56.9821,0,11.0256
33211,岡山県,備前市,市,32320.0,40.0083,4.1669,16.7361,10.8375,1.7265,3.5979,76.3288,63.5545,46.2857,51.4043,75.4585,16.2524,43.9502,29.97,18.4115,258.13,47.79,125.2082,18.5139,2.0925,0.0,0.0418,82.0652,122.21,0.41,9.9,10.0135,80.1796,85.4622,27.8465,-0.69,194.9257,34.0347,0,9.3654
33212,岡山県,瀬戸内市,市,36048.0,34.1081,8.9014,13.3571,10.784,1.8947,3.8557,75.9876,72.4064,62.6792,55.0359,81.9496,14.5774,49.0266,19.953,0.4754,125.46,68.86,287.3266,54.886,1.0746,0.0871,0.0145,80.3623,119.29,0.55,8.6,14.6813,80.3619,84.8522,13.8704,-0.3495,174.767,36.063,0,0.0
33213,岡山県,赤磐市,市,42661.0,34.0865,7.897,13.172,9.8318,1.6994,3.4074,78.2779,75.9663,64.2881,59.8162,83.572,15.2178,78.0579,34.6648,55.602,209.36,76.74,203.7686,36.6546,1.1207,0.0782,0.013,84.7572,127.31,0.43,7.2,11.0908,80.763,85.4262,21.0966,-0.218,100.7946,39.849,0,12.9062
33214,岡山県,真庭市,市,42725.0,40.1295,12.8469,15.2462,20.6894,1.3528,2.5745,80.5839,54.4697,45.0215,48.6694,30.8411,20.3768,43.4332,33.6617,13.524,828.53,174.32,51.5672,21.0397,0.9006,0.0057,0.0115,82.2602,138.16,0.29,10.3,12.3938,80.2687,85.4659,11.7028,-0.5992,208.309,51.4921,0,21.231
33215,岡山県,美作市,市,25939.0,41.4708,10.9561,18.7622,13.9299,1.8197,3.6271,78.9938,40.4976,35.0957,38.9103,57.9189,20.3219,21.4791,39.4657,5.5269,429.29,98.99,60.423,23.059,0.9193,0.0202,0.0101,82.1218,131.42,0.28,11.3,7.3208,79.937,85.3801,19.276,-0.7286,239.0223,57.828,0,179.9308
33216,岡山県,浅口市,市,32772.0,36.7478,3.9366,13.6367,12.6042,1.8064,3.8061,75.342,65.2454,52.4715,66.0185,28.5871,12.5756,55.7896,35.8159,25.2442,66.46,37.0,493.1086,55.6726,1.0811,0.0811,0.0811,85.4694,133.15,0.42,8.8,9.8564,80.759,85.5175,12.2055,-0.18,128.1582,21.3597,0,14.8833
33346,岡山県,和気町,町村,13623.0,40.4228,7.0037,16.2619,13.1499,1.8205,3.8396,75.4385,53.407,47.4699,48.0009,31.361,18.8117,34.7768,28.7642,,144.21,34.97,94.4664,24.2494,0.6577,0.0,0.0286,,,0.32,8.3,13.0341,80.7765,85.8306,0.0,-0.367,168.8321,44.0432,0,1.1392
33423,岡山県,早島町,町村,12368.0,27.3504,1.7889,10.4121,9.7253,1.5847,3.355,77.1618,94.6912,71.6069,86.0291,34.5486,21.2325,71.8523,54.175,90.6282,7.62,6.7,1623.0971,87.9265,2.8358,0.1493,0.0,,,0.66,6.5,10.1682,80.7178,85.3504,24.2561,0.1375,72.7684,24.2561,0,50.4146
33445,岡山県,里庄町,町村,10950.0,31.5708,2.5696,12.5242,10.8527,1.6256,3.3738,76.3754,73.0938,77.9518,89.3875,39.5674,11.4665,56.6163,52.4673,13.1515,12.23,8.38,895.3393,68.52,2.6253,0.2387,0.0,,,0.51,7.3,9.8743,80.5435,85.4044,27.3973,-0.3014,63.9269,9.1324,0,9.1278
33461,岡山県,矢掛町,町村,13414.0,39.3129,8.1516,13.8187,17.9503,1.8339,3.6656,76.6845,39.1965,38.5957,45.1446,36.8496,18.2323,38.9807,45.1209,7.0452,90.62,32.52,148.0247,35.8861,0.7688,0.0,0.0308,,,0.32,9.1,6.32,80.3964,85.706,0.0,0.1193,208.7371,22.3647,0,35.1357
33586,岡山県,新庄村,町村,813.0,44.7115,26.2557,17.8248,20.5438,1.353,2.4499,83.1224,42.8197,42.5819,,,23.4571,45.491,21.7896,,67.11,6.16,12.1144,9.179,0.487,0.0,0.0,,,0.18,5.0,6.1784,80.366,85.0832,0.0,-2.091,615.0062,123.0012,0,198.305
33606,岡山県,鏡野町,町村,12062.0,38.7444,14.0238,16.7822,15.8727,1.7742,3.5059,80.3806,38.5469,35.0196,30.5593,62.8201,17.3705,19.1686,22.2781,6.7096,419.68,52.53,28.7409,12.5167,0.4378,0.019,0.0,,,0.29,11.5,15.9578,80.7431,85.6605,0.0,-0.5803,273.5865,66.324,0,9.8768
33622,岡山県,勝央町,町村,10888.0,31.5517,10.4319,12.6256,13.5818,1.745,3.4302,78.4091,50.9297,40.4455,46.5143,54.2688,16.3922,39.7156,40.8662,32.0253,54.05,30.72,201.4431,56.8363,1.1068,0.0,0.0326,,,0.48,13.6,8.4864,80.4583,84.5353,27.5533,-0.2939,101.0287,18.3688,0,45.0354
33623,岡山県,奈義町,町村,5578.0,34.9956,15.073,15.0982,17.787,1.2191,2.2078,76.4595,47.7336,38.1578,47.2183,33.5257,12.8193,24.545,63.1429,7.8097,69.52,20.22,80.2359,29.0852,0.6429,0.0,0.0,,,0.3,8.2,12.9847,80.238,84.5386,17.9276,-3.0298,250.986,35.8551,0,19.7413
33643,岡山県,西粟倉村,町村,1398.0,38.7313,11.6598,18.2609,17.2174,1.8598,3.4437,77.1094,23.7184,24.628,,38.5218,18.3043,49.161,57.0316,,57.97,4.18,24.1159,7.2106,0.4785,0.2392,0.0,,,0.12,10.6,5.4724,80.4427,84.7394,0.0,0.6438,143.0615,143.0615,0,0.7675
33663,岡山県,久米南町,町村,4530.0,45.5061,25.3147,21.5884,12.0246,1.2583,2.4989,77.1955,42.6199,39.5269,39.2953,48.4492,22.8998,52.4854,19.6546,,78.65,23.63,57.5969,30.0445,0.4232,0.0,0.0,,,0.22,12.5,7.2926,80.2411,85.1591,22.0751,-0.574,286.9757,44.1501,0,29.7634
33666,岡山県,美咲町,町村,13053.0,41.4558,16.4377,18.8073,15.7359,1.7697,3.5192,79.1501,35.2,28.8138,18.9633,47.166,20.651,12.8959,19.0685,8.1114,232.17,60.21,56.2217,25.9336,0.2823,0.0,0.0,,,0.26,9.8,12.8232,79.0136,84.4101,38.3054,-0.5899,214.5101,53.6275,0,14.4266
33681,岡山県,吉備中央町,町村,10886.0,42.4568,19.378,18.0425,13.8679,1.4973,2.8467,74.7621,33.5389,24.3538,20.0461,39.8352,22.76,18.8669,32.1285,14.8879,268.78,73.4,40.5015,27.3086,0.2452,0.0,0.0136,,,0.28,8.3,6.9047,80.4888,84.8059,0.0,-0.1378,275.5833,36.7444,0,16.4721
34100,広島県,広島市,政令市,1200754.0,26.2754,0.8436,11.465,3.6742,1.7099,3.5145,72.8709,93.6553,69.7178,94.4232,92.2839,5.691,88.7893,59.3392,96.2467,906.69,295.0,1324.3269,32.5359,18.861,0.2712,0.139,36.1483,80.01,0.78,10.9,14.9092,80.9377,84.9668,0.0833,-0.2086,45.9711,28.3155,1,8.3587
34202,広島県,呉市,市,214592.0,36.3459,2.4139,18.2291,5.1187,1.7801,3.6763,74.7172,86.6496,65.7064,83.7161,84.7225,8.8544,84.9891,43.9981,89.1618,352.04,146.56,609.5671,41.6316,5.786,0.0955,0.0682,57.3398,92.04,0.58,6.9,8.4244,79.7034,85.241,11.65,-0.8025,94.1321,19.106,1,13.484
34203,広島県,竹原市,市,23993.0,42.8677,4.8631,18.6931,6.8444,1.9922,4.2633,76.7079,60.1666,7.7719,68.1766,59.507,18.0237,52.7488,75.1297,62.0738,118.23,35.54,202.935,30.0601,3.1795,0.0,0.0563,73.5967,109.12,0.71,8.3,4.7601,80.2025,84.9301,8.3358,-0.4001,200.0584,29.1752,1,20.8405
34204,広島県,三原市,市,90573.0,36.0748,5.2842,15.7345,7.8134,1.5645,3.2374,76.5819,67.367,13.3904,65.5558,73.1293,14.0888,37.6535,53.5381,58.5414,471.51,154.77,192.0914,32.8243,2.4036,0.1228,0.0323,67.8533,107.14,0.53,7.7,8.3492,80.2329,84.7266,17.6653,-0.3688,165.6123,20.9776,1,6.1179
34205,広島県,尾道市,市,131170.0,37.0398,4.8074,16.3213,7.8635,1.6696,3.4213,76.1204,78.9175,19.4721,72.6183,74.0394,14.0721,51.9349,53.4191,64.5759,284.89,140.35,460.4233,49.2646,4.7382,0.0855,0.057,71.0405,107.8,0.51,6.7,9.7369,79.6311,84.4559,19.0592,-0.5474,149.4244,38.1185,1,10.979
34207,広島県,福山市,市,460930.0,29.3056,1.442,11.004,8.8083,1.674,3.5096,74.8142,85.5327,84.7623,86.1559,74.4673,8.4197,83.4144,44.627,87.1556,517.72,255.29,890.3075,49.3104,6.804,0.1567,0.0744,61.4017,106.33,0.78,1.5,12.8142,80.114,85.0861,16.9223,-0.6368,84.1776,21.9122,1,7.0672
34208,広島県,府中市,市,37655.0,38.7954,3.164,14.3181,14.2514,2.0582,4.2094,76.6571,70.9982,14.441,70.0529,75.754,9.1772,3.2918,40.4155,79.8616,195.75,45.68,192.3627,23.3359,3.2618,0.0219,0.0657,76.1905,121.33,0.43,9.7,6.5388,80.2851,84.381,13.2784,-1.4978,185.8983,23.9012,1,15.9706
34209,広島県,三次市,市,50681.0,36.6982,10.5415,16.0107,10.6942,1.2963,2.5677,78.6089,62.9339,17.9076,55.9605,65.3549,19.5875,9.5108,66.48,34.0939,778.18,188.21,65.1276,24.1859,1.3071,0.0106,0.0159,71.2219,113.35,0.34,6.7,6.8736,80.2191,84.6927,23.6775,-0.3335,254.5333,41.4356,0,27.2823
34210,広島県,庄原市,市,33633.0,44.2118,18.7533,17.7773,16.1168,1.2071,2.3383,79.2446,44.7499,15.5244,38.7064,67.8793,19.0288,0.3011,42.4917,22.6336,1246.49,189.02,26.9822,15.1642,0.6349,0.0053,0.0212,73.7605,123.44,0.26,11.0,5.8143,80.0239,85.0569,20.8129,-0.6601,386.5251,41.6258,0,123.2151
34211,広島県,大竹市,市,26319.0,36.2534,2.4985,15.1971,5.7918,2.0783,4.4277,74.8348,82.3119,51.145,83.4888,78.6046,11.4861,38.0776,51.2662,90.8947,78.66,20.11,334.5919,25.5657,3.5306,0.0497,0.0497,62.5442,102.03,0.73,13.8,4.9333,80.7161,85.4813,18.9977,-0.3268,136.7833,18.9977,1,11.0078
34212,広島県,東広島市,市,196608.0,24.769,3.6123,8.2778,4.8295,1.4562,2.9672,70.9265,75.8929,11.4373,77.8675,66.1779,13.5444,36.9066,53.4134,40.48,635.15,236.51,309.5458,37.2369,2.1986,0.0338,0.0381,53.8885,94.52,0.85,1.6,10.3748,81.4502,85.4932,13.2243,-0.1892,74.7681,14.2415,1,13.0822
34213,広島県,廿日市市,市,114173.0,31.4432,2.1448,12.1223,5.3393,1.5345,3.0862,76.1271,90.9343,21.8579,85.3352,88.5673,9.9031,22.438,30.7587,88.4769,489.49,66.49,233.2489,13.5835,5.7452,0.1053,0.0752,64.773,105.72,0.58,5.0,9.2884,81.2064,85.4414,15.7655,0.1104,58.6829,24.5242,0,44.5055
34214,広島県,安芸高田市,市,26448.0,40.6261,10.7424,18.2685,10.8739,1.1986,2.3403,78.3356,44.6743,14.0928,46.4985,62.4724,26.9661,11.8666,51.8766,,537.71,110.75,49.1864,20.5966,0.6411,0.0181,0.0181,83.8123,140.16,0.33,12.3,6.86,80.1707,85.0818,11.343,-0.4121,257.1083,41.591,0,2.5986
34215,広島県,江田島市,市,21930.0,45.1753,12.3166,23.0044,5.9968,1.6279,3.2888,75.46,76.943,9.9587,48.4719,69.1841,12.6285,34.6015,58.1816,24.9307,100.65,44.44,217.8838,44.153,1.9352,0.0,0.0225,78.4632,114.9,0.3,7.0,6.0684,79.9734,84.1909,4.56,-0.1642,91.1993,36.4797,0,20.3964
34302,広島県,府中町,町村,51155.0,24.7711,0.2818,11.6138,3.6536,1.6792,3.2975,74.9244,99.294,60.5498,95.5135,97.3765,2.1497,37.665,80.3114,99.1581,10.41,5.93,4914.025,56.9645,28.1619,0.8432,0.1686,35.1364,78.98,0.78,6.8,14.0329,81.3778,85.1945,11.7291,-1.0791,33.2323,9.7742,0,17.0711
34304,広島県,海田町,町村,29636.0,23.5344,0.5134,10.7894,3.9742,2.0414,4.0282,74.1783,97.2491,68.7533,91.0599,96.4009,6.6285,26.1021,57.6515,99.027,13.79,7.19,2149.0935,52.1392,14.7427,0.4172,0.2782,34.3814,76.8,0.78,5.7,5.6085,80.2059,84.7493,13.4971,-0.1687,30.3685,13.4971,1,6.0638
34307,広島県,熊野町,町村,22834.0,34.9036,1.5483,15.4892,5.2162,1.7824,3.7003,78.2904,79.5641,30.503,90.3258,62.8249,7.0701,59.1777,67.7062,46.0102,33.76,12.39,676.3626,36.7002,3.5513,0.2421,0.0807,81.4271,109.31,0.49,5.8,8.2335,80.4535,85.101,21.8972,0.5737,30.656,8.7589,0,3.5932
34309,広島県,坂町,町村,12582.0,29.7319,1.7127,14.3294,5.9307,1.8201,3.7382,74.7232,86.1685,17.2306,80.286,69.0328,18.9937,62.1922,48.8372,96.1835,15.69,7.86,801.912,50.0956,4.1985,0.0,0.1272,,,0.6,3.5,7.9374,80.0936,84.824,7.9479,-1.4147,39.7393,15.8957,0,9.9199
34368,広島県,安芸太田町,町村,5740.0,52.2342,8.9541,25.9216,11.1758,0.993,2.0994,81.5244,35.8551,17.1151,35.4625,76.2651,32.0901,20.7116,31.573,,341.89,40.35,16.789,11.802,0.7187,0.0,0.0248,,,0.19,12.3,4.7239,80.3021,84.8362,0.0,-0.9233,592.3345,34.8432,0,0.0
34369,広島県,北広島町,町村,17763.0,39.6236,15.8801,16.1518,11.0079,1.1034,2.0053,77.2906,38.9294,10.8567,39.2553,63.9965,24.551,30.3988,39.032,2.8311,646.2,110.15,27.4884,17.0458,0.5901,0.0,0.0272,83.1655,143.91,0.35,13.7,6.6678,80.2692,84.8666,28.1484,-0.152,320.8917,61.9265,0,21.0786
34431,広島県,大崎上島町,町村,7158.0,45.9178,15.4505,25.1681,6.6063,0.8941,1.99,73.1707,47.5628,20.6706,30.8771,54.7295,16.1101,6.6525,69.6702,,43.11,27.7,166.0404,64.2542,0.7581,0.0361,0.0722,,,0.29,12.7,6.7492,80.6955,84.5886,41.9111,0.5029,265.4373,13.9704,0,2.7625
34462,広島県,世羅町,町村,15125.0,42.7397,24.6836,16.0435,16.7682,1.4545,2.6826,81.8416,36.9628,1.374,37.6679,36.6911,19.7519,36.1707,57.5683,0.3305,278.14,85.69,54.3791,30.8082,0.7235,0.0,0.0117,79.6327,132.2,0.32,9.7,5.3416,80.6527,84.6853,13.2231,-1.3554,297.5207,13.2231,0,103.1908
34545,広島県,神石高原町,町村,8250.0,49.7511,24.2933,20.6627,18.3434,1.3576,2.5095,82.7046,19.9463,16.348,16.3257,24.0809,29.9987,,31.1063,,381.98,71.23,21.598,18.6476,0.3089,0.014,0.014,,,0.2,5.6,4.9312,80.9868,85.3272,0.0,-0.8606,206.0606,145.4545,0,48.9839
35201,山口県,下関市,市,255051.0,36.4263,3.9141,16.8647,6.0723,1.7428,3.6029,75.5393,85.1069,83.4979,85.1543,75.815,11.2815,71.4805,57.005,83.0194,716.28,242.92,356.0772,33.9141,4.3471,0.0741,0.0576,55.9638,95.45,0.54,10.1,7.8656,79.59,84.7152,17.2515,-0.496,131.3463,25.8772,1,14.3467
35202,山口県,宇部市,市,162570.0,33.7893,1.9606,14.7552,6.1935,1.6934,3.5279,74.5864,84.4184,88.183,85.1274,80.3403,8.7144,62.111,57.7068,66.8941,287.05,137.28,566.3473,47.8244,4.3124,0.1457,0.0583,60.5591,95.94,0.7,2.7,8.1303,80.0122,84.1428,12.9175,-0.4103,89.8075,36.9072,1,16.4496
35203,山口県,山口市,市,193966.0,30.3626,4.3151,11.939,6.0524,1.7482,3.5504,73.8972,79.9719,74.1961,80.7586,77.3428,15.9797,65.2969,47.6643,57.7497,1023.22,249.35,189.5643,24.3691,2.6349,0.0682,0.0401,54.1901,97.4,0.62,5.6,8.1072,80.6458,85.5365,11.3422,-0.1114,129.9197,37.6355,1,17.5828
35204,山口県,萩市,市,44626.0,44.9039,12.123,21.346,8.8749,1.5932,3.1699,79.0563,66.8233,64.1234,64.1125,74.3776,16.2152,60.1111,35.3329,24.7077,698.31,131.51,63.9057,18.8326,1.901,0.0,0.0228,72.4103,114.56,0.32,5.6,7.3934,79.7082,84.5546,17.9268,-0.7014,293.5508,76.1888,0,20.6047
35206,山口県,防府市,市,113979.0,30.9005,2.441,14.0213,6.4032,1.6564,3.3637,75.2885,80.6279,84.3782,85.3149,67.2306,10.6304,81.151,67.7551,71.7732,189.37,91.89,601.8852,48.5241,3.6021,0.1632,0.0544,64.9716,102.96,0.75,3.2,9.7048,79.9356,84.2271,13.1603,0.2676,97.3864,19.3018,1,9.1184
35207,山口県,下松市,市,55887.0,29.1387,1.5204,13.9037,4.509,1.614,3.574,75.7913,92.3714,84.0529,87.097,62.4839,11.7322,73.7571,62.2276,66.8752,89.34,35.6,625.5541,39.8478,3.5955,0.2247,0.0843,61.7528,98.02,0.83,4.1,13.9236,80.1868,84.1041,14.3146,0.0716,85.8876,16.1039,0,9.6033
35208,山口県,岩国市,市,129125.0,36.2789,2.9211,17.2761,5.5053,1.4985,3.2015,76.8711,83.5837,67.1073,77.4535,81.284,13.1557,78.8625,35.7356,70.0685,873.67,161.87,147.7961,18.5276,2.1808,0.1544,0.0556,66.1715,104.79,0.54,4.2,11.1529,79.7272,84.04,13.1655,-0.625,169.6031,23.2333,0,14.4561
35210,山口県,光市,市,49798.0,36.2345,2.4786,15.6301,6.2848,1.4699,3.2391,77.2815,78.8821,68.7135,77.2052,54.2418,12.0646,75.854,55.824,75.1804,92.13,43.24,540.5188,46.9337,3.1684,0.1619,0.0463,71.8602,106.07,0.61,6.0,7.474,80.4262,84.8439,6.0243,-0.4016,134.5436,30.1217,0,11.9157
35211,山口県,長門市,市,32519.0,44.7833,11.6204,20.1774,11.6424,1.6852,3.3663,79.2851,53.4655,42.3049,50.7965,63.7855,17.0531,43.9823,47.1764,8.0206,357.31,88.63,91.0106,24.8048,1.6811,0.0338,0.0226,77.9942,120.9,0.32,6.1,7.6932,79.4999,84.2771,30.7513,-0.329,267.5359,58.4274,1,15.9909
35212,山口県,柳井市,市,30799.0,39.5748,5.703,20.1194,6.4307,1.7923,3.889,76.9056,73.2251,61.0257,66.7534,51.4884,12.4562,65.4182,52.6349,46.0272,140.03,58.56,219.9457,41.8196,3.5178,0.0512,0.0512,71.7125,111.23,0.5,9.2,7.2627,79.618,84.5973,12.9874,0.0032,279.2298,22.728,0,11.7364
35213,山口県,美祢市,市,23247.0,45.0875,11.2456,17.7614,13.1795,1.6862,3.347,78.2165,41.0507,38.5742,42.507,51.5609,32.9631,48.3994,46.8817,25.7277,472.64,112.17,49.1854,23.7327,0.5884,0.0178,0.0178,81.3778,132.17,0.39,8.1,8.1582,79.6428,84.4973,17.2065,-0.5721,400.0516,38.7147,0,42.324
35215,山口県,周南市,市,137540.0,33.6124,2.5059,14.6856,5.3625,1.4832,3.1809,76.0544,82.8263,80.1558,82.3078,75.4253,11.8538,65.8363,50.5787,81.0758,656.29,145.84,209.572,22.2219,4.121,0.1371,0.0411,58.8954,99.35,0.76,9.0,9.4397,80.0434,84.7589,16.7224,-0.2567,103.2427,23.993,1,13.5695
35216,山口県,山陽小野田市,市,60326.0,34.9518,2.9297,15.7818,7.2018,1.9378,4.0471,75.4999,72.4724,82.5663,78.4368,79.4086,11.746,62.6859,76.5555,81.7191,133.09,71.15,453.2722,53.4601,2.4315,0.0984,0.0562,67.393,103.28,0.55,7.8,14.2426,79.6071,84.7443,16.5766,-0.0879,117.6939,13.2613,0,49.579
35305,山口県,周防大島町,町村,14798.0,55.3141,20.7991,30.007,5.5905,1.3921,3.2761,77.4593,52.1418,56.396,27.633,54.6799,19.7371,45.3488,40.9661,0.161,138.1,67.48,107.1542,48.8631,0.652,0.0148,0.0148,,,0.23,12.2,5.2193,79.2952,84.1151,20.273,0.3311,439.2485,67.5767,0,6.482
35321,山口県,和木町,町村,6034.0,28.9627,0.7443,14.7534,4.9313,1.8727,4.0357,77.1545,80.1763,58.5447,74.4261,74.4914,9.3104,74.2504,49.324,96.6465,10.58,4.46,570.3214,42.155,2.2422,0.0,0.0,,,0.62,5.8,8.8981,79.4368,84.831,16.5728,-7.0434,82.8638,16.5728,0,52.4196
35341,山口県,上関町,町村,2342.0,58.6602,14.4222,35.28,6.08,1.2383,2.6952,77.7677,76.189,9.3353,,33.3218,7.5777,26.8639,14.6919,,34.69,12.48,67.5123,35.9758,0.4808,0.0801,0.0,,,0.11,8.1,6.5202,78.8474,84.9406,0.0,-0.8967,597.7797,0.0,0,0.0
35343,山口県,田布施町,町村,14483.0,37.7336,4.3039,15.8738,9.278,1.4707,3.0643,76.7236,46.4365,59.7237,55.1741,33.4451,11.426,33.4322,53.4864,16.6666,50.42,24.53,287.2471,48.6513,1.1822,0.0815,0.0408,,,0.44,10.5,9.9984,79.9676,84.3523,27.6186,-0.9528,193.3301,6.9046,0,4.4906
35344,山口県,平生町,町村,11914.0,41.2445,4.3673,16.932,7.5667,1.771,3.9513,77.5934,70.7448,59.8169,50.0074,59.6559,11.9728,33.5907,75.2835,37.4971,34.54,18.56,344.9334,53.7348,1.5625,0.0539,0.0539,,,0.39,12.5,6.0928,80.1755,85.1564,16.787,-0.3609,176.2632,0.0,0,0.5017
35502,山口県,阿武町,町村,3055.0,51.1889,25.2798,24.4853,11.8382,1.5057,2.9393,81.3242,52.7664,30.9035,50.6139,72.5951,26.1801,58.1402,33.7306,,115.95,18.11,26.3476,15.6188,0.3865,0.0,0.0552,,,0.15,-0.9,5.3321,79.7458,84.4806,32.7332,-0.3601,621.9313,32.7332,0,0.0
36201,徳島県,徳島市,市,252391.0,30.1542,3.4026,11.5711,5.622,1.8875,4.0212,73.3675,95.1787,73.2275,91.3551,79.032,10.9298,85.6827,47.0323,78.5018,191.52,141.08,1317.831,73.6633,10.9158,0.1205,0.0851,47.3658,92.49,0.77,5.9,7.8361,80.0463,84.4269,13.075,-0.1878,101.8261,64.1861,1,12.8005
36202,徳島県,鳴門市,市,54622.0,35.8337,9.6573,14.5943,10.1089,2.0175,4.2108,74.5883,82.4988,37.7992,71.728,66.7512,14.8122,65.4136,54.3679,63.0765,135.66,64.68,402.639,47.678,3.3241,0.1237,0.0309,69.7632,111.86,0.61,12.5,7.7703,79.7687,83.6913,16.4769,-0.5456,126.3227,45.7691,0,15.3881
36203,徳島県,小松島市,市,36149.0,36.3716,7.8639,14.2942,9.8649,2.3016,4.7882,75.1067,79.0046,54.8478,80.5547,70.775,19.3671,73.658,54.6386,37.0152,45.37,38.8,796.76,85.5191,3.299,0.0258,0.0515,74.2198,112.59,0.55,13.2,6.7242,79.7716,84.0221,11.0653,-1.1065,105.1205,47.0276,0,5.531
36204,徳島県,阿南市,市,69470.0,34.2038,8.7553,13.64,11.7181,2.2225,4.6611,75.9149,66.7035,35.529,57.9796,63.1659,17.1663,62.8656,38.9494,42.9346,279.25,129.66,248.7735,46.4315,1.5271,0.0848,0.0308,76.6901,128.08,0.75,5.0,10.2281,80.1055,84.3201,12.9552,-0.5096,135.3102,44.6236,1,7.7403
36205,徳島県,吉野川市,市,38772.0,38.6045,6.0453,15.8573,12.6004,1.9602,4.2192,77.5123,86.421,56.9897,63.4856,53.4127,15.633,47.5617,19.6331,36.6262,144.14,61.62,268.9885,42.7501,2.4992,0.0,0.0325,78.0907,127.56,0.36,7.4,9.6423,78.8376,84.3329,12.8959,-0.539,126.3799,67.0587,0,11.9552
36206,徳島県,阿波市,市,34713.0,38.6334,17.9391,14.2197,17.4147,2.5725,5.1408,77.5553,60.7499,26.3656,50.0763,8.3311,14.2273,34.616,32.8838,0.0004,191.11,90.67,181.6388,47.4439,0.8933,0.0,0.0221,87.3836,144.11,0.35,7.8,10.4281,79.2892,84.0422,2.8808,-0.9852,132.5152,25.9269,0,3.9314
36207,徳島県,美馬市,市,28055.0,40.2922,8.0781,16.9867,14.0573,1.768,3.8048,77.8437,61.3262,38.5466,52.6908,4.8755,17.581,36.7144,22.8934,3.098,367.14,76.82,76.415,20.9239,1.1846,0.0391,0.026,80.9349,136.75,0.3,9.4,7.2937,79.5355,84.4059,21.3866,-0.4634,131.8838,39.2087,0,4.6762
36208,徳島県,三好市,市,23605.0,47.4476,5.9109,21.8276,11.3274,1.6522,3.5737,79.5376,59.7968,52.698,45.4493,71.8914,25.4324,51.8952,16.8175,29.8886,721.42,87.48,32.7202,12.1261,1.086,0.1257,0.0343,80.7112,118.06,0.23,6.7,6.0946,,,16.9456,-0.7414,220.2923,50.8367,0,10.7537
36301,徳島県,勝浦町,町村,4837.0,46.421,26.4045,19.0761,18.4239,1.1991,2.1261,79.4346,23.0228,22.7126,61.3023,50.1023,21.7763,26.5079,15.124,,69.83,22.59,69.2682,32.35,0.4427,0.0,0.0443,,,0.23,4.9,7.7347,79.176,83.6816,20.674,-0.5582,186.0657,41.3479,0,6.5497
36302,徳島県,上勝町,町村,1380.0,52.2111,36.7868,27.2441,10.2362,1.0145,2.0588,82.5098,34.837,29.1203,,54.3942,16.5048,25.0721,5.9,,109.63,12.72,12.5878,11.6027,0.3931,0.0,0.0,,,0.13,4.8,4.9418,79.8634,84.4814,0.0,-1.3768,289.8551,144.9275,0,5.2399
36321,徳島県,佐那河内村,町村,2058.0,47.9215,39.7727,15.6047,22.4967,1.8465,2.9921,81.6402,21.9049,19.2712,21.1466,45.0743,23.3942,25.7955,21.2744,25.8601,42.28,13.19,48.6755,31.1968,0.3791,0.0,0.0,,,0.15,1.8,4.1193,79.5042,84.5373,0.0,0.0,242.9543,145.7726,0,21.6156
36341,徳島県,石井町,町村,24833.0,33.7904,8.637,13.1469,12.1452,2.0537,4.3056,76.4634,85.1309,29.3608,77.2957,64.9991,14.707,48.4957,43.9814,50.7362,28.85,25.71,860.7626,89.1161,3.0727,0.2334,0.0389,76.8008,121.58,0.49,5.6,12.7107,79.7911,83.754,8.0538,-0.1208,140.9415,40.269,0,5.1035
36342,徳島県,神山町,町村,4647.0,52.6481,30.2437,24.5405,14.4064,1.9367,3.7688,81.1685,35.2932,24.7815,14.2177,65.3545,20.0898,13.3742,9.3216,,173.3,24.58,26.8148,14.1835,0.5696,0.0,0.0407,,,0.19,2.7,15.8745,80.3974,84.8683,86.077,0.6025,387.3467,150.6348,0,605.3583
36368,徳島県,那賀町,町村,7367.0,52.1297,18.0256,23.1423,12.8149,1.5067,3.1312,83.0365,33.5311,28.347,23.9174,68.9241,30.9144,36.2727,5.9296,,694.98,37.64,10.6003,5.416,0.797,0.0,0.0266,,,0.2,8.9,9.7425,80.3824,84.156,27.1481,-0.9366,176.4626,54.2962,0,15.1344
36383,徳島県,牟岐町,町村,3743.0,53.9301,14.0147,24.9416,6.8925,1.8434,4.0517,81.4804,67.8733,60.0142,74.0605,56.9419,18.8864,42.8824,41.0184,31.6766,56.62,7.69,66.1074,13.5818,2.0806,0.0,0.0,,,0.16,8.6,8.5094,79.6109,84.1667,0.0,-1.2824,293.8819,106.8662,0,12.9041
36387,徳島県,美波町,町村,6222.0,49.2648,14.9197,23.0019,9.0432,1.9126,4.3542,77.7758,54.3583,55.033,37.5137,56.254,28.7902,54.3019,14.6392,7.1271,140.74,16.01,44.2092,11.3756,1.4366,0.0,0.0,,,0.16,6.5,10.8974,80.4918,84.8022,0.0,-0.9322,353.5841,32.144,1,2.0894
36388,徳島県,海陽町,町村,8358.0,47.2507,15.3904,22.2444,8.404,1.5075,3.0664,79.1465,48.6145,29.4839,55.9904,50.6313,21.3161,42.6702,22.7843,3.04,327.67,28.86,25.5074,8.8076,1.6979,0.0347,0.0347,,,0.19,1.5,7.3539,79.3581,84.0004,23.9292,-0.4666,323.0438,47.8583,0,17.7459
36401,徳島県,松茂町,町村,14583.0,26.8021,7.453,10.2661,7.0386,2.064,3.9958,71.9562,90.4873,82.7058,84.4008,59.2184,14.3815,67.983,72.523,63.707,14.34,14.3,1016.9456,99.7211,3.5664,0.2797,0.0,,,0.82,-3.0,13.502,80.234,84.0005,13.7146,-0.6172,34.2865,13.7146,0,13.9604
36402,徳島県,北島町,町村,22745.0,26.06,2.444,10.5393,6.9869,1.5608,3.2173,76.8078,97.7328,68.7127,97.4807,72.9946,5.8202,79.3434,76.568,89.9941,8.74,8.74,2602.4027,100.0,7.8947,0.3432,0.0,65.8763,108.94,0.72,5.0,14.4044,80.3343,84.4923,17.5863,0.0659,52.7588,26.3794,0,5.2606
36403,徳島県,藍住町,町村,35246.0,25.8013,4.3186,10.2546,8.01,2.2669,4.8702,76.3106,97.5782,56.6291,91.9333,41.7687,8.6606,64.2654,51.9442,10.8055,16.27,16.27,2166.3184,100.0,7.6214,0.2459,0.0,67.1983,106.38,0.67,5.6,17.4808,79.788,83.7245,5.6744,-0.0738,34.0464,31.2092,0,0.9908
36404,徳島県,板野町,町村,13042.0,34.0774,10.2228,13.7917,13.6725,2.6376,5.335,73.8794,84.828,46.7504,83.6766,59.821,11.0203,30.9777,51.2242,,36.22,19.63,360.0773,54.1966,1.5283,0.2038,0.0509,,,0.45,4.8,8.7134,79.2297,84.2439,15.3351,0.1457,99.678,46.0052,0,0.0
36405,徳島県,上板町,町村,11384.0,36.4095,11.604,13.0671,14.5085,1.792,3.8017,75.6412,57.5794,38.2594,70.8033,39.0058,17.0887,15.9645,23.9673,,34.58,22.43,329.2076,64.8641,0.535,0.1783,0.0,,,0.38,5.7,9.2813,79.4684,83.8251,17.5685,-0.1933,166.9009,61.4898,0,12.6113
36468,徳島県,つるぎ町,町村,7715.0,48.2944,7.9236,24.2353,12.0294,3.0719,6.9096,79.3394,53.8458,43.1883,56.5015,37.5751,20.5351,56.3273,12.2724,,194.84,29.54,39.5966,15.1612,0.6432,0.1693,0.0339,,,0.18,11.0,6.2542,79.2658,83.8344,12.9618,-0.5833,233.3117,25.9235,0,5.9843
36489,徳島県,東みよし町,町村,13622.0,36.9937,8.0468,15.3623,14.8005,1.894,3.6826,78.6044,71.1653,34.255,78.286,62.7834,14.762,39.0674,31.7992,8.3095,122.48,25.56,111.2182,20.8687,2.3083,0.0782,0.0,,,0.29,8.2,7.5604,,,14.6821,-0.2276,168.8445,22.0232,0,24.7362
37201,香川県,高松市,市,417496.0,28.609,2.3136,11.9999,5.3274,1.6467,3.4414,75.1646,91.8863,88.8185,89.4951,73.8879,9.5961,80.5518,53.3365,57.9946,375.54,233.3,1111.7218,62.1239,8.877,0.18,0.06,52.2369,95.86,0.77,7.2,11.3589,79.992,84.0139,22.9942,-0.1495,96.2883,49.1023,1,9.2709
37202,香川県,丸亀市,市,109513.0,28.8895,3.7403,12.3222,7.2846,1.7313,3.6018,75.3184,87.2988,69.3122,88.4274,64.7703,9.7468,75.7328,52.8747,61.8233,111.83,81.74,979.2811,73.0931,5.5542,0.0734,0.0612,64.2746,112.35,0.6,9.6,10.7341,80.0723,85.1897,15.5233,0.0922,96.7922,39.2647,1,37.6413
37203,香川県,坂出市,市,50624.0,35.1665,4.8973,15.7448,8.4359,1.6257,3.5753,75.77,83.4691,68.1118,76.7635,71.1516,23.7199,71.695,51.2199,51.8005,92.49,66.24,547.3457,71.6186,2.3853,0.0755,0.0604,66.3721,116.05,0.78,8.5,10.7355,79.2731,85.1503,21.7288,-0.6479,165.9292,15.8028,1,13.264
37204,香川県,善通寺市,市,31631.0,32.0753,5.075,14.1722,8.679,2.1213,4.2458,71.9886,82.7159,59.9395,80.3276,72.8554,14.219,58.4007,80.9383,69.9819,39.93,30.86,792.1613,77.2852,5.0227,0.2916,0.0648,64.9961,114.25,0.51,5.8,15.9744,80.2417,85.1556,12.6458,-0.4679,126.4582,34.776,1,9.2623
37205,香川県,観音寺市,市,57438.0,34.0944,9.3022,12.8067,12.5753,1.4433,2.9443,77.2491,76.7214,61.1431,78.6998,53.013,10.954,46.1027,56.9472,29.2402,117.83,73.9,487.465,62.7175,2.8958,0.0271,0.0271,76.9472,124.34,0.59,9.6,12.7571,80.1948,85.4022,17.4101,-0.3882,114.9065,22.6331,1,12.6594
37206,香川県,さぬき市,市,47003.0,38.4522,7.0254,13.9917,10.5982,2.1254,4.4471,76.1479,70.3451,63.9236,66.2991,71.7938,13.1937,49.3432,47.1952,36.4874,158.62,76.14,296.3245,48.0015,1.865,0.0788,0.0525,77.7836,111.03,0.38,12.4,8.8021,80.5347,84.5832,8.5101,-0.4915,157.4368,25.5303,0,59.2505
37207,香川県,東かがわ市,市,28279.0,43.7312,8.5502,18.4403,9.9941,1.7681,3.6454,78.4155,62.1304,64.8783,63.828,56.6651,12.161,52.6339,46.0608,24.3252,152.86,49.21,184.9993,32.1929,2.0931,0.0,0.0203,86.7621,133.85,0.35,3.1,9.4723,79.6831,83.7452,10.6086,-0.2192,173.2735,24.7534,0,20.1631
37208,香川県,三豊市,市,61857.0,36.758,10.1136,13.5779,15.9661,1.6845,3.3654,77.3982,62.6434,49.3023,60.6111,68.2841,15.9177,34.0403,46.0053,15.4925,222.69,144.4,277.7718,64.8435,1.295,0.09,0.0208,85.6324,135.62,0.42,7.2,12.0675,80.2876,84.6703,19.3996,-0.485,171.363,40.4158,0,13.9378
37322,香川県,土庄町,町村,12846.0,44.2151,6.5116,19.749,8.6805,1.5336,3.0849,79.0434,49.5873,50.1223,47.4094,68.9967,13.0183,49.122,29.3359,13.4536,74.34,27.69,172.8006,37.2478,2.8169,0.0,0.0,,,0.31,8.3,6.9445,80.0342,84.1876,15.569,-0.9653,326.95,62.2762,0,4.048
37324,香川県,小豆島町,町村,13870.0,43.7205,5.898,20.0587,7.8051,1.6943,3.5552,78.3713,58.8306,64.2561,56.3306,63.1395,13.3753,30.485,21.5904,28.0689,95.59,26.39,145.0989,27.6075,2.8041,0.2274,0.0379,,,0.29,6.3,8.923,80.3838,84.5973,14.4196,-0.4758,237.9236,72.0981,0,5.1834
37341,香川県,三木町,町村,26878.0,32.8019,6.3698,12.3689,8.5496,1.797,3.5994,76.2504,67.6819,58.8714,57.7458,42.9875,8.1998,61.3692,36.2987,0.2061,75.78,38.61,354.6846,50.9501,1.7612,0.1295,0.0259,77.3017,122.48,0.53,4.3,9.2547,80.5714,84.4319,18.6026,0.026,130.218,33.4846,0,3.1163
37364,香川県,直島町,町村,3103.0,33.9898,5.0711,13.8817,4.2416,0.9346,1.7618,73.6902,59.1239,57.4062,4.0399,,9.7082,37.7036,55.1276,,14.21,4.48,218.3673,31.5271,6.25,0.0,0.0,,,0.42,9.0,9.1677,79.3886,82.77,0.0,-0.9668,161.1344,64.4538,0,3.9104
37386,香川県,宇多津町,町村,18699.0,21.8694,1.0542,10.1353,4.139,1.583,3.2129,73.1905,91.6028,63.6331,99.1334,40.6012,11.2214,72.6611,88.9765,91.601,8.1,7.21,2308.5185,89.0123,11.2344,0.4161,0.0,28.3799,79.66,0.8,5.2,10.3489,80.5261,85.3205,16.0436,-0.8557,69.5224,21.3915,1,19.9531
37387,香川県,綾川町,町村,22693.0,36.3534,9.1194,13.9753,11.6216,1.7362,3.4988,77.811,65.0494,45.005,44.2576,72.22,17.8715,38.5471,51.4332,0.6571,109.75,58.52,206.7699,53.3212,1.1449,0.0,0.0171,93.1315,137.74,0.48,-2.4,12.0668,79.9094,84.1363,8.8133,-0.2291,123.3861,48.4731,0,28.5789
37403,香川県,琴平町,町村,8468.0,40.7885,4.8438,19.9891,9.9264,2.0312,3.9991,75.3412,82.0149,80.0664,73.9966,64.5835,8.1875,75.9175,53.0966,19.0794,8.47,6.38,999.7639,75.3247,7.9937,0.0,0.1567,,,0.35,7.2,13.6242,80.1482,84.2386,47.2367,-0.5432,247.9924,47.2367,0,27.0681
37404,香川県,多度津町,町村,22445.0,33.0434,3.7495,12.9909,7.5361,1.849,3.7176,74.2594,89.8034,79.647,63.7815,33.4032,9.1821,60.8833,55.2401,20.0124,24.39,18.91,920.2542,77.5318,4.019,0.1586,0.0529,75.8621,121.03,0.58,11.7,8.7082,80.723,84.6584,4.4553,-1.3678,129.2047,22.2767,1,6.0237
37406,香川県,まんのう町,町村,17401.0,38.1383,11.706,15.6571,16.1325,1.362,2.7073,79.2223,56.7804,45.1471,43.4283,44.9912,23.3761,50.1766,43.704,14.9216,194.45,61.06,89.4883,31.4014,0.8189,0.0328,0.0,91.4928,154.22,0.34,7.9,11.1133,79.8659,84.3116,40.2276,0.0402,183.8975,40.2276,0,222.7268
38201,愛媛県,松山市,市,511192.0,29.0606,2.7411,12.5807,4.7201,1.7819,4.0841,72.957,95.759,94.1347,94.9328,76.5325,6.5806,80.1013,51.1225,96.5683,429.35,240.94,1190.6184,56.1174,8.4585,0.1577,0.0664,47.441,88.01,0.74,7.9,8.3197,80.0704,84.6341,20.3446,-0.1252,69.8368,41.4717,1,7.6342
38202,愛媛県,今治市,市,151672.0,35.8873,5.1855,16.3513,6.8527,1.8883,3.9294,76.8967,78.806,39.6955,79.4325,62.3088,10.659,67.1536,46.9402,67.0879,419.21,196.23,361.8043,46.8095,3.8985,0.0459,0.0459,67.772,113.15,0.51,11.2,7.5125,78.8866,84.0064,16.4829,-0.5176,131.2042,34.9438,1,13.6301
38203,愛媛県,宇和島市,市,70809.0,40.7159,17.8874,19.1447,9.9726,2.3924,4.8466,78.0741,65.85,39.3016,62.2893,64.8748,13.1202,68.6302,32.3782,54.4722,468.16,136.51,151.2496,29.1588,2.7983,0.044,0.0366,70.439,109.16,0.33,4.1,7.3699,79.1442,83.7236,11.298,-0.7146,160.9965,45.192,0,28.5565
38204,愛媛県,八幡浜市,市,31987.0,41.501,21.223,20.2296,7.6896,1.2818,2.5502,77.6502,76.677,44.7186,64.9817,59.9564,15.2706,62.1297,35.8656,23.8787,132.65,62.3,241.1383,46.9657,2.2632,0.0642,0.0482,67.2156,112.43,0.32,9.5,8.291,79.7825,84.5265,9.3788,-0.6409,150.061,37.5152,0,5.471
38205,愛媛県,新居浜市,市,115938.0,32.6168,1.2207,15.5733,5.4621,1.5491,3.2628,76.6163,92.7836,53.4231,93.0921,55.1817,7.8689,77.7472,45.6778,50.7871,234.47,63.55,494.4684,27.1037,8.3871,0.1101,0.0787,65.7103,99.89,0.76,1.6,7.5622,79.4568,83.6894,11.2129,-0.3916,68.1399,31.9136,0,14.968
38206,愛媛県,西条市,市,104791.0,33.1824,6.926,15.174,6.5925,1.8265,3.7389,77.9005,79.6953,38.8817,82.3832,65.2413,12.607,77.6312,45.7797,56.5739,510.04,159.18,205.4564,31.2093,2.4815,0.0628,0.0314,69.4653,110.75,0.61,6.5,9.1251,80.2045,84.7082,18.1313,-0.3464,141.2335,33.3998,0,18.1144
38207,愛媛県,大洲市,市,40575.0,37.9211,11.0707,17.0535,8.5902,1.4196,2.9041,77.0093,68.8641,39.8519,65.0085,62.663,23.1487,55.4352,24.6767,34.176,432.12,116.97,93.8975,27.0689,1.7013,0.0427,0.0427,71.0938,106.49,0.34,7.1,8.455,79.7987,84.4762,24.6457,-0.7936,174.9846,22.1811,1,32.0788
38210,愛媛県,伊予市,市,35133.0,34.9147,11.8823,15.2289,9.4119,1.7334,3.362,76.8152,69.3105,34.8398,70.5512,81.1021,17.135,78.928,32.5465,37.0859,194.43,79.55,180.6974,40.9145,1.0685,0.0251,0.0126,79.9441,116.78,0.4,6.2,7.4001,79.9818,84.4708,8.539,0.0512,162.2406,39.8486,0,15.544
38213,愛媛県,四国中央市,市,82754.0,33.8544,3.5096,13.1181,7.8428,1.432,2.9442,76.6011,80.2078,53.1514,81.2715,52.2725,10.8745,77.7531,32.1183,46.3306,421.24,90.79,196.4533,21.553,3.1391,0.0551,0.033,62.3217,98.8,0.72,8.2,8.8096,79.0962,83.5626,21.7512,-0.8265,109.9645,22.9596,0,12.9581
38214,愛媛県,西予市,市,35388.0,44.1137,18.6559,20.6373,8.9169,1.4864,3.0464,79.907,58.1038,41.0416,46.8998,69.6618,18.6765,53.266,28.9631,20.5827,514.34,116.98,68.8027,22.7437,1.1028,0.0342,0.0256,82.6418,110.16,0.24,11.4,7.4335,79.9312,84.4537,33.9098,-0.5454,197.8072,25.4323,0,14.9918
38215,愛媛県,東温市,市,33903.0,32.0122,6.6368,12.9464,6.5887,1.5869,3.2351,72.4217,80.754,64.7647,84.264,84.3779,14.2131,65.4643,39.9756,43.068,211.3,50.22,160.4496,23.7672,1.7722,0.0996,0.0199,66.2447,100.84,0.48,11.3,10.023,79.8804,83.973,20.6471,-1.5131,138.6308,61.9414,0,11.0745
38356,愛媛県,上島町,町村,6509.0,47.0388,9.0645,22.7884,4.7827,1.2137,2.7846,71.4902,46.6836,20.7697,23.0866,0.041,9.5221,33.2355,23.9864,0.2817,30.38,15.59,214.2528,51.3167,1.0263,0.0,0.0641,,,0.15,13.0,5.3129,79.7463,84.032,0.0,-0.3226,337.9935,122.9067,0,33.2765
38386,愛媛県,久万高原町,町村,7404.0,49.923,26.8041,27.8928,4.5015,1.4317,2.9461,80.84,48.845,32.5164,47.3228,35.7613,28.9618,27.4195,14.5043,27.7681,583.69,62.43,12.6848,10.6957,0.4004,0.1442,0.016,,,0.2,10.4,8.0863,79.0791,83.4081,67.5311,-0.8374,378.174,81.0373,0,21.2734
38401,愛媛県,松前町,町村,29630.0,31.7704,4.8718,13.2048,7.9869,1.9102,3.897,75.7564,93.0136,55.7483,91.0997,73.7968,8.9745,69.1211,70.2116,65.0946,20.38,20.38,1453.8763,100.0,3.7291,0.0491,0.0491,75.7525,118.77,0.69,8.9,12.0832,80.3823,84.7957,26.9997,0.1789,67.4992,23.6247,0,4.8917
38402,愛媛県,砥部町,町村,20480.0,34.8761,8.8837,13.9276,7.4959,1.7773,3.5561,75.8339,88.3731,37.8603,83.8177,52.5014,13.5394,61.2989,35.4952,27.4094,101.59,30.07,201.5946,29.5994,1.3302,0.0333,0.0333,75.2066,105.14,0.42,2.4,11.3693,80.3829,84.5269,4.8828,-0.0928,78.125,29.2969,0,31.036
38422,愛媛県,内子町,町村,15322.0,41.8009,19.7774,17.5084,11.3837,1.6577,3.112,79.343,59.6927,44.9898,53.713,25.5284,20.1704,70.3502,18.2694,52.8471,299.43,68.84,51.1706,22.9903,0.8135,0.0291,0.0291,85.4419,127.55,0.27,1.7,11.0322,79.5327,84.6252,13.0531,-0.7114,215.3766,65.2656,1,33.7952
38442,愛媛県,伊方町,町村,8397.0,49.1937,30.8791,24.551,6.8635,1.7387,3.4152,78.1867,45.9974,27.1582,25.3224,23.0413,15.9959,66.6167,30.0754,,93.83,46.32,89.4916,49.3659,0.3454,0.0,0.0216,,,0.56,5.4,8.9388,79.7306,84.4625,47.6361,-1.1075,214.3623,35.727,0,24.2778
38484,愛媛県,松野町,町村,3674.0,46.9553,15.4299,23.8787,10.0442,1.3609,2.8604,77.7977,60.8061,28.8342,44.5897,54.3697,9.2094,44.585,28.3495,0.2188,98.45,16.48,37.3184,16.7395,0.3034,0.0,0.0,,,0.15,5.6,4.4855,79.8015,84.6726,27.2183,-5.362,353.8378,81.6549,0,14.1884
38488,愛媛県,鬼北町,町村,9682.0,46.1902,13.8883,22.9611,7.3448,1.6939,3.549,80.4709,56.747,34.6371,39.2126,59.8189,23.814,53.1731,53.3656,25.7294,241.88,36.0,40.0281,14.8834,0.7778,0.0,0.0278,,,0.22,6.0,8.4077,79.9708,84.9985,20.6569,0.0516,299.5249,61.9707,0,18.3755
38506,愛媛県,愛南町,町村,19601.0,46.7854,20.0357,21.4253,10.0858,2.005,4.1978,80.0533,55.5801,39.9292,45.2382,27.7263,16.4386,61.6987,30.7939,20.9469,238.94,56.37,82.0331,23.5917,1.8804,0.0177,0.0177,76.4423,113.29,0.22,9.0,8.0492,79.1681,83.5951,25.5089,-0.5306,173.4605,30.6107,0,79.4057
39201,高知県,高知市,市,326545.0,30.7569,2.7882,15.5225,4.4536,1.8285,4.065,70.8719,93.6788,64.3948,91.2357,85.8228,8.6672,94.2865,56.1616,94.5551,309.0,136.37,1056.7799,44.1327,14.138,0.132,0.1173,48.0804,86.94,0.63,13.0,8.1647,79.5533,84.6589,13.4744,-0.5237,53.5914,43.7918,1,9.0264
39202,高知県,室戸市,市,11742.0,51.6408,21.3336,27.3004,5.8754,2.5805,5.9214,79.0285,48.782,7.8402,41.9193,71.2389,15.2158,48.741,76.9888,9.367,248.22,31.97,47.3048,12.8797,2.4085,0.0,0.0313,78.2609,104.4,0.22,9.4,5.2195,78.2946,83.8451,17.0329,-1.32,212.9109,68.1315,0,106.4335
39203,高知県,安芸市,市,16243.0,42.0818,27.512,20.6443,8.3893,1.8285,3.6224,74.3785,61.3247,37.2042,49.3399,54.0073,19.5891,73.8117,32.8878,52.6132,317.16,36.03,51.2139,11.3602,2.5534,0.0,0.0278,70.8223,95.65,0.3,5.9,7.8899,78.4815,84.761,18.4695,-0.4987,86.191,24.626,0,39.0652
39204,高知県,南国市,市,46664.0,31.7257,10.44,14.4126,7.186,1.9887,4.1672,72.8234,71.8642,34.8704,72.5369,76.2261,17.0655,75.6766,48.2884,14.8559,125.3,64.86,372.4182,51.7638,2.4977,0.0154,0.0617,62.2869,103.11,0.59,7.8,6.9708,79.8999,84.9354,23.5728,0.45,70.7183,34.2877,1,6.8078
39205,高知県,土佐市,市,25732.0,36.9278,16.9546,16.2841,12.5111,2.526,5.4443,74.2763,60.7041,31.9192,65.8719,64.0795,14.6206,78.4139,77.0707,46.0024,91.5,42.57,281.224,46.5246,2.1377,0.0235,0.047,80.2743,118.97,0.38,12.1,5.896,79.1645,85.0132,15.5448,-0.6412,108.8139,46.6345,0,4.5063
39206,高知県,須崎市,市,20590.0,41.172,19.2029,18.6657,9.909,2.3021,4.8083,73.2072,54.7548,24.9534,54.1089,59.2363,16.2591,43.5376,48.5458,49.1673,135.2,33.24,152.2929,24.5858,3.1889,0.0301,0.0602,70.5487,105.65,0.41,13.6,5.9537,78.9301,84.8046,9.7135,-1.3259,67.9942,33.9971,0,5.381
39208,高知県,宿毛市,市,19033.0,40.2353,13.7668,18.5885,7.1521,2.1594,4.7405,77.2747,49.0112,18.5388,51.7232,49.7233,17.3265,55.0871,45.0726,29.909,286.14,44.06,66.5164,15.3981,3.4725,0.0227,0.0454,72.2699,111.06,0.36,11.4,9.2162,79.3151,85.025,26.2702,-1.0718,63.0484,52.5403,0,45.5664
39209,高知県,土佐清水市,市,12388.0,51.4979,14.7493,28.75,4.6104,2.7042,6.1808,78.0113,36.2673,36.0917,49.1639,70.3734,15.6213,45.9513,49.625,49.2757,265.42,37.99,46.6732,14.3132,2.5007,0.0263,0.0263,83.7248,100.57,0.24,17.4,5.6167,79.072,84.9011,0.0,-0.67,161.4466,64.5786,0,16.111
39210,高知県,四万十市,市,32694.0,37.334,9.3136,18.0353,6.5195,1.7343,3.7644,76.974,62.2148,38.79,54.1357,65.0484,19.0751,65.3189,40.7915,59.8462,632.32,100.5,51.7048,15.8939,3.0448,0.01,0.0299,67.305,102.06,0.34,9.7,9.8628,79.7873,85.3056,27.528,-0.3885,73.408,42.8213,1,37.2207
39211,高知県,香南市,市,32207.0,32.2017,15.7138,14.7795,8.4465,1.8847,3.798,74.374,66.3846,45.6567,56.6652,37.5469,14.3101,63.703,31.4155,4.1905,126.46,53.42,254.6813,42.2426,2.4897,0.0562,0.0187,73.348,107.6,0.33,4.6,10.1878,80.0934,84.4282,24.8393,-0.1459,62.0983,34.1541,0,12.952
39212,高知県,香美市,市,26513.0,39.424,16.0467,18.1416,7.0444,1.818,3.8899,70.9973,72.9019,42.4412,75.2561,79.5779,13.0554,66.8057,20.0979,32.8181,537.86,59.42,49.2935,11.0475,1.5483,0.0337,0.0168,69.2175,100.51,0.31,9.8,9.4677,79.547,85.1784,26.4021,0.0717,79.2064,33.9456,0,8.008
39301,高知県,東洋町,町村,2194.0,53.3994,24.7108,33.6319,4.4788,2.0055,4.4221,78.0689,71.3681,,73.7137,76.4395,16.6975,66.7994,38.709,,74.02,10.37,29.6406,14.0097,0.5786,0.0,0.0,,,0.11,12.2,5.2633,77.8427,83.4455,45.5789,0.4102,410.2097,45.5789,0,0.0
39302,高知県,奈半利町,町村,3034.0,46.3381,16.8657,24.5377,6.5434,2.1753,4.6942,77.1376,86.9168,55.8722,72.9903,64.9787,21.4401,71.6108,71.134,,28.37,7.17,106.944,25.2732,5.0209,0.0,0.0,,,0.17,0.9,7.5734,,,32.9598,-0.0989,230.7185,0.0,0,0.0
39303,高知県,田野町,町村,2498.0,42.1521,17.6898,21.4101,9.9742,1.7214,3.3568,77.6778,77.5865,4.1393,76.0469,75.725,12.0678,48.0098,43.3962,,6.53,3.53,382.5421,54.0582,2.5496,0.0,0.2833,,,0.18,3.2,28.3897,,,40.032,-0.5604,80.0641,80.0641,0,2.6313
39304,高知県,安田町,町村,2370.0,46.4392,36.3489,23.823,11.8644,1.2658,2.3659,77.4345,28.8106,,24.1524,74.7418,30.2535,37.5047,37.6,,52.36,9.89,45.2636,18.8885,0.91,0.0,0.0,,,0.15,7.0,7.4268,,,42.1941,-0.8861,210.9705,42.1941,0,15.6886
39305,高知県,北川村,町村,1146.0,44.4722,31.6558,25.1366,7.4681,2.0942,3.75,75.2678,12.9028,12.7319,41.5337,0.281,27.4412,21.4062,,,196.73,13.44,5.8252,6.8317,0.2232,0.0,0.0,,,0.19,-4.2,9.016,,,0.0,-1.0471,174.5201,174.5201,0,0.0
39306,高知県,馬路村,町村,745.0,40.3004,30.5284,21.2766,6.383,0.4027,0.5837,80.3328,63.2504,,,69.6673,15.0507,68.0,0.4098,,165.48,9.48,4.5021,5.7288,0.1055,0.0,0.0,,,0.16,9.0,6.089,,,0.0,-2.4161,134.2282,0.0,0,0.0
39307,高知県,芸西村,町村,3694.0,37.3076,40.7559,20.2658,9.0365,1.1099,2.051,74.1025,55.5648,27.2838,64.1693,51.8029,28.1944,39.7025,40.8516,,39.6,10.3,93.2828,26.0101,0.8738,0.0971,0.0,,,0.23,7.2,5.307,79.0666,83.9971,0.0,1.0828,135.3546,0.0,0,0.0
39341,高知県,本山町,町村,3261.0,46.257,19.3026,26.3052,6.0241,1.1346,2.252,76.7198,55.2736,29.3885,50.7595,65.6748,21.4989,26.3313,25.2395,12.6183,134.22,13.75,24.2959,10.2444,1.0182,0.0,0.0727,,,0.15,9.5,5.5258,79.1037,85.3035,30.6654,-0.184,183.9926,61.3309,0,1479.4814
39344,高知県,大豊町,町村,3252.0,59.9677,35.3151,34.695,5.2602,1.353,2.5492,81.542,19.7598,,35.6151,44.3189,31.4109,25.8563,28.6458,,315.06,38.04,10.3218,12.0739,0.3943,0.0,0.0,,,0.17,3.0,18.4109,78.6104,84.28,0.0,-1.6913,92.2509,153.7515,0,0.639
39363,高知県,土佐町,町村,3753.0,45.7411,20.8719,23.913,9.6894,1.1191,2.2376,80.5247,42.2601,41.389,42.4782,79.9877,18.7609,29.5058,20.0301,40.7431,212.13,28.17,17.692,13.2796,0.6035,0.0,0.0,,,0.2,7.4,5.2015,79.6039,83.5558,26.6454,0.8527,53.2907,159.8721,0,6.0722
39364,高知県,大川村,町村,366.0,42.2535,21.3904,27.6382,3.0151,0.5464,1.0582,78.1931,30.2296,,,50.3762,28.8913,,3.4374,,95.27,5.18,3.8417,5.4372,0.1931,0.0,0.0,,,0.12,12.0,7.6933,79.4438,85.7732,0.0,1.6393,,0.0,0,0.0
39386,高知県,いの町,町村,21374.0,40.896,7.555,19.2562,7.9555,1.717,3.5697,76.8316,75.569,24.0142,72.073,87.2705,24.0562,68.5601,56.9701,46.6197,470.97,46.41,45.3829,9.8541,1.81,0.0646,0.0431,86.1628,109.76,0.35,9.0,8.0055,79.5965,85.1612,23.3929,-0.248,42.1072,37.4287,0,4.1838
39387,高知県,仁淀川町,町村,4827.0,55.9184,12.3742,32.8016,5.317,0.8908,2.1172,79.6143,41.8842,26.1561,21.7103,42.1806,20.7056,60.7974,25.9294,,333.0,37.52,14.4955,11.2673,0.4797,0.0,0.0,,,0.17,1.1,6.2387,78.6654,84.1473,0.0,-1.533,227.8848,41.4336,0,0.0
39401,高知県,中土佐町,町村,6002.0,48.9143,20.9768,24.8514,8.5067,2.0493,4.1428,77.7429,62.598,59.956,55.6497,82.7589,11.6483,61.5216,28.2501,,193.21,21.06,31.0646,10.9001,1.5195,0.0,0.0,,,0.17,11.7,7.3814,78.2657,84.7221,16.6611,-0.4165,49.9833,33.3222,0,4.6629
39402,高知県,佐川町,町村,12323.0,40.889,11.6584,19.7147,8.1477,1.769,3.7189,77.6497,58.1292,33.1917,47.0994,87.4378,15.1586,54.9928,41.4396,3.3424,100.8,28.92,122.252,28.6905,1.6943,0.0,0.0346,,,0.32,3.3,9.2249,78.9762,84.7711,24.3447,-0.0325,97.3789,81.1491,0,13.4144
39403,高知県,越知町,町村,5187.0,47.9854,14.2622,24.8925,8.0396,1.9472,3.9858,76.834,65.3989,63.2942,60.1709,56.286,16.4851,81.4665,27.7171,50.1219,111.95,18.49,46.3332,16.5163,1.3521,0.0,0.0,,,0.19,8.5,8.2268,79.6244,84.7539,19.279,-0.0386,192.7897,0.0,0,7.7309
39405,高知県,檮原町,町村,3307.0,48.0315,17.7846,24.3675,7.4567,1.0886,2.1674,79.3103,43.8633,32.3435,32.0137,71.7117,23.2331,30.8985,22.0464,,236.45,22.13,13.986,9.3593,0.9489,0.0,0.0452,,,0.14,3.9,6.5427,79.8714,85.4976,0.0,-0.6048,90.7167,30.2389,0,55.9936
39410,高知県,日高村,町村,4812.0,42.9582,10.2679,20.962,10.481,1.8703,3.8627,75.1148,30.4659,24.7375,64.5178,53.8201,30.5466,47.5552,41.5409,0.1758,44.85,15.97,107.291,35.6076,1.6281,0.0,0.0,,,0.27,7.6,5.8089,79.8661,85.2692,0.0,-0.2078,83.1255,41.5628,0,15.0833
39411,高知県,津野町,町村,5291.0,46.151,17.804,21.4741,12.0109,1.0962,2.1634,80.3469,31.3734,22.3376,32.4299,54.2121,29.6802,28.9548,43.0095,,197.85,21.59,26.7425,10.9123,1.0653,0.0,0.0,,,0.16,-7.2,8.1417,80.2106,85.4497,0.0,-0.9639,37.8,18.9,0,52.7371
39412,高知県,四万十町,町村,15607.0,45.6813,24.7373,23.1417,9.7055,1.3776,2.6497,79.572,38.0466,29.5071,35.4065,77.0892,22.7548,37.223,39.5804,,642.28,84.49,24.2994,13.1547,1.1244,0.0,0.0237,81.9423,105.15,0.22,6.1,6.036,79.1297,84.2925,19.2221,-0.8009,64.0738,89.7033,0,12.2482
39424,高知県,大月町,町村,4434.0,49.8771,27.8766,27.1898,7.6186,4.1498,8.7786,77.9237,22.4547,5.285,23.2229,74.2202,16.9235,13.7598,44.1944,,102.73,22.35,43.1617,21.7561,0.8501,0.0447,0.0,,,0.18,10.3,4.6365,77.9888,84.8732,22.553,-0.6089,157.871,45.106,0,25.1908
39427,高知県,三原村,町村,1437.0,47.7032,21.3389,25.0,6.4024,1.8093,3.4993,77.0158,32.9357,19.4775,,,13.3857,29.2514,18.503,,85.37,11.51,16.8326,13.4825,0.3475,0.0,0.0,,,0.12,10.5,8.8446,80.0697,82.6056,0.0,-1.3918,69.5894,208.7683,0,17.8942
39428,高知県,黒潮町,町村,10262.0,46.4932,21.8026,22.2658,9.1285,2.0659,4.2358,77.7454,40.0446,9.027,48.2759,76.4681,26.4958,30.1053,45.7801,33.0083,188.46,39.74,54.4519,21.0867,1.4343,0.0,0.0252,,,0.19,9.6,6.0405,79.7266,84.6458,9.7447,-0.5067,107.1916,77.9575,0,47.3556
40100,福岡県,北九州市,政令市,939029.0,31.4162,0.6877,15.0123,4.5824,1.9827,4.4474,73.1286,97.4539,96.0087,95.8812,88.477,6.3518,88.2943,73.975,98.5868,492.5,298.51,1906.6579,60.6112,13.832,0.3115,0.1239,39.0531,79.77,0.69,10.3,14.5403,79.3147,83.9636,21.7246,-0.1925,76.8879,31.9479,1,12.6974
40130,福岡県,福岡市,政令市,1612392.0,22.2929,0.5422,9.8446,3.0369,2.1706,4.6807,67.8032,99.0261,71.6,98.5276,92.7669,3.4945,94.6557,76.2291,99.3656,343.47,232.79,4694.4187,67.7759,36.999,0.4983,0.1761,17.7487,64.08,0.87,8.8,14.6766,80.1554,84.5671,0.062,0.5276,35.3512,37.0257,1,9.0936
40202,福岡県,大牟田市,市,111281.0,37.8613,1.754,19.1652,7.7138,2.1819,5.1088,73.6956,94.9487,55.0632,92.9305,79.5515,8.3399,,62.2899,98.4698,81.45,62.63,1366.2492,76.8938,9.3565,0.1916,0.1118,60.1593,97.39,0.52,6.7,6.8081,79.356,84.5471,25.1615,-0.5724,124.909,22.4657,0,11.0349
40203,福岡県,久留米市,市,303316.0,27.9855,5.1893,11.1615,7.4277,1.9643,4.1421,72.2686,93.0062,76.0556,86.6184,79.0351,9.8634,82.7674,41.3613,78.071,229.96,193.92,1318.9946,84.3277,7.0545,0.1031,0.0619,46.7152,94.52,0.64,3.4,8.7758,79.8006,83.7958,17.1438,-0.1322,87.0379,35.6064,1,8.6349
40204,福岡県,直方市,市,56212.0,33.3188,1.6746,16.8722,7.5251,1.9355,4.8687,74.2811,92.0308,55.7683,81.0005,89.3005,13.6754,1.5853,55.759,91.2031,61.76,40.48,910.1684,65.544,5.6571,0.1729,0.0988,61.3,102.61,0.55,5.8,8.3117,79.8709,84.4788,17.7898,0.2277,104.9598,40.9165,0,27.4727
40205,福岡県,飯塚市,市,126364.0,32.2242,1.8776,16.4303,6.5422,2.3511,5.1234,71.7498,89.1608,34.5788,83.8844,86.2659,12.8722,,56.9475,70.7451,213.96,106.23,590.5964,49.6495,4.9798,0.0847,0.0377,53.0335,93.59,0.49,6.4,6.5567,78.9894,83.9393,20.5755,0.0934,101.2947,36.4028,1,14.1452
40206,福岡県,田川市,市,46203.0,34.363,1.6295,20.3834,5.9701,2.7985,6.307,72.3434,89.5299,33.7661,88.4804,87.4163,13.6225,,48.0215,36.4411,54.55,38.62,846.9844,70.7974,6.6546,0.0518,0.1036,53.3861,93.09,0.43,7.9,16.6268,,,21.6436,-0.1558,151.5053,45.4516,1,17.6778
40207,福岡県,柳川市,市,64475.0,34.739,9.4295,12.4532,16.711,2.2458,4.8289,73.273,76.189,15.4184,69.0072,43.5875,12.7691,,54.0784,0.0381,77.15,77.15,835.7097,100.0,2.8386,0.0389,0.0389,71.392,119.77,0.46,5.5,8.3697,,,15.5099,-0.2714,173.7107,21.7138,1,2.2199
40210,福岡県,八女市,市,60608.0,36.6038,17.6077,13.7999,17.2274,1.8083,3.4381,76.8048,69.494,11.3458,67.1431,48.4492,12.9664,,24.2746,25.7254,482.44,167.34,125.6281,34.6862,1.4701,0.0299,0.0239,75.6208,128.16,0.38,9.1,6.8085,79.9499,84.6257,19.7994,-1.2259,113.8464,46.1985,0,18.1687
40211,福岡県,筑後市,市,48827.0,28.021,5.9512,10.1176,11.1444,1.7634,3.4757,74.4227,90.9633,24.1433,87.7061,48.0611,8.4578,2.4246,67.7854,57.5729,41.78,41.71,1168.6692,99.8325,3.9559,0.024,0.048,63.4386,108.43,0.66,8.4,8.725,80.2532,85.0294,14.3363,-0.1085,94.2102,22.5285,0,3.1875
40212,福岡県,大川市,市,32988.0,36.7033,6.5683,12.5921,15.8099,2.2251,4.4222,72.7257,86.3245,27.3972,79.7915,42.9172,13.6625,1.8101,41.8342,44.2658,33.62,33.62,981.2017,100.0,4.6401,0.119,0.0297,66.2205,114.07,0.5,9.1,10.5332,79.8237,84.5268,3.0314,-0.676,124.2876,39.4083,0,11.4009
40213,福岡県,行橋市,市,71426.0,30.2347,2.2216,13.5899,5.6405,1.9363,4.2989,74.8851,81.9286,8.9706,77.8891,72.6909,9.998,,54.6892,59.7297,70.07,57.16,1019.3521,81.5756,4.951,0.105,0.035,65.1355,101.32,0.63,6.3,11.8013,80.6935,84.9971,22.4008,0.1218,120.4043,25.2009,0,4.5175
40214,福岡県,豊前市,市,24391.0,37.4796,5.2457,17.135,8.3494,2.0335,4.5013,75.7081,75.7634,15.4353,66.0901,63.4238,13.0936,,46.7547,23.2207,111.01,41.96,219.7189,37.7984,1.9542,0.0238,0.0238,77.49,118.79,0.53,9.1,7.32,,,20.4994,-0.7216,151.6953,36.8989,0,13.643
40215,福岡県,中間市,市,40362.0,38.195,0.849,17.5928,8.5281,2.7526,6.6691,73.8676,98.8085,67.527,94.9548,92.4836,5.1191,20.7307,81.1534,89.3411,15.96,15.15,2528.9474,94.9248,6.8647,0.396,0.132,61.4118,97.28,0.45,5.6,5.1528,80.1621,84.6169,19.8206,-0.3246,64.417,22.2982,0,7.1576
40216,福岡県,小郡市,市,59360.0,28.4392,3.5549,10.4188,8.2256,1.9137,4.0734,73.27,95.2514,30.9971,88.7486,91.5976,7.0687,0.606,61.679,90.1542,45.51,44.31,1304.3287,97.3632,2.8662,0.0903,0.0451,62.4148,111.26,0.63,8.0,11.0469,81.421,85.4218,21.9003,-0.5425,48.8544,0.0,0,9.3284
40217,福岡県,筑紫野市,市,103311.0,26.4364,1.4274,10.522,5.4955,2.0075,4.4612,72.9562,90.4361,46.2134,91.6779,91.5652,11.49,,50.046,96.9377,87.73,44.4,1177.6017,50.6098,7.8378,0.1802,0.0901,46.4855,92.54,0.75,4.0,7.432,80.8425,85.2235,15.4872,0.1171,39.686,22.2629,0,9.9721
40218,福岡県,春日市,市,111023.0,23.4691,0.2793,9.8178,4.0505,1.932,4.4054,72.9885,99.9147,50.9852,99.9629,98.5902,2.8455,31.1707,77.994,100.0,14.15,13.52,7846.1484,95.5477,22.6331,0.6657,0.074,35.0996,83.37,0.73,2.9,13.2262,80.9904,84.8905,10.8086,-0.2621,20.7164,20.7164,1,8.5468
40219,福岡県,大野城市,市,102085.0,22.3554,0.29,9.6706,4.3919,1.6849,3.959,74.0059,96.3873,34.9939,95.8688,95.9358,3.3457,16.262,89.9575,99.4555,26.89,16.75,3796.3927,62.2908,12.8358,0.3582,0.0597,37.9709,83.04,0.78,3.0,6.5696,80.8769,84.9164,16.6528,0.001,11.7549,25.469,1,12.6894
40220,福岡県,宗像市,市,97095.0,30.494,2.9873,11.2096,5.7465,1.6963,3.9103,74.5381,81.3326,36.8929,78.5749,92.0856,10.425,,65.561,88.8214,119.94,69.27,809.5298,57.7539,3.6812,0.1011,0.0289,62.5805,97.1,0.58,-2.3,11.4127,81.2224,85.4212,18.5385,0.2173,73.1243,33.9873,1,17.2182
40221,福岡県,太宰府市,市,73164.0,28.056,0.7443,11.3036,4.6121,2.0557,4.8631,74.3964,93.6043,40.5245,93.8136,96.7899,8.9276,,78.3751,99.755,29.6,17.84,2471.7568,60.2703,8.352,0.2803,0.2242,53.9596,93.91,0.63,2.9,11.1313,80.8949,85.3099,17.7683,0.4852,43.7374,51.9381,0,5.0759
40223,福岡県,古賀市,市,58786.0,28.1688,1.8018,10.4736,6.4505,1.8797,3.8222,74.1545,87.7869,42.5418,87.9143,86.3598,9.5556,,71.9941,81.8891,42.07,28.31,1397.3378,67.2926,5.6164,0.1413,0.0706,56.5801,91.82,0.67,4.5,11.2025,80.7175,84.3585,17.0109,0.182,30.6195,18.7119,1,10.3194
40224,福岡県,福津市,市,67033.0,27.5886,2.4128,11.2396,5.9164,1.5977,3.7624,77.2251,91.1981,19.5686,92.2284,94.4751,8.1649,,69.1494,82.6927,52.76,39.18,1270.5269,74.2608,5.0281,0.1531,0.051,61.3276,100.51,0.55,5.7,19.9413,81.5177,85.085,19.3934,0.813,56.6885,23.8688,0,11.9685
40225,福岡県,うきは市,市,27981.0,35.7169,15.3142,13.1003,19.2395,2.1229,4.105,77.077,78.1518,35.3943,69.2079,46.0281,13.7774,0.4645,43.5537,,117.46,58.17,238.2173,49.5232,2.1317,0.0172,0.0172,77.0707,134.23,0.38,7.0,6.9177,,,0.0,-0.3467,125.0849,32.1647,1,8.6915
40226,福岡県,宮若市,市,26298.0,35.7385,4.9779,17.3577,9.7798,2.137,4.5639,73.7276,68.5806,19.7053,56.2314,56.0633,23.2652,,47.7841,4.1119,139.99,56.58,187.8563,40.4172,1.0958,0.0353,0.0177,63.1731,111.81,0.63,6.5,19.3119,,,19.0129,-0.3917,155.9054,30.4206,0,16.2423
40227,福岡県,嘉麻市,市,35473.0,41.0375,5.0282,22.7705,9.0118,2.8162,6.5132,73.2104,70.9266,20.944,64.1057,82.8103,11.4146,,48.069,33.266,135.11,56.84,262.549,42.0694,1.2491,0.088,0.0352,62.3025,107.1,0.28,5.5,9.2672,79.0962,84.2429,16.9143,-0.6907,155.0475,39.4666,0,20.4101
40228,福岡県,朝倉市,市,50273.0,35.6627,12.8712,13.3144,15.4005,1.8479,3.7105,75.2099,72.5839,18.4776,67.0696,56.5252,19.721,,36.9486,30.399,246.71,111.9,203.7737,45.3569,1.8588,0.0447,0.0268,72.6897,137.97,0.5,9.2,5.5272,80.0543,84.8312,23.8697,0.0338,149.1854,23.8697,0,8.5622
40229,福岡県,みやま市,市,35861.0,39.4156,13.958,14.0201,18.0456,1.9966,4.0121,75.8509,69.2616,16.5041,53.6528,36.6577,17.4204,,68.8862,19.2566,105.21,85.64,340.8516,81.3991,0.8641,0.035,0.0117,83.0709,132.48,0.41,4.6,17.7869,80.266,84.7389,13.9427,-0.3904,250.969,16.7313,0,7.5622
40230,福岡県,糸島市,市,98877.0,30.1783,7.7412,10.4,10.7076,2.2938,4.633,74.9844,78.1332,32.5463,77.6344,80.6569,12.8347,7.7572,60.0495,85.0859,215.69,117.43,458.4218,54.4439,2.6399,0.0681,0.017,66.3528,111.66,0.56,6.6,8.3632,80.9378,85.2719,21.2385,0.7626,109.2266,41.4657,1,9.0273
40231,福岡県,那珂川市,市,50112.0,24.6642,1.4808,8.5052,6.8209,2.1372,4.4567,74.4624,93.2584,33.6321,90.4361,94.2452,6.7529,23.1538,60.7133,90.7454,74.95,20.81,668.6057,27.7652,6.6314,0.0961,0.0481,45.9025,88.18,0.69,7.4,15.7854,80.3331,84.4949,7.9821,-0.4191,45.8972,29.933,0,6.5529
40341,福岡県,宇美町,町村,37671.0,29.1332,0.5498,10.2925,8.4561,1.9192,4.0572,73.888,81.1576,25.441,85.3809,76.4038,4.2154,,66.4545,97.8536,30.21,12.11,1246.9712,40.0861,5.1197,0.2477,0.0826,68.1719,93.73,0.58,7.5,9.7161,,,15.9274,-0.1619,37.1639,7.9637,0,30.3359
40342,福岡県,篠栗町,町村,31209.0,24.9583,0.9433,10.3652,6.9347,2.5249,5.2185,73.6191,83.8411,7.156,86.086,71.5176,12.1951,,45.2651,66.4931,38.93,12.81,801.6697,32.9052,4.7619,0.1561,0.0,39.9688,90.61,0.6,6.8,11.0667,,,9.6126,0.4774,163.4144,19.2252,0,13.1998
40343,福岡県,志免町,町村,46377.0,23.9071,0.4631,10.1027,6.0416,1.8824,3.9621,73.9567,97.8162,43.7559,93.3586,70.6797,4.5295,6.4564,82.4496,99.9615,8.69,8.44,5336.8239,97.1231,17.0616,0.4739,0.0,42.7686,89.71,0.72,5.4,9.3317,,,19.4062,-0.2501,40.9686,23.7187,0,10.0436
40344,福岡県,須恵町,町村,28628.0,26.2253,0.7859,11.045,8.4348,1.9666,4.3198,75.5814,95.4755,16.6571,91.0506,79.0441,6.4559,,64.3483,37.9273,16.31,10.04,1755.2422,61.5573,4.4821,0.0996,0.0996,66.1017,95.97,0.62,7.0,9.0031,,,6.9862,0.3982,55.8893,10.4793,0,2.9551
40345,福岡県,新宮町,町村,32927.0,19.5844,1.6313,8.0864,4.5371,1.4699,3.0615,76.2314,94.2537,12.9655,93.9336,95.0945,13.1283,6.6244,63.9555,93.309,18.93,14.01,1739.4083,74.0095,4.9964,0.2141,0.0714,52.913,98.72,0.83,7.5,10.0137,,,27.3332,-0.3796,45.5553,24.2962,0,6.9262
40348,福岡県,久山町,町村,9068.0,26.9561,3.2122,9.8747,13.1153,1.4888,3.0682,74.2234,71.9113,16.4137,79.887,82.9321,25.3268,,74.2574,57.1693,37.44,11.9,242.2009,31.7842,3.7815,0.084,0.0,,,0.76,11.8,10.6777,,,11.0278,0.9043,143.3613,22.0556,0,22.607
40349,福岡県,粕屋町,町村,48190.0,18.1602,0.8791,7.3972,5.5114,1.7908,3.7083,73.2479,94.6258,34.5532,95.5508,88.6025,6.6844,18.7365,84.2379,95.7725,14.13,13.41,3410.4742,94.9045,7.83,0.2983,0.0746,27.8401,77.4,0.85,8.8,17.075,80.0785,84.2301,8.3005,-0.2864,26.9766,14.5258,0,10.0809
40381,福岡県,芦屋町,町村,13545.0,32.8697,2.4458,18.1998,6.0007,2.5102,5.0,71.4385,89.6533,60.0811,83.1319,88.6212,8.0185,7.3715,82.8121,91.354,11.58,9.25,1169.6891,79.8791,7.8919,0.2162,0.0,,,0.34,0.4,8.5874,,,29.5312,-0.3618,125.5076,29.5312,0,31.103
40382,福岡県,水巻町,町村,28114.0,33.3659,1.0049,17.3527,6.37,4.3964,9.3793,73.5258,93.3915,30.8869,87.9462,74.413,7.9102,9.3031,93.8205,99.7395,11.01,9.95,2553.4968,90.3724,7.2362,0.1005,0.0,54.4107,90.6,0.5,5.1,8.4623,,,39.1264,0.2846,78.2528,24.8986,0,20.6541
40383,福岡県,岡垣町,町村,31007.0,33.5288,3.0137,14.9458,7.3197,2.0124,4.4795,76.7165,74.0223,52.3657,79.4831,80.1167,14.3123,,76.7132,86.4217,48.64,21.46,637.4794,44.1201,3.2153,0.0466,0.0,79.0438,108.06,0.53,4.6,11.4217,,,6.4502,0.516,112.8777,25.8006,0,4.7478
40384,福岡県,遠賀町,町村,18723.0,34.7439,2.835,13.5243,7.319,2.0777,4.4285,76.2251,69.7977,27.2501,72.3494,44.1007,18.733,,82.1258,90.8403,22.15,18.43,845.2822,83.2054,4.0695,0.0543,0.0543,77.5312,107.5,0.54,6.6,7.092,,,26.7051,0.251,101.4795,26.7051,0,16.0489
40401,福岡県,小竹町,町村,7151.0,42.6743,1.565,20.3698,7.6152,3.538,7.6205,73.1,72.8038,49.2824,33.0146,39.3333,13.0799,,61.5385,24.0833,14.28,10.63,500.7703,74.4398,0.2822,0.0,0.0,,,0.32,8.0,4.9621,,,27.9681,0.0979,125.8565,69.9203,0,16.7474
40402,福岡県,鞍手町,町村,15080.0,39.852,4.0443,19.0858,9.5108,3.0438,6.4331,74.583,65.7242,41.4162,60.0708,56.2017,15.4195,,73.2647,10.9764,35.6,23.06,423.5955,64.7753,1.4744,0.0434,0.0,77.3984,117.29,0.42,8.4,4.3874,,,6.6313,-0.3382,212.2016,19.8939,0,3.788
40421,福岡県,桂川町,町村,12878.0,36.0056,3.1703,16.8851,10.6437,2.7333,5.6033,73.4725,90.2059,18.7037,76.0607,67.8787,7.1428,,46.3189,45.1749,20.14,13.76,639.424,68.3217,2.6163,0.0727,0.0727,,,0.39,3.2,12.237,,,0.0,-0.1242,85.417,23.2955,0,34.2162
40447,福岡県,筑前町,町村,29591.0,30.2191,7.1833,10.5218,13.6548,2.0006,4.0712,76.2151,68.9336,38.574,68.3563,94.1655,13.6376,,51.8607,73.4355,67.1,44.53,440.9985,66.3636,1.0555,0.0898,0.0,75.1135,120.07,0.48,10.5,8.5203,,,6.7588,1.3585,64.2087,16.897,0,15.0853
40448,福岡県,東峰村,町村,1899.0,47.5828,14.9194,19.0202,23.6311,1.7378,3.2195,81.0385,48.4785,25.0002,,61.6319,35.9002,,18.8404,,51.97,8.56,36.5403,16.471,1.6355,0.0,0.0,,,0.12,6.6,3.6717,,,0.0,-2.0537,157.9779,52.6593,0,0.0
40503,福岡県,大刀洗町,町村,15521.0,27.8911,11.2063,8.0279,13.8745,1.688,3.2902,73.6822,62.1784,49.6599,78.1577,58.0383,14.0959,0.3519,47.0466,15.9389,22.84,22.83,679.5534,99.9562,0.657,0.0,0.0,77.2329,117.57,0.46,8.3,8.1692,,,19.3287,0.2191,103.0861,6.4429,0,4.8482
40522,福岡県,大木町,町村,13820.0,29.7323,11.7123,9.2398,16.9467,1.7004,3.2135,75.7876,82.2026,29.8746,61.905,47.611,12.0537,1.7966,58.7032,,18.44,18.44,749.4577,100.0,1.0846,0.0542,0.0,,,0.48,7.4,6.5653,,,14.4718,0.1302,101.3025,50.6512,0,4.7955
40544,福岡県,広川町,町村,19969.0,29.8085,9.7957,9.7518,13.2126,1.6776,3.4083,74.6298,79.1217,31.4994,81.7902,30.142,11.0938,1.8625,28.5237,44.1536,37.94,24.46,526.331,64.4702,1.6762,0.0409,0.0,68.9384,114.34,0.6,8.4,7.9614,,,10.0155,-0.1002,55.0854,35.0543,0,10.9779
40601,福岡県,香春町,町村,10191.0,42.4061,2.6747,21.9546,8.1751,3.6993,8.3278,76.1403,65.5829,38.4583,76.4119,71.1232,34.9699,,44.7219,7.5301,44.5,15.35,229.0112,34.4944,1.3681,0.0,0.0651,,,0.3,3.1,14.5359,,,29.4377,-0.4023,235.5019,39.2503,0,0.0
40602,福岡県,添田町,町村,8801.0,45.43,7.3446,23.8649,9.973,2.886,6.3964,75.8482,62.8614,48.2847,59.5102,70.1979,19.2238,,6.7294,19.9517,132.2,21.47,66.5734,16.2405,1.4439,0.0,0.0,,,0.23,4.0,8.3325,,,34.087,-0.4318,284.0586,45.4494,0,23.5996
40604,福岡県,糸田町,町村,8407.0,37.9025,2.3717,23.7637,6.8132,3.3068,7.703,73.303,89.0517,57.706,76.2022,87.9011,13.6621,,58.7421,,8.04,5.79,1045.6468,72.0149,1.209,0.0,0.0,,,0.22,4.9,24.0969,,,11.8948,-0.5234,118.9485,47.5794,0,0.0
40605,福岡県,川崎町,町村,15176.0,39.3941,2.0466,25.2797,6.7412,4.0327,9.2419,73.5292,86.2652,28.8025,69.7472,53.0938,10.3573,,25.9955,10.3892,36.14,18.05,419.9225,49.9447,2.1607,0.0,0.0,56.0676,100.58,0.29,8.7,6.5466,,,26.3574,-0.995,151.5551,46.1255,1,0.0
40608,福岡県,大任町,町村,5008.0,37.5148,2.7652,22.321,8.1975,3.9137,8.9703,76.0274,64.125,50.67,60.4089,13.4292,14.7916,,41.1641,4.0699,14.26,9.84,351.1921,69.0042,1.0163,0.0,0.0,,,0.17,15.1,5.3003,,,19.9681,0.9585,139.7764,0.0,0,0.0
40609,福岡県,赤村,町村,2774.0,41.2803,10.4895,18.6854,14.4601,1.9466,4.0268,75.4139,55.3309,32.1975,19.0311,48.5848,9.7055,,6.8908,,31.98,8.98,86.7417,28.0801,0.7795,0.0,0.0,,,0.15,-2.5,7.5829,,,0.0,0.0721,288.3922,36.049,0,15.8403
40610,福岡県,福智町,町村,21398.0,36.7105,2.7265,20.8565,9.0264,4.0985,9.568,72.3637,81.8883,43.9681,67.6719,61.767,12.9286,,63.5416,3.8623,42.06,25.51,508.7494,60.6515,1.2152,0.0392,0.0,65.367,107.16,0.27,5.1,8.4914,,,18.6933,0.0234,130.8534,9.3467,0,3.2578
40621,福岡県,苅田町,町村,37684.0,25.1771,1.1364,9.5171,4.4843,1.7381,3.6949,71.1859,89.0626,4.2156,89.1635,89.3444,15.5796,0.0027,70.8432,87.8923,49.58,32.57,760.0645,65.6918,3.6537,0.1228,0.0307,43.75,92.86,1.25,9.2,12.0796,80.123,84.9701,23.8828,-0.613,55.7266,15.9219,0,5.2796
40625,福岡県,みやこ町,町村,18825.0,42.2184,8.3661,18.1669,11.0123,2.3851,5.0723,76.8135,51.8894,16.9872,40.408,41.9915,26.4763,,36.3694,10.7509,151.34,54.69,124.3888,36.1372,0.6034,0.0183,0.0183,87.4834,128.68,0.34,5.7,13.2689,80.6105,84.8856,10.6242,-0.2975,185.923,21.2483,0,18.2132
40642,福岡県,吉富町,町村,6536.0,31.1791,2.4156,15.3499,7.9759,2.2185,4.5785,76.8942,94.4135,33.9304,67.6226,90.3862,10.0789,,64.1,73.6464,5.72,5.72,1142.6573,100.0,1.5734,0.1748,0.0,,,0.37,8.0,7.5432,,,30.5998,-0.6579,76.4994,15.2999,0,56.1245
40646,福岡県,上毛町,町村,7251.0,37.364,8.9985,16.9656,10.2941,2.1376,4.3056,78.016,58.6817,26.945,32.4983,36.8265,22.0601,,38.452,3.1885,62.44,23.67,116.1275,37.9084,0.2112,0.0,0.0,,,0.28,-2.7,17.756,,,41.3736,-0.0276,137.912,13.7912,0,46.9355
40647,福岡県,築上町,町村,17189.0,38.6636,7.5172,18.7572,8.0925,2.0885,4.3669,74.4869,61.2609,30.29,64.472,74.0822,21.7872,,29.4217,,119.61,46.58,143.7087,38.9432,0.9446,0.0215,0.0215,73.6607,117.59,0.32,9.3,15.8192,,,34.906,-5.1835,221.0716,23.2707,0,2.479
41201,佐賀県,佐賀市,市,233301.0,29.2341,5.2043,11.3767,9.3688,1.7647,3.5037,72.2675,88.0054,17.4604,87.2103,69.5038,11.5835,73.4265,63.6513,64.1165,431.81,255.22,540.2862,59.1047,4.647,0.0901,0.0509,51.8993,99.84,0.63,1.7,10.5971,,,17.1452,-0.1903,162.4511,62.5801,1,9.2674
41202,佐賀県,唐津市,市,117373.0,33.667,10.5019,14.0397,15.5734,1.9621,3.9187,75.7885,65.893,12.518,74.8414,74.7923,15.1069,61.7816,40.9131,44.8657,487.58,232.3,240.7256,47.6435,2.5915,0.0043,0.0301,67.4937,120.38,0.43,11.7,10.0524,79.1359,85.0018,26.4115,-0.3374,133.7616,44.3032,0,9.9491
41203,佐賀県,鳥栖市,市,74196.0,24.1315,1.5808,8.6506,7.6004,1.6578,3.4632,72.1903,95.2472,27.967,92.4826,88.7194,11.2227,89.5897,71.7491,72.9767,71.72,48.59,1034.5231,67.7496,5.1451,0.1029,0.0617,49.2647,95.09,0.91,0.4,9.6961,,,13.4778,0.0391,74.128,39.0857,0,11.1667
41204,佐賀県,多久市,市,18295.0,37.7752,7.809,15.6278,16.3698,2.3558,4.5565,74.3371,61.4234,29.9595,68.2176,58.569,20.7544,83.7321,62.1886,54.297,96.56,47.66,189.4677,49.3579,1.5736,0.0,0.021,76.0968,129.51,0.35,11.7,10.3411,,,5.466,-2.6674,224.1049,38.2618,0,21.3116
41205,佐賀県,伊万里市,市,52629.0,33.3843,7.9072,12.6488,15.4959,2.1395,4.025,75.8865,65.2858,20.5764,66.017,72.9886,15.4345,66.8271,57.7967,56.9795,255.24,112.75,206.1942,44.1741,2.2173,0.0089,0.0266,69.5128,110.96,0.57,9.6,10.054,79.6628,84.9738,15.2007,-0.4446,119.7059,24.7012,0,10.914
41206,佐賀県,武雄市,市,47914.0,32.3349,5.3745,11.5358,16.8793,1.7239,3.2996,75.8484,60.0332,13.0212,64.0913,58.5672,21.0475,52.8601,71.8142,30.8871,195.4,91.74,245.2098,46.9498,2.4417,0.0218,0.0109,70.0398,130.24,0.48,9.5,13.7246,,,10.4354,-0.24,175.3141,43.8285,1,11.4837
41207,佐賀県,鹿島市,市,27892.0,34.3311,12.7356,12.8923,18.8787,1.8213,3.2946,76.7866,67.2667,19.4849,74.9705,71.6464,13.931,85.3633,72.3199,49.0253,112.12,58.96,248.7692,52.5865,2.6967,0.017,0.0339,74.2503,121.87,0.47,8.6,8.6924,,,7.1705,-0.5306,200.7744,50.1936,1,12.8482
41208,佐賀県,小城市,市,43952.0,29.725,6.5891,10.314,14.7838,2.1455,4.0768,76.0163,67.3785,17.6019,77.384,81.1657,13.9242,61.7509,56.8965,11.8217,95.81,71.98,458.7413,75.1279,1.3476,0.0139,0.0278,76.0341,117.23,0.41,7.4,14.569,,,9.1008,0.132,200.2184,34.1281,0,8.6282
41209,佐賀県,嬉野市,市,25848.0,35.7512,7.6981,13.5284,19.8746,1.7371,3.2438,76.1886,59.2975,28.5407,59.4756,64.5748,14.3954,61.2577,56.5683,35.683,126.41,53.77,204.4775,42.5362,2.6781,0.0186,0.0372,74.6696,133.5,0.38,9.8,5.895,,,11.6063,-0.1896,139.2758,15.4751,0,28.679
41210,佐賀県,神埼市,市,31022.0,32.5514,7.8614,10.4267,15.5174,1.6666,3.2813,74.8429,57.2537,11.937,63.9128,74.6889,18.4634,50.2178,54.9528,16.5681,125.13,66.62,247.9182,53.2406,0.9156,0.0,0.03,72.5524,119.68,0.43,8.8,6.0449,,,3.2235,-0.3062,154.7289,32.2352,0,30.2043
41327,佐賀県,吉野ヶ里町,町村,16323.0,25.7042,4.7143,9.8784,10.9467,2.1871,4.2199,71.4571,75.8033,,83.7613,44.6768,16.2861,59.4279,57.7453,34.6881,43.99,23.88,371.0616,54.2851,2.3869,0.0838,0.0,66.0685,112.31,0.51,9.6,8.7498,,,0.0,0.1225,91.8949,18.379,0,37.4206
41341,佐賀県,基山町,町村,17250.0,32.4836,2.7973,8.941,9.2381,1.9942,3.9337,74.8547,88.2186,6.2001,91.8326,95.5742,17.1001,69.5914,58.893,86.99,22.15,12.63,778.781,57.0203,3.1671,0.0792,0.0792,66.1495,115.52,0.63,7.8,8.5895,,,23.1884,0.6145,104.3478,69.5652,1,11.5197
41345,佐賀県,上峰町,町村,9286.0,25.7588,3.8106,10.5732,10.6288,1.6799,3.4775,75.6404,74.3543,10.2452,81.1443,43.8625,15.9624,75.921,63.3784,66.1425,12.8,10.97,725.4688,85.7031,1.3674,0.0,0.0,,,0.52,10.0,4.1607,,,0.0,0.5923,64.6134,21.5378,1,61.5084
41346,佐賀県,みやき町,町村,25511.0,33.9881,6.1826,12.9418,14.8777,1.8423,3.8689,75.3976,67.8187,4.7218,60.8061,76.7401,16.8201,40.5872,48.8505,15.781,51.92,42.83,491.3521,82.4923,1.0273,0.07,0.0233,80.0211,124.6,0.41,9.4,7.8815,,,7.8398,0.8585,113.6765,54.8783,0,5.6036
41387,佐賀県,玄海町,町村,5609.0,37.0117,21.0608,9.1381,25.8048,1.8185,3.0667,73.4542,33.6194,,31.8995,59.5743,9.4685,30.8067,40.5104,,35.92,26.02,156.1526,72.4388,0.5765,0.0,0.0384,,,1.26,-0.1,8.4727,79.1008,84.9659,17.8285,-1.2123,160.4564,0.0,0,6.8526
41401,佐賀県,有田町,町村,19010.0,36.1093,3.8454,13.4828,17.6225,1.5992,3.0075,77.1653,66.7475,15.4128,56.1488,79.0175,17.1799,60.3161,67.6424,61.1951,65.85,27.34,288.6864,41.5186,3.0724,0.0,0.0366,80.6944,133.68,0.35,8.3,9.0328,79.8286,85.9025,10.5208,-0.5734,147.2909,42.0831,0,108.1613
41423,佐賀県,大町町,町村,6293.0,39.5433,5.9586,19.5252,13.9173,2.2406,4.7094,75.512,67.6763,64.4943,80.7351,92.3118,11.571,56.8027,61.7588,,11.5,8.15,547.2174,70.8696,3.1902,0.0,0.1227,,,0.29,7.8,4.5552,,,0.0,-0.2701,190.6881,31.7813,0,20.8317
41424,佐賀県,江北町,町村,9566.0,29.0733,10.0738,10.4063,16.808,2.0071,3.5928,76.6297,55.6655,16.4794,73.8369,60.3157,17.494,68.0252,73.6868,9.378,24.88,21.1,384.4855,84.8071,1.09,0.0474,0.0,,,0.37,12.3,6.7292,,,10.4537,0.3659,229.9812,52.2685,0,3.3347
41425,佐賀県,白石町,町村,22051.0,36.4847,24.0636,11.7158,25.7305,1.4965,2.6335,77.5053,54.0569,10.2805,59.8576,40.2631,18.5404,36.4777,52.9101,10.8618,99.56,88.91,221.4845,89.3029,0.7873,0.0,0.0225,89.6213,147.43,0.33,10.0,9.2768,,,13.6048,-0.6576,272.0965,27.2097,0,15.4032
41441,佐賀県,太良町,町村,8121.0,39.881,29.3666,14.6561,24.2348,1.6131,2.7908,77.8055,30.0685,,34.5361,84.5754,12.3617,20.3725,64.9609,,74.3,33.13,109.3001,44.5895,0.7546,0.0,0.0302,,,0.26,5.0,7.0635,,,36.9413,-0.9851,160.0788,36.9413,0,0.9362
42201,長崎県,長崎市,市,409118.0,34.2406,1.6317,15.4454,5.5191,1.9874,4.2203,72.9976,93.5438,36.1271,89.0799,91.8107,7.0457,86.8754,57.9395,92.8952,405.69,187.76,1008.4498,46.2816,9.9755,0.1491,0.1065,46.5297,84.97,0.57,8.8,6.3887,79.6902,83.9496,16.6211,-0.4385,65.2623,43.2638,1,12.6187
42202,長崎県,佐世保市,市,243223.0,32.8924,3.7316,15.4057,7.4568,1.9739,4.0358,74.4897,86.2653,53.6637,86.3944,84.9782,11.4244,76.2012,54.7028,87.0226,426.01,208.28,570.9326,48.8909,4.8156,0.1296,0.0672,55.2781,92.96,0.53,4.5,8.3054,79.2366,84.4177,13.1567,-0.6965,74.4173,27.1356,1,17.6263
42203,長崎県,島原市,市,43338.0,36.6572,14.2127,15.4427,14.1224,1.8736,3.732,77.3935,74.2491,12.9483,84.1081,56.5109,10.9705,87.0313,48.3848,59.4034,82.96,49.1,522.3963,59.1851,5.4582,0.0407,0.1018,66.7704,112.69,0.42,3.3,7.4068,,,29.9968,-0.5307,113.0647,46.1489,0,16.6013
42204,長崎県,諫早市,市,133852.0,31.207,5.4791,12.3205,9.5438,1.8259,3.6719,74.5614,80.9471,10.9792,78.4692,80.223,13.6611,80.9228,57.1067,55.8954,341.79,196.79,391.6206,57.5763,2.8762,0.0508,0.0407,57.782,102.79,0.59,6.5,6.6545,80.2711,84.9676,19.4244,0.189,71.721,55.2849,0,24.6639
42205,長崎県,大村市,市,95397.0,25.8276,3.754,11.5482,6.5953,1.7778,3.6451,74.6551,88.0934,20.4811,88.7292,78.9888,9.279,88.0444,71.9612,87.8341,126.73,66.75,752.7578,52.671,5.3783,0.0449,0.0599,59.3951,97.23,0.62,9.0,5.8763,80.5029,84.5662,16.772,1.1803,41.93,37.737,0,6.6141
42207,長崎県,平戸市,市,29365.0,42.1348,17.5524,19.9214,15.173,1.6278,3.2508,79.5884,42.7424,9.3542,54.54,61.2768,15.5536,36.5463,45.6061,22.0715,235.12,103.05,124.8937,43.8287,1.2615,0.0097,0.0291,77.3768,119.52,0.24,1.5,8.6411,79.2373,84.4597,20.4325,-0.7049,258.8115,40.865,0,23.1203
42208,長崎県,松浦市,市,21271.0,39.0507,12.5297,17.2677,13.5129,1.9181,3.5972,77.3685,59.4688,20.2949,48.2865,73.1831,15.4001,65.9233,34.614,33.2628,130.55,68.82,162.9337,52.7154,1.0462,0.0,0.0145,73.9234,116.54,0.53,10.8,7.1716,79.2888,84.3924,18.8049,-1.0907,169.2445,4.7012,0,22.3932
42209,長崎県,対馬市,市,28502.0,40.1459,18.4081,17.9244,9.7928,1.8595,3.6329,80.8938,50.695,7.0685,44.3964,63.482,19.2157,38.574,26.3373,23.1763,707.42,74.44,40.2901,10.5227,2.0956,0.0403,0.0403,63.7681,110.3,0.2,6.6,8.9128,79.2914,83.8451,10.5256,-1.1648,192.9689,56.1364,0,31.1102
42210,長崎県,壱岐市,市,24948.0,39.2282,16.8043,17.8034,17.8343,1.924,4.0057,80.1104,43.9157,2.6028,33.1593,56.1835,11.44,38.1565,53.4332,16.5198,139.42,80.1,178.9413,57.4523,1.4732,0.0999,0.025,84.3882,126.49,0.22,6.6,8.4774,78.782,83.9828,20.0417,-0.8738,300.6253,32.0667,0,13.4726
42211,長崎県,五島市,市,34391.0,41.9356,14.4204,22.585,3.9299,1.5963,3.4935,78.3152,60.2636,41.244,60.0803,65.0681,11.6051,66.4571,38.4837,23.9647,420.12,145.05,81.8599,34.5258,1.4616,0.0207,0.0276,74.6002,100.41,0.24,7.5,8.653,79.1528,84.0555,23.2619,-0.692,191.9107,63.9702,0,21.9701
42212,長崎県,西海市,市,26275.0,40.1305,14.9437,16.8269,11.6881,1.6251,3.1084,76.5651,41.1681,14.8685,45.2332,56.6771,19.558,45.5954,48.1109,14.0104,241.98,105.31,108.5834,43.5201,0.5982,0.0285,0.0285,72.5756,113.34,0.29,-1.8,8.3358,79.8672,84.1486,15.2236,-1.1722,110.3711,49.4767,0,29.4595
42213,長崎県,雲仙市,市,41096.0,36.4242,22.1545,14.3657,19.1564,1.6109,2.9884,76.5075,56.9253,21.8131,49.292,50.5998,16.6007,59.8881,28.2008,12.4025,214.29,109.82,191.7775,51.2483,1.3477,0.0,0.0182,78.3784,123.08,0.28,3.8,10.6345,,,19.4666,-0.2677,124.0997,14.6,0,28.3681
42214,長崎県,南島原市,市,42330.0,42.0484,22.3815,16.5369,17.4601,1.7718,3.4705,79.8062,56.488,24.5698,55.509,48.9528,13.4585,62.2434,49.1125,26.301,170.15,109.63,248.7805,64.4314,1.1311,0.0091,0.0182,87.0968,133.08,0.25,-4.8,12.5268,,,25.9863,-0.8363,118.1195,28.3487,0,11.4893
42307,長崎県,長与町,町村,40780.0,28.9406,2.7083,9.1233,6.927,1.6135,3.2178,77.1217,92.0532,49.6237,93.3263,93.3371,5.8991,81.4345,68.0658,96.1689,28.73,18.82,1419.4222,65.5064,2.8693,0.0531,0.0531,66.9046,103.57,0.62,7.4,10.272,80.6419,85.072,9.8087,-0.3874,22.0696,41.6871,0,9.3105
42308,長崎県,時津町,町村,29339.0,27.1386,1.8716,10.8267,6.4522,1.7417,3.5089,74.7608,94.096,41.1638,95.774,80.6242,10.2634,85.4592,95.6522,97.9712,20.94,12.48,1401.0984,59.5989,8.1731,0.2404,0.0801,50.6791,93.17,0.66,5.2,9.3045,79.9745,84.4565,20.4506,-0.8385,30.6759,23.859,0,14.7615
42321,長崎県,東彼杵町,町村,7721.0,39.568,14.3783,13.6211,19.0175,1.3988,2.6207,76.9366,57.3872,,49.9876,44.056,27.9443,44.9043,62.6607,0.7252,74.29,29.61,103.9305,39.8573,0.8443,0.0,0.0,,,0.3,9.5,11.4612,80.0188,84.5744,25.9034,0.0648,51.8068,64.7585,0,11.5473
42322,長崎県,川棚町,町村,13377.0,35.0212,4.2573,13.9849,12.4396,1.6596,3.2879,75.8042,57.6821,21.8629,73.9686,62.005,12.0313,67.0563,67.3711,83.2011,37.25,16.07,359.1141,43.1409,3.4225,0.0,0.0622,,,0.36,5.9,5.846,79.8795,84.8978,14.951,-0.6205,52.3286,22.4266,0,12.3902
42323,長崎県,波佐見町,町村,14291.0,33.2839,3.9767,9.8837,19.8276,1.5184,2.796,77.275,67.0429,10.6211,64.577,46.3934,17.4569,55.0825,58.4754,20.4999,56.0,21.42,255.1964,38.25,2.2876,0.0,0.0467,,,0.39,8.2,9.7179,79.7739,84.9912,41.9845,0.3639,62.9767,55.9793,0,13.3564
42383,長崎県,小値賀町,町村,2288.0,51.3526,28.75,26.6251,10.3295,1.2238,2.439,82.506,50.578,50.475,,69.5612,6.4368,43.0195,13.0452,,25.5,11.03,89.7255,43.2549,1.2693,0.0,0.0907,,,0.1,8.1,8.4884,79.3526,85.0022,0.0,-0.5682,480.7692,87.4126,0,0.0
42391,長崎県,佐々町,町村,13912.0,28.7675,4.6416,12.5254,8.9547,1.6029,3.1717,76.1688,77.5401,0.1694,88.9651,71.7729,15.3097,65.9531,46.5421,86.4943,32.26,14.53,431.2461,45.0403,3.9229,0.0,0.0688,,,0.48,8.7,7.5484,79.9126,83.5202,7.188,-0.345,71.8804,7.188,0,15.043
42411,長崎県,新上五島町,町村,17503.0,44.7227,10.0078,22.4546,5.5569,1.874,4.0786,78.5589,53.1977,4.3844,39.4458,64.6922,14.7283,47.0178,31.6757,25.3559,214.0,39.33,81.7897,18.3785,1.8815,0.0509,0.0509,81.1271,107.39,0.22,1.1,8.3397,78.6055,83.8661,5.7133,-0.9598,245.6722,57.1331,0,28.2073
43100,熊本県,熊本市,政令市,738865.0,27.3771,3.2078,11.2219,6.3411,1.8714,3.8779,71.6703,93.503,41.8899,93.1429,83.3101,7.075,88.7585,71.6081,96.3359,390.32,327.06,1892.9724,83.7928,8.8455,0.1131,0.0826,41.7095,84.71,0.69,5.4,17.1268,80.7336,84.9952,0.1353,0.182,55.3552,42.3623,1,9.7991
43202,熊本県,八代市,市,123067.0,34.9581,13.6261,13.7542,13.1868,2.068,4.2814,75.8543,78.1525,17.3241,77.2429,61.4892,10.261,,30.3125,66.7838,681.3,183.1,180.6355,26.8751,2.5614,0.0437,0.0437,65.3767,107.92,0.5,9.2,5.4872,80.4116,84.2478,14.6262,-0.6273,112.134,30.0649,0,8.6706
43203,熊本県,人吉市,市,31108.0,37.9803,7.2556,16.5684,10.2297,2.3595,4.8359,77.574,82.5495,21.4373,78.8828,67.3239,7.9881,,69.8037,59.2195,210.55,52.73,147.7464,25.0439,4.6842,0.0569,0.0379,62.5,97.79,0.43,5.6,4.1916,80.558,85.1981,16.073,-0.524,122.1551,16.073,0,22.1622
43204,熊本県,荒尾市,市,50832.0,36.5726,3.8935,16.1307,9.13,2.4414,5.3728,75.365,83.6878,16.2325,81.9685,76.7192,7.5789,,80.5989,87.2654,57.37,48.25,886.038,84.1032,2.6114,0.1658,0.0415,69.6184,100.44,0.47,9.4,14.0148,79.5963,84.7473,21.6399,-0.183,100.3305,17.7054,1,7.8616
43205,熊本県,水俣市,市,23557.0,42.5202,5.8437,20.5395,7.7556,2.114,4.5894,77.4919,66.9967,39.7296,56.1338,89.7211,12.691,,40.2634,44.543,163.29,42.64,144.2648,26.1131,2.6735,0.0469,0.0235,74.2246,100.09,0.37,9.8,4.817,80.6529,84.61,25.4701,-0.7514,80.6554,67.9204,0,33.8085
43206,熊本県,玉名市,市,64292.0,35.2314,16.7994,13.4222,13.0214,1.9847,3.9373,75.0772,69.7304,7.6269,63.1683,43.0575,11.984,,63.2885,59.0575,152.6,126.8,421.3106,83.0931,1.5536,0.0315,0.0394,71.0806,113.86,0.43,8.9,8.5713,80.7168,85.0536,17.1094,-0.5506,94.8796,43.5513,0,12.9978
43208,熊本県,山鹿市,市,49025.0,38.8927,15.4253,15.8996,15.4315,2.0357,3.9322,77.3418,55.8845,16.125,53.835,43.8143,11.1282,,53.4331,39.5151,299.69,145.29,163.5857,48.4801,1.645,0.0138,0.0275,74.7258,119.81,0.34,9.4,7.8759,79.9379,84.5828,20.3978,-0.153,148.9036,44.8751,0,16.3706
43210,熊本県,菊池市,市,46416.0,34.494,16.0689,13.4437,15.1171,2.2858,4.4038,76.0096,59.9504,22.3717,61.0846,47.6069,12.9902,,38.0851,23.7336,276.85,125.98,167.6576,45.5048,1.3812,0.0238,0.0238,72.1512,110.0,0.44,10.4,10.0494,80.3433,84.6301,15.081,0.2693,84.0228,66.7873,1,8.6569
43211,熊本県,宇土市,市,36122.0,30.6535,7.8684,11.0533,12.867,2.0016,4.3036,75.4876,54.9311,19.0747,64.4828,80.5793,13.1066,,65.2094,51.7732,74.3,45.86,486.1642,61.7227,2.1151,0.0436,0.0218,68.4364,113.02,0.5,10.6,6.3606,80.726,85.6849,5.5368,-0.3516,96.8939,27.684,0,7.1118
43212,熊本県,上天草市,市,24563.0,43.5578,11.9175,18.9881,14.8185,1.9175,4.0205,78.9334,46.1397,10.6885,41.3408,55.0166,15.006,,51.1149,4.3928,126.67,50.62,193.9133,39.9621,1.6594,0.0,0.0198,81.3152,117.8,0.25,11.5,13.8378,79.5112,84.9055,16.2847,-1.0992,130.2772,56.9963,0,2.2786
43213,熊本県,宇城市,市,57032.0,35.0481,15.1251,13.1468,13.8941,2.2444,4.4602,76.3917,68.0218,12.0505,67.2278,48.8835,16.7376,,60.6402,32.5673,188.67,129.18,302.2844,68.4688,1.2231,0.0077,0.0155,70.0323,107.64,0.4,9.1,17.504,80.5395,84.8387,19.2874,-0.2209,94.6837,38.5748,0,14.4144
43214,熊本県,阿蘇市,市,24930.0,39.7619,18.6237,15.5571,15.0543,1.4039,2.6789,78.0108,60.8052,10.9687,57.1037,61.3476,24.777,,26.6329,,376.3,136.0,66.2503,36.1414,1.0735,0.0147,0.0074,74.6,128.32,0.34,8.1,5.6648,79.5539,84.3656,20.0562,-0.4894,128.3594,68.1909,0,10.4857
43215,熊本県,天草市,市,75783.0,42.4187,12.242,19.0424,10.9003,1.8421,3.8276,78.245,62.5464,20.2064,54.7311,63.2074,18.066,,37.7424,37.6766,683.82,221.8,110.823,32.4354,1.4653,0.0271,0.0225,74.9917,110.53,0.28,9.5,7.7476,79.0903,84.96,15.8347,-0.5001,175.5011,42.2258,0,13.9859
43216,熊本県,合志市,市,61772.0,24.2745,4.3075,9.0185,8.091,1.8811,3.9629,76.4637,89.4268,16.0614,89.8881,88.7884,8.6292,16.5093,76.8284,92.7836,53.19,46.08,1161.3461,86.6328,2.3655,0.0434,0.0,73.7299,105.71,0.63,6.7,7.8682,80.9012,84.7167,22.664,0.6556,30.7583,32.3771,0,13.4201
43348,熊本県,美里町,町村,9392.0,47.684,13.5382,18.4728,20.0294,1.629,3.2946,77.7542,45.3687,18.9247,36.7477,54.4911,13.059,,29.5006,5.587,144.0,39.98,65.2222,27.7639,0.4502,0.025,0.0,,,0.22,6.4,7.9914,80.4714,85.8508,10.6474,-0.4365,159.7104,53.2368,0,11.4786
43364,熊本県,玉東町,町村,5045.0,36.8137,21.4812,15.0996,17.5885,1.9029,3.5888,77.5703,46.1683,,63.467,50.6462,14.9647,,36.0797,6.0274,24.33,16.72,207.3572,68.7217,0.3589,0.0,0.0,,,0.3,4.7,7.6449,80.3926,85.1179,39.6432,0.2379,158.5728,0.0,0,9.2188
43367,熊本県,南関町,町村,8979.0,41.294,14.3112,16.0929,16.6667,2.0381,3.9195,75.8254,34.8411,6.1227,35.9961,28.2678,22.4872,,70.4023,2.6875,68.92,35.1,130.2815,50.9286,0.4843,0.0285,0.0,,,0.38,8.4,6.2163,81.1105,85.0676,22.2742,-0.4566,211.6049,33.4113,1,0.0
43368,熊本県,長洲町,町村,15372.0,36.8401,5.3226,12.7103,10.3427,2.3159,4.6222,75.8362,84.3863,,71.7525,18.9393,6.8092,,79.8547,89.7943,19.44,19.1,790.7407,98.251,1.3089,0.0,0.0,79.9669,113.2,0.51,6.9,10.1858,80.4772,84.9223,26.0213,-0.7611,130.1067,32.5267,0,7.888
43369,熊本県,和水町,町村,9342.0,43.1349,19.0093,16.1366,20.1119,1.9161,3.7432,78.6167,29.2211,,35.6205,33.0717,23.5374,,42.2999,2.5161,98.78,47.18,94.5738,47.7627,0.4663,0.0,0.0,,,0.25,10.3,6.4212,80.8894,85.1397,10.7043,0.2569,171.2695,32.113,0,6.9635
43403,熊本県,大津町,町村,35187.0,23.2194,6.9782,8.3127,8.341,1.8643,3.5825,73.2667,63.1655,26.9875,80.4095,60.447,14.7254,,53.5615,63.5169,99.1,50.18,355.0656,50.6357,2.0128,0.0199,0.0399,59.272,97.46,0.72,6.5,9.751,80.8608,85.4039,17.0518,0.3695,53.9972,36.9455,0,21.6831
43404,熊本県,菊陽町,町村,43337.0,21.3959,4.1846,7.4208,6.4918,1.5876,3.1855,72.4711,91.7572,16.6483,95.5483,84.998,12.91,20.6081,70.0194,95.7246,37.46,33.13,1156.8873,88.441,4.4069,0.0302,0.0,45.7037,87.64,0.94,5.0,10.835,81.3239,84.8149,11.5375,-0.3484,20.7675,34.6125,0,8.7287
43423,熊本県,南小国町,町村,3750.0,39.9484,18.9276,17.5219,17.3967,1.2267,2.0646,79.551,26.6199,,31.9811,57.5885,40.9074,,24.1296,,115.9,21.98,32.3555,18.9646,1.7288,0.0,0.0,,,0.19,5.7,4.9713,80.2781,84.779,0.0,-0.4,213.3333,53.3333,0,6.2723
43424,熊本県,小国町,町村,6590.0,43.6659,15.9909,17.7048,17.516,1.3809,2.5152,80.3801,44.5265,12.5941,46.4092,60.2109,19.1624,,66.4628,2.9417,136.94,26.47,48.1233,19.3296,2.04,0.0378,0.0378,,,0.24,7.7,4.2272,80.3965,85.2696,45.5235,-4.5524,303.4901,0.0,0,3.3451
43425,熊本県,産山村,町村,1382.0,43.5125,41.5328,16.0232,22.5869,1.0854,1.8204,82.1053,27.4812,,13.0764,21.0433,14.9689,,29.1984,,60.81,14.72,22.7265,24.2065,0.3397,0.0,0.0,,,0.15,7.1,5.7959,80.207,85.1552,72.3589,-1.1577,72.3589,72.3589,0,0.0
43428,熊本県,高森町,町村,5789.0,43.394,21.4334,18.2311,13.7672,1.2437,2.3873,80.3551,52.6044,2.8333,35.433,78.7183,15.4864,,17.7687,,175.06,45.13,33.0687,25.7797,0.7091,0.0222,0.0222,,,0.25,5.6,4.2802,80.075,84.9578,17.2741,-0.3973,293.6604,69.0966,0,0.0
43432,熊本県,西原村,町村,6426.0,32.4371,16.0034,11.408,14.2918,1.4317,2.5485,78.0346,43.0962,,47.7445,38.9751,12.1569,,80.6082,,77.22,31.31,83.2168,40.5465,1.054,0.0,0.0,,,0.34,7.2,7.4359,80.6595,85.2712,15.5618,2.2409,62.2471,77.8089,0,0.0
43433,熊本県,南阿蘇村,町村,9836.0,43.3317,21.04,15.8857,15.0338,1.4538,2.7702,80.7462,32.1749,1.9383,30.4974,61.4764,33.8714,,39.0969,2.1189,137.32,50.82,71.6283,37.0084,1.3577,0.0,0.0,,,0.21,10.3,4.2169,80.1546,84.6152,10.1667,0.1932,162.6678,50.8337,0,4.8887
43441,熊本県,御船町,町村,16303.0,34.7491,8.8672,13.999,12.8338,1.9076,3.7955,77.3407,41.5869,4.4672,66.5063,55.0689,16.591,,41.1098,3.3789,99.03,43.48,164.6269,43.9059,0.598,0.023,0.023,80.5296,118.88,0.35,11.6,7.0913,80.2015,84.9614,0.0,1.0244,141.0783,92.0076,0,14.8697
43442,熊本県,嘉島町,町村,9547.0,25.4454,7.301,8.8876,12.758,1.8435,3.7154,75.6875,81.4622,14.1651,91.2659,63.3568,22.8662,2.9812,68.7049,91.4628,16.65,16.65,573.3934,100.0,3.003,0.0,0.0,,,0.61,9.4,12.153,80.2762,85.178,10.4745,1.2465,115.2194,41.898,0,28.291
43443,熊本県,益城町,町村,32510.0,29.7582,7.1746,10.0949,10.3,2.0855,4.246,77.3408,86.2977,11.6331,82.7126,58.2627,13.745,23.1427,68.4352,85.6903,65.68,45.31,494.9756,68.986,0.7062,0.0221,0.0,74.2097,106.12,0.48,8.8,6.7126,80.9717,85.512,9.2279,0.4799,43.0637,43.0637,1,9.765
43444,熊本県,甲佐町,町村,10132.0,40.1045,14.4096,15.837,17.4508,1.8456,3.5551,78.1377,30.3226,21.8784,44.4267,47.2321,15.4065,0.2437,54.0798,1.9948,57.93,32.42,174.9007,55.9641,0.5244,0.0,0.0308,,,0.29,6.3,12.3743,81.0448,85.5146,9.8697,-0.1974,167.7852,39.4789,0,0.0
43447,熊本県,山都町,町村,13503.0,51.5069,37.4665,19.839,21.4683,1.3849,2.448,83.4904,33.5004,12.1772,30.8058,34.5008,27.7028,,30.6472,0.3132,544.67,139.65,24.7912,25.6394,0.5156,0.0072,0.0072,,,0.23,4.6,8.1253,78.9474,84.7289,22.2173,-0.6887,236.9844,59.2461,0,3.0079
43468,熊本県,氷川町,町村,11094.0,40.0311,27.796,14.4172,22.6227,1.7487,3.4131,77.8079,63.061,1.6797,50.7459,40.5244,13.8426,,54.0281,17.3261,33.36,30.03,332.554,90.018,0.9657,0.0999,0.0,,,0.28,10.5,7.256,79.8026,85.0892,27.0416,-0.2434,117.1805,27.0416,0,12.0827
43482,熊本県,芦北町,町村,15681.0,46.7875,15.3105,18.3451,17.6066,1.6134,3.4624,78.2637,50.3224,5.6871,41.6542,42.6742,23.8164,,29.2572,32.7756,234.01,51.33,67.01,21.935,0.5845,0.0,0.0195,76.2742,107.71,0.35,4.3,6.7417,80.0803,85.3393,25.5086,-0.778,178.56,44.64,0,61.8742
43484,熊本県,津奈木町,町村,4254.0,44.7818,16.4209,18.1548,15.7738,2.2567,4.6534,78.3934,47.407,,42.4863,51.5199,23.1826,,41.8445,,34.08,12.27,124.8239,36.0035,0.8965,0.0,0.0,,,0.23,2.6,6.3407,80.2103,85.5178,0.0,-0.5172,94.0291,0.0,0,29.1286
43501,熊本県,錦町,町村,10288.0,34.4713,18.8179,13.2884,19.9191,1.8079,3.3114,79.3199,59.765,,55.6072,51.973,15.481,,66.0581,3.3788,85.04,37.0,120.9784,43.5089,0.7568,0.0,0.027,,,0.39,8.6,5.1282,79.5148,84.257,9.7201,-0.904,87.4806,29.1602,0,9.358
43505,熊本県,多良木町,町村,9076.0,43.8391,21.0549,17.3812,19.9305,1.4434,2.7212,80.3181,47.4867,,36.4018,44.611,8.3572,,18.8388,0.0488,165.86,34.38,54.7208,20.7283,1.1053,0.0,0.0,,,0.23,7.8,13.9025,79.2887,84.3157,88.1446,-1.234,165.271,33.0542,0,0.4208
43506,熊本県,湯前町,町村,3627.0,45.4855,23.2906,19.228,19.5854,1.4337,2.7027,81.8182,24.0288,,45.8263,37.9489,5.8423,,44.9036,10.7973,48.37,12.92,74.9845,26.7108,0.6966,0.0,0.0,,,0.16,5.1,11.5716,80.0511,84.916,0.0,-0.6066,220.568,27.571,0,12.4069
43507,熊本県,水上村,町村,2033.0,44.6862,28.3168,22.3785,19.6931,1.0821,2.1318,82.8992,42.6828,,6.8783,58.2187,13.3793,,15.7745,25.6307,190.96,15.8,10.6462,8.274,0.443,0.0,0.0,,,0.16,11.4,7.7321,80.5302,85.1529,0.0,-0.7378,245.942,49.1884,0,0.0
43510,熊本県,相良村,町村,4070.0,43.8169,20.5013,15.5373,23.8193,2.3342,4.5455,80.5463,23.9745,,13.1697,64.5275,15.2784,,44.1538,0.2781,94.54,25.26,43.0506,26.7188,0.1584,0.0,0.0,,,0.2,8.2,7.9139,79.4176,83.0989,24.57,-0.6143,270.2703,49.14,0,0.0
43511,熊本県,五木村,町村,931.0,50.4246,18.259,21.0526,14.5933,0.6445,1.2579,78.3591,26.7021,,14.695,29.1869,38.5753,,14.7191,,252.92,14.59,3.681,5.7686,0.2056,0.0,0.0685,,,0.21,8.9,5.5964,79.7808,84.9067,0.0,-6.1224,214.8228,107.4114,0,0.0
43512,熊本県,山江村,町村,3238.0,37.0071,17.6471,15.5004,22.0549,1.5442,2.9727,81.8927,8.1737,,21.2348,7.3698,22.8175,,14.0165,4.5651,121.19,16.32,26.7184,13.4665,0.1225,0.0,0.0,,,0.15,10.9,7.2112,79.9155,84.4438,0.0,-0.7412,92.6498,30.8833,0,0.0
43513,熊本県,球磨村,町村,2433.0,49.6052,19.1207,19.1795,20.0,1.3564,3.2641,78.4804,11.3023,,23.1614,72.0685,54.0064,,24.5466,,207.58,26.23,11.7208,12.6361,,0.0,0.0,,,0.14,5.4,3.788,,,41.1015,-3.6169,411.0152,0.0,0,0.0
43514,熊本県,あさぎり町,町村,14676.0,39.265,22.2631,14.8573,20.9241,1.6694,3.1194,80.0111,54.9303,4.821,37.5982,33.2706,12.297,,73.4826,4.8087,159.56,53.85,91.9779,33.7491,0.9656,0.0371,0.0186,,,0.23,8.3,7.0234,80.6127,85.0496,0.0,-0.477,149.9046,27.2554,1,19.6637
43531,熊本県,苓北町,町村,7114.0,44.8432,15.0047,17.722,13.9374,1.1527,2.4841,76.7593,46.6824,18.4243,47.3697,43.6938,14.6086,,30.415,,67.58,26.01,105.2678,38.4877,0.5767,0.0,0.0,,,0.41,12.9,6.2469,80.8484,85.6747,0.0,-0.506,238.9654,28.1136,0,0.0
44201,大分県,大分市,市,475614.0,28.4698,1.7222,11.053,5.3084,2.0201,4.155,74.0017,89.5385,0.1193,93.2941,82.1795,9.3062,,61.3803,95.4797,502.39,245.87,946.7028,48.9401,7.0078,0.1383,0.0813,44.1352,85.78,0.86,5.2,9.5887,81.0364,84.954,12.6153,-0.0582,57.3995,36.374,1,14.8765
44202,大分県,別府市,市,115321.0,34.2977,1.2164,17.3612,5.6842,2.2034,4.8301,71.8813,96.9324,39.3991,96.8214,91.9442,8.1285,,49.6332,97.8061,125.34,43.86,920.0654,34.9928,17.3051,0.456,0.0912,39.8202,82.05,0.55,2.9,6.6067,79.9428,84.5279,19.9443,-0.0373,90.1831,40.7558,1,7.9252
44203,大分県,中津市,市,82863.0,31.0225,4.323,13.6121,5.988,1.8778,3.9446,76.2631,69.2857,3.2985,77.6693,66.3562,13.7589,,45.8701,46.2767,491.44,112.12,168.6126,22.8146,3.6657,0.1159,0.0446,61.0223,103.21,0.51,5.9,8.5835,79.6052,84.6077,14.4817,0.1774,195.5034,28.9635,1,8.1262
44204,大分県,日田市,市,62657.0,36.5628,9.9518,14.8055,14.4544,2.0955,3.9951,78.148,68.7267,6.4534,67.8505,71.6108,12.5504,,28.1279,58.1949,666.03,115.7,94.0753,17.3716,3.1201,0.0605,0.0432,63.8979,112.31,0.42,4.1,9.2382,79.7552,84.9451,19.1519,-0.4102,130.8713,31.9198,1,16.4915
44205,大分県,佐伯市,市,66851.0,41.7469,7.9962,18.4372,9.5716,2.181,4.6698,78.8186,63.5448,3.2319,60.9915,62.237,12.5076,,47.0604,45.9759,903.14,120.54,74.0206,13.3468,2.6879,0.0581,0.0249,75.4228,111.57,0.33,8.7,6.1933,80.1217,84.8754,23.9338,-0.4428,113.6857,20.9421,1,36.2572
44206,大分県,臼杵市,市,36158.0,41.9568,9.1584,17.473,11.6282,2.0549,4.3957,77.4175,66.0156,6.1263,57.99,69.6986,17.4203,,48.8069,30.6508,291.2,84.81,124.169,29.1243,1.639,0.0236,0.0236,76.5398,112.06,0.37,7.4,5.7033,80.7807,85.2541,11.0626,-0.5199,149.3445,33.1877,1,7.7033
44207,大分県,津久見市,市,16100.0,46.5488,7.4919,20.4992,8.8653,2.1739,4.6723,78.3483,70.0525,1.4716,59.8841,82.0536,13.806,,37.313,70.5421,79.48,29.98,202.5667,37.7202,2.5684,0.1334,0.0334,80.6604,108.92,0.39,9.5,6.3052,79.8747,84.3886,24.8447,-0.8012,155.2795,31.0559,1,12.2398
44208,大分県,竹田市,市,20332.0,49.1486,31.0584,21.7608,13.1883,1.3722,2.5869,80.5369,46.2108,6.6201,30.735,56.254,19.1645,,48.5107,23.8039,477.53,143.32,42.5774,30.0128,0.6001,0.0209,0.0209,83.2888,116.99,0.25,4.6,8.7399,80.4944,85.3403,9.8367,-0.4525,334.4482,68.857,1,22.0928
44209,大分県,豊後高田市,市,22112.0,38.092,13.867,18.1266,8.1423,1.5648,3.3022,77.3145,55.0405,17.3373,53.1042,60.9346,17.6886,,58.3601,38.352,206.24,88.31,107.2149,42.819,1.1211,0.034,0.0113,83.2009,122.6,0.31,4.4,7.7252,80.4808,85.5006,22.6122,0.3301,370.8394,45.2243,1,6.0424
44210,大分県,杵築市,市,27999.0,38.9465,13.6264,15.7719,10.2367,1.9001,3.982,76.7048,49.8232,5.1927,49.4634,70.468,22.582,,47.7155,45.4585,280.08,115.28,99.9679,41.1597,0.6593,0.0607,0.0087,70.3571,108.33,0.33,8.5,8.3614,81.0388,85.1775,14.2862,-0.6572,207.1503,25.0009,1,11.5197
44211,大分県,宇佐市,市,52771.0,37.2907,9.4868,17.4312,8.5077,2.0902,4.4801,76.7074,61.4809,3.8859,58.8487,68.4963,21.3703,,46.7205,27.111,439.05,175.58,120.1936,39.9909,1.0593,0.0171,0.0228,72.6375,114.47,0.42,6.7,8.6706,80.5589,84.9317,9.4749,-0.1649,295.6169,37.8996,1,7.9871
44212,大分県,豊後大野市,市,33695.0,45.1915,18.3733,19.8469,12.7988,2.2318,4.5809,79.7682,56.0561,8.3679,46.4015,76.681,21.2496,,35.9984,22.542,603.14,157.84,55.866,26.1697,0.6399,0.0127,0.0063,76.9865,111.78,0.28,5.0,8.8214,80.6593,84.8513,14.839,-0.8161,207.746,38.5814,1,27.2572
44213,大分県,由布市,市,32772.0,33.8267,8.937,13.7081,10.0465,1.9376,3.928,75.3615,71.9775,7.8112,63.2944,84.2194,19.4059,,35.054,35.6165,319.32,89.91,102.6306,28.1567,1.4904,0.089,0.0111,71.7273,104.63,0.41,6.9,6.9501,80.4436,84.8211,6.1028,0.3295,219.6997,57.9763,1,6.6185
44214,大分県,国東市,市,26232.0,43.1977,16.6454,18.4742,10.2981,1.7421,3.5184,79.3099,47.8966,3.671,45.9557,73.3801,17.4459,,58.5679,13.2504,318.1,121.63,82.4646,38.2364,0.6824,0.0493,0.0082,69.2953,110.22,0.29,4.5,8.5365,80.7615,85.645,22.8728,-4.201,335.4681,38.1214,1,8.7518
44322,大分県,姫島村,町村,1725.0,55.2647,21.7784,24.0338,10.3865,0.9275,2.0202,86.5578,78.6601,,,,1.6033,,22.7379,,6.99,4.45,246.7811,63.6624,1.573,0.2247,0.0,,,0.1,4.5,6.955,81.4261,85.9545,0.0,-0.4638,231.8841,57.971,0,22.4023
44341,大分県,日出町,町村,27723.0,30.803,5.8476,12.5804,8.242,2.1282,4.5011,75.96,69.6259,,70.5587,87.4967,21.9744,,54.9141,54.798,73.26,41.94,378.4193,57.2482,1.6929,0.1192,0.0238,72.6222,107.19,0.58,7.6,15.0412,81.174,85.0976,14.4285,-0.0433,126.249,39.6782,1,20.0889
44461,大分県,九重町,町村,8541.0,44.6087,26.8747,17.8744,18.6292,1.4518,2.7086,82.9991,31.8867,1.578,28.4887,43.9124,25.7399,,21.6094,,271.37,58.87,31.4736,21.6936,0.7474,0.0,0.0,,,0.32,5.1,10.9697,80.8185,85.1137,23.4165,-0.8664,316.1222,58.5412,0,2.1797
44462,大分県,玖珠町,町村,14386.0,39.9559,15.9483,16.1413,13.6647,1.5571,2.8426,79.7832,63.8974,10.7272,63.0252,79.4722,16.1864,,36.2192,6.0886,286.6,45.04,50.1954,15.7153,2.087,0.0444,0.0222,,,0.36,2.9,10.9582,80.445,84.6399,20.8536,-0.6534,271.0969,20.8536,1,9.9055
45201,宮崎県,宮崎市,市,401339.0,29.1281,4.6992,12.4153,4.4107,1.9104,4.0728,74.9415,90.3561,90.2348,89.237,80.763,9.9728,88.0131,69.5869,91.2678,643.57,297.48,623.6136,46.2234,7.5635,0.1008,0.0571,49.916,85.69,0.69,6.6,8.1648,80.6722,85.0941,19.4349,-0.1904,45.8465,40.3649,1,23.7212
45202,宮崎県,都城市,市,160640.0,32.0688,8.419,16.1445,4.4228,2.0032,4.1112,76.6756,74.4621,13.8791,77.2331,65.4288,11.061,80.9859,66.34,71.7641,653.36,290.9,245.8675,44.5237,2.6882,0.0481,0.0275,67.655,95.74,0.54,4.8,6.1922,79.2417,84.3202,16.1853,1.3714,43.5757,34.8606,0,28.7923
45203,宮崎県,延岡市,市,118394.0,35.1981,5.0125,16.0567,8.1479,1.9486,4.0709,76.5543,80.669,17.1561,80.7206,80.1253,11.3539,85.9094,40.0445,83.2463,868.02,132.46,136.3955,15.26,5.0506,0.0528,0.0528,62.6468,96.14,0.52,7.7,9.3298,79.4846,84.5967,14.3588,-0.4603,81.0852,34.6301,0,16.5958
45204,宮崎県,日南市,市,50848.0,39.8882,11.6392,18.6475,7.4044,2.2066,4.6764,78.374,68.3689,8.5114,72.8722,74.5867,14.813,69.0993,55.4041,65.3349,535.49,109.55,94.956,20.4579,2.6289,0.0183,0.0274,72.3754,103.34,0.4,9.3,8.5379,79.5756,84.1978,31.4663,-0.2852,96.3656,47.1995,1,13.8193
45205,宮崎県,小林市,市,43670.0,38.1078,18.8985,18.3181,6.0658,2.0128,3.9636,78.8858,54.8689,19.3984,61.7038,67.474,18.1022,65.9795,37.9393,21.8918,562.95,146.83,77.5735,26.0822,1.5392,0.0409,0.0204,74.3407,100.88,0.38,11.5,7.0733,79.4367,85.0477,41.2182,-0.6526,50.3778,38.9283,1,15.3041
45206,宮崎県,日向市,市,59629.0,33.4674,6.5678,15.2185,8.0411,1.9068,3.7894,76.2685,82.5102,23.4994,83.5467,87.0112,12.6099,89.2612,54.1985,75.6479,336.89,79.99,176.9984,23.7437,5.4132,0.0875,0.0375,63.5063,97.16,0.55,10.7,8.894,80.2395,85.3062,3.3541,-0.5199,75.4666,30.1867,0,22.4651
45207,宮崎県,串間市,市,16822.0,44.2574,25.4861,21.0673,8.0461,1.5099,3.2291,81.0689,57.3467,7.7187,59.0577,86.3146,14.2869,65.2243,41.2202,56.2813,294.92,66.9,57.0392,22.6841,0.8221,0.0,0.0149,79.9692,102.61,0.31,6.5,6.2901,79.0365,84.2438,11.8892,-1.3256,71.3352,71.3352,0,19.6041
45208,宮崎県,西都市,市,28610.0,38.3819,22.3284,17.9155,9.0685,1.6288,3.2153,78.0934,48.7386,21.5676,54.107,58.0007,13.016,74.7234,49.7661,41.3331,438.79,103.04,65.202,23.4828,1.3296,0.0194,0.0097,73.4642,105.76,0.38,2.9,6.9472,79.438,83.8559,10.4858,-0.4299,83.8868,27.9623,1,67.5826
45209,宮崎県,えびの市,市,17638.0,44.5136,21.8699,22.362,6.4158,1.9447,3.8587,79.8554,59.3524,45.6902,52.9436,46.1823,20.2431,49.2037,53.197,14.4878,282.93,74.97,62.3405,26.4977,1.1071,0.0133,0.0267,81.4913,102.85,0.35,3.1,6.6474,79.1645,84.364,51.0262,-1.355,102.0524,51.0262,0,25.1113
45341,宮崎県,三股町,町村,25591.0,28.3059,6.8866,14.2759,3.8809,1.8561,3.8817,79.7234,82.702,7.1329,81.1819,38.0884,7.9991,88.5231,74.7002,89.2008,110.02,31.34,232.6032,28.4857,1.5954,0.0638,0.0319,79.9407,100.58,0.44,5.3,11.7034,80.1095,85.1172,27.3534,-0.2227,19.5381,31.261,1,21.2106
45361,宮崎県,高原町,町村,8639.0,42.9104,20.8029,21.0133,7.76,2.7318,5.7957,79.0807,34.9197,11.5846,33.6977,56.8533,19.0721,41.3213,48.2463,9.7781,85.39,44.31,101.1711,51.8913,0.3837,0.0226,0.0,,,0.27,7.4,8.6431,79.0324,84.517,46.3017,-0.845,81.0279,46.3017,0,29.8654
45382,宮崎県,国富町,町村,18398.0,38.4298,18.7773,17.1409,7.0067,1.9459,3.6729,76.8572,51.045,13.0961,59.797,35.4172,16.7337,67.6628,63.2983,11.4442,130.63,53.54,140.8405,40.986,1.0273,0.0187,0.0187,82.2973,110.15,0.46,9.6,10.6156,79.8885,84.7388,38.0476,0.4185,76.0952,27.1769,0,3.0438
45383,宮崎県,綾町,町村,6934.0,38.5103,21.6098,16.9063,6.5591,2.5959,4.9875,80.5574,51.0441,39.377,61.0822,35.9847,10.3104,68.2772,26.9976,22.6843,95.19,19.71,72.8438,20.706,1.725,0.0507,0.0,,,0.27,7.4,6.9597,80.4119,85.1216,14.4217,-0.4327,43.2651,72.1085,1,32.0156
45401,宮崎県,高鍋町,町村,19922.0,33.9573,11.5924,15.2779,6.8647,2.2839,4.5756,74.6761,71.946,28.8637,75.4134,59.35,18.0978,77.2558,74.7944,73.4616,43.8,36.32,454.8402,82.9224,3.9097,0.0826,0.0551,65.0922,98.24,0.51,14.0,12.8573,79.8061,85.0587,25.0979,-0.1807,90.3524,65.2545,1,14.9044
45402,宮崎県,新富町,町村,16564.0,32.1211,18.2188,13.3365,8.9431,1.8715,3.385,74.9071,53.1471,15.96,48.2304,53.2827,15.6453,71.7486,61.0431,38.3887,61.48,49.22,269.4209,80.0586,1.0362,0.0203,0.0,77.7049,106.88,0.45,7.7,13.5519,79.8068,85.2617,24.1488,-0.3441,42.2603,30.1859,0,13.034
45403,宮崎県,西米良村,町村,1000.0,41.8217,23.7258,24.5509,5.1896,0.6,1.0435,83.2176,21.3538,,,29.9029,30.2337,56.98,12.1904,,271.51,14.32,3.6831,5.2742,0.419,0.0,0.0,,,0.14,7.4,5.4237,79.4716,84.3528,0.0,-2.3,400.0,100.0,0,0.0
45404,宮崎県,木城町,町村,4895.0,37.8244,21.1084,18.73,9.8719,1.3075,2.5417,78.625,57.4223,,43.9828,30.4687,14.8566,62.8159,15.9943,,145.96,25.73,33.5366,17.6281,0.4664,0.0,0.0,,,0.79,3.6,14.2189,78.9841,85.1311,20.429,-0.9602,102.145,61.287,0,15.4652
45405,宮崎県,川南町,町村,15194.0,36.5707,29.3594,15.6572,10.6489,1.8165,3.389,76.0853,37.7104,7.0603,40.3369,35.5526,17.8055,30.8722,84.425,9.4243,90.13,58.2,168.5787,64.5734,0.7216,0.0344,0.0,81.2174,109.54,0.44,7.8,5.3727,80.1785,84.2441,19.7446,-0.7832,65.8155,13.1631,1,27.2532
45406,宮崎県,都農町,町村,9906.0,39.7024,26.333,17.6619,12.5,2.13,4.1324,78.5939,50.2569,4.669,54.6845,75.8604,14.9612,62.0677,55.1763,43.2652,102.11,33.57,97.013,32.8763,1.3107,0.0298,0.0,,,0.3,8.3,1.8588,79.83,84.5436,0.0,-0.1009,121.1387,60.5694,1,16.6667
45421,宮崎県,門川町,町村,17379.0,34.8938,7.0945,15.3891,10.0599,2.1175,4.2583,77.5038,82.4016,10.6826,83.094,91.9631,14.2235,90.2921,47.7285,88.8842,120.4,20.94,144.3439,17.392,1.4804,0.0478,0.0478,78.5007,100.72,0.41,5.4,9.6084,79.5363,85.3471,23.0163,-0.2819,97.8192,40.2785,0,11.7683
45429,宮崎県,諸塚村,町村,1486.0,47.3251,40.9467,15.63,17.0654,1.0094,1.7442,85.618,25.5822,3.5503,18.3155,23.1304,45.5673,,8.7766,,187.56,14.57,7.9228,7.7682,0.2059,0.0686,0.0,,,0.27,5.6,6.3889,79.8083,85.3771,0.0,-1.5478,134.5895,67.2948,0,0.0
45430,宮崎県,椎葉村,町村,2503.0,46.243,32.9803,17.4573,16.6983,0.3196,0.6015,84.8113,19.5017,,10.1482,18.9448,26.924,,4.2757,,537.29,31.88,4.6586,5.9335,0.2196,0.0,0.0,,,0.17,10.7,5.0641,80.2018,84.5798,39.9521,-1.9177,319.6165,119.8562,0,1.1187
45431,宮崎県,美郷町,町村,4826.0,52.0633,38.12,23.0047,11.3146,0.9324,1.7682,83.2727,26.236,15.6918,26.8899,71.5287,27.8463,22.859,36.5004,,448.84,53.22,10.7522,11.8572,0.357,0.0564,0.0,,,0.19,7.0,5.0121,78.8207,85.0258,62.1633,-0.9117,518.0274,20.7211,0,7.9144
45441,宮崎県,高千穂町,町村,11642.0,44.6005,24.0381,16.5298,18.8817,1.1768,2.2029,81.3915,51.1699,2.0434,51.2649,76.2247,18.1955,52.4098,34.4836,10.4849,237.54,40.21,49.0107,16.9277,2.0144,0.0249,0.0249,,,0.24,5.7,5.2622,80.0971,84.4983,25.7688,-0.627,154.6126,60.1271,1,9.7609
45442,宮崎県,日之影町,町村,3635.0,48.4075,30.9668,18.2673,18.133,1.2655,2.2638,83.2667,26.3213,24.3871,18.9199,46.2947,44.5648,29.5086,23.9512,,277.67,25.44,13.0911,9.162,0.4324,0.0,0.0,,,0.17,6.3,7.2486,80.0476,84.5052,0.0,0.0,55.0206,55.0206,0,26.644
45443,宮崎県,五ヶ瀬町,町村,3472.0,44.9335,35.5336,14.9837,25.4886,2.0161,3.7076,82.3608,30.2597,1.6816,18.1741,14.5086,26.8993,29.0059,41.5194,,171.73,20.45,20.2178,11.9082,0.489,0.0,0.0,,,0.15,6.0,6.2515,80.0795,85.0403,57.6037,-0.6048,230.4147,115.2074,0,23.6541
46201,鹿児島県,鹿児島市,市,593128.0,28.7649,1.2166,12.7106,3.2479,1.9741,4.1358,72.9468,92.0509,93.8951,91.9702,93.9194,7.6055,90.6702,49.6404,93.2316,547.61,248.5,1083.1212,45.379,10.5151,0.1489,0.0926,43.9821,79.55,0.7,3.8,7.9847,79.9464,84.6092,14.4994,-0.1794,38.6089,52.6025,1,8.2454
46203,鹿児島県,鹿屋市,市,101096.0,30.644,10.4005,15.7389,3.1804,1.7854,3.7981,76.8176,70.1887,59.5284,72.9758,60.8377,13.2484,76.9024,55.6285,59.9979,448.15,215.03,225.5852,47.9817,1.9997,0.0233,0.0279,63.8279,92.48,0.48,5.8,11.0726,80.0067,83.5119,17.8049,-0.2641,49.4579,61.3278,0,21.348
46204,鹿児島県,枕崎市,市,20033.0,42.7918,11.8951,22.2635,3.8821,1.9618,4.0205,77.3241,61.091,60.8943,73.1541,58.6387,8.1646,67.6404,64.4009,74.9818,74.78,41.09,267.8925,54.9478,2.5067,0.0487,0.0487,80.9628,105.1,0.39,8.4,7.7565,78.7541,84.1206,29.9506,-0.7288,59.9012,59.9012,0,19.6436
46206,鹿児島県,阿久根市,市,19270.0,43.0359,12.9851,21.6175,5.7569,2.1796,4.5239,78.2883,53.0188,20.1782,62.5722,46.6592,16.8375,50.7728,52.6032,52.2104,134.28,52.79,143.5061,39.3134,1.6291,0.0,0.0189,75.2703,98.63,0.36,6.7,5.2264,79.3504,84.1477,41.5153,-0.3217,77.8412,51.8941,0,40.1746
46208,鹿児島県,出水市,市,51994.0,34.0575,11.6672,17.2758,4.9523,2.1483,4.3206,77.4025,62.6404,59.8554,71.8031,82.893,12.6339,64.767,51.377,41.616,329.98,119.18,157.5671,36.1173,1.955,0.0671,0.042,70.062,98.0,0.42,7.7,10.0172,79.8826,85.1054,9.6165,-0.1346,53.8524,26.9262,0,11.7954
46210,鹿児島県,指宿市,市,39011.0,41.1841,21.1052,20.8855,4.2076,1.7636,3.5596,77.2595,69.3015,61.3815,67.9228,73.666,10.8323,56.9948,68.9892,33.7407,148.82,72.46,262.1355,48.6897,2.4013,0.0552,0.0414,74.313,94.87,0.34,9.3,12.0766,79.8759,84.4315,15.3803,-0.6665,66.6479,38.4507,1,17.2169
46213,鹿児島県,西之表市,市,14708.0,39.2138,22.8052,21.6902,3.9333,1.5978,2.8788,79.0149,53.6653,47.9668,61.2907,41.5188,11.2231,52.1378,62.0285,49.2663,205.57,85.3,71.5474,41.4944,0.9848,0.0234,0.0117,66.018,84.63,0.27,9.7,7.3546,79.1276,84.4219,13.598,-0.1972,67.9902,81.5883,0,65.6029
46214,鹿児島県,垂水市,市,13819.0,45.7083,17.3368,21.7265,5.3018,2.2143,4.5186,76.6925,48.0584,35.7337,64.3675,44.9555,20.6008,65.6596,50.9225,59.0437,162.1,35.4,85.2498,21.8384,1.3277,0.0565,0.0282,82.2635,101.22,0.29,8.3,5.9186,79.8906,84.7878,28.9457,-0.4125,79.6005,50.6549,0,11.9729
46215,鹿児島県,薩摩川内市,市,92403.0,33.0133,5.5315,16.8674,4.4219,2.0746,4.2913,75.9231,66.5723,58.8533,69.2067,70.9213,17.45,64.2861,41.6154,44.0,682.92,222.52,135.3057,32.5836,1.6583,0.0449,0.018,59.6829,91.49,0.59,7.7,5.7901,79.9903,84.5587,9.7399,-0.2976,67.0974,31.3843,1,18.5129
46216,鹿児島県,日置市,市,47153.0,36.3428,6.03,17.8601,5.0755,1.7496,3.6213,75.9974,65.7524,44.6315,64.0146,69.6114,16.9272,77.408,41.058,62.9417,253.01,103.65,186.3681,40.9668,1.4761,0.0193,0.0386,76.4923,101.33,0.4,7.2,8.9981,80.5937,85.2066,14.8453,-0.2799,67.8642,29.6906,0,24.7655
46217,鹿児島県,曽於市,市,33310.0,43.1468,20.4002,22.6713,4.3692,1.8253,3.6405,80.0563,44.4103,43.875,41.4941,75.3106,19.9486,44.823,55.9417,30.213,390.14,160.58,85.3796,41.1596,0.5792,0.0062,0.0062,81.4121,99.55,0.3,7.7,10.2484,78.926,84.2504,42.0294,-0.5344,66.0462,48.0336,0,18.1897
46218,鹿児島県,霧島市,市,123135.0,28.7952,4.8629,14.489,3.4649,1.8451,3.9923,75.5167,82.6274,69.2472,80.4147,73.7444,14.9353,81.6766,36.3875,69.9351,603.17,198.46,204.1464,32.9028,2.0911,0.0302,0.0302,56.7458,86.1,0.54,6.6,11.1263,80.1578,84.5869,16.2423,-0.104,32.4847,48.727,1,10.8811
46219,鹿児島県,いちき串木野市,市,27490.0,39.3238,5.7656,19.1862,4.6141,2.3245,4.7919,75.2052,81.6019,61.2632,77.5379,71.2033,17.0699,67.76,47.0948,71.857,112.3,42.97,244.7907,38.2636,2.3505,0.0465,0.0698,75.6629,98.83,0.38,11.7,5.7169,80.1475,84.7439,10.9131,-0.1892,69.116,43.6522,0,19.0866
46220,鹿児島県,南さつま市,市,32887.0,41.3335,10.4671,21.1438,5.079,2.0555,4.5393,75.4016,58.4621,38.53,49.4275,71.34,16.4158,51.6131,33.7837,54.6373,283.59,102.36,115.9667,36.0944,1.0356,0.0098,0.0293,77.7693,101.06,0.29,7.3,10.4781,79.3006,84.1267,9.1221,-0.3983,85.14,42.57,1,49.189
46221,鹿児島県,志布志市,市,29329.0,37.0705,22.0104,19.0931,4.2008,1.8275,3.6856,79.206,51.1726,37.7128,55.9459,39.08,17.6693,61.5005,41.1825,32.936,290.21,133.94,101.0613,46.1528,0.8063,0.0,0.0149,74.657,98.54,0.38,10.1,6.1573,78.9895,83.895,13.6384,-0.8251,75.0111,34.0959,0,36.3381
46222,鹿児島県,奄美市,市,41390.0,33.9509,3.7242,18.937,4.5645,2.3484,4.6576,76.4724,82.3776,85.0589,78.0126,87.1236,12.4419,68.1289,65.3024,75.4791,308.33,68.66,134.2393,22.2683,4.8354,0.0874,0.0437,45.0286,78.01,0.27,9.6,10.2394,77.6958,84.0053,28.9925,-0.7538,67.6492,118.3861,0,19.4948
46223,鹿児島県,南九州市,市,33080.0,41.881,22.1752,20.7215,5.3038,2.0828,4.0508,78.1307,49.5564,37.3958,51.9222,84.7876,19.0648,50.936,50.8337,21.0962,357.91,170.08,92.4255,47.5203,0.5644,0.0118,0.0176,83.0445,105.75,0.35,6.9,7.6139,79.2079,84.4322,27.2068,-0.4172,81.6203,45.3446,0,42.3959
46224,鹿児島県,伊佐市,市,24453.0,43.0114,16.9855,23.1189,4.793,1.9752,3.9786,79.6884,46.0346,29.2187,53.2849,49.4466,13.9761,54.9366,42.5456,25.7524,392.56,116.34,62.2911,29.6362,0.6876,0.0086,0.0258,79.692,107.36,0.38,8.3,6.4531,79.469,84.8525,32.7158,-0.7443,102.2369,36.8053,0,45.4311
46225,鹿児島県,姶良市,市,76348.0,31.5068,2.4536,15.2441,3.8385,2.0393,4.3109,76.8625,88.0141,78.2964,80.0914,82.896,11.0083,73.3985,41.8303,66.4425,231.25,77.67,330.1535,33.587,2.987,0.0772,0.0515,69.2593,93.24,0.5,11.2,6.3939,80.1651,85.4006,9.1685,0.554,37.984,43.2231,1,9.0994
46303,鹿児島県,三島村,町村,405.0,28.022,17.9245,22.9358,0.9174,0.2469,0.4695,78.3871,99.6918,,,,98.28,,,,31.39,2.93,12.9022,9.3342,,0.0,0.0,,,0.06,11.9,5.6152,79.4648,82.6135,0.0,-3.7037,,246.9136,0,0.0
46304,鹿児島県,十島村,町村,740.0,29.8799,17.7725,27.3713,0.813,1.4865,2.5404,81.407,91.1848,,,,,,,,101.15,27.93,7.3159,27.6125,,0.0,0.0,,,0.07,6.5,7.2178,80.6137,84.8178,0.0,0.8108,,135.1351,0,1.473
46392,鹿児島県,さつま町,町村,20243.0,42.4649,16.2495,22.111,6.0609,1.5116,2.8614,78.4656,47.6932,36.8834,44.6732,45.7614,22.2937,56.6921,36.3175,35.2684,303.9,106.5,66.6107,35.0444,0.7793,0.0094,0.0094,82.1429,112.45,0.36,4.3,10.4441,80.2751,85.0296,19.7599,-0.7657,113.6195,29.6399,0,41.1643
46404,鹿児島県,長島町,町村,9705.0,38.515,38.6171,18.5801,9.3404,1.7929,3.2426,81.1671,35.4717,27.2209,28.6477,68.4654,14.8215,32.3544,64.0974,,116.19,48.01,83.527,41.3203,0.4582,0.0417,0.0,,,0.18,8.5,5.367,79.2325,84.6079,20.6079,-1.1437,123.6476,41.2159,0,14.6032
46452,鹿児島県,湧水町,町村,9119.0,45.8584,14.6189,23.1391,4.6523,1.8313,4.0193,81.8613,58.8337,51.2242,44.6196,86.5787,20.072,54.3977,38.7229,9.9833,144.29,44.5,63.1991,30.8407,0.7191,0.0225,0.0,,,0.3,8.5,5.338,79.2949,84.558,10.9661,-0.0658,65.7967,43.8645,0,67.4941
46468,鹿児島県,大崎町,町村,12385.0,41.1217,24.7737,22.9895,3.3084,1.8894,3.5829,77.3949,27.0981,28.2561,38.5042,24.4214,13.5533,42.7325,69.3292,15.2319,100.64,64.81,123.0624,64.3979,0.54,0.0,0.0,,,0.35,8.1,3.828,78.4821,83.785,24.2229,-1.6633,56.52,32.2971,0,15.8373
46482,鹿児島県,東串良町,町村,6237.0,37.4245,30.6588,21.654,3.2644,1.6835,3.1741,78.2894,59.8409,46.4118,47.0424,17.0938,7.818,45.0546,35.6245,,27.85,24.4,223.9497,87.6122,0.3279,0.041,0.0,,,0.29,7.7,6.479,78.6579,84.093,16.0333,0.3207,80.1667,16.0333,0,2.0699
46490,鹿児島県,錦江町,町村,6944.0,47.6481,31.2965,24.3448,5.7783,2.2033,4.5306,79.3276,55.9977,48.7962,50.8792,63.3961,18.472,43.1695,45.8697,30.757,163.19,40.95,42.5516,25.0934,0.3907,0.0244,0.0,,,0.19,6.1,8.2533,79.4107,84.1987,14.4009,-1.2241,72.0046,43.2028,0,93.5282
46491,鹿児島県,南大隅町,町村,6481.0,51.2088,33.9426,28.2109,5.7827,1.9133,3.8896,79.2128,38.0728,22.9169,44.8702,41.4747,17.3579,38.8974,17.0856,,213.59,46.75,30.3432,21.8877,0.3636,0.0,0.0214,,,0.16,10.2,5.8719,79.1533,84.6891,15.4297,-1.2961,92.5783,77.1486,0,23.969
46492,鹿児島県,肝付町,町村,14227.0,43.2659,16.8168,24.3715,4.4469,2.0103,4.3248,78.0476,52.5409,48.5289,56.1241,42.0815,13.8608,59.5029,21.033,27.741,308.04,60.48,46.1856,19.6338,0.711,0.0331,0.0165,,,0.27,6.5,7.22,79.1248,83.7425,7.0289,-0.6115,42.1733,35.1444,0,61.1852
46501,鹿児島県,中種子町,町村,7539.0,40.8026,31.5102,22.8595,3.0498,1.5785,2.7993,82.0918,36.2666,15.8933,40.0087,57.7781,17.0228,34.9758,59.1255,23.7222,136.94,77.21,55.0533,56.3824,0.5181,0.013,0.013,,,0.21,10.2,11.5079,78.9944,84.5935,13.2644,-0.9285,119.3792,66.3218,1,26.9041
46502,鹿児島県,南種子町,町村,5445.0,38.559,27.547,20.5772,3.036,1.7447,2.9902,80.7643,32.5963,6.8153,26.6769,64.5126,10.7972,28.4352,72.5405,11.0442,109.94,48.87,49.527,44.4515,0.7776,0.0,0.0,,,0.23,11.2,8.1273,80.0091,84.8466,18.3655,0.1653,91.8274,0.0,0,38.0165
46505,鹿児島県,屋久島町,町村,11858.0,37.8052,11.6735,20.0137,4.6436,2.0492,3.816,78.7476,54.7104,35.337,45.4286,71.1677,16.9678,41.5745,39.5792,12.5884,540.45,56.68,21.941,10.4876,2.0642,0.0176,0.0176,,,0.23,11.6,8.0284,79.1008,83.912,33.7325,-0.7168,185.5288,143.3631,0,32.814
46523,鹿児島県,大和村,町村,1364.0,42.7459,12.3223,23.0657,4.8175,1.5396,3.211,79.525,31.4842,4.6188,,,8.5081,72.235,46.9,,88.26,8.81,15.4543,9.9819,0.3405,0.0,0.0,,,0.08,9.4,5.4597,79.3187,84.3252,0.0,-0.2933,73.3138,73.3138,0,123.8013
46524,鹿児島県,宇検村,町村,1621.0,45.6897,19.8649,25.1564,3.6295,1.4189,3.0144,80.7339,41.404,33.6292,,74.9145,32.0182,38.6291,21.4827,,103.07,9.1,15.7272,8.829,0.7692,0.0,0.0,,,0.08,9.0,15.6109,78.7826,85.4281,123.3806,0.6786,,123.3806,0,0.0
46525,鹿児島県,瀬戸内町,町村,8546.0,40.258,8.7459,25.8918,3.8271,2.4807,5.5094,76.1391,69.1085,50.5276,55.3105,40.8501,10.6437,62.5179,16.3901,52.6769,239.65,42.63,35.6603,17.7884,1.7593,0.0469,0.0235,,,0.16,8.3,11.8797,78.853,84.6219,35.1041,-0.8893,35.1041,105.3124,0,15.6763
46527,鹿児島県,龍郷町,町村,5817.0,33.6837,4.2017,17.776,4.581,2.0801,4.2337,76.7233,49.4905,36.323,17.9803,72.8609,37.9482,61.5472,76.3985,,81.82,15.07,71.0951,18.4185,1.7916,0.0,0.0,,,0.17,9.0,10.1232,78.9973,84.5565,0.0,1.616,34.382,103.146,0,1.2591
46529,鹿児島県,喜界町,町村,6629.0,42.8081,20.9544,23.5855,5.1046,1.5236,2.9065,80.0555,44.087,49.6356,33.5894,,19.6573,38.8565,32.6043,,56.82,47.85,116.6667,84.2133,1.1912,0.0418,0.0209,,,0.16,9.8,9.4307,79.1843,84.5724,30.1705,-0.0151,60.3409,60.3409,0,31.9706
46530,鹿児島県,徳之島町,町村,10147.0,34.0121,14.2023,20.4855,3.8756,2.2962,4.634,76.6752,53.0149,23.1647,60.3669,46.7383,16.9427,55.2444,53.5871,9.5657,104.92,49.93,96.7118,47.5886,1.9627,0.1001,0.02,,,0.23,7.2,8.0343,78.4509,84.4765,78.841,-1.4684,39.4205,88.6962,0,33.8255
46531,鹿児島県,天城町,町村,5517.0,38.2035,27.2629,22.673,5.1313,1.9395,3.7153,78.8053,25.9708,25.0535,36.7623,33.8636,11.2832,55.4463,78.9387,44.0439,80.4,45.58,68.6194,56.6915,0.6362,0.0439,0.0219,,,0.15,6.9,6.4436,77.5498,84.4732,0.0,-0.1813,18.1258,90.629,0,102.0319
46532,鹿児島県,伊仙町,町村,6139.0,38.7133,30.3403,22.8026,4.3588,2.4923,5.2487,79.3278,24.7415,24.5775,32.5009,30.2988,11.883,53.1059,48.179,0.6138,62.71,47.04,97.8951,75.012,0.4252,0.1488,0.0,,,0.13,9.7,7.4667,78.2292,84.1922,0.0,-0.1955,32.5786,81.4465,0,55.9637
46533,鹿児島県,和泊町,町村,6246.0,38.0325,31.4455,18.4631,6.5716,0.9766,1.6898,78.8566,37.5356,38.6175,35.8997,58.1274,10.9482,53.0393,51.6179,2.278,40.39,37.36,154.6422,92.4981,1.7666,0.0268,0.0,,,0.18,16.4,6.2336,79.0026,84.1194,16.0102,-1.7771,80.0512,80.0512,0,9.9986
46534,鹿児島県,知名町,町村,5750.0,39.6261,27.3347,20.0604,4.4579,1.113,2.1348,79.7796,38.8389,36.0969,33.2296,61.1409,6.8345,32.6447,45.5464,,53.3,47.11,107.8799,88.3865,0.934,0.0,0.0212,,,0.15,10.7,8.978,78.8389,83.8582,17.3913,-0.3478,86.9565,86.9565,0,22.889
46535,鹿児島県,与論町,町村,5115.0,37.4901,28.4853,16.1096,8.4494,1.2121,2.152,75.8076,40.9346,13.9337,53.5029,39.443,3.5065,67.5243,12.897,,20.58,19.74,248.5423,95.9184,2.2796,0.0,0.0507,,,0.15,9.1,9.2979,78.4314,84.361,39.1007,0.7625,78.2014,97.7517,0,1.0811
47201,沖縄県,那覇市,市,317625.0,24.6389,0.6548,12.3456,5.1906,2.5407,6.0266,66.7638,99.9741,71.4702,99.9922,91.842,5.3658,99.7097,93.3089,99.5747,41.46,41.26,7660.9986,99.5176,64.6873,0.1454,0.2908,15.0795,65.42,0.83,8.5,9.1278,78.9608,84.0243,19.5199,-0.6646,26.4463,40.9288,0,5.5076
47205,沖縄県,宜野湾市,市,100125.0,20.8359,0.7316,9.1538,4.6404,2.1493,5.6279,67.8206,98.7821,34.5797,99.8564,76.7548,8.501,99.7963,95.2191,98.1225,19.8,18.66,5056.8182,94.2424,24.866,0.6431,0.2144,22.3506,67.74,0.65,7.0,11.1009,79.6433,84.4086,5.9925,-0.0649,19.975,28.9638,0,4.0057
47207,沖縄県,石垣市,市,47637.0,23.5142,7.7698,10.8016,5.1395,1.8809,4.4045,72.9061,86.1078,22.5419,87.0693,78.6332,8.2878,88.7244,76.5233,64.2098,229.15,110.07,207.8857,48.034,4.0338,0.0999,0.0273,27.1246,73.3,0.45,7.0,10.5708,79.0127,84.138,23.0913,-0.6235,37.7858,31.4881,0,52.707
47208,沖縄県,浦添市,市,115690.0,21.2411,0.3827,10.0383,5.3356,2.0944,5.1151,68.3848,99.7962,37.4492,99.8417,84.1386,7.9812,99.9756,88.2911,99.7307,19.44,18.7,5951.1317,96.1934,33.5829,0.0535,0.3209,19.9069,69.51,0.76,5.4,7.2335,79.4155,83.8041,17.2876,-0.3985,19.0163,30.2533,0,5.518
47209,沖縄県,名護市,市,63554.0,23.7987,5.7373,10.8455,5.0948,2.0282,4.8752,67.4717,77.5214,28.8411,85.2478,58.9853,17.4863,89.9426,67.5707,81.8343,210.8,72.28,301.4896,34.2884,5.7416,0.1937,0.0553,34.1772,68.91,0.45,5.7,8.2434,78.8765,84.2631,22.0285,0.3477,31.4693,33.0428,0,25.5504
47210,沖縄県,糸満市,市,61007.0,23.1028,6.2629,10.8166,6.6408,2.6882,5.8938,68.6769,83.8803,11.0784,87.1678,75.6481,6.997,95.1485,89.5588,75.1558,46.6,40.9,1309.1631,87.7682,6.2592,0.0489,0.0489,40.0255,75.47,0.53,8.2,8.398,78.311,83.5547,11.4741,-0.7278,24.5873,22.9482,0,18.2209
47211,沖縄県,沖縄市,市,142752.0,21.9661,1.1142,11.1541,5.3843,2.1828,6.0202,67.5689,97.4604,33.0823,99.3438,84.8969,7.2182,98.5712,94.034,98.1823,49.72,40.71,2871.1183,81.8785,18.2756,0.4667,0.1474,28.6962,77.67,0.57,5.9,10.9736,78.7755,83.7437,21.0155,-0.2914,20.315,35.0258,0,9.2951
47212,沖縄県,豊見城市,市,64612.0,20.4248,2.903,7.9961,5.4041,2.0848,4.8389,71.0918,96.4498,36.675,98.5063,81.751,9.5418,97.7318,80.212,86.591,19.33,18.09,3342.5763,93.5851,8.2366,0.0553,0.1658,32.9475,75.88,0.63,9.2,10.7638,,,6.1908,-0.4829,18.5724,23.2155,0,8.038
47213,沖縄県,うるま市,市,125303.0,23.5751,3.0794,11.8085,8.5651,2.0806,5.8458,66.1199,75.2753,18.7997,89.7482,61.2026,10.3323,91.4552,92.1845,92.788,87.03,72.42,1439.7679,83.2127,7.4427,0.0552,0.0829,48.2461,83.38,0.47,6.5,12.4718,78.5125,83.1862,26.3362,0.4341,25.5381,13.5671,1,8.7749
47214,沖縄県,宮古島市,市,52931.0,27.8605,15.3358,13.2705,5.0137,1.7419,3.6401,76.0253,68.0631,13.2507,66.3288,57.6541,10.376,72.8124,93.4883,45.9666,203.9,159.57,259.5929,78.259,2.5819,0.0689,0.0188,40.7689,76.73,0.38,7.9,7.3934,77.8149,83.9009,13.2248,0.3684,32.1173,51.0098,0,42.045
47215,沖縄県,南城市,市,44043.0,26.2151,7.8459,11.3811,8.408,2.5725,5.7024,71.1286,60.7253,19.6306,63.2968,76.8485,8.4775,74.3217,95.6065,33.6223,49.94,39.86,881.9183,79.8158,3.5876,0.0251,0.0,66.9549,94.01,0.37,6.1,15.3841,,,22.7051,1.3124,20.4346,13.6231,0,11.7952
47301,沖縄県,国頭村,町村,4517.0,37.8546,19.7498,18.9244,8.4221,4.0071,7.4824,70.7187,41.2418,34.0488,58.3718,36.2138,18.0958,33.5474,43.8624,,194.85,28.75,23.1819,14.7549,1.5652,0.0,0.0,,,0.2,7.1,10.6133,,,44.2772,0.1328,22.1386,22.1386,0,353.2482
47302,沖縄県,大宜味村,町村,3092.0,40.8437,23.0715,22.3938,9.112,3.2018,6.4918,65.4971,19.1419,6.3178,24.1051,32.8433,30.3988,18.8804,81.8496,,63.63,14.49,48.5934,22.7723,0.3451,0.0,0.069,,,0.38,8.6,7.8493,,,32.3415,-0.9702,,32.3415,0,10.4547
47303,沖縄県,東村,町村,1598.0,37.0456,35.6481,20.3883,6.6574,2.5657,4.5304,73.8197,11.1125,,,,17.6518,10.0693,26.3899,,81.75,20.82,19.5474,25.4679,0.2882,0.0961,0.0,,,0.13,9.3,9.845,,,0.0,-0.8761,,62.5782,0,300.7365
47306,沖縄県,今帰仁村,町村,8894.0,35.0312,21.7581,17.5902,7.4737,2.8783,5.8528,73.4791,42.6204,21.7575,53.6658,59.6089,10.4422,59.8219,90.7373,,39.94,24.73,222.684,61.9179,2.5071,0.0,0.0404,,,0.26,8.1,8.9827,,,11.2435,-0.2474,44.9741,56.2177,0,4.1724
47308,沖縄県,本部町,町村,12530.0,33.7317,8.6426,16.8075,7.5681,2.8811,5.6196,70.1784,38.6485,21.282,60.3112,61.8799,20.2701,53.9071,78.6601,20.4613,54.37,33.05,230.458,60.7872,4.7504,0.121,0.0303,,,0.34,10.1,9.9098,,,23.9425,0.0958,39.9042,23.9425,0,58.6292
47311,沖縄県,恩納村,町村,10869.0,24.9068,11.2845,10.7279,8.6331,3.7998,8.1108,62.2013,20.0614,1.8055,42.0751,64.0617,43.1209,43.5765,93.9241,,50.81,20.6,213.9146,40.5432,2.7184,0.1942,0.0,,,0.61,4.8,9.2571,,,64.4033,-1.1041,27.6014,27.6014,0,0.5449
47313,沖縄県,宜野座村,町村,5833.0,24.4518,13.887,13.4796,5.9561,1.7315,3.4041,73.0044,45.427,26.147,54.1818,48.6114,17.2959,79.8461,86.1005,,31.31,15.51,186.2983,49.5369,1.0316,0.1934,0.0645,,,0.29,8.5,9.3878,,,17.1438,2.6916,17.1438,0.0,0,25.3125
47314,沖縄県,金武町,町村,10806.0,26.8512,9.0539,19.2755,4.6572,2.4894,5.7393,65.9608,67.7679,8.5601,76.5985,65.638,18.6055,75.9464,94.3266,6.6845,37.93,17.41,284.8932,45.9003,4.9971,0.0574,0.0,,,0.38,4.3,16.8006,,,0.0,0.7959,37.0165,27.7624,0,13.2684
47315,沖縄県,伊江村,町村,4118.0,38.0675,34.9865,18.0621,6.5298,1.3356,2.4197,80.4073,64.0632,3.3026,54.5561,69.4265,8.1545,80.3438,20.3412,,22.7,17.23,181.4097,75.9031,3.018,0.1161,0.0,,,0.15,4.6,22.716,,,0.0,0.3885,48.5673,72.8509,0,39.7086
47324,沖縄県,読谷村,町村,41206.0,23.2263,2.7401,10.1835,7.9397,2.2206,5.608,68.713,80.1233,15.0607,94.1807,78.5435,8.1431,80.9595,92.8188,85.3383,35.28,25.65,1167.9705,72.7041,4.8343,0.2729,0.039,53.0025,91.71,0.62,4.5,11.3381,,,26.6951,0.6116,26.6951,24.2683,0,12.5542
47325,沖縄県,嘉手納町,町村,13521.0,25.37,0.9592,13.8255,8.629,2.9953,7.4875,66.0918,68.9053,7.4467,99.5053,57.0384,18.3785,93.9501,100.0,98.2612,15.12,12.49,894.246,82.6058,6.0849,0.2402,0.0801,,,0.6,-0.1,16.4495,,,36.9795,-0.3328,14.7918,22.1877,0,23.8962
47326,沖縄県,北谷町,町村,28201.0,21.2491,0.6228,9.5258,6.5474,2.3971,6.3588,67.6747,95.6074,48.0567,98.6529,87.384,17.1325,98.357,92.008,95.733,13.91,13.06,2027.3904,93.8893,18.8361,0.3063,0.0766,30.3777,83.26,0.79,4.4,12.2779,,,3.546,0.5106,24.8218,17.7299,0,17.993
47327,沖縄県,北中城村,町村,17969.0,23.2532,1.0787,9.1965,9.4714,2.432,6.4827,68.6882,82.463,38.4165,91.3123,51.9568,20.65,87.4326,99.4444,96.3098,11.54,9.48,1557.1057,82.149,9.7046,0.1055,0.1055,41.6787,92.45,0.63,5.6,14.205,,,16.6954,0.4174,61.2165,27.8257,0,17.9364
47328,沖縄県,中城村,町村,22157.0,20.5253,2.2503,7.0847,7.1639,2.1303,4.9721,68.1674,84.0849,19.5372,84.7579,75.2558,16.7277,81.8092,91.3706,70.8871,15.53,12.64,1426.7225,81.3909,2.2943,0.0791,0.0,44.9889,81.96,0.61,6.1,11.961,,,9.0265,-0.0271,31.5927,18.053,0,10.608
47329,沖縄県,西原町,町村,34984.0,23.5248,1.5655,8.5488,5.948,2.3468,5.3364,67.0709,98.8306,17.0841,98.265,76.0487,10.8721,94.6353,83.2117,96.8782,15.9,13.61,2200.2516,85.5975,7.3475,0.2204,0.0735,37.5,74.23,0.62,7.5,9.6529,,,11.4338,0.0343,25.726,37.1598,0,8.8583
47348,沖縄県,与那原町,町村,19695.0,21.8866,1.5986,10.2874,5.4463,2.3204,5.3208,69.8363,97.7242,37.1639,98.079,70.3708,6.6007,99.7587,100.0,93.119,5.18,4.5,3802.1236,86.8726,19.3333,0.6667,0.2222,29.8684,79.54,0.46,6.5,12.787,,,10.1549,-0.132,35.542,20.3097,0,5.2111
47350,沖縄県,南風原町,町村,40440.0,20.0221,2.9662,7.6161,5.5669,2.1513,4.7984,69.5266,99.808,26.3775,97.3238,58.3531,16.2751,98.6734,78.2592,83.1664,10.76,10.05,3758.3643,93.4015,12.1393,0.4975,0.199,33.2676,75.73,0.62,10.1,9.6872,,,12.364,0.9842,9.8912,17.3096,0,7.1655
47353,沖縄県,渡嘉敷村,町村,718.0,26.8148,3.7209,11.054,4.3702,1.8106,2.9345,74.3103,53.7604,53.425,86.8878,67.036,,51.5783,66.7,,19.23,2.04,37.3375,10.6084,4.902,0.4902,0.0,,,0.1,5.9,9.7881,,,0.0,-2.2284,,278.5515,0,0.0
47354,沖縄県,座間味村,町村,892.0,23.1034,1.5598,15.6,2.0,0.6726,1.0292,72.541,76.7729,,,,,,96.9697,,16.74,3.35,53.2855,20.0119,6.8657,0.8955,0.0,,,0.09,10.7,13.1581,,,0.0,-0.3363,,0.0,0,36.6536
47355,沖縄県,粟国村,町村,683.0,39.006,7.8788,24.1379,4.5093,3.3675,6.5156,73.2203,95.828,87.2151,80.4485,,,82.5944,,,7.65,4.05,89.281,52.9412,0.7407,0.2469,0.0,,,0.09,7.6,6.1958,,,0.0,1.0249,,0.0,0,5.1581
47356,沖縄県,渡名喜村,町村,346.0,43.6667,11.9792,28.125,1.3393,1.7341,3.0303,74.7634,100.0,100.0,,,,,,,3.87,1.45,89.4057,37.4677,1.3793,0.6897,0.0,,,0.07,6.3,13.1624,,,0.0,-0.289,,0.0,0,0.0
47357,沖縄県,南大東村,町村,1285.0,25.2451,30.4819,14.1802,4.4313,1.1673,1.7751,70.7024,17.9238,61.205,21.0844,,9.5875,61.4916,54.4643,,30.52,22.17,42.1035,72.6409,0.8119,0.0451,0.0,,,0.14,8.6,24.8235,,,0.0,-0.2335,,0.0,0,17.9253
47358,沖縄県,北大東村,町村,590.0,24.0575,17.3077,14.1104,3.9877,0.1695,0.2398,74.3902,25.8347,,,,4.1017,20.7547,54.5,,13.07,9.28,45.1415,71.0023,0.431,0.1078,0.0,,,0.1,8.3,9.4023,,,0.0,-2.8814,,0.0,0,53.0119
47359,沖縄県,伊平屋村,町村,1126.0,32.605,20.2786,14.7287,6.3953,2.3091,3.869,78.4103,26.649,24.4595,,,11.9183,25.8101,66.1528,,21.84,9.25,51.5568,42.3535,1.0811,0.1081,0.0,,,0.08,3.4,9.4938,,,0.0,0.1776,,0.0,0,0.0
47360,沖縄県,伊是名村,町村,1322.0,34.5369,24.6734,19.2429,5.9937,5.6732,9.8168,72.6212,28.3168,17.19,12.1031,,5.1589,12.008,88.7306,,15.43,11.36,85.6773,73.6228,0.7042,0.088,0.0,,,0.1,7.0,15.8434,,,0.0,-2.0424,,75.643,0,65.4607
47361,沖縄県,久米島町,町村,7192.0,32.216,24.209,16.3866,6.9928,2.5306,5.0179,71.5807,15.4097,26.8199,59.6029,,13.3749,64.6127,80.6105,0.9068,63.65,35.52,112.9929,55.8052,1.83,0.0563,0.0282,,,0.19,5.1,8.0077,,,0.0,-1.3765,27.8087,13.9043,0,42.9555
47362,沖縄県,八重瀬町,町村,30941.0,22.7761,7.6319,9.1533,8.1289,2.6696,5.7674,70.836,70.3404,25.9497,78.5736,71.8326,9.123,86.8078,94.4629,46.9212,26.96,24.45,1147.6632,90.6899,2.2495,0.0,0.1227,57.5521,88.67,0.44,8.8,13.6071,,,29.0876,1.1506,19.3917,42.0154,0,12.5051
47375,沖縄県,多良間村,町村,1058.0,32.389,42.2886,15.4506,6.2232,1.8904,3.2103,73.348,86.58,93.9537,83.7237,,,89.9229,50.0,,22.0,11.9,48.0909,54.0909,0.4202,0.084,0.0,,,0.11,7.3,4.7505,79.5301,85.1676,0.0,-1.4178,,0.0,0,0.0
47381,沖縄県,竹富町,町村,3942.0,24.3351,17.5299,13.3557,3.5902,1.1669,1.9957,71.8506,44.9325,4.2849,29.583,46.0522,8.1679,47.4294,82.7883,,334.4,52.12,11.7883,15.5861,1.3622,0.0576,0.0,,,0.14,6.7,7.7257,78.9141,84.6951,50.7357,-1.0147,25.3678,152.207,0,9.757
47382,沖縄県,与那国町,町村,1676.0,23.3078,10.1422,11.7805,6.158,1.1933,1.8605,77.147,88.182,,84.3874,,9.4511,82.5222,59.984,,28.9,12.39,57.9931,42.872,1.8563,0.2421,0.0,,,0.14,7.1,9.4665,77.7572,81.9616,0.0,0.0,59.6659,0.0,0,0.0
