市区町村コード,年度版,高齢者等設備のある住宅割合,旧耐震住宅割合,改修工事をした持ち家割合,二重サッシ住宅割合,腐朽破損住宅割合,放置空き家割合,民営借家の1m2当たり家賃,住宅地の平均地価,人口あたり公営住宅戸数,下水道処理人口普及率
01100,2023,53.4018,12.7934,29.5003,84.2854,3.5352,2.8186,1223.0,93470.4545,134.8601,99.7391
01100,2024,53.4018,12.7934,29.5003,84.2854,3.5352,2.8186,1223.0,103505.814,134.8338,99.6817
01100,2025,53.4018,12.7934,29.5003,84.2854,3.5352,2.8186,1223.0,107466.2791,132.7979,99.725
01100,2026,53.4018,12.7934,29.5003,84.2854,3.5352,2.8186,1223.0,108377.6471,132.7979,99.725
01202,2023,52.5579,22.1824,30.311,75.9975,8.1175,6.9415,965.0,28766.6667,245.2226,90.2075
01202,2024,52.5579,22.1824,30.311,75.9975,8.1175,6.9415,965.0,28746.6667,246.5261,90.2068
01202,2025,52.5579,22.1824,30.311,75.9975,8.1175,6.9415,965.0,28750.0,250.5549,90.2205
01202,2026,52.5579,22.1824,30.311,75.9975,8.1175,6.9415,965.0,28840.0,250.5549,90.2205
01203,2023,55.8685,26.3126,34.1505,79.6573,12.708,7.8865,1002.0,20462.5,282.6399,98.538
01203,2024,55.8685,26.3126,34.1505,79.6573,12.708,7.8865,1002.0,20881.25,282.4228,98.3635
01203,2025,55.8685,26.3126,34.1505,79.6573,12.708,7.8865,1002.0,20993.75,288.0343,98.4823
01203,2026,55.8685,26.3126,34.1505,79.6573,12.708,7.8865,1002.0,16678.5714,288.0343,98.4823
01204,2023,50.8425,24.1993,33.9989,78.7065,5.7404,4.1173,868.0,21396.1538,150.2224,96.7978
01204,2024,50.8425,24.1993,33.9989,78.7065,5.7404,4.1173,868.0,21657.6923,150.8257,96.6155
01204,2025,50.8425,24.1993,33.9989,78.7065,5.7404,4.1173,868.0,21980.7692,150.5774,96.7598
01204,2026,50.8425,24.1993,33.9989,78.7065,5.7404,4.1173,868.0,21968.0,150.5774,96.7598
01205,2023,57.3686,26.0798,35.4353,75.0749,8.4864,8.3795,1079.0,15222.2222,545.5452,98.3119
01205,2024,57.3686,26.0798,35.4353,75.0749,8.4864,8.3795,1079.0,15205.5556,552.6732,98.0502
01205,2025,57.3686,26.0798,35.4353,75.0749,8.4864,8.3795,1079.0,15166.6667,559.8824,98.1711
01205,2026,57.3686,26.0798,35.4353,75.0749,8.4864,8.3795,1079.0,15055.5556,559.8824,98.1711
01206,2023,50.0281,23.4848,32.4164,71.7111,4.6381,6.5791,941.0,14765.3846,382.0342,97.6801
01206,2024,50.0281,23.4848,32.4164,71.7111,4.6381,6.5791,941.0,14846.1538,380.7795,97.5743
01206,2025,50.0281,23.4848,32.4164,71.7111,4.6381,6.5791,941.0,14865.3846,388.4722,97.717
01206,2026,50.0281,23.4848,32.4164,71.7111,4.6381,6.5791,941.0,14869.2308,388.4722,97.717
01207,2023,49.9159,16.6554,27.2811,87.9979,2.9474,3.5683,959.0,31487.5,170.3513,96.635
01207,2024,49.9159,16.6554,27.2811,87.9979,2.9474,3.5683,959.0,35475.0,172.6579,96.4927
01207,2025,49.9159,16.6554,27.2811,87.9979,2.9474,3.5683,959.0,37437.5,172.937,96.5319
01207,2026,49.9159,16.6554,27.2811,87.9979,2.9474,3.5683,959.0,37953.3333,172.937,96.5319
01208,2023,49.3717,20.691,29.1277,78.2137,5.5288,4.684,919.0,14566.6667,385.2755,94.6707
01208,2024,49.3717,20.691,29.1277,78.2137,5.5288,4.684,919.0,14178.5714,389.0281,94.5024
01208,2025,49.3717,20.691,29.1277,78.2137,5.5288,4.684,919.0,14142.8571,394.2897,94.7431
01208,2026,49.3717,20.691,29.1277,78.2137,5.5288,4.684,919.0,14107.1429,394.2897,94.7431
01209,2023,69.9387,34.1615,33.5484,84.0491,9.1743,17.148,750.0,2233.3333,4528.1617,27.6267
01209,2024,69.9387,34.1615,33.5484,84.0491,9.1743,17.148,750.0,2150.0,4681.017,27.1876
01209,2025,69.9387,34.1615,33.5484,84.0491,9.1743,17.148,750.0,2066.6667,4846.897,26.8053
01209,2026,69.9387,34.1615,33.5484,84.0491,9.1743,17.148,750.0,1993.3333,4846.897,26.8053
01210,2023,58.86,23.6279,36.9278,79.7151,5.4335,5.4564,866.0,8471.4286,242.3358,87.4989
01210,2024,58.86,23.6279,36.9278,79.7151,5.4335,5.4564,866.0,8378.5714,246.2859,87.9121
01210,2025,58.86,23.6279,36.9278,79.7151,5.4335,5.4564,866.0,8285.7143,252.6818,88.099
01210,2026,58.86,23.6279,36.9278,79.7151,5.4335,5.4564,866.0,8937.5,252.6818,88.099
01211,2023,49.2843,21.8281,34.1133,92.5017,4.8611,6.5308,978.0,15550.0,486.4849,93.6311
01211,2024,49.2843,21.8281,34.1133,92.5017,4.8611,6.5308,978.0,15350.0,484.0772,92.9459
01211,2025,49.2843,21.8281,34.1133,92.5017,4.8611,6.5308,978.0,15150.0,488.2139,92.9811
01211,2026,49.2843,21.8281,34.1133,92.5017,4.8611,6.5308,978.0,14950.0,488.2139,92.9811
01212,2023,57.6196,25.4791,37.9032,83.426,18.6695,6.2176,854.0,8833.3333,607.7779,87.5949
01212,2024,57.6196,25.4791,37.9032,83.426,18.6695,6.2176,854.0,8600.0,614.6028,87.5903
01212,2025,57.6196,25.4791,37.9032,83.426,18.6695,6.2176,854.0,8433.3333,627.9927,88.0841
01212,2026,57.6196,25.4791,37.9032,83.426,18.6695,6.2176,854.0,8300.0,627.9927,88.0841
01213,2023,50.2585,17.9428,33.2152,76.9796,5.2701,6.988,949.0,19931.25,407.7861,98.8562
01213,2024,50.2585,17.9428,33.2152,76.9796,5.2701,6.988,949.0,20356.25,408.94,98.8774
01213,2025,50.2585,17.9428,33.2152,76.9796,5.2701,6.988,949.0,22088.2353,393.9248,98.9039
01213,2026,50.2585,17.9428,33.2152,76.9796,5.2701,6.988,949.0,23181.25,393.9248,98.9039
01214,2023,50.9777,25.8179,29.4772,75.6285,10.2326,6.4189,830.0,11566.6667,295.7907,91.041
01214,2024,50.9777,25.8179,29.4772,75.6285,10.2326,6.4189,830.0,11333.3333,302.4624,90.7646
01214,2025,50.9777,25.8179,29.4772,75.6285,10.2326,6.4189,830.0,10933.3333,308.5443,90.5261
01214,2026,50.9777,25.8179,29.4772,75.6285,10.2326,6.4189,830.0,10566.6667,308.5443,90.5261
01215,2023,62.7934,33.0944,35.5848,78.169,3.9581,12.3063,744.0,4766.6667,525.1282,78.5795
01215,2024,62.7934,33.0944,35.5848,78.169,3.9581,12.3063,744.0,4533.3333,522.7656,78.7732
01215,2025,62.7934,33.0944,35.5848,78.169,3.9581,12.3063,744.0,4433.3333,530.7429,79.1393
01215,2026,62.7934,33.0944,35.5848,78.169,3.9581,12.3063,744.0,4333.3333,530.7429,79.1393
01216,2023,61.8705,35.7532,37.9747,75.6757,4.8951,11.9197,555.0,4416.6667,1398.6306,87.1409
01216,2024,61.8705,35.7532,37.9747,75.6757,4.8951,11.9197,555.0,4233.3333,1381.903,87.4773
01216,2025,61.8705,35.7532,37.9747,75.6757,4.8951,11.9197,555.0,4090.0,1375.9673,87.6545
01216,2026,61.8705,35.7532,37.9747,75.6757,4.8951,11.9197,555.0,3943.3333,1375.9673,87.6545
01217,2023,56.603,15.3391,36.3742,76.026,3.7522,2.7112,960.0,38012.5,101.8721,97.3357
01217,2024,56.603,15.3391,36.3742,76.026,3.7522,2.7112,960.0,44904.1667,104.8986,97.2103
01217,2025,56.603,15.3391,36.3742,76.026,3.7522,2.7112,960.0,46620.8333,105.1205,97.2962
01217,2026,56.603,15.3391,36.3742,76.026,3.7522,2.7112,960.0,46620.8333,105.1205,97.2962
01218,2023,61.0209,39.2111,40.1639,84.4186,4.1475,10.88,564.0,3333.3333,2164.7425,87.389
01218,2024,61.0209,39.2111,40.1639,84.4186,4.1475,10.88,564.0,3183.3333,2196.545,87.8961
01218,2025,61.0209,39.2111,40.1639,84.4186,4.1475,10.88,564.0,3116.6667,2121.9282,88.268
01218,2026,61.0209,39.2111,40.1639,84.4186,4.1475,10.88,564.0,2990.0,2121.9282,88.268
01219,2023,51.7602,29.8862,33.1839,80.9342,18.3241,9.2637,635.0,5933.3333,534.4844,91.3959
01219,2024,51.7602,29.8862,33.1839,80.9342,18.3241,9.2637,635.0,5833.3333,544.9161,90.8687
01219,2025,51.7602,29.8862,33.1839,80.9342,18.3241,9.2637,635.0,5733.3333,532.3887,91.8016
01219,2026,51.7602,29.8862,33.1839,80.9342,18.3241,9.2637,635.0,5633.3333,532.3887,91.8016
01220,2023,61.3546,32.8767,35.6631,77.4236,2.3107,8.8298,710.0,7450.0,623.7343,81.288
01220,2024,61.3546,32.8767,35.6631,77.4236,2.3107,8.8298,710.0,7233.3333,607.0306,81.4156
01220,2025,61.3546,32.8767,35.6631,77.4236,2.3107,8.8298,710.0,7150.0,615.5718,81.6058
01220,2026,61.3546,32.8767,35.6631,77.4236,2.3107,8.8298,710.0,6966.6667,615.5718,81.6058
01221,2023,56.5331,28.2476,33.7535,80.9939,4.0201,8.0251,929.0,9875.0,302.4596,85.7725
01221,2024,56.5331,28.2476,33.7535,80.9939,4.0201,8.0251,929.0,9925.0,312.5,86.2193
01221,2025,56.5331,28.2476,33.7535,80.9939,4.0201,8.0251,929.0,9975.0,303.1283,86.8806
01221,2026,56.5331,28.2476,33.7535,80.9939,4.0201,8.0251,929.0,10100.0,303.1283,86.8806
01222,2023,63.6103,36.9186,32.4444,79.3103,3.6212,18.3811,718.0,2666.6667,2716.9127,86.5838
01222,2024,63.6103,36.9186,32.4444,79.3103,3.6212,18.3811,718.0,2543.3333,2727.3945,86.6042
01222,2025,63.6103,36.9186,32.4444,79.3103,3.6212,18.3811,718.0,2433.3333,2685.7457,86.8602
01222,2026,63.6103,36.9186,32.4444,79.3103,3.6212,18.3811,718.0,2350.0,2685.7457,86.8602
01223,2023,56.9583,35.3353,33.2834,71.5423,9.7416,8.6993,736.0,11800.0,480.3364,74.2674
01223,2024,56.9583,35.3353,33.2834,71.5423,9.7416,8.6993,736.0,11800.0,482.9175,74.9544
01223,2025,56.9583,35.3353,33.2834,71.5423,9.7416,8.6993,736.0,11700.0,481.5738,75.5207
01223,2026,56.9583,35.3353,33.2834,71.5423,9.7416,8.6993,736.0,11600.0,481.5738,75.5207
01224,2023,50.0828,11.2406,29.174,79.7352,3.2133,3.0356,1076.0,47800.0,246.3548,97.5938
01224,2024,50.0828,11.2406,29.174,79.7352,3.2133,3.0356,1076.0,59700.0,245.5127,97.5234
01224,2025,50.0828,11.2406,29.174,79.7352,3.2133,3.0356,1076.0,64900.0,247.1368,97.5286
01224,2026,50.0828,11.2406,29.174,79.7352,3.2133,3.0356,1076.0,74300.0,247.1368,97.5286
01225,2023,51.1656,25.6864,35.3831,78.6483,7.8744,7.6018,887.0,8550.0,446.9024,94.1674
01225,2024,51.1656,25.6864,35.3831,78.6483,7.8744,7.6018,887.0,8460.0,455.9222,93.6879
01225,2025,51.1656,25.6864,35.3831,78.6483,7.8744,7.6018,887.0,8380.0,471.587,94.0737
01225,2026,51.1656,25.6864,35.3831,78.6483,7.8744,7.6018,887.0,8280.0,471.587,94.0737
01226,2023,60.3567,24.3767,39.6146,83.1044,4.6235,8.1897,839.0,8466.6667,783.2045,92.8657
01226,2024,60.3567,24.3767,39.6146,83.1044,4.6235,8.1897,839.0,8333.3333,792.5258,93.1508
01226,2025,60.3567,24.3767,39.6146,83.1044,4.6235,8.1897,839.0,8233.3333,802.3111,92.6663
01226,2026,60.3567,24.3767,39.6146,83.1044,4.6235,8.1897,839.0,8133.3333,802.3111,92.6663
01227,2023,62.2951,33.6066,32.3077,76.4228,13.4921,26.8657,247.0,1966.6667,4007.1685,97.0968
01227,2024,62.2951,33.6066,32.3077,76.4228,13.4921,26.8657,247.0,1883.3333,4115.4423,98.1634
01227,2025,62.2951,33.6066,32.3077,76.4228,13.4921,26.8657,247.0,1833.3333,4396.2848,97.5619
01227,2026,62.2951,33.6066,32.3077,76.4228,13.4921,26.8657,247.0,1875.0,4396.2848,97.5619
01228,2023,63.5731,31.3602,36.1111,80.2784,2.0431,9.8667,825.0,5800.0,325.6615,75.3771
01228,2024,63.5731,31.3602,36.1111,80.2784,2.0431,9.8667,825.0,5666.6667,325.0906,75.6502
01228,2025,63.5731,31.3602,36.1111,80.2784,2.0431,9.8667,825.0,5433.3333,332.8059,76.2344
01228,2026,63.5731,31.3602,36.1111,80.2784,2.0431,9.8667,825.0,5266.6667,332.8059,76.2344
01229,2023,53.9326,25.2822,34.3972,78.9888,1.9672,6.1818,909.0,20566.6667,304.6037,79.375
01229,2024,53.9326,25.2822,34.3972,78.9888,1.9672,6.1818,909.0,22433.3333,305.2785,79.8637
01229,2025,53.9326,25.2822,34.3972,78.9888,1.9672,6.1818,909.0,24700.0,306.2576,80.1722
01229,2026,53.9326,25.2822,34.3972,78.9888,1.9672,6.1818,909.0,28500.0,306.2576,80.1722
01230,2023,57.3158,29.6998,33.2829,76.4211,8.9439,8.4158,834.0,18630.0,301.1542,95.1687
01230,2024,57.3158,29.6998,33.2829,76.4211,8.9439,8.4158,834.0,19000.0,306.4048,95.0327
01230,2025,57.3158,29.6998,33.2829,76.4211,8.9439,8.4158,834.0,19174.0,312.2779,94.9054
01230,2026,57.3158,29.6998,33.2829,76.4211,8.9439,8.4158,834.0,19170.0,312.2779,94.9054
01231,2023,55.2129,12.9313,31.6737,78.8468,2.6697,3.0145,958.0,32000.0,171.2763,97.4822
01231,2024,55.2129,12.9313,31.6737,78.8468,2.6697,3.0145,958.0,39812.5,156.0679,97.2908
01231,2025,55.2129,12.9313,31.6737,78.8468,2.6697,3.0145,958.0,42562.5,152.4572,97.3625
01231,2026,55.2129,12.9313,31.6737,78.8468,2.6697,3.0145,958.0,45212.5,152.4572,97.3625
01233,2023,59.915,23.0653,30.9698,77.2663,4.0418,9.8907,799.0,19666.6667,261.7688,87.3715
01233,2024,59.915,23.0653,30.9698,77.2663,4.0418,9.8907,799.0,19583.3333,266.4823,87.5212
01233,2025,59.915,23.0653,30.9698,77.2663,4.0418,9.8907,799.0,19500.0,271.7252,87.6891
01233,2026,59.915,23.0653,30.9698,77.2663,4.0418,9.8907,799.0,19450.0,271.7252,87.6891
01234,2023,62.5262,16.6667,37.1397,82.5084,4.493,3.4915,1037.0,35671.4286,57.8891,97.1334
01234,2024,62.5262,16.6667,37.1397,82.5084,4.493,3.4915,1037.0,43642.8571,58.3449,97.262
01234,2025,62.5262,16.6667,37.1397,82.5084,4.493,3.4915,1037.0,45000.0,58.7663,97.2121
01234,2026,62.5262,16.6667,37.1397,82.5084,4.493,3.4915,1037.0,45857.1429,58.7663,97.2121
01235,2023,52.1554,20.6597,30.5585,77.5597,3.1627,4.3793,930.0,16850.0,70.4007,94.1678
01235,2024,52.1554,20.6597,30.5585,77.5597,3.1627,4.3793,930.0,19800.0,58.4613,94.2857
01235,2025,52.1554,20.6597,30.5585,77.5597,3.1627,4.3793,930.0,20850.0,58.9749,94.484
01235,2026,52.1554,20.6597,30.5585,77.5597,3.1627,4.3793,930.0,20816.6667,58.9749,94.484
01236,2023,57.6728,16.4399,30.9278,75.4918,4.1282,7.1859,829.0,27400.0,215.0295,89.9022
01236,2024,57.6728,16.4399,30.9278,75.4918,4.1282,7.1859,829.0,27366.6667,212.5515,89.5923
01236,2025,57.6728,16.4399,30.9278,75.4918,4.1282,7.1859,829.0,27333.3333,216.7718,89.715
01236,2026,57.6728,16.4399,30.9278,75.4918,4.1282,7.1859,829.0,27300.0,216.7718,89.715
01303,2023,54.2657,20.781,38.7033,85.8741,8.2173,5.5156,996.0,7766.6667,293.5612,86.855
01303,2024,54.2657,20.781,38.7033,85.8741,8.2173,5.5156,996.0,8000.0,294.387,86.8965
01303,2025,54.2657,20.781,38.7033,85.8741,8.2173,5.5156,996.0,8100.0,258.056,86.773
01303,2026,54.2657,20.781,38.7033,85.8741,8.2173,5.5156,996.0,8033.3333,258.056,86.773
01304,2023,,,,,,,,4000.0,606.3792,0.0
01304,2024,,,,,,,,3950.0,594.7293,0.0
01304,2025,,,,,,,,3900.0,611.7216,0.0
01304,2026,,,,,,,,3850.0,611.7216,0.0
01331,2023,,,,,,,,7466.6667,566.5222,0.0
01331,2024,,,,,,,,7166.6667,578.7728,0.0
01331,2025,,,,,,,,6866.6667,596.4249,0.0
01331,2026,,,,,,,,6600.0,596.4249,0.0
01332,2023,,,,,,,,7366.6667,571.2686,0.0
01332,2024,,,,,,,,7100.0,530.7182,0.0
01332,2025,,,,,,,,6866.6667,544.701,0.0
01332,2026,,,,,,,,6566.6667,544.701,0.0
01333,2023,,,,,,,,4950.0,542.3048,69.3196
01333,2024,,,,,,,,4800.0,554.1303,69.3176
01333,2025,,,,,,,,4650.0,570.9754,69.3894
01333,2026,,,,,,,,4500.0,570.9754,69.3894
01334,2023,,,,,,,,9266.6667,732.2961,61.6416
01334,2024,,,,,,,,9000.0,749.1767,59.9067
01334,2025,,,,,,,,8750.0,773.8095,62.8968
01334,2026,,,,,,,,8500.0,773.8095,62.8968
01337,2023,59.4356,14.1093,32.1577,80.6878,1.7872,10.1392,860.0,17300.0,186.1531,80.547
01337,2024,59.4356,14.1093,32.1577,80.6878,1.7872,10.1392,860.0,17950.0,188.7888,80.0428
01337,2025,59.4356,14.1093,32.1577,80.6878,1.7872,10.1392,860.0,18525.0,181.2889,80.3162
01337,2026,59.4356,14.1093,32.1577,80.6878,1.7872,10.1392,860.0,18875.0,181.2889,80.3162
01343,2023,,,,,,,,5566.6667,654.974,0.0
01343,2024,,,,,,,,5466.6667,669.4678,0.0
01343,2025,,,,,,,,5366.6667,681.2999,0.0
01343,2026,,,,,,,,5266.6667,681.2999,0.0
01345,2023,,,,,,,,7166.6667,389.2617,50.1448
01345,2024,,,,,,,,6966.6667,387.3062,50.018
01345,2025,,,,,,,,6766.6667,383.5959,49.5951
01345,2026,,,,,,,,6616.6667,383.5959,49.5951
01346,2023,55.8245,23.1467,27.5862,79.1225,3.8748,10.0496,859.0,11033.3333,437.2093,70.4651
01346,2024,55.8245,23.1467,27.5862,79.1225,3.8748,10.0496,859.0,10733.3333,412.7478,70.0386
01346,2025,55.8245,23.1467,27.5862,79.1225,3.8748,10.0496,859.0,10466.6667,420.2839,70.4561
01346,2026,55.8245,23.1467,27.5862,79.1225,3.8748,10.0496,859.0,10233.3333,420.2839,70.4561
01347,2023,,,,,,,,5833.3333,436.4754,72.1311
01347,2024,,,,,,,,5766.6667,460.8678,72.0988
01347,2025,,,,,,,,5733.3333,472.7428,80.3237
01347,2026,,,,,,,,5700.0,472.7428,80.3237
01361,2023,,,,,,,,9300.0,598.1925,40.2238
01361,2024,,,,,,,,9000.0,593.8416,40.4839
01361,2025,,,,,,,,8733.3333,612.9862,42.4398
01361,2026,,,,,,,,8466.6667,612.9862,42.4398
01362,2023,,,,,,,,5700.0,657.9551,64.3971
01362,2024,,,,,,,,5533.3333,702.8679,64.2924
01362,2025,,,,,,,,5366.6667,675.0544,64.36
01362,2026,,,,,,,,5200.0,675.0544,64.36
01363,2023,,,,,,,,6766.6667,940.0,0.0
01363,2024,,,,,,,,6600.0,966.2261,0.0
01363,2025,,,,,,,,6400.0,1006.424,0.0
01363,2026,,,,,,,,6200.0,1006.424,0.0
01364,2023,,,,,,,,6833.3333,660.4623,71.9604
01364,2024,,,,,,,,6600.0,664.8199,73.3456
01364,2025,,,,,,,,6416.6667,704.86,73.6402
01364,2026,,,,,,,,6216.6667,704.86,73.6402
01367,2023,,,,,,,,5050.0,878.0904,38.6616
01367,2024,,,,,,,,4900.0,907.8889,37.3292
01367,2025,,,,,,,,4750.0,963.5173,37.6988
01367,2026,,,,,,,,4625.0,963.5173,37.6988
01370,2023,,,,,,,,9300.0,590.5759,65.822
01370,2024,,,,,,,,9033.3333,609.9935,65.5419
01370,2025,,,,,,,,8666.6667,616.5617,66.0891
01370,2026,,,,,,,,8466.6667,616.5617,66.0891
01371,2023,,,,,,,,6800.0,868.896,64.1668
01371,2024,,,,,,,,6600.0,882.2683,63.8169
01371,2025,,,,,,,,6416.6667,904.9034,63.9822
01371,2026,,,,,,,,6266.6667,904.9034,63.9822
01391,2023,,,,,,,,3675.0,739.3293,0.0
01391,2024,,,,,,,,3600.0,754.2768,0.0
01391,2025,,,,,,,,3570.0,778.4912,0.0
01391,2026,,,,,,,,3525.0,778.4912,0.0
01392,2023,,,,,,,,5475.0,1070.1242,61.2126
01392,2024,,,,,,,,5400.0,1087.6021,61.8411
01392,2025,,,,,,,,5225.0,1118.2959,62.8376
01392,2026,,,,,,,,5150.0,1118.2959,62.8376
01393,2023,,,,,,,,3500.0,934.1501,76.876
01393,2024,,,,,,,,3450.0,948.3094,74.8543
01393,2025,,,,,,,,3420.0,981.1938,73.1807
01393,2026,,,,,,,,3375.0,981.1938,73.1807
01394,2023,,,,,,,,7516.6667,794.5693,0.0
01394,2024,,,,,,,,7683.3333,811.8327,0.0
01394,2025,,,,,,,,8093.3333,810.9309,0.0
01394,2026,,,,,,,,8500.0,810.9309,0.0
01395,2023,,,,,,,,13875.0,778.3019,46.0102
01395,2024,,,,,,,,15375.0,722.4959,42.4558
01395,2025,,,,,,,,17300.0,713.385,42.1906
01395,2026,,,,,,,,19650.0,713.385,42.1906
01396,2023,,,,,,,,4600.0,970.5731,61.4352
01396,2024,,,,,,,,5250.0,963.1148,61.9877
01396,2025,,,,,,,,6200.0,970.0722,61.4035
01396,2026,,,,,,,,7400.0,970.0722,61.4035
01397,2023,,,,,,,,4150.0,758.2185,69.5652
01397,2024,,,,,,,,4750.0,702.3576,66.4047
01397,2025,,,,,,,,5180.0,708.6224,71.9029
01397,2026,,,,,,,,5600.0,708.6224,71.9029
01398,2023,,,,,,,,4925.0,1076.4588,76.7606
01398,2024,,,,,,,,5075.0,1047.5217,77.3122
01398,2025,,,,,,,,5300.0,1063.278,75.4668
01398,2026,,,,,,,,5525.0,1063.278,75.4668
01399,2023,,,,,,,,6700.0,1068.917,76.2658
01399,2024,,,,,,,,7000.0,1078.5714,75.6429
01399,2025,,,,,,,,7500.0,1073.487,75.9366
01399,2026,,,,,,,,8300.0,1073.487,75.9366
01400,2023,56.1012,23.756,30.5263,76.6369,9.5304,7.9781,1137.0,54750.0,298.0302,75.032
01400,2024,56.1012,23.756,30.5263,76.6369,9.5304,7.9781,1137.0,57875.0,282.3387,71.2208
01400,2025,56.1012,23.756,30.5263,76.6369,9.5304,7.9781,1137.0,61750.0,272.1963,70.0759
01400,2026,56.1012,23.756,30.5263,76.6369,9.5304,7.9781,1137.0,70000.0,272.1963,70.0759
01401,2023,,,,,,,,6983.3333,502.9049,75.3631
01401,2024,,,,,,,,7183.3333,510.1289,75.5064
01401,2025,,,,,,,,7150.0,516.4057,75.9694
01401,2026,,,,,,,,7100.0,516.4057,75.9694
01402,2023,,,,,,,,9650.0,985.6299,72.6351
01402,2024,,,,,,,,9883.3333,986.1186,73.7696
01402,2025,,,,,,,,10083.3333,973.1513,74.984
01402,2026,,,,,,,,10183.3333,973.1513,74.984
01403,2023,,,,,,,,3045.0,1542.0561,79.3057
01403,2024,,,,,,,,3000.0,1577.8689,80.123
01403,2025,,,,,,,,2980.0,1626.7606,79.9296
01403,2026,,,,,,,,2950.0,1626.7606,79.9296
01404,2023,,,,,,,,3030.0,792.8389,0.0
01404,2024,,,,,,,,3025.0,819.0225,0.0
01404,2025,,,,,,,,3015.0,837.8378,0.0
01404,2026,,,,,,,,3000.0,837.8378,0.0
01405,2023,,,,,,,,4875.0,548.2456,0.0
01405,2024,,,,,,,,4700.0,564.9718,0.0
01405,2025,,,,,,,,4500.0,587.5441,0.0
01405,2026,,,,,,,,4425.0,587.5441,0.0
01406,2023,,,,,,,,3775.0,687.5,82.5368
01406,2024,,,,,,,,3675.0,681.4759,82.9819
01406,2025,,,,,,,,3575.0,683.6616,82.6574
01406,2026,,,,,,,,3525.0,683.6616,82.6574
01407,2023,,,,,,,,6516.6667,642.5831,0.0
01407,2024,,,,,,,,6400.0,661.1842,0.0
01407,2025,,,,,,,,6316.6667,658.8004,0.0
01407,2026,,,,,,,,6240.0,658.8004,0.0
01408,2023,54.5939,31.7269,29.4347,76.6667,8.1686,9.499,692.0,8733.3333,324.0134,80.5364
01408,2024,54.5939,31.7269,29.4347,76.6667,8.1686,9.499,692.0,8533.3333,330.3914,81.0417
01408,2025,54.5939,31.7269,29.4347,76.6667,8.1686,9.499,692.0,8333.3333,335.614,81.4675
01408,2026,54.5939,31.7269,29.4347,76.6667,8.1686,9.499,692.0,8233.3333,335.614,81.4675
01409,2023,,,,,,,,3050.0,1211.5732,63.8336
01409,2024,,,,,,,,3050.0,960.8278,53.3629
01409,2025,,,,,,,,3050.0,857.9088,47.4531
01409,2026,,,,,,,,3050.0,857.9088,47.4531
01423,2023,,,,,,,,5483.3333,148.423,75.4837
01423,2024,,,,,,,,5466.6667,143.8664,76.3776
01423,2025,,,,,,,,5533.3333,141.1824,78.1293
01423,2026,,,,,,,,5600.0,141.1824,78.1293
01424,2023,,,,,,,,4600.0,950.4631,88.1796
01424,2024,,,,,,,,4433.3333,979.4563,88.1096
01424,2025,,,,,,,,4333.3333,1003.4014,88.4141
01424,2026,,,,,,,,4233.3333,1003.4014,88.4141
01425,2023,,,,,,,,1775.0,4216.4469,90.1086
01425,2024,,,,,,,,1700.0,4420.4961,90.3213
01425,2025,,,,,,,,1650.0,4521.1864,89.7034
01425,2026,,,,,,,,1600.0,4521.1864,89.7034
01427,2023,,,,,,,,4633.3333,692.0343,0.0
01427,2024,,,,,,,,4533.3333,733.5907,0.0
01427,2025,,,,,,,,4450.0,728.9596,0.0
01427,2026,,,,,,,,4366.6667,728.9596,0.0
01428,2023,,,,,,,,10700.0,322.8982,59.1357
01428,2024,,,,,,,,10633.3333,338.073,59.6301
01428,2025,,,,,,,,10566.6667,358.257,59.9074
01428,2026,,,,,,,,10500.0,358.257,59.9074
01429,2023,,,,,,,,8933.3333,672.5488,82.4525
01429,2024,,,,,,,,8833.3333,655.6625,82.4851
01429,2025,,,,,,,,8733.3333,667.4176,83.3099
01429,2026,,,,,,,,8633.3333,667.4176,83.3099
01430,2023,,,,,,,,4450.0,757.6816,0.0
01430,2024,,,,,,,,4250.0,747.9617,0.0
01430,2025,,,,,,,,4100.0,772.328,0.0
01430,2026,,,,,,,,3950.0,772.328,0.0
01431,2023,,,,,,,,2000.0,1096.3053,63.4767
01431,2024,,,,,,,,1925.0,1127.7259,64.3614
01431,2025,,,,,,,,1875.0,1147.7489,64.9334
01431,2026,,,,,,,,1825.0,1147.7489,64.9334
01432,2023,,,,,,,,5833.3333,572.8596,69.2284
01432,2024,,,,,,,,5683.3333,579.8479,70.2313
01432,2025,,,,,,,,5533.3333,574.7311,70.7176
01432,2026,,,,,,,,5383.3333,574.7311,70.7176
01433,2023,,,,,,,,4350.0,661.4641,0.0
01433,2024,,,,,,,,4200.0,690.7021,0.0
01433,2025,,,,,,,,4050.0,693.9571,0.0
01433,2026,,,,,,,,3950.0,693.9571,0.0
01434,2023,,,,,,,,3500.0,1105.7902,0.0
01434,2024,,,,,,,,3375.0,1139.5245,0.0
01434,2025,,,,,,,,3250.0,1164.0697,0.0
01434,2026,,,,,,,,3125.0,1164.0697,0.0
01436,2023,,,,,,,,2900.0,1276.6945,0.0
01436,2024,,,,,,,,2800.0,1346.6098,0.0
01436,2025,,,,,,,,2700.0,1360.0783,0.0
01436,2026,,,,,,,,2600.0,1360.0783,0.0
01437,2023,,,,,,,,2050.0,1248.5066,0.0
01437,2024,,,,,,,,1960.0,1301.1607,0.0
01437,2025,,,,,,,,1875.0,1337.0998,0.0
01437,2026,,,,,,,,1805.0,1337.0998,0.0
01438,2023,,,,,,,,4025.0,882.7586,73.3103
01438,2024,,,,,,,,3805.0,919.0141,73.3803
01438,2025,,,,,,,,3625.0,932.8091,73.5525
01438,2026,,,,,,,,3455.0,932.8091,73.5525
01452,2023,,,,,,,,10633.3333,429.0429,72.5473
01452,2024,,,,,,,,10633.3333,434.3204,72.6348
01452,2025,,,,,,,,10633.3333,448.708,73.0002
01452,2026,,,,,,,,10633.3333,448.708,73.0002
01453,2023,,,,,,,,13900.0,345.9025,85.9527
01453,2024,,,,,,,,14266.6667,348.8136,84.567
01453,2025,,,,,,,,14666.6667,362.1483,85.2072
01453,2026,,,,,,,,15066.6667,362.1483,85.2072
01454,2023,,,,,,,,6866.6667,374.1497,61.3217
01454,2024,,,,,,,,6766.6667,374.837,61.7829
01454,2025,,,,,,,,6666.6667,376.6105,61.8269
01454,2026,,,,,,,,6566.6667,376.6105,61.8269
01455,2023,,,,,,,,5066.6667,895.8631,67.0471
01455,2024,,,,,,,,4866.6667,855.6612,67.531
01455,2025,,,,,,,,4766.6667,843.7956,67.3285
01455,2026,,,,,,,,4666.6667,843.7956,67.3285
01456,2023,,,,,,,,4200.0,1066.5629,63.8381
01456,2024,,,,,,,,4050.0,1096.7742,64.5968
01456,2025,,,,,,,,3900.0,1124.8966,64.2266
01456,2026,,,,,,,,3825.0,1124.8966,64.2266
01457,2023,,,,,,,,2833.3333,880.6996,89.8813
01457,2024,,,,,,,,2733.3333,882.5397,87.619
01457,2025,,,,,,,,2640.0,901.1345,87.1313
01457,2026,,,,,,,,2550.0,901.1345,87.1313
01458,2023,,,,,,,,11400.0,446.4597,68.7943
01458,2024,,,,,,,,11700.0,445.4291,67.3274
01458,2025,,,,,,,,12400.0,448.5184,69.0303
01458,2026,,,,,,,,13066.6667,448.5184,69.0303
01459,2023,,,,,,,,10200.0,483.6519,66.8025
01459,2024,,,,,,,,10200.0,490.8821,67.271
01459,2025,,,,,,,,10266.6667,507.3791,67.3597
01459,2026,,,,,,,,10366.6667,507.3791,67.3597
01460,2023,,,,,,,,9433.3333,384.7676,81.6024
01460,2024,,,,,,,,9266.6667,395.8417,80.9376
01460,2025,,,,,,,,9100.0,407.9951,81.259
01460,2026,,,,,,,,8933.3333,407.9951,81.259
01461,2023,,,,,,,,7266.6667,772.5139,54.9082
01461,2024,,,,,,,,7233.3333,790.5656,56.7591
01461,2025,,,,,,,,7233.3333,806.955,56.8881
01461,2026,,,,,,,,7366.6667,806.955,56.8881
01462,2023,,,,,,,,2000.0,1413.9257,69.8847
01462,2024,,,,,,,,1935.0,1420.4545,70.4983
01462,2025,,,,,,,,1870.0,1453.4884,71.6011
01462,2026,,,,,,,,1810.0,1453.4884,71.6011
01463,2023,,,,,,,,2625.0,1420.373,59.5409
01463,2024,,,,,,,,2575.0,1219.3589,51.7913
01463,2025,,,,,,,,2525.0,1157.2327,52.6415
01463,2026,,,,,,,,2475.0,1157.2327,52.6415
01464,2023,,,,,,,,3843.3333,1373.9188,72.3553
01464,2024,,,,,,,,3753.3333,1422.6662,71.5467
01464,2025,,,,,,,,3663.3333,1435.6965,71.9629
01464,2026,,,,,,,,4550.0,1435.6965,71.9629
01465,2023,,,,,,,,2475.0,1142.6593,56.0942
01465,2024,,,,,,,,2400.0,1181.0744,55.6386
01465,2025,,,,,,,,2325.0,1217.0088,56.0484
01465,2026,,,,,,,,2250.0,1217.0088,56.0484
01468,2023,,,,,,,,2433.3333,1063.7595,78.0641
01468,2024,,,,,,,,2383.3333,1114.1397,77.2402
01468,2025,,,,,,,,2333.3333,1138.9281,78.2793
01468,2026,,,,,,,,2500.0,1138.9281,78.2793
01469,2023,,,,,,,,3053.3333,791.7738,79.2802
01469,2024,,,,,,,,2966.6667,802.3225,78.5432
01469,2025,,,,,,,,2916.6667,814.9959,78.4841
01469,2026,,,,,,,,2866.6667,814.9959,78.4841
01470,2023,,,,,,,,1445.0,2035.9281,0.0
01470,2024,,,,,,,,1430.0,2138.3648,0.0
01470,2025,,,,,,,,1410.0,2262.8952,0.0
01470,2026,,,,,,,,1390.0,2262.8952,0.0
01471,2023,,,,,,,,2070.0,1796.4072,0.0
01471,2024,,,,,,,,2030.0,1840.4908,0.0
01471,2025,,,,,,,,1975.0,1891.253,0.0
01471,2026,,,,,,,,1925.0,1891.253,0.0
01472,2023,,,,,,,,1750.0,1605.5046,0.0
01472,2024,,,,,,,,1700.0,1617.7637,0.0
01472,2025,,,,,,,,1650.0,1653.0278,0.0
01472,2026,,,,,,,,1600.0,1653.0278,0.0
01481,2023,,,,,,,,4966.6667,791.591,61.822
01481,2024,,,,,,,,4816.6667,818.7919,62.443
01481,2025,,,,,,,,4666.6667,842.5414,62.6796
01481,2026,,,,,,,,4516.6667,842.5414,62.6796
01482,2023,,,,,,,,3775.0,1099.3658,78.4003
01482,2024,,,,,,,,3625.0,1121.8986,78.2452
01482,2025,,,,,,,,3500.0,1129.8799,79.2793
01482,2026,,,,,,,,3375.0,1129.8799,79.2793
01483,2023,,,,,,,,3350.0,810.1444,73.7936
01483,2024,,,,,,,,3250.0,851.8384,74.2264
01483,2025,,,,,,,,3150.0,877.7194,75.1313
01483,2026,,,,,,,,3100.0,877.7194,75.1313
01484,2023,,,,,,,,4533.3333,889.7972,83.9176
01484,2024,,,,,,,,4350.0,929.0954,84.3032
01484,2025,,,,,,,,4216.6667,962.1531,84.9958
01484,2026,,,,,,,,4083.3333,962.1531,84.9958
01485,2023,,,,,,,,1950.0,1322.8492,0.0
01485,2024,,,,,,,,1900.0,1367.1128,0.0
01485,2025,,,,,,,,1850.0,1422.8856,0.0
01485,2026,,,,,,,,1850.0,1422.8856,0.0
01486,2023,,,,,,,,4750.0,1068.9228,81.428
01486,2024,,,,,,,,4575.0,1092.0771,82.6981
01486,2025,,,,,,,,4400.0,1120.4606,81.8423
01486,2026,,,,,,,,4225.0,1120.4606,81.8423
01487,2023,,,,,,,,4800.0,1115.8493,75.9417
01487,2024,,,,,,,,4675.0,1145.6808,77.123
01487,2025,,,,,,,,4550.0,1199.8486,78.3876
01487,2026,,,,,,,,4425.0,1199.8486,78.3876
01511,2023,,,,,,,,3375.0,932.8783,0.0
01511,2024,,,,,,,,3600.0,929.003,0.0
01511,2025,,,,,,,,3600.0,950.1738,0.0
01511,2026,,,,,,,,3600.0,950.1738,0.0
01512,2023,,,,,,,,4216.6667,1071.322,85.6759
01512,2024,,,,,,,,4116.6667,1027.5841,84.7226
01512,2025,,,,,,,,3933.3333,1064.8867,85.7498
01512,2026,,,,,,,,3850.0,1064.8867,85.7498
01513,2023,,,,,,,,2550.0,1445.8599,83.3758
01513,2024,,,,,,,,2500.0,1482.7128,83.1117
01513,2025,,,,,,,,2450.0,1426.6304,82.6766
01513,2026,,,,,,,,2400.0,1426.6304,82.6766
01514,2023,,,,,,,,5400.0,932.1012,75.8136
01514,2024,,,,,,,,5283.3333,934.2466,76.411
01514,2025,,,,,,,,5200.0,939.0193,76.3856
01514,2026,,,,,,,,5116.6667,939.0193,76.3856
01516,2023,,,,,,,,5733.3333,1004.8622,74.6083
01516,2024,,,,,,,,5583.3333,1021.4904,74.379
01516,2025,,,,,,,,5433.3333,1041.2518,73.798
01516,2026,,,,,,,,5283.3333,1041.2518,73.798
01517,2023,,,,,,,,3450.0,751.9447,63.656
01517,2024,,,,,,,,3400.0,745.6724,63.9148
01517,2025,,,,,,,,3350.0,737.5172,63.399
01517,2026,,,,,,,,3300.0,737.5172,63.399
01518,2023,,,,,,,,2950.0,739.1763,63.4636
01518,2024,,,,,,,,2875.0,750.6702,65.2547
01518,2025,,,,,,,,2805.0,765.0273,63.9344
01518,2026,,,,,,,,2740.0,765.0273,63.9344
01519,2023,,,,,,,,4800.0,1133.2448,82.2488
01519,2024,,,,,,,,4750.0,1139.4713,81.8596
01519,2025,,,,,,,,4675.0,1180.8461,83.1706
01519,2026,,,,,,,,4550.0,1180.8461,83.1706
01520,2023,,,,,,,,4850.0,1138.4335,72.0401
01520,2024,,,,,,,,4725.0,1189.3435,71.6461
01520,2025,,,,,,,,4600.0,1224.2899,72.38
01520,2026,,,,,,,,4475.0,1224.2899,72.38
01543,2023,64.0464,22.6098,28.1426,77.2903,0.2551,7.9399,796.0,13133.3333,437.5103,89.0705
01543,2024,64.0464,22.6098,28.1426,77.2903,0.2551,7.9399,796.0,12933.3333,446.3033,88.8396
01543,2025,64.0464,22.6098,28.1426,77.2903,0.2551,7.9399,796.0,12733.3333,458.7685,88.6895
01543,2026,64.0464,22.6098,28.1426,77.2903,0.2551,7.9399,796.0,12533.3333,458.7685,88.6895
01544,2023,,,,,,,,4500.0,923.7711,79.4348
01544,2024,,,,,,,,4366.6667,948.7805,79.561
01544,2025,,,,,,,,4266.6667,979.8489,80.1259
01544,2026,,,,,,,,4166.6667,979.8489,80.1259
01545,2023,,,,,,,,8533.3333,522.5937,75.698
01545,2024,,,,,,,,8400.0,532.0741,75.6686
01545,2025,,,,,,,,8300.0,541.2347,77.0284
01545,2026,,,,,,,,8200.0,541.2347,77.0284
01546,2023,,,,,,,,3466.6667,938.7326,0.0
01546,2024,,,,,,,,3366.6667,960.969,0.0
01546,2025,,,,,,,,3266.6667,985.6433,0.0
01546,2026,,,,,,,,3166.6667,985.6433,0.0
01547,2023,,,,,,,,4966.6667,555.4321,0.0
01547,2024,,,,,,,,4800.0,530.0113,0.0
01547,2025,,,,,,,,4633.3333,538.9222,0.0
01547,2026,,,,,,,,4466.6667,538.9222,0.0
01549,2023,,,,,,,,5266.6667,660.0518,0.0
01549,2024,,,,,,,,5100.0,675.0496,0.0
01549,2025,,,,,,,,4933.3333,678.9568,0.0
01549,2026,,,,,,,,4766.6667,678.9568,0.0
01550,2023,,,,,,,,3550.0,651.4414,59.3036
01550,2024,,,,,,,,3400.0,667.1779,58.704
01550,2025,,,,,,,,3250.0,684.2312,58.6709
01550,2026,,,,,,,,3100.0,684.2312,58.6709
01552,2023,,,,,,,,4266.6667,513.9501,52.8005
01552,2024,,,,,,,,4183.3333,522.6109,53.6689
01552,2025,,,,,,,,4110.0,527.3353,52.669
01552,2026,,,,,,,,4036.6667,527.3353,52.669
01555,2023,54.1618,27.6671,27.6667,72.1311,0.9259,12.099,779.0,8233.3333,526.1736,82.9615
01555,2024,54.1618,27.6671,27.6667,72.1311,0.9259,12.099,779.0,8200.0,535.7538,82.9478
01555,2025,54.1618,27.6671,27.6667,72.1311,0.9259,12.099,779.0,8166.6667,550.833,82.523
01555,2026,54.1618,27.6671,27.6667,72.1311,0.9259,12.099,779.0,8133.3333,550.833,82.523
01559,2023,,,,,,,,3400.0,831.2747,71.0721
01559,2024,,,,,,,,3316.6667,848.0521,62.9087
01559,2025,,,,,,,,3233.3333,849.2596,63.435
01559,2026,,,,,,,,3150.0,849.2596,63.435
01560,2023,,,,,,,,1650.0,1104.5281,83.4109
01560,2024,,,,,,,,1600.0,1129.5246,81.9014
01560,2025,,,,,,,,1550.0,1163.9493,82.5181
01560,2026,,,,,,,,1500.0,1163.9493,82.5181
01561,2023,,,,,,,,4233.3333,856.7455,84.8679
01561,2024,,,,,,,,4133.3333,864.1975,82.9405
01561,2025,,,,,,,,4033.3333,881.2589,81.8598
01561,2026,,,,,,,,3933.3333,881.2589,81.8598
01562,2023,,,,,,,,1475.0,2291.2621,88.2524
01562,2024,,,,,,,,1450.0,2405.7085,86.5443
01562,2025,,,,,,,,1430.0,2468.6192,85.9833
01562,2026,,,,,,,,1410.0,2468.6192,85.9833
01563,2023,,,,,,,,2883.3333,830.5085,76.9492
01563,2024,,,,,,,,2800.0,830.6865,77.547
01563,2025,,,,,,,,2716.6667,838.0858,77.4114
01563,2026,,,,,,,,2633.3333,838.0858,77.4114
01564,2023,,,,,,,,6433.3333,824.1028,67.9368
01564,2024,,,,,,,,6266.6667,842.137,67.9596
01564,2025,,,,,,,,6100.0,847.6945,68.3124
01564,2026,,,,,,,,5933.3333,847.6945,68.3124
01571,2023,,,,,,,,6150.0,1684.5878,68.1004
01571,2024,,,,,,,,5833.3333,1683.5301,68.072
01571,2025,,,,,,,,5516.6667,1715.8407,67.5451
01571,2026,,,,,,,,5250.0,1715.8407,67.5451
01575,2023,,,,,,,,4700.0,1456.3929,0.0
01575,2024,,,,,,,,4675.0,1438.7286,0.0
01575,2025,,,,,,,,4650.0,1487.246,0.0
01575,2026,,,,,,,,4625.0,1487.246,0.0
01578,2023,54.3507,31.9946,26.5079,78.3133,3.8411,12.7157,619.0,7133.3333,640.5445,90.4077
01578,2024,54.3507,31.9946,26.5079,78.3133,3.8411,12.7157,619.0,6900.0,651.7378,91.6769
01578,2025,54.3507,31.9946,26.5079,78.3133,3.8411,12.7157,619.0,6633.3333,661.8085,91.7721
01578,2026,54.3507,31.9946,26.5079,78.3133,3.8411,12.7157,619.0,6400.0,661.8085,91.7721
01581,2023,,,,,,,,4916.6667,794.3392,37.9822
01581,2024,,,,,,,,4983.3333,970.7385,37.8774
01581,2025,,,,,,,,5066.6667,1000.7097,38.1595
01581,2026,,,,,,,,5133.3333,1000.7097,38.1595
01584,2023,,,,,,,,8266.6667,855.5296,85.4057
01584,2024,,,,,,,,7800.0,863.9068,85.2876
01584,2025,,,,,,,,7466.6667,881.6089,85.024
01584,2026,,,,,,,,7333.3333,881.6089,85.024
01585,2023,,,,,,,,5933.3333,876.4014,77.878
01585,2024,,,,,,,,5783.3333,876.761,76.8294
01585,2025,,,,,,,,5616.6667,888.55,77.1971
01585,2026,,,,,,,,5600.0,888.55,77.1971
01586,2023,,,,,,,,7283.3333,921.4744,42.922
01586,2024,,,,,,,,7066.6667,920.3878,43.8208
01586,2025,,,,,,,,6983.3333,900.1523,44.7306
01586,2026,,,,,,,,6866.6667,900.1523,44.7306
01601,2023,,,,,,,,3783.3333,754.7503,66.5223
01601,2024,,,,,,,,3683.3333,754.4792,66.4896
01601,2025,,,,,,,,3666.6667,768.5253,66.416
01601,2026,,,,,,,,3650.0,768.5253,66.416
01602,2023,,,,,,,,2533.3333,879.4079,0.0
01602,2024,,,,,,,,2463.3333,868.0326,0.0
01602,2025,,,,,,,,2410.0,888.3878,0.0
01602,2026,,,,,,,,2356.6667,888.3878,0.0
01604,2023,,,,,,,,6766.6667,653.557,58.6466
01604,2024,,,,,,,,6666.6667,535.3319,58.2246
01604,2025,,,,,,,,6666.6667,652.5644,57.8328
01604,2026,,,,,,,,6666.6667,652.5644,57.8328
01607,2023,,,,,,,,10500.0,876.5179,56.7299
01607,2024,,,,,,,,10066.6667,895.8352,56.5791
01607,2025,,,,,,,,9683.3333,916.2141,56.6824
01607,2026,,,,,,,,9316.6667,916.2141,56.6824
01608,2023,,,,,,,,6100.0,745.6691,75.5712
01608,2024,,,,,,,,5816.6667,674.1861,76.0574
01608,2025,,,,,,,,5550.0,696.3198,77.7601
01608,2026,,,,,,,,5333.3333,696.3198,77.7601
01609,2023,,,,,,,,7266.6667,504.6296,44.3056
01609,2024,,,,,,,,6983.3333,521.7808,44.0881
01609,2025,,,,,,,,6666.6667,534.4828,45.0
01609,2026,,,,,,,,6366.6667,534.4828,45.0
01610,2023,55.1205,30.7071,23.2673,70.6827,6.3168,8.1867,888.0,12250.0,643.0608,75.1521
01610,2024,55.1205,30.7071,23.2673,70.6827,6.3168,8.1867,888.0,11950.0,663.8823,76.5383
01610,2025,55.1205,30.7071,23.2673,70.6827,6.3168,8.1867,888.0,11687.5,652.0342,73.889
01610,2026,55.1205,30.7071,23.2673,70.6827,6.3168,8.1867,888.0,11425.0,652.0342,73.889
01631,2023,54.5861,19.3061,24.903,75.9508,4.9073,4.6557,954.0,25475.0,216.5573,89.6436
01631,2024,54.5861,19.3061,24.903,75.9508,4.9073,4.6557,954.0,28175.0,225.0355,89.7396
01631,2025,54.5861,19.3061,24.903,75.9508,4.9073,4.6557,954.0,29475.0,226.5539,90.0663
01631,2026,54.5861,19.3061,24.903,75.9508,4.9073,4.6557,954.0,30125.0,226.5539,90.0663
01632,2023,,,,,,,,7266.6667,678.2254,52.2353
01632,2024,,,,,,,,7266.6667,691.3707,51.4153
01632,2025,,,,,,,,7266.6667,680.1406,51.775
01632,2026,,,,,,,,7266.6667,680.1406,51.775
01633,2023,,,,,,,,4933.3333,877.3006,72.7607
01633,2024,,,,,,,,4933.3333,867.4749,73.1605
01633,2025,,,,,,,,4933.3333,863.8083,73.5603
01633,2026,,,,,,,,4933.3333,863.8083,73.5603
01634,2023,,,,,,,,4833.3333,1222.7838,0.3694
01634,2024,,,,,,,,4833.3333,1227.0302,0.2371
01634,2025,,,,,,,,4833.3333,1197.2403,0.1826
01634,2026,,,,,,,,4833.3333,1197.2403,0.1826
01635,2023,,,,,,,,7400.0,1184.3756,79.7348
01635,2024,,,,,,,,7400.0,1187.8503,78.3583
01635,2025,,,,,,,,7400.0,1193.8942,77.3215
01635,2026,,,,,,,,7400.0,1193.8942,77.3215
01636,2023,,,,,,,,5166.6667,688.6261,54.7806
01636,2024,,,,,,,,5166.6667,679.241,54.7435
01636,2025,,,,,,,,5166.6667,673.9006,54.9515
01636,2026,,,,,,,,5166.6667,673.9006,54.9515
01637,2023,62.2101,15.5556,29.4872,81.3097,3.1704,4.2353,795.0,18433.3333,402.1299,79.117
01637,2024,62.2101,15.5556,29.4872,81.3097,3.1704,4.2353,795.0,21200.0,403.7872,78.9474
01637,2025,62.2101,15.5556,29.4872,81.3097,3.1704,4.2353,795.0,23133.3333,404.5462,78.9456
01637,2026,62.2101,15.5556,29.4872,81.3097,3.1704,4.2353,795.0,24633.3333,404.5462,78.9456
01638,2023,,,,,,,,7450.0,843.1574,68.8365
01638,2024,,,,,,,,7450.0,841.4822,68.7082
01638,2025,,,,,,,,7450.0,839.6547,69.7097
01638,2026,,,,,,,,7450.0,839.6547,69.7097
01639,2023,,,,,,,,6700.0,883.4706,55.9848
01639,2024,,,,,,,,6700.0,891.6587,55.5449
01639,2025,,,,,,,,6700.0,904.6693,55.7717
01639,2026,,,,,,,,6700.0,904.6693,55.7717
01641,2023,,,,,,,,5233.3333,755.6536,68.5236
01641,2024,,,,,,,,5233.3333,740.1162,68.4842
01641,2025,,,,,,,,5233.3333,759.5898,69.1227
01641,2026,,,,,,,,5233.3333,759.5898,69.1227
01642,2023,,,,,,,,6500.0,1003.3713,79.5794
01642,2024,,,,,,,,6300.0,1026.7931,80.446
01642,2025,,,,,,,,6100.0,1035.7143,80.6633
01642,2026,,,,,,,,5833.3333,1035.7143,80.6633
01643,2023,67.1322,17.4721,28.2472,82.4022,1.1019,6.383,826.0,12025.0,328.9956,82.9169
01643,2024,67.1322,17.4721,28.2472,82.4022,1.1019,6.383,826.0,13150.0,338.8375,82.902
01643,2025,67.1322,17.4721,28.2472,82.4022,1.1019,6.383,826.0,14025.0,334.0061,83.1216
01643,2026,67.1322,17.4721,28.2472,82.4022,1.1019,6.383,826.0,14900.0,334.0061,83.1216
01644,2023,,,,,,,,5500.0,642.9615,75.4181
01644,2024,,,,,,,,5366.6667,658.6826,76.1144
01644,2025,,,,,,,,5266.6667,670.5046,76.7525
01644,2026,,,,,,,,5200.0,670.5046,76.7525
01645,2023,,,,,,,,2416.6667,1084.9849,61.4713
01645,2024,,,,,,,,2266.6667,1099.7617,60.9806
01645,2025,,,,,,,,2600.0,1108.4086,61.1188
01645,2026,,,,,,,,2450.0,1108.4086,61.1188
01646,2023,,,,,,,,8066.6667,643.1373,66.5725
01646,2024,,,,,,,,7933.3333,662.3586,66.5105
01646,2025,,,,,,,,7766.6667,664.9024,66.8376
01646,2026,,,,,,,,7433.3333,664.9024,66.8376
01647,2023,,,,,,,,7366.6667,694.4882,73.9213
01647,2024,,,,,,,,7300.0,699.9352,72.1322
01647,2025,,,,,,,,7266.6667,698.9247,75.4368
01647,2026,,,,,,,,7133.3333,698.9247,75.4368
01648,2023,,,,,,,,3000.0,1059.991,76.0938
01648,2024,,,,,,,,3000.0,1106.994,76.378
01648,2025,,,,,,,,2950.0,1117.9245,75.4245
01648,2026,,,,,,,,2950.0,1117.9245,75.4245
01649,2023,,,,,,,,4466.6667,892.6081,66.5504
01649,2024,,,,,,,,4366.6667,915.3754,67.4613
01649,2025,,,,,,,,4266.6667,934.7614,68.5979
01649,2026,,,,,,,,4166.6667,934.7614,68.5979
01661,2023,51.6052,19.7304,34.2444,66.1905,12.7358,8.624,1086.0,14033.3333,130.3035,90.3808
01661,2024,51.6052,19.7304,34.2444,66.1905,12.7358,8.624,1086.0,14100.0,131.9601,90.4248
01661,2025,51.6052,19.7304,34.2444,66.1905,12.7358,8.624,1086.0,14100.0,133.8411,90.4897
01661,2026,51.6052,19.7304,34.2444,66.1905,12.7358,8.624,1086.0,14100.0,133.8411,90.4897
01662,2023,,,,,,,,6100.0,426.1264,76.4699
01662,2024,,,,,,,,6100.0,431.2091,76.2478
01662,2025,,,,,,,,6100.0,441.7328,76.3026
01662,2026,,,,,,,,6066.6667,441.7328,76.3026
01663,2023,,,,,,,,4200.0,408.4273,42.4321
01663,2024,,,,,,,,4150.0,406.9004,42.1714
01663,2025,,,,,,,,4100.0,413.6485,42.318
01663,2026,,,,,,,,4066.6667,413.6485,42.318
01664,2023,,,,,,,,6200.0,619.8635,65.1901
01664,2024,,,,,,,,6166.6667,632.9476,65.4522
01664,2025,,,,,,,,6166.6667,648.0398,65.3745
01664,2026,,,,,,,,6116.6667,648.0398,65.3745
01665,2023,,,,,,,,5133.3333,792.6556,60.6061
01665,2024,,,,,,,,5133.3333,754.5181,64.0211
01665,2025,,,,,,,,5133.3333,733.8308,65.0653
01665,2026,,,,,,,,5066.6667,733.8308,65.0653
01667,2023,,,,,,,,8900.0,1158.9537,0.0
01667,2024,,,,,,,,8900.0,1167.8832,0.0
01667,2025,,,,,,,,8900.0,1171.875,0.0
01667,2026,,,,,,,,8850.0,1171.875,0.0
01668,2023,,,,,,,,4566.6667,651.0921,74.1913
01668,2024,,,,,,,,4533.3333,652.4484,74.3511
01668,2025,,,,,,,,4500.0,658.2893,74.568
01668,2026,,,,,,,,4433.3333,658.2893,74.568
01691,2023,,,,,,,,5666.6667,251.8787,45.5051
01691,2024,,,,,,,,5733.3333,254.7502,45.2428
01691,2025,,,,,,,,5800.0,258.5219,45.2306
01691,2026,,,,,,,,5866.6667,258.5219,45.2306
01692,2023,56.6075,20.0197,24.8788,70.4142,1.8573,6.3251,1032.0,15050.0,324.6953,81.1562
01692,2024,56.6075,20.0197,24.8788,70.4142,1.8573,6.3251,1032.0,15275.0,332.4421,80.9759
01692,2025,56.6075,20.0197,24.8788,70.4142,1.8573,6.3251,1032.0,15475.0,329.7839,81.444
01692,2026,56.6075,20.0197,24.8788,70.4142,1.8573,6.3251,1032.0,15675.0,329.7839,81.444
01693,2023,,,,,,,,5133.3333,805.7351,73.3441
01693,2024,,,,,,,,5133.3333,810.4764,74.2421
01693,2025,,,,,,,,5133.3333,819.0913,73.9475
01693,2026,,,,,,,,5150.0,819.0913,73.9475
01694,2023,,,,,,,,7750.0,490.1961,0.0
01694,2024,,,,,,,,7700.0,517.5177,0.0
01694,2025,,,,,,,,7666.6667,494.4926,0.0
01694,2026,,,,,,,,7633.3333,494.4926,0.0
02201,2023,53.7932,20.0823,26.6431,73.5621,5.3215,6.2407,971.0,32214.7059,98.1425,80.8311
02201,2024,53.7932,20.0823,26.6431,73.5621,5.3215,6.2407,971.0,33382.3529,99.6187,81.0242
02201,2025,53.7932,20.0823,26.6431,73.5621,5.3215,6.2407,971.0,33932.3529,100.2231,81.2904
02201,2026,53.7932,20.0823,26.6431,73.5621,5.3215,6.2407,971.0,34455.8824,100.2231,81.2904
02202,2023,52.875,22.7895,26.5338,73.3662,11.4209,7.1358,1065.0,23282.1429,127.494,85.0624
02202,2024,52.875,22.7895,26.5338,73.3662,11.4209,7.1358,1065.0,23492.8571,129.2928,85.0153
02202,2025,52.875,22.7895,26.5338,73.3662,11.4209,7.1358,1065.0,23907.1429,131.2951,85.4039
02202,2026,52.875,22.7895,26.5338,73.3662,11.4209,7.1358,1065.0,24225.0,131.2951,85.4039
02203,2023,55.536,21.2108,25.2747,71.6224,3.0001,8.0517,969.0,32291.4286,134.9281,67.3085
02203,2024,55.536,21.2108,25.2747,71.6224,3.0001,8.0517,969.0,32348.5714,136.8124,68.6789
02203,2025,55.536,21.2108,25.2747,71.6224,3.0001,8.0517,969.0,32448.5714,138.2276,70.3231
02203,2026,55.536,21.2108,25.2747,71.6224,3.0001,8.0517,969.0,32622.8571,138.2276,70.3231
02204,2023,54.4866,32.4349,21.8716,75.9482,7.1809,8.3269,704.0,10690.0,95.383,57.2646
02204,2024,54.4866,32.4349,21.8716,75.9482,7.1809,8.3269,704.0,10680.0,97.0874,57.5686
02204,2025,54.4866,32.4349,21.8716,75.9482,7.1809,8.3269,704.0,10670.0,98.922,58.0715
02204,2026,54.4866,32.4349,21.8716,75.9482,7.1809,8.3269,704.0,10660.0,98.922,58.0715
02205,2023,55.8869,30.4485,28.9262,72.2879,8.7781,10.2133,843.0,9800.0,280.6127,37.0897
02205,2024,55.8869,30.4485,28.9262,72.2879,8.7781,10.2133,843.0,9745.4545,282.6723,37.0496
02205,2025,55.8869,30.4485,28.9262,72.2879,8.7781,10.2133,843.0,9681.8182,282.8692,37.309
02205,2026,55.8869,30.4485,28.9262,72.2879,8.7781,10.2133,843.0,9618.1818,282.8692,37.309
02206,2023,50.6936,25.4868,26.9036,76.0404,6.5067,9.5035,876.0,12188.8889,89.794,71.4777
02206,2024,50.6936,25.4868,26.9036,76.0404,6.5067,9.5035,876.0,12155.5556,90.8655,72.1146
02206,2025,50.6936,25.4868,26.9036,76.0404,6.5067,9.5035,876.0,12122.2222,92.3973,73.3634
02206,2026,50.6936,25.4868,26.9036,76.0404,6.5067,9.5035,876.0,12094.4444,92.3973,73.3634
02207,2023,49.5668,16.7641,31.0345,77.599,5.4167,7.2771,796.0,13600.0,113.3929,73.1175
02207,2024,49.5668,16.7641,31.0345,77.599,5.4167,7.2771,796.0,13660.0,102.3774,74.5719
02207,2025,49.5668,16.7641,31.0345,77.599,5.4167,7.2771,796.0,13720.0,105.404,76.5891
02207,2026,49.5668,16.7641,31.0345,77.599,5.4167,7.2771,796.0,13840.0,105.404,76.5891
02208,2023,47.4342,23.8631,26.8337,71.4095,5.0416,14.4194,826.0,8953.8462,99.6585,21.9917
02208,2024,47.4342,23.8631,26.8337,71.4095,5.0416,14.4194,826.0,8880.7692,111.8611,21.5987
02208,2025,47.4342,23.8631,26.8337,71.4095,5.0416,14.4194,826.0,8826.9231,110.0647,22.2358
02208,2026,47.4342,23.8631,26.8337,71.4095,5.0416,14.4194,826.0,8757.6923,110.0647,22.2358
02209,2023,53.6779,35.8847,24.3047,71.2016,12.6459,15.1079,832.0,6336.3636,395.892,31.6813
02209,2024,53.6779,35.8847,24.3047,71.2016,12.6459,15.1079,832.0,6327.2727,385.7899,31.3654
02209,2025,53.6779,35.8847,24.3047,71.2016,12.6459,15.1079,832.0,6322.7273,394.7094,31.7989
02209,2026,53.6779,35.8847,24.3047,71.2016,12.6459,15.1079,832.0,6350.0,394.7094,31.7989
02210,2023,61.0842,26.9641,20.6751,69.8643,13.3654,10.7321,740.0,7671.4286,26.5551,77.5211
02210,2024,61.0842,26.9641,20.6751,69.8643,13.3654,10.7321,740.0,7657.1429,26.9242,79.8438
02210,2025,61.0842,26.9641,20.6751,69.8643,13.3654,10.7321,740.0,7642.8571,27.2545,79.9373
02210,2026,61.0842,26.9641,20.6751,69.8643,13.3654,10.7321,740.0,7825.0,27.2545,79.9373
02301,2023,,,,,,,,8900.0,54.972,41.71
02301,2024,,,,,,,,8800.0,57.2979,42.7825
02301,2025,,,,,,,,8700.0,58.5817,43.3094
02301,2026,,,,,,,,8600.0,58.5817,43.3094
02303,2023,,,,,,,,4750.0,229.3379,0.0
02303,2024,,,,,,,,4600.0,241.6781,0.0
02303,2025,,,,,,,,4450.0,252.8626,0.0
02303,2026,,,,,,,,4300.0,252.8626,0.0
02304,2023,,,,,,,,4950.0,309.9574,0.0
02304,2024,,,,,,,,4900.0,320.6413,0.0
02304,2025,,,,,,,,4850.0,328.6771,0.0
02304,2026,,,,,,,,4800.0,328.6771,0.0
02307,2023,,,,,,,,4542.8571,414.3337,48.0216
02307,2024,,,,,,,,4450.0,430.9006,45.9627
02307,2025,,,,,,,,4357.1429,444.3555,43.8351
02307,2026,,,,,,,,4264.2857,444.3555,43.8351
02321,2023,,,,,,,,11000.0,183.7212,32.424
02321,2024,,,,,,,,10800.0,176.981,32.633
02321,2025,,,,,,,,10600.0,182.2457,33.1452
02321,2026,,,,,,,,10400.0,182.2457,33.1452
02323,2023,,,,,,,,4508.3333,15.1099,11.6896
02323,2024,,,,,,,,4425.0,17.0503,11.509
02323,2025,,,,,,,,4316.6667,17.6393,11.4655
02323,2026,,,,,,,,4208.3333,17.6393,11.4655
02343,2023,,,,,,,,2525.0,196.5409,0.0
02343,2024,,,,,,,,2475.0,201.2882,0.0
02343,2025,,,,,,,,2425.0,206.6116,0.0
02343,2026,,,,,,,,2375.0,206.6116,0.0
02361,2023,,,,,,,,11450.0,200.9878,47.6197
02361,2024,,,,,,,,11592.8571,203.1618,47.7257
02361,2025,,,,,,,,11735.7143,204.8951,47.7622
02361,2026,,,,,,,,11885.7143,204.8951,47.7622
02362,2023,,,,,,,,7633.3333,0.0,56.0773
02362,2024,,,,,,,,7500.0,0.0,57.32
02362,2025,,,,,,,,7366.6667,0.0,57.8302
02362,2026,,,,,,,,7233.3333,0.0,57.8302
02367,2023,,,,,,,,6400.0,35.0452,87.559
02367,2024,,,,,,,,6400.0,35.3645,87.2416
02367,2025,,,,,,,,6400.0,35.9166,87.4016
02367,2026,,,,,,,,6400.0,35.9166,87.4016
02381,2023,,,,,,,,7833.3333,162.8126,59.7924
02381,2024,,,,,,,,7716.6667,166.3319,61.2696
02381,2025,,,,,,,,7616.6667,164.7811,62.4447
02381,2026,,,,,,,,7616.6667,164.7811,62.4447
02384,2023,,,,,,,,9850.0,217.7177,51.6266
02384,2024,,,,,,,,9850.0,222.0143,52.0075
02384,2025,,,,,,,,9850.0,226.1698,52.0277
02384,2026,,,,,,,,9850.0,226.1698,52.0277
02387,2023,,,,,,,,5892.8571,468.0,0.0
02387,2024,,,,,,,,5735.7143,482.1151,0.0
02387,2025,,,,,,,,5571.4286,468.302,0.0
02387,2026,,,,,,,,5442.8571,468.302,0.0
02401,2023,,,,,,,,11700.0,76.1689,0.0
02401,2024,,,,,,,,11550.0,71.5058,0.0
02401,2025,,,,,,,,11400.0,72.5432,0.0
02401,2026,,,,,,,,11250.0,72.5432,0.0
02402,2023,,,,,,,,7740.0,181.8058,34.3517
02402,2024,,,,,,,,7680.0,180.8659,34.4972
02402,2025,,,,,,,,7640.0,181.2473,38.9111
02402,2026,,,,,,,,7600.0,181.2473,38.9111
02405,2023,,,,,,,,5200.0,59.0624,59.21
02405,2024,,,,,,,,5266.6667,59.7349,59.4176
02405,2025,,,,,,,,5366.6667,60.6578,60.3545
02405,2026,,,,,,,,5433.3333,60.6578,60.3545
02406,2023,,,,,,,,5700.0,223.9851,0.0
02406,2024,,,,,,,,5600.0,243.9608,0.0
02406,2025,,,,,,,,5500.0,266.7984,0.0
02406,2026,,,,,,,,5400.0,266.7984,0.0
02408,2023,56.7616,35.7143,27.8008,72.3708,3.2028,10.7309,607.0,6330.0,109.4737,46.1113
02408,2024,56.7616,35.7143,27.8008,72.3708,3.2028,10.7309,607.0,6200.0,111.2878,47.4441
02408,2025,56.7616,35.7143,27.8008,72.3708,3.2028,10.7309,607.0,6110.0,113.7145,48.8785
02408,2026,56.7616,35.7143,27.8008,72.3708,3.2028,10.7309,607.0,6020.0,113.7145,48.8785
02411,2023,,,,,,,,5962.5,312.5632,86.4354
02411,2024,,,,,,,,5800.0,317.3788,86.7913
02411,2025,,,,,,,,5637.5,320.9389,87.5883
02411,2026,,,,,,,,5487.5,320.9389,87.5883
02412,2023,59.2199,13.5593,19.3922,83.353,5.896,4.8504,826.0,10785.7143,118.6521,53.6426
02412,2024,59.2199,13.5593,19.3922,83.353,5.896,4.8504,826.0,11085.7143,119.2938,53.9327
02412,2025,59.2199,13.5593,19.3922,83.353,5.896,4.8504,826.0,11514.2857,119.1327,53.8599
02412,2026,59.2199,13.5593,19.3922,83.353,5.896,4.8504,826.0,12057.1429,119.1327,53.8599
02423,2023,,,,,,,,3800.0,232.0329,56.7967
02423,2024,,,,,,,,3725.0,245.2316,57.4093
02423,2025,,,,,,,,3650.0,243.063,59.7548
02423,2026,,,,,,,,3650.0,243.063,59.7548
02424,2023,,,,,,,,2250.0,165.4567,11.1937
02424,2024,,,,,,,,2200.0,170.7912,11.206
02424,2025,,,,,,,,2150.0,176.4812,11.7774
02424,2026,,,,,,,,2900.0,176.4812,11.7774
02425,2023,,,,,,,,4000.0,355.0296,0.0
02425,2024,,,,,,,,3900.0,370.8282,0.0
02425,2025,,,,,,,,3800.0,360.3604,0.0
02425,2026,,,,,,,,3733.3333,360.3604,0.0
02426,2023,,,,,,,,4300.0,57.6701,59.8616
02426,2024,,,,,,,,4200.0,58.4454,58.9714
02426,2025,,,,,,,,4100.0,61.4251,60.1966
02426,2026,,,,,,,,4566.6667,61.4251,60.1966
02441,2023,,,,,,,,14200.0,219.1452,26.7444
02441,2024,,,,,,,,14100.0,220.5719,26.912
02441,2025,,,,,,,,14000.0,224.7063,27.0902
02441,2026,,,,,,,,13900.0,224.7063,27.0902
02442,2023,65.6566,33.5017,25.8586,63.4064,0.5034,9.1592,429.0,8262.5,126.181,37.0711
02442,2024,65.6566,33.5017,25.8586,63.4064,0.5034,9.1592,429.0,8225.0,129.6876,35.712
02442,2025,65.6566,33.5017,25.8586,63.4064,0.5034,9.1592,429.0,8187.5,132.8099,35.8718
02442,2026,65.6566,33.5017,25.8586,63.4064,0.5034,9.1592,429.0,8100.0,132.8099,35.8718
02443,2023,,,,,,,,6287.5,312.8761,0.0
02443,2024,,,,,,,,6200.0,323.853,0.0
02443,2025,,,,,,,,6112.5,330.6486,0.0
02443,2026,,,,,,,,6025.0,330.6486,0.0
02445,2023,64.6077,38.2304,27.0833,64.7746,5.4817,14.0647,339.0,9700.0,234.0112,20.165
02445,2024,64.6077,38.2304,27.0833,64.7746,5.4817,14.0647,339.0,9612.5,239.9807,20.6129
02445,2025,64.6077,38.2304,27.0833,64.7746,5.4817,14.0647,339.0,9550.0,244.671,20.5684
02445,2026,64.6077,38.2304,27.0833,64.7746,5.4817,14.0647,339.0,9500.0,244.671,20.5684
02446,2023,,,,,,,,7537.5,34.8594,26.7875
02446,2024,,,,,,,,7475.0,35.3301,28.1699
02446,2025,,,,,,,,7450.0,35.8223,28.4111
02446,2026,,,,,,,,7400.0,35.8223,28.4111
02450,2023,,,,,,,,3775.0,140.2081,51.2438
02450,2024,,,,,,,,3700.0,145.6083,48.6613
02450,2025,,,,,,,,3625.0,150.5585,38.9995
02450,2026,,,,,,,,3550.0,150.5585,38.9995
03201,2023,57.5466,17.844,26.8082,72.2485,3.9452,5.7589,1184.0,50775.0,85.8072,89.6911
03201,2024,57.5466,17.844,26.8082,72.2485,3.9452,5.7589,1184.0,52912.5,86.6258,89.5899
03201,2025,57.5466,17.844,26.8082,72.2485,3.9452,5.7589,1184.0,54550.0,87.5198,89.7435
03201,2026,57.5466,17.844,26.8082,72.2485,3.9452,5.7589,1184.0,55962.5,87.5198,89.7435
03202,2023,66.9657,30.6837,31.6437,56.9393,5.3347,13.6364,878.0,19901.5385,313.9181,64.168
03202,2024,66.9657,30.6837,31.6437,56.9393,5.3347,13.6364,878.0,19716.9231,321.7684,64.3089
03202,2025,66.9657,30.6837,31.6437,56.9393,5.3347,13.6364,878.0,19530.7692,330.4698,64.389
03202,2026,66.9657,30.6837,31.6437,56.9393,5.3347,13.6364,878.0,19373.0769,330.4698,64.389
03203,2023,67.631,30.4926,26.9504,53.4793,3.5494,11.1725,944.0,22044.4444,281.7531,43.6464
03203,2024,67.631,30.4926,26.9504,53.4793,3.5494,11.1725,944.0,21680.0,281.6258,44.0097
03203,2025,67.631,30.4926,26.9504,53.4793,3.5494,11.1725,944.0,21266.6667,283.5397,44.8454
03203,2026,67.631,30.4926,26.9504,53.4793,3.5494,11.1725,944.0,20693.3333,283.5397,44.8454
03205,2023,64.4372,29.6112,29.3044,68.297,6.0237,11.3212,894.0,15414.0,100.5574,65.3981
03205,2024,64.4372,29.6112,29.3044,68.297,6.0237,11.3212,894.0,15497.3333,97.1524,65.8397
03205,2025,64.4372,29.6112,29.3044,68.297,6.0237,11.3212,894.0,15668.0,97.3661,66.042
03205,2026,64.4372,29.6112,29.3044,68.297,6.0237,11.3212,894.0,15830.6667,97.3661,66.042
03206,2023,54.0533,16.1247,24.696,69.1242,5.5905,4.7898,1124.0,28841.0,106.2397,70.1921
03206,2024,54.0533,16.1247,24.696,69.1242,5.5905,4.7898,1124.0,29061.0,104.6457,70.3344
03206,2025,54.0533,16.1247,24.696,69.1242,5.5905,4.7898,1124.0,29441.0,102.9751,71.5347
03206,2026,54.0533,16.1247,24.696,69.1242,5.5905,4.7898,1124.0,29831.0,102.9751,71.5347
03207,2023,51.9616,32.72,28.2105,64.3715,3.4976,14.0854,679.0,15325.7143,69.2296,44.1109
03207,2024,51.9616,32.72,28.2105,64.3715,3.4976,14.0854,679.0,14855.7143,70.625,44.1312
03207,2025,51.9616,32.72,28.2105,64.3715,3.4976,14.0854,679.0,14372.8571,72.3988,43.7372
03207,2026,51.9616,32.72,28.2105,64.3715,3.4976,14.0854,679.0,13955.7143,72.3988,43.7372
03208,2023,65.724,38.4174,30.2949,67.7602,5.673,17.5468,748.0,12730.0,168.0102,44.1496
03208,2024,65.724,38.4174,30.2949,67.7602,5.673,17.5468,748.0,12852.0,173.2714,44.1495
03208,2025,65.724,38.4174,30.2949,67.7602,5.673,17.5468,748.0,12852.0,179.2729,44.1538
03208,2026,65.724,38.4174,30.2949,67.7602,5.673,17.5468,748.0,12686.0,179.2729,44.1538
03209,2023,67.1261,33.2276,30.0571,57.0554,6.1357,10.8803,942.0,15656.9231,99.1823,42.4852
03209,2024,67.1261,33.2276,30.0571,57.0554,6.1357,10.8803,942.0,15576.1538,99.577,42.9529
03209,2025,67.1261,33.2276,30.0571,57.0554,6.1357,10.8803,942.0,15552.3077,100.6587,43.5174
03209,2026,67.1261,33.2276,30.0571,57.0554,6.1357,10.8803,942.0,15505.7692,100.6587,43.5174
03210,2023,78.8546,27.5,23.5832,64.1703,1.8786,9.3943,875.0,15775.0,460.7679,26.0657
03210,2024,78.8546,27.5,23.5832,64.1703,1.8786,9.3943,875.0,15575.0,465.2349,25.7551
03210,2025,78.8546,27.5,23.5832,64.1703,1.8786,9.3943,875.0,15350.0,471.961,26.4658
03210,2026,78.8546,27.5,23.5832,64.1703,1.8786,9.3943,875.0,15175.0,471.961,26.4658
03211,2023,65.2174,33.6238,27.6596,51.5942,6.0777,13.5005,917.0,37600.0,499.2816,74.7388
03211,2024,65.2174,33.6238,27.6596,51.5942,6.0777,13.5005,917.0,37133.3333,511.337,74.2927
03211,2025,65.2174,33.6238,27.6596,51.5942,6.0777,13.5005,917.0,36533.3333,521.5318,76.2736
03211,2026,65.2174,33.6238,27.6596,51.5942,6.0777,13.5005,917.0,35716.6667,521.5318,76.2736
03213,2023,58.3838,41.446,28.4759,60.4651,9.6903,12.6214,905.0,16833.3333,144.8007,49.3914
03213,2024,58.3838,41.446,28.4759,60.4651,9.6903,12.6214,905.0,16636.6667,148.8542,49.9331
03213,2025,58.3838,41.446,28.4759,60.4651,9.6903,12.6214,905.0,16435.0,151.0949,50.416
03213,2026,58.3838,41.446,28.4759,60.4651,9.6903,12.6214,905.0,16285.0,151.0949,50.416
03214,2023,61.4078,31.1515,31.9767,74.7879,0.2387,15.4138,815.0,8823.0,158.4984,33.001
03214,2024,61.4078,31.1515,31.9767,74.7879,0.2387,15.4138,815.0,8642.0,161.4205,32.6027
03214,2025,61.4078,31.1515,31.9767,74.7879,0.2387,15.4138,815.0,8467.0,163.9415,32.0635
03214,2026,61.4078,31.1515,31.9767,74.7879,0.2387,15.4138,815.0,8327.0,163.9415,32.0635
03215,2023,62.9585,31.2161,29.2322,66.5058,2.8578,10.3285,883.0,18221.5,88.5947,51.1215
03215,2024,62.9585,31.2161,29.2322,66.5058,2.8578,10.3285,883.0,18122.5,90.1164,51.8183
03215,2025,62.9585,31.2161,29.2322,66.5058,2.8578,10.3285,883.0,18088.0,91.7457,54.5363
03215,2026,62.9585,31.2161,29.2322,66.5058,2.8578,10.3285,883.0,18067.0,91.7457,54.5363
03216,2023,59.9247,15.4071,33.4756,75.0235,2.6654,4.4966,1037.0,32875.0,1.8092,70.4919
03216,2024,59.9247,15.4071,33.4756,75.0235,2.6654,4.4966,1037.0,34637.5,1.8204,70.4294
03216,2025,59.9247,15.4071,33.4756,75.0235,2.6654,4.4966,1037.0,36425.0,1.8378,70.9481
03216,2026,59.9247,15.4071,33.4756,75.0235,2.6654,4.4966,1037.0,37887.5,1.8378,70.9481
03301,2023,62.4016,37.721,29.1572,76.9685,6.2622,10.2439,479.0,11600.0,206.3115,58.3007
03301,2024,62.4016,37.721,29.1572,76.9685,6.2622,10.2439,479.0,11450.0,209.7902,58.3753
03301,2025,62.4016,37.721,29.1572,76.9685,6.2622,10.2439,479.0,11350.0,214.0714,59.98
03301,2026,62.4016,37.721,29.1572,76.9685,6.2622,10.2439,479.0,11300.0,214.0714,59.98
03302,2023,,,,,,,,6860.0,119.4935,0.0
03302,2024,,,,,,,,6676.6667,123.3204,0.0
03302,2025,,,,,,,,6476.6667,126.5823,0.0
03302,2026,,,,,,,,6326.6667,126.5823,0.0
03303,2023,,,,,,,,11950.0,224.182,47.6634
03303,2024,,,,,,,,11375.0,229.7103,49.261
03303,2025,,,,,,,,10855.0,235.6611,46.2485
03303,2026,,,,,,,,10660.0,235.6611,46.2485
03321,2023,64.0,31.1607,24.311,73.3913,1.9591,6.3348,1024.0,34100.0,74.7375,63.6146
03321,2024,64.0,31.1607,24.311,73.3913,1.9591,6.3348,1024.0,36920.0,75.0669,64.1199
03321,2025,64.0,31.1607,24.311,73.3913,1.9591,6.3348,1024.0,37700.0,75.5721,64.7626
03321,2026,64.0,31.1607,24.311,73.3913,1.9591,6.3348,1024.0,38640.0,75.5721,64.7626
03322,2023,61.3153,16.9355,31.4869,67.6015,4.5198,3.9621,1242.0,38462.5,91.0802,82.4953
03322,2024,61.3153,16.9355,31.4869,67.6015,4.5198,3.9621,1242.0,39637.5,91.872,81.9255
03322,2025,61.3153,16.9355,31.4869,67.6015,4.5198,3.9621,1242.0,40225.0,92.5076,83.1728
03322,2026,61.3153,16.9355,31.4869,67.6015,4.5198,3.9621,1242.0,40900.0,92.5076,83.1728
03366,2023,,,,,,,,4102.0,185.1852,69.7531
03366,2024,,,,,,,,4030.0,192.1488,69.7934
03366,2025,,,,,,,,3970.0,199.6137,69.9077
03366,2026,,,,,,,,3900.0,199.6137,69.9077
03381,2023,61.2245,27.2727,28.5714,65.8627,3.8328,9.6124,931.0,21050.0,26.2484,56.7885
03381,2024,61.2245,27.2727,28.5714,65.8627,3.8328,9.6124,931.0,21300.0,26.3453,57.6632
03381,2025,61.2245,27.2727,28.5714,65.8627,3.8328,9.6124,931.0,21550.0,26.4568,58.5092
03381,2026,61.2245,27.2727,28.5714,65.8627,3.8328,9.6124,931.0,22050.0,26.4568,58.5092
03402,2023,,,,,,,,20650.0,293.8659,41.1698
03402,2024,,,,,,,,20300.0,300.3353,41.6096
03402,2025,,,,,,,,19900.0,305.9103,41.4167
03402,2026,,,,,,,,19700.0,305.9103,41.4167
03441,2023,,,,,,,,7073.3333,379.1276,35.1814
03441,2024,,,,,,,,7030.0,390.2844,35.7899
03441,2025,,,,,,,,6980.0,393.0784,36.8725
03441,2026,,,,,,,,6860.0,393.0784,36.8725
03461,2023,,,,,,,,21100.0,711.9327,53.1113
03461,2024,,,,,,,,20433.3333,720.889,55.2246
03461,2025,,,,,,,,19966.6667,734.8456,55.8235
03461,2026,,,,,,,,19600.0,734.8456,55.8235
03482,2023,,,,,,,,24266.6667,374.8447,47.8048
03482,2024,,,,,,,,23600.0,381.3202,49.0169
03482,2025,,,,,,,,22833.3333,391.9446,49.2132
03482,2026,,,,,,,,22166.6667,391.9446,49.2132
03483,2023,,,,,,,,13950.0,356.1974,29.9759
03483,2024,,,,,,,,13550.0,368.2508,29.9453
03483,2025,,,,,,,,13180.0,377.4066,29.9758
03483,2026,,,,,,,,12790.0,377.4066,29.9758
03484,2023,,,,,,,,6636.6667,359.3597,14.0477
03484,2024,,,,,,,,6466.6667,386.2949,13.9402
03484,2025,,,,,,,,6266.6667,422.4377,13.8504
03484,2026,,,,,,,,6070.0,422.4377,13.8504
03485,2023,,,,,,,,9880.0,147.4805,0.0
03485,2024,,,,,,,,9690.0,118.5436,0.0
03485,2025,,,,,,,,9500.0,122.1108,0.0
03485,2026,,,,,,,,9350.0,122.1108,0.0
03501,2023,,,,,,,,13173.3333,133.5419,29.4634
03501,2024,,,,,,,,12486.6667,136.4642,29.4812
03501,2025,,,,,,,,11923.3333,140.3819,29.6446
03501,2026,,,,,,,,11650.0,140.3819,29.6446
03503,2023,,,,,,,,7935.0,322.821,72.3864
03503,2024,,,,,,,,7905.0,327.044,73.4088
03503,2025,,,,,,,,7830.0,333.2479,73.8785
03503,2026,,,,,,,,7770.0,333.2479,73.8785
03506,2023,,,,,,,,7346.6667,246.0391,45.2004
03506,2024,,,,,,,,7073.3333,252.0046,45.3226
03506,2025,,,,,,,,6813.3333,259.6381,45.417
03506,2026,,,,,,,,6640.0,259.6381,45.417
03507,2023,64.3264,45.8175,29.0722,64.7059,0.9488,17.7177,777.0,9710.0,133.5841,31.2431
03507,2024,64.3264,45.8175,29.0722,64.7059,0.9488,17.7177,777.0,9502.0,136.868,31.2072
03507,2025,64.3264,45.8175,29.0722,64.7059,0.9488,17.7177,777.0,9308.0,139.7652,31.6575
03507,2026,64.3264,45.8175,29.0722,64.7059,0.9488,17.7177,777.0,9132.0,139.7652,31.6575
03524,2023,,,,,,,,14466.6667,85.4625,34.8705
03524,2024,,,,,,,,14000.0,138.6861,35.1369
03524,2025,,,,,,,,13400.0,143.3557,35.009
03524,2026,,,,,,,,12900.0,143.3557,35.009
04100,2023,53.1519,14.3655,27.6401,39.7338,4.6808,2.6129,1461.0,121803.2258,110.2778,98.3441
04100,2024,53.1519,14.3655,27.6401,39.7338,4.6808,2.6129,1461.0,130841.9355,110.3847,98.2884
04100,2025,53.1519,14.3655,27.6401,39.7338,4.6808,2.6129,1461.0,139212.9032,111.3855,98.393
04100,2026,53.1519,14.3655,27.6401,39.7338,4.6808,2.6129,1461.0,145492.0635,111.3855,98.393
04202,2023,60.2423,23.3008,24.5836,48.5927,6.733,5.398,993.0,27598.3333,417.7691,71.3262
04202,2024,60.2423,23.3008,24.5836,48.5927,6.733,5.398,993.0,27443.75,423.6477,71.7796
04202,2025,60.2423,23.3008,24.5836,48.5927,6.733,5.398,993.0,27181.6667,429.9078,72.1292
04202,2026,60.2423,23.3008,24.5836,48.5927,6.733,5.398,993.0,26903.3333,429.9078,72.1292
04203,2023,64.4193,24.7036,32.0631,42.4213,10.1387,8.4628,1078.0,37775.0,208.4842,99.0491
04203,2024,64.4193,24.7036,32.0631,42.4213,10.1387,8.4628,1078.0,37725.0,210.1502,99.0952
04203,2025,64.4193,24.7036,32.0631,42.4213,10.1387,8.4628,1078.0,38175.0,211.4991,99.0682
04203,2026,64.4193,24.7036,32.0631,42.4213,10.1387,8.4628,1078.0,38425.0,211.4991,99.0682
04205,2023,70.4838,28.545,31.2933,57.3458,5.7865,10.3363,921.0,16627.2727,435.9705,18.5724
04205,2024,70.4838,28.545,31.2933,57.3458,5.7865,10.3363,921.0,16145.4545,444.9108,18.832
04205,2025,70.4838,28.545,31.2933,57.3458,5.7865,10.3363,921.0,15663.6364,455.595,19.5542
04205,2026,70.4838,28.545,31.2933,57.3458,5.7865,10.3363,921.0,15152.7273,455.595,19.5542
04206,2023,64.9537,27.0888,32.5991,42.2915,4.6721,9.9799,947.0,17355.0,189.2518,68.1838
04206,2024,64.9537,27.0888,32.5991,42.2915,4.6721,9.9799,947.0,17402.5,193.7302,68.2154
04206,2025,64.9537,27.0888,32.5991,42.2915,4.6721,9.9799,947.0,17352.5,197.9129,69.0144
04206,2026,64.9537,27.0888,32.5991,42.2915,4.6721,9.9799,947.0,17105.0,197.9129,69.0144
04207,2023,66.3428,9.9086,28.5075,58.4114,2.7245,2.279,1175.0,75714.2857,110.26,93.2249
04207,2024,66.3428,9.9086,28.5075,58.4114,2.7245,2.279,1175.0,81114.2857,110.1355,93.3768
04207,2025,66.3428,9.9086,28.5075,58.4114,2.7245,2.279,1175.0,85800.0,110.0361,93.4705
04207,2026,66.3428,9.9086,28.5075,58.4114,2.7245,2.279,1175.0,89700.0,110.0361,93.4705
04208,2023,66.4683,26.5797,32.2981,44.4444,7.6923,8.793,932.0,14850.0,168.733,57.549
04208,2024,66.4683,26.5797,32.2981,44.4444,7.6923,8.793,932.0,14750.0,167.5521,58.1788
04208,2025,66.4683,26.5797,32.2981,44.4444,7.6923,8.793,932.0,14650.0,167.3656,58.6195
04208,2026,66.4683,26.5797,32.2981,44.4444,7.6923,8.793,932.0,14550.0,167.3656,58.6195
04209,2023,57.5501,13.9488,27.551,49.1911,4.8202,2.8618,1178.0,63300.0,136.4864,99.6785
04209,2024,57.5501,13.9488,27.551,49.1911,4.8202,2.8618,1178.0,66866.6667,136.8009,99.4538
04209,2025,57.5501,13.9488,27.551,49.1911,4.8202,2.8618,1178.0,72166.6667,137.7621,99.57
04209,2026,57.5501,13.9488,27.551,49.1911,4.8202,2.8618,1178.0,77416.6667,137.7621,99.57
04211,2023,56.7857,16.303,28.8929,48.2143,3.3967,3.0675,1131.0,47975.0,106.7436,93.4282
04211,2024,56.7857,16.303,28.8929,48.2143,3.3967,3.0675,1131.0,50925.0,107.2546,93.6522
04211,2025,56.7857,16.303,28.8929,48.2143,3.3967,3.0675,1131.0,53300.0,108.0279,93.6968
04211,2026,56.7857,16.303,28.8929,48.2143,3.3967,3.0675,1131.0,55125.0,108.0279,93.6968
04212,2023,65.0977,34.1777,28.7841,45.9697,4.9645,9.7618,878.0,10093.5,147.7371,46.4643
04212,2024,65.0977,34.1777,28.7841,45.9697,4.9645,9.7618,878.0,9971.5,149.9905,46.6552
04212,2025,65.0977,34.1777,28.7841,45.9697,4.9645,9.7618,878.0,9852.5,151.5594,46.8277
04212,2026,65.0977,34.1777,28.7841,45.9697,4.9645,9.7618,878.0,9715.0,151.5594,46.8277
04213,2023,69.4954,37.9017,31.0774,48.1193,1.9074,12.9297,850.0,8966.5217,150.5553,48.511
04213,2024,69.4954,37.9017,31.0774,48.1193,1.9074,12.9297,850.0,8854.7826,151.5103,49.3281
04213,2025,69.4954,37.9017,31.0774,48.1193,1.9074,12.9297,850.0,8770.0,155.4909,51.8375
04213,2026,69.4954,37.9017,31.0774,48.1193,1.9074,12.9297,850.0,8686.087,155.4909,51.8375
04214,2023,72.3188,14.2961,26.8891,57.6505,6.6476,4.2383,950.0,32816.6667,380.5339,83.0854
04214,2024,72.3188,14.2961,26.8891,57.6505,6.6476,4.2383,950.0,34083.3333,383.3816,83.7832
04214,2025,72.3188,14.2961,26.8891,57.6505,6.6476,4.2383,950.0,35800.0,371.7492,84.103
04214,2026,72.3188,14.2961,26.8891,57.6505,6.6476,4.2383,950.0,36863.3333,371.7492,84.103
04215,2023,56.5395,23.846,30.003,47.0197,3.0977,7.0172,950.0,19958.0952,145.0847,43.9607
04215,2024,56.5395,23.846,30.003,47.0197,3.0977,7.0172,950.0,20111.9048,144.9392,44.0901
04215,2025,56.5395,23.846,30.003,47.0197,3.0977,7.0172,950.0,20209.5238,151.1042,45.1485
04215,2026,56.5395,23.846,30.003,47.0197,3.0977,7.0172,950.0,20228.5714,151.1042,45.1485
04216,2023,64.8442,10.4586,33.5757,62.9103,1.8677,2.2358,1122.0,40625.0,19.0843,96.6622
04216,2024,64.8442,10.4586,33.5757,62.9103,1.8677,2.2358,1122.0,44750.0,19.0774,96.9953
04216,2025,64.8442,10.4586,33.5757,62.9103,1.8677,2.2358,1122.0,47050.0,19.065,97.0564
04216,2026,64.8442,10.4586,33.5757,62.9103,1.8677,2.2358,1122.0,49450.0,19.065,97.0564
04301,2023,,,,,,,,10900.0,101.2074,50.5771
04301,2024,,,,,,,,10535.0,102.9438,50.6592
04301,2025,,,,,,,,10225.0,104.4339,50.3848
04301,2026,,,,,,,,9900.0,104.4339,50.3848
04302,2023,,,,,,,,3825.0,397.4563,89.7456
04302,2024,,,,,,,,3785.0,538.7755,91.1837
04302,2025,,,,,,,,3740.0,552.3495,89.8599
04302,2026,,,,,,,,3690.0,552.3495,89.8599
04321,2023,63.2272,20.2851,29.2945,46.3227,4.7716,5.1011,1021.0,32366.6667,82.7042,94.6136
04321,2024,63.2272,20.2851,29.2945,46.3227,4.7716,5.1011,1021.0,33333.3333,82.8694,94.3309
04321,2025,63.2272,20.2851,29.2945,46.3227,4.7716,5.1011,1021.0,33866.6667,83.7018,94.4886
04321,2026,63.2272,20.2851,29.2945,46.3227,4.7716,5.1011,1021.0,34033.3333,83.7018,94.4886
04322,2023,,,,,,,,10093.3333,203.1052,63.1677
04322,2024,,,,,,,,9950.0,206.7389,63.5623
04322,2025,,,,,,,,9800.0,211.8989,63.7123
04322,2026,,,,,,,,9620.0,211.8989,63.7123
04323,2023,62.1502,19.0125,28.0476,41.2675,6.8268,6.72,935.0,31500.0,149.3022,81.8214
04323,2024,62.1502,19.0125,28.0476,41.2675,6.8268,6.72,935.0,31500.0,150.0,82.3696
04323,2025,62.1502,19.0125,28.0476,41.2675,6.8268,6.72,935.0,31766.6667,151.9364,83.2595
04323,2026,62.1502,19.0125,28.0476,41.2675,6.8268,6.72,935.0,31766.6667,151.9364,83.2595
04324,2023,,,,,,,,10350.0,143.6157,65.2184
04324,2024,,,,,,,,10070.0,128.1419,65.1552
04324,2025,,,,,,,,9750.0,117.158,65.4951
04324,2026,,,,,,,,9500.0,117.158,65.4951
04341,2023,,,,,,,,9500.0,210.794,37.7625
04341,2024,,,,,,,,9355.0,256.0658,38.6869
04341,2025,,,,,,,,9330.0,263.59,38.9335
04341,2026,,,,,,,,9305.0,263.59,38.9335
04361,2023,68.3087,15.3657,28.7276,59.7701,1.0484,5.3779,815.0,22400.0,203.7872,81.2113
04361,2024,68.3087,15.3657,28.7276,59.7701,1.0484,5.3779,815.0,23150.0,204.3716,82.701
04361,2025,68.3087,15.3657,28.7276,59.7701,1.0484,5.3779,815.0,23500.0,205.9406,81.6299
04361,2026,68.3087,15.3657,28.7276,59.7701,1.0484,5.3779,815.0,23725.0,205.9406,81.6299
04362,2023,,,,,,,,10833.3333,533.8564,58.9545
04362,2024,,,,,,,,11066.6667,541.4288,59.5399
04362,2025,,,,,,,,11300.0,547.8253,60.0333
04362,2026,,,,,,,,11466.6667,547.8253,60.0333
04401,2023,,,,,,,,21466.6667,156.1444,72.0967
04401,2024,,,,,,,,21400.0,158.9606,72.3577
04401,2025,,,,,,,,21333.3333,161.428,73.248
04401,2026,,,,,,,,21500.0,161.428,73.248
04404,2023,73.0594,22.1374,35.6631,51.5982,5.4381,4.4898,856.0,33350.0,117.6862,99.1673
04404,2024,73.0594,22.1374,35.6631,51.5982,5.4381,4.4898,856.0,33350.0,119.1346,99.6235
04404,2025,73.0594,22.1374,35.6631,51.5982,5.4381,4.4898,856.0,33600.0,120.7771,99.3505
04404,2026,73.0594,22.1374,35.6631,51.5982,5.4381,4.4898,856.0,33750.0,120.7771,99.3505
04406,2023,73.265,7.2581,36.7037,62.3028,1.1783,3.9046,1071.0,57175.0,63.4038,95.3254
04406,2024,73.265,7.2581,36.7037,62.3028,1.1783,3.9046,1071.0,62325.0,63.531,95.394
04406,2025,73.265,7.2581,36.7037,62.3028,1.1783,3.9046,1071.0,68250.0,63.5753,95.4382
04406,2026,73.265,7.2581,36.7037,62.3028,1.1783,3.9046,1071.0,74500.0,63.5753,95.4382
04421,2023,63.1977,10.6565,29.8399,63.6364,1.5233,3.3634,1037.0,42100.0,68.1358,88.5198
04421,2024,63.1977,10.6565,29.8399,63.6364,1.5233,3.3634,1037.0,46180.0,68.3021,88.5853
04421,2025,63.1977,10.6565,29.8399,63.6364,1.5233,3.3634,1037.0,50700.0,69.9903,88.9451
04421,2026,63.1977,10.6565,29.8399,63.6364,1.5233,3.3634,1037.0,54460.0,69.9903,88.9451
04422,2023,,,,,,,,6550.0,150.1035,46.9073
04422,2024,,,,,,,,6500.0,152.9536,47.442
04422,2025,,,,,,,,6450.0,155.0802,47.5668
04422,2026,,,,,,,,6400.0,155.0802,47.5668
04424,2023,,,,,,,,12433.3333,407.0796,60.7965
04424,2024,,,,,,,,12500.0,413.0005,60.4238
04424,2025,,,,,,,,13100.0,371.9083,61.1663
04424,2026,,,,,,,,18475.0,371.9083,61.1663
04444,2023,,,,,,,,8063.3333,171.8481,56.4443
04444,2024,,,,,,,,7700.0,175.5786,57.3344
04444,2025,,,,,,,,7350.0,180.2392,56.677
04444,2026,,,,,,,,6993.3333,180.2392,56.677
04445,2023,67.7463,36.2534,30.6321,42.8571,3.836,9.2135,759.0,10087.1429,190.135,71.2409
04445,2024,67.7463,36.2534,30.6321,42.8571,3.836,9.2135,759.0,9670.0,193.2142,71.2326
04445,2025,67.7463,36.2534,30.6321,42.8571,3.836,9.2135,759.0,9270.0,197.4249,71.4402
04445,2026,67.7463,36.2534,30.6321,42.8571,3.836,9.2135,759.0,8814.2857,197.4249,71.4402
04501,2023,65.9449,39.5538,30.3167,41.2574,2.1113,11.2583,896.0,13866.6667,195.5794,45.2713
04501,2024,65.9449,39.5538,30.3167,41.2574,2.1113,11.2583,896.0,11650.0,199.6172,45.4129
04501,2025,65.9449,39.5538,30.3167,41.2574,2.1113,11.2583,896.0,11537.5,204.9267,45.7436
04501,2026,65.9449,39.5538,30.3167,41.2574,2.1113,11.2583,896.0,11450.0,204.9267,45.7436
04505,2023,68.9614,26.3354,30.3977,56.401,6.4057,9.2975,828.0,11864.0,148.6181,47.0
04505,2024,68.9614,26.3354,30.3977,56.401,6.4057,9.2975,828.0,11768.0,150.4635,47.6654
04505,2025,68.9614,26.3354,30.3977,56.401,6.4057,9.2975,828.0,11716.0,152.8958,48.471
04505,2026,68.9614,26.3354,30.3977,56.401,6.4057,9.2975,828.0,11666.0,152.8958,48.471
04581,2023,,,,,,,,22200.0,1603.1428,86.7937
04581,2024,,,,,,,,22100.0,1608.6516,86.3805
04581,2025,,,,,,,,22050.0,1638.5542,86.9019
04581,2026,,,,,,,,22000.0,1638.5542,86.9019
04606,2023,,,,,,,,10140.0,697.888,6.3945
04606,2024,,,,,,,,9920.0,708.5209,6.3716
04606,2025,,,,,,,,9620.0,711.4281,7.5404
04606,2026,,,,,,,,9300.0,711.4281,7.5404
05201,2023,54.5727,20.0583,30.0476,73.4405,9.2041,6.4972,1081.0,34037.6316,79.3424,94.4763
05201,2024,54.5727,20.0583,30.0476,73.4405,9.2041,6.4972,1081.0,34105.8974,80.184,94.9
05201,2025,54.5727,20.0583,30.0476,73.4405,9.2041,6.4972,1081.0,35062.5641,81.1632,95.2974
05201,2026,54.5727,20.0583,30.0476,73.4405,9.2041,6.4972,1081.0,36134.6154,81.1632,95.2974
05202,2023,55.2995,35.0499,31.2952,72.9647,7.2271,14.7174,799.0,11078.5714,178.1047,53.3402
05202,2024,55.2995,35.0499,31.2952,72.9647,7.2271,14.7174,799.0,11014.2857,171.9287,53.9599
05202,2025,55.2995,35.0499,31.2952,72.9647,7.2271,14.7174,799.0,10978.5714,183.5037,54.3886
05202,2026,55.2995,35.0499,31.2952,72.9647,7.2271,14.7174,799.0,10978.5714,183.5037,54.3886
05203,2023,66.1636,34.1875,30.4032,66.6331,4.1046,8.1855,972.0,8718.6957,123.1404,51.0879
05203,2024,66.1636,34.1875,30.4032,66.6331,4.1046,8.1855,972.0,8679.1304,125.8884,51.4287
05203,2025,66.1636,34.1875,30.4032,66.6331,4.1046,8.1855,972.0,8667.3913,127.3877,51.8799
05203,2026,66.1636,34.1875,30.4032,66.6331,4.1046,8.1855,972.0,8654.7826,127.3877,51.8799
05204,2023,59.0444,30.0038,28.3073,72.9617,3.6404,12.0737,1013.0,13501.6667,110.4534,61.4324
05204,2024,59.0444,30.0038,28.3073,72.9617,3.6404,12.0737,1013.0,13529.1667,112.5631,62.5294
05204,2025,59.0444,30.0038,28.3073,72.9617,3.6404,12.0737,1013.0,13648.3333,114.8232,63.4581
05204,2026,59.0444,30.0038,28.3073,72.9617,3.6404,12.0737,1013.0,13675.8333,114.8232,63.4581
05206,2023,56.0,44.6446,31.9196,67.9,6.4293,18.2992,678.0,5950.0,175.113,72.3007
05206,2024,56.0,44.6446,31.9196,67.9,6.4293,18.2992,678.0,5825.0,180.7279,72.7825
05206,2025,56.0,44.6446,31.9196,67.9,6.4293,18.2992,678.0,5732.5,185.8274,73.1835
05206,2026,56.0,44.6446,31.9196,67.9,6.4293,18.2992,678.0,5637.5,185.8274,73.1835
05207,2023,72.0721,33.2175,28.7374,70.9633,4.2641,9.723,773.0,8126.9231,50.3869,44.678
05207,2024,72.0721,33.2175,28.7374,70.9633,4.2641,9.723,773.0,8011.5385,51.5655,45.0889
05207,2025,72.0721,33.2175,28.7374,70.9633,4.2641,9.723,773.0,7926.9231,52.9328,45.3044
05207,2026,72.0721,33.2175,28.7374,70.9633,4.2641,9.723,773.0,7851.5385,52.9328,45.3044
05209,2023,64.0758,38.9943,32.0388,71.4692,7.0291,14.4613,747.0,10830.0,163.3126,46.0963
05209,2024,64.0758,38.9943,32.0388,71.4692,7.0291,14.4613,747.0,10680.0,167.7852,46.0634
05209,2025,64.0758,38.9943,32.0388,71.4692,7.0291,14.4613,747.0,10530.0,171.7832,46.0047
05209,2026,64.0758,38.9943,32.0388,71.4692,7.0291,14.4613,747.0,10410.0,171.7832,46.0047
05210,2023,61.7091,27.9487,30.3187,66.1455,6.9223,9.6517,859.0,11013.6364,104.463,47.0895
05210,2024,61.7091,27.9487,30.3187,66.1455,6.9223,9.6517,859.0,11004.0909,102.617,47.9511
05210,2025,61.7091,27.9487,30.3187,66.1455,6.9223,9.6517,859.0,11001.3636,101.5495,48.0336
05210,2026,61.7091,27.9487,30.3187,66.1455,6.9223,9.6517,859.0,11021.8182,101.5495,48.0336
05211,2023,58.4859,23.0449,31.365,77.1215,4.1296,11.8213,941.0,9821.6667,129.7274,93.8089
05211,2024,58.4859,23.0449,31.365,77.1215,4.1296,11.8213,941.0,9738.3333,130.597,96.2181
05211,2025,58.4859,23.0449,31.365,77.1215,4.1296,11.8213,941.0,9700.0,132.0712,96.3928
05211,2026,58.4859,23.0449,31.365,77.1215,4.1296,11.8213,941.0,9700.0,132.0712,96.3928
05212,2023,64.4775,29.6938,32.0142,73.8752,1.4995,9.9284,901.0,8646.6667,75.6497,49.1697
05212,2024,64.4775,29.6938,32.0142,73.8752,1.4995,9.9284,901.0,8634.7619,76.9875,49.5911
05212,2025,64.4775,29.6938,32.0142,73.8752,1.4995,9.9284,901.0,8649.0476,78.4617,50.0027
05212,2026,64.4775,29.6938,32.0142,73.8752,1.4995,9.9284,901.0,8674.2857,78.4617,50.0027
05213,2023,63.5397,37.4394,28.1564,73.0174,9.8282,12.7808,706.0,6833.0,187.4638,53.0114
05213,2024,63.5397,37.4394,28.1564,73.0174,9.8282,12.7808,706.0,6775.0,183.9781,56.2693
05213,2025,63.5397,37.4394,28.1564,73.0174,9.8282,12.7808,706.0,6720.0,188.6182,56.7507
05213,2026,63.5397,37.4394,28.1564,73.0174,9.8282,12.7808,706.0,6668.0,188.6182,56.7507
05214,2023,65.6442,35.5474,34.5333,70.3067,5.5825,13.1579,700.0,13028.5714,137.1111,69.9787
05214,2024,65.6442,35.5474,34.5333,70.3067,5.5825,13.1579,700.0,12921.4286,138.4499,71.4464
05214,2025,65.6442,35.5474,34.5333,70.3067,5.5825,13.1579,700.0,12878.5714,140.8834,71.9683
05214,2026,65.6442,35.5474,34.5333,70.3067,5.5825,13.1579,700.0,12835.7143,140.8834,71.9683
05215,2023,66.5862,40.9639,29.5423,68.0338,5.8473,12.0,614.0,8297.7778,104.9793,38.1162
05215,2024,66.5862,40.9639,29.5423,68.0338,5.8473,12.0,614.0,8264.4444,107.9213,38.3227
05215,2025,66.5862,40.9639,29.5423,68.0338,5.8473,12.0,614.0,8197.7778,110.241,38.5537
05215,2026,66.5862,40.9639,29.5423,68.0338,5.8473,12.0,614.0,8134.4444,110.241,38.5537
05303,2023,,,,,,,,6775.0,949.2321,76.8131
05303,2024,,,,,,,,6600.0,969.2308,81.033
05303,2025,,,,,,,,6425.0,997.5119,80.7962
05303,2026,,,,,,,,6250.0,997.5119,80.7962
05327,2023,,,,,,,,2660.0,433.7112,49.1868
05327,2024,,,,,,,,2600.0,429.0092,49.0807
05327,2025,,,,,,,,2550.0,449.4382,48.8497
05327,2026,,,,,,,,2510.0,449.4382,48.8497
05346,2023,,,,,,,,3275.0,217.3163,75.7158
05346,2024,,,,,,,,3200.0,223.4835,76.3746
05346,2025,,,,,,,,3125.0,225.783,75.8194
05346,2026,,,,,,,,3050.0,225.783,75.8194
05348,2023,66.6058,42.7007,31.2236,75.8684,13.1532,19.1819,419.0,4228.75,155.7923,72.8029
05348,2024,66.6058,42.7007,31.2236,75.8684,13.1532,19.1819,419.0,4141.25,161.5443,72.736
05348,2025,66.6058,42.7007,31.2236,75.8684,13.1532,19.1819,419.0,4077.5,166.549,72.8864
05348,2026,66.6058,42.7007,31.2236,75.8684,13.1532,19.1819,419.0,4038.75,166.549,72.8864
05349,2023,,,,,,,,4210.0,143.6737,68.7934
05349,2024,,,,,,,,4100.0,147.5956,68.5447
05349,2025,,,,,,,,4000.0,152.8097,69.0437
05349,2026,,,,,,,,3900.0,152.8097,69.0437
05361,2023,,,,,,,,8900.0,156.5301,77.7751
05361,2024,,,,,,,,8716.6667,161.2903,77.4318
05361,2025,,,,,,,,8466.6667,166.3681,78.1674
05361,2026,,,,,,,,7600.0,166.3681,78.1674
05363,2023,,,,,,,,9400.0,217.6339,98.2329
05363,2024,,,,,,,,9150.0,221.7169,97.4607
05363,2025,,,,,,,,8985.0,226.0433,97.9328
05363,2026,,,,,,,,8825.0,226.0433,97.9328
05366,2023,,,,,,,,6525.0,205.1984,96.1924
05366,2024,,,,,,,,6415.0,206.4965,95.4756
05366,2025,,,,,,,,6305.0,214.0967,96.0789
05366,2026,,,,,,,,6215.0,214.0967,96.0789
05368,2023,,,,,,,,8300.0,455.1495,97.8738
05368,2024,,,,,,,,8300.0,514.1129,97.3118
05368,2025,,,,,,,,8300.0,567.0628,97.8268
05368,2026,,,,,,,,8300.0,567.0628,97.8268
05434,2023,79.0393,29.3217,29.6552,78.6026,0.0,1.4737,1072.0,5391.6667,103.3592,20.1935
05434,2024,79.0393,29.3217,29.6552,78.6026,0.0,1.4737,1072.0,5318.3333,103.7519,20.0045
05434,2025,79.0393,29.3217,29.6552,78.6026,0.0,1.4737,1072.0,5248.3333,101.4676,22.4432
05434,2026,79.0393,29.3217,29.6552,78.6026,0.0,1.4737,1072.0,5190.0,101.4676,22.4432
05463,2023,,,,,,,,6125.0,25.6561,45.4992
05463,2024,,,,,,,,5985.0,25.4358,45.7021
05463,2025,,,,,,,,5890.0,20.7119,45.5508
05463,2026,,,,,,,,5795.0,20.7119,45.5508
05464,2023,,,,,,,,3425.0,158.8629,0.0
05464,2024,,,,,,,,3375.0,191.9866,0.0
05464,2025,,,,,,,,3325.0,197.0865,0.0
05464,2026,,,,,,,,3275.0,197.0865,0.0
06201,2023,59.947,19.7704,29.6983,54.6835,6.4494,5.7121,1220.0,56931.5789,79.479,97.4892
06201,2024,59.947,19.7704,29.6983,54.6835,6.4494,5.7121,1220.0,57510.5263,80.1954,97.3579
06201,2025,59.947,19.7704,29.6983,54.6835,6.4494,5.7121,1220.0,57794.7368,80.9183,97.3438
06201,2026,59.947,19.7704,29.6983,54.6835,6.4494,5.7121,1220.0,57952.6316,80.9183,97.3438
06202,2023,58.2004,23.1183,29.4792,57.4984,5.0747,6.5489,1039.0,19530.0,91.1539,64.8216
06202,2024,58.2004,23.1183,29.4792,57.4984,5.0747,6.5489,1039.0,19570.0,90.7197,64.8633
06202,2025,58.2004,23.1183,29.4792,57.4984,5.0747,6.5489,1039.0,19640.0,81.3357,65.6782
06202,2026,58.2004,23.1183,29.4792,57.4984,5.0747,6.5489,1039.0,19705.0,81.3357,65.6782
06203,2023,63.681,35.3788,31.188,58.686,5.5581,10.1296,925.0,15114.7619,68.2736,80.0744
06203,2024,63.681,35.3788,31.188,58.686,5.5581,10.1296,925.0,15091.4286,69.2549,80.751
06203,2025,63.681,35.3788,31.188,58.686,5.5581,10.1296,925.0,15086.1905,70.4183,81.316
06203,2026,63.681,35.3788,31.188,58.686,5.5581,10.1296,925.0,15087.619,70.4183,81.316
06204,2023,61.5364,33.3699,32.9309,58.7129,6.4911,11.5726,946.0,18915.625,80.0862,79.6139
06204,2024,61.5364,33.3699,32.9309,58.7129,6.4911,11.5726,946.0,18963.75,81.429,79.6511
06204,2025,61.5364,33.3699,32.9309,58.7129,6.4911,11.5726,946.0,19047.5,83.0459,79.7411
06204,2026,61.5364,33.3699,32.9309,58.7129,6.4911,11.5726,946.0,19126.25,83.0459,79.7411
06205,2023,62.215,26.9103,33.6374,56.6775,2.203,6.1362,988.0,20200.0,132.4384,56.0526
06205,2024,62.215,26.9103,33.6374,56.6775,2.203,6.1362,988.0,20166.6667,134.51,57.1211
06205,2025,62.215,26.9103,33.6374,56.6775,2.203,6.1362,988.0,20166.6667,136.5799,57.3018
06205,2026,62.215,26.9103,33.6374,56.6775,2.203,6.1362,988.0,20166.6667,136.5799,57.3018
06206,2023,68.9808,22.3208,32.8278,61.2712,0.9326,6.4456,1026.0,25400.0,45.4024,78.2617
06206,2024,68.9808,22.3208,32.8278,61.2712,0.9326,6.4456,1026.0,25433.3333,45.7919,78.6086
06206,2025,68.9808,22.3208,32.8278,61.2712,0.9326,6.4456,1026.0,25466.6667,46.173,78.7224
06206,2026,68.9808,22.3208,32.8278,61.2712,0.9326,6.4456,1026.0,25500.0,46.173,78.7224
06207,2023,68.254,32.1981,32.3129,54.5635,4.2553,12.0521,914.0,21040.0,49.6781,76.0985
06207,2024,68.254,32.1981,32.3129,54.5635,4.2553,12.0521,914.0,20980.0,46.2897,76.467
06207,2025,68.254,32.1981,32.3129,54.5635,4.2553,12.0521,914.0,21020.0,47.1288,76.5988
06207,2026,68.254,32.1981,32.3129,54.5635,4.2553,12.0521,914.0,21060.0,47.1288,76.5988
06208,2023,71.8056,32.4061,33.2817,54.7983,3.8251,9.9282,811.0,15233.3333,78.2656,81.0094
06208,2024,71.8056,32.4061,33.2817,54.7983,3.8251,9.9282,811.0,15100.0,71.7505,81.1655
06208,2025,71.8056,32.4061,33.2817,54.7983,3.8251,9.9282,811.0,15000.0,73.2429,81.5578
06208,2026,71.8056,32.4061,33.2817,54.7983,3.8251,9.9282,811.0,14900.0,73.2429,81.5578
06209,2023,65.4388,32.2792,27.2853,57.3131,1.8085,7.3703,820.0,17200.0,109.1945,58.5654
06209,2024,65.4388,32.2792,27.2853,57.3131,1.8085,7.3703,820.0,17033.3333,111.0619,58.6737
06209,2025,65.4388,32.2792,27.2853,57.3131,1.8085,7.3703,820.0,16933.3333,111.3841,59.0008
06209,2026,65.4388,32.2792,27.2853,57.3131,1.8085,7.3703,820.0,16833.3333,111.3841,59.0008
06210,2023,63.8056,21.8679,30.1527,53.0881,3.3944,4.6747,1046.0,29216.6667,47.5005,98.4996
06210,2024,63.8056,21.8679,30.1527,53.0881,3.3944,4.6747,1046.0,29846.6667,47.8335,98.5386
06210,2025,63.8056,21.8679,30.1527,53.0881,3.3944,4.6747,1046.0,30610.0,48.1696,98.3988
06210,2026,63.8056,21.8679,30.1527,53.0881,3.3944,4.6747,1046.0,31356.6667,48.1696,98.3988
06211,2023,63.4902,19.964,29.6148,57.211,3.8818,6.6225,984.0,23770.0,46.6842,91.8011
06211,2024,63.4902,19.964,29.6148,57.211,3.8818,6.6225,984.0,24633.3333,45.9962,91.9507
06211,2025,63.4902,19.964,29.6148,57.211,3.8818,6.6225,984.0,24700.0,44.5088,92.3663
06211,2026,63.4902,19.964,29.6148,57.211,3.8818,6.6225,984.0,24733.3333,44.5088,92.3663
06212,2023,71.3964,42.9864,38.67,51.5766,2.6549,9.6154,754.0,12500.0,101.1571,36.0285
06212,2024,71.3964,42.9864,38.67,51.5766,2.6549,9.6154,754.0,12380.0,104.3155,36.6105
06212,2025,71.3964,42.9864,38.67,51.5766,2.6549,9.6154,754.0,12273.3333,107.9163,38.4877
06212,2026,71.3964,42.9864,38.67,51.5766,2.6549,9.6154,754.0,12170.0,107.9163,38.4877
06213,2023,67.5073,29.6781,28.3474,55.1891,3.4156,7.8753,869.0,16623.3333,35.5133,67.636
06213,2024,67.5073,29.6781,28.3474,55.1891,3.4156,7.8753,869.0,16570.0,35.9749,68.5593
06213,2025,67.5073,29.6781,28.3474,55.1891,3.4156,7.8753,869.0,16523.3333,28.2078,69.5081
06213,2026,67.5073,29.6781,28.3474,55.1891,3.4156,7.8753,869.0,16550.0,28.2078,69.5081
06301,2023,,,,,,,,24133.3333,36.5364,95.2795
06301,2024,,,,,,,,24166.6667,36.846,95.0111
06301,2025,,,,,,,,24200.0,37.47,95.4137
06301,2026,,,,,,,,24300.0,37.47,95.4137
06302,2023,,,,,,,,18975.0,27.9799,87.4464
06302,2024,,,,,,,,18975.0,28.3286,87.2616
06302,2025,,,,,,,,18950.0,28.6944,87.0684
06302,2026,,,,,,,,18925.0,28.6944,87.0684
06321,2023,77.7975,33.0948,36.2376,60.0355,6.7376,8.2317,951.0,18800.0,99.873,88.7138
06321,2024,77.7975,33.0948,36.2376,60.0355,6.7376,8.2317,951.0,18800.0,101.1765,89.7765
06321,2025,77.7975,33.0948,36.2376,60.0355,6.7376,8.2317,951.0,18866.6667,102.3261,89.9578
06321,2026,77.7975,33.0948,36.2376,60.0355,6.7376,8.2317,951.0,18900.0,102.3261,89.9578
06322,2023,,,,,,,,4940.0,226.178,54.3246
06322,2024,,,,,,,,4883.3333,274.9731,55.3813
06322,2025,,,,,,,,4836.6667,291.0053,55.269
06322,2026,,,,,,,,4790.0,291.0053,55.269
06323,2023,,,,,,,,7363.3333,156.4769,0.0
06323,2024,,,,,,,,7296.6667,161.6936,0.0
06323,2025,,,,,,,,7230.0,167.762,0.0
06323,2026,,,,,,,,7170.0,167.762,0.0
06324,2023,,,,,,,,9070.0,91.5332,51.9585
06324,2024,,,,,,,,8980.0,93.3553,52.2515
06324,2025,,,,,,,,8913.3333,96.29,52.4073
06324,2026,,,,,,,,8853.3333,96.29,52.4073
06341,2023,,,,,,,,9000.0,75.9253,67.8899
06341,2024,,,,,,,,8913.3333,78.3801,67.6682
06341,2025,,,,,,,,8830.0,80.281,67.0513
06341,2026,,,,,,,,8753.3333,80.281,67.0513
06361,2023,,,,,,,,7456.6667,188.7171,40.2931
06361,2024,,,,,,,,7373.3333,195.9571,40.1815
06361,2025,,,,,,,,7290.0,202.5155,40.7163
06361,2026,,,,,,,,7210.0,202.5155,40.7163
06362,2023,,,,,,,,5735.0,119.2766,35.7445
06362,2024,,,,,,,,5685.0,122.2558,35.1913
06362,2025,,,,,,,,5635.0,126.393,35.458
06362,2026,,,,,,,,5590.0,126.393,35.458
06363,2023,,,,,,,,6816.6667,128.9134,47.0636
06363,2024,,,,,,,,6780.0,123.6638,47.6839
06363,2025,,,,,,,,6746.6667,126.5551,48.0266
06363,2026,,,,,,,,6713.3333,126.5551,48.0266
06364,2023,,,,,,,,9110.0,110.4009,25.1307
06364,2024,,,,,,,,9043.3333,114.2685,25.8608
06364,2025,,,,,,,,8950.0,117.2659,25.351
06364,2026,,,,,,,,8856.6667,117.2659,25.351
06365,2023,,,,,,,,4005.0,112.2831,56.6519
06365,2024,,,,,,,,3950.0,116.6078,57.3145
06365,2025,,,,,,,,3905.0,119.5652,57.5362
06365,2026,,,,,,,,3865.0,119.5652,57.5362
06366,2023,,,,,,,,3543.3333,82.666,0.0
06366,2024,,,,,,,,3496.6667,84.9482,0.0
06366,2025,,,,,,,,3450.0,87.4556,0.0
06366,2026,,,,,,,,3403.3333,87.4556,0.0
06367,2023,,,,,,,,3150.0,179.3171,13.5839
06367,2024,,,,,,,,3106.6667,182.5913,12.8814
06367,2025,,,,,,,,3073.3333,181.8182,12.7273
06367,2026,,,,,,,,3040.0,181.8182,12.7273
06381,2023,71.9665,30.0423,33.5394,64.2957,0.4087,4.8568,688.0,15100.0,30.7776,75.3146
06381,2024,71.9665,30.0423,33.5394,64.2957,0.4087,4.8568,688.0,15133.3333,31.3639,75.5592
06381,2025,71.9665,30.0423,33.5394,64.2957,0.4087,4.8568,688.0,15166.6667,31.9159,75.7158
06381,2026,71.9665,30.0423,33.5394,64.2957,0.4087,4.8568,688.0,15200.0,31.9159,75.7158
06382,2023,,,,,,,,8240.0,31.4938,38.945
06382,2024,,,,,,,,8140.0,32.1215,38.9035
06382,2025,,,,,,,,8055.0,32.8726,39.1035
06382,2026,,,,,,,,7980.0,32.8726,39.1035
06401,2023,,,,,,,,11750.0,142.6924,60.6227
06401,2024,,,,,,,,11675.0,146.9497,60.6353
06401,2025,,,,,,,,11600.0,126.9696,60.7618
06401,2026,,,,,,,,11535.0,126.9696,60.7618
06402,2023,,,,,,,,6460.0,39.9749,61.3968
06402,2024,,,,,,,,6430.0,40.7772,66.4108
06402,2025,,,,,,,,6410.0,41.728,66.7158
06402,2026,,,,,,,,6400.0,41.728,66.7158
06403,2023,,,,,,,,4113.3333,125.5743,0.0
06403,2024,,,,,,,,4086.6667,128.1651,0.0
06403,2025,,,,,,,,4066.6667,132.1941,0.0
06403,2026,,,,,,,,4046.6667,132.1941,0.0
06426,2023,,,,,,,,11823.3333,38.9159,64.7533
06426,2024,,,,,,,,11780.0,39.6488,65.0807
06426,2025,,,,,,,,11803.3333,39.9486,65.3731
06426,2026,,,,,,,,11826.6667,39.9486,65.3731
06428,2023,75.1582,39.4945,30.0,59.9684,2.8169,13.7022,707.0,8896.6667,74.8857,78.2681
06428,2024,75.1582,39.4945,30.0,59.9684,2.8169,13.7022,707.0,8933.3333,76.5949,78.4815
06428,2025,75.1582,39.4945,30.0,59.9684,2.8169,13.7022,707.0,8980.0,77.8312,78.7192
06428,2026,75.1582,39.4945,30.0,59.9684,2.8169,13.7022,707.0,9053.3333,77.8312,78.7192
06461,2023,,,,,,,,10333.3333,20.3188,80.7831
06461,2024,,,,,,,,10236.6667,20.8551,80.5246
06461,2025,,,,,,,,10153.3333,21.3869,80.4146
06461,2026,,,,,,,,10070.0,21.3869,80.4146
07201,2023,57.7179,20.6556,30.8668,42.3675,4.9975,5.1791,1137.0,42934.8,151.9886,66.9392
07201,2024,57.7179,20.6556,30.8668,42.3675,4.9975,5.1791,1137.0,43352.4,153.663,67.0257
07201,2025,57.7179,20.6556,30.8668,42.3675,4.9975,5.1791,1137.0,44068.0,155.2605,67.3133
07201,2026,57.7179,20.6556,30.8668,42.3675,4.9975,5.1791,1137.0,44644.4,155.2605,67.3133
07202,2023,59.0687,25.6864,29.2919,48.8027,4.8336,7.9524,994.0,36749.4444,213.8354,69.8363
07202,2024,59.0687,25.6864,29.2919,48.8027,4.8336,7.9524,994.0,36893.3333,216.8171,70.9956
07202,2025,59.0687,25.6864,29.2919,48.8027,4.8336,7.9524,994.0,37009.4444,206.6023,71.6287
07202,2026,59.0687,25.6864,29.2919,48.8027,4.8336,7.9524,994.0,37093.8889,206.6023,71.6287
07203,2023,52.3189,18.3694,29.9029,43.168,5.6723,4.9314,1222.0,51719.4286,115.4382,74.8562
07203,2024,52.3189,18.3694,29.9029,43.168,5.6723,4.9314,1222.0,53958.2857,115.3718,75.4397
07203,2025,52.3189,18.3694,29.9029,43.168,5.6723,4.9314,1222.0,56696.8571,115.7688,76.0381
07203,2026,52.3189,18.3694,29.9029,43.168,5.6723,4.9314,1222.0,59187.4286,115.7688,76.0381
07204,2023,55.3249,23.5763,25.6546,40.2307,5.802,6.6006,1072.0,37954.3103,253.4337,54.5119
07204,2024,55.3249,23.5763,25.6546,40.2307,5.802,6.6006,1072.0,37927.5862,253.6239,54.66
07204,2025,55.3249,23.5763,25.6546,40.2307,5.802,6.6006,1072.0,37821.7241,252.9596,54.6507
07204,2026,55.3249,23.5763,25.6546,40.2307,5.802,6.6006,1072.0,37808.6207,252.9596,54.6507
07205,2023,60.441,24.2561,32.2521,44.6895,2.1286,7.0499,1095.0,16239.0,167.5093,52.3024
07205,2024,60.441,24.2561,32.2521,44.6895,2.1286,7.0499,1095.0,16193.0,170.0392,53.9615
07205,2025,60.441,24.2561,32.2521,44.6895,2.1286,7.0499,1095.0,16181.0,172.3745,54.848
07205,2026,60.441,24.2561,32.2521,44.6895,2.1286,7.0499,1095.0,16128.0,172.3745,54.848
07207,2023,62.7925,19.5569,31.5259,48.9241,8.1775,5.8234,1136.0,23007.1429,139.7486,53.6284
07207,2024,62.7925,19.5569,31.5259,48.9241,8.1775,5.8234,1136.0,23378.5714,140.868,54.2816
07207,2025,62.7925,19.5569,31.5259,48.9241,8.1775,5.8234,1136.0,23878.5714,142.626,55.3896
07207,2026,62.7925,19.5569,31.5259,48.9241,8.1775,5.8234,1136.0,24353.5714,142.626,55.3896
07208,2023,60.1469,35.5361,33.4902,50.9673,3.9667,14.293,812.0,8680.9091,174.3644,36.3326
07208,2024,60.1469,35.5361,33.4902,50.9673,3.9667,14.293,812.0,8566.3636,177.7016,37.2068
07208,2025,60.1469,35.5361,33.4902,50.9673,3.9667,14.293,812.0,8452.7273,181.0703,38.2982
07208,2026,60.1469,35.5361,33.4902,50.9673,3.9667,14.293,812.0,8346.3636,181.0703,38.2982
07209,2023,67.1839,19.6616,36.5532,42.7795,4.1253,9.1975,1005.0,24850.0,229.6507,51.9322
07209,2024,67.1839,19.6616,36.5532,42.7795,4.1253,9.1975,1005.0,24400.0,232.02,52.4359
07209,2025,67.1839,19.6616,36.5532,42.7795,4.1253,9.1975,1005.0,24050.0,234.0287,52.6115
07209,2026,67.1839,19.6616,36.5532,42.7795,4.1253,9.1975,1005.0,23525.0,234.0287,52.6115
07210,2023,66.8475,36.6903,33.3333,40.8252,3.3102,5.3058,984.0,17846.9231,151.0678,37.8494
07210,2024,66.8475,36.6903,33.3333,40.8252,3.3102,5.3058,984.0,17926.9231,152.7417,38.1698
07210,2025,66.8475,36.6903,33.3333,40.8252,3.3102,5.3058,984.0,17992.3077,154.6924,38.7088
07210,2026,66.8475,36.6903,33.3333,40.8252,3.3102,5.3058,984.0,18060.0,154.6924,38.7088
07211,2023,61.8593,40.2609,29.6033,44.3093,5.3219,8.0899,1125.0,7663.8462,259.7478,34.0883
07211,2024,61.8593,40.2609,29.6033,44.3093,5.3219,8.0899,1125.0,7581.5385,263.9881,34.7619
07211,2025,61.8593,40.2609,29.6033,44.3093,5.3219,8.0899,1125.0,7511.5385,267.4186,35.4133
07211,2026,61.8593,40.2609,29.6033,44.3093,5.3219,8.0899,1125.0,7434.6154,267.4186,35.4133
07212,2023,65.3519,23.912,33.6035,46.3229,1.8182,8.5434,1022.0,20431.25,241.278,55.1845
07212,2024,65.3519,23.912,33.6035,46.3229,1.8182,8.5434,1022.0,20110.0,244.092,55.4824
07212,2025,65.3519,23.912,33.6035,46.3229,1.8182,8.5434,1022.0,19751.25,246.7099,55.6729
07212,2026,65.3519,23.912,33.6035,46.3229,1.8182,8.5434,1022.0,19380.0,246.7099,55.6729
07213,2023,69.5243,31.9244,34.3657,45.2428,5.2221,7.499,927.0,17042.5,113.7983,38.2727
07213,2024,69.5243,31.9244,34.3657,45.2428,5.2221,7.499,927.0,17154.375,116.615,38.6098
07213,2025,69.5243,31.9244,34.3657,45.2428,5.2221,7.499,927.0,17214.375,113.2204,38.9735
07213,2026,69.5243,31.9244,34.3657,45.2428,5.2221,7.499,927.0,17204.375,113.2204,38.9735
07214,2023,63.0698,21.4684,31.0012,48.9777,0.9919,7.3286,1000.0,16891.6667,150.2103,49.4726
07214,2024,63.0698,21.4684,31.0012,48.9777,0.9919,7.3286,1000.0,16783.3333,149.0687,50.335
07214,2025,63.0698,21.4684,31.0012,48.9777,0.9919,7.3286,1000.0,16765.0,148.4249,50.451
07214,2026,63.0698,21.4684,31.0012,48.9777,0.9919,7.3286,1000.0,16916.6667,148.4249,50.451
07301,2023,,,,,,,,20466.6667,147.8315,48.6508
07301,2024,,,,,,,,20416.6667,144.7964,49.7828
07301,2025,,,,,,,,20400.0,146.1054,50.2694
07301,2026,,,,,,,,20410.0,146.1054,50.2694
07303,2023,,,,,,,,20750.0,280.9524,48.6071
07303,2024,,,,,,,,20650.0,291.3568,49.4941
07303,2025,,,,,,,,20550.0,291.538,49.4626
07303,2026,,,,,,,,20450.0,291.538,49.4626
07308,2023,,,,,,,,14316.6667,256.7319,0.0
07308,2024,,,,,,,,14126.6667,257.5511,0.0
07308,2025,,,,,,,,13873.3333,247.1083,0.0
07308,2026,,,,,,,,13616.6667,247.1083,0.0
07322,2023,,,,,,,,14150.0,76.4666,0.0
07322,2024,,,,,,,,14426.6667,76.275,0.0
07322,2025,,,,,,,,14610.0,75.9896,0.0
07322,2026,,,,,,,,14760.0,75.9896,0.0
07342,2023,,,,,,,,15083.3333,128.4814,79.5308
07342,2024,,,,,,,,15476.6667,129.4628,79.4789
07342,2025,,,,,,,,15940.0,130.3011,79.7993
07342,2026,,,,,,,,16410.0,130.3011,79.7993
07344,2023,,,,,,,,7166.6667,49.0196,0.0
07344,2024,,,,,,,,7050.0,49.571,0.0
07344,2025,,,,,,,,6933.3333,50.2804,0.0
07344,2026,,,,,,,,6800.0,50.2804,0.0
07362,2023,,,,,,,,7287.5,195.1981,0.0
07362,2024,,,,,,,,7175.0,200.5616,0.0
07362,2025,,,,,,,,7075.0,208.6811,0.0
07362,2026,,,,,,,,6980.0,208.6811,0.0
07364,2023,,,,,,,,5150.0,690.9789,96.929
07364,2024,,,,,,,,5150.0,715.7058,96.8191
07364,2025,,,,,,,,5150.0,785.124,98.9669
07364,2026,,,,,,,,5150.0,785.124,98.9669
07367,2023,,,,,,,,5336.6667,345.8723,0.0
07367,2024,,,,,,,,5200.0,357.8892,0.0
07367,2025,,,,,,,,5066.6667,365.8537,0.0
07367,2026,,,,,,,,4926.6667,365.8537,0.0
07368,2023,,,,,,,,8011.4286,198.9278,36.9568
07368,2024,,,,,,,,7898.5714,204.6166,37.0786
07368,2025,,,,,,,,7747.1429,209.0044,37.5684
07368,2026,,,,,,,,7595.7143,209.0044,37.5684
07402,2023,,,,,,,,4850.0,234.0597,84.4633
07402,2024,,,,,,,,4795.0,255.4594,84.4664
07402,2025,,,,,,,,4725.0,258.9808,85.0459
07402,2026,,,,,,,,4650.0,258.9808,85.0459
07405,2023,,,,,,,,7050.0,280.9975,39.0235
07405,2024,,,,,,,,6833.3333,287.7698,39.3885
07405,2025,,,,,,,,6720.0,295.858,39.4046
07405,2026,,,,,,,,6563.3333,295.858,39.4046
07407,2023,,,,,,,,6767.5,316.2055,58.8933
07407,2024,,,,,,,,6745.0,318.8854,59.1022
07407,2025,,,,,,,,6725.0,326.8804,63.218
07407,2026,,,,,,,,6705.0,326.8804,63.218
07408,2023,,,,,,,,13775.0,258.6535,55.9452
07408,2024,,,,,,,,13625.0,264.88,55.9131
07408,2025,,,,,,,,13487.5,269.2798,56.015
07408,2026,,,,,,,,13355.0,269.2798,56.015
07421,2023,65.8203,33.2031,29.3023,52.6419,7.0209,12.4595,738.0,11550.0,272.0444,28.7744
07421,2024,65.8203,33.2031,29.3023,52.6419,7.0209,12.4595,738.0,11460.0,276.2507,29.0544
07421,2025,65.8203,33.2031,29.3023,52.6419,7.0209,12.4595,738.0,11350.0,282.7601,30.8152
07421,2026,65.8203,33.2031,29.3023,52.6419,7.0209,12.4595,738.0,11210.0,282.7601,30.8152
07422,2023,,,,,,,,8185.0,169.2158,61.601
07422,2024,,,,,,,,8120.0,170.4918,59.1803
07422,2025,,,,,,,,8070.0,174.4966,61.5772
07422,2026,,,,,,,,8015.0,174.4966,61.5772
07423,2023,,,,,,,,5896.6667,512.8205,43.0966
07423,2024,,,,,,,,5816.6667,520.7624,44.0436
07423,2025,,,,,,,,5726.6667,538.5428,44.7026
07423,2026,,,,,,,,5650.0,538.5428,44.7026
07444,2023,,,,,,,,3716.6667,466.761,0.0
07444,2024,,,,,,,,3643.3333,478.2609,0.0
07444,2025,,,,,,,,3583.3333,497.3625,0.0
07444,2026,,,,,,,,3523.3333,497.3625,0.0
07445,2023,,,,,,,,3710.0,233.2038,9.8834
07445,2024,,,,,,,,3590.0,263.8967,9.9382
07445,2025,,,,,,,,3436.6667,268.725,10.1201
07445,2026,,,,,,,,3310.0,268.725,10.1201
07446,2023,,,,,,,,3056.6667,411.5587,59.7198
07446,2024,,,,,,,,3006.6667,419.6429,62.4107
07446,2025,,,,,,,,2976.6667,433.1797,62.0276
07446,2026,,,,,,,,2946.6667,433.1797,62.0276
07447,2023,74.7967,42.5081,33.506,54.9593,1.461,13.9355,907.0,11944.4444,197.9519,46.6955
07447,2024,74.7967,42.5081,33.506,54.9593,1.461,13.9355,907.0,11836.6667,197.5602,46.8639
07447,2025,74.7967,42.5081,33.506,54.9593,1.461,13.9355,907.0,11728.8889,203.6761,47.127
07447,2026,74.7967,42.5081,33.506,54.9593,1.461,13.9355,907.0,11582.2222,203.6761,47.127
07461,2023,59.3955,16.0526,23.4155,53.6842,7.25,4.8017,1170.0,14596.6667,89.088,78.9191
07461,2024,59.3955,16.0526,23.4155,53.6842,7.25,4.8017,1170.0,14596.6667,88.3185,79.2232
07461,2025,59.3955,16.0526,23.4155,53.6842,7.25,4.8017,1170.0,14730.0,87.7959,79.8215
07461,2026,59.3955,16.0526,23.4155,53.6842,7.25,4.8017,1170.0,14850.0,87.7959,79.8215
07464,2023,,,,,,,,10533.3333,111.2006,0.0
07464,2024,,,,,,,,10366.6667,114.0065,0.0
07464,2025,,,,,,,,10216.6667,114.9048,0.0
07464,2026,,,,,,,,10066.6667,114.9048,0.0
07465,2023,,,,,,,,8033.3333,139.9177,0.0
07465,2024,,,,,,,,7950.0,141.0203,0.0
07465,2025,,,,,,,,7866.6667,143.7025,0.0
07465,2026,,,,,,,,7783.3333,143.7025,0.0
07466,2023,64.2361,25.1309,33.049,48.5269,5.4422,5.8394,930.0,15283.3333,235.2594,65.0472
07466,2024,64.2361,25.1309,33.049,48.5269,5.4422,5.8394,930.0,15433.3333,235.4816,67.1565
07466,2025,64.2361,25.1309,33.049,48.5269,5.4422,5.8394,930.0,15466.6667,235.0211,69.9411
07466,2026,64.2361,25.1309,33.049,48.5269,5.4422,5.8394,930.0,15650.0,235.0211,69.9411
07481,2023,,,,,,,,10123.3333,146.1173,31.5885
07481,2024,,,,,,,,10020.0,147.5674,31.9345
07481,2025,,,,,,,,9883.3333,148.5652,33.6148
07481,2026,,,,,,,,9780.0,148.5652,33.6148
07482,2023,,,,,,,,10646.6667,203.6622,0.0
07482,2024,,,,,,,,10226.6667,207.9756,0.0
07482,2025,,,,,,,,9800.0,211.8562,0.0
07482,2026,,,,,,,,9410.0,211.8562,0.0
07483,2023,,,,,,,,12727.5,228.1879,34.521
07483,2024,,,,,,,,12462.5,234.3652,34.9668
07483,2025,,,,,,,,12225.0,239.0999,34.8293
07483,2026,,,,,,,,11992.5,239.0999,34.8293
07484,2023,,,,,,,,5166.6667,280.2506,0.0
07484,2024,,,,,,,,5106.6667,285.7143,0.0
07484,2025,,,,,,,,4950.0,298.6648,0.0
07484,2026,,,,,,,,4800.0,298.6648,0.0
07501,2023,,,,,,,,15127.5,171.3638,0.0
07501,2024,,,,,,,,15130.0,172.1406,0.0
07501,2025,,,,,,,,15057.5,172.1107,0.0
07501,2026,,,,,,,,15035.0,172.1107,0.0
07502,2023,,,,,,,,9933.3333,297.8454,0.0
07502,2024,,,,,,,,9883.3333,303.6666,0.0
07502,2025,,,,,,,,9866.6667,310.7438,0.0
07502,2026,,,,,,,,9833.3333,310.7438,0.0
07503,2023,,,,,,,,7540.0,266.6667,0.0
07503,2024,,,,,,,,7456.6667,266.6909,0.0
07503,2025,,,,,,,,7373.3333,274.6637,0.0
07503,2026,,,,,,,,7280.0,274.6637,0.0
07504,2023,,,,,,,,10343.3333,339.238,44.5689
07504,2024,,,,,,,,10193.3333,344.3012,45.675
07504,2025,,,,,,,,10043.3333,351.0896,46.247
07504,2026,,,,,,,,9933.3333,351.0896,46.247
07505,2023,,,,,,,,6360.0,175.9531,0.0
07505,2024,,,,,,,,6216.6667,180.4511,0.0
07505,2025,,,,,,,,6100.0,185.9641,0.0
07505,2026,,,,,,,,6033.3333,185.9641,0.0
07521,2023,68.0,27.193,28.2732,54.2609,3.7351,7.6696,779.0,14912.5,190.43,18.758
07521,2024,68.0,27.193,28.2732,54.2609,3.7351,7.6696,779.0,14725.0,192.4963,18.6488
07521,2025,68.0,27.193,28.2732,54.2609,3.7351,7.6696,779.0,14487.5,194.0299,18.551
07521,2026,68.0,27.193,28.2732,54.2609,3.7351,7.6696,779.0,14275.0,194.0299,18.551
07522,2023,,,,,,,,12262.5,302.8025,0.0
07522,2024,,,,,,,,12075.0,304.6634,0.0
07522,2025,,,,,,,,11875.0,312.5,0.0
07522,2026,,,,,,,,11750.0,312.5,0.0
07541,2023,,,,,,,,19100.0,485.8733,68.0437
07541,2024,,,,,,,,19075.0,492.6215,67.4913
07541,2025,,,,,,,,19050.0,500.9932,68.1969
07541,2026,,,,,,,,18925.0,500.9932,68.1969
07542,2023,,,,,,,,12616.6667,463.2972,94.8105
07542,2024,,,,,,,,12550.0,464.5062,92.9475
07542,2025,,,,,,,,12483.3333,469.6521,93.3687
07542,2026,,,,,,,,12300.0,469.6521,93.3687
07543,2023,,,,,,,,16150.0,170.4158,53.0249
07543,2024,,,,,,,,16150.0,173.6714,52.6485
07543,2025,,,,,,,,13850.0,176.7409,52.5804
07543,2026,,,,,,,,13700.0,176.7409,52.5804
07544,2023,,,,,,,,3786.6667,612.8487,0.0
07544,2024,,,,,,,,3760.0,625.8206,0.0
07544,2025,,,,,,,,3690.0,640.3941,0.0
07544,2026,,,,,,,,3636.6667,640.3941,0.0
07545,2023,,,,,,,,,163.9672,0.0
07545,2024,,,,,,,,,181.8182,0.0
07545,2025,,,,,,,,,182.0193,65.5672
07545,2026,,,,,,,,10700.0,182.0193,65.5672
07546,2023,,,,,,,,,14.443,1.6248
07546,2024,,,,,,,,,40.4709,2.2075
07546,2025,,,,,,,,,56.6679,3.4379
07546,2026,,,,,,,,,56.6679,3.4379
07547,2023,,,,,,,,16933.3333,135.3432,37.7806
07547,2024,,,,,,,,16966.6667,139.0536,37.762
07547,2025,,,,,,,,17000.0,144.2045,57.4221
07547,2026,,,,,,,,17066.6667,144.2045,57.4221
07548,2023,,,,,,,,3365.0,1308.3397,0.0
07548,2024,,,,,,,,3365.0,1343.2836,0.0
07548,2025,,,,,,,,3365.0,1406.25,0.0
07548,2026,,,,,,,,3365.0,1406.25,0.0
07561,2023,,,,,,,,16275.0,383.6185,48.3281
07561,2024,,,,,,,,16050.0,365.3872,48.0939
07561,2025,,,,,,,,15865.0,372.0618,47.9516
07561,2026,,,,,,,,15677.5,372.0618,47.9516
07564,2023,,,,,,,,4583.3333,246.6833,0.0
07564,2024,,,,,,,,4523.3333,253.9479,0.0
07564,2025,,,,,,,,4483.3333,264.0923,0.0
07564,2026,,,,,,,,4443.3333,264.0923,0.0
08201,2023,52.7619,17.6669,22.1771,35.016,6.4304,6.6447,1211.0,46194.4444,132.6618,80.4437
08201,2024,52.7619,17.6669,22.1771,35.016,6.4304,6.6447,1211.0,46188.8889,132.7913,80.5664
08201,2025,52.7619,17.6669,22.1771,35.016,6.4304,6.6447,1211.0,46269.4444,133.4744,80.7845
08201,2026,52.7619,17.6669,22.1771,35.016,6.4304,6.6447,1211.0,46313.8889,133.4744,80.7845
08202,2023,56.2971,26.1872,28.7998,32.1913,9.0814,5.6581,1081.0,34537.037,241.5997,97.7106
08202,2024,56.2971,26.1872,28.7998,32.1913,9.0814,5.6581,1081.0,34540.7407,242.168,97.5018
08202,2025,56.2971,26.1872,28.7998,32.1913,9.0814,5.6581,1081.0,34451.8519,245.8881,97.5851
08202,2026,56.2971,26.1872,28.7998,32.1913,9.0814,5.6581,1081.0,34362.963,245.8881,97.5851
08203,2023,48.9032,19.1622,28.0138,32.4262,2.927,4.2122,1140.0,32242.9167,84.7841,88.0935
08203,2024,48.9032,19.1622,28.0138,32.4262,2.927,4.2122,1140.0,32438.75,83.7494,88.124
08203,2025,48.9032,19.1622,28.0138,32.4262,2.927,4.2122,1140.0,32659.5833,83.7742,87.893
08203,2026,48.9032,19.1622,28.0138,32.4262,2.927,4.2122,1140.0,32976.25,83.7742,87.893
08204,2023,57.531,17.2625,28.7237,36.4448,4.087,7.6149,1018.0,38318.75,23.1273,61.0504
08204,2024,57.531,17.2625,28.7237,36.4448,4.087,7.6149,1018.0,38668.75,23.203,61.2802
08204,2025,57.531,17.2625,28.7237,36.4448,4.087,7.6149,1018.0,38893.75,23.317,61.509
08204,2026,57.531,17.2625,28.7237,36.4448,4.087,7.6149,1018.0,39106.25,23.317,61.509
08205,2023,58.2128,27.863,28.1801,35.7672,4.034,9.3679,986.0,19639.0909,82.014,57.4697
08205,2024,58.2128,27.863,28.1801,35.7672,4.034,9.3679,986.0,19638.1818,82.1347,58.1254
08205,2025,58.2128,27.863,28.1801,35.7672,4.034,9.3679,986.0,19647.2727,82.6458,58.9688
08205,2026,58.2128,27.863,28.1801,35.7672,4.034,9.3679,986.0,19777.2727,82.6458,58.9688
08207,2023,62.8062,25.1811,29.8476,41.4811,3.7447,7.199,980.0,28383.3333,65.7411,58.5295
08207,2024,62.8062,25.1811,29.8476,41.4811,3.7447,7.199,980.0,28350.0,66.2848,59.2679
08207,2025,62.8062,25.1811,29.8476,41.4811,3.7447,7.199,980.0,28366.6667,66.8309,59.8167
08207,2026,62.8062,25.1811,29.8476,41.4811,3.7447,7.199,980.0,28366.6667,66.8309,59.8167
08208,2023,58.9902,10.876,35.3348,35.5259,6.3275,4.5033,1030.0,30516.6667,22.1598,84.5897
08208,2024,58.9902,10.876,35.3348,35.5259,6.3275,4.5033,1030.0,30766.6667,22.249,84.8111
08208,2025,58.9902,10.876,35.3348,35.5259,6.3275,4.5033,1030.0,31300.0,22.4248,84.8739
08208,2026,58.9902,10.876,35.3348,35.5259,6.3275,4.5033,1030.0,32441.6667,22.4248,84.8739
08210,2023,63.4931,20.6897,30.3647,37.4918,2.2627,6.8133,1016.0,16636.0,35.3615,33.3435
08210,2024,63.4931,20.6897,30.3647,37.4918,2.2627,6.8133,1016.0,16570.0,35.4845,33.4595
08210,2025,63.4931,20.6897,30.3647,37.4918,2.2627,6.8133,1016.0,16510.0,35.654,34.8863
08210,2026,63.4931,20.6897,30.3647,37.4918,2.2627,6.8133,1016.0,16450.0,35.654,34.8863
08211,2023,61.2118,22.6598,28.1818,35.8473,1.0374,6.3622,893.0,22700.0,41.2592,31.0126
08211,2024,61.2118,22.6598,28.1818,35.8473,1.0374,6.3622,893.0,22742.8571,41.5168,32.2099
08211,2025,61.2118,22.6598,28.1818,35.8473,1.0374,6.3622,893.0,22900.0,41.7519,32.3982
08211,2026,61.2118,22.6598,28.1818,35.8473,1.0374,6.3622,893.0,23085.7143,41.7519,32.3982
08212,2023,66.9681,32.7727,33.9988,35.7257,1.3684,10.9479,842.0,15787.1429,105.7609,48.229
08212,2024,66.9681,32.7727,33.9988,35.7257,1.3684,10.9479,842.0,15764.2857,103.7222,48.6776
08212,2025,66.9681,32.7727,33.9988,35.7257,1.3684,10.9479,842.0,15740.0,105.8418,49.1593
08212,2026,66.9681,32.7727,33.9988,35.7257,1.3684,10.9479,842.0,15715.7143,105.8418,49.1593
08214,2023,56.048,25.5014,25.7631,34.2567,2.0591,9.2873,994.0,22600.0,233.7527,90.8211
08214,2024,56.048,25.5014,25.7631,34.2567,2.0591,9.2873,994.0,22500.0,238.6472,91.0279
08214,2025,56.048,25.5014,25.7631,34.2567,2.0591,9.2873,994.0,22400.0,243.7037,90.5817
08214,2026,56.048,25.5014,25.7631,34.2567,2.0591,9.2873,994.0,22266.6667,243.7037,90.5817
08215,2023,57.4239,30.305,26.4992,32.9106,7.5564,9.0211,864.0,19600.0,233.7869,10.5023
08215,2024,57.4239,30.305,26.4992,32.9106,7.5564,9.0211,864.0,19550.0,237.2599,10.8129
08215,2025,57.4239,30.305,26.4992,32.9106,7.5564,9.0211,864.0,19500.0,240.6658,11.1211
08215,2026,57.4239,30.305,26.4992,32.9106,7.5564,9.0211,864.0,19500.0,240.6658,11.1211
08216,2023,57.2698,24.3921,28.2363,38.7131,1.9635,10.0694,891.0,21100.0,47.5694,47.2116
08216,2024,57.2698,24.3921,28.2363,38.7131,1.9635,10.0694,891.0,21025.0,47.4154,47.8048
08216,2025,57.2698,24.3921,28.2363,38.7131,1.9635,10.0694,891.0,20956.25,47.8179,48.1844
08216,2026,57.2698,24.3921,28.2363,38.7131,1.9635,10.0694,891.0,20925.0,47.8179,48.1844
08217,2023,61.0381,24.1716,34.1434,30.893,3.7666,6.8473,1115.0,41583.3333,25.5634,76.8524
08217,2024,61.0381,24.1716,34.1434,30.893,3.7666,6.8473,1115.0,41450.0,25.1868,77.5658
08217,2025,61.0381,24.1716,34.1434,30.893,3.7666,6.8473,1115.0,41675.0,25.2191,79.6188
08217,2026,61.0381,24.1716,34.1434,30.893,3.7666,6.8473,1115.0,42216.6667,25.2191,79.6188
08219,2023,60.2324,13.2163,29.8771,37.8612,2.3229,4.5455,1223.0,47788.8889,31.5566,88.0298
08219,2024,60.2324,13.2163,29.8771,37.8612,2.3229,4.5455,1223.0,48644.4444,31.6347,88.1168
08219,2025,60.2324,13.2163,29.8771,37.8612,2.3229,4.5455,1223.0,50911.1111,31.7347,88.1997
08219,2026,60.2324,13.2163,29.8771,37.8612,2.3229,4.5455,1223.0,53977.7778,31.7347,88.1997
08220,2023,51.4403,11.6161,22.1816,38.2324,2.4155,4.1152,1383.0,71491.6667,32.7119,86.1488
08220,2024,51.4403,11.6161,22.1816,38.2324,2.4155,4.1152,1383.0,77314.4737,32.322,86.2312
08220,2025,51.4403,11.6161,22.1816,38.2324,2.4155,4.1152,1383.0,82716.3158,31.583,86.727
08220,2026,51.4403,11.6161,22.1816,38.2324,2.4155,4.1152,1383.0,91481.5789,31.583,86.727
08221,2023,59.9231,17.8252,26.2227,39.09,4.1908,4.7468,1185.0,34086.9565,111.4201,64.6601
08221,2024,59.9231,17.8252,26.2227,39.09,4.1908,4.7468,1185.0,34113.0435,109.5261,65.1481
08221,2025,59.9231,17.8252,26.2227,39.09,4.1908,4.7468,1185.0,34139.1304,110.3158,66.1959
08221,2026,59.9231,17.8252,26.2227,39.09,4.1908,4.7468,1185.0,34195.6522,110.3158,66.1959
08222,2023,57.5255,18.2195,26.0656,32.6792,5.0193,7.872,1045.0,20193.3333,40.74,51.702
08222,2024,57.5255,18.2195,26.0656,32.6792,5.0193,7.872,1045.0,20214.1667,41.0353,52.51
08222,2025,57.5255,18.2195,26.0656,32.6792,5.0193,7.872,1045.0,20275.0,41.4002,53.0537
08222,2026,57.5255,18.2195,26.0656,32.6792,5.0193,7.872,1045.0,20380.0,41.4002,53.0537
08223,2023,54.6251,25.5382,31.9071,30.6043,7.9022,7.074,980.0,12238.3333,63.2205,74.8234
08223,2024,54.6251,25.5382,31.9071,30.6043,7.9022,7.074,980.0,12158.3333,61.0055,75.3869
08223,2025,54.6251,25.5382,31.9071,30.6043,7.9022,7.074,980.0,12103.3333,62.0975,75.8625
08223,2026,54.6251,25.5382,31.9071,30.6043,7.9022,7.074,980.0,12050.0,62.0975,75.8625
08224,2023,64.0073,5.9489,30.6583,43.3309,2.2906,2.422,1266.0,90442.8571,9.3731,99.1862
08224,2024,64.0073,5.9489,30.6583,43.3309,2.2906,2.422,1266.0,95600.0,9.3406,99.1848
08224,2025,64.0073,5.9489,30.6583,43.3309,2.2906,2.422,1266.0,102028.5714,9.3089,99.2426
08224,2026,64.0073,5.9489,30.6583,43.3309,2.2906,2.422,1266.0,112471.4286,9.3089,99.2426
08225,2023,59.7594,29.5725,26.5697,36.4061,2.6212,11.2868,864.0,11195.0,160.2743,30.4343
08225,2024,59.7594,29.5725,26.5697,36.4061,2.6212,11.2868,864.0,11158.3333,163.2009,32.4203
08225,2025,59.7594,29.5725,26.5697,36.4061,2.6212,11.2868,864.0,11121.6667,166.6623,33.3826
08225,2026,59.7594,29.5725,26.5697,36.4061,2.6212,11.2868,864.0,11108.3333,166.6623,33.3826
08226,2023,62.3889,20.5472,29.0285,44.0059,1.2512,6.8358,1099.0,20085.7143,50.521,57.8614
08226,2024,62.3889,20.5472,29.0285,44.0059,1.2512,6.8358,1099.0,20107.1429,50.8402,58.7709
08226,2025,62.3889,20.5472,29.0285,44.0059,1.2512,6.8358,1099.0,20145.7143,51.1596,59.3413
08226,2026,62.3889,20.5472,29.0285,44.0059,1.2512,6.8358,1099.0,20207.1429,51.1596,59.3413
08227,2023,55.7517,24.1917,28.1806,36.2207,3.3512,7.6199,1006.0,22203.5714,60.3311,33.7136
08227,2024,55.7517,24.1917,28.1806,36.2207,3.3512,7.6199,1006.0,22892.8571,57.912,33.7578
08227,2025,55.7517,24.1917,28.1806,36.2207,3.3512,7.6199,1006.0,22860.7143,57.4125,33.9375
08227,2026,55.7517,24.1917,28.1806,36.2207,3.3512,7.6199,1006.0,22821.4286,57.4125,33.9375
08228,2023,62.5216,23.1196,27.6325,37.1544,1.4021,6.3266,866.0,19616.6667,33.8152,37.7629
08228,2024,62.5216,23.1196,27.6325,37.1544,1.4021,6.3266,866.0,20000.0,34.0045,38.2952
08228,2025,62.5216,23.1196,27.6325,37.1544,1.4021,6.3266,866.0,19950.0,34.1369,38.498
08228,2026,62.5216,23.1196,27.6325,37.1544,1.4021,6.3266,866.0,19916.6667,34.1369,38.498
08229,2023,53.1673,27.4035,30.9375,29.6296,2.0935,11.5003,641.0,8383.75,57.5866,46.7311
08229,2024,53.1673,27.4035,30.9375,29.6296,2.0935,11.5003,641.0,8292.5,58.1025,47.0498
08229,2025,53.1673,27.4035,30.9375,29.6296,2.0935,11.5003,641.0,8202.5,59.17,47.2414
08229,2026,53.1673,27.4035,30.9375,29.6296,2.0935,11.5003,641.0,8221.25,59.17,47.2414
08230,2023,54.2977,24.6844,29.6329,32.7273,0.8558,6.7122,944.0,15920.0,0.0,64.2857
08230,2024,54.2977,24.6844,29.6329,32.7273,0.8558,6.7122,944.0,16023.3333,0.0,65.4636
08230,2025,54.2977,24.6844,29.6329,32.7273,0.8558,6.7122,944.0,16146.6667,0.0,66.6934
08230,2026,54.2977,24.6844,29.6329,32.7273,0.8558,6.7122,944.0,16273.3333,0.0,66.6934
08231,2023,63.3071,29.1469,29.9652,39.2913,1.4809,8.8351,838.0,16175.0,89.9055,16.8208
08231,2024,63.3071,29.1469,29.9652,39.2913,1.4809,8.8351,838.0,16066.6667,91.7647,17.1582
08231,2025,63.3071,29.1469,29.9652,39.2913,1.4809,8.8351,838.0,15960.0,90.6071,17.6432
08231,2026,63.3071,29.1469,29.9652,39.2913,1.4809,8.8351,838.0,15866.6667,90.6071,17.6432
08232,2023,47.5104,17.1467,26.533,30.8431,7.4374,5.8061,1039.0,17142.3077,14.3596,49.1944
08232,2024,47.5104,17.1467,26.533,30.8431,7.4374,5.8061,1039.0,17431.5385,14.4228,49.2773
08232,2025,47.5104,17.1467,26.533,30.8431,7.4374,5.8061,1039.0,17768.4615,19.8324,49.5266
08232,2026,47.5104,17.1467,26.533,30.8431,7.4374,5.8061,1039.0,18120.7692,19.8324,49.5266
08233,2023,61.5459,37.8299,27.5862,32.3671,0.9625,11.874,824.0,7680.0,39.3822,18.1343
08233,2024,61.5459,37.8299,27.5862,32.3671,0.9625,11.874,824.0,7620.0,38.6835,17.9941
08233,2025,61.5459,37.8299,27.5862,32.3671,0.9625,11.874,824.0,7565.0,39.3588,18.0987
08233,2026,61.5459,37.8299,27.5862,32.3671,0.9625,11.874,824.0,7550.0,39.3588,18.0987
08234,2023,58.4507,28.5897,25.9661,32.4584,1.9753,9.7489,934.0,10852.0,17.3799,8.6984
08234,2024,58.4507,28.5897,25.9661,32.4584,1.9753,9.7489,934.0,10754.0,17.4401,8.5627
08234,2025,58.4507,28.5897,25.9661,32.4584,1.9753,9.7489,934.0,10680.0,17.6204,8.5416
08234,2026,58.4507,28.5897,25.9661,32.4584,1.9753,9.7489,934.0,10672.0,17.6204,8.5416
08235,2023,65.8561,17.0806,25.7566,39.7519,1.6957,4.9847,1249.0,45910.0,13.9612,74.9264
08235,2024,65.8561,17.0806,25.7566,39.7519,1.6957,4.9847,1249.0,48630.0,13.4715,76.2901
08235,2025,65.8561,17.0806,25.7566,39.7519,1.6957,4.9847,1249.0,52230.0,13.4572,77.7059
08235,2026,65.8561,17.0806,25.7566,39.7519,1.6957,4.9847,1249.0,55200.0,13.4572,77.7059
08236,2023,59.3151,26.3664,29.0323,36.4481,3.5931,10.2412,906.0,14490.0,46.522,48.456
08236,2024,59.3151,26.3664,29.0323,36.4481,3.5931,10.2412,906.0,14380.0,46.9291,47.7181
08236,2025,59.3151,26.3664,29.0323,36.4481,3.5931,10.2412,906.0,14310.0,47.234,47.8363
08236,2026,59.3151,26.3664,29.0323,36.4481,3.5931,10.2412,906.0,14300.0,47.234,47.8363
08302,2023,61.8887,31.7032,30.5263,37.2152,2.7754,9.0501,976.0,17025.0,80.391,26.2525
08302,2024,61.8887,31.7032,30.5263,37.2152,2.7754,9.0501,976.0,16925.0,81.211,26.8159
08302,2025,61.8887,31.7032,30.5263,37.2152,2.7754,9.0501,976.0,16825.0,81.9054,27.2057
08302,2026,61.8887,31.7032,30.5263,37.2152,2.7754,9.0501,976.0,16675.0,81.9054,27.2057
08309,2023,69.687,21.911,33.6283,35.0329,4.5455,12.6984,727.0,23100.0,219.6837,58.9631
08309,2024,69.687,21.911,33.6283,35.0329,4.5455,12.6984,727.0,23000.0,220.1438,61.9902
08309,2025,69.687,21.911,33.6283,35.0329,4.5455,12.6984,727.0,22900.0,223.7889,62.6027
08309,2026,69.687,21.911,33.6283,35.0329,4.5455,12.6984,727.0,22833.3333,223.7889,62.6027
08310,2023,54.9133,26.5693,27.6398,29.1486,3.8571,13.2442,625.0,8827.5,201.3167,62.2123
08310,2024,54.9133,26.5693,27.6398,29.1486,3.8571,13.2442,625.0,8717.5,200.2323,62.686
08310,2025,54.9133,26.5693,27.6398,29.1486,3.8571,13.2442,625.0,8607.5,206.6862,63.8073
08310,2026,54.9133,26.5693,27.6398,29.1486,3.8571,13.2442,625.0,8495.0,206.6862,63.8073
08341,2023,61.4276,19.6242,30.3589,36.0329,0.526,4.4274,1114.0,31350.0,0.0,91.219
08341,2024,61.4276,19.6242,30.3589,36.0329,0.526,4.4274,1114.0,31325.0,0.0,91.6416
08341,2025,61.4276,19.6242,30.3589,36.0329,0.526,4.4274,1114.0,31300.0,0.0,92.126
08341,2026,61.4276,19.6242,30.3589,36.0329,0.526,4.4274,1114.0,31275.0,0.0,92.126
08364,2023,64.2017,46.5753,35.7815,35.1261,1.1765,15.7182,608.0,8800.0,142.4501,0.0
08364,2024,64.2017,46.5753,35.7815,35.1261,1.1765,15.7182,608.0,8650.0,147.1375,0.0
08364,2025,64.2017,46.5753,35.7815,35.1261,1.1765,15.7182,608.0,8530.0,151.5569,0.0
08364,2026,64.2017,46.5753,35.7815,35.1261,1.1765,15.7182,608.0,8480.0,151.5569,0.0
08442,2023,,,,,,,,9733.3333,0.0,51.1469
08442,2024,,,,,,,,9566.6667,0.0,52.0014
08442,2025,,,,,,,,9426.6667,0.0,53.2778
08442,2026,,,,,,,,9313.3333,0.0,53.2778
08443,2023,55.4961,11.0786,31.5568,31.8248,0.8372,5.8144,1073.0,22310.0,61.2274,72.1629
08443,2024,55.4961,11.0786,31.5568,31.8248,0.8372,5.8144,1073.0,26442.8571,59.003,72.4201
08443,2025,55.4961,11.0786,31.5568,31.8248,0.8372,5.8144,1073.0,27414.2857,57.007,75.2996
08443,2026,55.4961,11.0786,31.5568,31.8248,0.8372,5.8144,1073.0,28978.5714,57.007,75.2996
08447,2023,,,,,,,,10800.0,38.0835,39.1155
08447,2024,,,,,,,,10650.0,38.979,39.5825
08447,2025,,,,,,,,10575.0,39.7895,39.1477
08447,2026,,,,,,,,10500.0,39.7895,39.1477
08521,2023,64.8829,24.6231,25.8126,37.291,0.0,6.3401,980.0,15316.6667,0.0,18.7476
08521,2024,64.8829,24.6231,25.8126,37.291,0.0,6.3401,980.0,15233.3333,0.0,19.5827
08521,2025,64.8829,24.6231,25.8126,37.291,0.0,6.3401,980.0,15116.6667,0.0,19.9317
08521,2026,64.8829,24.6231,25.8126,37.291,0.0,6.3401,980.0,15033.3333,0.0,19.9317
08542,2023,,,,,,,,18400.0,0.0,69.502
08542,2024,,,,,,,,18300.0,0.0,70.4452
08542,2025,,,,,,,,18200.0,0.0,69.9483
08542,2026,,,,,,,,18100.0,0.0,69.9483
08546,2023,62.0403,18.6312,29.7297,40.2613,3.7383,6.5762,1016.0,20700.0,144.0387,51.7369
08546,2024,62.0403,18.6312,29.7297,40.2613,3.7383,6.5762,1016.0,20700.0,144.904,52.8027
08546,2025,62.0403,18.6312,29.7297,40.2613,3.7383,6.5762,1016.0,20700.0,155.0325,53.676
08546,2026,62.0403,18.6312,29.7297,40.2613,3.7383,6.5762,1016.0,20766.6667,155.0325,53.676
08564,2023,64.791,34.7267,38.6172,27.5362,3.0207,8.2014,630.0,13443.3333,0.0,87.8448
08564,2024,64.791,34.7267,38.6172,27.5362,3.0207,8.2014,630.0,13020.0,0.0,87.483
08564,2025,64.791,34.7267,38.6172,27.5362,3.0207,8.2014,630.0,12633.3333,0.0,87.6242
08564,2026,64.791,34.7267,38.6172,27.5362,3.0207,8.2014,630.0,12413.3333,0.0,87.6242
09201,2023,54.8821,14.9731,26.8605,40.7584,4.3778,3.7415,1249.0,60902.6667,68.4642,90.941
09201,2024,54.8821,14.9731,26.8605,40.7584,4.3778,3.7415,1249.0,61561.3333,68.6853,90.9542
09201,2025,54.8821,14.9731,26.8605,40.7584,4.3778,3.7415,1249.0,62324.0,68.8503,91.1768
09201,2026,54.8821,14.9731,26.8605,40.7584,4.3778,3.7415,1249.0,63136.0,68.8503,91.1768
09202,2023,61.1542,24.4628,29.5058,34.1749,4.2702,7.6158,929.0,27650.0,151.9192,77.5553
09202,2024,61.1542,24.4628,29.5058,34.1749,4.2702,7.6158,929.0,27277.2727,151.3959,77.9061
09202,2025,61.1542,24.4628,29.5058,34.1749,4.2702,7.6158,929.0,26918.1818,152.4401,77.7209
09202,2026,61.1542,24.4628,29.5058,34.1749,4.2702,7.6158,929.0,26550.0,152.4401,77.7209
09203,2023,62.3944,21.599,29.7091,38.2017,1.8657,7.7499,1018.0,22511.6667,56.1448,63.0318
09203,2024,62.3944,21.599,29.7091,38.2017,1.8657,7.7499,1018.0,22301.6667,56.6169,63.7523
09203,2025,62.3944,21.599,29.7091,38.2017,1.8657,7.7499,1018.0,22131.6667,57.0913,64.5531
09203,2026,62.3944,21.599,29.7091,38.2017,1.8657,7.7499,1018.0,22015.0,57.0913,64.5531
09204,2023,61.291,24.2364,26.1985,36.9702,5.5451,8.5841,952.0,26006.5217,123.9052,69.4894
09204,2024,61.291,24.2364,26.1985,36.9702,5.5451,8.5841,952.0,25810.8696,124.8401,69.7423
09204,2025,61.291,24.2364,26.1985,36.9702,5.5451,8.5841,952.0,25628.2609,125.8541,70.989
09204,2026,61.291,24.2364,26.1985,36.9702,5.5451,8.5841,952.0,25480.4348,125.8541,70.989
09205,2023,60.1527,22.1508,27.6808,39.5928,2.6149,6.1323,995.0,24550.0,95.7656,65.6481
09205,2024,60.1527,22.1508,27.6808,39.5928,2.6149,6.1323,995.0,24295.625,96.5813,66.4567
09205,2025,60.1527,22.1508,27.6808,39.5928,2.6149,6.1323,995.0,24204.375,97.5295,67.4547
09205,2026,60.1527,22.1508,27.6808,39.5928,2.6149,6.1323,995.0,24150.0,97.5295,67.4547
09206,2023,62.3746,26.3574,29.5211,42.3488,4.3245,16.5678,923.0,14137.1429,227.7358,65.013
09206,2024,62.3746,26.3574,29.5211,42.3488,4.3245,16.5678,923.0,13921.4286,229.9347,65.6184
09206,2025,62.3746,26.3574,29.5211,42.3488,4.3245,16.5678,923.0,13677.8571,229.54,66.2637
09206,2026,62.3746,26.3574,29.5211,42.3488,4.3245,16.5678,923.0,13434.2857,229.54,66.2637
09208,2023,52.4669,13.1571,24.5995,38.1112,2.6327,4.7995,1159.0,39860.0,43.5804,64.3298
09208,2024,52.4669,13.1571,24.5995,38.1112,2.6327,4.7995,1159.0,40140.0,43.6592,64.6726
09208,2025,52.4669,13.1571,24.5995,38.1112,2.6327,4.7995,1159.0,40552.0,43.6857,64.7177
09208,2026,52.4669,13.1571,24.5995,38.1112,2.6327,4.7995,1159.0,40192.3077,43.6857,64.7177
09209,2023,59.1607,18.0769,27.4609,42.8669,3.1773,4.8093,1031.0,24130.7692,62.3496,61.6014
09209,2024,59.1607,18.0769,27.4609,42.8669,3.1773,4.8093,1031.0,23996.1538,62.6566,62.2086
09209,2025,59.1607,18.0769,27.4609,42.8669,3.1773,4.8093,1031.0,24007.6923,63.2313,62.9733
09209,2026,59.1607,18.0769,27.4609,42.8669,3.1773,4.8093,1031.0,24088.4615,63.2313,62.9733
09210,2023,55.8752,19.3106,25.5791,39.1681,4.0905,7.4965,974.0,16360.0,107.2637,57.4242
09210,2024,55.8752,19.3106,25.5791,39.1681,4.0905,7.4965,974.0,16271.1111,105.121,57.6815
09210,2025,55.8752,19.3106,25.5791,39.1681,4.0905,7.4965,974.0,16193.3333,106.3877,59.9018
09210,2026,55.8752,19.3106,25.5791,39.1681,4.0905,7.4965,974.0,16117.7778,106.3877,59.9018
09211,2023,59.4478,22.7509,28.481,41.415,2.2998,7.6768,936.0,20075.0,204.2267,39.1295
09211,2024,59.4478,22.7509,28.481,41.415,2.2998,7.6768,936.0,19950.0,196.2259,39.2321
09211,2025,59.4478,22.7509,28.481,41.415,2.2998,7.6768,936.0,19825.0,199.223,39.3698
09211,2026,59.4478,22.7509,28.481,41.415,2.2998,7.6768,936.0,19700.0,199.223,39.3698
09213,2023,56.5848,18.7278,28.1296,46.6382,1.4331,6.2227,990.0,20165.8824,64.5918,57.7891
09213,2024,56.5848,18.7278,28.1296,46.6382,1.4331,6.2227,990.0,20005.2941,64.8395,58.7998
09213,2025,56.5848,18.7278,28.1296,46.6382,1.4331,6.2227,990.0,19881.7647,62.9698,59.5385
09213,2026,56.5848,18.7278,28.1296,46.6382,1.4331,6.2227,990.0,19777.0588,62.9698,59.5385
09214,2023,55.7841,18.1758,25.9324,47.3008,2.9376,5.4255,1053.0,28920.0,77.9829,49.8431
09214,2024,55.7841,18.1758,25.9324,47.3008,2.9376,5.4255,1053.0,28900.0,72.5994,51.8447
09214,2025,55.7841,18.1758,25.9324,47.3008,2.9376,5.4255,1053.0,28900.0,72.6691,53.6723
09214,2026,55.7841,18.1758,25.9324,47.3008,2.9376,5.4255,1053.0,29080.0,72.6691,53.6723
09215,2023,57.8465,29.6211,29.434,39.1753,7.5792,14.3243,608.0,12166.6667,44.3071,17.0481
09215,2024,57.8465,29.6211,29.434,39.1753,7.5792,14.3243,608.0,11816.6667,45.3505,17.1417
09215,2025,57.8465,29.6211,29.434,39.1753,7.5792,14.3243,608.0,11496.6667,46.4185,17.4133
09215,2026,57.8465,29.6211,29.434,39.1753,7.5792,14.3243,608.0,11173.3333,46.4185,17.4133
09216,2023,57.1189,13.2186,28.8383,43.0486,3.3428,3.8366,1146.0,44175.0,0.6651,80.9594
09216,2024,57.1189,13.2186,28.8383,43.0486,3.3428,3.8366,1146.0,44737.5,0.668,82.2378
09216,2025,57.1189,13.2186,28.8383,43.0486,3.3428,3.8366,1146.0,45237.5,0.6697,83.2306
09216,2026,57.1189,13.2186,28.8383,43.0486,3.3428,3.8366,1146.0,45800.0,0.6697,83.2306
09301,2023,61.258,19.9632,26.484,45.2142,3.2316,2.66,928.0,33825.0,37.5575,81.15
09301,2024,61.258,19.9632,26.484,45.2142,3.2316,2.66,928.0,33925.0,37.4049,81.2331
09301,2025,61.258,19.9632,26.484,45.2142,3.2316,2.66,928.0,34075.0,37.726,81.459
09301,2026,61.258,19.9632,26.484,45.2142,3.2316,2.66,928.0,34350.0,37.726,81.459
09342,2023,52.9655,20.7469,26.4264,41.8508,5.5182,6.7961,859.0,18133.3333,63.0828,22.0333
09342,2024,52.9655,20.7469,26.4264,41.8508,5.5182,6.7961,859.0,17800.0,63.8416,21.993
09342,2025,52.9655,20.7469,26.4264,41.8508,5.5182,6.7961,859.0,17533.3333,64.6067,22.9167
09342,2026,52.9655,20.7469,26.4264,41.8508,5.5182,6.7961,859.0,17333.3333,64.6067,22.9167
09343,2023,,,,,,,,13500.0,82.6584,20.4976
09343,2024,,,,,,,,13066.6667,83.7392,20.7895
09343,2025,,,,,,,,12700.0,82.3983,20.696
09343,2026,,,,,,,,12333.3333,82.3983,20.696
09344,2023,,,,,,,,12200.0,70.1939,21.2775
09344,2024,,,,,,,,11933.3333,70.9409,21.0162
09344,2025,,,,,,,,11666.6667,72.2478,24.2662
09344,2026,,,,,,,,11400.0,72.2478,24.2662
09345,2023,,,,,,,,20510.0,5.7882,24.1173
09345,2024,,,,,,,,20330.0,5.8046,25.6949
09345,2025,,,,,,,,20170.0,5.8529,26.3575
09345,2026,,,,,,,,20050.0,5.8529,26.3575
09361,2023,61.518,22.3577,24.1465,41.8109,5.3583,7.4423,1041.0,32150.0,35.2332,72.2202
09361,2024,61.518,22.3577,24.1465,41.8109,5.3583,7.4423,1041.0,32033.3333,35.4545,71.9961
09361,2025,61.518,22.3577,24.1465,41.8109,5.3583,7.4423,1041.0,32100.0,35.6581,71.9271
09361,2026,61.518,22.3577,24.1465,41.8109,5.3583,7.4423,1041.0,32383.3333,35.6581,71.9271
09364,2023,68.3136,16.0388,27.399,48.5499,6.1287,8.087,1102.0,32750.0,3.1791,73.6131
09364,2024,68.3136,16.0388,27.399,48.5499,6.1287,8.087,1102.0,32675.0,3.1992,73.6623
09364,2025,68.3136,16.0388,27.399,48.5499,6.1287,8.087,1102.0,32650.0,3.2169,73.8269
09364,2026,68.3136,16.0388,27.399,48.5499,6.1287,8.087,1102.0,32700.0,3.2169,73.8269
09384,2023,,,,,,,,10233.3333,128.851,0.0
09384,2024,,,,,,,,10050.0,132.0886,0.0
09384,2025,,,,,,,,9866.6667,135.7697,0.0
09384,2026,,,,,,,,9686.6667,135.7697,0.0
09386,2023,64.2056,14.4101,28.692,43.9663,0.5133,3.7481,1073.0,27714.0,23.0446,61.0202
09386,2024,64.2056,14.4101,28.692,43.9663,0.5133,3.7481,1073.0,27700.0,23.2615,61.9449
09386,2025,64.2056,14.4101,28.692,43.9663,0.5133,3.7481,1073.0,27686.0,23.2881,64.4943
09386,2026,64.2056,14.4101,28.692,43.9663,0.5133,3.7481,1073.0,27686.0,23.2881,64.4943
09407,2023,52.3202,28.8076,25.7251,54.4084,2.1254,17.2638,270.0,6747.5,128.4955,11.021
09407,2024,52.3202,28.8076,25.7251,54.4084,2.1254,17.2638,270.0,6645.0,129.9404,11.0699
09407,2025,52.3202,28.8076,25.7251,54.4084,2.1254,17.2638,270.0,6550.0,131.6622,10.8832
09407,2026,52.3202,28.8076,25.7251,54.4084,2.1254,17.2638,270.0,6467.5,131.6622,10.8832
09411,2023,67.3114,31.9149,32.5328,40.8124,2.3211,10.6583,891.0,10726.6667,213.9253,26.3169
09411,2024,67.3114,31.9149,32.5328,40.8124,2.3211,10.6583,891.0,10526.6667,218.4066,26.3668
09411,2025,67.3114,31.9149,32.5328,40.8124,2.3211,10.6583,891.0,10326.6667,225.1487,26.6001
09411,2026,67.3114,31.9149,32.5328,40.8124,2.3211,10.6583,891.0,10126.6667,225.1487,26.6001
10201,2023,56.4958,19.2161,27.0493,39.4703,3.0782,5.2718,1081.0,46783.3333,159.3268,71.461
10201,2024,56.4958,19.2161,27.0493,39.4703,3.0782,5.2718,1081.0,46691.6667,160.2498,71.8293
10201,2025,56.4958,19.2161,27.0493,39.4703,3.0782,5.2718,1081.0,46713.8889,160.6101,72.0892
10201,2026,56.4958,19.2161,27.0493,39.4703,3.0782,5.2718,1081.0,46311.1111,160.6101,72.0892
10202,2023,58.6997,19.2871,28.1707,39.8152,3.1338,7.0922,1164.0,50679.2308,108.5255,76.9456
10202,2024,58.6997,19.2871,28.1707,39.8152,3.1338,7.0922,1164.0,51203.5897,108.7095,77.0234
10202,2025,58.6997,19.2871,28.1707,39.8152,3.1338,7.0922,1164.0,51829.4872,108.6968,77.466
10202,2026,58.6997,19.2871,28.1707,39.8152,3.1338,7.0922,1164.0,52617.4359,108.6968,77.466
10203,2023,58.2057,27.0013,29.1824,35.3589,4.6216,11.4901,931.0,23311.3333,264.8905,82.2843
10203,2024,58.2057,27.0013,29.1824,35.3589,4.6216,11.4901,931.0,22966.6667,268.7692,82.3844
10203,2025,58.2057,27.0013,29.1824,35.3589,4.6216,11.4901,931.0,22700.0,273.2618,82.9451
10203,2026,58.2057,27.0013,29.1824,35.3589,4.6216,11.4901,931.0,22194.2857,273.2618,82.9451
10204,2023,58.3805,16.458,28.2546,40.4452,2.8584,5.6583,1021.0,33158.3333,92.3499,36.1848
10204,2024,58.3805,16.458,28.2546,40.4452,2.8584,5.6583,1021.0,33129.1667,90.4178,36.438
10204,2025,58.3805,16.458,28.2546,40.4452,2.8584,5.6583,1021.0,33229.1667,89.9172,36.7251
10204,2026,58.3805,16.458,28.2546,40.4452,2.8584,5.6583,1021.0,33325.0,89.9172,36.7251
10205,2023,55.8224,18.5155,27.8024,39.6964,3.8482,5.0605,1059.0,36708.6957,136.1492,49.2871
10205,2024,55.8224,18.5155,27.8024,39.6964,3.8482,5.0605,1059.0,36786.9565,133.4723,50.3191
10205,2025,55.8224,18.5155,27.8024,39.6964,3.8482,5.0605,1059.0,36956.5217,134.3046,50.8103
10205,2026,55.8224,18.5155,27.8024,39.6964,3.8482,5.0605,1059.0,37213.0435,134.3046,50.8103
10206,2023,55.5312,28.4633,24.3282,45.345,6.3694,12.1523,872.0,21100.0,81.0065,59.2782
10206,2024,55.5312,28.4633,24.3282,45.345,6.3694,12.1523,872.0,20833.3333,81.1524,59.7259
10206,2025,55.5312,28.4633,24.3282,45.345,6.3694,12.1523,872.0,20666.6667,81.7789,60.7254
10206,2026,55.5312,28.4633,24.3282,45.345,6.3694,12.1523,872.0,20516.6667,81.7789,60.7254
10207,2023,63.2117,19.2361,30.855,37.7088,4.9001,6.8098,1036.0,32858.3333,102.7853,48.653
10207,2024,63.2117,19.2361,30.855,37.7088,4.9001,6.8098,1036.0,32616.6667,103.2612,48.611
10207,2025,63.2117,19.2361,30.855,37.7088,4.9001,6.8098,1036.0,32491.6667,103.8457,48.726
10207,2026,63.2117,19.2361,30.855,37.7088,4.9001,6.8098,1036.0,32466.6667,103.8457,48.726
10208,2023,62.6746,27.1371,28.8333,45.007,6.8871,9.0392,798.0,21822.7273,76.9252,49.2835
10208,2024,62.6746,27.1371,28.8333,45.007,6.8871,9.0392,798.0,21968.1818,77.8727,49.7619
10208,2025,62.6746,27.1371,28.8333,45.007,6.8871,9.0392,798.0,21818.1818,78.9291,50.6811
10208,2026,62.6746,27.1371,28.8333,45.007,6.8871,9.0392,798.0,21731.8182,78.9291,50.6811
10209,2023,60.6564,25.3073,29.5724,38.1645,4.6672,9.3423,865.0,21592.8571,96.3679,32.3055
10209,2024,60.6564,25.3073,29.5724,38.1645,4.6672,9.3423,865.0,21350.0,94.1199,32.2674
10209,2025,60.6564,25.3073,29.5724,38.1645,4.6672,9.3423,865.0,21164.2857,93.256,32.508
10209,2026,60.6564,25.3073,29.5724,38.1645,4.6672,9.3423,865.0,21014.2857,93.256,32.508
10210,2023,63.1106,27.9162,27.992,40.1796,1.6839,9.8604,958.0,18208.3333,111.1422,25.0113
10210,2024,63.1106,27.9162,27.992,40.1796,1.6839,9.8604,958.0,17775.0,112.5114,25.0338
10210,2025,63.1106,27.9162,27.992,40.1796,1.6839,9.8604,958.0,17450.0,114.2301,24.8672
10210,2026,63.1106,27.9162,27.992,40.1796,1.6839,9.8604,958.0,17191.6667,114.2301,24.8672
10211,2023,66.408,26.341,31.6164,39.0689,5.6004,14.1667,860.0,16864.2857,196.3979,30.1638
10211,2024,66.408,26.341,31.6164,39.0689,5.6004,14.1667,860.0,16518.5714,197.6465,30.5492
10211,2025,66.408,26.341,31.6164,39.0689,5.6004,14.1667,860.0,16274.2857,199.8513,31.0708
10211,2026,66.408,26.341,31.6164,39.0689,5.6004,14.1667,860.0,17178.3333,199.8513,31.0708
10212,2023,58.709,23.3794,27.4587,40.287,3.1646,6.213,901.0,16475.0,125.8523,29.5308
10212,2024,58.709,23.3794,27.4587,40.287,3.1646,6.213,901.0,16356.25,126.3261,30.1507
10212,2025,58.709,23.3794,27.4587,40.287,3.1646,6.213,901.0,16300.0,127.0889,30.4312
10212,2026,58.709,23.3794,27.4587,40.287,3.1646,6.213,901.0,16281.25,127.0889,30.4312
10344,2023,,,,,,,,23000.0,36.961,46.3244
10344,2024,,,,,,,,22850.0,36.8651,46.1974
10344,2025,,,,,,,,22700.0,36.9004,46.638
10344,2026,,,,,,,,22550.0,36.9004,46.638
10345,2023,67.1971,12.9676,28.436,45.7772,2.1226,5.3362,1130.0,32550.0,22.3504,57.9232
10345,2024,67.1971,12.9676,28.436,45.7772,2.1226,5.3362,1130.0,32650.0,21.2738,57.7893
10345,2025,67.1971,12.9676,28.436,45.7772,2.1226,5.3362,1130.0,32775.0,21.1986,58.7466
10345,2026,67.1971,12.9676,28.436,45.7772,2.1226,5.3362,1130.0,32925.0,21.1986,58.7466
10366,2023,,,,,,,,3450.0,1255.814,0.0
10366,2024,,,,,,,,3350.0,1308.9509,0.0
10366,2025,,,,,,,,3280.0,1345.2028,0.0
10366,2026,,,,,,,,3220.0,1345.2028,0.0
10367,2023,,,,,,,,8000.0,621.5722,0.0
10367,2024,,,,,,,,7700.0,652.1739,0.0
10367,2025,,,,,,,,7470.0,688.2859,0.0
10367,2026,,,,,,,,5375.0,688.2859,0.0
10382,2023,,,,,,,,13733.3333,152.6951,0.0
10382,2024,,,,,,,,13250.0,158.3281,0.0
10382,2025,,,,,,,,12850.0,163.0523,0.0
10382,2026,,,,,,,,12533.3333,163.0523,0.0
10383,2023,,,,,,,,5100.0,240.8112,0.0
10383,2024,,,,,,,,4920.0,252.6596,0.0
10383,2025,,,,,,,,4780.0,287.316,0.0
10383,2026,,,,,,,,4650.0,287.316,0.0
10384,2023,,,,,,,,16733.3333,33.3307,75.8194
10384,2024,,,,,,,,16566.6667,31.215,75.8364
10384,2025,,,,,,,,16486.6667,31.533,82.8752
10384,2026,,,,,,,,16406.6667,31.533,82.8752
10421,2023,63.3388,42.9519,35.9756,41.0131,2.269,16.1567,911.0,16125.0,153.9697,57.1027
10421,2024,63.3388,42.9519,35.9756,41.0131,2.269,16.1567,911.0,15662.5,157.7936,57.5261
10421,2025,63.3388,42.9519,35.9756,41.0131,2.269,16.1567,911.0,15300.0,157.0571,58.2507
10421,2026,63.3388,42.9519,35.9756,41.0131,2.269,16.1567,911.0,15025.0,157.0571,58.2507
10424,2023,,,,,,,,8465.0,279.7597,48.7608
10424,2024,,,,,,,,8275.0,284.3511,48.187
10424,2025,,,,,,,,8085.0,293.1917,47.5994
10424,2026,,,,,,,,7900.0,293.1917,47.5994
10425,2023,,,,,,,,11950.0,101.3734,38.4892
10425,2024,,,,,,,,11775.0,102.0072,37.9072
10425,2025,,,,,,,,11625.0,102.5019,37.4297
10425,2026,,,,,,,,11475.0,102.5019,37.4297
10426,2023,,,,,,,,7900.0,335.416,73.808
10426,2024,,,,,,,,7620.0,338.2524,75.3938
10426,2025,,,,,,,,7400.0,336.9116,75.4253
10426,2026,,,,,,,,7200.0,336.9116,75.4253
10428,2023,,,,,,,,7400.0,195.1366,0.0
10428,2024,,,,,,,,7300.0,198.8984,0.0
10428,2025,,,,,,,,7200.0,193.2515,0.0
10428,2026,,,,,,,,7100.0,193.2515,0.0
10429,2023,,,,,,,,13800.0,124.0028,19.4929
10429,2024,,,,,,,,13625.0,127.2388,19.7828
10429,2025,,,,,,,,13487.5,130.1716,19.7413
10429,2026,,,,,,,,13375.0,130.1716,19.7413
10443,2023,,,,,,,,7400.0,9.7847,28.4247
10443,2024,,,,,,,,7300.0,10.0025,28.7822
10443,2025,,,,,,,,7200.0,10.1833,28.1059
10443,2026,,,,,,,,7100.0,10.1833,28.1059
10444,2023,,,,,,,,9375.0,12.8824,87.8905
10444,2024,,,,,,,,9300.0,13.0463,87.5734
10444,2025,,,,,,,,9225.0,13.4544,87.7901
10444,2026,,,,,,,,9150.0,13.4544,87.7901
10448,2023,,,,,,,,11000.0,0.0,0.0
10448,2024,,,,,,,,10900.0,0.0,0.0
10448,2025,,,,,,,,10800.0,0.0,0.0
10448,2026,,,,,,,,10700.0,0.0,0.0
10449,2023,46.4724,34.7352,30.3644,35.3303,0.0,20.7709,4036.0,14185.7143,295.9891,47.3639
10449,2024,46.4724,34.7352,30.3644,35.3303,0.0,20.7709,4036.0,13871.4286,301.278,47.5799
10449,2025,46.4724,34.7352,30.3644,35.3303,0.0,20.7709,4036.0,13657.1429,304.353,47.8235
10449,2026,46.4724,34.7352,30.3644,35.3303,0.0,20.7709,4036.0,13457.1429,304.353,47.8235
10464,2023,56.5517,10.0759,32.6395,39.8621,0.5894,5.4322,1312.0,33133.3333,60.8671,90.353
10464,2024,56.5517,10.0759,32.6395,39.8621,0.5894,5.4322,1312.0,33133.3333,61.2896,91.8812
10464,2025,56.5517,10.0759,32.6395,39.8621,0.5894,5.4322,1312.0,33200.0,61.2016,92.9225
10464,2026,56.5517,10.0759,32.6395,39.8621,0.5894,5.4322,1312.0,33266.6667,61.2016,92.9225
10521,2023,,,,,,,,17233.3333,13.6888,17.2118
10521,2024,,,,,,,,16966.6667,13.8212,17.1456
10521,2025,,,,,,,,16700.0,14.1149,17.7327
10521,2026,,,,,,,,16433.3333,14.1149,17.7327
10522,2023,,,,,,,,23266.6667,45.977,55.7793
10522,2024,,,,,,,,23166.6667,46.1425,56.2754
10522,2025,,,,,,,,23100.0,46.5073,57.111
10522,2026,,,,,,,,23066.6667,46.5073,57.111
10523,2023,,,,,,,,18700.0,71.6813,29.0899
10523,2024,,,,,,,,18500.0,72.2055,29.3026
10523,2025,,,,,,,,18466.6667,72.8245,32.6604
10523,2026,,,,,,,,18433.3333,72.8245,32.6604
10524,2023,54.0925,15.6792,31.5164,29.6977,5.9433,4.5835,1067.0,31566.6667,138.7524,28.4838
10524,2024,54.0925,15.6792,31.5164,29.6977,5.9433,4.5835,1067.0,31566.6667,137.9477,29.1812
10524,2025,54.0925,15.6792,31.5164,29.6977,5.9433,4.5835,1067.0,31566.6667,134.9243,29.2008
10524,2026,54.0925,15.6792,31.5164,29.6977,5.9433,4.5835,1067.0,31616.6667,134.9243,29.2008
10525,2023,64.8478,24.8394,30.3488,41.6579,4.0568,7.0237,1138.0,22200.0,49.5932,34.258
10525,2024,64.8478,24.8394,30.3488,41.6579,4.0568,7.0237,1138.0,22000.0,43.0049,33.0595
10525,2025,64.8478,24.8394,30.3488,41.6579,4.0568,7.0237,1138.0,21900.0,43.4306,33.2773
10525,2026,64.8478,24.8394,30.3488,41.6579,4.0568,7.0237,1138.0,21866.6667,43.4306,33.2773
11100,2023,58.2672,12.9176,26.0167,30.7923,2.4731,3.0626,1681.0,194218.3673,18.7183,94.8854
11100,2024,58.2672,12.9176,26.0167,30.7923,2.4731,3.0626,1681.0,199958.1633,18.6392,95.1678
11100,2025,58.2672,12.9176,26.0167,30.7923,2.4731,3.0626,1681.0,205305.102,18.5635,95.3565
11100,2026,58.2672,12.9176,26.0167,30.7923,2.4731,3.0626,1681.0,210776.5306,18.5635,95.3565
11201,2023,55.6418,16.9515,27.718,33.8352,5.444,5.1404,1464.0,132528.0,31.5417,87.0659
11201,2024,55.6418,16.9515,27.718,33.8352,5.444,5.1404,1464.0,136700.0,31.5834,87.1968
11201,2025,55.6418,16.9515,27.718,33.8352,5.444,5.1404,1464.0,140900.0,31.5755,87.562
11201,2026,55.6418,16.9515,27.718,33.8352,5.444,5.1404,1464.0,144248.0,31.5755,87.562
11202,2023,60.6557,20.7453,31.9059,34.0563,4.3685,7.9835,1093.0,45366.6667,38.0569,48.0692
11202,2024,60.6557,20.7453,31.9059,34.0563,4.3685,7.9835,1093.0,45404.7619,38.2665,49.2545
11202,2025,60.6557,20.7453,31.9059,34.0563,4.3685,7.9835,1093.0,45371.4286,38.4964,50.4036
11202,2026,60.6557,20.7453,31.9059,34.0563,4.3685,7.9835,1093.0,45780.9524,38.4964,50.4036
11203,2023,56.644,14.7009,24.8072,26.773,2.6837,0.9551,1792.0,226000.0,43.7065,88.5191
11203,2024,56.644,14.7009,24.8072,26.773,2.6837,0.9551,1792.0,237707.3171,43.5912,88.9384
11203,2025,56.644,14.7009,24.8072,26.773,2.6837,0.9551,1792.0,249609.7561,41.9296,89.2106
11203,2026,56.644,14.7009,24.8072,26.773,2.6837,0.9551,1792.0,260804.878,41.9296,89.2106
11206,2023,61.2094,21.8023,30.2684,35.0595,2.8678,7.6321,1090.0,29180.0,75.6912,57.2751
11206,2024,61.2094,21.8023,30.2684,35.0595,2.8678,7.6321,1090.0,29070.0,76.0049,57.5724
11206,2025,61.2094,21.8023,30.2684,35.0595,2.8678,7.6321,1090.0,29000.0,68.8468,57.6965
11206,2026,61.2094,21.8023,30.2684,35.0595,2.8678,7.6321,1090.0,28970.0,68.8468,57.6965
11207,2023,64.7111,31.444,26.868,35.0243,14.5009,10.7877,1029.0,27165.3846,122.0377,56.6977
11207,2024,64.7111,31.444,26.868,35.0243,14.5009,10.7877,1029.0,27052.3077,124.1777,56.3832
11207,2025,64.7111,31.444,26.868,35.0243,14.5009,10.7877,1029.0,26954.6154,126.3721,56.6542
11207,2026,64.7111,31.444,26.868,35.0243,14.5009,10.7877,1029.0,26849.2308,126.3721,56.6542
11208,2023,55.4325,17.4116,29.6403,27.8522,3.9474,2.0935,1568.0,167684.0,23.1639,95.0533
11208,2024,55.4325,17.4116,29.6403,27.8522,3.9474,2.0935,1568.0,172200.0,23.2004,94.9215
11208,2025,55.4325,17.4116,29.6403,27.8522,3.9474,2.0935,1568.0,177192.0,23.2687,95.2984
11208,2026,55.4325,17.4116,29.6403,27.8522,3.9474,2.0935,1568.0,182348.0,23.2687,95.2984
11209,2023,59.8033,18.3225,28.426,35.126,2.3181,6.8868,1324.0,54338.4615,90.6368,71.9765
11209,2024,59.8033,18.3225,28.426,35.126,2.3181,6.8868,1324.0,54715.3846,90.6056,72.4857
11209,2025,59.8033,18.3225,28.426,35.126,2.3181,6.8868,1324.0,55030.7692,91.1971,73.2027
11209,2026,59.8033,18.3225,28.426,35.126,2.3181,6.8868,1324.0,55238.4615,91.1971,73.2027
11210,2023,57.9204,16.3942,27.781,35.9237,2.7878,6.101,1150.0,31969.2308,16.8481,52.582
11210,2024,57.9204,16.3942,27.781,35.9237,2.7878,6.101,1150.0,31823.0769,16.8505,52.7598
11210,2025,57.9204,16.3942,27.781,35.9237,2.7878,6.101,1150.0,31676.9231,16.8723,52.6353
11210,2026,57.9204,16.3942,27.781,35.9237,2.7878,6.101,1150.0,31561.5385,16.8723,52.6353
11211,2023,53.3022,19.0107,27.2845,35.8679,3.7422,5.6409,1087.0,35337.5,71.4599,61.3613
11211,2024,53.3022,19.0107,27.2845,35.8679,3.7422,5.6409,1087.0,35604.1667,71.2946,62.1285
11211,2025,53.3022,19.0107,27.2845,35.8679,3.7422,5.6409,1087.0,35983.3333,71.37,62.5021
11211,2026,53.3022,19.0107,27.2845,35.8679,3.7422,5.6409,1087.0,36512.5,71.37,62.5021
11212,2023,60.4555,15.5556,28.1205,36.1542,2.8748,5.7343,1274.0,62455.5556,36.293,52.3535
11212,2024,60.4555,15.5556,28.1205,36.1542,2.8748,5.7343,1274.0,63077.7778,36.1165,52.7598
11212,2025,60.4555,15.5556,28.1205,36.1542,2.8748,5.7343,1274.0,63300.0,36.0524,53.66
11212,2026,60.4555,15.5556,28.1205,36.1542,2.8748,5.7343,1274.0,63388.8889,36.0524,53.66
11214,2023,50.3623,21.6043,27.5774,29.6755,3.8142,3.2724,1211.0,80205.8824,20.0236,89.8941
11214,2024,50.3623,21.6043,27.5774,29.6755,3.8142,3.2724,1211.0,80776.4706,20.0271,90.0103
11214,2025,50.3623,21.6043,27.5774,29.6755,3.8142,3.2724,1211.0,81400.0,20.0735,90.0974
11214,2026,50.3623,21.6043,27.5774,29.6755,3.8142,3.2724,1211.0,81600.0,20.0735,90.0974
11215,2023,61.2424,22.2733,33.6436,31.1581,3.4351,3.517,1281.0,114227.2727,54.0305,96.7742
11215,2024,61.2424,22.2733,33.6436,31.1581,3.4351,3.517,1281.0,115318.1818,54.2076,96.7737
11215,2025,61.2424,22.2733,33.6436,31.1581,3.4351,3.517,1281.0,117127.2727,54.4457,96.7899
11215,2026,61.2424,22.2733,33.6436,31.1581,3.4351,3.517,1281.0,118854.5455,54.4457,96.7899
11216,2023,60.0668,20.7389,30.0906,35.4485,5.0137,6.4696,1110.0,30328.5714,18.7207,36.6481
11216,2024,60.0668,20.7389,30.0906,35.4485,5.0137,6.4696,1110.0,30271.4286,18.5684,36.81
11216,2025,60.0668,20.7389,30.0906,35.4485,5.0137,6.4696,1110.0,30242.8571,18.6234,36.6862
11216,2026,60.0668,20.7389,30.0906,35.4485,5.0137,6.4696,1110.0,30228.5714,18.6234,36.6862
11217,2023,60.7839,16.2132,29.2762,34.2117,1.2392,5.2974,1143.0,62376.9231,29.7119,78.2246
11217,2024,60.7839,16.2132,29.2762,34.2117,1.2392,5.2974,1143.0,62784.6154,29.7665,78.9194
11217,2025,60.7839,16.2132,29.2762,34.2117,1.2392,5.2974,1143.0,63292.3077,29.771,79.1535
11217,2026,60.7839,16.2132,29.2762,34.2117,1.2392,5.2974,1143.0,63815.3846,29.771,79.1535
11218,2023,59.0239,19.1338,28.1095,36.5756,2.7373,6.4779,1053.0,35163.1579,33.2437,58.7489
11218,2024,59.0239,19.1338,28.1095,36.5756,2.7373,6.4779,1053.0,35226.3158,32.3153,58.6272
11218,2025,59.0239,19.1338,28.1095,36.5756,2.7373,6.4779,1053.0,35310.5263,31.8161,60.5167
11218,2026,59.0239,19.1338,28.1095,36.5756,2.7373,6.4779,1053.0,35431.5789,31.8161,60.5167
11219,2023,63.5595,22.3442,29.0101,32.2025,5.4482,3.8588,1270.0,110752.6316,0.0,85.067
11219,2024,63.5595,22.3442,29.0101,32.2025,5.4482,3.8588,1270.0,112736.8421,0.0,85.4971
11219,2025,63.5595,22.3442,29.0101,32.2025,5.4482,3.8588,1270.0,114715.7895,0.0,86.4634
11219,2026,63.5595,22.3442,29.0101,32.2025,5.4482,3.8588,1270.0,116600.0,0.0,86.4634
11221,2023,54.5667,12.8995,24.6972,26.8954,3.4281,2.2813,1615.0,142850.0,10.599,98.0738
11221,2024,54.5667,12.8995,24.6972,26.8954,3.4281,2.2813,1615.0,147683.3333,8.9165,98.2179
11221,2025,54.5667,12.8995,24.6972,26.8954,3.4281,2.2813,1615.0,154794.4444,8.8892,98.2186
11221,2026,54.5667,12.8995,24.6972,26.8954,3.4281,2.2813,1615.0,161666.6667,8.8892,98.2186
11222,2023,51.7352,12.1244,24.4877,31.5336,2.4787,3.6028,1466.0,134266.6667,7.2703,84.2415
11222,2024,51.7352,12.1244,24.4877,31.5336,2.4787,3.6028,1466.0,137687.5,7.2873,84.2498
11222,2025,51.7352,12.1244,24.4877,31.5336,2.4787,3.6028,1466.0,142558.3333,7.303,84.3319
11222,2026,51.7352,12.1244,24.4877,31.5336,2.4787,3.6028,1466.0,146766.6667,7.303,84.3319
11223,2023,51.6889,14.142,27.3816,24.4325,6.1018,3.3191,1838.0,259333.3333,28.6921,96.7881
11223,2024,51.6889,14.142,27.3816,24.4325,6.1018,3.3191,1838.0,272666.6667,28.5541,97.368
11223,2025,51.6889,14.142,27.3816,24.4325,6.1018,3.3191,1838.0,288333.3333,28.2937,97.1117
11223,2026,51.6889,14.142,27.3816,24.4325,6.1018,3.3191,1838.0,304000.0,28.2937,97.1117
11224,2023,55.0628,10.284,23.6662,21.686,4.5489,1.4542,1830.0,270625.0,16.7034,95.581
11224,2024,55.0628,10.284,23.6662,21.686,4.5489,1.4542,1830.0,284625.0,16.671,95.5664
11224,2025,55.0628,10.284,23.6662,21.686,4.5489,1.4542,1830.0,299375.0,16.6819,95.8309
11224,2026,55.0628,10.284,23.6662,21.686,4.5489,1.4542,1830.0,315750.0,16.6819,95.8309
11225,2023,60.8849,17.3141,31.051,29.6631,2.2215,3.9468,1284.0,103030.7692,24.568,88.4064
11225,2024,60.8849,17.3141,31.051,29.6631,2.2215,3.9468,1284.0,104653.8462,24.5296,88.3274
11225,2025,60.8849,17.3141,31.051,29.6631,2.2215,3.9468,1284.0,105976.9231,24.4749,88.381
11225,2026,60.8849,17.3141,31.051,29.6631,2.2215,3.9468,1284.0,107061.5385,24.4749,88.381
11227,2023,54.3537,13.648,22.82,26.0503,9.4013,2.1414,1783.0,227650.0,3.4707,97.9523
11227,2024,54.3537,13.648,22.82,26.0503,9.4013,2.1414,1783.0,235650.0,3.4491,98.2734
11227,2025,54.3537,13.648,22.82,26.0503,9.4013,2.1414,1783.0,245187.5,3.4261,98.0012
11227,2026,54.3537,13.648,22.82,26.0503,9.4013,2.1414,1783.0,255337.5,3.4261,98.0012
11228,2023,55.4437,15.1201,27.4023,28.7917,1.2379,2.4258,1567.0,213333.3333,4.4493,99.627
11228,2024,55.4437,15.1201,27.4023,28.7917,1.2379,2.4258,1567.0,220000.0,4.4554,99.388
11228,2025,55.4437,15.1201,27.4023,28.7917,1.2379,2.4258,1567.0,227166.6667,4.4647,99.6244
11228,2026,55.4437,15.1201,27.4023,28.7917,1.2379,2.4258,1567.0,234333.3333,4.4647,99.6244
11229,2023,54.4396,14.9974,24.2664,25.2719,1.6129,3.0988,2010.0,234400.0,0.0,96.8045
11229,2024,54.4396,14.9974,24.2664,25.2719,1.6129,3.0988,2010.0,242400.0,0.0,96.8889
11229,2025,54.4396,14.9974,24.2664,25.2719,1.6129,3.0988,2010.0,252000.0,0.0,96.962
11229,2026,54.4396,14.9974,24.2664,25.2719,1.6129,3.0988,2010.0,261800.0,0.0,96.962
11230,2023,57.7555,18.6698,28.3853,26.7233,2.8945,3.0422,1660.0,191181.8182,0.0,97.257
11230,2024,57.7555,18.6698,28.3853,26.7233,2.8945,3.0422,1660.0,195090.9091,0.0,97.3765
11230,2025,57.7555,18.6698,28.3853,26.7233,2.8945,3.0422,1660.0,200272.7273,0.0,97.3896
11230,2026,57.7555,18.6698,28.3853,26.7233,2.8945,3.0422,1660.0,205454.5455,0.0,97.3896
11231,2023,62.5042,13.6207,28.7653,37.4958,1.3021,4.8549,1134.0,86366.6667,1.339,82.7129
11231,2024,62.5042,13.6207,28.7653,37.4958,1.3021,4.8549,1134.0,87450.0,1.3432,82.8283
11231,2025,62.5042,13.6207,28.7653,37.4958,1.3021,4.8549,1134.0,88483.3333,1.3482,82.9248
11231,2026,62.5042,13.6207,28.7653,37.4958,1.3021,4.8549,1134.0,89516.6667,1.3482,82.9248
11232,2023,58.2241,21.6471,27.9732,36.5498,3.55,4.1567,1228.0,58686.6667,2.1194,69.9411
11232,2024,58.2241,21.6471,27.9732,36.5498,3.55,4.1567,1228.0,58866.6667,2.1204,70.0317
11232,2025,58.2241,21.6471,27.9732,36.5498,3.55,4.1567,1228.0,59060.0,2.1195,71.1577
11232,2026,58.2241,21.6471,27.9732,36.5498,3.55,4.1567,1228.0,59193.3333,2.1195,71.1577
11233,2023,61.5242,22.5273,31.3786,31.9763,1.698,4.862,1209.0,80983.3333,3.6501,74.846
11233,2024,61.5242,22.5273,31.3786,31.9763,1.698,4.862,1209.0,81983.3333,3.6696,75.0302
11233,2025,61.5242,22.5273,31.3786,31.9763,1.698,4.862,1209.0,83000.0,3.6768,75.1157
11233,2026,61.5242,22.5273,31.3786,31.9763,1.698,4.862,1209.0,84000.0,3.6768,75.1157
11234,2023,50.0963,13.0145,21.1726,30.3782,1.4713,1.795,1755.0,113725.0,14.5077,79.9285
11234,2024,50.0963,13.0145,21.1726,30.3782,1.4713,1.795,1755.0,116900.0,14.3985,81.0928
11234,2025,50.0963,13.0145,21.1726,30.3782,1.4713,1.795,1755.0,121750.0,15.4824,82.6
11234,2026,50.0963,13.0145,21.1726,30.3782,1.4713,1.795,1755.0,125750.0,15.4824,82.6
11235,2023,54.3636,16.0912,25.9089,29.5152,3.5287,2.7147,1603.0,198720.0,3.5449,98.8134
11235,2024,54.3636,16.0912,25.9089,29.5152,3.5287,2.7147,1603.0,205300.0,3.5353,99.0852
11235,2025,54.3636,16.0912,25.9089,29.5152,3.5287,2.7147,1603.0,213010.0,3.5272,99.0159
11235,2026,54.3636,16.0912,25.9089,29.5152,3.5287,2.7147,1603.0,220020.0,3.5272,99.0159
11237,2023,58.5108,25.9459,26.8125,30.5099,1.9743,3.2002,1441.0,114364.2857,3.4408,87.1968
11237,2024,58.5108,25.9459,26.8125,30.5099,1.9743,3.2002,1441.0,116757.1429,3.4521,88.1945
11237,2025,58.5108,25.9459,26.8125,30.5099,1.9743,3.2002,1441.0,120142.8571,3.447,89.2636
11237,2026,58.5108,25.9459,26.8125,30.5099,1.9743,3.2002,1441.0,122464.2857,3.447,89.2636
11238,2023,62.8891,17.8336,33.3504,35.8739,2.7121,4.9965,1178.0,91980.0,0.0,71.1849
11238,2024,62.8891,17.8336,33.3504,35.8739,2.7121,4.9965,1178.0,93640.0,0.0,74.5814
11238,2025,62.8891,17.8336,33.3504,35.8739,2.7121,4.9965,1178.0,94520.0,0.0,74.674
11238,2026,62.8891,17.8336,33.3504,35.8739,2.7121,4.9965,1178.0,95380.0,0.0,74.674
11239,2023,57.9069,23.6134,32.903,32.4149,6.4796,2.807,1358.0,67285.7143,13.8328,72.4166
11239,2024,57.9069,23.6134,32.903,32.4149,6.4796,2.807,1358.0,67471.4286,13.8656,73.6092
11239,2025,57.9069,23.6134,32.903,32.4149,6.4796,2.807,1358.0,67671.4286,13.851,73.4583
11239,2026,57.9069,23.6134,32.903,32.4149,6.4796,2.807,1358.0,67728.5714,13.851,73.4583
11240,2023,62.5123,27.3869,33.1818,32.2501,1.7823,6.2816,1051.0,44550.0,14.1689,46.1542
11240,2024,62.5123,27.3869,33.1818,32.2501,1.7823,6.2816,1051.0,44375.0,14.2674,46.2365
11240,2025,62.5123,27.3869,33.1818,32.2501,1.7823,6.2816,1051.0,44200.0,14.344,46.1486
11240,2026,62.5123,27.3869,33.1818,32.2501,1.7823,6.2816,1051.0,44025.0,14.344,46.1486
11241,2023,53.9698,14.9202,29.5626,31.6705,5.5521,1.9488,1434.0,84880.0,4.1316,74.1459
11241,2024,53.9698,14.9202,29.5626,31.6705,5.5521,1.9488,1434.0,86840.0,4.1391,78.535
11241,2025,53.9698,14.9202,29.5626,31.6705,5.5521,1.9488,1434.0,88980.0,0.0,78.554
11241,2026,53.9698,14.9202,29.5626,31.6705,5.5521,1.9488,1434.0,89980.0,0.0,78.554
11242,2023,66.3749,26.0426,32.7627,35.2833,3.1746,5.6263,1203.0,51100.0,20.141,64.8631
11242,2024,66.3749,26.0426,32.7627,35.2833,3.1746,5.6263,1203.0,51080.0,20.2221,64.3522
11242,2025,66.3749,26.0426,32.7627,35.2833,3.1746,5.6263,1203.0,51160.0,20.2982,64.4948
11242,2026,66.3749,26.0426,32.7627,35.2833,3.1746,5.6263,1203.0,51220.0,20.2982,64.4948
11243,2023,60.3053,17.0354,29.0306,37.0774,3.3073,2.5492,1505.0,99000.0,0.0,83.3482
11243,2024,60.3053,17.0354,29.0306,37.0774,3.3073,2.5492,1505.0,100040.0,0.0,83.559
11243,2025,60.3053,17.0354,29.0306,37.0774,3.3073,2.5492,1505.0,101100.0,0.0,83.7339
11243,2026,60.3053,17.0354,29.0306,37.0774,3.3073,2.5492,1505.0,101900.0,0.0,83.7339
11245,2023,56.7602,13.8969,25.3136,25.7767,4.0258,2.8278,1519.0,182666.6667,10.1615,94.1352
11245,2024,56.7602,13.8969,25.3136,25.7767,4.0258,2.8278,1519.0,188500.0,9.9683,94.3636
11245,2025,56.7602,13.8969,25.3136,25.7767,4.0258,2.8278,1519.0,195500.0,9.602,94.5373
11245,2026,56.7602,13.8969,25.3136,25.7767,4.0258,2.8278,1519.0,201833.3333,9.602,94.5373
11246,2023,67.2701,11.4965,29.5302,41.1247,3.1564,5.3887,1285.0,87000.0,0.0,70.2453
11246,2024,67.2701,11.4965,29.5302,41.1247,3.1564,5.3887,1285.0,87366.6667,0.0,70.4705
11246,2025,67.2701,11.4965,29.5302,41.1247,3.1564,5.3887,1285.0,87633.3333,0.0,70.5652
11246,2026,67.2701,11.4965,29.5302,41.1247,3.1564,5.3887,1285.0,87933.3333,0.0,70.5652
11301,2023,59.7674,15.0822,27.0694,46.3953,5.2033,3.5123,1345.0,83775.0,2.6536,75.6706
11301,2024,59.7674,15.0822,27.0694,46.3953,5.2033,3.5123,1345.0,84150.0,2.664,75.8086
11301,2025,59.7674,15.0822,27.0694,46.3953,5.2033,3.5123,1345.0,84150.0,2.6642,76.1978
11301,2026,59.7674,15.0822,27.0694,46.3953,5.2033,3.5123,1345.0,84150.0,2.6642,76.1978
11324,2023,62.5687,20.0,29.8669,29.622,1.1258,6.6787,1432.0,150666.6667,0.0,94.6473
11324,2024,62.5687,20.0,29.8669,29.622,1.1258,6.6787,1432.0,155000.0,0.0,94.7855
11324,2025,62.5687,20.0,29.8669,29.622,1.1258,6.6787,1432.0,160666.6667,0.0,95.1414
11324,2026,62.5687,20.0,29.8669,29.622,1.1258,6.6787,1432.0,166333.3333,0.0,95.1414
11326,2023,55.0,16.5567,34.9562,27.8384,1.6615,6.6419,1337.0,37350.0,21.1553,68.5369
11326,2024,55.0,16.5567,34.9562,27.8384,1.6615,6.6419,1337.0,37200.0,21.3193,68.6513
11326,2025,55.0,16.5567,34.9562,27.8384,1.6615,6.6419,1337.0,37325.0,21.5336,69.0166
11326,2026,55.0,16.5567,34.9562,27.8384,1.6615,6.6419,1337.0,37325.0,21.5336,69.0166
11327,2023,,,,,,,,29950.0,111.974,51.9144
11327,2024,,,,,,,,29900.0,114.1489,54.009
11327,2025,,,,,,,,29850.0,115.2738,53.8719
11327,2026,,,,,,,,29775.0,115.2738,53.8719
11341,2023,57.9301,15.0538,24.7637,36.2903,0.0,7.5741,1243.0,50960.0,0.0,56.5268
11341,2024,57.9301,15.0538,24.7637,36.2903,0.0,7.5741,1243.0,51240.0,0.0,56.1053
11341,2025,57.9301,15.0538,24.7637,36.2903,0.0,7.5741,1243.0,51240.0,0.0,56.3901
11341,2026,57.9301,15.0538,24.7637,36.2903,0.0,7.5741,1243.0,51240.0,0.0,56.3901
11342,2023,63.0312,21.3534,33.8156,33.6634,0.2782,8.5234,1097.0,38266.6667,0.0,68.0552
11342,2024,63.0312,21.3534,33.8156,33.6634,0.2782,8.5234,1097.0,38200.0,0.0,68.7942
11342,2025,63.0312,21.3534,33.8156,33.6634,0.2782,8.5234,1097.0,38100.0,0.0,68.9174
11342,2026,63.0312,21.3534,33.8156,33.6634,0.2782,8.5234,1097.0,37966.6667,0.0,68.9174
11343,2023,62.2378,22.6212,34.8577,27.8846,5.8671,9.8227,1023.0,26580.0,40.7166,55.3038
11343,2024,62.2378,22.6212,34.8577,27.8846,5.8671,9.8227,1023.0,26460.0,40.8807,56.2827
11343,2025,62.2378,22.6212,34.8577,27.8846,5.8671,9.8227,1023.0,26340.0,41.1688,58.3248
11343,2026,62.2378,22.6212,34.8577,27.8846,5.8671,9.8227,1023.0,26220.0,41.1688,58.3248
11346,2023,64.0805,20.8824,33.4951,32.6619,5.663,12.1394,966.0,27350.0,0.0,51.7876
11346,2024,64.0805,20.8824,33.4951,32.6619,5.663,12.1394,966.0,27050.0,0.0,51.5206
11346,2025,64.0805,20.8824,33.4951,32.6619,5.663,12.1394,966.0,26800.0,0.0,52.0968
11346,2026,64.0805,20.8824,33.4951,32.6619,5.663,12.1394,966.0,26550.0,0.0,52.0968
11347,2023,71.4286,22.7068,35.52,34.8872,2.3774,8.522,827.0,22650.0,0.0,28.763
11347,2024,71.4286,22.7068,35.52,34.8872,2.3774,8.522,827.0,22675.0,0.0,28.6858
11347,2025,71.4286,22.7068,35.52,34.8872,2.3774,8.522,827.0,22600.0,0.0,28.7174
11347,2026,71.4286,22.7068,35.52,34.8872,2.3774,8.522,827.0,22525.0,0.0,28.7174
11348,2023,,,,,,,,28766.6667,0.0,67.6623
11348,2024,,,,,,,,28466.6667,0.0,67.7258
11348,2025,,,,,,,,28266.6667,0.0,67.5559
11348,2026,,,,,,,,28066.6667,0.0,67.5559
11349,2023,,,,,,,,16000.0,0.0,0.0
11349,2024,,,,,,,,15800.0,0.0,0.0
11349,2025,,,,,,,,15633.3333,0.0,0.0
11349,2026,,,,,,,,15466.6667,0.0,0.0
11361,2023,,,,,,,,32475.0,0.0,40.7403
11361,2024,,,,,,,,32350.0,0.0,42.0108
11361,2025,,,,,,,,32225.0,0.0,42.2971
11361,2026,,,,,,,,32150.0,0.0,42.2971
11362,2023,,,,,,,,19900.0,116.9337,63.783
11362,2024,,,,,,,,19725.0,119.337,65.0939
11362,2025,,,,,,,,19550.0,121.649,65.7918
11362,2026,,,,,,,,19400.0,121.649,65.7918
11363,2023,,,,,,,,16300.0,126.1261,70.1802
11363,2024,,,,,,,,16150.0,128.9134,71.3935
11363,2025,,,,,,,,16000.0,128.7891,72.6245
11363,2026,,,,,,,,15850.0,128.7891,72.6245
11365,2023,,,,,,,,14060.0,260.7795,0.0
11365,2024,,,,,,,,13900.0,262.6987,0.0
11365,2025,,,,,,,,13760.0,268.363,0.0
11365,2026,,,,,,,,13620.0,268.363,0.0
11369,2023,,,,,,,,8466.6667,176.6091,0.0
11369,2024,,,,,,,,8340.0,141.5285,0.0
11369,2025,,,,,,,,8256.6667,145.4697,0.0
11369,2026,,,,,,,,8173.3333,145.4697,0.0
11381,2023,,,,,,,,14150.0,0.0,7.118
11381,2024,,,,,,,,14100.0,0.0,20.5749
11381,2025,,,,,,,,14050.0,0.0,20.5803
11381,2026,,,,,,,,14000.0,0.0,20.5803
11383,2023,,,,,,,,12191.6667,16.0037,12.4829
11383,2024,,,,,,,,12150.0,16.2942,12.6862
11383,2025,,,,,,,,12108.3333,16.459,12.7126
11383,2026,,,,,,,,12066.6667,16.459,12.7126
11385,2023,56.1242,14.6469,32.3222,35.4324,7.2607,6.1224,896.0,27750.0,29.456,17.3954
11385,2024,56.1242,14.6469,32.3222,35.4324,7.2607,6.1224,896.0,27725.0,29.4609,17.634
11385,2025,56.1242,14.6469,32.3222,35.4324,7.2607,6.1224,896.0,27700.0,29.4792,17.7432
11385,2026,56.1242,14.6469,32.3222,35.4324,7.2607,6.1224,896.0,27625.0,29.4792,17.7432
11408,2023,64.1321,24.0385,28.8296,32.924,2.689,7.4074,772.0,19625.0,59.2487,26.8077
11408,2024,64.1321,24.0385,28.8296,32.924,2.689,7.4074,772.0,19375.0,59.6111,26.9717
11408,2025,64.1321,24.0385,28.8296,32.924,2.689,7.4074,772.0,19400.0,60.2999,28.1515
11408,2026,64.1321,24.0385,28.8296,32.924,2.689,7.4074,772.0,19600.0,60.2999,28.1515
11442,2023,59.4803,18.3989,33.8865,39.3258,1.0225,3.5545,1298.0,51580.0,0.0,73.4797
11442,2024,59.4803,18.3989,33.8865,39.3258,1.0225,3.5545,1298.0,51740.0,0.0,74.0613
11442,2025,59.4803,18.3989,33.8865,39.3258,1.0225,3.5545,1298.0,51920.0,0.0,74.2314
11442,2026,59.4803,18.3989,33.8865,39.3258,1.0225,3.5545,1298.0,51960.0,0.0,74.2314
11464,2023,66.8739,26.0352,34.9164,32.1651,1.9879,4.9734,876.0,62666.6667,16.9806,71.1782
11464,2024,66.8739,26.0352,34.9164,32.1651,1.9879,4.9734,876.0,62666.6667,17.04,70.7298
11464,2025,66.8739,26.0352,34.9164,32.1651,1.9879,4.9734,876.0,62700.0,17.2168,70.6464
11464,2026,66.8739,26.0352,34.9164,32.1651,1.9879,4.9734,876.0,62733.3333,17.2168,70.6464
11465,2023,55.618,14.7142,28.0922,39.269,0.5535,3.4247,1139.0,50000.0,0.0,69.3218
11465,2024,55.618,14.7142,28.0922,39.269,0.5535,3.4247,1139.0,50433.3333,0.0,69.5309
11465,2025,55.618,14.7142,28.0922,39.269,0.5535,3.4247,1139.0,51166.6667,0.0,69.4942
11465,2026,55.618,14.7142,28.0922,39.269,0.5535,3.4247,1139.0,51566.6667,0.0,69.4942
12100,2023,59.7373,23.3255,29.2637,31.0369,3.023,2.6826,1530.0,112668.4783,69.4666,97.4728
12100,2024,59.7373,23.3255,29.2637,31.0369,3.023,2.6826,1530.0,115567.7419,69.333,97.675
12100,2025,59.7373,23.3255,29.2637,31.0369,3.023,2.6826,1530.0,121579.5699,68.5743,97.5859
12100,2026,59.7373,23.3255,29.2637,31.0369,3.023,2.6826,1530.0,129445.1613,68.5743,97.5859
12202,2023,56.2151,31.5358,34.5142,25.8065,5.4407,10.5934,1054.0,28875.0,141.2023,48.1844
12202,2024,56.2151,31.5358,34.5142,25.8065,5.4407,10.5934,1054.0,28187.5,144.6852,48.2478
12202,2025,56.2151,31.5358,34.5142,25.8065,5.4407,10.5934,1054.0,27437.5,147.4456,48.1532
12202,2026,56.2151,31.5358,34.5142,25.8065,5.4407,10.5934,1054.0,26600.0,147.4456,48.1532
12203,2023,49.5781,17.1712,24.9763,23.7888,4.1087,3.9257,1867.0,236019.2308,40.5226,77.6887
12203,2024,49.5781,17.1712,24.9763,23.7888,4.1087,3.9257,1867.0,264953.8462,40.4143,79.2055
12203,2025,49.5781,17.1712,24.9763,23.7888,4.1087,3.9257,1867.0,296711.1111,40.2652,80.4091
12203,2026,49.5781,17.1712,24.9763,23.7888,4.1087,3.9257,1867.0,307907.4074,40.2652,80.4091
12204,2023,57.6802,19.3768,27.1306,29.9173,4.4312,3.8111,1836.0,153218.4211,22.7344,90.9724
12204,2024,57.6802,19.3768,27.1306,29.9173,4.4312,3.8111,1836.0,165307.8947,22.797,91.8676
12204,2025,57.6802,19.3768,27.1306,29.9173,4.4312,3.8111,1836.0,177852.6316,22.8367,92.3512
12204,2026,57.6802,19.3768,27.1306,29.9173,4.4312,3.8111,1836.0,197676.9231,22.8367,92.3512
12205,2023,57.5277,32.0243,33.4457,27.4551,2.7027,11.1194,1020.0,26557.1429,52.3759,12.3106
12205,2024,57.5277,32.0243,33.4457,27.4551,2.7027,11.1194,1020.0,26514.2857,52.9891,12.4547
12205,2025,57.5277,32.0243,33.4457,27.4551,2.7027,11.1194,1020.0,26500.0,53.7264,12.628
12205,2026,57.5277,32.0243,33.4457,27.4551,2.7027,11.1194,1020.0,26542.8571,53.7264,12.628
12206,2023,56.6994,20.5026,30.1583,35.0877,4.3723,6.2788,1059.0,32666.6667,29.5665,56.0465
12206,2024,56.6994,20.5026,30.1583,35.0877,4.3723,6.2788,1059.0,34038.8889,27.4502,56.2619
12206,2025,56.6994,20.5026,30.1583,35.0877,4.3723,6.2788,1059.0,35111.1111,27.4037,56.2937
12206,2026,56.6994,20.5026,30.1583,35.0877,4.3723,6.2788,1059.0,36322.2222,27.4037,56.2937
12207,2023,58.1976,22.7633,30.7041,29.3365,3.963,5.7225,1509.0,142159.375,34.4182,88.4318
12207,2024,58.1976,22.7633,30.7041,29.3365,3.963,5.7225,1509.0,145418.75,34.6432,89.0802
12207,2025,58.1976,22.7633,30.7041,29.3365,3.963,5.7225,1509.0,151212.5,31.4352,90.3149
12207,2026,58.1976,22.7633,30.7041,29.3365,3.963,5.7225,1509.0,165969.697,31.4352,90.3149
12208,2023,59.7222,20.0779,30.995,35.3129,2.7584,7.7044,1156.0,48388.2353,32.2138,71.2484
12208,2024,59.7222,20.0779,30.995,35.3129,2.7584,7.7044,1156.0,50047.0588,32.1815,72.2166
12208,2025,59.7222,20.0779,30.995,35.3129,2.7584,7.7044,1156.0,52264.7059,32.2396,72.7644
12208,2026,59.7222,20.0779,30.995,35.3129,2.7584,7.7044,1156.0,53827.7778,32.2396,72.7644
12210,2023,56.0619,18.1105,32.5467,32.9114,3.1978,10.0389,969.0,24775.0,54.374,35.0477
12210,2024,56.0619,18.1105,32.5467,32.9114,3.1978,10.0389,969.0,24816.6667,54.8417,35.2672
12210,2025,56.0619,18.1105,32.5467,32.9114,3.1978,10.0389,969.0,24916.6667,55.322,35.6192
12210,2026,56.0619,18.1105,32.5467,32.9114,3.1978,10.0389,969.0,25041.6667,55.322,35.6192
12211,2023,55.9582,20.1486,28.6581,31.1035,3.3345,4.1966,1478.0,39523.913,23.827,77.7355
12211,2024,55.9582,20.1486,28.6581,31.1035,3.3345,4.1966,1478.0,41119.5652,23.708,78.4947
12211,2025,55.9582,20.1486,28.6581,31.1035,3.3345,4.1966,1478.0,44154.3478,23.5915,78.7286
12211,2026,55.9582,20.1486,28.6581,31.1035,3.3345,4.1966,1478.0,47710.8696,23.5915,78.7286
12212,2023,59.8265,16.4017,34.8528,33.9556,1.8065,7.7098,1212.0,66200.0,13.2392,92.7417
12212,2024,59.8265,16.4017,34.8528,33.9556,1.8065,7.7098,1212.0,67194.1176,13.3211,92.6652
12212,2025,59.8265,16.4017,34.8528,33.9556,1.8065,7.7098,1212.0,68529.4118,13.3919,92.6268
12212,2026,59.8265,16.4017,34.8528,33.9556,1.8065,7.7098,1212.0,70188.2353,13.3919,92.6268
12213,2023,49.1539,13.0341,29.8109,31.6137,3.1005,8.2205,1108.0,22750.0,23.3988,42.123
12213,2024,49.1539,13.0341,29.8109,31.6137,3.1005,8.2205,1108.0,22733.3333,23.5638,42.158
12213,2025,49.1539,13.0341,29.8109,31.6137,3.1005,8.2205,1108.0,22816.6667,23.5298,42.0936
12213,2026,49.1539,13.0341,29.8109,31.6137,3.1005,8.2205,1108.0,22983.3333,23.5298,42.0936
12215,2023,56.1774,23.6166,28.641,35.4714,3.4353,7.1222,1092.0,13054.1667,72.4215,10.4372
12215,2024,56.1774,23.6166,28.641,35.4714,3.4353,7.1222,1092.0,13054.1667,72.1947,10.3734
12215,2025,56.1774,23.6166,28.641,35.4714,3.4353,7.1222,1092.0,13100.0,73.081,10.3943
12215,2026,56.1774,23.6166,28.641,35.4714,3.4353,7.1222,1092.0,13091.6667,73.081,10.3943
12216,2023,62.1505,16.4709,28.7969,30.3352,3.772,2.559,1669.0,177833.3333,32.3776,95.7011
12216,2024,62.1505,16.4709,28.7969,30.3352,3.772,2.559,1669.0,182833.3333,32.3497,95.6534
12216,2025,62.1505,16.4709,28.7969,30.3352,3.772,2.559,1669.0,191750.0,32.3235,95.8248
12216,2026,62.1505,16.4709,28.7969,30.3352,3.772,2.559,1669.0,202250.0,32.3235,95.8248
12217,2023,58.9387,12.3612,28.097,35.1184,2.1963,2.3028,1573.0,109690.4762,19.1823,90.7883
12217,2024,58.9387,12.3612,28.097,35.1184,2.1963,2.3028,1573.0,117109.5238,19.1032,90.9338
12217,2025,58.9387,12.3612,28.097,35.1184,2.1963,2.3028,1573.0,126272.093,19.0113,91.0169
12217,2026,58.9387,12.3612,28.097,35.1184,2.1963,2.3028,1573.0,133948.8372,19.0113,91.0169
12218,2023,54.1069,34.3832,40.8759,22.4543,1.995,9.1371,1176.0,17700.0,96.9125,0.0
12218,2024,54.1069,34.3832,40.8759,22.4543,1.995,9.1371,1176.0,17433.3333,99.5978,0.0
12218,2025,54.1069,34.3832,40.8759,22.4543,1.995,9.1371,1176.0,17250.0,102.5439,0.0
12218,2026,54.1069,34.3832,40.8759,22.4543,1.995,9.1371,1176.0,17133.3333,102.5439,0.0
12219,2023,53.0538,21.155,30.2399,32.2613,3.7021,6.3788,1169.0,45573.6364,33.3599,65.6471
12219,2024,53.0538,21.155,30.2399,32.2613,3.7021,6.3788,1169.0,46540.9091,33.4802,65.9824
12219,2025,53.0538,21.155,30.2399,32.2613,3.7021,6.3788,1169.0,48074.8485,33.6879,66.3248
12219,2026,53.0538,21.155,30.2399,32.2613,3.7021,6.3788,1169.0,50287.5758,33.6879,66.3248
12220,2023,63.5536,11.1004,27.0022,39.9425,2.1397,2.726,1686.0,148472.2222,21.545,93.6757
12220,2024,63.5536,11.1004,27.0022,39.9425,2.1397,2.726,1686.0,161388.8889,21.3066,93.8576
12220,2025,63.5536,11.1004,27.0022,39.9425,2.1397,2.726,1686.0,181052.6316,20.9351,94.5851
12220,2026,63.5536,11.1004,27.0022,39.9425,2.1397,2.726,1686.0,205026.3158,20.9351,94.5851
12221,2023,58.0852,19.7051,24.9956,32.9831,1.7315,1.7823,1341.0,113182.3529,7.2295,92.6059
12221,2024,58.0852,19.7051,24.9956,32.9831,1.7315,1.7823,1341.0,114688.2353,7.3391,92.712
12221,2025,58.0852,19.7051,24.9956,32.9831,1.7315,1.7823,1341.0,117264.7059,5.3703,92.559
12221,2026,58.0852,19.7051,24.9956,32.9831,1.7315,1.7823,1341.0,120464.7059,5.3703,92.559
12222,2023,60.1159,22.8855,32.4799,33.19,2.4917,5.4496,1289.0,87661.5385,23.3652,84.8745
12222,2024,60.1159,22.8855,32.4799,33.19,2.4917,5.4496,1289.0,93800.0,23.3079,85.1347
12222,2025,60.1159,22.8855,32.4799,33.19,2.4917,5.4496,1289.0,99830.7692,23.3024,85.273
12222,2026,60.1159,22.8855,32.4799,33.19,2.4917,5.4496,1289.0,104230.7692,23.3024,85.273
12223,2023,53.3236,34.93,34.0932,21.2719,5.3922,13.2227,1211.0,18950.0,46.6797,0.0
12223,2024,53.3236,34.93,34.0932,21.2719,5.3922,13.2227,1211.0,18962.5,47.3718,0.0
12223,2025,53.3236,34.93,34.0932,21.2719,5.3922,13.2227,1211.0,18987.5,48.33,0.0
12223,2026,53.3236,34.93,34.0932,21.2719,5.3922,13.2227,1211.0,19000.0,48.33,0.0
12224,2023,58.0077,18.013,29.0606,28.4672,1.9808,3.9261,1317.0,93272.7273,13.3255,70.7714
12224,2024,58.0077,18.013,29.0606,28.4672,1.9808,3.9261,1317.0,94627.2727,13.3264,72.3943
12224,2025,58.0077,18.013,29.0606,28.4672,1.9808,3.9261,1317.0,97954.5455,13.3021,73.9461
12224,2026,58.0077,18.013,29.0606,28.4672,1.9808,3.9261,1317.0,105000.0,13.3021,73.9461
12225,2023,54.7514,25.7812,35.3073,27.9106,3.1883,6.2167,1156.0,30060.7143,13.4276,62.006
12225,2024,54.7514,25.7812,35.3073,27.9106,3.1883,6.2167,1156.0,30485.7143,13.5581,62.5002
12225,2025,54.7514,25.7812,35.3073,27.9106,3.1883,6.2167,1156.0,31207.1429,13.7072,62.7427
12225,2026,54.7514,25.7812,35.3073,27.9106,3.1883,6.2167,1156.0,31832.1429,13.7072,62.7427
12226,2023,56.9825,34.0065,31.9733,30.5053,2.8519,12.654,954.0,15540.0,37.8235,19.7711
12226,2024,56.9825,34.0065,31.9733,30.5053,2.8519,12.654,954.0,15415.0,37.6955,19.9421
12226,2025,56.9825,34.0065,31.9733,30.5053,2.8519,12.654,954.0,15340.0,37.3513,20.2637
12226,2026,56.9825,34.0065,31.9733,30.5053,2.8519,12.654,954.0,15290.0,37.3513,20.2637
12227,2023,59.3275,10.9136,28.6636,26.4313,2.7057,1.595,2174.0,319250.0,10.1444,100.345
12227,2024,59.3275,10.9136,28.6636,26.4313,2.7057,1.595,2174.0,347666.6667,10.0779,100.2133
12227,2025,59.3275,10.9136,28.6636,26.4313,2.7057,1.595,2174.0,379000.0,10.0396,100.1769
12227,2026,59.3275,10.9136,28.6636,26.4313,2.7057,1.595,2174.0,396833.3333,10.0396,100.1769
12228,2023,62.9088,19.0781,31.1594,35.9383,4.0286,4.8825,1214.0,53270.0,26.2923,88.1113
12228,2024,62.9088,19.0781,31.1594,35.9383,4.0286,4.8825,1214.0,54160.0,26.2233,87.8585
12228,2025,62.9088,19.0781,31.1594,35.9383,4.0286,4.8825,1214.0,55430.0,26.2383,87.7033
12228,2026,62.9088,19.0781,31.1594,35.9383,4.0286,4.8825,1214.0,58440.0,26.2383,87.7033
12229,2023,59.4776,16.8595,29.0881,39.7309,1.7598,3.9411,1156.0,51387.5,13.4026,68.044
12229,2024,59.4776,16.8595,29.0881,39.7309,1.7598,3.9411,1156.0,53262.5,13.3289,67.8743
12229,2025,59.4776,16.8595,29.0881,39.7309,1.7598,3.9411,1156.0,56087.5,13.315,67.7172
12229,2026,59.4776,16.8595,29.0881,39.7309,1.7598,3.9411,1156.0,59625.0,13.315,67.7172
12230,2023,50.5482,16.6862,31.5068,24.7807,3.4152,9.5729,889.0,18000.0,61.1312,28.4809
12230,2024,50.5482,16.6862,31.5068,24.7807,3.4152,9.5729,889.0,17883.3333,59.2484,28.7541
12230,2025,50.5482,16.6862,31.5068,24.7807,3.4152,9.5729,889.0,17816.6667,57.931,29.1081
12230,2026,50.5482,16.6862,31.5068,24.7807,3.4152,9.5729,889.0,17783.3333,57.931,29.1081
12231,2023,69.6265,7.988,25.7371,39.4164,1.8451,4.0671,1068.0,39285.7143,0.0,82.7062
12231,2024,69.6265,7.988,25.7371,39.4164,1.8451,4.0671,1068.0,40700.0,0.0,81.9985
12231,2025,69.6265,7.988,25.7371,39.4164,1.8451,4.0671,1068.0,42964.2857,0.0,81.3874
12231,2026,69.6265,7.988,25.7371,39.4164,1.8451,4.0671,1068.0,50326.6667,0.0,81.3874
12232,2023,71.4223,16.6225,35.3628,40.4637,0.3357,3.7066,1373.0,58000.0,0.0,82.7846
12232,2024,71.4223,16.6225,35.3628,40.4637,0.3357,3.7066,1373.0,59420.0,0.0,82.2884
12232,2025,71.4223,16.6225,35.3628,40.4637,0.3357,3.7066,1373.0,68583.3333,0.0,81.5712
12232,2026,71.4223,16.6225,35.3628,40.4637,0.3357,3.7066,1373.0,73800.0,0.0,81.5712
12233,2023,51.875,20.8854,33.0817,28.9062,1.6245,6.1166,1198.0,40220.0,0.0,66.9298
12233,2024,51.875,20.8854,33.0817,28.9062,1.6245,6.1166,1198.0,35650.0,0.0,67.1016
12233,2025,51.875,20.8854,33.0817,28.9062,1.6245,6.1166,1198.0,37750.0,0.0,66.8373
12233,2026,51.875,20.8854,33.0817,28.9062,1.6245,6.1166,1198.0,40300.0,0.0,66.8373
12234,2023,64.9579,41.4255,35.2763,25.9831,4.8421,12.4816,773.0,13551.6667,14.0477,0.0
12234,2024,64.9579,41.4255,35.2763,25.9831,4.8421,12.4816,773.0,13459.5833,14.3616,0.0
12234,2025,64.9579,41.4255,35.2763,25.9831,4.8421,12.4816,773.0,13367.5,14.6774,0.0
12234,2026,64.9579,41.4255,35.2763,25.9831,4.8421,12.4816,773.0,13308.75,14.6774,0.0
12235,2023,49.509,29.8291,26.1152,29.2962,2.6835,11.4808,913.0,14081.25,60.8655,0.0
12235,2024,49.509,29.8291,26.1152,29.2962,2.6835,11.4808,913.0,14056.25,61.8398,0.0
12235,2025,49.509,29.8291,26.1152,29.2962,2.6835,11.4808,913.0,14018.75,62.7741,0.0
12235,2026,49.509,29.8291,26.1152,29.2962,2.6835,11.4808,913.0,13962.5,62.7741,0.0
12236,2023,56.6781,34.2646,26.3088,30.8075,2.6003,11.1689,1012.0,17537.5,43.1346,30.4837
12236,2024,56.6781,34.2646,26.3088,30.8075,2.6003,11.1689,1012.0,17470.8333,43.7909,30.8401
12236,2025,56.6781,34.2646,26.3088,30.8075,2.6003,11.1689,1012.0,17412.5,41.9691,31.1276
12236,2026,56.6781,34.2646,26.3088,30.8075,2.6003,11.1689,1012.0,17354.1667,41.9691,31.1276
12237,2023,49.2545,21.0586,27.8988,26.0916,2.7575,9.7135,725.0,12995.8333,31.159,0.0
12237,2024,49.2545,21.0586,27.8988,26.0916,2.7575,9.7135,725.0,12962.5,31.6318,0.0
12237,2025,49.2545,21.0586,27.8988,26.0916,2.7575,9.7135,725.0,12945.8333,32.0452,0.0
12237,2026,49.2545,21.0586,27.8988,26.0916,2.7575,9.7135,725.0,12920.8333,32.0452,0.0
12238,2023,57.0489,30.6735,30.1041,32.6516,0.8584,13.5878,781.0,12076.9231,60.4524,0.0
12238,2024,57.0489,30.6735,30.1041,32.6516,0.8584,13.5878,781.0,11975.3846,61.4922,0.0
12238,2025,57.0489,30.6735,30.1041,32.6516,0.8584,13.5878,781.0,11882.3077,61.3744,0.0
12238,2026,57.0489,30.6735,30.1041,32.6516,0.8584,13.5878,781.0,11796.9231,61.3744,0.0
12239,2023,56.6018,17.1634,28.054,33.0092,4.093,9.1375,1055.0,23090.0,15.4904,51.5397
12239,2024,56.6018,17.1634,28.054,33.0092,4.093,9.1375,1055.0,24416.6667,15.5666,51.3782
12239,2025,56.6018,17.1634,28.054,33.0092,4.093,9.1375,1055.0,24566.6667,15.5266,51.5757
12239,2026,56.6018,17.1634,28.054,33.0092,4.093,9.1375,1055.0,24900.0,15.5266,51.5757
12322,2023,55.1529,21.4617,32.1656,25.3968,0.2188,1.4663,1198.0,41880.0,8.85,90.8353
12322,2024,55.1529,21.4617,32.1656,25.3968,0.2188,1.4663,1198.0,42120.0,8.9078,92.6016
12322,2025,55.1529,21.4617,32.1656,25.3968,0.2188,1.4663,1198.0,42980.0,8.9575,92.8191
12322,2026,55.1529,21.4617,32.1656,25.3968,0.2188,1.4663,1198.0,43860.0,8.9575,92.8191
12329,2023,54.1823,11.375,35.0217,26.7166,0.3667,7.8473,1024.0,26200.0,0.0,86.4697
12329,2024,54.1823,11.375,35.0217,26.7166,0.3667,7.8473,1024.0,26200.0,0.0,86.4127
12329,2025,54.1823,11.375,35.0217,26.7166,0.3667,7.8473,1024.0,26275.0,0.0,86.5573
12329,2026,54.1823,11.375,35.0217,26.7166,0.3667,7.8473,1024.0,26275.0,0.0,86.5573
12342,2023,,,,,,,,7750.0,20.8297,0.0
12342,2024,,,,,,,,7716.6667,21.1305,0.0
12342,2025,,,,,,,,7683.3333,21.2993,0.0
12342,2026,,,,,,,,7633.3333,21.2993,0.0
12347,2023,,,,,,,,9050.0,0.0,0.0
12347,2024,,,,,,,,9016.6667,0.0,0.0
12347,2025,,,,,,,,8966.6667,0.0,0.0
12347,2026,,,,,,,,8916.6667,0.0,0.0
12349,2023,,,,,,,,12700.0,0.0,0.0
12349,2024,,,,,,,,12600.0,0.0,0.0
12349,2025,,,,,,,,12500.0,0.0,0.0
12349,2026,,,,,,,,12366.6667,0.0,0.0
12403,2023,,,,,,,,8760.0,12.3077,0.0
12403,2024,,,,,,,,8720.0,12.5584,0.0
12403,2025,,,,,,,,8640.0,12.8535,0.0
12403,2026,,,,,,,,8560.0,12.8535,0.0
12409,2023,,,,,,,,9837.5,0.0,40.4055
12409,2024,,,,,,,,9787.5,0.0,41.7651
12409,2025,,,,,,,,9762.5,0.0,42.2336
12409,2026,,,,,,,,9712.5,0.0,42.2336
12410,2023,53.699,29.5393,27.9037,34.6497,1.5,11.7098,858.0,10875.0,37.8905,0.0
12410,2024,53.699,29.5393,27.9037,34.6497,1.5,11.7098,858.0,10837.5,38.4306,0.0
12410,2025,53.699,29.5393,27.9037,34.6497,1.5,11.7098,858.0,10825.0,38.9228,0.0
12410,2026,53.699,29.5393,27.9037,34.6497,1.5,11.7098,858.0,10800.0,38.9228,0.0
12421,2023,,,,,,,,23925.0,86.9636,0.0
12421,2024,,,,,,,,24500.0,87.1052,0.0
12421,2025,,,,,,,,25075.0,87.0343,0.0
12421,2026,,,,,,,,25675.0,87.0343,0.0
12422,2023,,,,,,,,12150.0,103.7652,0.0
12422,2024,,,,,,,,12125.0,102.8122,0.0
12422,2025,,,,,,,,12075.0,103.8326,0.0
12422,2026,,,,,,,,12000.0,103.8326,0.0
12423,2023,,,,,,,,11400.0,8.7349,44.2932
12423,2024,,,,,,,,11312.5,8.879,45.9415
12423,2025,,,,,,,,11225.0,9.0436,47.366
12423,2026,,,,,,,,11137.5,9.0436,47.366
12424,2023,,,,,,,,9925.0,10.2602,0.0
12424,2024,,,,,,,,9825.0,10.4117,0.0
12424,2025,,,,,,,,9737.5,10.6014,0.0
12424,2026,,,,,,,,9650.0,10.6014,0.0
12426,2023,,,,,,,,10375.0,252.9485,0.0
12426,2024,,,,,,,,10275.0,258.0747,0.0
12426,2025,,,,,,,,10175.0,261.5113,0.0
12426,2026,,,,,,,,10075.0,261.5113,0.0
12427,2023,,,,,,,,9400.0,65.9222,0.0
12427,2024,,,,,,,,9325.0,67.6515,0.0
12427,2025,,,,,,,,9250.0,69.2677,0.0
12427,2026,,,,,,,,9175.0,69.2677,0.0
12441,2023,,,,,,,,6675.0,132.6958,0.0
12441,2024,,,,,,,,6632.5,135.9628,0.0
12441,2025,,,,,,,,6590.0,138.6633,0.0
12441,2026,,,,,,,,6547.5,138.6633,0.0
12443,2023,,,,,,,,14333.3333,42.1704,0.0
12443,2024,,,,,,,,14133.3333,42.8571,0.0
12443,2025,,,,,,,,14000.0,43.4028,0.0
12443,2026,,,,,,,,13866.6667,43.4028,0.0
12463,2023,,,,,,,,13437.5,45.7797,0.0
12463,2024,,,,,,,,13372.5,46.7221,0.0
12463,2025,,,,,,,,13312.5,47.9114,0.0
12463,2026,,,,,,,,13275.0,47.9114,0.0
13101,2023,76.845,9.6944,16.726,26.3223,2.7122,1.3741,3807.0,3057500.0,78.9268,100.2242
13101,2024,76.845,9.6944,16.726,26.3223,2.7122,1.3741,3807.0,3192500.0,77.958,100.2924
13101,2025,76.845,9.6944,16.726,26.3223,2.7122,1.3741,3807.0,3460000.0,77.8674,100.243
13101,2026,76.845,9.6944,16.726,26.3223,2.7122,1.3741,3807.0,3862500.0,77.8674,100.243
13102,2023,79.525,9.0301,13.7401,23.8486,1.2676,5.1004,3698.0,1263750.0,47.1638,100.2242
13102,2024,79.525,9.0301,13.7401,23.8486,1.2676,5.1004,3698.0,1317500.0,46.0882,100.2924
13102,2025,79.525,9.0301,13.7401,23.8486,1.2676,5.1004,3698.0,1480000.0,43.1688,100.243
13102,2026,79.525,9.0301,13.7401,23.8486,1.2676,5.1004,3698.0,1677500.0,43.1688,100.243
13103,2023,71.9582,17.4963,16.2827,31.1906,2.8445,1.4327,4504.0,2033000.0,31.7642,100.2242
13103,2024,71.9582,17.4963,16.2827,31.1906,2.8445,1.4327,4504.0,2129000.0,31.2047,100.2924
13103,2025,71.9582,17.4963,16.2827,31.1906,2.8445,1.4327,4504.0,2313000.0,31.0329,100.243
13103,2026,71.9582,17.4963,16.2827,31.1906,2.8445,1.4327,4504.0,2647000.0,31.0329,100.243
13104,2023,58.2329,18.0548,17.9179,20.1172,3.8918,0.5172,3486.0,768500.0,27.2613,100.2242
13104,2024,58.2329,18.0548,17.9179,20.1172,3.8918,0.5172,3486.0,802833.3333,27.0312,100.2924
13104,2025,58.2329,18.0548,17.9179,20.1172,3.8918,0.5172,3486.0,875916.6667,26.707,100.243
13104,2026,58.2329,18.0548,17.9179,20.1172,3.8918,0.5172,3486.0,990416.6667,26.707,100.243
13105,2023,63.9466,16.6033,22.0163,26.5841,1.4971,4.5889,3200.0,972428.5714,3.4835,100.2242
13105,2024,63.9466,16.6033,22.0163,26.5841,1.4971,4.5889,3200.0,1032142.8571,3.4456,100.2924
13105,2025,63.9466,16.6033,22.0163,26.5841,1.4971,4.5889,3200.0,1119571.4286,3.3993,100.243
13105,2026,63.9466,16.6033,22.0163,26.5841,1.4971,4.5889,3200.0,1256285.7143,3.3993,100.243
13106,2023,65.3024,15.3671,22.2289,23.492,5.5095,6.871,2943.0,658000.0,0.723,100.2242
13106,2024,65.3024,15.3671,22.2289,23.492,5.5095,6.871,2943.0,693000.0,0.7063,100.2924
13106,2025,65.3024,15.3671,22.2289,23.492,5.5095,6.871,2943.0,741666.6667,0.6942,100.243
13106,2026,65.3024,15.3671,22.2289,23.492,5.5095,6.871,2943.0,840000.0,0.6942,100.243
13107,2023,58.8848,16.6713,22.1393,22.869,4.7741,2.1658,2810.0,439600.0,10.6434,100.2242
13107,2024,58.8848,16.6713,22.1393,22.869,4.7741,2.1658,2810.0,461600.0,10.4725,100.2924
13107,2025,58.8848,16.6713,22.1393,22.869,4.7741,2.1658,2810.0,501800.0,10.3724,100.243
13107,2026,58.8848,16.6713,22.1393,22.869,4.7741,2.1658,2810.0,564400.0,10.3724,100.243
13108,2023,68.6927,21.6442,19.4489,23.491,1.6211,2.2868,2881.0,531285.7143,9.458,100.2242
13108,2024,68.6927,21.6442,19.4489,23.491,1.6211,2.2868,2881.0,558000.0,9.3488,100.2924
13108,2025,68.6927,21.6442,19.4489,23.491,1.6211,2.2868,2881.0,605357.1429,10.2273,100.243
13108,2026,68.6927,21.6442,19.4489,23.491,1.6211,2.2868,2881.0,669642.8571,10.2273,100.243
13109,2023,58.082,15.7851,20.737,27.1267,3.5602,2.1273,3109.0,838000.0,29.1938,100.2242
13109,2024,58.082,15.7851,20.737,27.1267,3.5602,2.1273,3109.0,884727.2727,28.9017,100.2924
13109,2025,58.082,15.7851,20.737,27.1267,3.5602,2.1273,3109.0,966818.1818,28.5862,100.243
13109,2026,58.082,15.7851,20.737,27.1267,3.5602,2.1273,3109.0,1102000.0,28.5862,100.243
13110,2023,52.044,17.7874,23.9859,25.6361,3.238,1.958,3298.0,851000.0,20.6004,100.2242
13110,2024,52.044,17.7874,23.9859,25.6361,3.238,1.958,3298.0,896444.4444,20.5352,100.2924
13110,2025,52.044,17.7874,23.9859,25.6361,3.238,1.958,3298.0,983666.6667,20.398,100.243
13110,2026,52.044,17.7874,23.9859,25.6361,3.238,1.958,3298.0,1118555.5556,20.398,100.243
13111,2023,54.1866,16.4944,25.4322,22.2561,3.2411,2.0511,2513.0,475040.0,20.1393,100.2242
13111,2024,54.1866,16.4944,25.4322,22.2561,3.2411,2.0511,2513.0,493440.0,19.5874,100.2924
13111,2025,54.1866,16.4944,25.4322,22.2561,3.2411,2.0511,2513.0,524720.0,19.4053,100.243
13111,2026,54.1866,16.4944,25.4322,22.2561,3.2411,2.0511,2513.0,566000.0,19.4053,100.243
13112,2023,50.9457,15.3042,21.4525,31.1052,3.2458,4.4067,2672.0,620088.8889,10.6943,100.2242
13112,2024,50.9457,15.3042,21.4525,31.1052,3.2458,4.4067,2672.0,639888.8889,10.6629,100.2924
13112,2025,50.9457,15.3042,21.4525,31.1052,3.2458,4.4067,2672.0,676200.0,10.6043,100.243
13112,2026,50.9457,15.3042,21.4525,31.1052,3.2458,4.4067,2672.0,722155.5556,10.6043,100.243
13113,2023,57.4111,20.3038,18.726,26.631,2.736,0.5601,3622.0,1212300.0,12.7718,100.2242
13113,2024,57.4111,20.3038,18.726,26.631,2.736,0.5601,3622.0,1262800.0,12.7055,100.2924
13113,2025,57.4111,20.3038,18.726,26.631,2.736,0.5601,3622.0,1394400.0,27.1389,100.243
13113,2026,57.4111,20.3038,18.726,26.631,2.736,0.5601,3622.0,1573500.0,27.1389,100.243
13114,2023,46.7585,16.9964,23.3473,21.5266,2.7596,0.8127,2775.0,591454.5455,14.4188,100.2242
13114,2024,46.7585,16.9964,23.3473,21.5266,2.7596,0.8127,2775.0,619000.0,14.257,100.2924
13114,2025,46.7585,16.9964,23.3473,21.5266,2.7596,0.8127,2775.0,665090.9091,14.0923,100.243
13114,2026,46.7585,16.9964,23.3473,21.5266,2.7596,0.8127,2775.0,719727.2727,14.0923,100.243
13115,2023,49.9107,17.6113,27.1746,25.1398,4.5131,1.732,2662.0,592840.0,15.9604,100.2242
13115,2024,49.9107,17.6113,27.1746,25.1398,4.5131,1.732,2662.0,618520.0,15.9031,100.2924
13115,2025,49.9107,17.6113,27.1746,25.1398,4.5131,1.732,2662.0,664800.0,17.5172,100.243
13115,2026,49.9107,17.6113,27.1746,25.1398,4.5131,1.732,2662.0,722480.0,17.5172,100.243
13116,2023,49.3867,17.1914,23.4146,22.1593,4.0804,0.8559,2864.0,677444.4444,8.0705,100.2242
13116,2024,49.3867,17.1914,23.4146,22.1593,4.0804,0.8559,2864.0,720000.0,7.989,100.2924
13116,2025,49.3867,17.1914,23.4146,22.1593,4.0804,0.8559,2864.0,783000.0,7.5006,100.243
13116,2026,49.3867,17.1914,23.4146,22.1593,4.0804,0.8559,2864.0,878777.7778,7.5006,100.243
13117,2023,59.3426,20.1196,24.6622,24.472,2.737,1.9773,2557.0,519583.3333,17.5274,100.2242
13117,2024,59.3426,20.1196,24.6622,24.472,2.737,1.9773,2557.0,544583.3333,17.3329,100.2924
13117,2025,59.3426,20.1196,24.6622,24.472,2.737,1.9773,2557.0,588416.6667,17.1229,100.243
13117,2026,59.3426,20.1196,24.6622,24.472,2.737,1.9773,2557.0,641333.3333,17.1229,100.243
13118,2023,60.6242,15.2231,19.9788,22.7281,4.5555,3.9875,2510.0,574333.3333,5.258,100.2242
13118,2024,60.6242,15.2231,19.9788,22.7281,4.5555,3.9875,2510.0,606500.0,5.1991,100.2924
13118,2025,60.6242,15.2231,19.9788,22.7281,4.5555,3.9875,2510.0,658166.6667,5.1287,100.243
13118,2026,60.6242,15.2231,19.9788,22.7281,4.5555,3.9875,2510.0,724166.6667,5.1287,100.243
13119,2023,58.4148,21.4891,26.1134,21.3072,5.7689,2.8391,2328.0,437789.4737,11.5268,100.2242
13119,2024,58.4148,21.4891,26.1134,21.3072,5.7689,2.8391,2328.0,458157.8947,11.4325,100.2924
13119,2025,58.4148,21.4891,26.1134,21.3072,5.7689,2.8391,2328.0,488052.6316,11.3143,100.243
13119,2026,58.4148,21.4891,26.1134,21.3072,5.7689,2.8391,2328.0,528105.2632,11.3143,100.243
13120,2023,56.7961,13.8941,25.6557,24.9971,5.7321,1.8944,2236.0,381567.5676,10.8402,100.2242
13120,2024,56.7961,13.8941,25.6557,24.9971,5.7321,1.8944,2236.0,394621.6216,10.8288,100.2924
13120,2025,56.7961,13.8941,25.6557,24.9971,5.7321,1.8944,2236.0,413756.7568,10.7651,100.243
13120,2026,56.7961,13.8941,25.6557,24.9971,5.7321,1.8944,2236.0,437189.1892,10.7651,100.243
13121,2023,58.73,19.1211,22.5315,21.6227,4.9322,2.7494,2073.0,337333.3333,7.9117,100.2242
13121,2024,58.73,19.1211,22.5315,21.6227,4.9322,2.7494,2073.0,353074.0741,7.8763,100.2924
13121,2025,58.73,19.1211,22.5315,21.6227,4.9322,2.7494,2073.0,371925.9259,8.5639,100.243
13121,2026,58.73,19.1211,22.5315,21.6227,4.9322,2.7494,2073.0,395851.8519,8.5639,100.243
13122,2023,53.2659,16.8938,20.3111,22.0337,6.0423,2.4045,1930.0,319750.0,8.639,100.2242
13122,2024,53.2659,16.8938,20.3111,22.0337,6.0423,2.4045,1930.0,330450.0,8.5867,100.2924
13122,2025,53.2659,16.8938,20.3111,22.0337,6.0423,2.4045,1930.0,345600.0,8.5334,100.243
13122,2026,53.2659,16.8938,20.3111,22.0337,6.0423,2.4045,1930.0,363600.0,8.5334,100.243
13123,2023,52.1695,15.1578,23.5808,23.1158,3.3688,4.2412,2042.0,356892.8571,0.9446,100.2242
13123,2024,52.1695,15.1578,23.5808,23.1158,3.3688,4.2412,2042.0,370500.0,0.9421,100.2924
13123,2025,52.1695,15.1578,23.5808,23.1158,3.3688,4.2412,2042.0,388500.0,0.9372,100.243
13123,2026,52.1695,15.1578,23.5808,23.1158,3.3688,4.2412,2042.0,408464.2857,0.9372,100.243
13201,2023,60.6028,14.9875,29.8194,29.9324,2.7691,2.6032,1670.0,123830.137,26.4345,99.163
13201,2024,60.6028,14.9875,29.8194,29.9324,2.7691,2.6032,1670.0,126213.6986,26.4851,99.1541
13201,2025,60.6028,14.9875,29.8194,29.9324,2.7691,2.6032,1670.0,130545.2055,26.4719,99.2044
13201,2026,60.6028,14.9875,29.8194,29.9324,2.7691,2.6032,1670.0,136583.5616,26.4719,99.2044
13202,2023,55.6849,15.6606,21.7119,27.8515,4.4728,2.0168,1887.0,255000.0,29.3827,100.0372
13202,2024,55.6849,15.6606,21.7119,27.8515,4.4728,2.0168,1887.0,263466.6667,29.3287,99.9526
13202,2025,55.6849,15.6606,21.7119,27.8515,4.4728,2.0168,1887.0,274600.0,29.2606,100.2062
13202,2026,55.6849,15.6606,21.7119,27.8515,4.4728,2.0168,1887.0,294466.6667,29.2606,100.2062
13203,2023,54.5896,15.1716,27.5046,28.4114,3.2816,3.5582,2664.0,525625.0,19.2614,100.1568
13203,2024,54.5896,15.1716,27.5046,28.4114,3.2816,3.5582,2664.0,542375.0,19.2816,100.1827
13203,2025,54.5896,15.1716,27.5046,28.4114,3.2816,3.5582,2664.0,570250.0,19.2523,100.1696
13203,2026,54.5896,15.1716,27.5046,28.4114,3.2816,3.5582,2664.0,596125.0,19.2523,100.1696
13204,2023,59.5718,12.9266,25.0169,27.3481,3.4833,2.5151,2298.0,400615.3846,7.4243,100.1353
13204,2024,59.5718,12.9266,25.0169,27.3481,3.4833,2.5151,2298.0,412461.5385,7.4227,100.1843
13204,2025,59.5718,12.9266,25.0169,27.3481,3.4833,2.5151,2298.0,428769.2308,7.2442,100.0058
13204,2026,59.5718,12.9266,25.0169,27.3481,3.4833,2.5151,2298.0,447153.8462,7.2442,100.0058
13205,2023,58.4173,19.3969,30.4337,28.795,4.3587,4.5893,1342.0,87487.5,53.6561,97.9274
13205,2024,58.4173,19.3969,30.4337,28.795,4.3587,4.5893,1342.0,89006.25,53.604,98.0227
13205,2025,58.4173,19.3969,30.4337,28.795,4.3587,4.5893,1342.0,90181.25,52.5929,97.8994
13205,2026,58.4173,19.3969,30.4337,28.795,4.3587,4.5893,1342.0,91181.25,52.5929,97.8994
13206,2023,61.3151,15.0557,26.5306,27.1051,5.0329,3.4834,2109.0,300578.9474,26.123,99.8646
13206,2024,61.3151,15.0557,26.5306,27.1051,5.0329,3.4834,2109.0,312315.7895,26.1076,99.9473
13206,2025,61.3151,15.0557,26.5306,27.1051,5.0329,3.4834,2109.0,329578.9474,26.0155,99.908
13206,2026,61.3151,15.0557,26.5306,27.1051,5.0329,3.4834,2109.0,347210.5263,26.0155,99.908
13207,2023,60.7212,16.9289,27.2102,26.3525,3.1297,1.8251,1574.0,178600.0,0.0,99.9475
13207,2024,60.7212,16.9289,27.2102,26.3525,3.1297,1.8251,1574.0,183400.0,0.0,99.9843
13207,2025,60.7212,16.9289,27.2102,26.3525,3.1297,1.8251,1574.0,188700.0,0.0,100.083
13207,2026,60.7212,16.9289,27.2102,26.3525,3.1297,1.8251,1574.0,195400.0,0.0,100.083
13208,2023,57.0937,16.6667,22.5721,27.5373,2.8656,1.6918,2323.0,352437.5,11.7398,100.1874
13208,2024,57.0937,16.6667,22.5721,27.5373,2.8656,1.6918,2323.0,369312.5,11.7266,100.1981
13208,2025,57.0937,16.6667,22.5721,27.5373,2.8656,1.6918,2323.0,390750.0,11.6984,100.1579
13208,2026,57.0937,16.6667,22.5721,27.5373,2.8656,1.6918,2323.0,416312.5,11.6984,100.1579
13209,2023,61.5401,21.5259,31.3883,33.9203,3.9969,2.2863,1676.0,148172.093,8.6345,99.0929
13209,2024,61.5401,21.5259,31.3883,33.9203,3.9969,2.2863,1676.0,150309.3023,8.6203,99.1391
13209,2025,61.5401,21.5259,31.3883,33.9203,3.9969,2.2863,1676.0,153541.8605,8.6477,99.1317
13209,2026,61.5401,21.5259,31.3883,33.9203,3.9969,2.2863,1676.0,158584.0909,8.6477,99.1317
13210,2023,54.7033,15.7301,27.2421,29.742,2.8145,2.9132,2189.0,346333.3333,13.306,99.9655
13210,2024,54.7033,15.7301,27.2421,29.742,2.8145,2.9132,2189.0,354333.3333,13.0001,100.0506
13210,2025,54.7033,15.7301,27.2421,29.742,2.8145,2.9132,2189.0,367000.0,12.7822,100.1398
13210,2026,54.7033,15.7301,27.2421,29.742,2.8145,2.9132,2189.0,382888.8889,12.7822,100.1398
13211,2023,59.6957,15.4763,26.6867,28.3178,3.0585,2.495,1830.0,238312.5,1.9297,99.8065
13211,2024,59.6957,15.4763,26.6867,28.3178,3.0585,2.495,1830.0,243750.0,1.9298,99.7334
13211,2025,59.6957,15.4763,26.6867,28.3178,3.0585,2.495,1830.0,250687.5,1.9309,99.8445
13211,2026,59.6957,15.4763,26.6867,28.3178,3.0585,2.495,1830.0,258125.0,1.9309,99.8445
13212,2023,62.4175,16.4431,29.6389,29.4662,1.4668,3.2024,1724.0,194437.5,28.464,96.1651
13212,2024,62.4175,16.4431,29.6389,29.4662,1.4668,3.2024,1724.0,201312.5,28.4276,96.3225
13212,2025,62.4175,16.4431,29.6389,29.4662,1.4668,3.2024,1724.0,211000.0,28.2793,96.4229
13212,2026,62.4175,16.4431,29.6389,29.4662,1.4668,3.2024,1724.0,221562.5,28.2793,96.4229
13213,2023,61.0053,15.9767,25.0943,32.5209,1.5064,2.2615,1695.0,189583.3333,5.9942,99.8577
13213,2024,61.0053,15.9767,25.0943,32.5209,1.5064,2.2615,1695.0,194416.6667,5.9967,99.8306
13213,2025,61.0053,15.9767,25.0943,32.5209,1.5064,2.2615,1695.0,200416.6667,5.9949,99.8959
13213,2026,61.0053,15.9767,25.0943,32.5209,1.5064,2.2615,1695.0,206083.3333,5.9949,99.8959
13214,2023,54.7311,13.4349,22.3198,29.1549,1.5525,1.2349,2037.0,276000.0,1.5596,100.3509
13214,2024,54.7311,13.4349,22.3198,29.1549,1.5525,1.2349,2037.0,286777.7778,1.5533,100.1879
13214,2025,54.7311,13.4349,22.3198,29.1549,1.5525,1.2349,2037.0,297222.2222,1.5444,100.0579
13214,2026,54.7311,13.4349,22.3198,29.1549,1.5525,1.2349,2037.0,315777.7778,1.5444,100.0579
13215,2023,58.2073,17.1151,28.7786,28.7875,3.405,1.7294,1999.0,341166.6667,0.0,100.0184
13215,2024,58.2073,17.1151,28.7786,28.7875,3.405,1.7294,1999.0,356500.0,0.0,99.9038
13215,2025,58.2073,17.1151,28.7786,28.7875,3.405,1.7294,1999.0,378833.3333,0.0,100.1104
13215,2026,58.2073,17.1151,28.7786,28.7875,3.405,1.7294,1999.0,408333.3333,0.0,100.1104
13218,2023,47.3072,24.3694,26.1401,24.5933,4.3212,2.3695,1409.0,164000.0,55.8709,99.7402
13218,2024,47.3072,24.3694,26.1401,24.5933,4.3212,2.3695,1409.0,166800.0,55.3865,99.7576
13218,2025,47.3072,24.3694,26.1401,24.5933,4.3212,2.3695,1409.0,168800.0,55.1412,99.9028
13218,2026,47.3072,24.3694,26.1401,24.5933,4.3212,2.3695,1409.0,170400.0,55.1412,99.9028
13219,2023,53.5585,25.0594,26.3577,27.7792,5.4528,2.8602,2188.0,336000.0,0.0,99.9686
13219,2024,53.5585,25.0594,26.3577,27.7792,5.4528,2.8602,2188.0,349800.0,0.0,99.8027
13219,2025,53.5585,25.0594,26.3577,27.7792,5.4528,2.8602,2188.0,368800.0,0.0,100.1475
13219,2026,53.5585,25.0594,26.3577,27.7792,5.4528,2.8602,2188.0,390200.0,0.0,100.1475
13220,2023,65.4979,17.5849,23.9529,28.3871,0.8965,2.7235,1403.0,163900.0,1.6496,100.0483
13220,2024,65.4979,17.5849,23.9529,28.3871,0.8965,2.7235,1403.0,166600.0,1.4104,99.8942
13220,2025,65.4979,17.5849,23.9529,28.3871,0.8965,2.7235,1403.0,170200.0,1.1765,99.8576
13220,2026,65.4979,17.5849,23.9529,28.3871,0.8965,2.7235,1403.0,173800.0,1.1765,99.8576
13221,2023,63.95,22.5555,28.7831,24.301,5.4617,2.4561,1575.0,193800.0,17.0009,99.8434
13221,2024,63.95,22.5555,28.7831,24.301,5.4617,2.4561,1575.0,197700.0,17.025,100.2172
13221,2025,63.95,22.5555,28.7831,24.301,5.4617,2.4561,1575.0,202400.0,16.9309,100.2613
13221,2026,63.95,22.5555,28.7831,24.301,5.4617,2.4561,1575.0,207300.0,16.9309,100.2613
13222,2023,61.7535,23.1499,27.907,27.7353,0.5479,3.1754,1643.0,194000.0,0.0,99.9324
13222,2024,61.7535,23.1499,27.907,27.7353,0.5479,3.1754,1643.0,198000.0,0.0,99.9425
13222,2025,61.7535,23.1499,27.907,27.7353,0.5479,3.1754,1643.0,203000.0,0.0,99.8994
13222,2026,61.7535,23.1499,27.907,27.7353,0.5479,3.1754,1643.0,207818.1818,0.0,99.8994
13223,2023,58.6708,14.3063,24.8524,30.519,4.3029,2.4324,1364.0,115111.1111,3.0857,99.9046
13223,2024,58.6708,14.3063,24.8524,30.519,4.3029,2.4324,1364.0,117222.2222,3.0978,99.7677
13223,2025,58.6708,14.3063,24.8524,30.519,4.3029,2.4324,1364.0,119333.3333,3.1119,99.8147
13223,2026,58.6708,14.3063,24.8524,30.519,4.3029,2.4324,1364.0,121888.8889,3.1119,99.8147
13224,2023,60.9692,23.7333,29.7584,26.6239,2.2744,2.2851,1800.0,174714.2857,7.5568,99.9271
13224,2024,60.9692,23.7333,29.7584,26.6239,2.2744,2.2851,1800.0,177428.5714,7.579,99.9804
13224,2025,60.9692,23.7333,29.7584,26.6239,2.2744,2.2851,1800.0,181714.2857,7.5633,100.1695
13224,2026,60.9692,23.7333,29.7584,26.6239,2.2744,2.2851,1800.0,186642.8571,7.5633,100.1695
13225,2023,67.6274,15.1619,27.2256,28.8986,2.0383,1.3327,1818.0,236500.0,0.0,99.3588
13225,2024,67.6274,15.1619,27.2256,28.8986,2.0383,1.3327,1818.0,244071.4286,0.0,99.3442
13225,2025,67.6274,15.1619,27.2256,28.8986,2.0383,1.3327,1818.0,251000.0,0.0,99.5336
13225,2026,67.6274,15.1619,27.2256,28.8986,2.0383,1.3327,1818.0,257857.1429,0.0,99.5336
13227,2023,58.1977,21.7872,29.9932,25.365,2.1856,2.3392,1426.0,142200.0,24.0349,99.5266
13227,2024,58.1977,21.7872,29.9932,25.365,2.1856,2.3392,1426.0,144400.0,24.0738,99.2778
13227,2025,58.1977,21.7872,29.9932,25.365,2.1856,2.3392,1426.0,146000.0,24.2028,99.3534
13227,2026,58.1977,21.7872,29.9932,25.365,2.1856,2.3392,1426.0,147800.0,24.2028,99.3534
13228,2023,54.0471,20.5025,27.1665,36.7623,1.4665,4.2999,1273.0,82818.1818,26.4388,94.4905
13228,2024,54.0471,20.5025,27.1665,36.7623,1.4665,4.2999,1273.0,83690.9091,26.5365,94.7883
13228,2025,54.0471,20.5025,27.1665,36.7623,1.4665,4.2999,1273.0,84436.3636,26.6266,94.6242
13228,2026,54.0471,20.5025,27.1665,36.7623,1.4665,4.2999,1273.0,84872.7273,26.6266,94.6242
13229,2023,59.3641,13.6187,22.8807,27.831,4.2754,2.8879,1962.0,279642.8571,1.5058,100.0321
13229,2024,59.3641,13.6187,22.8807,27.831,4.2754,2.8879,1962.0,285785.7143,1.3599,99.9208
13229,2025,59.3641,13.6187,22.8807,27.831,4.2754,2.8879,1962.0,295714.2857,1.2122,100.0272
13229,2026,59.3641,13.6187,22.8807,27.831,4.2754,2.8879,1962.0,305928.5714,1.2122,100.0272
13303,2023,61.6203,14.5378,24.0783,35.5683,3.8305,5.6148,1620.0,96516.6667,22.3874,98.0846
13303,2024,61.6203,14.5378,24.0783,35.5683,3.8305,5.6148,1620.0,98400.0,22.4565,98.2908
13303,2025,61.6203,14.5378,24.0783,35.5683,3.8305,5.6148,1620.0,100216.6667,22.4909,98.0227
13303,2026,61.6203,14.5378,24.0783,35.5683,3.8305,5.6148,1620.0,101933.3333,22.4909,98.0227
13305,2023,68.1818,24.5791,30.2103,42.7609,2.6016,4.9774,1365.0,59075.0,40.8313,99.8416
13305,2024,68.1818,24.5791,30.2103,42.7609,2.6016,4.9774,1365.0,59175.0,41.1043,99.6319
13305,2025,68.1818,24.5791,30.2103,42.7609,2.6016,4.9774,1365.0,60650.0,41.716,99.4085
13305,2026,68.1818,24.5791,30.2103,42.7609,2.6016,4.9774,1365.0,60750.0,41.716,99.4085
13307,2023,,,,,,,,19433.3333,372.9146,89.156
13307,2024,,,,,,,,19433.3333,362.5378,89.2246
13307,2025,,,,,,,,19433.3333,374.415,89.4436
13307,2026,,,,,,,,19433.3333,374.415,89.4436
13308,2023,,,,,,,,25500.0,286.5571,90.7501
13308,2024,,,,,,,,25500.0,297.632,91.1797
13308,2025,,,,,,,,25500.0,307.2128,91.3847
13308,2026,,,,,,,,25500.0,307.2128,91.3847
13361,2023,,,,,,,,6933.3333,307.6923,0.0
13361,2024,,,,,,,,6933.3333,312.2315,0.0
13361,2025,,,,,,,,6900.0,312.6376,0.0
13361,2026,,,,,,,,6866.6667,312.6376,0.0
13362,2023,,,,,,,,,1167.1924,0.0
13362,2024,,,,,,,,,1178.3439,0.0
13362,2025,,,,,,,,,1433.3333,0.0
13362,2026,,,,,,,,,1433.3333,0.0
13363,2023,,,,,,,,6100.0,312.6253,62.9259
13363,2024,,,,,,,,6100.0,317.978,64.044
13363,2025,,,,,,,,6100.0,322.9814,64.265
13363,2026,,,,,,,,6100.0,322.9814,64.265
13364,2023,,,,,,,,6900.0,413.679,0.0
13364,2024,,,,,,,,6900.0,411.2676,0.0
13364,2025,,,,,,,,6900.0,477.8353,0.0
13364,2026,,,,,,,,6900.0,477.8353,0.0
13381,2023,,,,,,,,7200.0,912.6467,0.0
13381,2024,,,,,,,,7200.0,931.677,0.0
13381,2025,,,,,,,,7200.0,949.7965,0.0
13381,2026,,,,,,,,7200.0,949.7965,0.0
13382,2023,,,,,,,,,1952.0548,0.0
13382,2024,,,,,,,,,1958.7629,0.0
13382,2025,,,,,,,,,1754.9669,0.0
13382,2026,,,,,,,,,1754.9669,0.0
13401,2023,,,,,,,,8900.0,602.5805,0.0
13401,2024,,,,,,,,8900.0,609.9311,0.0
13401,2025,,,,,,,,8900.0,621.5268,0.0
13401,2026,,,,,,,,8850.0,621.5268,0.0
13402,2023,,,,,,,,,3035.7143,0.0
13402,2024,,,,,,,,,3269.2308,0.0
13402,2025,,,,,,,,,3250.0,0.0
13402,2026,,,,,,,,,3250.0,0.0
13421,2023,,,,,,,,20260.0,0.0,0.0
13421,2024,,,,,,,,20260.0,0.0,0.0
13421,2025,,,,,,,,20260.0,0.0,0.0
13421,2026,,,,,,,,20260.0,0.0,0.0
14100,2023,60.2119,17.4856,28.2749,28.1488,3.842,2.6509,1995.0,237400.0,83.0499,100.0747
14100,2024,60.2119,17.4856,28.2749,28.1488,3.842,2.6509,1995.0,244023.2558,82.4787,99.9835
14100,2025,60.2119,17.4856,28.2749,28.1488,3.842,2.6509,1995.0,254434.3891,83.0501,100.0197
14100,2026,60.2119,17.4856,28.2749,28.1488,3.842,2.6509,1995.0,264149.3213,83.0501,100.0197
14130,2023,59.4036,11.2971,26.8537,24.6186,3.7355,2.4017,2189.0,280467.5325,115.4311,100.7104
14130,2024,59.4036,11.2971,26.8537,24.6186,3.7355,2.4017,2189.0,288389.6104,115.1042,100.8143
14130,2025,59.4036,11.2971,26.8537,24.6186,3.7355,2.4017,2189.0,302135.8025,113.8462,100.8043
14130,2026,59.4036,11.2971,26.8537,24.6186,3.7355,2.4017,2189.0,316691.358,113.8462,100.8043
14150,2023,52.6134,15.6666,25.6989,30.1008,2.9264,3.1952,1596.0,146792.1569,39.2564,97.2224
14150,2024,52.6134,15.6666,25.6989,30.1008,2.9264,3.1952,1596.0,151023.5294,39.2555,97.3183
14150,2025,52.6134,15.6666,25.6989,30.1008,2.9264,3.1952,1596.0,158342.3077,38.9954,97.4141
14150,2026,52.6134,15.6666,25.6989,30.1008,2.9264,3.1952,1596.0,165176.9231,38.9954,97.4141
14201,2023,58.5659,27.3783,30.4308,25.1732,2.8309,6.5762,1421.0,107511.4286,123.7001,97.6543
14201,2024,58.5659,27.3783,30.4308,25.1732,2.8309,6.5762,1421.0,108068.5714,119.3258,97.7194
14201,2025,58.5659,27.3783,30.4308,25.1732,2.8309,6.5762,1421.0,108537.8378,120.7257,97.7538
14201,2026,58.5659,27.3783,30.4308,25.1732,2.8309,6.5762,1421.0,110527.027,120.7257,97.7538
14203,2023,56.0038,17.2358,25.2677,30.4336,4.0649,3.702,1450.0,117325.0,50.5849,97.984
14203,2024,56.0038,17.2358,25.2677,30.4336,4.0649,3.702,1450.0,119708.3333,50.2227,97.8233
14203,2025,56.0038,17.2358,25.2677,30.4336,4.0649,3.702,1450.0,123062.5,49.893,98.1013
14203,2026,56.0038,17.2358,25.2677,30.4336,4.0649,3.702,1450.0,126541.6667,49.893,98.1013
14204,2023,64.1713,20.9689,31.6291,35.5939,4.1458,5.358,1885.0,194200.0,35.7021,97.6527
14204,2024,64.1713,20.9689,31.6291,35.5939,4.1458,5.358,1885.0,201200.0,35.8719,97.567
14204,2025,64.1713,20.9689,31.6291,35.5939,4.1458,5.358,1885.0,214476.1905,33.976,97.6801
14204,2026,64.1713,20.9689,31.6291,35.5939,4.1458,5.358,1885.0,227095.2381,33.976,97.6801
14205,2023,61.6471,15.2324,28.4308,32.9939,4.3933,4.174,1804.0,209322.5806,38.5689,95.96
14205,2024,61.6471,15.2324,28.4308,32.9939,4.3933,4.174,1804.0,218854.8387,38.3897,95.986
14205,2025,61.6471,15.2324,28.4308,32.9939,4.3933,4.174,1804.0,230734.375,38.2437,96.0525
14205,2026,61.6471,15.2324,28.4308,32.9939,4.3933,4.174,1804.0,244468.75,38.2437,96.0525
14206,2023,54.6946,19.9815,26.5854,31.3438,2.0005,2.8775,1275.0,100070.5882,84.6817,83.2978
14206,2024,54.6946,19.9815,26.5854,31.3438,2.0005,2.8775,1275.0,100388.2353,84.7947,83.4581
14206,2025,54.6946,19.9815,26.5854,31.3438,2.0005,2.8775,1275.0,106277.7778,83.6623,83.7159
14206,2026,54.6946,19.9815,26.5854,31.3438,2.0005,2.8775,1275.0,107861.1111,83.6623,83.7159
14207,2023,60.3998,15.6275,28.4951,31.2654,3.1868,3.6091,1557.0,196750.0,23.7019,95.8895
14207,2024,60.3998,15.6275,28.4951,31.2654,3.1868,3.6091,1557.0,207031.25,20.4209,95.6971
14207,2025,60.3998,15.6275,28.4951,31.2654,3.1868,3.6091,1557.0,220175.0,20.4573,95.7011
14207,2026,60.3998,15.6275,28.4951,31.2654,3.1868,3.6091,1557.0,234600.0,20.4573,95.7011
14208,2023,61.2697,26.7331,35.2787,35.763,4.5529,5.4009,1690.0,173285.7143,19.3355,99.7558
14208,2024,61.2697,26.7331,35.2787,35.763,4.5529,5.4009,1690.0,179857.1429,19.4838,99.6291
14208,2025,61.2697,26.7331,35.2787,35.763,4.5529,5.4009,1690.0,188857.1429,19.714,99.7077
14208,2026,61.2697,26.7331,35.2787,35.763,4.5529,5.4009,1690.0,199285.7143,19.714,99.7077
14210,2023,56.4831,31.3253,32.3308,22.0972,13.2831,9.2947,1851.0,67162.5,8.9595,35.4215
14210,2024,56.4831,31.3253,32.3308,22.0972,13.2831,9.2947,1851.0,68087.5,7.3932,35.5735
14210,2025,56.4831,31.3253,32.3308,22.0972,13.2831,9.2947,1851.0,66122.2222,6.5258,35.9194
14210,2026,56.4831,31.3253,32.3308,22.0972,13.2831,9.2947,1851.0,67244.4444,6.5258,35.9194
14211,2023,55.7557,15.8691,27.6008,31.1951,2.9528,2.8253,1267.0,79883.3333,17.7267,87.984
14211,2024,55.7557,15.8691,27.6008,31.1951,2.9528,2.8253,1267.0,79922.2222,17.77,87.8266
14211,2025,55.7557,15.8691,27.6008,31.1951,2.9528,2.8253,1267.0,80605.5556,17.8467,87.8914
14211,2026,55.7557,15.8691,27.6008,31.1951,2.9528,2.8253,1267.0,81433.3333,17.8467,87.8914
14212,2023,55.8818,13.4766,29.2436,27.2691,3.47,4.0613,1399.0,113184.2105,21.4889,89.5464
14212,2024,55.8818,13.4766,29.2436,27.2691,3.47,4.0613,1399.0,116784.2105,21.479,89.5972
14212,2025,55.8818,13.4766,29.2436,27.2691,3.47,4.0613,1399.0,120721.0526,21.5286,89.6972
14212,2026,55.8818,13.4766,29.2436,27.2691,3.47,4.0613,1399.0,125694.7368,21.5286,89.6972
14213,2023,56.5361,18.1588,30.3114,34.9849,3.361,2.3922,1587.0,187230.7692,23.0749,95.4902
14213,2024,56.5361,18.1588,30.3114,34.9849,3.361,2.3922,1587.0,194923.0769,23.0168,95.524
14213,2025,56.5361,18.1588,30.3114,34.9849,3.361,2.3922,1587.0,206384.6154,22.9502,95.5166
14213,2026,56.5361,18.1588,30.3114,34.9849,3.361,2.3922,1587.0,218230.7692,22.9502,95.5166
14214,2023,55.5825,16.9526,27.8677,33.9144,4.5252,2.3874,1388.0,108620.0,16.4148,81.4173
14214,2024,55.5825,16.9526,27.8677,33.9144,4.5252,2.3874,1388.0,111360.0,16.3745,82.3316
14214,2025,55.5825,16.9526,27.8677,33.9144,4.5252,2.3874,1388.0,114800.0,16.4302,82.7142
14214,2026,55.5825,16.9526,27.8677,33.9144,4.5252,2.3874,1388.0,118200.0,16.4302,82.7142
14215,2023,62.8354,14.3377,29.4074,34.3085,1.8136,1.6846,1642.0,143866.6667,8.4191,96.5035
14215,2024,62.8354,14.3377,29.4074,34.3085,1.8136,1.6846,1642.0,148455.5556,8.3808,96.6856
14215,2025,62.8354,14.3377,29.4074,34.3085,1.8136,1.6846,1642.0,154944.4444,8.3118,96.6738
14215,2026,62.8354,14.3377,29.4074,34.3085,1.8136,1.6846,1642.0,161777.7778,8.3118,96.6738
14216,2023,53.9414,16.2563,31.1299,25.497,3.0684,3.0929,1371.0,142800.0,21.9727,97.7465
14216,2024,53.9414,16.2563,31.1299,25.497,3.0684,3.0929,1371.0,145355.5556,22.0013,97.6849
14216,2025,53.9414,16.2563,31.1299,25.497,3.0684,3.0929,1371.0,149355.5556,22.0242,97.4927
14216,2026,53.9414,16.2563,31.1299,25.497,3.0684,3.0929,1371.0,153244.4444,22.0242,97.4927
14217,2023,64.0695,24.6937,31.3531,32.8829,1.9255,4.4142,1081.0,53962.5,57.2375,75.1321
14217,2024,64.0695,24.6937,31.3531,32.8829,1.9255,4.4142,1081.0,53687.5,57.7878,75.0504
14217,2025,64.0695,24.6937,31.3531,32.8829,1.9255,4.4142,1081.0,53637.5,58.5101,75.6224
14217,2026,64.0695,24.6937,31.3531,32.8829,1.9255,4.4142,1081.0,53650.0,58.5101,75.6224
14218,2023,50.7064,22.9664,24.1582,38.4615,8.816,2.955,1288.0,112116.6667,3.7925,94.1986
14218,2024,50.7064,22.9664,24.1582,38.4615,8.816,2.955,1288.0,114000.0,3.805,92.9774
14218,2025,50.7064,22.9664,24.1582,38.4615,8.816,2.955,1288.0,117416.6667,3.8117,94.6219
14218,2026,50.7064,22.9664,24.1582,38.4615,8.816,2.955,1288.0,121166.6667,3.8117,94.6219
14301,2023,59.8865,29.2904,31.0531,38.1184,2.0249,7.6,1353.0,137583.3333,11.3417,76.0047
14301,2024,59.8865,29.2904,31.0531,38.1184,2.0249,7.6,1353.0,143250.0,11.465,76.1496
14301,2025,59.8865,29.2904,31.0531,38.1184,2.0249,7.6,1353.0,151633.3333,11.6305,76.4373
14301,2026,59.8865,29.2904,31.0531,38.1184,2.0249,7.6,1353.0,160683.3333,11.6305,76.4373
14321,2023,65.1034,17.434,29.9859,30.6956,1.9006,3.3959,1344.0,114900.0,0.0,93.4818
14321,2024,65.1034,17.434,29.9859,30.6956,1.9006,3.3959,1344.0,118150.0,0.0,93.4344
14321,2025,65.1034,17.434,29.9859,30.6956,1.9006,3.3959,1344.0,123000.0,0.0,93.3853
14321,2026,65.1034,17.434,29.9859,30.6956,1.9006,3.3959,1344.0,126750.0,0.0,93.3853
14341,2023,64.4377,20.4458,32.7884,34.4985,3.7638,7.1564,1261.0,103300.0,7.7483,85.802
14341,2024,64.4377,20.4458,32.7884,34.4985,3.7638,7.1564,1261.0,104080.0,7.7993,87.3276
14341,2025,64.4377,20.4458,32.7884,34.4985,3.7638,7.1564,1261.0,105840.0,7.8723,88.7615
14341,2026,64.4377,20.4458,32.7884,34.4985,3.7638,7.1564,1261.0,108380.0,7.8723,88.7615
14342,2023,68.068,27.3388,31.25,30.6798,0.6987,9.3303,1152.0,77480.0,0.0,90.6356
14342,2024,68.068,27.3388,31.25,30.6798,0.6987,9.3303,1152.0,77680.0,0.0,90.9484
14342,2025,68.068,27.3388,31.25,30.6798,0.6987,9.3303,1152.0,78080.0,0.0,91.6651
14342,2026,68.068,27.3388,31.25,30.6798,0.6987,9.3303,1152.0,78860.0,0.0,91.6651
14361,2023,,,,,,,,42066.6667,5.5139,74.1288
14361,2024,,,,,,,,42000.0,5.5979,74.9664
14361,2025,,,,,,,,41966.6667,5.6173,74.9017
14361,2026,,,,,,,,42000.0,5.6173,74.9017
14362,2023,61.6398,22.7811,33.0869,37.39,4.7688,2.2164,1018.0,58866.6667,14.9744,91.8159
14362,2024,61.6398,22.7811,33.0869,37.39,4.7688,2.2164,1018.0,58733.3333,14.8801,91.6729
14362,2025,61.6398,22.7811,33.0869,37.39,4.7688,2.2164,1018.0,58933.3333,12.6248,91.5758
14362,2026,61.6398,22.7811,33.0869,37.39,4.7688,2.2164,1018.0,59166.6667,12.6248,91.5758
14363,2023,,,,,,,,93250.0,80.0678,85.6161
14363,2024,,,,,,,,93250.0,78.192,85.7156
14363,2025,,,,,,,,94150.0,76.7828,86.419
14363,2026,,,,,,,,95000.0,76.7828,86.419
14364,2023,,,,,,,,40600.0,245.3796,83.4813
14364,2024,,,,,,,,40450.0,248.0127,83.0419
14364,2025,,,,,,,,40400.0,246.1406,83.1912
14364,2026,,,,,,,,40350.0,246.1406,83.1912
14366,2023,65.0794,12.7536,30.3142,32.5648,1.2278,4.9505,1344.0,83466.6667,21.5448,73.1875
14366,2024,65.0794,12.7536,30.3142,32.5648,1.2278,4.9505,1344.0,83433.3333,21.4489,73.3176
14366,2025,65.0794,12.7536,30.3142,32.5648,1.2278,4.9505,1344.0,83866.6667,21.5448,74.9758
14366,2026,65.0794,12.7536,30.3142,32.5648,1.2278,4.9505,1344.0,84366.6667,21.5448,74.9758
14382,2023,,,,,,,,35016.6667,203.7805,54.7165
14382,2024,,,,,,,,35333.3333,202.6222,54.5063
14382,2025,,,,,,,,36050.0,203.9686,54.6377
14382,2026,,,,,,,,37166.6667,203.9686,54.6377
14383,2023,,,,,,,,49400.0,61.0465,21.5698
14383,2024,,,,,,,,49133.3333,62.5931,22.7869
14383,2025,,,,,,,,49200.0,64.0928,21.9136
14383,2026,,,,,,,,49400.0,64.0928,21.9136
14384,2023,56.0264,20.649,26.1728,22.2013,3.2907,10.4291,1052.0,66266.6667,22.5951,92.1168
14384,2024,56.0264,20.649,26.1728,22.2013,3.2907,10.4291,1052.0,66466.6667,22.9954,91.9644
14384,2025,56.0264,20.649,26.1728,22.2013,3.2907,10.4291,1052.0,67100.0,23.2929,92.0933
14384,2026,56.0264,20.649,26.1728,22.2013,3.2907,10.4291,1052.0,67766.6667,23.2929,92.0933
14401,2023,52.5346,23.569,32.5088,23.1073,6.29,2.7542,1236.0,47100.0,44.9484,91.0103
14401,2024,52.5346,23.569,32.5088,23.1073,6.29,2.7542,1236.0,47066.6667,44.5592,90.916
14401,2025,52.5346,23.569,32.5088,23.1073,6.29,2.7542,1236.0,47266.6667,44.6961,91.0201
14401,2026,52.5346,23.569,32.5088,23.1073,6.29,2.7542,1236.0,47550.0,44.6961,91.0201
14402,2023,,,,,,,,31550.0,71.1238,96.4083
14402,2024,,,,,,,,31650.0,72.3589,96.5991
14402,2025,,,,,,,,31900.0,73.6377,96.539
14402,2026,,,,,,,,32200.0,73.6377,96.539
15100,2023,55.8405,22.1179,29.1191,52.8182,7.7529,5.736,1172.0,50363.5052,79.66,86.8275
15100,2024,55.8405,22.1179,29.1191,52.8182,7.7529,5.736,1172.0,51116.9072,80.3059,86.93
15100,2025,55.8405,22.1179,29.1191,52.8182,7.7529,5.736,1172.0,51505.4639,80.9452,87.0205
15100,2026,55.8405,22.1179,29.1191,52.8182,7.7529,5.736,1172.0,51974.433,80.9452,87.0205
15202,2023,64.8913,22.9786,32.074,59.589,5.57,6.1086,1187.0,27981.9149,70.6886,92.7
15202,2024,64.8913,22.9786,32.074,59.589,5.57,6.1086,1187.0,27791.2766,71.4936,92.8208
15202,2025,64.8913,22.9786,32.074,59.589,5.57,6.1086,1187.0,27627.4468,72.3181,93.245
15202,2026,64.8913,22.9786,32.074,59.589,5.57,6.1086,1187.0,27490.4255,72.3181,93.245
15204,2023,69.1818,28.6778,30.9271,55.4983,1.6086,7.5501,1084.0,23609.0909,50.7478,16.6023
15204,2024,69.1818,28.6778,30.9271,55.4983,1.6086,7.5501,1084.0,23345.4545,51.3215,16.1652
15204,2025,69.1818,28.6778,30.9271,55.4983,1.6086,7.5501,1084.0,23072.7273,51.9862,15.9227
15204,2026,69.1818,28.6778,30.9271,55.4983,1.6086,7.5501,1084.0,22818.1818,51.9862,15.9227
15205,2023,65.4818,23.4103,31.7704,59.4198,4.0491,9.0367,1037.0,17656.4286,66.4123,75.7418
15205,2024,65.4818,23.4103,31.7704,59.4198,4.0491,9.0367,1037.0,17317.1429,67.619,76.2043
15205,2025,65.4818,23.4103,31.7704,59.4198,4.0491,9.0367,1037.0,16979.2857,68.7511,76.479
15205,2026,65.4818,23.4103,31.7704,59.4198,4.0491,9.0367,1037.0,16660.7143,68.7511,76.479
15206,2023,66.0667,26.2104,35.1974,52.995,3.4156,7.6961,984.0,21370.5882,22.7422,67.35
15206,2024,66.0667,26.2104,35.1974,52.995,3.4156,7.6961,984.0,21264.7059,23.0467,69.9144
15206,2025,66.0667,26.2104,35.1974,52.995,3.4156,7.6961,984.0,21211.7647,23.3428,72.0115
15206,2026,66.0667,26.2104,35.1974,52.995,3.4156,7.6961,984.0,21147.0588,23.3428,72.0115
15208,2023,75.1058,26.2351,33.509,60.4237,2.1721,6.3988,1136.0,24075.0,108.2379,85.0068
15208,2024,75.1058,26.2351,33.509,60.4237,2.1721,6.3988,1136.0,23525.0,108.1781,85.1684
15208,2025,75.1058,26.2351,33.509,60.4237,2.1721,6.3988,1136.0,23000.0,109.1958,85.3445
15208,2026,75.1058,26.2351,33.509,60.4237,2.1721,6.3988,1136.0,22500.0,109.1958,85.3445
15209,2023,68.1416,38.0952,30.3846,51.2707,0.6536,11.6197,766.0,17000.0,150.487,69.7988
15209,2024,68.1416,38.0952,30.3846,51.2707,0.6536,11.6197,766.0,16450.0,153.0384,70.2959
15209,2025,68.1416,38.0952,30.3846,51.2707,0.6536,11.6197,766.0,15900.0,155.3221,70.5968
15209,2026,68.1416,38.0952,30.3846,51.2707,0.6536,11.6197,766.0,15400.0,155.3221,70.5968
15210,2023,75.2843,39.3178,41.3817,55.5622,3.2429,9.0909,865.0,10495.4545,74.4326,78.3861
15210,2024,75.2843,39.3178,41.3817,55.5622,3.2429,9.0909,865.0,10277.2727,73.5539,78.2975
15210,2025,75.2843,39.3178,41.3817,55.5622,3.2429,9.0909,865.0,10086.3636,75.121,78.8049
15210,2026,75.2843,39.3178,41.3817,55.5622,3.2429,9.0909,865.0,9959.0909,75.121,78.8049
15211,2023,71.1424,29.8429,32.4185,64.8629,5.9636,5.6826,1000.0,21042.8571,29.7093,88.9615
15211,2024,71.1424,29.8429,32.4185,64.8629,5.9636,5.6826,1000.0,20828.5714,30.0643,89.9881
15211,2025,71.1424,29.8429,32.4185,64.8629,5.9636,5.6826,1000.0,20714.2857,30.4774,89.9871
15211,2026,71.1424,29.8429,32.4185,64.8629,5.9636,5.6826,1000.0,20671.4286,30.4774,89.9871
15212,2023,70.4918,33.4966,34.3625,58.4578,3.5344,12.4175,759.0,11127.2727,42.2039,78.3544
15212,2024,70.4918,33.4966,34.3625,58.4578,3.5344,12.4175,759.0,10990.9091,43.0932,78.4534
15212,2025,70.4918,33.4966,34.3625,58.4578,3.5344,12.4175,759.0,10854.5455,44.1187,78.4529
15212,2026,70.4918,33.4966,34.3625,58.4578,3.5344,12.4175,759.0,10718.1818,44.1187,78.4529
15213,2023,63.1653,28.6427,35.2025,53.5072,6.7596,8.2652,965.0,29685.7143,57.622,52.812
15213,2024,63.1653,28.6427,35.2025,53.5072,6.7596,8.2652,965.0,29571.4286,54.3592,53.2707
15213,2025,63.1653,28.6427,35.2025,53.5072,6.7596,8.2652,965.0,29471.4286,52.5449,54.1029
15213,2026,63.1653,28.6427,35.2025,53.5072,6.7596,8.2652,965.0,29371.4286,52.5449,54.1029
15216,2023,71.382,37.1297,38.1173,58.4746,1.8065,13.8037,953.0,20445.0,96.5503,86.3245
15216,2024,71.382,37.1297,38.1173,58.4746,1.8065,13.8037,953.0,19940.0,91.6133,86.4742
15216,2025,71.382,37.1297,38.1173,58.4746,1.8065,13.8037,953.0,19430.0,92.5317,86.6775
15216,2026,71.382,37.1297,38.1173,58.4746,1.8065,13.8037,953.0,18960.0,92.5317,86.6775
15217,2023,72.3301,29.5146,37.8499,58.2929,0.2844,10.32,773.0,10378.8889,67.886,80.5339
15217,2024,72.3301,29.5146,37.8499,58.2929,0.2844,10.32,773.0,10116.6667,68.9309,80.8098
15217,2025,72.3301,29.5146,37.8499,58.2929,0.2844,10.32,773.0,9914.4444,69.7974,80.782
15217,2026,72.3301,29.5146,37.8499,58.2929,0.2844,10.32,773.0,9747.7778,69.7974,80.782
15218,2023,64.9453,39.8661,35.8491,50.3038,8.7552,9.8201,766.0,22016.6667,48.441,63.9358
15218,2024,64.9453,39.8661,35.8491,50.3038,8.7552,9.8201,766.0,21816.6667,47.2884,64.0715
15218,2025,64.9453,39.8661,35.8491,50.3038,8.7552,9.8201,766.0,21616.6667,48.1506,64.2329
15218,2026,64.9453,39.8661,35.8491,50.3038,8.7552,9.8201,766.0,21433.3333,48.1506,64.2329
15222,2023,67.5975,26.6609,35.7212,55.6131,3.1435,7.5191,1166.0,16531.6327,62.2901,65.7156
15222,2024,67.5975,26.6609,35.7212,55.6131,3.1435,7.5191,1166.0,16313.0612,62.9814,66.2492
15222,2025,67.5975,26.6609,35.7212,55.6131,3.1435,7.5191,1166.0,16096.5306,63.8439,66.9552
15222,2026,67.5975,26.6609,35.7212,55.6131,3.1435,7.5191,1166.0,15887.551,63.8439,66.9552
15223,2023,67.5778,30.2202,31.3495,58.0106,5.1647,6.7201,860.0,11995.0,18.3382,93.0414
15223,2024,67.5778,30.2202,31.3495,58.0106,5.1647,6.7201,860.0,11868.0,18.5589,92.8448
15223,2025,67.5778,30.2202,31.3495,58.0106,5.1647,6.7201,860.0,11765.0,18.8944,95.3938
15223,2026,67.5778,30.2202,31.3495,58.0106,5.1647,6.7201,860.0,11663.0,18.8944,95.3938
15224,2023,62.5,51.0915,38.4935,37.3457,3.2389,24.6398,670.0,8870.4762,185.5837,65.1991
15224,2024,62.5,51.0915,38.4935,37.3457,3.2389,24.6398,670.0,8747.1429,187.6926,65.8708
15224,2025,62.5,51.0915,38.4935,37.3457,3.2389,24.6398,670.0,8611.9048,191.672,66.1372
15224,2026,62.5,51.0915,38.4935,37.3457,3.2389,24.6398,670.0,8480.4762,191.672,66.1372
15225,2023,73.9274,28.2203,38.5842,54.9052,3.1122,7.5949,834.0,9290.8333,190.9733,81.2734
15225,2024,73.9274,28.2203,38.5842,54.9052,3.1122,7.5949,834.0,9130.8333,192.4643,81.3509
15225,2025,73.9274,28.2203,38.5842,54.9052,3.1122,7.5949,834.0,8974.1667,193.1001,81.554
15225,2026,73.9274,28.2203,38.5842,54.9052,3.1122,7.5949,834.0,8818.3333,193.1001,81.554
15226,2023,66.3158,25.8493,37.3343,66.8421,2.7277,4.251,866.0,15100.0,62.4514,92.7579
15226,2024,66.3158,25.8493,37.3343,66.8421,2.7277,4.251,866.0,14805.0,62.4531,93.7809
15226,2025,66.3158,25.8493,37.3343,66.8421,2.7277,4.251,866.0,14530.0,65.1062,93.728
15226,2026,66.3158,25.8493,37.3343,66.8421,2.7277,4.251,866.0,14243.0,65.1062,93.728
15227,2023,65.8333,31.524,33.4601,60.7292,1.5213,10.4202,1019.0,12666.6667,135.6519,68.7928
15227,2024,65.8333,31.524,33.4601,60.7292,1.5213,10.4202,1019.0,12491.6667,137.4432,68.9598
15227,2025,65.8333,31.524,33.4601,60.7292,1.5213,10.4202,1019.0,12316.6667,139.9724,69.0866
15227,2026,65.8333,31.524,33.4601,60.7292,1.5213,10.4202,1019.0,12141.6667,139.9724,69.0866
15307,2023,,,,,,,,10450.0,56.6211,99.271
15307,2024,,,,,,,,10325.0,56.9192,99.1747
15307,2025,,,,,,,,10200.0,57.2001,99.4709
15307,2026,,,,,,,,10100.0,57.2001,99.4709
15342,2023,,,,,,,,23800.0,53.2883,99.3371
15342,2024,,,,,,,,23350.0,54.0113,99.4599
15342,2025,,,,,,,,22900.0,54.42,99.3894
15342,2026,,,,,,,,22500.0,54.42,99.3894
15361,2023,,,,,,,,17200.0,0.0,24.3309
15361,2024,,,,,,,,16733.3333,0.0,24.0407
15361,2025,,,,,,,,16266.6667,0.0,23.9675
15361,2026,,,,,,,,15900.0,0.0,23.9675
15385,2023,,,,,,,,6450.0,223.9493,59.8527
15385,2024,,,,,,,,6343.75,232.5828,59.8237
15385,2025,,,,,,,,6243.75,242.0692,60.2962
15385,2026,,,,,,,,6150.0,242.0692,60.2962
15405,2023,,,,,,,,9775.0,165.0886,50.2792
15405,2024,,,,,,,,9575.0,170.1702,50.2503
15405,2025,,,,,,,,9375.0,190.4272,49.3309
15405,2026,,,,,,,,9175.0,190.4272,49.3309
15461,2023,,,,,,,,15533.3333,50.1819,80.3789
15461,2024,,,,,,,,15166.6667,49.249,80.559
15461,2025,,,,,,,,14866.6667,48.3793,79.0518
15461,2026,,,,,,,,14603.3333,48.3793,79.0518
15482,2023,,,,,,,,11605.0,108.291,66.1703
15482,2024,,,,,,,,11350.0,110.7011,66.3399
15482,2025,,,,,,,,11095.0,113.5289,66.3907
15482,2026,,,,,,,,10915.0,113.5289,66.3907
15504,2023,,,,,,,,13450.0,0.0,0.0
15504,2024,,,,,,,,13350.0,0.0,0.0
15504,2025,,,,,,,,13200.0,0.0,0.0
15504,2026,,,,,,,,13100.0,0.0,0.0
15581,2023,,,,,,,,9150.0,180.1441,74.0192
15581,2024,,,,,,,,8925.0,186.1427,74.1882
15581,2025,,,,,,,,8700.0,191.8567,74.3338
15581,2026,,,,,,,,8475.0,191.8567,74.3338
15586,2023,,,,,,,,11900.0,1489.3617,0.0
15586,2024,,,,,,,,11600.0,1486.0681,0.0
15586,2025,,,,,,,,11400.0,1794.8718,0.0
15586,2026,,,,,,,,11200.0,1794.8718,0.0
16201,2023,59.9858,21.116,31.0882,49.0604,5.0361,6.787,1112.0,38365.4545,114.9667,93.0355
16201,2024,59.9858,21.116,31.0882,49.0604,5.0361,6.787,1112.0,38889.0909,115.4784,93.0861
16201,2025,59.9858,21.116,31.0882,49.0604,5.0361,6.787,1112.0,39452.7273,111.1064,93.2714
16201,2026,59.9858,21.116,31.0882,49.0604,5.0361,6.787,1112.0,40067.2727,111.1064,93.2714
16202,2023,63.4951,27.231,33.238,49.2791,4.5412,9.1719,998.0,30208.0,84.4226,92.7001
16202,2024,63.4951,27.231,33.238,49.2791,4.5412,9.1719,998.0,29868.0,85.2773,92.767
16202,2025,63.4951,27.231,33.238,49.2791,4.5412,9.1719,998.0,29532.0,86.0013,93.0676
16202,2026,63.4951,27.231,33.238,49.2791,4.5412,9.1719,998.0,29184.0,86.0013,93.0676
16204,2023,60.462,26.113,34.415,59.67,8.3544,10.5699,1042.0,33160.0,78.6593,78.0781
16204,2024,60.462,26.113,34.415,59.67,8.3544,10.5699,1042.0,32700.0,79.9511,78.1713
16204,2025,60.462,26.113,34.415,59.67,8.3544,10.5699,1042.0,32260.0,74.0606,79.2345
16204,2026,60.462,26.113,34.415,59.67,8.3544,10.5699,1042.0,31880.0,74.0606,79.2345
16205,2023,65.4967,43.9008,32.5779,45.6291,3.3031,14.7558,892.0,23520.0,70.5599,60.7678
16205,2024,65.4967,43.9008,32.5779,45.6291,3.3031,14.7558,892.0,23220.0,71.9824,60.986
16205,2025,65.4967,43.9008,32.5779,45.6291,3.3031,14.7558,892.0,22500.0,73.7544,61.0454
16205,2026,65.4967,43.9008,32.5779,45.6291,3.3031,14.7558,892.0,22200.0,73.7544,61.0454
16206,2023,67.9357,24.849,31.9444,60.6599,2.2708,11.0325,1037.0,21250.0,117.4037,83.3049
16206,2024,67.9357,24.849,31.9444,60.6599,2.2708,11.0325,1037.0,21050.0,117.9418,91.5119
16206,2025,67.9357,24.849,31.9444,60.6599,2.2708,11.0325,1037.0,20816.6667,118.8094,92.2281
16206,2026,67.9357,24.849,31.9444,60.6599,2.2708,11.0325,1037.0,20633.3333,118.8094,92.2281
16207,2023,65.8808,28.6837,32.482,59.3054,5.4278,10.5344,987.0,24200.0,70.6229,65.7691
16207,2024,65.8808,28.6837,32.482,59.3054,5.4278,10.5344,987.0,23880.0,71.29,66.2317
16207,2025,65.8808,28.6837,32.482,59.3054,5.4278,10.5344,987.0,23560.0,72.2768,66.8548
16207,2026,65.8808,28.6837,32.482,59.3054,5.4278,10.5344,987.0,23280.0,72.2768,66.8548
16208,2023,63.8562,27.0691,30.4383,57.4706,0.5505,4.4735,1107.0,32400.0,77.3016,73.0543
16208,2024,63.8562,27.0691,30.4383,57.4706,0.5505,4.4735,1107.0,32380.0,77.4073,74.8596
16208,2025,63.8562,27.0691,30.4383,57.4706,0.5505,4.4735,1107.0,32600.0,77.9877,75.3803
16208,2026,63.8562,27.0691,30.4383,57.4706,0.5505,4.4735,1107.0,32740.0,77.9877,75.3803
16209,2023,69.3856,39.1398,33.6504,59.0668,7.1355,8.8133,1034.0,23300.0,63.2823,68.9987
16209,2024,69.3856,39.1398,33.6504,59.0668,7.1355,8.8133,1034.0,23233.3333,63.126,70.1968
16209,2025,69.3856,39.1398,33.6504,59.0668,7.1355,8.8133,1034.0,23033.3333,63.8978,70.3737
16209,2026,69.3856,39.1398,33.6504,59.0668,7.1355,8.8133,1034.0,22733.3333,63.8978,70.3737
16210,2023,75.6587,42.4492,36.7376,59.8242,1.601,8.9659,694.0,17318.1818,115.9529,88.6914
16210,2024,75.6587,42.4492,36.7376,59.8242,1.601,8.9659,694.0,17136.3636,118.0004,88.5557
16210,2025,75.6587,42.4492,36.7376,59.8242,1.601,8.9659,694.0,16963.6364,117.8616,89.6486
16210,2026,75.6587,42.4492,36.7376,59.8242,1.601,8.9659,694.0,16827.2727,117.8616,89.6486
16211,2023,68.4517,31.0,33.3333,52.8007,2.6184,8.8273,1071.0,29346.6667,44.0678,88.5828
16211,2024,68.4517,31.0,33.3333,52.8007,2.6184,8.8273,1071.0,29226.6667,44.2872,88.7919
16211,2025,68.4517,31.0,33.3333,52.8007,2.6184,8.8273,1071.0,29126.6667,44.6864,89.446
16211,2026,68.4517,31.0,33.3333,52.8007,2.6184,8.8273,1071.0,29726.6667,44.6864,89.446
16321,2023,,,,,,,,24700.0,61.1434,99.9694
16321,2024,,,,,,,,25100.0,60.6244,99.6666
16321,2025,,,,,,,,25500.0,60.3682,100.3924
16321,2026,,,,,,,,26000.0,60.3682,100.3924
16322,2023,71.0927,35.823,34.7892,52.4931,0.5472,10.3774,806.0,20250.0,182.0262,86.5717
16322,2024,71.0927,35.823,34.7892,52.4931,0.5472,10.3774,806.0,19950.0,183.9491,86.1407
16322,2025,71.0927,35.823,34.7892,52.4931,0.5472,10.3774,806.0,19650.0,187.5971,86.3
16322,2026,71.0927,35.823,34.7892,52.4931,0.5472,10.3774,806.0,19350.0,187.5971,86.3
16323,2023,64.486,28.0374,30.1627,52.7421,2.0809,7.0138,819.0,17833.3333,80.6581,87.1268
16323,2024,64.486,28.0374,30.1627,52.7421,2.0809,7.0138,819.0,18066.6667,81.8171,87.3937
16323,2025,64.486,28.0374,30.1627,52.7421,2.0809,7.0138,819.0,18366.6667,82.7365,87.5607
16323,2026,64.486,28.0374,30.1627,52.7421,2.0809,7.0138,819.0,21033.3333,82.7365,87.5607
16342,2023,75.0,36.2894,37.4309,55.1163,2.1839,10.0806,810.0,23233.3333,149.1183,74.5418
16342,2024,75.0,36.2894,37.4309,55.1163,2.1839,10.0806,810.0,22733.3333,152.4592,74.873
16342,2025,75.0,36.2894,37.4309,55.1163,2.1839,10.0806,810.0,22233.3333,155.0144,74.9326
16342,2026,75.0,36.2894,37.4309,55.1163,2.1839,10.0806,810.0,21733.3333,155.0144,74.9326
16343,2023,,,,,,,,18800.0,103.8819,85.575
16343,2024,,,,,,,,18500.0,106.383,85.6943
16343,2025,,,,,,,,18200.0,109.9007,85.4044
16343,2026,,,,,,,,17900.0,109.9007,85.4044
17201,2023,55.8929,18.013,30.7306,41.3427,5.2005,4.7498,1151.0,82853.2258,75.8082,97.8675
17201,2024,55.8929,18.013,30.7306,41.3427,5.2005,4.7498,1151.0,85253.2258,76.1805,97.746
17201,2025,55.8929,18.013,30.7306,41.3427,5.2005,4.7498,1151.0,87574.1935,76.5025,97.7699
17201,2026,55.8929,18.013,30.7306,41.3427,5.2005,4.7498,1151.0,89962.9032,76.5025,97.7699
17202,2023,57.745,31.5601,27.9449,37.5,2.6342,14.6662,1050.0,15122.2222,54.6093,44.3533
17202,2024,57.745,31.5601,27.9449,37.5,2.6342,14.6662,1050.0,14694.4444,55.7305,43.8717
17202,2025,57.745,31.5601,27.9449,37.5,2.6342,14.6662,1050.0,13650.0,57.8495,42.3075
17202,2026,57.745,31.5601,27.9449,37.5,2.6342,14.6662,1050.0,13405.5556,57.8495,42.3075
17203,2023,62.487,25.5313,30.5389,48.3316,5.052,6.1294,876.0,29114.2857,58.3619,74.8198
17203,2024,62.487,25.5313,30.5389,48.3316,5.052,6.1294,876.0,29364.2857,58.5275,75.0905
17203,2025,62.487,25.5313,30.5389,48.3316,5.052,6.1294,876.0,29935.7143,56.2219,75.3069
17203,2026,62.487,25.5313,30.5389,48.3316,5.052,6.1294,876.0,30578.5714,56.2219,75.3069
17204,2023,65.4504,51.3033,33.5188,31.0148,4.3968,23.6985,801.0,17310.0,149.4526,62.1581
17204,2024,65.4504,51.3033,33.5188,31.0148,4.3968,23.6985,801.0,16510.0,155.2835,61.045
17204,2025,65.4504,51.3033,33.5188,31.0148,4.3968,23.6985,801.0,14470.0,171.5405,63.4652
17204,2026,65.4504,51.3033,33.5188,31.0148,4.3968,23.6985,801.0,13670.0,171.5405,63.4652
17205,2023,73.0097,61.8861,37.2632,35.9223,13.6276,22.3665,609.0,6183.3333,101.9462,51.7995
17205,2024,73.0097,61.8861,37.2632,35.9223,13.6276,22.3665,609.0,5616.6667,104.9785,49.9046
17205,2025,73.0097,61.8861,37.2632,35.9223,13.6276,22.3665,609.0,5266.6667,116.0542,51.1781
17205,2026,73.0097,61.8861,37.2632,35.9223,13.6276,22.3665,609.0,5033.3333,116.0542,51.1781
17206,2023,58.69,38.6294,34.3186,36.8559,5.0427,9.2015,734.0,20900.0,65.6838,52.558
17206,2024,58.69,38.6294,34.3186,36.8559,5.0427,9.2015,734.0,20737.5,66.0325,52.5861
17206,2025,58.69,38.6294,34.3186,36.8559,5.0427,9.2015,734.0,20512.5,66.9335,52.6863
17206,2026,58.69,38.6294,34.3186,36.8559,5.0427,9.2015,734.0,20300.0,66.9335,52.6863
17207,2023,68.0111,40.5594,30.6502,45.8971,2.027,11.4595,806.0,19566.6667,85.2921,76.743
17207,2024,68.0111,40.5594,30.6502,45.8971,2.027,11.4595,806.0,18866.6667,82.5656,76.9823
17207,2025,68.0111,40.5594,30.6502,45.8971,2.027,11.4595,806.0,18133.3333,83.7376,77.2785
17207,2026,68.0111,40.5594,30.6502,45.8971,2.027,11.4595,806.0,17433.3333,83.7376,77.2785
17209,2023,65.5091,23.8437,31.6699,49.2502,1.1468,5.2342,908.0,19866.6667,78.2054,87.668
17209,2024,65.5091,23.8437,31.6699,49.2502,1.1468,5.2342,908.0,20500.0,78.0036,87.9497
17209,2025,65.5091,23.8437,31.6699,49.2502,1.1468,5.2342,908.0,21216.6667,77.6243,88.2459
17209,2026,65.5091,23.8437,31.6699,49.2502,1.1468,5.2342,908.0,21966.6667,77.6243,88.2459
17210,2023,62.6041,20.404,31.5522,53.2559,3.0743,5.3447,1044.0,38343.75,55.6166,92.9806
17210,2024,62.6041,20.404,31.5522,53.2559,3.0743,5.3447,1044.0,39843.75,55.7469,93.1275
17210,2025,62.6041,20.404,31.5522,53.2559,3.0743,5.3447,1044.0,41368.75,55.8103,93.1837
17210,2026,62.6041,20.404,31.5522,53.2559,3.0743,5.3447,1044.0,42593.75,55.8103,93.1837
17211,2023,62.1485,20.9989,32.6055,48.7627,4.4133,5.8684,889.0,22225.0,64.7783,93.0997
17211,2024,62.1485,20.9989,32.6055,48.7627,4.4133,5.8684,889.0,22287.5,64.7926,93.0016
17211,2025,62.1485,20.9989,32.6055,48.7627,4.4133,5.8684,889.0,22275.0,64.7835,95.769
17211,2026,62.1485,20.9989,32.6055,48.7627,4.4133,5.8684,889.0,22462.5,64.7835,95.769
17212,2023,49.4786,11.8271,27.2184,41.9467,5.8649,1.6,1235.0,81937.5,8.4981,99.3146
17212,2024,49.4786,11.8271,27.2184,41.9467,5.8649,1.6,1235.0,86000.0,8.4929,99.3335
17212,2025,49.4786,11.8271,27.2184,41.9467,5.8649,1.6,1235.0,89062.5,8.4275,99.1499
17212,2026,49.4786,11.8271,27.2184,41.9467,5.8649,1.6,1235.0,91937.5,8.4275,99.1499
17324,2023,,,,,,,,24500.0,324.8335,0.0
17324,2024,,,,,,,,24700.0,196.7536,0.0
17324,2025,,,,,,,,24800.0,261.5461,0.0
17324,2026,,,,,,,,25450.0,261.5461,0.0
17361,2023,61.2627,15.4808,34.3336,57.4883,1.1152,5.2702,963.0,34175.0,14.3969,91.9217
17361,2024,61.2627,15.4808,34.3336,57.4883,1.1152,5.2702,963.0,35250.0,14.4165,92.2471
17361,2025,61.2627,15.4808,34.3336,57.4883,1.1152,5.2702,963.0,35925.0,14.3919,92.5402
17361,2026,61.2627,15.4808,34.3336,57.4883,1.1152,5.2702,963.0,37875.0,14.3919,92.5402
17365,2023,59.2946,22.093,34.023,44.0419,8.6837,5.3058,995.0,41800.0,10.7058,99.4915
17365,2024,59.2946,22.093,34.023,44.0419,8.6837,5.3058,995.0,43483.3333,12.6777,99.3162
17365,2025,59.2946,22.093,34.023,44.0419,8.6837,5.3058,995.0,44050.0,12.8595,99.4973
17365,2026,59.2946,22.093,34.023,44.0419,8.6837,5.3058,995.0,44383.3333,12.8595,99.4973
17384,2023,69.3694,46.0961,34.6032,40.3008,0.0,23.2863,459.0,8141.6667,107.2172,53.4966
17384,2024,69.3694,46.0961,34.6032,40.3008,0.0,23.2863,459.0,7775.0,110.0586,52.9376
17384,2025,69.3694,46.0961,34.6032,40.3008,0.0,23.2863,459.0,7091.6667,114.1462,53.6089
17384,2026,69.3694,46.0961,34.6032,40.3008,0.0,23.2863,459.0,6883.3333,114.1462,53.6089
17386,2023,,,,,,,,9600.0,80.7702,69.8132
17386,2024,,,,,,,,9337.5,81.5511,69.9759
17386,2025,,,,,,,,9125.0,82.8963,70.4449
17386,2026,,,,,,,,8987.5,82.8963,70.4449
17407,2023,67.1096,54.7579,34.2707,43.8538,3.4483,19.3211,937.0,8640.0,89.9585,96.536
17407,2024,67.1096,54.7579,34.2707,43.8538,3.4483,19.3211,937.0,8500.0,91.5522,96.8254
17407,2025,67.1096,54.7579,34.2707,43.8538,3.4483,19.3211,937.0,8250.0,93.1696,96.5092
17407,2026,67.1096,54.7579,34.2707,43.8538,3.4483,19.3211,937.0,8110.0,93.1696,96.5092
17461,2023,,,,,,,,12650.0,205.9678,42.9232
17461,2024,,,,,,,,12200.0,202.8039,40.9827
17461,2025,,,,,,,,10725.0,215.7232,41.1322
17461,2026,,,,,,,,10600.0,215.7232,41.1322
17463,2023,68.9655,51.2069,31.0811,35.9725,1.1966,22.8856,471.0,9400.0,220.0051,44.1097
17463,2024,68.9655,51.2069,31.0811,35.9725,1.1966,22.8856,471.0,8960.0,226.5095,43.4385
17463,2025,68.9655,51.2069,31.0811,35.9725,1.1966,22.8856,471.0,7890.0,233.0612,44.2328
17463,2026,68.9655,51.2069,31.0811,35.9725,1.1966,22.8856,471.0,7620.0,233.0612,44.2328
18201,2023,59.9821,21.0313,31.8403,43.1575,5.3046,6.7688,1050.0,49434.1026,73.8541,89.4743
18201,2024,59.9821,21.0313,31.8403,43.1575,5.3046,6.7688,1050.0,49722.8205,74.0382,90.277
18201,2025,59.9821,21.0313,31.8403,43.1575,5.3046,6.7688,1050.0,50059.4872,73.2594,90.7542
18201,2026,59.9821,21.0313,31.8403,43.1575,5.3046,6.7688,1050.0,50674.359,73.2594,90.7542
18202,2023,60.5562,20.7012,31.4189,42.734,6.199,10.2238,1092.0,39971.4286,235.9335,87.4336
18202,2024,60.5562,20.7012,31.4189,42.734,6.199,10.2238,1092.0,39914.2857,237.6791,88.4799
18202,2025,60.5562,20.7012,31.4189,42.734,6.199,10.2238,1092.0,44462.5,234.6831,88.6906
18202,2026,60.5562,20.7012,31.4189,42.734,6.199,10.2238,1092.0,45037.5,234.6831,88.6906
18204,2023,60.7826,28.6732,34.9261,37.1851,5.3691,12.8562,1132.0,29550.0,196.7016,69.2411
18204,2024,60.7826,28.6732,34.9261,37.1851,5.3691,12.8562,1132.0,29175.0,199.1135,69.2429
18204,2025,60.7826,28.6732,34.9261,37.1851,5.3691,12.8562,1132.0,28825.0,197.1495,69.6896
18204,2026,60.7826,28.6732,34.9261,37.1851,5.3691,12.8562,1132.0,28400.0,197.1495,69.6896
18205,2023,71.672,43.4311,36.153,53.5676,2.4845,10.2954,521.0,12103.3333,60.383,57.4736
18205,2024,71.672,43.4311,36.153,53.5676,2.4845,10.2954,521.0,11781.6667,54.8422,60.3625
18205,2025,71.672,43.4311,36.153,53.5676,2.4845,10.2954,521.0,11411.6667,56.0008,61.2052
18205,2026,71.672,43.4311,36.153,53.5676,2.4845,10.2954,521.0,11006.6667,56.0008,61.2052
18206,2023,68.3453,40.5646,36.8254,49.0647,4.3972,11.084,817.0,14650.0,92.5714,85.8118
18206,2024,68.3453,40.5646,36.8254,49.0647,4.3972,11.084,817.0,14275.0,93.0969,85.7515
18206,2025,68.3453,40.5646,36.8254,49.0647,4.3972,11.084,817.0,13950.0,94.9848,85.8235
18206,2026,68.3453,40.5646,36.8254,49.0647,4.3972,11.084,817.0,13625.0,94.9848,85.8235
18207,2023,64.7303,26.0292,28.7728,44.9378,2.3077,5.4035,1085.0,26240.0,70.5749,73.9599
18207,2024,64.7303,26.0292,28.7728,44.9378,2.3077,5.4035,1085.0,26440.0,71.0506,74.3224
18207,2025,64.7303,26.0292,28.7728,44.9378,2.3077,5.4035,1085.0,26480.0,71.7402,74.2877
18207,2026,64.7303,26.0292,28.7728,44.9378,2.3077,5.4035,1085.0,26500.0,71.7402,74.2877
18208,2023,58.9071,35.6389,31.8123,46.8341,3.8229,8.4874,838.0,20220.0,110.4089,95.8364
18208,2024,58.9071,35.6389,31.8123,46.8341,3.8229,8.4874,838.0,20100.0,109.6582,96.1752
18208,2025,58.9071,35.6389,31.8123,46.8341,3.8229,8.4874,838.0,19980.0,108.3403,96.0199
18208,2026,58.9071,35.6389,31.8123,46.8341,3.8229,8.4874,838.0,19880.0,108.3403,96.0199
18209,2023,61.4414,31.4528,29.3435,47.2793,2.9422,7.7262,1034.0,23825.0,99.1007,80.9058
18209,2024,61.4414,31.4528,29.3435,47.2793,2.9422,7.7262,1034.0,23525.0,99.9912,82.0992
18209,2025,61.4414,31.4528,29.3435,47.2793,2.9422,7.7262,1034.0,23287.5,99.2315,81.9692
18209,2026,61.4414,31.4528,29.3435,47.2793,2.9422,7.7262,1034.0,23100.0,99.2315,81.9692
18210,2023,64.0604,23.5253,32.115,50.4027,2.384,7.8969,834.0,24216.6667,51.9196,98.9672
18210,2024,64.0604,23.5253,32.115,50.4027,2.384,7.8969,834.0,24191.6667,51.4688,99.0223
18210,2025,64.0604,23.5253,32.115,50.4027,2.384,7.8969,834.0,24183.3333,51.7924,99.144
18210,2026,64.0604,23.5253,32.115,50.4027,2.384,7.8969,834.0,24216.6667,51.7924,99.144
18322,2023,56.369,25.9854,33.2665,40.3509,1.0116,7.2165,1424.0,22433.3333,74.8461,80.5123
18322,2024,56.369,25.9854,33.2665,40.3509,1.0116,7.2165,1424.0,22400.0,75.419,80.3184
18322,2025,56.369,25.9854,33.2665,40.3509,1.0116,7.2165,1424.0,22533.3333,76.5133,80.7243
18322,2026,56.369,25.9854,33.2665,40.3509,1.0116,7.2165,1424.0,22800.0,76.5133,80.7243
18382,2023,,,,,,,,2590.0,197.6794,84.5294
18382,2024,,,,,,,,2540.0,205.5407,85.4781
18382,2025,,,,,,,,2640.0,210.43,85.2699
18382,2026,,,,,,,,2600.0,210.43,85.2699
18404,2023,,,,,,,,10516.6667,118.0662,39.5318
18404,2024,,,,,,,,10240.0,122.776,39.819
18404,2025,,,,,,,,9980.0,124.8942,39.9661
18404,2026,,,,,,,,9795.0,124.8942,39.9661
18423,2023,67.7586,38.1533,30.6452,47.7586,1.5385,13.5838,355.0,16243.75,102.9715,66.7549
18423,2024,67.7586,38.1533,30.6452,47.7586,1.5385,13.5838,355.0,16056.25,103.4826,67.209
18423,2025,67.7586,38.1533,30.6452,47.7586,1.5385,13.5838,355.0,15905.0,101.1685,67.4946
18423,2026,67.7586,38.1533,30.6452,47.7586,1.5385,13.5838,355.0,15753.75,101.1685,67.4946
18442,2023,,,,,,,,13766.6667,265.4966,60.8531
18442,2024,,,,,,,,13533.3333,265.777,60.6763
18442,2025,,,,,,,,13333.3333,270.8621,61.065
18442,2026,,,,,,,,13000.0,270.8621,61.065
18481,2023,,,,,,,,36000.0,187.8554,80.0569
18481,2024,,,,,,,,35800.0,194.0946,80.2498
18481,2025,,,,,,,,35600.0,195.9346,80.2075
18481,2026,,,,,,,,35400.0,195.9346,80.2075
18483,2023,,,,,,,,9210.0,86.0106,16.2408
18483,2024,,,,,,,,9146.0,87.6628,16.5528
18483,2025,,,,,,,,9104.0,88.5301,16.0656
18483,2026,,,,,,,,10830.0,88.5301,16.0656
18501,2023,,,,,,,,10250.0,56.9575,41.5645
18501,2024,,,,,,,,9962.5,57.9817,41.7248
18501,2025,,,,,,,,9737.5,59.1583,44.3463
18501,2026,,,,,,,,9512.5,59.1583,44.3463
19201,2023,56.9012,20.0098,27.4014,31.8525,2.9374,7.1973,1155.0,37177.2727,124.039,96.6533
19201,2024,56.9012,20.0098,27.4014,31.8525,2.9374,7.1973,1155.0,37040.9091,125.0899,96.6217
19201,2025,56.9012,20.0098,27.4014,31.8525,2.9374,7.1973,1155.0,36959.0909,125.7547,96.6277
19201,2026,56.9012,20.0098,27.4014,31.8525,2.9374,7.1973,1155.0,36918.1818,125.7547,96.6277
19202,2023,57.4566,25.6019,28.3282,47.0214,13.432,7.0959,1001.0,36816.6667,184.363,43.023
19202,2024,57.4566,25.6019,28.3282,47.0214,13.432,7.0959,1001.0,36616.6667,184.7338,43.5536
19202,2025,57.4566,25.6019,28.3282,47.0214,13.432,7.0959,1001.0,36466.6667,184.626,44.0255
19202,2026,57.4566,25.6019,28.3282,47.0214,13.432,7.0959,1001.0,36366.6667,184.626,44.0255
19204,2023,54.7256,17.6101,25.187,38.69,4.947,6.1151,1292.0,37700.0,222.1613,28.3701
19204,2024,54.7256,17.6101,25.187,38.69,4.947,6.1151,1292.0,37440.0,223.6266,28.8701
19204,2025,54.7256,17.6101,25.187,38.69,4.947,6.1151,1292.0,37220.0,225.8936,29.075
19204,2026,54.7256,17.6101,25.187,38.69,4.947,6.1151,1292.0,37120.0,225.8936,29.075
19205,2023,61.1424,29.1364,28.53,38.8576,5.3364,13.0327,1015.0,19712.5,230.6705,57.4408
19205,2024,61.1424,29.1364,28.53,38.8576,5.3364,13.0327,1015.0,19437.5,233.436,58.1537
19205,2025,61.1424,29.1364,28.53,38.8576,5.3364,13.0327,1015.0,19212.5,236.3192,59.8166
19205,2026,61.1424,29.1364,28.53,38.8576,5.3364,13.0327,1015.0,19002.5,236.3192,59.8166
19206,2023,61.9429,35.7883,30.7898,33.7143,3.5794,14.9306,1079.0,38466.6667,279.6793,19.3614
19206,2024,61.9429,35.7883,30.7898,33.7143,3.5794,14.9306,1079.0,37850.0,307.2394,20.4673
19206,2025,61.9429,35.7883,30.7898,33.7143,3.5794,14.9306,1079.0,37066.6667,311.5323,20.8783
19206,2026,61.9429,35.7883,30.7898,33.7143,3.5794,14.9306,1079.0,36233.3333,311.5323,20.8783
19207,2023,56.1896,19.1163,27.3608,39.0351,2.6473,6.6045,1110.0,25440.0,282.4799,67.171
19207,2024,56.1896,19.1163,27.3608,39.0351,2.6473,6.6045,1110.0,25260.0,285.165,67.7667
19207,2025,56.1896,19.1163,27.3608,39.0351,2.6473,6.6045,1110.0,25120.0,273.7607,68.0373
19207,2026,56.1896,19.1163,27.3608,39.0351,2.6473,6.6045,1110.0,25000.0,273.7607,68.0373
19208,2023,58.0645,18.5962,24.2168,38.7253,2.8158,7.9118,1029.0,20600.7143,83.0646,56.7645
19208,2024,58.0645,18.5962,24.2168,38.7253,2.8158,7.9118,1029.0,20521.4286,81.3564,58.5934
19208,2025,58.0645,18.5962,24.2168,38.7253,2.8158,7.9118,1029.0,20457.1429,79.4691,60.4244
19208,2026,58.0645,18.5962,24.2168,38.7253,2.8158,7.9118,1029.0,20440.7143,79.4691,60.4244
19209,2023,63.5737,23.2973,30.4697,61.1671,2.6452,11.786,871.0,11305.7143,297.9297,63.2068
19209,2024,63.5737,23.2973,30.4697,61.1671,2.6452,11.786,871.0,11180.0,301.9788,63.5363
19209,2025,63.5737,23.2973,30.4697,61.1671,2.6452,11.786,871.0,11101.4286,297.7082,63.4509
19209,2026,63.5737,23.2973,30.4697,61.1671,2.6452,11.786,871.0,11056.1905,297.7082,63.4509
19210,2023,54.9272,14.8238,25.9332,36.5391,4.569,3.7402,1139.0,32441.6667,33.4212,78.0569
19210,2024,54.9272,14.8238,25.9332,36.5391,4.569,3.7402,1139.0,32341.6667,33.4579,78.6706
19210,2025,54.9272,14.8238,25.9332,36.5391,4.569,3.7402,1139.0,32283.3333,33.521,78.6513
19210,2026,54.9272,14.8238,25.9332,36.5391,4.569,3.7402,1139.0,32283.3333,33.521,78.6513
19211,2023,52.6148,17.6422,24.9873,36.6321,5.6818,9.3666,1109.0,19847.0588,51.0046,62.9219
19211,2024,52.6148,17.6422,24.9873,36.6321,5.6818,9.3666,1109.0,19627.6471,50.6905,60.8836
19211,2025,52.6148,17.6422,24.9873,36.6321,5.6818,9.3666,1109.0,19428.8235,50.5557,64.6768
19211,2026,52.6148,17.6422,24.9873,36.6321,5.6818,9.3666,1109.0,19291.7647,50.5557,64.6768
19212,2023,59.247,27.8396,30.5405,31.4507,3.8095,10.5132,1114.0,25358.0,79.4768,49.421
19212,2024,59.247,27.8396,30.5405,31.4507,3.8095,10.5132,1114.0,24936.0,80.88,50.4275
19212,2025,59.247,27.8396,30.5405,31.4507,3.8095,10.5132,1114.0,24622.0,81.573,51.325
19212,2026,59.247,27.8396,30.5405,31.4507,3.8095,10.5132,1114.0,24346.0,81.573,51.325
19213,2023,63.6538,28.7549,27.4266,41.3462,5.7407,10.6141,1068.0,18344.4444,177.1094,58.5831
19213,2024,63.6538,28.7549,27.4266,41.3462,5.7407,10.6141,1068.0,18022.2222,179.0541,59.3108
19213,2025,63.6538,28.7549,27.4266,41.3462,5.7407,10.6141,1068.0,17733.3333,182.2621,60.401
19213,2026,63.6538,28.7549,27.4266,41.3462,5.7407,10.6141,1068.0,17477.7778,182.2621,60.401
19214,2023,50.9207,16.9919,26.4637,35.36,7.2012,4.7529,1259.0,30571.4286,81.1636,66.2489
19214,2024,50.9207,16.9919,26.4637,35.36,7.2012,4.7529,1259.0,30557.1429,81.8736,71.8759
19214,2025,50.9207,16.9919,26.4637,35.36,7.2012,4.7529,1259.0,30571.4286,81.0537,72.0561
19214,2026,50.9207,16.9919,26.4637,35.36,7.2012,4.7529,1259.0,30600.0,81.0537,72.0561
19346,2023,,,,,,,,17750.0,194.9786,87.3731
19346,2024,,,,,,,,17366.6667,196.0117,87.3886
19346,2025,,,,,,,,17025.0,199.5289,87.8689
19346,2026,,,,,,,,16716.6667,199.5289,87.8689
19364,2023,,,,,,,,3765.0,538.2131,4.521
19364,2024,,,,,,,,3680.0,565.6109,4.638
19364,2025,,,,,,,,3600.0,582.0722,4.5402
19364,2026,,,,,,,,3520.0,582.0722,4.5402
19365,2023,,,,,,,,9630.0,245.4047,49.4081
19365,2024,,,,,,,,9350.0,250.7213,49.7363
19365,2025,,,,,,,,9100.0,257.3112,49.3851
19365,2026,,,,,,,,8883.3333,257.3112,49.3851
19366,2023,,,,,,,,12950.0,177.9912,0.0
19366,2024,,,,,,,,12725.0,182.0809,0.0
19366,2025,,,,,,,,12525.0,184.7746,0.0
19366,2026,,,,,,,,12325.0,184.7746,0.0
19368,2023,,,,,,,,19020.0,331.2413,80.6555
19368,2024,,,,,,,,18840.0,334.8198,84.1438
19368,2025,,,,,,,,18660.0,339.6524,84.1663
19368,2026,,,,,,,,18500.0,339.6524,84.1663
19384,2023,51.2273,10.2455,28.0,33.8314,2.7893,2.5684,1235.0,46916.6667,35.0694,93.5501
19384,2024,51.2273,10.2455,28.0,33.8314,2.7893,2.5684,1235.0,47250.0,34.8843,93.6218
19384,2025,51.2273,10.2455,28.0,33.8314,2.7893,2.5684,1235.0,47566.6667,34.6005,93.4633
19384,2026,51.2273,10.2455,28.0,33.8314,2.7893,2.5684,1235.0,47900.0,34.6005,93.4633
19422,2023,,,,,,,,9400.0,141.2974,0.0
19422,2024,,,,,,,,9100.0,142.3948,0.0
19422,2025,,,,,,,,8800.0,145.7919,0.0
19422,2026,,,,,,,,8700.0,145.7919,0.0
19423,2023,,,,,,,,22900.0,274.2409,60.7493
19423,2024,,,,,,,,22350.0,279.93,57.7106
19423,2025,,,,,,,,21950.0,288.0658,57.6132
19423,2026,,,,,,,,21550.0,288.0658,57.6132
19424,2023,,,,,,,,20900.0,30.6154,66.3435
19424,2024,,,,,,,,21100.0,30.744,79.3913
19424,2025,,,,,,,,21300.0,30.8103,80.949
19424,2026,,,,,,,,21500.0,30.8103,80.949
19425,2023,,,,,,,,13066.6667,0.0,62.1979
19425,2024,,,,,,,,13233.3333,0.0,62.7427
19425,2025,,,,,,,,13400.0,0.0,62.5043
19425,2026,,,,,,,,13566.6667,0.0,62.5043
19429,2023,,,,,,,,9783.3333,0.0,0.0
19429,2024,,,,,,,,9900.0,0.0,0.0
19429,2025,,,,,,,,10016.6667,0.0,0.0
19429,2026,,,,,,,,10133.3333,0.0,0.0
19430,2023,58.547,16.6489,25.841,57.906,3.6563,8.4291,954.0,19227.5,33.626,77.097
19430,2024,58.547,16.6489,25.841,57.906,3.6563,8.4291,954.0,19402.5,33.3766,77.2705
19430,2025,58.547,16.6489,25.841,57.906,3.6563,8.4291,954.0,19640.0,33.192,77.0385
19430,2026,58.547,16.6489,25.841,57.906,3.6563,8.4291,954.0,20015.0,33.192,77.0385
19442,2023,,,,,,,,8055.0,761.035,91.7808
19442,2024,,,,,,,,7825.0,845.0704,90.1408
19442,2025,,,,,,,,7595.0,730.5195,93.8312
19442,2026,,,,,,,,7375.0,730.5195,93.8312
19443,2023,,,,,,,,8500.0,1009.3458,94.0187
19443,2024,,,,,,,,8235.0,1050.5837,96.1089
19443,2025,,,,,,,,8025.0,1137.7246,96.4072
19443,2026,,,,,,,,7815.0,1137.7246,96.4072
20201,2023,59.8745,20.2413,31.4067,57.0928,3.0984,8.0643,1161.0,42328.5294,98.1873,94.0315
20201,2024,59.8745,20.2413,31.4067,57.0928,3.0984,8.0643,1161.0,42594.1176,97.5184,94.1177
20201,2025,59.8745,20.2413,31.4067,57.0928,3.0984,8.0643,1161.0,43033.5294,97.874,94.2453
20201,2026,59.8745,20.2413,31.4067,57.0928,3.0984,8.0643,1161.0,43526.4706,97.874,94.2453
20202,2023,57.7104,19.1545,28.8683,57.8436,2.1731,5.7057,1217.0,44018.8462,113.8522,96.9287
20202,2024,57.7104,19.1545,28.8683,57.8436,2.1731,5.7057,1217.0,44304.2308,114.2796,96.8485
20202,2025,57.7104,19.1545,28.8683,57.8436,2.1731,5.7057,1217.0,44651.5385,114.0057,96.8822
20202,2026,57.7104,19.1545,28.8683,57.8436,2.1731,5.7057,1217.0,45457.6923,114.0057,96.8822
20203,2023,61.4423,23.5451,30.3295,58.9086,2.6751,8.0793,1033.0,30066.1538,117.7796,80.9188
20203,2024,61.4423,23.5451,30.3295,58.9086,2.6751,8.0793,1033.0,30053.8462,118.3075,81.0623
20203,2025,61.4423,23.5451,30.3295,58.9086,2.6751,8.0793,1033.0,30085.3846,119.0445,81.4907
20203,2026,61.4423,23.5451,30.3295,58.9086,2.6751,8.0793,1033.0,30170.7692,119.0445,81.4907
20204,2023,69.4022,29.2442,34.9529,62.9891,5.5287,11.5552,1097.0,31075.0,120.5678,99.1969
20204,2024,69.4022,29.2442,34.9529,62.9891,5.5287,11.5552,1097.0,30825.0,121.1786,99.1858
20204,2025,69.4022,29.2442,34.9529,62.9891,5.5287,11.5552,1097.0,30600.0,121.8016,99.1005
20204,2026,69.4022,29.2442,34.9529,62.9891,5.5287,11.5552,1097.0,30475.0,121.8016,99.1005
20205,2023,59.0897,27.151,29.2006,49.0324,1.6402,10.3876,967.0,20415.0,85.3867,82.8364
20205,2024,59.0897,27.151,29.2006,49.0324,1.6402,10.3876,967.0,20253.5714,85.9694,82.9724
20205,2025,59.0897,27.151,29.2006,49.0324,1.6402,10.3876,967.0,20142.1429,86.6827,83.248
20205,2026,59.0897,27.151,29.2006,49.0324,1.6402,10.3876,967.0,20088.5714,86.6827,83.248
20206,2023,53.4137,22.4759,30.4348,55.3939,4.7368,8.6596,1147.0,37175.0,46.0887,98.5987
20206,2024,53.4137,22.4759,30.4348,55.3939,4.7368,8.6596,1147.0,36975.0,46.4506,98.4628
20206,2025,53.4137,22.4759,30.4348,55.3939,4.7368,8.6596,1147.0,36825.0,44.7865,98.7195
20206,2026,53.4137,22.4759,30.4348,55.3939,4.7368,8.6596,1147.0,36725.0,44.7865,98.7195
20207,2023,63.3909,29.6458,30.3239,59.2333,2.1774,7.6439,1034.0,30220.0,116.1202,97.7419
20207,2024,63.3909,29.6458,30.3239,59.2333,2.1774,7.6439,1034.0,30140.0,116.5746,99.5402
20207,2025,63.3909,29.6458,30.3239,59.2333,2.1774,7.6439,1034.0,30200.0,117.3981,99.4486
20207,2026,63.3909,29.6458,30.3239,59.2333,2.1774,7.6439,1034.0,30280.0,117.3981,99.4486
20208,2023,60.7937,29.588,30.2866,60.71,1.5012,10.3299,994.0,19200.0,184.0329,67.3065
20208,2024,60.7937,29.588,30.2866,60.71,1.5012,10.3299,994.0,19333.3333,184.485,70.3042
20208,2025,60.7937,29.588,30.2866,60.71,1.5012,10.3299,994.0,19433.3333,185.9484,70.4446
20208,2026,60.7937,29.588,30.2866,60.71,1.5012,10.3299,994.0,19566.6667,185.9484,70.4446
20209,2023,63.774,24.4143,31.4903,60.1556,3.5686,10.2394,1021.0,12725.0,104.3686,74.3986
20209,2024,63.774,24.4143,31.4903,60.1556,3.5686,10.2394,1021.0,12603.3333,107.4101,74.7449
20209,2025,63.774,24.4143,31.4903,60.1556,3.5686,10.2394,1021.0,12501.6667,106.6239,74.9711
20209,2026,63.774,24.4143,31.4903,60.1556,3.5686,10.2394,1021.0,12408.3333,106.6239,74.9711
20210,2023,61.8039,24.1706,29.8441,57.9608,2.8287,7.6489,1000.0,18766.6667,120.4064,59.2155
20210,2024,61.8039,24.1706,29.8441,57.9608,2.8287,7.6489,1000.0,18533.3333,121.2734,59.8124
20210,2025,61.8039,24.1706,29.8441,57.9608,2.8287,7.6489,1000.0,18300.0,121.3089,59.6425
20210,2026,61.8039,24.1706,29.8441,57.9608,2.8287,7.6489,1000.0,18133.3333,121.3089,59.6425
20211,2023,60.1023,28.1654,30.5375,63.5144,2.4668,6.6959,1064.0,23694.2857,76.9231,69.8699
20211,2024,60.1023,28.1654,30.5375,63.5144,2.4668,6.6959,1064.0,23614.2857,77.7251,70.2508
20211,2025,60.1023,28.1654,30.5375,63.5144,2.4668,6.6959,1064.0,23565.7143,78.5067,76.4504
20211,2026,60.1023,28.1654,30.5375,63.5144,2.4668,6.6959,1064.0,23588.5714,78.5067,76.4504
20212,2023,65.4582,35.4251,39.0215,72.004,5.1607,12.519,785.0,10335.0,230.4006,71.152
20212,2024,65.4582,35.4251,39.0215,72.004,5.1607,12.519,785.0,10208.3333,233.9978,71.7606
20212,2025,65.4582,35.4251,39.0215,72.004,5.1607,12.519,785.0,10098.3333,237.1448,72.0367
20212,2026,65.4582,35.4251,39.0215,72.004,5.1607,12.519,785.0,9988.3333,237.1448,72.0367
20213,2023,72.6375,34.3885,36.5894,63.8028,6.3978,10.5201,1005.0,14887.5,176.0974,81.5631
20213,2024,72.6375,34.3885,36.5894,63.8028,6.3978,10.5201,1005.0,14712.5,180.077,87.2124
20213,2025,72.6375,34.3885,36.5894,63.8028,6.3978,10.5201,1005.0,14570.0,187.1146,87.1943
20213,2026,72.6375,34.3885,36.5894,63.8028,6.3978,10.5201,1005.0,14430.0,187.1146,87.1943
20214,2023,65.1535,21.0572,29.119,64.7644,3.5368,5.542,1073.0,18564.0,61.6798,96.5738
20214,2024,65.1535,21.0572,29.119,64.7644,3.5368,5.542,1073.0,18400.0,62.0866,96.7206
20214,2025,65.1535,21.0572,29.119,64.7644,3.5368,5.542,1073.0,18236.0,58.2621,96.8002
20214,2026,65.1535,21.0572,29.119,64.7644,3.5368,5.542,1073.0,18174.0,58.2621,96.8002
20215,2023,58.7798,20.8069,30.1422,60.4539,1.3219,7.6947,1227.0,37000.0,84.5458,93.6886
20215,2024,58.7798,20.8069,30.1422,60.4539,1.3219,7.6947,1227.0,37400.0,83.3549,93.9046
20215,2025,58.7798,20.8069,30.1422,60.4539,1.3219,7.6947,1227.0,37814.2857,70.0866,95.4635
20215,2026,58.7798,20.8069,30.1422,60.4539,1.3219,7.6947,1227.0,38185.7143,70.0866,95.4635
20217,2023,62.0787,24.8945,24.6253,67.4585,3.2417,9.6349,1044.0,23165.8333,104.992,77.2582
20217,2024,62.0787,24.8945,24.6253,67.4585,3.2417,9.6349,1044.0,23228.3333,105.5531,77.0885
20217,2025,62.0787,24.8945,24.6253,67.4585,3.2417,9.6349,1044.0,23358.3333,104.847,76.8659
20217,2026,62.0787,24.8945,24.6253,67.4585,3.2417,9.6349,1044.0,23589.1667,104.847,76.8659
20218,2023,65.6982,24.871,31.8882,58.716,2.7803,10.6627,845.0,28550.0,55.7711,92.266
20218,2024,65.6982,24.871,31.8882,58.716,2.7803,10.6627,845.0,28466.6667,56.101,92.1425
20218,2025,65.6982,24.871,31.8882,58.716,2.7803,10.6627,845.0,28466.6667,56.4194,92.2474
20218,2026,65.6982,24.871,31.8882,58.716,2.7803,10.6627,845.0,28466.6667,56.4194,92.2474
20219,2023,67.9035,25.6654,32.8042,65.2739,1.9504,10.5033,938.0,18716.6667,93.0406,77.5654
20219,2024,67.9035,25.6654,32.8042,65.2739,1.9504,10.5033,938.0,18500.0,93.9978,80.1887
20219,2025,67.9035,25.6654,32.8042,65.2739,1.9504,10.5033,938.0,18316.6667,94.9651,80.1713
20219,2026,67.9035,25.6654,32.8042,65.2739,1.9504,10.5033,938.0,18133.3333,94.9651,80.1713
20220,2023,66.6573,20.0699,31.3094,67.6479,1.2136,7.1984,1073.0,25970.0,39.5425,89.0182
20220,2024,66.6573,20.0699,31.3094,67.6479,1.2136,7.1984,1073.0,26100.0,35.0134,88.936
20220,2025,66.6573,20.0699,31.3094,67.6479,1.2136,7.1984,1073.0,26380.0,31.8146,89.0641
20220,2026,66.6573,20.0699,31.3094,67.6479,1.2136,7.1984,1073.0,26910.0,31.8146,89.0641
20303,2023,,,,,,,,20700.0,154.7702,76.669
20303,2024,,,,,,,,20500.0,157.7584,78.2906
20303,2025,,,,,,,,20300.0,159.6759,77.8599
20303,2026,,,,,,,,20100.0,159.6759,77.8599
20304,2023,,,,,,,,9400.0,207.567,45.6122
20304,2024,,,,,,,,9330.0,211.1735,63.1382
20304,2025,,,,,,,,9270.0,217.5709,65.9598
20304,2026,,,,,,,,9250.0,217.5709,65.9598
20305,2023,,,,,,,,8710.0,289.9506,22.2405
20305,2024,,,,,,,,8580.0,291.6805,22.1081
20305,2025,,,,,,,,8450.0,309.0359,21.7669
20305,2026,,,,,,,,8360.0,309.0359,21.7669
20306,2023,,,,,,,,3460.0,931.677,0.0
20306,2024,,,,,,,,3360.0,966.7025,0.0
20306,2025,,,,,,,,3270.0,993.5205,0.0
20306,2026,,,,,,,,3180.0,993.5205,0.0
20307,2023,,,,,,,,3100.0,1176.4706,0.0
20307,2024,,,,,,,,3010.0,1259.4841,0.0
20307,2025,,,,,,,,2930.0,1329.2117,0.0
20307,2026,,,,,,,,2850.0,1329.2117,0.0
20309,2023,,,,,,,,17500.0,105.8352,91.0564
20309,2024,,,,,,,,17400.0,106.8169,90.8332
20309,2025,,,,,,,,17300.0,108.0656,90.4902
20309,2026,,,,,,,,17200.0,108.0656,90.4902
20321,2023,67.0064,14.0992,28.9898,75.4453,2.2919,6.0084,798.0,59816.6667,113.9005,45.5463
20321,2024,67.0064,14.0992,28.9898,75.4453,2.2919,6.0084,798.0,65800.0,113.4312,47.6735
20321,2025,67.0064,14.0992,28.9898,75.4453,2.2919,6.0084,798.0,73133.3333,112.6333,47.4761
20321,2026,67.0064,14.0992,28.9898,75.4453,2.2919,6.0084,798.0,82583.3333,112.6333,47.4761
20323,2023,56.4024,16.7435,26.3374,68.75,1.0495,11.2981,1199.0,20050.0,88.1573,91.2028
20323,2024,56.4024,16.7435,26.3374,68.75,1.0495,11.2981,1199.0,20450.0,85.7954,91.9461
20323,2025,56.4024,16.7435,26.3374,68.75,1.0495,11.2981,1199.0,20950.0,84.675,90.1729
20323,2026,56.4024,16.7435,26.3374,68.75,1.0495,11.2981,1199.0,22150.0,84.675,90.1729
20324,2023,,,,,,,,11150.0,132.9826,46.2955
20324,2024,,,,,,,,11050.0,135.3361,46.5645
20324,2025,,,,,,,,10950.0,136.35,48.8013
20324,2026,,,,,,,,10850.0,136.35,48.8013
20349,2023,,,,,,,,15600.0,230.9142,90.7163
20349,2024,,,,,,,,15500.0,236.0877,91.3997
20349,2025,,,,,,,,15400.0,239.8434,90.8223
20349,2026,,,,,,,,15300.0,239.8434,90.8223
20350,2023,,,,,,,,9260.0,320.6692,87.7832
20350,2024,,,,,,,,9100.0,328.2783,86.9759
20350,2025,,,,,,,,8900.0,333.696,87.3776
20350,2026,,,,,,,,8700.0,333.696,87.3776
20361,2023,65.6499,34.9794,35.4788,64.0584,17.4185,13.6232,1006.0,42400.0,1.57,99.3092
20361,2024,65.6499,34.9794,35.4788,64.0584,17.4185,13.6232,1006.0,41833.3333,1.5938,99.2775
20361,2025,65.6499,34.9794,35.4788,64.0584,17.4185,13.6232,1006.0,41400.0,1.6243,98.8847
20361,2026,65.6499,34.9794,35.4788,64.0584,17.4185,13.6232,1006.0,41100.0,1.6243,98.8847
20362,2023,,,,,,,,14140.0,75.2144,78.6869
20362,2024,,,,,,,,13976.6667,75.3044,78.6403
20362,2025,,,,,,,,13846.6667,73.0134,78.3724
20362,2026,,,,,,,,13783.3333,73.0134,78.3724
20363,2023,,,,,,,,14900.0,26.0449,73.521
20363,2024,,,,,,,,15000.0,25.9484,73.5327
20363,2025,,,,,,,,15100.0,25.958,73.3004
20363,2026,,,,,,,,15200.0,25.958,73.3004
20382,2023,70.9585,34.6821,28.6678,60.745,0.7072,18.0451,622.0,15433.3333,96.1797,87.8029
20382,2024,70.9585,34.6821,28.6678,60.745,0.7072,18.0451,622.0,15133.3333,95.6859,88.0639
20382,2025,70.9585,34.6821,28.6678,60.745,0.7072,18.0451,622.0,14866.6667,97.1736,88.2614
20382,2026,70.9585,34.6821,28.6678,60.745,0.7072,18.0451,622.0,14600.0,97.1736,88.2614
20383,2023,63.0261,18.7947,31.406,59.7793,0.2967,5.4577,989.0,20266.6667,41.7647,81.9236
20383,2024,63.0261,18.7947,31.406,59.7793,0.2967,5.4577,989.0,19900.0,42.1044,82.2058
20383,2025,63.0261,18.7947,31.406,59.7793,0.2967,5.4577,989.0,19633.3333,42.2356,82.0683
20383,2026,63.0261,18.7947,31.406,59.7793,0.2967,5.4577,989.0,19466.6667,42.2356,82.0683
20384,2023,,,,,,,,11550.0,167.4378,56.9509
20384,2024,,,,,,,,11400.0,144.0536,56.6611
20384,2025,,,,,,,,11250.0,143.2923,56.8656
20384,2026,,,,,,,,11100.0,143.2923,56.8656
20385,2023,54.7022,19.1083,28.9294,62.8527,6.5089,2.9178,1108.0,19600.0,13.1168,98.3573
20385,2024,54.7022,19.1083,28.9294,62.8527,6.5089,2.9178,1108.0,19600.0,13.0362,98.0322
20385,2025,54.7022,19.1083,28.9294,62.8527,6.5089,2.9178,1108.0,19700.0,13.0833,98.0064
20385,2026,54.7022,19.1083,28.9294,62.8527,6.5089,2.9178,1108.0,19800.0,13.0833,98.0064
20386,2023,,,,,,,,3530.0,271.6469,56.7063
20386,2024,,,,,,,,3460.0,270.1544,56.4751
20386,2025,,,,,,,,3390.0,268.3983,56.5584
20386,2026,,,,,,,,3330.0,268.3983,56.5584
20388,2023,,,,,,,,16100.0,126.7398,84.5988
20388,2024,,,,,,,,15900.0,127.3596,84.751
20388,2025,,,,,,,,15700.0,128.1025,85.2682
20388,2026,,,,,,,,15500.0,128.1025,85.2682
20402,2023,,,,,,,,12100.0,0.0,42.9524
20402,2024,,,,,,,,11950.0,0.0,42.2466
20402,2025,,,,,,,,11800.0,0.0,43.6159
20402,2026,,,,,,,,11650.0,0.0,43.6159
20403,2023,,,,,,,,15220.0,29.4163,66.4344
20403,2024,,,,,,,,15020.0,29.7572,66.5153
20403,2025,,,,,,,,14820.0,30.1444,75.0436
20403,2026,,,,,,,,14680.0,30.1444,75.0436
20404,2023,,,,,,,,3150.0,508.3135,0.0
20404,2024,,,,,,,,3100.0,502.6974,0.0
20404,2025,,,,,,,,3055.0,536.7591,0.0
20404,2026,,,,,,,,3020.0,536.7591,0.0
20407,2023,,,,,,,,5085.0,327.0025,49.5128
20407,2024,,,,,,,,5030.0,330.6061,49.1067
20407,2025,,,,,,,,4977.5,334.9604,49.9748
20407,2026,,,,,,,,4927.5,334.9604,49.9748
20409,2023,,,,,,,,2640.0,1010.3627,0.0
20409,2024,,,,,,,,2580.0,1146.6667,0.0
20409,2025,,,,,,,,2520.0,1220.1592,0.0
20409,2026,,,,,,,,2470.0,1220.1592,0.0
20410,2023,,,,,,,,4370.0,820.8092,0.0
20410,2024,,,,,,,,4270.0,860.6061,0.0
20410,2025,,,,,,,,4180.0,992.5558,0.0
20410,2026,,,,,,,,4100.0,992.5558,0.0
20411,2023,,,,,,,,5230.0,515.3478,0.0
20411,2024,,,,,,,,5130.0,526.0132,0.0
20411,2025,,,,,,,,5050.0,534.9313,0.0
20411,2026,,,,,,,,4980.0,534.9313,0.0
20412,2023,,,,,,,,2940.0,1313.1313,0.0
20412,2024,,,,,,,,2880.0,1416.4905,0.0
20412,2025,,,,,,,,2820.0,1419.4915,0.0
20412,2026,,,,,,,,2760.0,1419.4915,0.0
20413,2023,,,,,,,,4540.0,539.823,66.0177
20413,2024,,,,,,,,4440.0,569.8529,66.5441
20413,2025,,,,,,,,4350.0,525.2918,64.786
20413,2026,,,,,,,,4270.0,525.2918,64.786
20414,2023,,,,,,,,1920.0,868.7133,0.0
20414,2024,,,,,,,,1880.0,899.2563,0.0
20414,2025,,,,,,,,1840.0,974.7546,0.0
20414,2026,,,,,,,,1800.0,974.7546,0.0
20415,2023,,,,,,,,12700.0,71.1921,75.1159
20415,2024,,,,,,,,12600.0,72.0027,74.933
20415,2025,,,,,,,,12500.0,73.0299,75.5774
20415,2026,,,,,,,,12400.0,73.0299,75.5774
20416,2023,,,,,,,,13000.0,75.7232,51.0677
20416,2024,,,,,,,,12800.0,76.1035,52.3135
20416,2025,,,,,,,,12700.0,76.9112,51.1614
20416,2026,,,,,,,,12600.0,76.9112,51.1614
20417,2023,,,,,,,,1930.0,766.7387,0.0
20417,2024,,,,,,,,1890.0,766.6291,0.0
20417,2025,,,,,,,,1860.0,794.9309,0.0
20417,2026,,,,,,,,1830.0,794.9309,0.0
20422,2023,,,,,,,,13300.0,338.9831,70.2039
20422,2024,,,,,,,,12900.0,349.9125,70.7823
20422,2025,,,,,,,,12500.0,361.3232,70.2036
20422,2026,,,,,,,,12100.0,361.3232,70.2036
20423,2023,,,,,,,,7120.0,479.8762,7.8947
20423,2024,,,,,,,,6970.0,491.3679,8.1541
20423,2025,,,,,,,,6810.0,503.5384,7.9477
20423,2026,,,,,,,,6646.6667,503.5384,7.9477
20425,2023,,,,,,,,10800.0,318.5438,66.1737
20425,2024,,,,,,,,10600.0,325.7076,66.1884
20425,2025,,,,,,,,10400.0,337.8378,66.3355
20425,2026,,,,,,,,10200.0,337.8378,66.3355
20429,2023,,,,,,,,5720.0,1158.3578,0.0
20429,2024,,,,,,,,5570.0,1293.7595,0.0
20429,2025,,,,,,,,5440.0,1328.125,0.0
20429,2026,,,,,,,,5290.0,1328.125,0.0
20430,2023,,,,,,,,6880.0,318.0212,33.0389
20430,2024,,,,,,,,6700.0,325.1054,32.2095
20430,2025,,,,,,,,6530.0,336.8684,31.9089
20430,2026,,,,,,,,6390.0,336.8684,31.9089
20432,2023,,,,,,,,10885.0,356.1992,69.4197
20432,2024,,,,,,,,10540.0,360.8813,66.115
20432,2025,,,,,,,,10241.6667,365.6922,68.799
20432,2026,,,,,,,,9963.3333,365.6922,68.799
20446,2023,,,,,,,,10000.0,299.6845,78.1546
20446,2024,,,,,,,,9800.0,307.5678,78.2679
20446,2025,,,,,,,,9600.0,352.4046,78.3582
20446,2026,,,,,,,,9400.0,352.4046,78.3582
20448,2023,,,,,,,,6600.0,406.3604,0.0
20448,2024,,,,,,,,6540.0,418.1818,0.0
20448,2025,,,,,,,,6480.0,427.2446,0.0
20448,2026,,,,,,,,6420.0,427.2446,0.0
20450,2023,,,,,,,,21200.0,0.0,99.5198
20450,2024,,,,,,,,21350.0,0.0,99.3197
20450,2025,,,,,,,,21700.0,0.0,99.293
20450,2026,,,,,,,,22100.0,0.0,99.293
20451,2023,,,,,,,,14000.0,64.2349,99.3806
20451,2024,,,,,,,,14000.0,64.8599,100.0463
20451,2025,,,,,,,,14000.0,60.9899,99.2728
20451,2026,,,,,,,,14000.0,60.9899,99.2728
20452,2023,,,,,,,,7703.3333,246.7066,0.0
20452,2024,,,,,,,,7590.0,254.6983,0.0
20452,2025,,,,,,,,7473.3333,271.6298,0.0
20452,2026,,,,,,,,7360.0,271.6298,0.0
20481,2023,,,,,,,,10870.0,66.091,94.1264
20481,2024,,,,,,,,10860.0,67.1068,94.3825
20481,2025,,,,,,,,10850.0,68.0272,94.2067
20481,2026,,,,,,,,10845.0,68.0272,94.2067
20482,2023,,,,,,,,13000.0,138.4695,99.0005
20482,2024,,,,,,,,13300.0,138.744,98.7795
20482,2025,,,,,,,,13700.0,137.8524,98.8184
20482,2026,,,,,,,,14100.0,137.8524,98.8184
20485,2023,,,,,,,,7350.0,27.3286,74.9374
20485,2024,,,,,,,,7486.6667,26.2037,73.4796
20485,2025,,,,,,,,7683.3333,25.1969,72.126
20485,2026,,,,,,,,8800.0,25.1969,72.126
20486,2023,,,,,,,,7290.0,348.6239,11.3761
20486,2024,,,,,,,,7210.0,348.496,12.1423
20486,2025,,,,,,,,7210.0,337.958,11.6329
20486,2026,,,,,,,,7265.0,337.958,11.6329
20521,2023,,,,,,,,21466.6667,153.6411,95.7556
20521,2024,,,,,,,,21133.3333,154.9674,96.8016
20521,2025,,,,,,,,20833.3333,157.872,97.239
20521,2026,,,,,,,,20500.0,157.872,97.239
20541,2023,,,,,,,,33800.0,50.0364,81.1772
20541,2024,,,,,,,,34100.0,49.1222,81.2972
20541,2025,,,,,,,,34500.0,49.149,80.9229
20541,2026,,,,,,,,35000.0,49.149,80.9229
20543,2023,,,,,,,,19000.0,57.1515,66.3408
20543,2024,,,,,,,,18700.0,58.2375,66.3448
20543,2025,,,,,,,,18400.0,59.2546,66.412
20543,2026,,,,,,,,18100.0,59.2546,66.412
20561,2023,,,,,,,,16800.0,59.1356,68.919
20561,2024,,,,,,,,16200.0,59.6596,68.4945
20561,2025,,,,,,,,15700.0,60.5575,68.6615
20561,2026,,,,,,,,15150.0,60.5575,68.6615
20562,2023,,,,,,,,4840.0,51.8251,93.6683
20562,2024,,,,,,,,4760.0,50.4125,93.0339
20562,2025,,,,,,,,4690.0,51.9235,93.6276
20562,2026,,,,,,,,4620.0,51.9235,93.6276
20563,2023,,,,,,,,17100.0,183.0863,77.9425
20563,2024,,,,,,,,18500.0,178.7741,77.0715
20563,2025,,,,,,,,21400.0,214.9637,78.6711
20563,2026,,,,,,,,25200.0,214.9637,78.6711
20583,2023,,,,,,,,9850.0,58.7634,44.0981
20583,2024,,,,,,,,9645.0,59.7558,43.9335
20583,2025,,,,,,,,9495.0,60.8466,43.6376
20583,2026,,,,,,,,9345.0,60.8466,43.6376
20588,2023,,,,,,,,7690.0,531.5471,81.2014
20588,2024,,,,,,,,7550.0,543.5263,82.5011
20588,2025,,,,,,,,7410.0,582.3476,83.03
20588,2026,,,,,,,,7260.0,582.3476,83.03
20590,2023,,,,,,,,8365.0,55.0598,68.5874
20590,2024,,,,,,,,8230.0,57.8927,68.9213
20590,2025,,,,,,,,8100.0,62.2932,69.1259
20590,2026,,,,,,,,7970.0,62.2932,69.1259
20602,2023,,,,,,,,3400.0,481.1206,0.0
20602,2024,,,,,,,,3300.0,546.8259,0.0
20602,2025,,,,,,,,3200.0,532.0513,0.0
20602,2026,,,,,,,,3100.0,532.0513,0.0
21201,2023,58.8312,25.0259,28.3421,31.4799,5.4819,7.2973,1038.0,63200.0,87.8479,93.8867
21201,2024,58.8312,25.0259,28.3421,31.4799,5.4819,7.2973,1038.0,63389.1892,87.3703,93.8003
21201,2025,58.8312,25.0259,28.3421,31.4799,5.4819,7.2973,1038.0,70373.6842,87.2905,93.9075
21201,2026,58.8312,25.0259,28.3421,31.4799,5.4819,7.2973,1038.0,70607.8947,87.2905,93.9075
21202,2023,57.6506,22.6702,27.5352,34.4787,2.4382,6.9689,1069.0,46684.375,82.0568,90.4476
21202,2024,57.6506,22.6702,27.5352,34.4787,2.4382,6.9689,1069.0,46406.25,82.4428,90.7212
21202,2025,57.6506,22.6702,27.5352,34.4787,2.4382,6.9689,1069.0,46300.0,80.2361,90.9344
21202,2026,57.6506,22.6702,27.5352,34.4787,2.4382,6.9689,1069.0,46256.25,80.2361,90.9344
21203,2023,67.4641,29.3852,30.8127,65.4017,6.3851,10.8523,983.0,28151.25,94.8564,84.5775
21203,2024,67.4641,29.3852,30.8127,65.4017,6.3851,10.8523,983.0,27924.375,96.0603,85.3736
21203,2025,67.4641,29.3852,30.8127,65.4017,6.3851,10.8523,983.0,27746.25,96.9862,85.8243
21203,2026,67.4641,29.3852,30.8127,65.4017,6.3851,10.8523,983.0,27558.75,96.9862,85.8243
21204,2023,62.8378,20.9654,34.8397,36.085,5.4137,7.2895,1068.0,35284.6154,97.8765,95.424
21204,2024,62.8378,20.9654,34.8397,36.085,5.4137,7.2895,1068.0,35530.7692,98.4169,95.632
21204,2025,62.8378,20.9654,34.8397,36.085,5.4137,7.2895,1068.0,35869.2308,97.9552,95.5706
21204,2026,62.8378,20.9654,34.8397,36.085,5.4137,7.2895,1068.0,36169.2308,97.9552,95.5706
21205,2023,62.6989,26.0,30.9802,33.7472,7.5426,7.4447,975.0,19428.5714,83.8234,87.4125
21205,2024,62.6989,26.0,30.9802,33.7472,7.5426,7.4447,975.0,19265.7143,81.1082,87.8656
21205,2025,62.6989,26.0,30.9802,33.7472,7.5426,7.4447,975.0,19089.2857,81.4965,87.9292
21205,2026,62.6989,26.0,30.9802,33.7472,7.5426,7.4447,975.0,18921.4286,81.4965,87.9292
21206,2023,66.8992,28.0475,31.1986,51.0638,1.322,12.9015,956.0,15529.3333,101.8554,58.1133
21206,2024,66.8992,28.0475,31.1986,51.0638,1.322,12.9015,956.0,15495.3333,102.9088,57.4867
21206,2025,66.8992,28.0475,31.1986,51.0638,1.322,12.9015,956.0,15467.3333,102.6722,57.9044
21206,2026,66.8992,28.0475,31.1986,51.0638,1.322,12.9015,956.0,15438.0,102.6722,57.9044
21207,2023,66.523,31.7986,31.1148,37.069,2.983,10.8014,907.0,21066.6667,130.8095,74.6435
21207,2024,66.523,31.7986,31.1148,37.069,2.983,10.8014,907.0,20636.6667,132.2683,74.6927
21207,2025,66.523,31.7986,31.1148,37.069,2.983,10.8014,907.0,20240.0,134.2741,74.9829
21207,2026,66.523,31.7986,31.1148,37.069,2.983,10.8014,907.0,19900.0,134.2741,74.9829
21208,2023,63.7048,26.8825,28.98,38.3747,2.9197,6.9295,1050.0,26174.0,106.3565,75.9812
21208,2024,63.7048,26.8825,28.98,38.3747,2.9197,6.9295,1050.0,26194.0,103.2717,75.9005
21208,2025,63.7048,26.8825,28.98,38.3747,2.9197,6.9295,1050.0,26166.0,101.1933,75.9857
21208,2026,63.7048,26.8825,28.98,38.3747,2.9197,6.9295,1050.0,26222.0,101.1933,75.9857
21209,2023,57.3989,24.5161,27.4826,32.1384,4.7295,6.8942,1048.0,34416.6667,1.789,52.1036
21209,2024,57.3989,24.5161,27.4826,32.1384,4.7295,6.8942,1048.0,34316.6667,1.7971,53.2535
21209,2025,57.3989,24.5161,27.4826,32.1384,4.7295,6.8942,1048.0,34316.6667,1.8041,55.1483
21209,2026,57.3989,24.5161,27.4826,32.1384,4.7295,6.8942,1048.0,34316.6667,1.8041,55.1483
21210,2023,67.293,37.9004,31.0464,47.2385,0.9164,11.4497,964.0,16298.8889,125.9356,59.8583
21210,2024,67.293,37.9004,31.0464,47.2385,0.9164,11.4497,964.0,16163.3333,126.3122,59.9343
21210,2025,67.293,37.9004,31.0464,47.2385,0.9164,11.4497,964.0,16005.5556,127.8933,60.0426
21210,2026,67.293,37.9004,31.0464,47.2385,0.9164,11.4497,964.0,15851.1111,127.8933,60.0426
21211,2023,54.0566,18.2169,26.2136,36.2093,7.7975,5.8408,962.0,26566.6667,46.4872,90.741
21211,2024,54.0566,18.2169,26.2136,36.2093,7.7975,5.8408,962.0,26550.0,46.2287,90.65
21211,2025,54.0566,18.2169,26.2136,36.2093,7.7975,5.8408,962.0,26466.6667,46.1846,90.7666
21211,2026,54.0566,18.2169,26.2136,36.2093,7.7975,5.8408,962.0,26383.3333,46.1846,90.7666
21212,2023,61.2506,29.602,31.4217,37.5677,5.5028,10.401,945.0,26138.5714,78.7937,83.8759
21212,2024,61.2506,29.602,31.4217,37.5677,5.5028,10.401,945.0,25945.7143,80.0145,84.0844
21212,2025,61.2506,29.602,31.4217,37.5677,5.5028,10.401,945.0,25808.5714,80.379,84.3943
21212,2026,61.2506,29.602,31.4217,37.5677,5.5028,10.401,945.0,25684.2857,80.379,84.3943
21213,2023,65.8505,24.895,31.5105,36.4979,3.4607,4.2245,1073.0,40392.3077,25.3486,83.4506
21213,2024,65.8505,24.895,31.5105,36.4979,3.4607,4.2245,1073.0,40030.7692,25.4588,83.665
21213,2025,65.8505,24.895,31.5105,36.4979,3.4607,4.2245,1073.0,39746.1538,25.5903,84.1368
21213,2026,65.8505,24.895,31.5105,36.4979,3.4607,4.2245,1073.0,39530.7692,25.5903,84.1368
21214,2023,61.7477,17.4627,31.0609,38.4538,3.1781,5.2701,1168.0,31360.0,28.3266,94.8734
21214,2024,61.7477,17.4627,31.0609,38.4538,3.1781,5.2701,1168.0,31330.0,28.4411,94.8876
21214,2025,61.7477,17.4627,31.0609,38.4538,3.1781,5.2701,1168.0,31420.0,28.5631,94.8697
21214,2026,61.7477,17.4627,31.0609,38.4538,3.1781,5.2701,1168.0,31480.0,28.5631,94.8697
21215,2023,66.317,34.4666,34.3672,32.5175,5.421,16.2066,525.0,17020.0,14.0928,49.9511
21215,2024,66.317,34.4666,34.3672,32.5175,5.421,16.2066,525.0,16780.0,14.267,50.2635
21215,2025,66.317,34.4666,34.3672,32.5175,5.421,16.2066,525.0,16540.0,14.5355,50.9872
21215,2026,66.317,34.4666,34.3672,32.5175,5.421,16.2066,525.0,16323.3333,14.5355,50.9872
21216,2023,52.6386,17.833,25.2762,36.0465,2.2747,4.2101,1012.0,51400.0,8.5737,7.1751
21216,2024,52.6386,17.833,25.2762,36.0465,2.2747,4.2101,1012.0,51520.0,8.5214,7.1171
21216,2025,52.6386,17.833,25.2762,36.0465,2.2747,4.2101,1012.0,52120.0,8.5192,7.071
21216,2026,52.6386,17.833,25.2762,36.0465,2.2747,4.2101,1012.0,52720.0,8.5192,7.071
21217,2023,73.0296,43.8424,35.4887,57.3892,2.445,11.1771,653.0,14782.5,132.7296,76.9077
21217,2024,73.0296,43.8424,35.4887,57.3892,2.445,11.1771,653.0,14465.0,135.2574,78.8474
21217,2025,73.0296,43.8424,35.4887,57.3892,2.445,11.1771,653.0,14175.0,137.9533,79.4085
21217,2026,73.0296,43.8424,35.4887,57.3892,2.445,11.1771,653.0,13910.0,137.9533,79.4085
21218,2023,60.4464,28.3273,32.8358,42.7679,1.3032,6.9946,930.0,19520.0,37.7735,20.8359
21218,2024,60.4464,28.3273,32.8358,42.7679,1.3032,6.9946,930.0,19120.0,37.7541,20.653
21218,2025,60.4464,28.3273,32.8358,42.7679,1.3032,6.9946,930.0,18780.0,37.7072,20.4501
21218,2026,60.4464,28.3273,32.8358,42.7679,1.3032,6.9946,930.0,18538.0,37.7072,20.4501
21219,2023,71.4586,38.065,32.8479,44.1795,1.2561,13.6411,589.0,15751.25,162.0862,62.554
21219,2024,71.4586,38.065,32.8479,44.1795,1.2561,13.6411,589.0,15570.0,164.8895,62.9051
21219,2025,71.4586,38.065,32.8479,44.1795,1.2561,13.6411,589.0,15403.75,168.045,63.7696
21219,2026,71.4586,38.065,32.8479,44.1795,1.2561,13.6411,589.0,15187.5,168.045,63.7696
21220,2023,66.4474,38.645,33.6482,42.6291,3.5153,14.8148,779.0,11578.0,206.521,65.9539
21220,2024,66.4474,38.645,33.6482,42.6291,3.5153,14.8148,779.0,11292.0,209.188,66.0824
21220,2025,66.4474,38.645,33.6482,42.6291,3.5153,14.8148,779.0,11054.0,212.0007,66.6194
21220,2026,66.4474,38.645,33.6482,42.6291,3.5153,14.8148,779.0,10812.0,212.0007,66.6194
21221,2023,57.2779,40.8918,28.0041,27.7883,2.0264,6.7194,913.0,20220.0,52.7899,78.3684
21221,2024,57.2779,40.8918,28.0041,27.7883,2.0264,6.7194,913.0,19800.0,51.7392,79.1765
21221,2025,57.2779,40.8918,28.0041,27.7883,2.0264,6.7194,913.0,19540.0,52.69,80.3492
21221,2026,57.2779,40.8918,28.0041,27.7883,2.0264,6.7194,913.0,19280.0,52.69,80.3492
21302,2023,48.3249,17.294,24.3542,30.2846,4.4061,1.8852,945.0,54850.0,0.0,95.656
21302,2024,48.3249,17.294,24.3542,30.2846,4.4061,1.8852,945.0,55350.0,0.0,96.8582
21302,2025,48.3249,17.294,24.3542,30.2846,4.4061,1.8852,945.0,55900.0,0.0,97.3489
21302,2026,48.3249,17.294,24.3542,30.2846,4.4061,1.8852,945.0,56550.0,0.0,97.3489
21303,2023,59.5828,27.4172,30.7047,32.073,0.3517,7.0658,867.0,37700.0,0.0,89.8021
21303,2024,59.5828,27.4172,30.7047,32.073,0.3517,7.0658,867.0,37600.0,0.0,91.5154
21303,2025,59.5828,27.4172,30.7047,32.073,0.3517,7.0658,867.0,37500.0,0.0,92.6611
21303,2026,59.5828,27.4172,30.7047,32.073,0.3517,7.0658,867.0,37350.0,0.0,92.6611
21341,2023,65.3846,36.1803,30.2764,26.7753,1.8454,10.7322,798.0,22900.0,205.153,23.2519
21341,2024,65.3846,36.1803,30.2764,26.7753,1.8454,10.7322,798.0,22350.0,203.811,23.2337
21341,2025,65.3846,36.1803,30.2764,26.7753,1.8454,10.7322,798.0,21950.0,198.6831,23.2606
21341,2026,65.3846,36.1803,30.2764,26.7753,1.8454,10.7322,798.0,21600.0,198.6831,23.2606
21361,2023,67.9487,27.3899,29.5364,39.5299,0.8368,8.7942,923.0,36800.0,73.8907,64.921
21361,2024,67.9487,27.3899,29.5364,39.5299,0.8368,8.7942,923.0,36250.0,74.4493,66.045
21361,2025,67.9487,27.3899,29.5364,39.5299,0.8368,8.7942,923.0,35850.0,74.9631,67.2804
21361,2026,67.9487,27.3899,29.5364,39.5299,0.8368,8.7942,923.0,35450.0,74.9631,67.2804
21362,2023,,,,,,,,17740.0,210.331,80.4207
21362,2024,,,,,,,,17390.0,209.9571,81.0402
21362,2025,,,,,,,,17105.0,215.1589,81.3529
21362,2026,,,,,,,,16815.0,215.1589,81.3529
21381,2023,65.2648,30.6854,36.2292,31.3084,2.0833,8.1395,862.0,32300.0,26.915,89.2017
21381,2024,65.2648,30.6854,36.2292,31.3084,2.0833,8.1395,862.0,32300.0,27.1606,89.4291
21381,2025,65.2648,30.6854,36.2292,31.3084,2.0833,8.1395,862.0,32500.0,27.4574,91.1312
21381,2026,65.2648,30.6854,36.2292,31.3084,2.0833,8.1395,862.0,32500.0,27.4574,91.1312
21382,2023,,,,,,,,20800.0,0.0,85.3957
21382,2024,,,,,,,,20750.0,0.0,85.4214
21382,2025,,,,,,,,20650.0,0.0,85.2851
21382,2026,,,,,,,,20500.0,0.0,85.2851
21383,2023,,,,,,,,28800.0,16.538,99.7244
21383,2024,,,,,,,,28600.0,16.5918,99.7373
21383,2025,,,,,,,,28450.0,16.6021,99.8755
21383,2026,,,,,,,,28500.0,16.6021,99.8755
21401,2023,72.3618,39.2617,35.5596,37.1859,1.1218,24.5675,656.0,11584.0,160.217,20.3163
21401,2024,72.3618,39.2617,35.5596,37.1859,1.1218,24.5675,656.0,11376.0,162.6272,20.4491
21401,2025,72.3618,39.2617,35.5596,37.1859,1.1218,24.5675,656.0,11136.0,165.2981,20.5603
21401,2026,72.3618,39.2617,35.5596,37.1859,1.1218,24.5675,656.0,10916.0,165.2981,20.5603
21403,2023,67.2,31.6712,30.575,33.6,0.7782,8.0046,866.0,24150.0,32.6442,0.0
21403,2024,67.2,31.6712,30.575,33.6,0.7782,8.0046,866.0,23750.0,33.0306,0.0
21403,2025,67.2,31.6712,30.575,33.6,0.7782,8.0046,866.0,23500.0,33.568,0.0
21403,2026,67.2,31.6712,30.575,33.6,0.7782,8.0046,866.0,23250.0,33.568,0.0
21404,2023,69.172,30.656,31.6298,39.8726,1.0,9.6452,845.0,26150.0,47.8469,68.1949
21404,2024,69.172,30.656,31.6298,39.8726,1.0,9.6452,845.0,25950.0,48.4283,69.2965
21404,2025,69.172,30.656,31.6298,39.8726,1.0,9.6452,845.0,25850.0,48.9738,69.1999
21404,2026,69.172,30.656,31.6298,39.8726,1.0,9.6452,845.0,25700.0,48.9738,69.1999
21421,2023,57.0028,18.0897,24.2494,32.7273,2.5367,5.347,955.0,47700.0,0.0,99.5988
21421,2024,57.0028,18.0897,24.2494,32.7273,2.5367,5.347,955.0,47400.0,0.0,99.3421
21421,2025,57.0028,18.0897,24.2494,32.7273,2.5367,5.347,955.0,44550.0,0.0,99.5799
21421,2026,57.0028,18.0897,24.2494,32.7273,2.5367,5.347,955.0,45000.0,0.0,99.5799
21501,2023,,,,,,,,22550.0,14.8441,68.8644
21501,2024,,,,,,,,22150.0,14.611,67.7706
21501,2025,,,,,,,,21700.0,14.5208,67.4371
21501,2026,,,,,,,,21250.0,14.5208,67.4371
21502,2023,,,,,,,,20550.0,192.7083,62.7431
21502,2024,,,,,,,,20550.0,189.8409,63.7592
21502,2025,,,,,,,,20650.0,188.6472,63.5452
21502,2026,,,,,,,,20700.0,188.6472,63.5452
21503,2023,,,,,,,,18150.0,126.4806,96.0048
21503,2024,,,,,,,,17950.0,128.0098,96.3629
21503,2025,,,,,,,,17850.0,129.0851,96.3631
21503,2026,,,,,,,,17750.0,129.0851,96.3631
21504,2023,,,,,,,,8865.0,269.7895,0.0
21504,2024,,,,,,,,8700.0,270.5167,0.0
21504,2025,,,,,,,,8550.0,298.1795,0.0
21504,2026,,,,,,,,8400.0,298.1795,0.0
21505,2023,,,,,,,,16300.0,229.7061,76.9418
21505,2024,,,,,,,,16033.3333,227.9033,77.1899
21505,2025,,,,,,,,15800.0,230.1998,77.6392
21505,2026,,,,,,,,15466.6667,230.1998,77.6392
21506,2023,,,,,,,,10575.0,172.4835,0.0
21506,2024,,,,,,,,10270.0,177.926,0.0
21506,2025,,,,,,,,10025.0,189.4706,0.0
21506,2026,,,,,,,,9775.0,189.4706,0.0
21507,2023,,,,,,,,3330.0,270.2703,0.0
21507,2024,,,,,,,,3270.0,275.0965,0.0
21507,2025,,,,,,,,3230.0,278.4684,0.0
21507,2026,,,,,,,,3200.0,278.4684,0.0
21521,2023,62.0853,23.4548,32.7869,37.6582,4.4843,10.3581,739.0,18400.0,123.7693,77.6821
21521,2024,62.0853,23.4548,32.7869,37.6582,4.4843,10.3581,739.0,18250.0,122.1581,78.0342
21521,2025,62.0853,23.4548,32.7869,37.6582,4.4843,10.3581,739.0,18100.0,123.2666,78.4398
21521,2026,62.0853,23.4548,32.7869,37.6582,4.4843,10.3581,739.0,17950.0,123.2666,78.4398
21604,2023,,,,,,,,5670.0,132.1877,85.3272
21604,2024,,,,,,,,5740.0,134.1382,86.1838
21604,2025,,,,,,,,5820.0,136.0544,84.1497
21604,2026,,,,,,,,5900.0,136.0544,84.1497
22100,2023,57.7605,20.3933,27.8384,28.1361,4.5875,5.0563,1373.0,113340.9836,99.1168,87.7642
22100,2024,57.7605,20.3933,27.8384,28.1361,4.5875,5.0563,1373.0,114214.7541,99.9799,88.0538
22100,2025,57.7605,20.3933,27.8384,28.1361,4.5875,5.0563,1373.0,115624.5902,100.2118,88.2204
22100,2026,57.7605,20.3933,27.8384,28.1361,4.5875,5.0563,1373.0,117465.5738,100.2118,88.2204
22130,2023,60.8112,16.515,28.1549,30.0639,2.9767,4.7658,1188.0,60922.1333,72.3347,81.2332
22130,2024,60.8112,16.515,28.1549,30.0639,2.9767,4.7658,1188.0,61183.2,72.6123,81.4244
22130,2025,60.8112,16.515,28.1549,30.0639,2.9767,4.7658,1188.0,61514.4,72.9025,81.6901
22130,2026,60.8112,16.515,28.1549,30.0639,2.9767,4.7658,1188.0,61616.9333,72.9025,81.6901
22203,2023,56.398,21.2328,30.581,24.7683,5.5609,5.6201,1166.0,76492.0,96.0808,61.9278
22203,2024,56.398,21.2328,30.581,24.7683,5.5609,5.6201,1166.0,75776.0,97.0047,62.411
22203,2025,56.398,21.2328,30.581,24.7683,5.5609,5.6201,1166.0,75344.0,98.0846,62.6961
22203,2026,56.398,21.2328,30.581,24.7683,5.5609,5.6201,1166.0,74974.0,98.0846,62.6961
22205,2023,55.803,37.478,30.0083,21.864,4.1118,10.124,1403.0,52250.0,324.3981,68.3588
22205,2024,55.803,37.478,30.0083,21.864,4.1118,10.124,1403.0,52037.5,326.8109,68.1116
22205,2025,55.803,37.478,30.0083,21.864,4.1118,10.124,1403.0,51825.0,333.1331,68.2307
22205,2026,55.803,37.478,30.0083,21.864,4.1118,10.124,1403.0,51725.0,333.1331,68.2307
22206,2023,61.0752,18.5861,31.3559,31.4879,4.1944,3.4203,1264.0,107240.0,63.9901,84.3644
22206,2024,61.0752,18.5861,31.3559,31.4879,4.1944,3.4203,1264.0,107800.0,64.6097,84.8261
22206,2025,61.0752,18.5861,31.3559,31.4879,4.1944,3.4203,1264.0,108830.0,70.5977,85.0602
22206,2026,61.0752,18.5861,31.3559,31.4879,4.1944,3.4203,1264.0,110530.0,70.5977,85.0602
22207,2023,62.7302,20.6285,29.7194,31.3714,3.1743,7.6999,1011.0,36584.6154,60.3482,54.1215
22207,2024,62.7302,20.6285,29.7194,31.3714,3.1743,7.6999,1011.0,36400.0,58.5165,54.1902
22207,2025,62.7302,20.6285,29.7194,31.3714,3.1743,7.6999,1011.0,36276.9231,61.6442,54.4227
22207,2026,62.7302,20.6285,29.7194,31.3714,3.1743,7.6999,1011.0,36165.3846,61.6442,54.4227
22208,2023,59.6432,32.12,35.1704,22.3232,3.9197,10.2609,1118.0,32133.3333,154.7838,37.6279
22208,2024,59.6432,32.12,35.1704,22.3232,3.9197,10.2609,1118.0,32100.0,156.3431,37.4948
22208,2025,59.6432,32.12,35.1704,22.3232,3.9197,10.2609,1118.0,32033.3333,156.7398,38.1281
22208,2026,59.6432,32.12,35.1704,22.3232,3.9197,10.2609,1118.0,32000.0,156.7398,38.1281
22209,2023,67.2551,21.2087,29.1149,34.6241,2.7362,6.8081,1138.0,49045.4545,33.3693,12.1394
22209,2024,67.2551,21.2087,29.1149,34.6241,2.7362,6.8081,1138.0,48754.5455,32.6026,12.2395
22209,2025,67.2551,21.2087,29.1149,34.6241,2.7362,6.8081,1138.0,48727.2727,32.9298,12.3772
22209,2026,67.2551,21.2087,29.1149,34.6241,2.7362,6.8081,1138.0,48809.0909,32.9298,12.3772
22210,2023,61.6935,17.2968,27.3708,31.8438,2.4193,4.8997,1096.0,61305.8824,87.3164,78.9031
22210,2024,61.6935,17.2968,27.3708,31.8438,2.4193,4.8997,1096.0,61108.8235,87.7416,79.4475
22210,2025,61.6935,17.2968,27.3708,31.8438,2.4193,4.8997,1096.0,61041.1765,88.2385,79.9976
22210,2026,61.6935,17.2968,27.3708,31.8438,2.4193,4.8997,1096.0,60991.1765,88.2385,79.9976
22211,2023,61.8994,17.4699,26.1885,36.6071,3.1746,3.6941,1103.0,45944.4444,28.713,86.9735
22211,2024,61.8994,17.4699,26.1885,36.6071,3.1746,3.6941,1103.0,46194.4444,25.4973,87.6107
22211,2025,61.8994,17.4699,26.1885,36.6071,3.1746,3.6941,1103.0,46473.3333,23.2732,88.1458
22211,2026,61.8994,17.4699,26.1885,36.6071,3.1746,3.6941,1103.0,46712.2222,23.2732,88.1458
22212,2023,65.9459,17.4489,31.3229,31.9884,3.128,5.4545,1113.0,48100.0,29.3734,21.1663
22212,2024,65.9459,17.4489,31.3229,31.9884,3.128,5.4545,1113.0,47846.6667,29.5578,20.8958
22212,2025,65.9459,17.4489,31.3229,31.9884,3.128,5.4545,1113.0,47806.6667,29.787,20.6809
22212,2026,65.9459,17.4489,31.3229,31.9884,3.128,5.4545,1113.0,47900.0,29.787,20.6809
22213,2023,57.6868,14.1673,26.0671,36.7313,2.2111,5.8835,1079.0,41675.0,45.5671,35.532
22213,2024,57.6868,14.1673,26.0671,36.7313,2.2111,5.8835,1079.0,41566.6667,45.7464,36.079
22213,2025,57.6868,14.1673,26.0671,36.7313,2.2111,5.8835,1079.0,41508.3333,45.8628,36.6694
22213,2026,57.6868,14.1673,26.0671,36.7313,2.2111,5.8835,1079.0,41575.0,45.8628,36.6694
22214,2023,66.458,17.3136,29.6629,35.0977,2.7824,5.9917,1160.0,59131.25,33.9216,43.393
22214,2024,66.458,17.3136,29.6629,35.0977,2.7824,5.9917,1160.0,59268.75,34.2604,43.6881
22214,2025,66.458,17.3136,29.6629,35.0977,2.7824,5.9917,1160.0,59612.5,34.5321,43.5697
22214,2026,66.458,17.3136,29.6629,35.0977,2.7824,5.9917,1160.0,60150.0,34.5321,43.5697
22215,2023,62.9357,16.6163,31.963,46.5662,3.8595,4.1205,1188.0,66700.0,103.9089,38.9013
22215,2024,62.9357,16.6163,31.963,46.5662,3.8595,4.1205,1188.0,66720.0,104.5821,39.6522
22215,2025,62.9357,16.6163,31.963,46.5662,3.8595,4.1205,1188.0,66840.0,105.5254,40.1404
22215,2026,62.9357,16.6163,31.963,46.5662,3.8595,4.1205,1188.0,66980.0,105.5254,40.1404
22216,2023,58.8325,14.2857,27.7142,31.9246,1.0632,4.6447,1077.0,38362.5,25.7447,46.3156
22216,2024,58.8325,14.2857,27.7142,31.9246,1.0632,4.6447,1077.0,38300.0,25.7834,47.749
22216,2025,58.8325,14.2857,27.7142,31.9246,1.0632,4.6447,1077.0,38312.5,25.9265,47.7582
22216,2026,58.8325,14.2857,27.7142,31.9246,1.0632,4.6447,1077.0,38287.5,25.9265,47.7582
22219,2023,56.422,43.8073,34.5029,15.4817,9.3541,15.0788,984.0,56450.0,49.7537,47.5596
22219,2024,56.422,43.8073,34.5029,15.4817,9.3541,15.0788,984.0,55900.0,50.7357,42.7854
22219,2025,56.422,43.8073,34.5029,15.4817,9.3541,15.0788,984.0,55600.0,51.8618,43.7403
22219,2026,56.422,43.8073,34.5029,15.4817,9.3541,15.0788,984.0,55400.0,51.8618,43.7403
22220,2023,65.0959,18.3416,33.0133,37.1507,4.9468,4.9793,1131.0,74100.0,19.4861,45.3525
22220,2024,65.0959,18.3416,33.0133,37.1507,4.9468,4.9793,1131.0,74150.0,19.7054,47.9919
22220,2025,65.0959,18.3416,33.0133,37.1507,4.9468,4.9793,1131.0,74112.5,19.9228,48.5541
22220,2026,65.0959,18.3416,33.0133,37.1507,4.9468,4.9793,1131.0,74225.0,19.9228,48.5541
22221,2023,61.4367,21.5334,29.3333,33.5856,3.2244,6.4398,1082.0,45166.6667,58.3904,43.9932
22221,2024,61.4367,21.5334,29.3333,33.5856,3.2244,6.4398,1082.0,45550.0,58.7131,44.1846
22221,2025,61.4367,21.5334,29.3333,33.5856,3.2244,6.4398,1082.0,45833.3333,59.5987,44.54
22221,2026,61.4367,21.5334,29.3333,33.5856,3.2244,6.4398,1082.0,46266.6667,59.5987,44.54
22222,2023,61.8397,32.8742,32.1925,23.8399,5.1664,13.2251,968.0,30957.1429,96.6334,53.8896
22222,2024,61.8397,32.8742,32.1925,23.8399,5.1664,13.2251,968.0,30185.7143,98.6877,54.1615
22222,2025,61.8397,32.8742,32.1925,23.8399,5.1664,13.2251,968.0,29542.8571,90.0966,55.8022
22222,2026,61.8397,32.8742,32.1925,23.8399,5.1664,13.2251,968.0,28957.1429,90.0966,55.8022
22223,2023,60.5866,23.8274,29.5991,31.4679,7.016,4.715,1057.0,14200.0,88.9077,43.6234
22223,2024,60.5866,23.8274,29.5991,31.4679,7.016,4.715,1057.0,14075.0,90.1347,43.7104
22223,2025,60.5866,23.8274,29.5991,31.4679,7.016,4.715,1057.0,13900.0,91.8728,43.9239
22223,2026,60.5866,23.8274,29.5991,31.4679,7.016,4.715,1057.0,13750.0,91.8728,43.9239
22224,2023,62.0137,14.6667,27.5304,35.7551,0.9556,8.2582,1201.0,26966.6667,43.9901,29.2471
22224,2024,62.0137,14.6667,27.5304,35.7551,0.9556,8.2582,1201.0,26966.6667,44.1724,30.1087
22224,2025,62.0137,14.6667,27.5304,35.7551,0.9556,8.2582,1201.0,27033.3333,44.5113,30.7912
22224,2026,62.0137,14.6667,27.5304,35.7551,0.9556,8.2582,1201.0,27033.3333,44.5113,30.7912
22225,2023,61.5516,22.8305,33.3883,30.0627,4.3288,8.4358,1126.0,60628.5714,46.3384,68.7882
22225,2024,61.5516,22.8305,33.3883,30.0627,4.3288,8.4358,1126.0,59428.5714,40.0737,68.6911
22225,2025,61.5516,22.8305,33.3883,30.0627,4.3288,8.4358,1126.0,58300.0,36.3178,69.0799
22225,2026,61.5516,22.8305,33.3883,30.0627,4.3288,8.4358,1126.0,57242.8571,36.3178,69.0799
22226,2023,59.6241,23.4641,32.03,29.6176,2.9878,10.3219,873.0,29700.0,55.4061,0.0
22226,2024,59.6241,23.4641,32.03,29.6176,2.9878,10.3219,873.0,29233.3333,55.7271,0.0
22226,2025,59.6241,23.4641,32.03,29.6176,2.9878,10.3219,873.0,28833.3333,56.7027,0.0
22226,2026,59.6241,23.4641,32.03,29.6176,2.9878,10.3219,873.0,28533.3333,56.7027,0.0
22301,2023,,,,,,,,31000.0,85.8595,0.0
22301,2024,,,,,,,,30450.0,86.6873,0.0
22301,2025,,,,,,,,30050.0,88.344,0.0
22301,2026,,,,,,,,29700.0,88.344,0.0
22302,2023,,,,,,,,22650.0,1.4863,0.0
22302,2024,,,,,,,,22200.0,0.0,0.0
22302,2025,,,,,,,,21850.0,0.0,0.0
22302,2026,,,,,,,,21550.0,0.0,0.0
22304,2023,,,,,,,,14350.0,50.4789,27.7375
22304,2024,,,,,,,,14200.0,51.9654,28.3145
22304,2025,,,,,,,,14050.0,53.1335,30.2997
22304,2026,,,,,,,,13950.0,53.1335,30.2997
22305,2023,,,,,,,,20100.0,70.34,0.0
22305,2024,,,,,,,,19400.0,72.1154,0.0
22305,2025,,,,,,,,18850.0,74.2312,0.0
22305,2026,,,,,,,,18450.0,74.2312,0.0
22306,2023,,,,,,,,23400.0,22.5416,0.0
22306,2024,,,,,,,,22750.0,23.385,0.0
22306,2025,,,,,,,,22275.0,24.1,0.0
22306,2026,,,,,,,,21875.0,24.1,0.0
22325,2023,57.3469,21.6793,31.0252,27.7059,2.8628,5.6237,1159.0,92740.0,25.6466,74.8313
22325,2024,57.3469,21.6793,31.0252,27.7059,2.8628,5.6237,1159.0,92360.0,25.9209,75.3261
22325,2025,57.3469,21.6793,31.0252,27.7059,2.8628,5.6237,1159.0,92080.0,23.5424,75.7236
22325,2026,57.3469,21.6793,31.0252,27.7059,2.8628,5.6237,1159.0,91780.0,23.5424,75.7236
22341,2023,61.2821,16.8954,27.973,29.462,1.3256,4.4349,1163.0,112233.3333,17.5896,76.2321
22341,2024,61.2821,16.8954,27.973,29.462,1.3256,4.4349,1163.0,112200.0,17.5973,78.6758
22341,2025,61.2821,16.8954,27.973,29.462,1.3256,4.4349,1163.0,112166.6667,17.7008,84.9259
22341,2026,61.2821,16.8954,27.973,29.462,1.3256,4.4349,1163.0,112466.6667,17.7008,84.9259
22342,2023,59.7304,8.7925,25.9179,36.8483,1.4294,2.2124,1302.0,107700.0,36.048,80.0909
22342,2024,59.7304,8.7925,25.9179,36.8483,1.4294,2.2124,1302.0,108325.0,36.0687,80.3804
22342,2025,59.7304,8.7925,25.9179,36.8483,1.4294,2.2124,1302.0,109000.0,35.9227,80.3867
22342,2026,59.7304,8.7925,25.9179,36.8483,1.4294,2.2124,1302.0,109950.0,35.9227,80.3867
22344,2023,71.1775,27.0796,38.8393,51.1424,3.8017,10.9499,999.0,34516.6667,213.5029,21.1345
22344,2024,71.1775,27.0796,38.8393,51.1424,3.8017,10.9499,999.0,34433.3333,217.8069,22.1051
22344,2025,71.1775,27.0796,38.8393,51.1424,3.8017,10.9499,999.0,34366.6667,221.5022,20.053
22344,2026,71.1775,27.0796,38.8393,51.1424,3.8017,10.9499,999.0,34333.3333,221.5022,20.053
22424,2023,61.5385,14.0791,27.9188,34.058,1.7637,2.1456,994.0,39000.0,48.1459,38.4894
22424,2024,61.5385,14.0791,27.9188,34.058,1.7637,2.1456,994.0,38800.0,46.4878,39.7163
22424,2025,61.5385,14.0791,27.9188,34.058,1.7637,2.1456,994.0,38850.0,46.9548,39.6734
22424,2026,61.5385,14.0791,27.9188,34.058,1.7637,2.1456,994.0,39000.0,46.9548,39.6734
22429,2023,,,,,,,,9875.0,171.1089,0.0
22429,2024,,,,,,,,9600.0,176.0623,0.0
22429,2025,,,,,,,,9325.0,182.4561,0.0
22429,2026,,,,,,,,9052.5,182.4561,0.0
22461,2023,70.5491,28.4053,35.175,31.7804,0.6645,10.9195,1122.0,27250.0,69.4166,30.8588
22461,2024,70.5491,28.4053,35.175,31.7804,0.6645,10.9195,1122.0,26950.0,70.2182,33.1592
22461,2025,70.5491,28.4053,35.175,31.7804,0.6645,10.9195,1122.0,26800.0,71.3107,34.9422
22461,2026,70.5491,28.4053,35.175,31.7804,0.6645,10.9195,1122.0,26700.0,71.3107,34.9422
23100,2023,59.4705,18.6738,26.7199,24.1059,3.7122,3.403,1516.0,201992.8,260.0253,99.1479
23100,2024,59.4705,18.6738,26.7199,24.1059,3.7122,3.403,1516.0,212191.2698,259.3804,99.1407
23100,2025,59.4705,18.6738,26.7199,24.1059,3.7122,3.403,1516.0,223115.0794,258.5623,99.2747
23100,2026,59.4705,18.6738,26.7199,24.1059,3.7122,3.403,1516.0,231474.6032,258.5623,99.2747
23201,2023,55.621,18.9794,27.9891,32.9478,2.1102,4.5108,1128.0,77925.9259,103.0853,75.198
23201,2024,55.621,18.9794,27.9891,32.9478,2.1102,4.5108,1128.0,78455.5556,103.6654,75.2716
23201,2025,55.621,18.9794,27.9891,32.9478,2.1102,4.5108,1128.0,78922.2222,104.1277,75.5426
23201,2026,55.621,18.9794,27.9891,32.9478,2.1102,4.5108,1128.0,79270.3704,104.1277,75.5426
23202,2023,59.0514,15.0718,28.5658,33.8928,2.9658,4.1026,1234.0,93053.5714,77.0768,89.1947
23202,2024,59.0514,15.0718,28.5658,33.8928,2.9658,4.1026,1234.0,96260.7143,73.011,89.1736
23202,2025,59.0514,15.0718,28.5658,33.8928,2.9658,4.1026,1234.0,99414.2857,72.2058,89.7919
23202,2026,59.0514,15.0718,28.5658,33.8928,2.9658,4.1026,1234.0,101232.1429,72.2058,89.7919
23203,2023,61.4918,22.5513,28.1728,31.928,5.7275,4.5535,1114.0,72058.8235,72.5143,69.2294
23203,2024,61.4918,22.5513,28.1728,31.928,5.7275,4.5535,1114.0,73729.4118,72.5503,69.6052
23203,2025,61.4918,22.5513,28.1728,31.928,5.7275,4.5535,1114.0,76870.5882,72.5732,69.8759
23203,2026,61.4918,22.5513,28.1728,31.928,5.7275,4.5535,1114.0,79576.4706,72.5732,69.8759
23204,2023,60.327,24.663,30.6971,31.9252,1.8459,5.9466,1085.0,58092.8571,15.6882,68.6307
23204,2024,60.327,24.663,30.6971,31.9252,1.8459,5.9466,1085.0,58871.4286,15.1478,70.9515
23204,2025,60.327,24.663,30.6971,31.9252,1.8459,5.9466,1085.0,59821.4286,15.2842,71.7321
23204,2026,60.327,24.663,30.6971,31.9252,1.8459,5.9466,1085.0,60678.5714,15.2842,71.7321
23205,2023,59.335,17.0979,27.4732,30.7545,3.8573,6.3225,1158.0,76330.0,76.4351,88.888
23205,2024,59.335,17.0979,27.4732,30.7545,3.8573,6.3225,1158.0,77410.0,73.7157,89.5766
23205,2025,59.335,17.0979,27.4732,30.7545,3.8573,6.3225,1158.0,78460.0,74.3488,89.1893
23205,2026,59.335,17.0979,27.4732,30.7545,3.8573,6.3225,1158.0,80540.0,74.3488,89.1893
23206,2023,58.1084,22.4886,28.4738,31.0311,2.5242,4.9874,1182.0,108622.7273,22.982,69.1549
23206,2024,58.1084,22.4886,28.4738,31.0311,2.5242,4.9874,1182.0,111204.5455,21.4003,69.5889
23206,2025,58.1084,22.4886,28.4738,31.0311,2.5242,4.9874,1182.0,115090.9091,21.5102,70.45
23206,2026,58.1084,22.4886,28.4738,31.0311,2.5242,4.9874,1182.0,118381.8182,21.5102,70.45
23207,2023,62.255,20.7015,26.5977,34.6981,2.4605,4.9106,1128.0,67605.5556,56.99,87.066
23207,2024,62.255,20.7015,26.5977,34.6981,2.4605,4.9106,1128.0,67611.1111,56.3914,87.5295
23207,2025,62.255,20.7015,26.5977,34.6981,2.4605,4.9106,1128.0,67816.6667,56.482,88.2819
23207,2026,62.255,20.7015,26.5977,34.6981,2.4605,4.9106,1128.0,67900.0,56.482,88.2819
23208,2023,54.2957,23.5971,27.7972,28.1727,3.4324,5.3168,933.0,61383.3333,121.2411,43.3284
23208,2024,54.2957,23.5971,27.7972,28.1727,3.4324,5.3168,933.0,61283.3333,120.5741,43.5846
23208,2025,54.2957,23.5971,27.7972,28.1727,3.4324,5.3168,933.0,61316.6667,119.867,44.1812
23208,2026,54.2957,23.5971,27.7972,28.1727,3.4324,5.3168,933.0,61266.6667,119.867,44.1812
23209,2023,61.8817,16.7302,26.7127,32.0193,2.0563,5.0858,1058.0,82262.5,71.4433,85.5117
23209,2024,61.8817,16.7302,26.7127,32.0193,2.0563,5.0858,1058.0,83450.0,59.0068,87.8209
23209,2025,61.8817,16.7302,26.7127,32.0193,2.0563,5.0858,1058.0,84087.5,59.2453,90.1955
23209,2026,61.8817,16.7302,26.7127,32.0193,2.0563,5.0858,1058.0,84337.5,59.2453,90.1955
23210,2023,59.4372,12.0613,28.7039,31.8103,2.718,6.1497,1400.0,157038.4615,79.2797,93.6169
23210,2024,59.4372,12.0613,28.7039,31.8103,2.718,6.1497,1400.0,166000.0,78.9811,93.4481
23210,2025,59.4372,12.0613,28.7039,31.8103,2.718,6.1497,1400.0,174807.6923,78.9625,93.768
23210,2026,59.4372,12.0613,28.7039,31.8103,2.718,6.1497,1400.0,180730.7692,78.9625,93.768
23211,2023,59.2858,15.0744,28.6915,35.8438,3.5147,3.1895,1389.0,78738.0556,55.3863,76.1405
23211,2024,59.2858,15.0744,28.6915,35.8438,3.5147,3.1895,1389.0,81278.8889,55.766,76.428
23211,2025,59.2858,15.0744,28.6915,35.8438,3.5147,3.1895,1389.0,83293.3333,55.9855,78.0222
23211,2026,59.2858,15.0744,28.6915,35.8438,3.5147,3.1895,1389.0,85493.3333,55.9855,78.0222
23212,2023,62.33,12.9997,24.6476,35.5861,2.194,2.2931,1360.0,137320.0,44.7991,82.5188
23212,2024,62.33,12.9997,24.6476,35.5861,2.194,2.2931,1360.0,145040.0,47.0231,82.9905
23212,2025,62.33,12.9997,24.6476,35.5861,2.194,2.2931,1360.0,151420.0,47.2118,83.7796
23212,2026,62.33,12.9997,24.6476,35.5861,2.194,2.2931,1360.0,158180.0,47.2118,83.7796
23213,2023,58.6324,20.7783,25.0214,36.4821,2.7632,4.6433,1105.0,60794.1176,71.6248,77.0272
23213,2024,58.6324,20.7783,25.0214,36.4821,2.7632,4.6433,1105.0,61094.1176,71.421,77.5294
23213,2025,58.6324,20.7783,25.0214,36.4821,2.7632,4.6433,1105.0,61594.1176,71.7286,77.9535
23213,2026,58.6324,20.7783,25.0214,36.4821,2.7632,4.6433,1105.0,61800.0,71.7286,77.9535
23214,2023,59.0894,27.5255,27.2562,31.3322,3.7884,4.5853,1106.0,65100.0,46.2716,72.1862
23214,2024,59.0894,27.5255,27.2562,31.3322,3.7884,4.5853,1106.0,64950.0,38.3926,73.5385
23214,2025,59.0894,27.5255,27.2562,31.3322,3.7884,4.5853,1106.0,64912.5,38.6922,77.8487
23214,2026,59.0894,27.5255,27.2562,31.3322,3.7884,4.5853,1106.0,64812.5,38.6922,77.8487
23215,2023,68.1175,21.8155,33.9126,34.4702,3.325,6.8119,1093.0,66528.5714,5.912,70.899
23215,2024,68.1175,21.8155,33.9126,34.4702,3.325,6.8119,1093.0,67314.2857,5.9718,70.7868
23215,2025,68.1175,21.8155,33.9126,34.4702,3.325,6.8119,1093.0,67957.1429,3.785,72.1017
23215,2026,68.1175,21.8155,33.9126,34.4702,3.325,6.8119,1093.0,68042.8571,3.785,72.1017
23216,2023,64.1573,20.3908,28.0117,32.8733,2.0383,7.3564,1177.0,50285.7143,67.0636,53.8202
23216,2024,64.1573,20.3908,28.0117,32.8733,2.0383,7.3564,1177.0,50771.4286,66.5291,55.4358
23216,2025,64.1573,20.3908,28.0117,32.8733,2.0383,7.3564,1177.0,51471.4286,66.1416,56.1505
23216,2026,64.1573,20.3908,28.0117,32.8733,2.0383,7.3564,1177.0,53171.4286,66.1416,56.1505
23217,2023,62.612,26.689,28.1034,32.1749,4.0964,4.5182,1044.0,80500.0,15.3475,42.667
23217,2024,62.612,26.689,28.1034,32.1749,4.0964,4.5182,1044.0,81580.0,15.3957,42.7493
23217,2025,62.612,26.689,28.1034,32.1749,4.0964,4.5182,1044.0,82700.0,15.4906,43.5908
23217,2026,62.612,26.689,28.1034,32.1749,4.0964,4.5182,1044.0,83640.0,15.4906,43.5908
23219,2023,58.1818,13.6827,29.3662,30.0441,2.1894,4.6198,1254.0,84700.0,6.1156,77.7697
23219,2024,58.1818,13.6827,29.3662,30.0441,2.1894,4.6198,1254.0,85608.3333,6.145,78.0376
23219,2025,58.1818,13.6827,29.3662,30.0441,2.1894,4.6198,1254.0,86125.0,6.1735,78.7311
23219,2026,58.1818,13.6827,29.3662,30.0441,2.1894,4.6198,1254.0,87241.6667,6.1735,78.7311
23220,2023,60.2089,23.1278,24.9798,32.4252,1.9442,6.0711,1180.0,68966.6667,28.8946,47.1325
23220,2024,60.2089,23.1278,24.9798,32.4252,1.9442,6.0711,1180.0,70366.6667,29.0437,47.5777
23220,2025,60.2089,23.1278,24.9798,32.4252,1.9442,6.0711,1180.0,72950.0,29.1995,48.7406
23220,2026,60.2089,23.1278,24.9798,32.4252,1.9442,6.0711,1180.0,75516.6667,29.1995,48.7406
23221,2023,67.044,28.2958,30.2061,33.522,0.124,11.1165,881.0,27240.0,62.7682,37.8024
23221,2024,67.044,28.2958,30.2061,33.522,0.124,11.1165,881.0,27080.0,63.7726,38.994
23221,2025,67.044,28.2958,30.2061,33.522,0.124,11.1165,881.0,26950.0,64.8968,40.826
23221,2026,67.044,28.2958,30.2061,33.522,0.124,11.1165,881.0,26557.1429,64.8968,40.826
23222,2023,60.1281,16.5474,26.4433,30.7268,4.7016,7.8293,1259.0,89810.0,22.7943,86.8409
23222,2024,60.1281,16.5474,26.4433,30.7268,4.7016,7.8293,1259.0,97620.0,22.8488,87.0538
23222,2025,60.1281,16.5474,26.4433,30.7268,4.7016,7.8293,1259.0,99770.0,22.8492,87.0818
23222,2026,60.1281,16.5474,26.4433,30.7268,4.7016,7.8293,1259.0,105420.0,22.8492,87.0818
23223,2023,64.8888,16.5202,28.1338,33.0861,1.1974,4.1153,1324.0,123428.5714,31.456,84.7471
23223,2024,64.8888,16.5202,28.1338,33.0861,1.1974,4.1153,1324.0,129757.1429,31.3924,84.7123
23223,2025,64.8888,16.5202,28.1338,33.0861,1.1974,4.1153,1324.0,140857.1429,31.3931,85.056
23223,2026,64.8888,16.5202,28.1338,33.0861,1.1974,4.1153,1324.0,148000.0,31.3931,85.056
23224,2023,59.321,27.3872,29.2503,31.07,5.5129,4.8379,1059.0,69175.0,12.8568,96.5156
23224,2024,59.321,27.3872,29.2503,31.07,5.5129,4.8379,1059.0,70112.5,12.9171,96.5136
23224,2025,59.321,27.3872,29.2503,31.07,5.5129,4.8379,1059.0,70825.0,13.0094,96.6754
23224,2026,59.321,27.3872,29.2503,31.07,5.5129,4.8379,1059.0,71300.0,13.0094,96.6754
23225,2023,57.2291,17.4619,28.8256,29.9564,2.3018,3.0347,1346.0,145500.0,22.6295,70.6525
23225,2024,57.2291,17.4619,28.8256,29.9564,2.3018,3.0347,1346.0,151166.6667,22.5718,71.7146
23225,2025,57.2291,17.4619,28.8256,29.9564,2.3018,3.0347,1346.0,160833.3333,22.4376,72.5326
23225,2026,57.2291,17.4619,28.8256,29.9564,2.3018,3.0347,1346.0,165500.0,22.4376,72.5326
23226,2023,63.4743,15.1177,30.4843,34.4911,3.7311,4.5624,1172.0,106350.0,8.4538,86.5978
23226,2024,63.4743,15.1177,30.4843,34.4911,3.7311,4.5624,1172.0,108350.0,8.4577,88.2473
23226,2025,63.4743,15.1177,30.4843,34.4911,3.7311,4.5624,1172.0,110662.5,8.4744,89.3127
23226,2026,63.4743,15.1177,30.4843,34.4911,3.7311,4.5624,1172.0,112337.5,8.4744,89.3127
23227,2023,55.4854,14.142,23.972,31.4187,2.063,3.1841,1175.0,89550.0,28.4819,69.0931
23227,2024,55.4854,14.142,23.972,31.4187,2.063,3.1841,1175.0,93225.0,28.427,71.3537
23227,2025,55.4854,14.142,23.972,31.4187,2.063,3.1841,1175.0,96500.0,28.5475,73.0797
23227,2026,55.4854,14.142,23.972,31.4187,2.063,3.1841,1175.0,98600.0,28.5475,73.0797
23228,2023,59.0864,23.3867,28.6235,29.0323,1.8674,2.7778,1159.0,114333.3333,10.0374,74.4798
23228,2024,59.0864,23.3867,28.6235,29.0323,1.8674,2.7778,1159.0,115933.3333,10.0337,76.0697
23228,2025,59.0864,23.3867,28.6235,29.0323,1.8674,2.7778,1159.0,117433.3333,10.05,77.9883
23228,2026,59.0864,23.3867,28.6235,29.0323,1.8674,2.7778,1159.0,118600.0,10.05,77.9883
23229,2023,59.7701,25.3383,29.1028,28.2429,1.1538,3.6225,1286.0,117000.0,0.0,82.9213
23229,2024,59.7701,25.3383,29.1028,28.2429,1.1538,3.6225,1286.0,121583.3333,0.0,82.9007
23229,2025,59.7701,25.3383,29.1028,28.2429,1.1538,3.6225,1286.0,126666.6667,0.0,82.728
23229,2026,59.7701,25.3383,29.1028,28.2429,1.1538,3.6225,1286.0,130166.6667,0.0,82.728
23230,2023,58.0257,10.877,25.3968,37.3043,0.6744,2.8703,1287.0,129333.3333,0.0,78.4556
23230,2024,58.0257,10.877,25.3968,37.3043,0.6744,2.8703,1287.0,133333.3333,0.0,78.6022
23230,2025,58.0257,10.877,25.3968,37.3043,0.6744,2.8703,1287.0,140166.6667,0.0,78.8668
23230,2026,58.0257,10.877,25.3968,37.3043,0.6744,2.8703,1287.0,145333.3333,0.0,78.8668
23231,2023,62.6318,22.3773,27.6265,33.1492,5.7325,5.7481,1003.0,27000.0,124.505,55.2604
23231,2024,62.6318,22.3773,27.6265,33.1492,5.7325,5.7481,1003.0,26875.0,126.0726,55.6877
23231,2025,62.6318,22.3773,27.6265,33.1492,5.7325,5.7481,1003.0,26762.5,127.3383,56.5008
23231,2026,62.6318,22.3773,27.6265,33.1492,5.7325,5.7481,1003.0,26581.25,127.3383,56.5008
23232,2023,63.645,27.8761,30.1756,35.738,2.2854,6.4679,1095.0,51433.3333,0.0,35.5059
23232,2024,63.645,27.8761,30.1756,35.738,2.2854,6.4679,1095.0,51433.3333,0.0,38.8709
23232,2025,63.645,27.8761,30.1756,35.738,2.2854,6.4679,1095.0,51616.6667,0.0,39.3023
23232,2026,63.645,27.8761,30.1756,35.738,2.2854,6.4679,1095.0,51500.0,0.0,39.3023
23233,2023,59.3435,18.7234,27.2353,33.4204,2.8305,6.2555,1268.0,95985.7143,0.0,32.3467
23233,2024,59.3435,18.7234,27.2353,33.4204,2.8305,6.2555,1268.0,97171.4286,0.0,33.9652
23233,2025,59.3435,18.7234,27.2353,33.4204,2.8305,6.2555,1268.0,100342.8571,0.0,34.7359
23233,2026,59.3435,18.7234,27.2353,33.4204,2.8305,6.2555,1268.0,103600.0,0.0,34.7359
23234,2023,61.036,19.1279,29.5359,29.2086,1.8673,2.6531,1284.0,115928.5714,0.0,53.4641
23234,2024,61.036,19.1279,29.5359,29.2086,1.8673,2.6531,1284.0,119228.5714,0.0,54.7059
23234,2025,61.036,19.1279,29.5359,29.2086,1.8673,2.6531,1284.0,121700.0,0.0,56.5602
23234,2026,61.036,19.1279,29.5359,29.2086,1.8673,2.6531,1284.0,123628.5714,0.0,56.5602
23235,2023,59.2662,19.1913,26.8354,33.8098,1.3245,4.6386,1137.0,53020.0,0.0,48.8384
23235,2024,59.2662,19.1913,26.8354,33.8098,1.3245,4.6386,1137.0,53360.0,0.0,52.0036
23235,2025,59.2662,19.1913,26.8354,33.8098,1.3245,4.6386,1137.0,53780.0,0.0,53.3514
23235,2026,59.2662,19.1913,26.8354,33.8098,1.3245,4.6386,1137.0,54020.0,0.0,53.3514
23236,2023,67.032,9.9318,26.2563,41.3997,0.9411,2.0903,1287.0,115000.0,33.1788,83.757
23236,2024,67.032,9.9318,26.2563,41.3997,0.9411,2.0903,1287.0,118400.0,33.2102,83.9582
23236,2025,67.032,9.9318,26.2563,41.3997,0.9411,2.0903,1287.0,122200.0,33.2204,84.0558
23236,2026,67.032,9.9318,26.2563,41.3997,0.9411,2.0903,1287.0,125200.0,33.2204,84.0558
23237,2023,53.7388,25.8352,26.0714,28.762,3.8215,5.5218,1121.0,68862.5,39.4202,35.9861
23237,2024,53.7388,25.8352,26.0714,28.762,3.8215,5.5218,1121.0,69050.0,39.434,36.775
23237,2025,53.7388,25.8352,26.0714,28.762,3.8215,5.5218,1121.0,69750.0,39.5959,38.1795
23237,2026,53.7388,25.8352,26.0714,28.762,3.8215,5.5218,1121.0,70762.5,39.5959,38.1795
23238,2023,58.7609,9.2667,24.8807,32.1626,0.8676,1.5868,1382.0,138333.3333,0.0,89.9647
23238,2024,58.7609,9.2667,24.8807,32.1626,0.8676,1.5868,1382.0,143216.6667,0.0,90.2165
23238,2025,58.7609,9.2667,24.8807,32.1626,0.8676,1.5868,1382.0,153500.0,0.0,90.1531
23238,2026,58.7609,9.2667,24.8807,32.1626,0.8676,1.5868,1382.0,162050.0,0.0,90.1531
23302,2023,63.5343,16.6067,29.5253,40.6028,0.5787,3.3762,1161.0,95720.0,0.0,83.1628
23302,2024,63.5343,16.6067,29.5253,40.6028,0.5787,3.3762,1161.0,97680.0,0.0,82.9464
23302,2025,63.5343,16.6067,29.5253,40.6028,0.5787,3.3762,1161.0,102800.0,0.0,83.2248
23302,2026,63.5343,16.6067,29.5253,40.6028,0.5787,3.3762,1161.0,107300.0,0.0,83.2248
23342,2023,61.9765,20.3833,21.3873,33.2776,4.7112,5.2434,1074.0,93600.0,18.8336,78.3539
23342,2024,61.9765,20.3833,21.3873,33.2776,4.7112,5.2434,1074.0,94466.6667,18.8478,80.5742
23342,2025,61.9765,20.3833,21.3873,33.2776,4.7112,5.2434,1074.0,95866.6667,18.7688,81.006
23342,2026,61.9765,20.3833,21.3873,33.2776,4.7112,5.2434,1074.0,96466.6667,18.7688,81.006
23361,2023,65.4506,14.774,28.1155,38.412,0.2079,2.5305,1162.0,59466.6667,22.2827,97.0001
23361,2024,65.4506,14.774,28.1155,38.412,0.2079,2.5305,1162.0,59700.0,22.303,97.2823
23361,2025,65.4506,14.774,28.1155,38.412,0.2079,2.5305,1162.0,59900.0,22.4963,97.4713
23361,2026,65.4506,14.774,28.1155,38.412,0.2079,2.5305,1162.0,60166.6667,22.4963,97.4713
23362,2023,70.5836,19.5181,31.7256,39.5899,3.5034,3.7293,1012.0,59433.3333,0.0,50.3968
23362,2024,70.5836,19.5181,31.7256,39.5899,3.5034,3.7293,1012.0,59700.0,0.0,52.5581
23362,2025,70.5836,19.5181,31.7256,39.5899,3.5034,3.7293,1012.0,59866.6667,0.0,54.6101
23362,2026,70.5836,19.5181,31.7256,39.5899,3.5034,3.7293,1012.0,60033.3333,0.0,54.6101
23424,2023,52.4682,20.477,22.9418,35.828,1.4472,4.8538,1201.0,78550.0,0.0,25.7645
23424,2024,52.4682,20.477,22.9418,35.828,1.4472,4.8538,1201.0,78400.0,0.0,26.1656
23424,2025,52.4682,20.477,22.9418,35.828,1.4472,4.8538,1201.0,78325.0,0.0,26.2587
23424,2026,52.4682,20.477,22.9418,35.828,1.4472,4.8538,1201.0,78275.0,0.0,26.2587
23425,2023,59.4278,20.8112,24.5596,26.9006,4.0892,4.1327,1183.0,79000.0,0.0,66.7403
23425,2024,59.4278,20.8112,24.5596,26.9006,4.0892,4.1327,1183.0,80325.0,0.0,69.4377
23425,2025,59.4278,20.8112,24.5596,26.9006,4.0892,4.1327,1183.0,82075.0,0.0,71.1357
23425,2026,59.4278,20.8112,24.5596,26.9006,4.0892,4.1327,1183.0,83125.0,0.0,71.1357
23427,2023,,,,,,,,30700.0,0.0,0.0
23427,2024,,,,,,,,30500.0,0.0,0.0
23427,2025,,,,,,,,30400.0,0.0,0.0
23427,2026,,,,,,,,30200.0,0.0,0.0
23441,2023,73.886,21.585,26.6985,39.234,0.4053,6.1299,940.0,63500.0,0.0,85.7022
23441,2024,73.886,21.585,26.6985,39.234,0.4053,6.1299,940.0,64400.0,0.0,85.631
23441,2025,73.886,21.585,26.6985,39.234,0.4053,6.1299,940.0,66566.6667,0.0,85.7743
23441,2026,73.886,21.585,26.6985,39.234,0.4053,6.1299,940.0,68733.3333,0.0,85.7743
23442,2023,69.6873,14.7849,31.0534,31.3725,3.866,3.9831,1278.0,81720.0,4.773,86.4567
23442,2024,69.6873,14.7849,31.0534,31.3725,3.866,3.9831,1278.0,85640.0,4.7805,86.6226
23442,2025,69.6873,14.7849,31.0534,31.3725,3.866,3.9831,1278.0,89360.0,4.7972,86.4698
23442,2026,69.6873,14.7849,31.0534,31.3725,3.866,3.9831,1278.0,91420.0,4.7972,86.4698
23445,2023,55.1613,50.2582,29.9445,23.7097,0.9524,15.2439,688.0,14766.6667,7.9647,0.0
23445,2024,55.1613,50.2582,29.9445,23.7097,0.9524,15.2439,688.0,14076.6667,8.1164,0.0
23445,2025,55.1613,50.2582,29.9445,23.7097,0.9524,15.2439,688.0,13583.3333,8.3839,0.0
23445,2026,55.1613,50.2582,29.9445,23.7097,0.9524,15.2439,688.0,13186.6667,8.3839,0.0
23446,2023,59.9319,22.5513,29.6503,27.8409,5.5188,8.7611,1033.0,22500.0,50.1633,0.0
23446,2024,59.9319,22.5513,29.6503,27.8409,5.5188,8.7611,1033.0,22020.0,50.7104,0.0
23446,2025,59.9319,22.5513,29.6503,27.8409,5.5188,8.7611,1033.0,21640.0,51.5564,0.0
23446,2026,59.9319,22.5513,29.6503,27.8409,5.5188,8.7611,1033.0,21260.0,51.5564,0.0
23447,2023,62.7628,19.1995,30.3272,35.9159,1.4577,9.7981,1142.0,57733.3333,35.5141,81.5626
23447,2024,62.7628,19.1995,30.3272,35.9159,1.4577,9.7981,1142.0,58000.0,35.5051,81.5811
23447,2025,62.7628,19.1995,30.3272,35.9159,1.4577,9.7981,1142.0,58450.0,35.4847,81.5457
23447,2026,62.7628,19.1995,30.3272,35.9159,1.4577,9.7981,1142.0,59016.6667,35.4847,81.5457
23501,2023,59.2862,17.309,27.8189,41.4408,1.6839,1.5495,1102.0,80700.0,28.3802,74.1054
23501,2024,59.2862,17.309,27.8189,41.4408,1.6839,1.5495,1102.0,83075.0,28.3715,78.771
23501,2025,59.2862,17.309,27.8189,41.4408,1.6839,1.5495,1102.0,84675.0,28.5558,85.7269
23501,2026,59.2862,17.309,27.8189,41.4408,1.6839,1.5495,1102.0,85475.0,28.5558,85.7269
23561,2023,,,,,,,,8143.3333,269.4611,12.1603
23561,2024,,,,,,,,8116.6667,279.3696,12.6791
23561,2025,,,,,,,,8093.3333,288.8176,17.9709
23561,2026,,,,,,,,7983.3333,288.8176,17.9709
23562,2023,,,,,,,,10415.0,354.386,51.6491
23562,2024,,,,,,,,10290.0,400.1442,51.4059
23562,2025,,,,,,,,10230.0,410.6548,52.1643
23562,2026,,,,,,,,10050.0,410.6548,52.1643
23563,2023,,,,,,,,3726.6667,901.7224,0.0
23563,2024,,,,,,,,3670.0,903.4268,0.0
23563,2025,,,,,,,,3620.0,904.1981,0.0
23563,2026,,,,,,,,3553.3333,904.1981,0.0
24201,2023,54.8544,22.3678,27.842,30.3001,4.3146,9.2109,1120.0,35856.25,86.1193,54.2038
24201,2024,54.8544,22.3678,27.842,30.3001,4.3146,9.2109,1120.0,36168.75,86.6052,55.8188
24201,2025,54.8544,22.3678,27.842,30.3001,4.3146,9.2109,1120.0,36653.125,87.448,56.5968
24201,2026,54.8544,22.3678,27.842,30.3001,4.3146,9.2109,1120.0,37221.875,87.448,56.5968
24202,2023,54.0125,20.2864,26.0261,30.5125,0.743,6.8059,1196.0,46231.5789,93.1167,81.2562
24202,2024,54.0125,20.2864,26.0261,30.5125,0.743,6.8059,1196.0,46515.7895,93.3647,82.0203
24202,2025,54.0125,20.2864,26.0261,30.5125,0.743,6.8059,1196.0,47021.0526,92.696,82.4651
24202,2026,54.0125,20.2864,26.0261,30.5125,0.743,6.8059,1196.0,47547.3684,92.696,82.4651
24203,2023,60.6307,24.7105,27.6239,31.7599,2.6703,10.0259,1020.0,28892.8571,81.7935,60.0164
24203,2024,60.6307,24.7105,27.6239,31.7599,2.6703,10.0259,1020.0,28721.4286,82.207,60.7351
24203,2025,60.6307,24.7105,27.6239,31.7599,2.6703,10.0259,1020.0,28621.4286,82.6259,62.9757
24203,2026,60.6307,24.7105,27.6239,31.7599,2.6703,10.0259,1020.0,28528.5714,82.6259,62.9757
24204,2023,59.8539,23.2342,28.6652,29.9734,1.4071,8.0147,979.0,23340.625,103.5849,60.7899
24204,2024,59.8539,23.2342,28.6652,29.9734,1.4071,8.0147,979.0,23211.25,103.2953,62.8696
24204,2025,59.8539,23.2342,28.6652,29.9734,1.4071,8.0147,979.0,23169.375,103.1238,62.9626
24204,2026,59.8539,23.2342,28.6652,29.9734,1.4071,8.0147,979.0,23121.25,103.1238,62.9626
24205,2023,63.3519,20.6718,31.0955,32.2593,1.8307,7.2121,1145.0,46585.7143,79.2474,80.4726
24205,2024,63.3519,20.6718,31.0955,32.2593,1.8307,7.2121,1145.0,46764.2857,79.0138,81.2828
24205,2025,63.3519,20.6718,31.0955,32.2593,1.8307,7.2121,1145.0,47050.0,79.5779,81.6819
24205,2026,63.3519,20.6718,31.0955,32.2593,1.8307,7.2121,1145.0,47328.5714,79.5779,81.6819
24207,2023,53.7216,19.2396,28.3904,33.1148,1.3332,4.4832,1126.0,35820.0,88.2618,62.2582
24207,2024,53.7216,19.2396,28.3904,33.1148,1.3332,4.4832,1126.0,36006.6667,88.2463,63.2893
24207,2025,53.7216,19.2396,28.3904,33.1148,1.3332,4.4832,1126.0,36326.6667,88.3513,64.6117
24207,2026,53.7216,19.2396,28.3904,33.1148,1.3332,4.4832,1126.0,36726.6667,88.3513,64.6117
24208,2023,61.5559,19.2397,38.7963,34.2301,2.3825,9.3062,1009.0,31912.5,36.8815,57.7504
24208,2024,61.5559,19.2397,38.7963,34.2301,2.3825,9.3062,1009.0,31837.5,37.3432,57.8527
24208,2025,61.5559,19.2397,38.7963,34.2301,2.3825,9.3062,1009.0,31787.5,37.8558,59.1036
24208,2026,61.5559,19.2397,38.7963,34.2301,2.3825,9.3062,1009.0,31725.0,37.8558,59.1036
24209,2023,59.5973,50.7983,29.7872,15.5496,2.656,31.0137,588.0,14150.0,170.9664,0.0
24209,2024,59.5973,50.7983,29.7872,15.5496,2.656,31.0137,588.0,13966.6667,175.7259,0.0
24209,2025,59.5973,50.7983,29.7872,15.5496,2.656,31.0137,588.0,13820.0,179.7217,0.0
24209,2026,59.5973,50.7983,29.7872,15.5496,2.656,31.0137,588.0,13673.3333,179.7217,0.0
24210,2023,57.9238,20.4641,27.71,34.6038,2.0763,6.2321,913.0,23350.0,89.8935,61.7801
24210,2024,57.9238,20.4641,27.71,34.6038,2.0763,6.2321,913.0,23391.6667,75.2337,63.026
24210,2025,57.9238,20.4641,27.71,34.6038,2.0763,6.2321,913.0,23466.6667,76.5317,63.9467
24210,2026,57.9238,20.4641,27.71,34.6038,2.0763,6.2321,913.0,23600.0,76.5317,63.9467
24211,2023,57.7247,42.4332,34.7979,20.0561,3.1464,20.3229,676.0,19475.0,325.2977,7.4993
24211,2024,57.7247,42.4332,34.7979,20.0561,3.1464,20.3229,676.0,19250.0,331.3146,7.5466
24211,2025,57.7247,42.4332,34.7979,20.0561,3.1464,20.3229,676.0,19075.0,339.7467,7.5317
24211,2026,57.7247,42.4332,34.7979,20.0561,3.1464,20.3229,676.0,18900.0,339.7467,7.5317
24212,2023,62.8294,45.2646,35.4452,15.3953,4.3776,27.4816,672.0,21833.3333,173.4655,0.0
24212,2024,62.8294,45.2646,35.4452,15.3953,4.3776,27.4816,672.0,21666.6667,178.443,0.0
24212,2025,62.8294,45.2646,35.4452,15.3953,4.3776,27.4816,672.0,21533.3333,180.8958,0.0
24212,2026,62.8294,45.2646,35.4452,15.3953,4.3776,27.4816,672.0,21400.0,180.8958,0.0
24214,2023,64.6085,29.1016,31.5467,36.5372,1.1765,6.6018,1067.0,16750.0,16.2957,90.1333
24214,2024,64.6085,29.1016,31.5467,36.5372,1.1765,6.6018,1067.0,16630.0,16.3322,90.3685
24214,2025,64.6085,29.1016,31.5467,36.5372,1.1765,6.6018,1067.0,16550.0,12.807,90.952
24214,2026,64.6085,29.1016,31.5467,36.5372,1.1765,6.6018,1067.0,16491.0,12.807,90.952
24215,2023,54.7884,38.475,31.2268,20.6685,2.4262,17.2965,711.0,13435.0,116.9869,11.0488
24215,2024,54.7884,38.475,31.2268,20.6685,2.4262,17.2965,711.0,13204.0,119.6968,11.1628
24215,2025,54.7884,38.475,31.2268,20.6685,2.4262,17.2965,711.0,12995.0,122.4212,11.1222
24215,2026,54.7884,38.475,31.2268,20.6685,2.4262,17.2965,711.0,12801.0,122.4212,11.1222
24216,2023,58.1523,30.081,34.7653,32.7831,1.5271,11.9563,1008.0,19820.0,181.2592,19.0368
24216,2024,58.1523,30.081,34.7653,32.7831,1.5271,11.9563,1008.0,19753.3333,182.5815,19.1152
24216,2025,58.1523,30.081,34.7653,32.7831,1.5271,11.9563,1008.0,19700.0,181.3174,19.1991
24216,2026,58.1523,30.081,34.7653,32.7831,1.5271,11.9563,1008.0,19674.6667,181.3174,19.1991
24303,2023,,,,,,,,31600.0,0.0,64.1141
24303,2024,,,,,,,,31100.0,0.0,64.8426
24303,2025,,,,,,,,30700.0,0.0,65.3277
24303,2026,,,,,,,,30300.0,0.0,65.3277
24324,2023,67.0927,22.2944,32.014,40.7881,1.153,5.8309,1062.0,25566.6667,14.6526,99.0553
24324,2024,67.0927,22.2944,32.014,40.7881,1.153,5.8309,1062.0,25433.3333,14.707,99.075
24324,2025,67.0927,22.2944,32.014,40.7881,1.153,5.8309,1062.0,25366.6667,14.7647,99.1724
24324,2026,67.0927,22.2944,32.014,40.7881,1.153,5.8309,1062.0,25333.3333,14.7647,99.1724
24341,2023,62.6105,22.8825,29.6205,37.5,3.5833,9.7851,1008.0,27575.0,8.7203,73.1342
24341,2024,62.6105,22.8825,29.6205,37.5,3.5833,9.7851,1008.0,27575.0,8.7685,75.3118
24341,2025,62.6105,22.8825,29.6205,37.5,3.5833,9.7851,1008.0,27625.0,8.8326,77.3026
24341,2026,62.6105,22.8825,29.6205,37.5,3.5833,9.7851,1008.0,27700.0,8.8326,77.3026
24343,2023,,,,,,,,42100.0,10.805,99.1176
24343,2024,,,,,,,,42200.0,10.845,98.9516
24343,2025,,,,,,,,42500.0,10.804,98.7575
24343,2026,,,,,,,,42900.0,10.804,98.7575
24344,2023,63.0225,14.7404,26.8765,34.0836,0.6088,7.2165,1123.0,40400.0,0.0,100.0451
24344,2024,63.0225,14.7404,26.8765,34.0836,0.6088,7.2165,1123.0,40500.0,0.0,99.6995
24344,2025,63.0225,14.7404,26.8765,34.0836,0.6088,7.2165,1123.0,40650.0,0.0,99.7841
24344,2026,63.0225,14.7404,26.8765,34.0836,0.6088,7.2165,1123.0,40800.0,0.0,99.7841
24441,2023,,,,,,,,10400.0,8.5714,44.7143
24441,2024,,,,,,,,10310.0,8.685,44.5466
24441,2025,,,,,,,,10220.0,8.7996,44.3939
24441,2026,,,,,,,,10130.0,8.7996,44.3939
24442,2023,70.1474,22.5405,31.2849,37.0234,2.9833,5.765,1119.0,17350.0,44.9585,21.3269
24442,2024,70.1474,22.5405,31.2849,37.0234,2.9833,5.765,1119.0,17100.0,44.1685,21.9705
24442,2025,70.1474,22.5405,31.2849,37.0234,2.9833,5.765,1119.0,16950.0,32.2581,24.1361
24442,2026,70.1474,22.5405,31.2849,37.0234,2.9833,5.765,1119.0,16800.0,32.2581,24.1361
24443,2023,,,,,,,,8060.0,6.9808,18.8016
24443,2024,,,,,,,,7982.5,7.1335,18.6779
24443,2025,,,,,,,,7917.5,7.3135,18.4666
24443,2026,,,,,,,,7855.0,7.3135,18.4666
24461,2023,69.0249,25.0,29.9578,42.8298,10.5163,9.4215,1002.0,19133.3333,55.4017,89.1043
24461,2024,69.0249,25.0,29.9578,42.8298,10.5163,9.4215,1002.0,19033.3333,55.6034,89.4618
24461,2025,69.0249,25.0,29.9578,42.8298,10.5163,9.4215,1002.0,19033.3333,55.8696,87.13
24461,2026,69.0249,25.0,29.9578,42.8298,10.5163,9.4215,1002.0,19033.3333,55.8696,87.13
24470,2023,,,,,,,,8683.3333,40.9941,0.0
24470,2024,,,,,,,,8616.6667,41.5153,0.0
24470,2025,,,,,,,,8550.0,42.3504,0.0
24470,2026,,,,,,,,8516.6667,42.3504,0.0
24471,2023,,,,,,,,7770.0,96.9475,0.0
24471,2024,,,,,,,,7585.0,97.3631,0.0
24471,2025,,,,,,,,7410.0,99.6264,0.0
24471,2026,,,,,,,,7240.0,99.6264,0.0
24472,2023,,,,,,,,9062.5,121.2013,21.9321
24472,2024,,,,,,,,8912.5,124.4737,21.8836
24472,2025,,,,,,,,8775.0,137.2867,22.0898
24472,2026,,,,,,,,8637.5,137.2867,22.0898
24543,2023,,,,,,,,19475.0,189.2396,0.0
24543,2024,,,,,,,,19137.5,190.3616,0.0
24543,2025,,,,,,,,18805.0,191.8744,0.0
24543,2026,,,,,,,,18472.5,191.8744,0.0
24561,2023,,,,,,,,18700.0,48.2315,26.8118
24561,2024,,,,,,,,18700.0,49.1308,26.5936
24561,2025,,,,,,,,18600.0,49.9424,26.4054
24561,2026,,,,,,,,18500.0,49.9424,26.4054
24562,2023,,,,,,,,19466.6667,0.0,0.0
24562,2024,,,,,,,,19133.3333,0.0,0.0
24562,2025,,,,,,,,18800.0,0.0,0.0
24562,2026,,,,,,,,18500.0,0.0,0.0
25201,2023,62.2852,17.5231,29.5006,38.3104,1.4735,6.507,1213.0,77436.3636,85.0089,98.3178
25201,2024,62.2852,17.5231,29.5006,38.3104,1.4735,6.507,1213.0,78480.0,80.8337,98.4991
25201,2025,62.2852,17.5231,29.5006,38.3104,1.4735,6.507,1213.0,79669.0909,80.7625,98.443
25201,2026,62.2852,17.5231,29.5006,38.3104,1.4735,6.507,1213.0,81749.0909,80.7625,98.443
25202,2023,60.8305,15.9598,31.7199,39.9829,2.7952,8.8095,1179.0,43577.7778,57.5917,86.9653
25202,2024,60.8305,15.9598,31.7199,39.9829,2.7952,8.8095,1179.0,43561.1111,57.5064,88.5446
25202,2025,60.8305,15.9598,31.7199,39.9829,2.7952,8.8095,1179.0,43655.5556,57.2702,89.4533
25202,2026,60.8305,15.9598,31.7199,39.9829,2.7952,8.8095,1179.0,43811.1111,57.2702,89.4533
25203,2023,61.19,32.8105,29.7495,41.9442,3.3874,12.6693,1059.0,22385.0,65.8209,83.7239
25203,2024,61.19,32.8105,29.7495,41.9442,3.3874,12.6693,1059.0,22119.0,65.122,85.1448
25203,2025,61.19,32.8105,29.7495,41.9442,3.3874,12.6693,1059.0,21852.3333,63.6721,88.0599
25203,2026,61.19,32.8105,29.7495,41.9442,3.3874,12.6693,1059.0,21646.3333,63.6721,88.0599
25204,2023,63.7011,22.4583,32.7004,38.2201,2.6357,7.186,1255.0,44845.4545,133.374,83.2063
25204,2024,63.7011,22.4583,32.7004,38.2201,2.6357,7.186,1255.0,45145.4545,132.6412,83.8815
25204,2025,63.7011,22.4583,32.7004,38.2201,2.6357,7.186,1255.0,45563.6364,131.9226,83.8703
25204,2026,63.7011,22.4583,32.7004,38.2201,2.6357,7.186,1255.0,46181.8182,131.9226,83.8703
25206,2023,56.2001,13.1165,26.9088,29.6218,1.7115,2.7715,1452.0,95693.75,47.3485,99.9494
25206,2024,56.2001,13.1165,26.9088,29.6218,1.7115,2.7715,1452.0,97731.25,46.8061,99.5448
25206,2025,56.2001,13.1165,26.9088,29.6218,1.7115,2.7715,1452.0,100275.0,45.9737,99.7431
25206,2026,56.2001,13.1165,26.9088,29.6218,1.7115,2.7715,1452.0,104050.0,45.9737,99.7431
25207,2023,65.5958,15.8158,27.3736,42.4205,2.457,5.9037,1230.0,86888.8889,39.7108,99.7629
25207,2024,65.5958,15.8158,27.3736,42.4205,2.457,5.9037,1230.0,89355.5556,36.8058,99.5702
25207,2025,65.5958,15.8158,27.3736,42.4205,2.457,5.9037,1230.0,91811.1111,36.7951,99.8032
25207,2026,65.5958,15.8158,27.3736,42.4205,2.457,5.9037,1230.0,95500.0,36.7951,99.8032
25208,2023,60.1141,15.5763,26.2004,38.4937,4.1698,1.8531,1194.0,60990.9091,56.5332,99.4687
25208,2024,60.1141,15.5763,26.2004,38.4937,4.1698,1.8531,1194.0,61827.2727,56.6206,99.4593
25208,2025,60.1141,15.5763,26.2004,38.4937,4.1698,1.8531,1194.0,63100.0,56.6665,99.662
25208,2026,60.1141,15.5763,26.2004,38.4937,4.1698,1.8531,1194.0,65454.5455,56.6665,99.662
25209,2023,60.0121,25.0787,30.2844,37.6435,3.8235,6.6409,986.0,21405.5556,56.3804,81.0867
25209,2024,60.0121,25.0787,30.2844,37.6435,3.8235,6.6409,986.0,20950.0,56.7277,81.2471
25209,2025,60.0121,25.0787,30.2844,37.6435,3.8235,6.6409,986.0,20933.8889,57.2217,81.6321
25209,2026,60.0121,25.0787,30.2844,37.6435,3.8235,6.6409,986.0,21034.4444,57.2217,81.6321
25210,2023,64.9087,18.4184,29.6016,38.2666,0.2999,4.9113,1226.0,68037.5,57.7784,98.7912
25210,2024,64.9087,18.4184,29.6016,38.2666,0.2999,4.9113,1226.0,69437.5,62.7083,98.8661
25210,2025,64.9087,18.4184,29.6016,38.2666,0.2999,4.9113,1226.0,71100.0,62.8372,98.7591
25210,2026,64.9087,18.4184,29.6016,38.2666,0.2999,4.9113,1226.0,73000.0,62.8372,98.7591
25211,2023,53.7918,16.4201,30.0206,32.2657,0.9112,7.9353,1105.0,36388.8889,61.7205,98.2253
25211,2024,53.7918,16.4201,30.0206,32.2657,0.9112,7.9353,1105.0,36133.3333,61.7851,98.1336
25211,2025,53.7918,16.4201,30.0206,32.2657,0.9112,7.9353,1105.0,36822.2222,62.1474,98.4611
25211,2026,53.7918,16.4201,30.0206,32.2657,0.9112,7.9353,1105.0,36588.8889,62.1474,98.4611
25212,2023,67.6603,29.7059,34.5347,42.8009,2.7488,11.3589,837.0,17594.7059,148.7261,87.3173
25212,2024,67.6603,29.7059,34.5347,42.8009,2.7488,11.3589,837.0,17114.7059,141.1004,87.1568
25212,2025,67.6603,29.7059,34.5347,42.8009,2.7488,11.3589,837.0,16700.0,142.952,87.1719
25212,2026,67.6603,29.7059,34.5347,42.8009,2.7488,11.3589,837.0,16305.8824,142.952,87.1719
25213,2023,65.6839,19.8104,32.6107,39.7052,0.8119,10.6306,1110.0,25746.5217,52.3156,82.2802
25213,2024,65.6839,19.8104,32.6107,39.7052,0.8119,10.6306,1110.0,25597.8261,52.5593,83.3568
25213,2025,65.6839,19.8104,32.6107,39.7052,0.8119,10.6306,1110.0,25526.087,52.8967,83.6478
25213,2026,65.6839,19.8104,32.6107,39.7052,0.8119,10.6306,1110.0,25513.0435,52.8967,83.6478
25214,2023,68.2067,29.3312,30.9075,45.8888,2.7027,9.3403,1027.0,25675.0,23.0396,91.1681
25214,2024,68.2067,29.3312,30.9075,45.8888,2.7027,9.3403,1027.0,25470.0,23.01,91.2455
25214,2025,68.2067,29.3312,30.9075,45.8888,2.7027,9.3403,1027.0,25355.0,22.4762,91.5322
25214,2026,68.2067,29.3312,30.9075,45.8888,2.7027,9.3403,1027.0,25230.0,22.4762,91.5322
25383,2023,62.1827,23.3509,33.642,42.132,4.9118,6.0201,986.0,16850.0,35.7364,78.925
25383,2024,62.1827,23.3509,33.642,42.132,4.9118,6.0201,986.0,16721.6667,35.9523,78.7354
25383,2025,62.1827,23.3509,33.642,42.132,4.9118,6.0201,986.0,16623.3333,36.2284,79.0697
25383,2026,62.1827,23.3509,33.642,42.132,4.9118,6.0201,986.0,16575.0,36.2284,79.0697
25384,2023,,,,,,,,27400.0,0.0,85.1772
25384,2024,,,,,,,,27350.0,0.0,84.7372
25384,2025,,,,,,,,27500.0,0.0,85.141
25384,2026,,,,,,,,27450.0,0.0,85.141
25425,2023,47.5159,19.2673,13.9303,42.0584,0.7491,8.6393,1067.0,18650.0,23.439,99.0765
25425,2024,47.5159,19.2673,13.9303,42.0584,0.7491,8.6393,1067.0,18566.6667,23.5916,98.6034
25425,2025,47.5159,19.2673,13.9303,42.0584,0.7491,8.6393,1067.0,18466.6667,23.762,98.6646
25425,2026,47.5159,19.2673,13.9303,42.0584,0.7491,8.6393,1067.0,18400.0,23.762,98.6646
25441,2023,,,,,,,,17000.0,337.1254,99.5422
25441,2024,,,,,,,,16766.6667,332.129,99.194
25441,2025,,,,,,,,16700.0,333.0055,99.1429
25441,2026,,,,,,,,16666.6667,333.0055,99.1429
25442,2023,,,,,,,,9600.0,150.1137,99.4693
25442,2024,,,,,,,,9500.0,148.9787,99.3549
25442,2025,,,,,,,,9400.0,149.766,99.1264
25442,2026,,,,,,,,9300.0,149.766,99.1264
25443,2023,,,,,,,,18950.0,0.0,90.3161
25443,2024,,,,,,,,18866.6667,0.0,90.7387
25443,2025,,,,,,,,18783.3333,0.0,90.8522
25443,2026,,,,,,,,18773.3333,0.0,90.8522
26100,2023,51.544,23.3972,25.5893,23.8418,7.2073,5.2594,1765.0,210125.0,165.5008,99.221
26100,2024,51.544,23.3972,25.5893,23.8418,7.2073,5.2594,1765.0,215203.2609,164.0053,99.1643
26100,2025,51.544,23.3972,25.5893,23.8418,7.2073,5.2594,1765.0,220880.4348,164.2202,99.1202
26100,2026,51.544,23.3972,25.5893,23.8418,7.2073,5.2594,1765.0,229800.0,164.2202,99.1202
26201,2023,59.5114,28.1525,34.7932,34.6041,0.7886,11.239,1100.0,25358.75,148.0118,84.7387
26201,2024,59.5114,28.1525,34.7932,34.6041,0.7886,11.239,1100.0,25271.875,149.3666,85.0421
26201,2025,59.5114,28.1525,34.7932,34.6041,0.7886,11.239,1100.0,25224.375,152.8039,85.4843
26201,2026,59.5114,28.1525,34.7932,34.6041,0.7886,11.239,1100.0,25215.625,152.8039,85.4843
26202,2023,58.6815,32.2602,31.6303,33.366,7.5174,10.6892,1087.0,38284.375,107.1693,91.0044
26202,2024,58.6815,32.2602,31.6303,33.366,7.5174,10.6892,1087.0,38072.5,108.5597,91.1523
26202,2025,58.6815,32.2602,31.6303,33.366,7.5174,10.6892,1087.0,39572.5,110.5919,91.2416
26202,2026,58.6815,32.2602,31.6303,33.366,7.5174,10.6892,1087.0,39298.125,110.5919,91.2416
26203,2023,68.2819,35.9643,38.0558,34.2144,2.0863,14.9517,1378.0,29522.5,120.4668,51.8352
26203,2024,68.2819,35.9643,38.0558,34.2144,2.0863,14.9517,1378.0,29446.25,126.8794,52.4932
26203,2025,68.2819,35.9643,38.0558,34.2144,2.0863,14.9517,1378.0,29420.0,124.2276,53.1153
26203,2026,68.2819,35.9643,38.0558,34.2144,2.0863,14.9517,1378.0,29406.25,124.2276,53.1153
26204,2023,62.5472,20.4018,29.9675,30.8122,2.814,4.7749,1310.0,111662.5,37.0586,97.4899
26204,2024,62.5472,20.4018,29.9675,30.8122,2.814,4.7749,1310.0,113162.5,37.3046,98.0392
26204,2025,62.5472,20.4018,29.9675,30.8122,2.814,4.7749,1310.0,116143.75,37.5873,98.1223
26204,2026,62.5472,20.4018,29.9675,30.8122,2.814,4.7749,1310.0,119362.5,37.5873,98.1223
26205,2023,64.9701,43.1782,35.9316,32.485,7.9659,18.6803,702.0,16996.6667,277.4954,71.6345
26205,2024,64.9701,43.1782,35.9316,32.485,7.9659,18.6803,702.0,16681.6667,284.2266,72.5758
26205,2025,64.9701,43.1782,35.9316,32.485,7.9659,18.6803,702.0,16283.3333,285.6069,72.0907
26205,2026,64.9701,43.1782,35.9316,32.485,7.9659,18.6803,702.0,15866.6667,285.6069,72.0907
26206,2023,56.218,23.1129,32.4982,34.9398,2.7265,7.3999,1124.0,72463.6364,66.8274,86.5082
26206,2024,56.218,23.1129,32.4982,34.9398,2.7265,7.3999,1124.0,72881.8182,65.9252,86.6306
26206,2025,56.218,23.1129,32.4982,34.9398,2.7265,7.3999,1124.0,73709.0909,65.5384,86.7346
26206,2026,56.218,23.1129,32.4982,34.9398,2.7265,7.3999,1124.0,75500.0,65.5384,86.7346
26207,2023,62.1992,27.2139,31.6653,27.4156,6.1211,4.9823,1264.0,99022.2222,1.2066,99.2144
26207,2024,62.1992,27.2139,31.6653,27.4156,6.1211,4.9823,1264.0,100933.3333,1.0806,99.145
26207,2025,62.1992,27.2139,31.6653,27.4156,6.1211,4.9823,1264.0,103577.7778,1.0911,99.2144
26207,2026,62.1992,27.2139,31.6653,27.4156,6.1211,4.9823,1264.0,106400.0,1.0911,99.2144
26208,2023,62.1126,20.1802,30.659,31.5009,1.8057,3.5946,1446.0,192600.0,7.3951,99.7676
26208,2024,62.1126,20.1802,30.659,31.5009,1.8057,3.5946,1446.0,198600.0,7.4243,99.7472
26208,2025,62.1126,20.1802,30.659,31.5009,1.8057,3.5946,1446.0,207000.0,7.4752,99.7419
26208,2026,62.1126,20.1802,30.659,31.5009,1.8057,3.5946,1446.0,216200.0,7.4752,99.7419
26209,2023,63.2049,20.9195,32.0598,32.2133,1.1557,4.3574,1538.0,189800.0,19.159,99.906
26209,2024,63.2049,20.9195,32.0598,32.2133,1.1557,4.3574,1538.0,192600.0,19.0747,99.8396
26209,2025,63.2049,20.9195,32.0598,32.2133,1.1557,4.3574,1538.0,197400.0,19.0956,99.8115
26209,2026,63.2049,20.9195,32.0598,32.2133,1.1557,4.3574,1538.0,202800.0,19.0956,99.8115
26210,2023,62.0879,37.0357,32.7635,26.6827,8.1011,3.8776,1170.0,83288.8889,84.4981,99.774
26210,2024,62.0879,37.0357,32.7635,26.6827,8.1011,3.8776,1170.0,84333.3333,84.3699,99.5767
26210,2025,62.0879,37.0357,32.7635,26.6827,8.1011,3.8776,1170.0,85922.2222,84.6963,99.5262
26210,2026,62.0879,37.0357,32.7635,26.6827,8.1011,3.8776,1170.0,88155.5556,84.6963,99.5262
26211,2023,60.3361,15.7225,29.4343,33.9042,2.0542,2.8347,1508.0,112400.0,32.7883,98.9813
26211,2024,60.3361,15.7225,29.4343,33.9042,2.0542,2.8347,1508.0,113950.0,32.5611,98.3413
26211,2025,60.3361,15.7225,29.4343,33.9042,2.0542,2.8347,1508.0,115920.0,32.495,98.2628
26211,2026,60.3361,15.7225,29.4343,33.9042,2.0542,2.8347,1508.0,117670.0,32.495,98.2628
26212,2023,60.2971,46.8767,33.8095,29.8668,3.2978,16.6869,886.0,11762.7273,71.1799,55.8743
26212,2024,60.2971,46.8767,33.8095,29.8668,3.2978,16.6869,886.0,11707.2727,71.3292,57.1221
26212,2025,60.2971,46.8767,33.8095,29.8668,3.2978,16.6869,886.0,11679.0909,68.7423,60.8769
26212,2026,60.2971,46.8767,33.8095,29.8668,3.2978,16.6869,886.0,11632.7273,68.7423,60.8769
26213,2023,58.2278,33.765,30.4242,32.3077,1.7123,11.9303,1156.0,23535.3846,96.3966,73.7139
26213,2024,58.2278,33.765,30.4242,32.3077,1.7123,11.9303,1156.0,23349.2308,97.5998,74.2622
26213,2025,58.2278,33.765,30.4242,32.3077,1.7123,11.9303,1156.0,23170.7692,98.2019,75.0601
26213,2026,58.2278,33.765,30.4242,32.3077,1.7123,11.9303,1156.0,22961.5385,98.2019,75.0601
26214,2023,63.8908,13.3754,30.0478,41.3852,2.1452,4.8964,1062.0,58566.6667,32.8303,93.7785
26214,2024,63.8908,13.3754,30.0478,41.3852,2.1452,4.8964,1062.0,58240.0,32.6953,93.5536
26214,2025,63.8908,13.3754,30.0478,41.3852,2.1452,4.8964,1062.0,58080.0,32.6447,93.8719
26214,2026,63.8908,13.3754,30.0478,41.3852,2.1452,4.8964,1062.0,58300.0,32.6447,93.8719
26303,2023,61.7602,35.8663,29.2776,32.0182,3.1579,6.5977,1254.0,143000.0,0.0,99.8184
26303,2024,61.7602,35.8663,29.2776,32.0182,3.1579,6.5977,1254.0,143333.3333,0.0,99.5916
26303,2025,61.7602,35.8663,29.2776,32.0182,3.1579,6.5977,1254.0,144666.6667,0.0,99.3266
26303,2026,61.7602,35.8663,29.2776,32.0182,3.1579,6.5977,1254.0,145666.6667,0.0,99.3266
26322,2023,55.0162,41.443,32.3684,22.3301,2.3548,2.1802,1356.0,61866.6667,0.0,99.5743
26322,2024,55.0162,41.443,32.3684,22.3301,2.3548,2.1802,1356.0,61966.6667,0.0,99.4996
26322,2025,55.0162,41.443,32.3684,22.3301,2.3548,2.1802,1356.0,62266.6667,0.0,99.3566
26322,2026,55.0162,41.443,32.3684,22.3301,2.3548,2.1802,1356.0,62566.6667,0.0,99.3566
26343,2023,,,,,,,,27550.0,309.6019,100.0713
26343,2024,,,,,,,,27000.0,300.4722,99.4134
26343,2025,,,,,,,,26650.0,301.8109,99.267
26343,2026,,,,,,,,26400.0,301.8109,99.267
26344,2023,,,,,,,,28966.6667,40.4813,88.0018
26344,2024,,,,,,,,28933.3333,40.7747,87.4731
26344,2025,,,,,,,,29000.0,41.4365,87.8108
26344,2026,,,,,,,,29066.6667,41.4365,87.8108
26364,2023,,,,,,,,8473.3333,629.8533,0.0
26364,2024,,,,,,,,8343.3333,654.1219,0.0
26364,2025,,,,,,,,8223.3333,684.803,0.0
26364,2026,,,,,,,,8083.3333,684.803,0.0
26365,2023,,,,,,,,14666.6667,261.1111,60.3889
26365,2024,,,,,,,,14266.6667,251.5004,60.0171
26365,2025,,,,,,,,13866.6667,260.5863,60.8232
26365,2026,,,,,,,,13466.6667,260.5863,60.8232
26366,2023,70.1115,12.8593,35.7019,46.6914,0.1456,5.5888,1079.0,68883.3333,41.0438,98.8801
26366,2024,70.1115,12.8593,35.7019,46.6914,0.1456,5.5888,1079.0,69200.0,41.3212,98.9848
26366,2025,70.1115,12.8593,35.7019,46.6914,0.1456,5.5888,1079.0,69733.3333,41.7012,98.7655
26366,2026,70.1115,12.8593,35.7019,46.6914,0.1456,5.5888,1079.0,70216.6667,41.7012,98.7655
26367,2023,,,,,,,,8826.6667,0.0,0.0
26367,2024,,,,,,,,8660.0,0.0,0.0
26367,2025,,,,,,,,8526.6667,0.0,0.0
26367,2026,,,,,,,,8413.3333,0.0,0.0
26407,2023,,,,,,,,10738.0,109.9577,31.6032
26407,2024,,,,,,,,10584.0,112.2273,31.5257
26407,2025,,,,,,,,10452.0,115.4716,31.6295
26407,2026,,,,,,,,10310.0,115.4716,31.6295
26463,2023,,,,,,,,7293.3333,322.9113,0.0
26463,2024,,,,,,,,7523.3333,329.1536,0.0
26463,2025,,,,,,,,7780.0,338.5277,0.0
26463,2026,,,,,,,,8176.6667,338.5277,0.0
26465,2023,68.8586,41.8301,35.9517,32.0497,3.4606,10.2642,585.0,17133.3333,145.5518,94.2918
26465,2024,68.8586,41.8301,35.9517,32.0497,3.4606,10.2642,585.0,17066.6667,144.6124,94.5088
26465,2025,68.8586,41.8301,35.9517,32.0497,3.4606,10.2642,585.0,16933.3333,143.7996,93.6811
26465,2026,68.8586,41.8301,35.9517,32.0497,3.4606,10.2642,585.0,16833.3333,143.7996,93.6811
27100,2023,58.4313,20.1433,23.5612,15.5262,3.8871,4.0538,1809.0,251149.4253,403.6348,100.1096
27100,2024,58.4313,20.1433,23.5612,15.5262,3.8871,4.0538,1809.0,258241.3793,405.5167,100.1413
27100,2025,58.4313,20.1433,23.5612,15.5262,3.8871,4.0538,1809.0,270839.0805,400.818,100.1777
27100,2026,58.4313,20.1433,23.5612,15.5262,3.8871,4.0538,1809.0,288103.4483,400.818,100.1777
27140,2023,59.7897,27.2835,26.8194,21.0287,4.6411,5.1893,1354.0,135237.037,71.8383,98.2445
27140,2024,59.7897,27.2835,26.8194,21.0287,4.6411,5.1893,1354.0,139407.4074,72.224,98.2246
27140,2025,59.7897,27.2835,26.8194,21.0287,4.6411,5.1893,1354.0,143253.7037,70.9119,98.3272
27140,2026,59.7897,27.2835,26.8194,21.0287,4.6411,5.1893,1354.0,147414.8148,70.9119,98.3272
27202,2023,56.9368,24.3849,29.8704,22.9742,8.0103,6.4846,1145.0,89000.0,36.9596,95.8647
27202,2024,56.9368,24.3849,29.8704,22.9742,8.0103,6.4846,1145.0,89231.25,36.2762,95.9197
27202,2025,56.9368,24.3849,29.8704,22.9742,8.0103,6.4846,1145.0,89762.5,31.9943,96.0401
27202,2026,56.9368,24.3849,29.8704,22.9742,8.0103,6.4846,1145.0,90556.25,31.9943,96.0401
27203,2023,62.9157,22.5577,29.375,23.1857,7.9653,4.5915,1600.0,229900.0,59.3336,99.8082
27203,2024,62.9157,22.5577,29.375,23.1857,7.9653,4.5915,1600.0,234800.0,59.4588,99.7876
27203,2025,62.9157,22.5577,29.375,23.1857,7.9653,4.5915,1600.0,242750.0,58.7996,99.8657
27203,2026,62.9157,22.5577,29.375,23.1857,7.9653,4.5915,1600.0,252500.0,58.7996,99.8657
27204,2023,61.3718,18.2596,27.9186,25.3103,4.8861,3.6006,1598.0,187833.3333,41.0385,99.9874
27204,2024,61.3718,18.2596,27.9186,25.3103,4.8861,3.6006,1598.0,189755.5556,41.0803,99.7436
27204,2025,61.3718,18.2596,27.9186,25.3103,4.8861,3.6006,1598.0,191366.6667,41.2136,99.9318
27204,2026,61.3718,18.2596,27.9186,25.3103,4.8861,3.6006,1598.0,197088.8889,41.2136,99.9318
27205,2023,67.4311,19.875,28.7655,25.8226,3.9592,5.8435,1724.0,217523.8095,30.5521,99.909
27205,2024,67.4311,19.875,28.7655,25.8226,3.9592,5.8435,1724.0,221333.3333,30.3125,99.844
27205,2025,67.4311,19.875,28.7655,25.8226,3.9592,5.8435,1724.0,229857.1429,30.1166,99.8822
27205,2026,67.4311,19.875,28.7655,25.8226,3.9592,5.8435,1724.0,240619.0476,30.1166,99.8822
27206,2023,57.3606,26.057,27.7898,18.9102,4.7926,4.7493,1251.0,115040.0,46.2597,96.7495
27206,2024,57.3606,26.057,27.7898,18.9102,4.7926,4.7493,1251.0,116200.0,46.3463,96.8597
27206,2025,57.3606,26.057,27.7898,18.9102,4.7926,4.7493,1251.0,118000.0,46.0405,96.8899
27206,2026,57.3606,26.057,27.7898,18.9102,4.7926,4.7493,1251.0,120400.0,46.0405,96.8899
27207,2023,61.0062,25.3492,29.7501,26.0925,3.5216,4.2333,1580.0,163318.1818,14.9772,99.5099
27207,2024,61.0062,25.3492,29.7501,26.0925,3.5216,4.2333,1580.0,165318.1818,12.1335,99.4466
27207,2025,61.0062,25.3492,29.7501,26.0925,3.5216,4.2333,1580.0,168886.3636,12.1821,99.4873
27207,2026,61.0062,25.3492,29.7501,26.0925,3.5216,4.2333,1580.0,176068.1818,12.1821,99.4873
27208,2023,59.5992,25.3357,28.7371,22.858,6.5677,5.8837,1154.0,62712.5,139.2563,66.4919
27208,2024,59.5992,25.3357,28.7371,22.858,6.5677,5.8837,1154.0,62575.0,134.9091,67.4461
27208,2025,59.5992,25.3357,28.7371,22.858,6.5677,5.8837,1154.0,62437.5,135.1019,67.7684
27208,2026,59.5992,25.3357,28.7371,22.858,6.5677,5.8837,1154.0,62487.5,135.1019,67.7684
27209,2023,55.381,22.4564,27.4874,18.2737,7.6554,6.4337,1319.0,160000.0,51.0513,99.7134
27209,2024,55.381,22.4564,27.4874,18.2737,7.6554,6.4337,1319.0,166000.0,51.33,99.8095
27209,2025,55.381,22.4564,27.4874,18.2737,7.6554,6.4337,1319.0,174833.3333,47.5437,99.961
27209,2026,55.381,22.4564,27.4874,18.2737,7.6554,6.4337,1319.0,184500.0,47.5437,99.961
27210,2023,61.9625,25.0204,31.0925,26.1741,5.0516,4.599,1317.0,131652.1739,0.7066,97.361
27210,2024,61.9625,25.0204,31.0925,26.1741,5.0516,4.599,1317.0,134500.0,0.7103,97.4885
27210,2025,61.9625,25.0204,31.0925,26.1741,5.0516,4.599,1317.0,138486.9565,0.7137,97.7483
27210,2026,61.9625,25.0204,31.0925,26.1741,5.0516,4.599,1317.0,142086.9565,0.7137,97.7483
27211,2023,63.8995,23.9073,29.2834,26.5225,4.3217,2.6624,1560.0,202533.3333,13.0212,99.562
27211,2024,63.8995,23.9073,29.2834,26.5225,4.3217,2.6624,1560.0,206466.6667,12.985,99.4736
27211,2025,63.8995,23.9073,29.2834,26.5225,4.3217,2.6624,1560.0,212266.6667,12.9701,99.4155
27211,2026,63.8995,23.9073,29.2834,26.5225,4.3217,2.6624,1560.0,221666.6667,12.9701,99.4155
27212,2023,54.064,27.6812,25.4967,22.8896,5.3579,4.3039,1292.0,128991.6667,71.0692,94.3809
27212,2024,54.064,27.6812,25.4967,22.8896,5.3579,4.3039,1292.0,129450.0,71.4088,94.7582
27212,2025,54.064,27.6812,25.4967,22.8896,5.3579,4.3039,1292.0,129908.3333,69.3014,96.2216
27212,2026,54.064,27.6812,25.4967,22.8896,5.3579,4.3039,1292.0,130875.0,69.3014,96.2216
27213,2023,60.0603,20.0819,27.451,27.2833,5.2927,4.2254,1241.0,64662.5,90.1111,44.3858
27213,2024,60.0603,20.0819,27.451,27.2833,5.2927,4.2254,1241.0,65225.0,89.6635,45.2043
27213,2025,60.0603,20.0819,27.451,27.2833,5.2927,4.2254,1241.0,66350.0,89.4098,46.8707
27213,2026,60.0603,20.0819,27.451,27.2833,5.2927,4.2254,1241.0,68075.0,89.4098,46.8707
27214,2023,62.2325,28.8364,32.2308,20.6927,4.2401,3.8707,1193.0,72466.6667,46.5288,93.9679
27214,2024,62.2325,28.8364,32.2308,20.6927,4.2401,3.8707,1193.0,72377.7778,46.8596,93.6986
27214,2025,62.2325,28.8364,32.2308,20.6927,4.2401,3.8707,1193.0,72566.6667,44.7429,93.8495
27214,2026,62.2325,28.8364,32.2308,20.6927,4.2401,3.8707,1193.0,73000.0,44.7429,93.8495
27215,2023,56.8263,29.4472,29.4829,19.9895,6.6881,5.2536,1276.0,129545.4545,24.7864,99.3636
27215,2024,56.8263,29.4472,29.4829,19.9895,6.6881,5.2536,1276.0,133454.5455,24.9407,99.4742
27215,2025,56.8263,29.4472,29.4829,19.9895,6.6881,5.2536,1276.0,138363.6364,25.0025,99.5066
27215,2026,56.8263,29.4472,29.4829,19.9895,6.6881,5.2536,1276.0,143636.3636,25.0025,99.5066
27216,2023,57.2499,27.4802,31.7688,27.5012,8.3946,5.4712,1056.0,68327.2727,18.5104,94.1533
27216,2024,57.2499,27.4802,31.7688,27.5012,8.3946,5.4712,1056.0,68381.8182,18.7451,94.5065
27216,2025,57.2499,27.4802,31.7688,27.5012,8.3946,5.4712,1056.0,68609.0909,18.9967,94.5655
27216,2026,57.2499,27.4802,31.7688,27.5012,8.3946,5.4712,1056.0,68827.2727,18.9967,94.5655
27217,2023,54.269,28.1741,26.7944,20.3827,6.1875,5.2605,1198.0,119283.3333,35.2239,98.3149
27217,2024,54.269,28.1741,26.7944,20.3827,6.1875,5.2605,1198.0,119916.6667,35.3136,98.3929
27217,2025,54.269,28.1741,26.7944,20.3827,6.1875,5.2605,1198.0,120666.6667,35.4381,98.5679
27217,2026,54.269,28.1741,26.7944,20.3827,6.1875,5.2605,1198.0,121083.3333,35.4381,98.5679
27218,2023,52.1409,25.056,25.6808,18.8075,2.2188,3.0779,1326.0,135500.0,190.4616,98.9096
27218,2024,52.1409,25.056,25.6808,18.8075,2.2188,3.0779,1326.0,139750.0,191.964,99.0505
27218,2025,52.1409,25.056,25.6808,18.8075,2.2188,3.0779,1326.0,144033.3333,193.1073,98.9947
27218,2026,52.1409,25.056,25.6808,18.8075,2.2188,3.0779,1326.0,147000.0,193.1073,98.9947
27219,2023,62.5121,20.2321,29.9634,27.4366,4.4136,3.5995,1153.0,78964.2857,118.1426,88.7762
27219,2024,62.5121,20.2321,29.9634,27.4366,4.4136,3.5995,1153.0,79442.8571,118.6824,89.119
27219,2025,62.5121,20.2321,29.9634,27.4366,4.4136,3.5995,1153.0,80214.2857,118.6425,89.1512
27219,2026,62.5121,20.2321,29.9634,27.4366,4.4136,3.5995,1153.0,81478.5714,118.6425,89.1512
27220,2023,58.2247,24.5375,29.415,34.6486,8.2743,3.4734,1442.0,186666.6667,27.9599,99.7089
27220,2024,58.2247,24.5375,29.415,34.6486,8.2743,3.4734,1442.0,190666.6667,26.9886,99.649
27220,2025,58.2247,24.5375,29.415,34.6486,8.2743,3.4734,1442.0,196025.0,26.3032,100.2838
27220,2026,58.2247,24.5375,29.415,34.6486,8.2743,3.4734,1442.0,203550.0,26.3032,100.2838
27221,2023,59.528,24.6977,30.4808,23.1772,3.1166,6.8095,1133.0,116125.0,0.0,87.301
27221,2024,59.528,24.6977,30.4808,23.1772,3.1166,6.8095,1133.0,116500.0,0.0,87.5777
27221,2025,59.528,24.6977,30.4808,23.1772,3.1166,6.8095,1133.0,117175.0,0.0,88.3729
27221,2026,59.528,24.6977,30.4808,23.1772,3.1166,6.8095,1133.0,117750.0,0.0,88.3729
27222,2023,59.1794,24.264,31.2257,24.4553,5.3604,6.6207,1101.0,92211.1111,36.8022,85.9188
27222,2024,59.1794,24.264,31.2257,24.4553,5.3604,6.6207,1101.0,92111.1111,44.5418,85.8973
27222,2025,59.1794,24.264,31.2257,24.4553,5.3604,6.6207,1101.0,92111.1111,27.559,85.8946
27222,2026,59.1794,24.264,31.2257,24.4553,5.3604,6.6207,1101.0,92166.6667,27.559,85.8946
27223,2023,51.2027,24.5024,28.8509,14.1898,3.3551,5.5483,1143.0,129000.0,213.5886,97.1858
27223,2024,51.2027,24.5024,28.8509,14.1898,3.3551,5.5483,1143.0,131000.0,215.0437,97.6344
27223,2025,51.2027,24.5024,28.8509,14.1898,3.3551,5.5483,1143.0,135000.0,302.4643,97.9962
27223,2026,51.2027,24.5024,28.8509,14.1898,3.3551,5.5483,1143.0,138750.0,302.4643,97.9962
27224,2023,59.0874,22.4425,27.5891,24.233,1.9907,3.7317,1397.0,159250.0,24.2895,99.3696
27224,2024,59.0874,22.4425,27.5891,24.233,1.9907,3.7317,1397.0,159250.0,24.3193,99.3399
27224,2025,59.0874,22.4425,27.5891,24.233,1.9907,3.7317,1397.0,161500.0,24.3213,99.3178
27224,2026,59.0874,22.4425,27.5891,24.233,1.9907,3.7317,1397.0,164250.0,24.3213,99.3178
27225,2023,48.6486,21.7784,20.5619,22.8126,1.8692,4.0999,1209.0,132000.0,17.8972,91.5023
27225,2024,48.6486,21.7784,20.5619,22.8126,1.8692,4.0999,1209.0,135333.3333,18.0592,91.4485
27225,2025,48.6486,21.7784,20.5619,22.8126,1.8692,4.0999,1209.0,139666.6667,18.2247,92.158
27225,2026,48.6486,21.7784,20.5619,22.8126,1.8692,4.0999,1209.0,145333.3333,18.2247,92.158
27226,2023,62.6927,23.0253,30.8208,24.4829,3.5239,5.9182,1174.0,144000.0,0.4737,83.2781
27226,2024,62.6927,23.0253,30.8208,24.4829,3.5239,5.9182,1174.0,145320.0,0.319,83.8469
27226,2025,62.6927,23.0253,30.8208,24.4829,3.5239,5.9182,1174.0,147120.0,0.321,84.0187
27226,2026,62.6927,23.0253,30.8208,24.4829,3.5239,5.9182,1174.0,148720.0,0.321,84.0187
27227,2023,55.4396,20.4921,24.2239,20.0135,6.6528,5.0014,1406.0,148704.5455,60.2536,98.8466
27227,2024,55.4396,20.4921,24.2239,20.0135,6.6528,5.0014,1406.0,149045.4545,59.3473,98.9336
27227,2025,55.4396,20.4921,24.2239,20.0135,6.6528,5.0014,1406.0,149704.5455,58.2583,99.0835
27227,2026,55.4396,20.4921,24.2239,20.0135,6.6528,5.0014,1406.0,150872.7273,58.2583,99.0835
27228,2023,60.4,27.9133,33.094,21.5111,4.4968,6.2477,935.0,41512.5,61.7087,62.252
27228,2024,60.4,27.9133,33.094,21.5111,4.4968,6.2477,935.0,40862.5,62.5967,62.4811
27228,2025,60.4,27.9133,33.094,21.5111,4.4968,6.2477,935.0,40275.0,63.2901,62.7793
27228,2026,60.4,27.9133,33.094,21.5111,4.4968,6.2477,935.0,40687.5,63.2901,62.7793
27229,2023,65.0445,21.2734,31.4457,26.8601,4.8294,5.3894,1268.0,124333.3333,1.4608,99.5179
27229,2024,65.0445,21.2734,31.4457,26.8601,4.8294,5.3894,1268.0,128000.0,1.4718,99.3266
27229,2025,65.0445,21.2734,31.4457,26.8601,4.8294,5.3894,1268.0,132666.6667,1.3023,99.587
27229,2026,65.0445,21.2734,31.4457,26.8601,4.8294,5.3894,1268.0,136666.6667,1.3023,99.587
27230,2023,67.1016,24.0649,33.0512,32.6869,4.0609,4.7818,1204.0,115083.3333,0.6463,96.3484
27230,2024,67.1016,24.0649,33.0512,32.6869,4.0609,4.7818,1204.0,118016.6667,0.6471,97.0287
27230,2025,67.1016,24.0649,33.0512,32.6869,4.0609,4.7818,1204.0,119950.0,0.6477,97.6927
27230,2026,67.1016,24.0649,33.0512,32.6869,4.0609,4.7818,1204.0,121916.6667,0.6477,97.6927
27231,2023,56.0435,27.1245,30.1673,26.8395,5.2782,6.2837,1169.0,96200.0,0.0,99.6792
27231,2024,56.0435,27.1245,30.1673,26.8395,5.2782,6.2837,1169.0,97520.0,0.0,99.6605
27231,2025,56.0435,27.1245,30.1673,26.8395,5.2782,6.2837,1169.0,98900.0,0.0,99.6571
27231,2026,56.0435,27.1245,30.1673,26.8395,5.2782,6.2837,1169.0,100520.0,0.0,99.6571
27232,2023,60.0798,27.8211,34.7298,26.2974,5.5068,7.1311,904.0,41462.5,0.0,54.1771
27232,2024,60.0798,27.8211,34.7298,26.2974,5.5068,7.1311,904.0,41112.5,0.0,54.8299
27232,2025,60.0798,27.8211,34.7298,26.2974,5.5068,7.1311,904.0,40875.0,0.0,55.601
27232,2026,60.0798,27.8211,34.7298,26.2974,5.5068,7.1311,904.0,40700.0,0.0,55.601
27301,2023,61.4035,28.996,31.9714,36.3347,1.1691,4.552,1203.0,133000.0,44.8714,96.5525
27301,2024,61.4035,28.996,31.9714,36.3347,1.1691,4.552,1203.0,134000.0,44.8218,96.6794
27301,2025,61.4035,28.996,31.9714,36.3347,1.1691,4.552,1203.0,136500.0,44.0351,97.1129
27301,2026,61.4035,28.996,31.9714,36.3347,1.1691,4.552,1203.0,140000.0,44.0351,97.1129
27321,2023,69.1057,24.758,45.5172,40.2985,0.2688,6.357,574.0,34366.6667,11.3354,98.4454
27321,2024,69.1057,24.758,45.5172,40.2985,0.2688,6.357,574.0,34000.0,11.5492,98.5756
27321,2025,69.1057,24.758,45.5172,40.2985,0.2688,6.357,574.0,33833.3333,11.7951,98.5621
27321,2026,69.1057,24.758,45.5172,40.2985,0.2688,6.357,574.0,33600.0,11.7951,98.5621
27322,2023,,,,,,,,19250.0,28.0565,26.9774
27322,2024,,,,,,,,18850.0,27.3973,27.6274
27322,2025,,,,,,,,18550.0,27.9642,28.613
27322,2026,,,,,,,,18250.0,27.9642,28.613
27341,2023,55.8422,26.227,30.7847,21.0926,12.2754,6.801,1105.0,87850.0,28.1859,97.3013
27341,2024,55.8422,26.227,30.7847,21.0926,12.2754,6.801,1105.0,87650.0,28.3594,96.9529
27341,2025,55.8422,26.227,30.7847,21.0926,12.2754,6.801,1105.0,87900.0,28.8043,97.138
27341,2026,55.8422,26.227,30.7847,21.0926,12.2754,6.801,1105.0,88500.0,28.8043,97.138
27361,2023,63.3001,19.788,29.5691,30.3991,8.1892,4.8057,1093.0,61080.0,20.9239,83.1609
27361,2024,63.3001,19.788,29.5691,30.3991,8.1892,4.8057,1093.0,60380.0,21.0015,83.9362
27361,2025,63.3001,19.788,29.5691,30.3991,8.1892,4.8057,1093.0,59680.0,21.1546,84.757
27361,2026,63.3001,19.788,29.5691,30.3991,8.1892,4.8057,1093.0,59160.0,21.1546,84.757
27362,2023,,,,,,,,53500.0,108.2608,94.3281
27362,2024,,,,,,,,53600.0,108.3245,93.7949
27362,2025,,,,,,,,53750.0,108.4394,94.0948
27362,2026,,,,,,,,54000.0,108.4394,94.0948
27366,2023,,,,,,,,25475.0,181.1668,85.7568
27366,2024,,,,,,,,24150.0,184.6239,79.5123
27366,2025,,,,,,,,23375.0,186.7786,79.3494
27366,2026,,,,,,,,22725.0,186.7786,79.3494
27381,2023,,,,,,,,52550.0,0.0,93.3791
27381,2024,,,,,,,,52450.0,0.0,93.1398
27381,2025,,,,,,,,52400.0,0.0,93.427
27381,2026,,,,,,,,52300.0,0.0,93.427
27382,2023,52.9412,22.9617,36.3636,28.8217,0.0,7.4667,1132.0,31700.0,0.0,93.6579
27382,2024,52.9412,22.9617,36.3636,28.8217,0.0,7.4667,1132.0,31450.0,0.0,93.3783
27382,2025,52.9412,22.9617,36.3636,28.8217,0.0,7.4667,1132.0,31250.0,0.0,93.975
27382,2026,52.9412,22.9617,36.3636,28.8217,0.0,7.4667,1132.0,31100.0,0.0,93.975
27383,2023,,,,,,,,23300.0,0.0,78.7043
27383,2024,,,,,,,,22800.0,0.0,78.9419
27383,2025,,,,,,,,22300.0,0.0,78.6004
27383,2026,,,,,,,,21800.0,0.0,78.6004
28100,2023,63.0522,19.669,30.2101,23.6107,2.9013,4.634,1615.0,178856.3025,299.401,98.235
28100,2024,63.0522,19.669,30.2101,23.6107,2.9013,4.634,1615.0,189198.0392,298.3355,98.348
28100,2025,63.0522,19.669,30.2101,23.6107,2.9013,4.634,1615.0,196681.3725,299.5026,98.3451
28100,2026,63.0522,19.669,30.2101,23.6107,2.9013,4.634,1615.0,208081.5534,299.5026,98.3451
28201,2023,58.3842,21.9792,27.8697,31.2852,4.0436,6.2068,1107.0,62460.0,107.2742,92.9548
28201,2024,58.3842,21.9792,27.8697,31.2852,4.0436,6.2068,1107.0,60862.2222,108.7122,92.9785
28201,2025,58.3842,21.9792,27.8697,31.2852,4.0436,6.2068,1107.0,61020.0,110.478,93.0068
28201,2026,58.3842,21.9792,27.8697,31.2852,4.0436,6.2068,1107.0,61173.3333,110.478,93.0068
28202,2023,55.6571,21.245,26.4823,17.9978,5.9632,4.7133,1518.0,194000.0,225.6072,99.8649
28202,2024,55.6571,21.245,26.4823,17.9978,5.9632,4.7133,1518.0,199368.4211,223.9731,99.8153
28202,2025,55.6571,21.245,26.4823,17.9978,5.9632,4.7133,1518.0,203421.0526,224.2147,99.9027
28202,2026,55.6571,21.245,26.4823,17.9978,5.9632,4.7133,1518.0,208421.0526,224.2147,99.9027
28203,2023,64.8824,20.8378,29.4853,28.2171,3.8005,4.8036,1430.0,99245.4545,68.3357,99.7322
28203,2024,64.8824,20.8378,29.4853,28.2171,3.8005,4.8036,1430.0,105936.8421,68.0336,99.6932
28203,2025,64.8824,20.8378,29.4853,28.2171,3.8005,4.8036,1430.0,110815.7895,67.9285,99.6234
28203,2026,64.8824,20.8378,29.4853,28.2171,3.8005,4.8036,1430.0,116131.5789,67.9285,99.6234
28204,2023,64.6312,17.0748,29.1708,24.0127,3.7777,5.6929,1687.0,256394.4444,189.666,99.8256
28204,2024,64.6312,17.0748,29.1708,24.0127,3.7777,5.6929,1687.0,258240.625,189.5382,99.6554
28204,2025,64.6312,17.0748,29.1708,24.0127,3.7777,5.6929,1687.0,267031.25,187.4098,99.7392
28204,2026,64.6312,17.0748,29.1708,24.0127,3.7777,5.6929,1687.0,277734.375,187.4098,99.7392
28205,2023,56.6485,31.4975,26.9828,27.1403,3.2258,16.1345,1064.0,33025.0,154.6885,27.9682
28205,2024,56.6485,31.4975,26.9828,27.1403,3.2258,16.1345,1064.0,32200.0,156.5108,28.2735
28205,2025,56.6485,31.4975,26.9828,27.1403,3.2258,16.1345,1064.0,31900.0,157.9709,28.3538
28205,2026,56.6485,31.4975,26.9828,27.1403,3.2258,16.1345,1064.0,31700.0,157.9709,28.3538
28206,2023,66.4015,19.4168,30.3541,27.1938,1.9393,5.887,1671.0,336277.7778,169.4311,99.5209
28206,2024,66.4015,19.4168,30.3541,27.1938,1.9393,5.887,1671.0,358312.5,170.5001,99.4651
28206,2025,66.4015,19.4168,30.3541,27.1938,1.9393,5.887,1671.0,374187.5,171.9021,99.4873
28206,2026,66.4015,19.4168,30.3541,27.1938,1.9393,5.887,1671.0,393625.0,171.9021,99.4873
28207,2023,58.7799,20.0669,28.1813,24.245,3.2622,4.7906,1369.0,172857.1429,100.5732,99.6623
28207,2024,58.7799,20.0669,28.1813,24.245,3.2622,4.7906,1369.0,176384.6154,102.5906,99.6301
28207,2025,58.7799,20.0669,28.1813,24.245,3.2622,4.7906,1369.0,182000.0,103.1535,99.9091
28207,2026,58.7799,20.0669,28.1813,24.245,3.2622,4.7906,1369.0,188692.3077,103.1535,99.9091
28208,2023,65.8929,36.241,35.7849,31.25,8.1294,15.7895,925.0,32640.0,99.378,86.5232
28208,2024,65.8929,36.241,35.7849,31.25,8.1294,15.7895,925.0,34333.3333,101.2087,86.5662
28208,2025,65.8929,36.241,35.7849,31.25,8.1294,15.7895,925.0,47000.0,102.7423,86.9835
28208,2026,65.8929,36.241,35.7849,31.25,8.1294,15.7895,925.0,47000.0,102.7423,86.9835
28209,2023,71.3933,36.9479,35.7143,40.3738,1.7851,12.9956,1088.0,25013.6364,124.746,94.8893
28209,2024,71.3933,36.9479,35.7143,40.3738,1.7851,12.9956,1088.0,30011.1111,126.6749,94.933
28209,2025,71.3933,36.9479,35.7143,40.3738,1.7851,12.9956,1088.0,29900.0,124.2401,95.5412
28209,2026,71.3933,36.9479,35.7143,40.3738,1.7851,12.9956,1088.0,29733.3333,124.2401,95.5412
28210,2023,62.1084,20.3887,29.1662,31.0828,1.2576,5.5629,1173.0,77900.0,30.3597,91.5666
28210,2024,62.1084,20.3887,29.1662,31.0828,1.2576,5.5629,1173.0,80868.75,30.4997,91.9054
28210,2025,62.1084,20.3887,29.1662,31.0828,1.2576,5.5629,1173.0,81218.75,30.6762,93.4499
28210,2026,62.1084,20.3887,29.1662,31.0828,1.2576,5.5629,1173.0,82043.75,30.6762,93.4499
28212,2023,63.6364,30.6539,31.7847,30.7033,2.2459,12.072,934.0,46050.0,133.3627,94.6061
28212,2024,63.6364,30.6539,31.7847,30.7033,2.2459,12.072,934.0,47133.3333,135.2196,94.6671
28212,2025,63.6364,30.6539,31.7847,30.7033,2.2459,12.072,934.0,46483.3333,136.2638,94.5857
28212,2026,63.6364,30.6539,31.7847,30.7033,2.2459,12.072,934.0,45850.0,136.2638,94.5857
28213,2023,68.1621,32.9904,34.3778,36.2056,3.4941,9.4372,914.0,14641.6667,200.1756,89.8104
28213,2024,68.1621,32.9904,34.3778,36.2056,3.4941,9.4372,914.0,14491.6667,200.6023,90.8236
28213,2025,68.1621,32.9904,34.3778,36.2056,3.4941,9.4372,914.0,14375.0,200.5944,94.3722
28213,2026,68.1621,32.9904,34.3778,36.2056,3.4941,9.4372,914.0,14258.3333,200.5944,94.3722
28214,2023,66.3344,17.8927,30.8864,28.685,2.6178,4.6871,1411.0,168610.5263,58.4086,98.5831
28214,2024,66.3344,17.8927,30.8864,28.685,2.6178,4.6871,1411.0,169681.25,58.8816,98.6319
28214,2025,66.3344,17.8927,30.8864,28.685,2.6178,4.6871,1411.0,172862.5,59.215,99.0279
28214,2026,66.3344,17.8927,30.8864,28.685,2.6178,4.6871,1411.0,172217.6471,59.215,99.0279
28215,2023,59.4387,35.5995,33.2022,28.7337,2.4976,7.4896,1086.0,31990.9091,56.4964,88.7969
28215,2024,59.4387,35.5995,33.2022,28.7337,2.4976,7.4896,1086.0,31045.0,57.1405,89.0704
28215,2025,59.4387,35.5995,33.2022,28.7337,2.4976,7.4896,1086.0,31080.0,57.8731,89.1368
28215,2026,59.4387,35.5995,33.2022,28.7337,2.4976,7.4896,1086.0,31125.0,57.8731,89.1368
28216,2023,64.506,25.9047,34.9253,30.2771,3.646,6.5037,1050.0,64737.5,33.4596,96.2287
28216,2024,64.506,25.9047,34.9253,30.2771,3.646,6.5037,1050.0,66300.0,31.4789,96.2408
28216,2025,64.506,25.9047,34.9253,30.2771,3.646,6.5037,1050.0,66314.2857,29.1292,96.4259
28216,2026,64.506,25.9047,34.9253,30.2771,3.646,6.5037,1050.0,66485.7143,29.1292,96.4259
28217,2023,65.3969,23.4011,34.6645,34.395,3.5827,8.665,1319.0,99131.25,66.1517,99.4081
28217,2024,65.3969,23.4011,34.6645,34.395,3.5827,8.665,1319.0,98484.6154,60.1671,99.4035
28217,2025,65.3969,23.4011,34.6645,34.395,3.5827,8.665,1319.0,101000.0,60.4915,99.5383
28217,2026,65.3969,23.4011,34.6645,34.395,3.5827,8.665,1319.0,105107.6923,60.4915,99.5383
28218,2023,64.56,29.3627,30.3714,33.353,5.8594,5.6256,1046.0,38025.0,101.157,87.6736
28218,2024,64.56,29.3627,30.3714,33.353,5.8594,5.6256,1046.0,38175.0,83.5347,87.72
28218,2025,64.56,29.3627,30.3714,33.353,5.8594,5.6256,1046.0,38350.0,84.1431,87.6241
28218,2026,64.56,29.3627,30.3714,33.353,5.8594,5.6256,1046.0,38650.0,84.1431,87.6241
28219,2023,64.5913,9.0562,37.6716,35.5836,2.7875,5.7059,1434.0,44377.7778,30.3542,88.5983
28219,2024,64.5913,9.0562,37.6716,35.5836,2.7875,5.7059,1434.0,38428.5714,30.688,88.8077
28219,2025,64.5913,9.0562,37.6716,35.5836,2.7875,5.7059,1434.0,38714.2857,30.8972,88.9277
28219,2026,64.5913,9.0562,37.6716,35.5836,2.7875,5.7059,1434.0,39200.0,30.8972,88.9277
28220,2023,63.7672,41.278,32.0913,35.8573,4.3253,7.3515,1308.0,32275.0,101.0292,66.5066
28220,2024,63.7672,41.278,32.0913,35.8573,4.3253,7.3515,1308.0,32162.5,102.7561,67.0084
28220,2025,63.7672,41.278,32.0913,35.8573,4.3253,7.3515,1308.0,32050.0,100.591,67.1596
28220,2026,63.7672,41.278,32.0913,35.8573,4.3253,7.3515,1308.0,31962.5,100.591,67.1596
28221,2023,69.8525,27.0748,37.8694,41.2444,0.3774,10.6275,983.0,16377.7778,123.7382,75.0845
28221,2024,69.8525,27.0748,37.8694,41.2444,0.3774,10.6275,983.0,16306.25,124.5996,75.5744
28221,2025,69.8525,27.0748,37.8694,41.2444,0.3774,10.6275,983.0,16212.5,124.5684,75.5084
28221,2026,69.8525,27.0748,37.8694,41.2444,0.3774,10.6275,983.0,16106.25,124.5684,75.5084
28222,2023,75.1276,40.8269,36.8889,40.3061,3.1646,21.0084,646.0,16550.0,172.971,64.2724
28222,2024,75.1276,40.8269,36.8889,40.3061,3.1646,21.0084,646.0,18170.0,174.5079,64.4795
28222,2025,75.1276,40.8269,36.8889,40.3061,3.1646,21.0084,646.0,18270.0,173.7682,64.7512
28222,2026,75.1276,40.8269,36.8889,40.3061,3.1646,21.0084,646.0,18150.0,173.7682,64.7512
28223,2023,70.1519,36.351,37.0959,39.9017,3.4662,10.4833,955.0,15416.6667,95.4356,58.6419
28223,2024,70.1519,36.351,37.0959,39.9017,3.4662,10.4833,955.0,14936.3636,96.2281,59.5596
28223,2025,70.1519,36.351,37.0959,39.9017,3.4662,10.4833,955.0,14809.0909,95.4475,61.258
28223,2026,70.1519,36.351,37.0959,39.9017,3.4662,10.4833,955.0,14690.9091,95.4475,61.258
28224,2023,58.2437,35.7187,28.5714,27.957,3.1305,11.8644,998.0,18685.7143,166.3975,74.4518
28224,2024,58.2437,35.7187,28.5714,27.957,3.1305,11.8644,998.0,18171.4286,167.9822,74.8162
28224,2025,58.2437,35.7187,28.5714,27.957,3.1305,11.8644,998.0,17714.2857,166.9258,76.8202
28224,2026,58.2437,35.7187,28.5714,27.957,3.1305,11.8644,998.0,17400.0,166.9258,76.8202
28225,2023,74.3925,35.1124,37.8286,43.2306,1.087,12.5089,791.0,14021.4286,145.4178,46.2966
28225,2024,74.3925,35.1124,37.8286,43.2306,1.087,12.5089,791.0,16580.0,147.6681,46.2906
28225,2025,74.3925,35.1124,37.8286,43.2306,1.087,12.5089,791.0,16400.0,149.528,46.6275
28225,2026,74.3925,35.1124,37.8286,43.2306,1.087,12.5089,791.0,16220.0,149.528,46.6275
28226,2023,64.9068,27.6398,33.3604,21.9119,4.5877,16.6592,982.0,27544.4444,389.9899,60.7371
28226,2024,64.9068,27.6398,33.3604,21.9119,4.5877,16.6592,982.0,27488.8889,388.6202,64.0377
28226,2025,64.9068,27.6398,33.3604,21.9119,4.5877,16.6592,982.0,29840.0,394.3042,64.4135
28226,2026,64.9068,27.6398,33.3604,21.9119,4.5877,16.6592,982.0,30600.0,394.3042,64.4135
28227,2023,68.9984,38.689,37.3106,33.1742,2.0537,13.3974,906.0,20418.1818,87.2299,55.3173
28227,2024,68.9984,38.689,37.3106,33.1742,2.0537,13.3974,906.0,20245.4545,89.0894,55.4553
28227,2025,68.9984,38.689,37.3106,33.1742,2.0537,13.3974,906.0,20077.2727,91.262,55.6194
28227,2026,68.9984,38.689,37.3106,33.1742,2.0537,13.3974,906.0,19909.0909,91.262,55.6194
28228,2023,67.6349,25.4373,30.9339,36.0055,1.0989,5.6972,1077.0,23225.0,91.8956,91.6287
28228,2024,67.6349,25.4373,30.9339,36.0055,1.0989,5.6972,1077.0,25700.0,91.9836,92.7925
28228,2025,67.6349,25.4373,30.9339,36.0055,1.0989,5.6972,1077.0,25750.0,92.3553,93.6798
28228,2026,67.6349,25.4373,30.9339,36.0055,1.0989,5.6972,1077.0,25866.6667,92.3553,93.6798
28229,2023,69.3512,34.1673,34.6136,31.7673,2.4513,8.6001,884.0,40675.0,100.5656,89.9488
28229,2024,69.3512,34.1673,34.6136,31.7673,2.4513,8.6001,884.0,40858.3333,100.9549,90.1777
28229,2025,69.3512,34.1673,34.6136,31.7673,2.4513,8.6001,884.0,41900.0,102.254,90.3018
28229,2026,69.3512,34.1673,34.6136,31.7673,2.4513,8.6001,884.0,42358.3333,102.254,90.3018
28301,2023,69.5533,10.7566,35.1887,40.8387,0.0,8.0328,742.0,38675.0,10.8218,98.3632
28301,2024,69.5533,10.7566,35.1887,40.8387,0.0,8.0328,742.0,38875.0,10.9966,98.1512
28301,2025,69.5533,10.7566,35.1887,40.8387,0.0,8.0328,742.0,39600.0,11.1716,98.3277
28301,2026,69.5533,10.7566,35.1887,40.8387,0.0,8.0328,742.0,40000.0,11.1716,98.3277
28365,2023,77.265,44.1026,34.1912,40.5128,2.906,8.9209,399.0,8075.0,187.5353,53.9999
28365,2024,77.265,44.1026,34.1912,40.5128,2.906,8.9209,399.0,7980.0,191.9224,54.1812
28365,2025,77.265,44.1026,34.1912,40.5128,2.906,8.9209,399.0,7893.3333,193.4964,54.1951
28365,2026,77.265,44.1026,34.1912,40.5128,2.906,8.9209,399.0,7806.6667,193.4964,54.1951
28381,2023,70.625,32.2404,35.6098,41.1975,8.6538,4.0296,1000.0,38350.0,50.5578,82.0732
28381,2024,70.625,32.2404,35.6098,41.1975,8.6538,4.0296,1000.0,38150.0,50.6553,82.287
28381,2025,70.625,32.2404,35.6098,41.1975,8.6538,4.0296,1000.0,37950.0,50.8347,82.1783
28381,2026,70.625,32.2404,35.6098,41.1975,8.6538,4.0296,1000.0,37750.0,50.8347,82.1783
28382,2023,63.0848,20.223,28.6368,31.2865,1.5647,5.0065,1085.0,77050.0,3.4472,98.8567
28382,2024,63.0848,20.223,28.6368,31.2865,1.5647,5.0065,1085.0,78350.0,3.4368,98.4706
28382,2025,63.0848,20.223,28.6368,31.2865,1.5647,5.0065,1085.0,80000.0,3.4595,98.8612
28382,2026,63.0848,20.223,28.6368,31.2865,1.5647,5.0065,1085.0,82050.0,3.4595,98.8612
28442,2023,,,,,,,,10100.0,20.6853,35.0481
28442,2024,,,,,,,,9933.3333,21.1067,40.5066
28442,2025,,,,,,,,9800.0,21.576,42.6829
28442,2026,,,,,,,,9666.6667,21.576,42.6829
28443,2023,60.3175,29.8667,32.5175,33.7748,4.8656,4.1763,1140.0,42050.0,80.5505,82.5403
28443,2024,60.3175,29.8667,32.5175,33.7748,4.8656,4.1763,1140.0,37833.3333,78.8618,82.7197
28443,2025,60.3175,29.8667,32.5175,33.7748,4.8656,4.1763,1140.0,37766.6667,76.9935,82.9268
28443,2026,60.3175,29.8667,32.5175,33.7748,4.8656,4.1763,1140.0,37733.3333,76.9935,82.9268
28446,2023,,,,,,,,8216.6667,61.9079,57.64
28446,2024,,,,,,,,9316.6667,63.5165,58.7431
28446,2025,,,,,,,,9183.3333,65.0631,59.72
28446,2026,,,,,,,,9066.6667,65.0631,59.72
28464,2023,62.2066,23.6926,26.5478,39.6714,1.227,6.1464,1002.0,58275.0,2.3688,99.5677
28464,2024,62.2066,23.6926,26.5478,39.6714,1.227,6.1464,1002.0,58825.0,2.3826,99.6426
28464,2025,62.2066,23.6926,26.5478,39.6714,1.227,6.1464,1002.0,59425.0,2.3942,99.6528
28464,2026,62.2066,23.6926,26.5478,39.6714,1.227,6.1464,1002.0,59725.0,2.3942,99.6528
28481,2023,,,,,,,,16825.0,194.4642,73.5344
28481,2024,,,,,,,,19433.3333,196.9381,73.4709
28481,2025,,,,,,,,19116.6667,202.3185,73.7207
28481,2026,,,,,,,,18833.3333,202.3185,73.7207
28501,2023,77.8351,33.6207,35.6436,39.7942,1.5358,14.2693,1251.0,13350.0,316.7946,59.2554
28501,2024,77.8351,33.6207,35.6436,39.7942,1.5358,14.2693,1251.0,13794.4444,323.7505,59.2971
28501,2025,77.8351,33.6207,35.6436,39.7942,1.5358,14.2693,1251.0,13638.8889,332.0432,59.8696
28501,2026,77.8351,33.6207,35.6436,39.7942,1.5358,14.2693,1251.0,13477.7778,332.0432,59.8696
28585,2023,70.8333,44.9136,33.8115,40.5063,0.3552,20.1923,443.0,13478.5714,115.4518,83.0941
28585,2024,70.8333,44.9136,33.8115,40.5063,0.3552,20.1923,443.0,14800.0,118.158,85.623
28585,2025,70.8333,44.9136,33.8115,40.5063,0.3552,20.1923,443.0,14575.0,116.9705,85.4604
28585,2026,70.8333,44.9136,33.8115,40.5063,0.3552,20.1923,443.0,14333.3333,116.9705,85.4604
28586,2023,,,,,,,,21620.0,72.3017,62.7982
28586,2024,,,,,,,,21080.0,74.0797,63.1205
28586,2025,,,,,,,,20790.0,75.6099,63.1694
28586,2026,,,,,,,,20460.0,75.6099,63.1694
29201,2023,64.3902,25.9781,32.2593,30.2101,1.173,8.0756,1247.0,90917.6471,66.0467,91.6823
29201,2024,64.3902,25.9781,32.2593,30.2101,1.173,8.0756,1247.0,92963.2353,66.431,92.1327
29201,2025,64.3902,25.9781,32.2593,30.2101,1.173,8.0756,1247.0,95088.2353,66.8516,92.3134
29201,2026,64.3902,25.9781,32.2593,30.2101,1.173,8.0756,1247.0,97582.3529,66.8516,92.3134
29202,2023,58.9702,26.6103,31.3337,21.8825,2.8255,7.381,1060.0,65928.5714,147.9831,71.3899
29202,2024,58.9702,26.6103,31.3337,21.8825,2.8255,7.381,1060.0,65785.7143,147.4052,73.85
29202,2025,58.9702,26.6103,31.3337,21.8825,2.8255,7.381,1060.0,65771.4286,144.1328,75.4893
29202,2026,58.9702,26.6103,31.3337,21.8825,2.8255,7.381,1060.0,65942.8571,144.1328,75.4893
29203,2023,59.7583,26.6041,32.7955,27.8248,4.0164,5.7845,1131.0,69750.0,39.8136,96.2809
29203,2024,59.7583,26.6041,32.7955,27.8248,4.0164,5.7845,1131.0,69950.0,40.1177,96.3834
29203,2025,59.7583,26.6041,32.7955,27.8248,4.0164,5.7845,1131.0,70187.5,40.4368,96.2953
29203,2026,59.7583,26.6041,32.7955,27.8248,4.0164,5.7845,1131.0,70437.5,40.4368,96.2953
29204,2023,57.567,26.4373,27.6786,27.2053,5.949,5.7077,1095.0,51237.5,110.5008,96.5561
29204,2024,57.567,26.4373,27.6786,27.2053,5.949,5.7077,1095.0,51100.0,111.8576,96.8644
29204,2025,57.567,26.4373,27.6786,27.2053,5.949,5.7077,1095.0,50937.5,113.0409,96.8378
29204,2026,57.567,26.4373,27.6786,27.2053,5.949,5.7077,1095.0,50787.5,113.0409,96.8378
29205,2023,53.824,21.1352,29.1855,31.8191,3.0368,3.4699,1107.0,78233.3333,45.7557,79.9175
29205,2024,53.824,21.1352,29.1855,31.8191,3.0368,3.4699,1107.0,78544.4444,46.0377,80.0277
29205,2025,53.824,21.1352,29.1855,31.8191,3.0368,3.4699,1107.0,79011.1111,40.9089,80.2785
29205,2026,53.824,21.1352,29.1855,31.8191,3.0368,3.4699,1107.0,79355.5556,40.9089,80.2785
29206,2023,56.8245,28.3243,29.5906,27.9814,2.1267,8.4962,949.0,46566.6667,117.4605,76.6736
29206,2024,56.8245,28.3243,29.5906,27.9814,2.1267,8.4962,949.0,46333.3333,118.809,78.1807
29206,2025,56.8245,28.3243,29.5906,27.9814,2.1267,8.4962,949.0,46033.3333,120.1356,79.4627
29206,2026,56.8245,28.3243,29.5906,27.9814,2.1267,8.4962,949.0,45750.0,120.1356,79.4627
29207,2023,58.4226,42.0245,32.2974,28.6271,6.5966,23.0821,665.0,17568.5714,210.4212,57.4985
29207,2024,58.4226,42.0245,32.2974,28.6271,6.5966,23.0821,665.0,17164.2857,213.9972,59.0348
29207,2025,58.4226,42.0245,32.2974,28.6271,6.5966,23.0821,665.0,16762.8571,221.5613,59.6506
29207,2026,58.4226,42.0245,32.2974,28.6271,6.5966,23.0821,665.0,16364.2857,221.5613,59.6506
29208,2023,58.6696,40.2367,33.9915,21.7012,2.3504,17.9405,760.0,38125.0,191.9402,49.3187
29208,2024,58.6696,40.2367,33.9915,21.7012,2.3504,17.9405,760.0,37850.0,189.6355,49.4995
29208,2025,58.6696,40.2367,33.9915,21.7012,2.3504,17.9405,760.0,37575.0,187.9537,51.1234
29208,2026,58.6696,40.2367,33.9915,21.7012,2.3504,17.9405,760.0,37275.0,187.9537,51.1234
29209,2023,69.989,19.6783,36.5191,36.9776,2.7537,4.4524,1154.0,92078.5714,7.1219,72.4043
29209,2024,69.989,19.6783,36.5191,36.9776,2.7537,4.4524,1154.0,93521.4286,7.1592,72.6869
29209,2025,69.989,19.6783,36.5191,36.9776,2.7537,4.4524,1154.0,95228.5714,7.207,73.1333
29209,2026,69.989,19.6783,36.5191,36.9776,2.7537,4.4524,1154.0,97000.0,7.207,73.1333
29210,2023,62.9732,14.7929,30.2249,36.3386,1.6949,3.801,1091.0,85036.3636,3.808,77.5863
29210,2024,62.9732,14.7929,30.2249,36.3386,1.6949,3.801,1091.0,85581.8182,3.8175,77.6624
29210,2025,62.9732,14.7929,30.2249,36.3386,1.6949,3.801,1091.0,86172.7273,3.8302,78.1548
29210,2026,62.9732,14.7929,30.2249,36.3386,1.6949,3.801,1091.0,86690.9091,3.8302,78.1548
29211,2023,66.4368,27.8997,29.58,35.4518,2.106,4.5598,978.0,58025.0,16.3999,99.0081
29211,2024,66.4368,27.8997,29.58,35.4518,2.106,4.5598,978.0,57875.0,16.3567,98.8287
29211,2025,66.4368,27.8997,29.58,35.4518,2.106,4.5598,978.0,57775.0,15.6109,98.8914
29211,2026,66.4368,27.8997,29.58,35.4518,2.106,4.5598,978.0,57700.0,15.6109,98.8914
29212,2023,64.2512,43.2171,36.9979,30.3089,2.3652,14.8289,830.0,21467.0,207.5803,61.1789
29212,2024,64.2512,43.2171,36.9979,30.3089,2.3652,14.8289,830.0,21257.0,211.3655,61.5154
29212,2025,64.2512,43.2171,36.9979,30.3089,2.3652,14.8289,830.0,21057.0,216.5281,61.422
29212,2026,64.2512,43.2171,36.9979,30.3089,2.3652,14.8289,830.0,20847.0,216.5281,61.422
29322,2023,,,,,,,,8066.6667,0.0,5.9789
29322,2024,,,,,,,,7933.3333,0.0,5.8466
29322,2025,,,,,,,,7800.0,0.0,5.892
29322,2026,,,,,,,,7666.6667,0.0,5.892
29342,2023,63.2231,33.1484,36.6322,37.6033,0.0,4.1397,799.0,39200.0,124.7694,59.8459
29342,2024,63.2231,33.1484,36.6322,37.6033,0.0,4.1397,799.0,38600.0,125.5527,60.2053
29342,2025,63.2231,33.1484,36.6322,37.6033,0.0,4.1397,799.0,38000.0,46.3014,61.9116
29342,2026,63.2231,33.1484,36.6322,37.6033,0.0,4.1397,799.0,37625.0,46.3014,61.9116
29343,2023,62.5813,31.0573,34.8901,35.141,5.5,11.0662,1023.0,33666.6667,277.7285,94.8181
29343,2024,62.5813,31.0573,34.8901,35.141,5.5,11.0662,1023.0,32666.6667,278.4821,94.7951
29343,2025,62.5813,31.0573,34.8901,35.141,5.5,11.0662,1023.0,31700.0,280.102,95.002
29343,2026,62.5813,31.0573,34.8901,35.141,5.5,11.0662,1023.0,30833.3333,280.102,95.002
29344,2023,69.0995,25.4369,33.4862,36.5877,2.6244,3.5413,978.0,70650.0,36.2216,69.4851
29344,2024,69.0995,25.4369,33.4862,36.5877,2.6244,3.5413,978.0,71075.0,34.8333,70.7471
29344,2025,69.0995,25.4369,33.4862,36.5877,2.6244,3.5413,978.0,71500.0,34.2417,72.6495
29344,2026,69.0995,25.4369,33.4862,36.5877,2.6244,3.5413,978.0,71925.0,34.2417,72.6495
29345,2023,,,,,,,,40300.0,118.3099,95.7746
29345,2024,,,,,,,,39666.6667,119.0476,95.5499
29345,2025,,,,,,,,39033.3333,120.4301,97.362
29345,2026,,,,,,,,38600.0,120.4301,97.362
29361,2023,,,,,,,,39400.0,234.8789,99.2576
29361,2024,,,,,,,,39266.6667,238.4482,98.9622
29361,2025,,,,,,,,39133.3333,241.6729,99.4616
29361,2026,,,,,,,,39033.3333,241.6729,99.4616
29362,2023,,,,,,,,32333.3333,160.5817,96.9247
29362,2024,,,,,,,,31666.6667,163.0268,96.7856
29362,2025,,,,,,,,31000.0,165.0576,96.7923
29362,2026,,,,,,,,30333.3333,165.0576,96.7923
29363,2023,56.7291,24.9778,27.9249,32.6809,0.755,5.5982,961.0,65650.0,17.6684,98.7695
29363,2024,56.7291,24.9778,27.9249,32.6809,0.755,5.5982,961.0,65000.0,17.7384,98.7805
29363,2025,56.7291,24.9778,27.9249,32.6809,0.755,5.5982,961.0,65000.0,17.8463,98.7603
29363,2026,56.7291,24.9778,27.9249,32.6809,0.755,5.5982,961.0,65000.0,17.8463,98.7603
29385,2023,,,,,,,,6740.0,121.1204,0.0
29385,2024,,,,,,,,6643.3333,123.4568,0.0
29385,2025,,,,,,,,6546.6667,125.9843,0.0
29385,2026,,,,,,,,6383.3333,125.9843,0.0
29386,2023,,,,,,,,4846.6667,233.1962,0.0
29386,2024,,,,,,,,4733.3333,297.4504,0.0
29386,2025,,,,,,,,4636.6667,311.804,0.0
29386,2026,,,,,,,,4530.0,311.804,0.0
29401,2023,,,,,,,,25700.0,101.4906,34.6495
29401,2024,,,,,,,,25333.3333,103.4427,34.7988
29401,2025,,,,,,,,25000.0,89.33,34.7891
29401,2026,,,,,,,,24666.6667,89.33,34.7891
29402,2023,,,,,,,,46133.3333,0.0,97.4281
29402,2024,,,,,,,,45966.6667,0.0,96.2268
29402,2025,,,,,,,,45800.0,0.0,96.9895
29402,2026,,,,,,,,45633.3333,0.0,96.9895
29424,2023,65.0397,27.3455,35.543,30.193,14.8842,4.6198,887.0,49225.0,194.7992,97.2191
29424,2024,65.0397,27.3455,35.543,30.193,14.8842,4.6198,887.0,47850.0,197.0328,97.5523
29424,2025,65.0397,27.3455,35.543,30.193,14.8842,4.6198,887.0,46525.0,198.9885,97.3059
29424,2026,65.0397,27.3455,35.543,30.193,14.8842,4.6198,887.0,45375.0,198.9885,97.3059
29425,2023,63.4791,16.3077,36.234,31.0275,2.7723,4.1273,1125.0,60580.0,96.5621,97.1947
29425,2024,63.4791,16.3077,36.234,31.0275,2.7723,4.1273,1125.0,60320.0,97.242,97.3384
29425,2025,63.4791,16.3077,36.234,31.0275,2.7723,4.1273,1125.0,60100.0,97.9151,97.3833
29425,2026,63.4791,16.3077,36.234,31.0275,2.7723,4.1273,1125.0,59960.0,97.9151,97.3833
29426,2023,62.0401,17.4699,33.2054,40.8863,0.4042,4.941,825.0,51700.0,26.9244,98.2967
29426,2024,62.0401,17.4699,33.2054,40.8863,0.4042,4.941,825.0,54925.0,26.7357,98.2764
29426,2025,62.0401,17.4699,33.2054,40.8863,0.4042,4.941,825.0,54975.0,26.2707,98.2924
29426,2026,62.0401,17.4699,33.2054,40.8863,0.4042,4.941,825.0,55050.0,26.2707,98.2924
29427,2023,69.2182,29.202,34.981,30.1303,1.454,7.7886,1026.0,56900.0,81.4533,98.7225
29427,2024,69.2182,29.202,34.981,30.1303,1.454,7.7886,1026.0,55300.0,82.6495,98.7751
29427,2025,69.2182,29.202,34.981,30.1303,1.454,7.7886,1026.0,54025.0,83.6644,98.4651
29427,2026,69.2182,29.202,34.981,30.1303,1.454,7.7886,1026.0,53150.0,83.6644,98.4651
29441,2023,,,,,,,,16237.5,275.156,30.0272
29441,2024,,,,,,,,15687.5,286.6137,30.3347
29441,2025,,,,,,,,15140.0,296.5375,30.8536
29441,2026,,,,,,,,14620.0,296.5375,30.8536
29442,2023,56.4019,24.065,29.9242,32.8479,11.8671,8.5865,711.0,25066.6667,209.2712,89.6946
29442,2024,56.4019,24.065,29.9242,32.8479,11.8671,8.5865,711.0,24700.0,212.4234,89.6761
29442,2025,56.4019,24.065,29.9242,32.8479,11.8671,8.5865,711.0,24366.6667,216.4968,89.5866
29442,2026,56.4019,24.065,29.9242,32.8479,11.8671,8.5865,711.0,23866.6667,216.4968,89.5866
29443,2023,,,,,,,,16510.0,438.2638,29.5407
29443,2024,,,,,,,,15993.3333,441.7845,34.037
29443,2025,,,,,,,,15480.0,451.7594,35.5051
29443,2026,,,,,,,,14966.6667,451.7594,35.5051
29444,2023,,,,,,,,6250.0,717.7033,0.0
29444,2024,,,,,,,,6050.0,702.6144,0.0
29444,2025,,,,,,,,5863.3333,797.9626,0.0
29444,2026,,,,,,,,5683.3333,797.9626,0.0
29446,2023,,,,,,,,8806.6667,79.0514,39.6047
29446,2024,,,,,,,,8620.0,81.2348,39.2364
29446,2025,,,,,,,,8433.3333,83.7521,39.866
29446,2026,,,,,,,,8250.0,83.7521,39.866
29447,2023,,,,,,,,3296.6667,982.1429,0.0
29447,2024,,,,,,,,3193.3333,988.024,0.0
29447,2025,,,,,,,,3090.0,1024.8447,0.0
29447,2026,,,,,,,,2986.6667,1024.8447,0.0
29449,2023,,,,,,,,8656.6667,138.5135,0.0
29449,2024,,,,,,,,8413.3333,143.8596,0.0
29449,2025,,,,,,,,8180.0,148.7124,0.0
29449,2026,,,,,,,,7950.0,148.7124,0.0
29450,2023,,,,,,,,3960.0,932.5153,0.0
29450,2024,,,,,,,,3840.0,937.1147,0.0
29450,2025,,,,,,,,3710.0,954.7739,0.0
29450,2026,,,,,,,,3590.0,954.7739,0.0
29451,2023,,,,,,,,5426.6667,1365.6388,0.0
29451,2024,,,,,,,,5236.6667,1500.0,0.0
29451,2025,,,,,,,,5046.6667,1591.4489,0.0
29451,2026,,,,,,,,4870.0,1591.4489,0.0
29452,2023,,,,,,,,8633.3333,285.2615,0.0
29452,2024,,,,,,,,8386.6667,340.6326,0.0
29452,2025,,,,,,,,8143.3333,336.7003,0.0
29452,2026,,,,,,,,7906.6667,336.7003,0.0
29453,2023,,,,,,,,8623.3333,94.6372,0.0
29453,2024,,,,,,,,8413.3333,97.5293,0.0
29453,2025,,,,,,,,8220.0,100.1335,0.0
29453,2026,,,,,,,,8030.0,100.1335,0.0
30201,2023,57.64,25.7478,30.6059,24.6397,3.5603,9.0509,1062.0,73077.4194,171.2479,38.1272
30201,2024,57.64,25.7478,30.6059,24.6397,3.5603,9.0509,1062.0,73254.8387,174.1792,38.4959
30201,2025,57.64,25.7478,30.6059,24.6397,3.5603,9.0509,1062.0,73587.0968,175.6668,38.5107
30201,2026,57.64,25.7478,30.6059,24.6397,3.5603,9.0509,1062.0,73890.3226,175.6668,38.5107
30202,2023,65.8281,33.5793,30.4847,30.0996,3.9206,13.8499,786.0,40025.0,160.9267,0.0
30202,2024,65.8281,33.5793,30.4847,30.0996,3.9206,13.8499,786.0,42412.5,163.0688,0.0
30202,2025,65.8281,33.5793,30.4847,30.0996,3.9206,13.8499,786.0,42187.5,165.4048,0.0
30202,2026,65.8281,33.5793,30.4847,30.0996,3.9206,13.8499,786.0,42050.0,165.4048,0.0
30203,2023,61.242,26.1438,35.8434,26.8951,3.4889,11.7309,906.0,32400.0,142.4662,65.0684
30203,2024,61.242,26.1438,35.8434,26.8951,3.4889,11.7309,906.0,32250.0,139.8907,65.177
30203,2025,61.242,26.1438,35.8434,26.8951,3.4889,11.7309,906.0,32225.0,137.6038,66.885
30203,2026,61.242,26.1438,35.8434,26.8951,3.4889,11.7309,906.0,32187.5,137.6038,66.885
30204,2023,63.7631,37.2455,33.6077,24.158,1.9209,15.636,873.0,29850.0,138.0941,0.0
30204,2024,63.7631,37.2455,33.6077,24.158,1.9209,15.636,873.0,29350.0,140.741,0.0
30204,2025,63.7631,37.2455,33.6077,24.158,1.9209,15.636,873.0,29750.0,143.48,0.0
30204,2026,63.7631,37.2455,33.6077,24.158,1.9209,15.636,873.0,29500.0,143.48,0.0
30205,2023,49.6249,34.4639,26.2272,18.8639,2.7944,15.0913,942.0,24225.0,343.7798,7.5015
30205,2024,49.6249,34.4639,26.2272,18.8639,2.7944,15.0913,942.0,23850.0,351.9034,8.0176
30205,2025,49.6249,34.4639,26.2272,18.8639,2.7944,15.0913,942.0,23450.0,359.6849,8.7501
30205,2026,49.6249,34.4639,26.2272,18.8639,2.7944,15.0913,942.0,23100.0,359.6849,8.7501
30206,2023,52.3524,38.2849,26.6637,18.3517,5.0049,13.5432,867.0,35312.7273,190.9174,0.1334
30206,2024,52.3524,38.2849,26.6637,18.3517,5.0049,13.5432,867.0,35202.7273,194.0159,0.1242
30206,2025,52.3524,38.2849,26.6637,18.3517,5.0049,13.5432,867.0,35127.2727,196.3872,0.1292
30206,2026,52.3524,38.2849,26.6637,18.3517,5.0049,13.5432,867.0,35083.6364,196.3872,0.1292
30207,2023,56.0976,49.1349,30.6351,14.0454,10.6913,15.6886,858.0,36992.0,290.4472,0.0
30207,2024,56.0976,49.1349,30.6351,14.0454,10.6913,15.6886,858.0,36704.0,291.6493,0.0
30207,2025,56.0976,49.1349,30.6351,14.0454,10.6913,15.6886,858.0,36502.0,291.6118,0.0
30207,2026,56.0976,49.1349,30.6351,14.0454,10.6913,15.6886,858.0,36260.0,291.6118,0.0
30208,2023,60.3464,29.9586,29.8728,28.7734,4.3856,11.2432,786.0,21009.0909,61.6862,16.757
30208,2024,60.3464,29.9586,29.8728,28.7734,4.3856,11.2432,786.0,20418.1818,61.4321,17.3604
30208,2025,60.3464,29.9586,29.8728,28.7734,4.3856,11.2432,786.0,20327.2727,60.4209,17.6884
30208,2026,60.3464,29.9586,29.8728,28.7734,4.3856,11.2432,786.0,20236.3636,60.4209,17.6884
30209,2023,49.0142,15.1119,24.0275,30.1238,2.2036,5.5121,971.0,39783.3333,5.9024,55.1748
30209,2024,49.0142,15.1119,24.0275,30.1238,2.2036,5.5121,971.0,39750.0,5.9195,59.9327
30209,2025,49.0142,15.1119,24.0275,30.1238,2.2036,5.5121,971.0,39716.6667,5.9369,65.6586
30209,2026,49.0142,15.1119,24.0275,30.1238,2.2036,5.5121,971.0,39666.6667,5.9369,65.6586
30304,2023,,,,,,,,17600.0,212.3981,0.0
30304,2024,,,,,,,,17433.3333,217.3913,0.0
30304,2025,,,,,,,,17300.0,213.98,0.0
30304,2026,,,,,,,,17166.6667,213.98,0.0
30341,2023,72.2127,38.5274,28.9474,25.5575,8.0205,18.6615,721.0,21115.0,332.3908,40.5718
30341,2024,72.2127,38.5274,28.9474,25.5575,8.0205,18.6615,721.0,18935.0,337.92,41.5424
30341,2025,72.2127,38.5274,28.9474,25.5575,8.0205,18.6615,721.0,18830.0,345.1206,43.127
30341,2026,72.2127,38.5274,28.9474,25.5575,8.0205,18.6615,721.0,18700.0,345.1206,43.127
30343,2023,,,,,,,,18700.0,648.4375,68.0729
30343,2024,,,,,,,,18300.0,630.144,64.9949
30343,2025,,,,,,,,17966.6667,643.617,67.6862
30343,2026,,,,,,,,17666.6667,643.617,67.6862
30344,2023,,,,,,,,15950.0,885.798,76.9034
30344,2024,,,,,,,,15685.0,885.6502,76.719
30344,2025,,,,,,,,15575.0,909.7889,78.2342
30344,2026,,,,,,,,15410.0,909.7889,78.2342
30361,2023,,,,,,,,33233.3333,308.8077,0.0
30361,2024,,,,,,,,26566.6667,315.2412,0.0
30361,2025,,,,,,,,26266.6667,317.7709,0.0
30361,2026,,,,,,,,26033.3333,317.7709,0.0
30362,2023,,,,,,,,22633.3333,336.2858,2.0417
30362,2024,,,,,,,,22333.3333,342.246,2.1085
30362,2025,,,,,,,,22133.3333,343.5889,2.0772
30362,2026,,,,,,,,22000.0,343.5889,2.0772
30366,2023,62.83,40.2348,31.5854,25.5814,2.2798,17.6136,989.0,27883.3333,72.9301,54.6547
30366,2024,62.83,40.2348,31.5854,25.5814,2.2798,17.6136,989.0,27616.6667,73.5873,64.6742
30366,2025,62.83,40.2348,31.5854,25.5814,2.2798,17.6136,989.0,27450.0,74.9379,65.9413
30366,2026,62.83,40.2348,31.5854,25.5814,2.2798,17.6136,989.0,27383.3333,74.9379,65.9413
30381,2023,,,,,,,,19666.6667,108.6792,43.8491
30381,2024,,,,,,,,19333.3333,111.5933,43.3044
30381,2025,,,,,,,,18933.3333,113.852,43.3428
30381,2026,,,,,,,,18600.0,113.852,43.3428
30382,2023,,,,,,,,18800.0,0.0,0.0
30382,2024,,,,,,,,18700.0,0.0,0.0
30382,2025,,,,,,,,18633.3333,0.0,0.0
30382,2026,,,,,,,,18600.0,0.0,0.0
30383,2023,,,,,,,,19366.6667,151.4578,69.6138
30383,2024,,,,,,,,19066.6667,154.3508,72.1011
30383,2025,,,,,,,,18800.0,158.8878,71.7974
30383,2026,,,,,,,,18533.3333,158.8878,71.7974
30390,2023,,,,,,,,19900.0,149.084,0.0
30390,2024,,,,,,,,17200.0,149.5423,0.0
30390,2025,,,,,,,,17206.6667,151.912,0.0
30390,2026,,,,,,,,17180.0,151.912,0.0
30391,2023,,,,,,,,22450.0,170.1702,79.9633
30391,2024,,,,,,,,22300.0,172.5164,80.5898
30391,2025,,,,,,,,22200.0,176.2765,75.3908
30391,2026,,,,,,,,22050.0,176.2765,75.3908
30392,2023,,,,,,,,14400.0,232.906,0.0
30392,2024,,,,,,,,14200.0,236.905,0.0
30392,2025,,,,,,,,14017.5,243.2493,0.0
30392,2026,,,,,,,,13860.0,243.2493,0.0
30401,2023,58.0645,24.8036,29.5421,16.7964,0.9554,15.6851,1162.0,26025.0,164.6875,17.2018
30401,2024,58.0645,24.8036,29.5421,16.7964,0.9554,15.6851,1162.0,25825.0,166.1624,16.9486
30401,2025,58.0645,24.8036,29.5421,16.7964,0.9554,15.6851,1162.0,25725.0,168.582,16.7316
30401,2026,58.0645,24.8036,29.5421,16.7964,0.9554,15.6851,1162.0,25575.0,168.582,16.7316
30404,2023,56.7568,24.6689,25.8755,27.8219,2.2152,9.8649,1134.0,27033.3333,171.876,28.1049
30404,2024,56.7568,24.6689,25.8755,27.8219,2.2152,9.8649,1134.0,26933.3333,171.1196,28.8931
30404,2025,56.7568,24.6689,25.8755,27.8219,2.2152,9.8649,1134.0,26900.0,158.7706,28.7764
30404,2026,56.7568,24.6689,25.8755,27.8219,2.2152,9.8649,1134.0,26866.6667,158.7706,28.7764
30406,2023,,,,,,,,17900.0,694.1787,0.0
30406,2024,,,,,,,,15300.0,704.1863,0.0
30406,2025,,,,,,,,15200.0,731.7776,0.0
30406,2026,,,,,,,,15066.6667,731.7776,0.0
30421,2023,,,,,,,,21400.0,109.7179,0.7053
30421,2024,,,,,,,,21066.6667,111.7724,0.6532
30421,2025,,,,,,,,20800.0,107.6626,0.646
30421,2026,,,,,,,,20533.3333,107.6626,0.646
30422,2023,,,,,,,,17400.0,103.7703,45.3476
30422,2024,,,,,,,,17200.0,105.4852,45.4993
30422,2025,,,,,,,,17000.0,105.8574,44.1778
30422,2026,,,,,,,,16800.0,105.8574,44.1778
30424,2023,,,,,,,,10446.6667,269.8283,0.0
30424,2024,,,,,,,,12950.0,279.306,0.0
30424,2025,,,,,,,,12900.0,286.7072,0.0
30424,2026,,,,,,,,12700.0,286.7072,0.0
30427,2023,,,,,,,,8800.0,1039.604,0.0
30427,2024,,,,,,,,8500.0,1065.9898,0.0
30427,2025,,,,,,,,8200.0,1099.4764,0.0
30427,2026,,,,,,,,8000.0,1099.4764,0.0
30428,2023,,,,,,,,23833.3333,218.1448,3.826
30428,2024,,,,,,,,23866.6667,223.8232,3.9239
30428,2025,,,,,,,,23933.3333,229.819,4.0649
30428,2026,,,,,,,,23700.0,229.819,4.0649
31201,2023,55.8291,25.8869,30.7164,37.0025,4.5245,7.6991,1076.0,25985.8974,116.4409,80.3213
31201,2024,55.8291,25.8869,30.7164,37.0025,4.5245,7.6991,1076.0,25964.1026,117.7685,81.0224
31201,2025,55.8291,25.8869,30.7164,37.0025,4.5245,7.6991,1076.0,25957.6923,118.9633,81.2527
31201,2026,55.8291,25.8869,30.7164,37.0025,4.5245,7.6991,1076.0,26014.8718,118.9633,81.2527
31202,2023,53.466,26.0629,29.8804,35.2227,4.4463,7.7131,975.0,32182.3529,100.1102,73.0093
31202,2024,53.466,26.0629,29.8804,35.2227,4.4463,7.7131,975.0,32370.5882,99.9566,73.6482
31202,2025,53.466,26.0629,29.8804,35.2227,4.4463,7.7131,975.0,32564.7059,100.1,74.5169
31202,2026,53.466,26.0629,29.8804,35.2227,4.4463,7.7131,975.0,32847.0588,100.1,74.5169
31203,2023,60.3418,27.8822,32.763,33.5495,2.0103,9.1478,946.0,19790.9091,110.0758,79.6393
31203,2024,60.3418,27.8822,32.763,33.5495,2.0103,9.1478,946.0,19659.0909,109.4725,80.019
31203,2025,60.3418,27.8822,32.763,33.5495,2.0103,9.1478,946.0,19600.0,110.849,79.9327
31203,2026,60.3418,27.8822,32.763,33.5495,2.0103,9.1478,946.0,19545.4545,110.849,79.9327
31204,2023,59.9518,30.7692,32.7533,35.0201,5.1123,11.246,717.0,13133.3333,103.0772,85.0477
31204,2024,59.9518,30.7692,32.7533,35.0201,5.1123,11.246,717.0,12933.3333,97.2596,85.4845
31204,2025,59.9518,30.7692,32.7533,35.0201,5.1123,11.246,717.0,12733.3333,96.7076,87.7545
31204,2026,59.9518,30.7692,32.7533,35.0201,5.1123,11.246,717.0,12566.6667,96.7076,87.7545
31302,2023,,,,,,,,5200.0,208.1818,66.2364
31302,2024,,,,,,,,5150.0,215.537,66.8256
31302,2025,,,,,,,,5100.0,208.933,66.9886
31302,2026,,,,,,,,5050.0,208.933,66.9886
31325,2023,,,,,,,,6975.0,401.2672,81.239
31325,2024,,,,,,,,6850.0,412.1475,82.068
31325,2025,,,,,,,,6725.0,423.0625,82.1415
31325,2026,,,,,,,,6600.0,423.0625,82.1415
31328,2023,,,,,,,,12833.3333,59.19,47.6012
31328,2024,,,,,,,,12333.3333,60.732,47.8664
31328,2025,,,,,,,,11933.3333,62.0003,48.0992
31328,2026,,,,,,,,11566.6667,62.0003,48.0992
31329,2023,75.969,41.9291,37.9098,36.0465,1.1494,16.1189,739.0,11641.6667,120.3997,42.9839
31329,2024,75.969,41.9291,37.9098,36.0465,1.1494,16.1189,739.0,11625.0,123.1902,43.4341
31329,2025,75.969,41.9291,37.9098,36.0465,1.1494,16.1189,739.0,11625.0,125.2583,43.9695
31329,2026,75.969,41.9291,37.9098,36.0465,1.1494,16.1189,739.0,11625.0,125.2583,43.9695
31364,2023,,,,,,,,12916.6667,141.9845,68.9946
31364,2024,,,,,,,,12700.0,144.8787,69.6429
31364,2025,,,,,,,,12550.0,148.5833,69.3504
31364,2026,,,,,,,,12466.6667,148.5833,69.3504
31370,2023,71.1397,29.4118,32.5581,44.9541,12.2124,12.7219,981.0,14925.0,136.2398,86.7878
31370,2024,71.1397,29.4118,32.5581,44.9541,12.2124,12.7219,981.0,14850.0,135.3006,86.8862
31370,2025,71.1397,29.4118,32.5581,44.9541,12.2124,12.7219,981.0,14787.5,118.3797,87.3112
31370,2026,71.1397,29.4118,32.5581,44.9541,12.2124,12.7219,981.0,14756.25,118.3797,87.3112
31371,2023,60.6007,48.1416,38.4946,37.5661,0.8681,16.6898,866.0,12116.6667,293.2765,76.1485
31371,2024,60.6007,48.1416,38.4946,37.5661,0.8681,16.6898,866.0,11991.6667,298.1751,76.579
31371,2025,60.6007,48.1416,38.4946,37.5661,0.8681,16.6898,866.0,11833.3333,292.7015,76.5966
31371,2026,60.6007,48.1416,38.4946,37.5661,0.8681,16.6898,866.0,11675.0,292.7015,76.5966
31372,2023,,,,,,,,10408.3333,72.3739,96.3951
31372,2024,,,,,,,,10316.6667,73.2882,96.196
31372,2025,,,,,,,,10250.0,42.4719,96.1634
31372,2026,,,,,,,,10191.6667,42.4719,96.1634
31384,2023,,,,,,,,26500.0,63.9066,99.5554
31384,2024,,,,,,,,26800.0,63.5359,98.2873
31384,2025,,,,,,,,27000.0,63.6062,99.0874
31384,2026,,,,,,,,27500.0,63.6062,99.0874
31386,2023,73.262,49.4361,35.9023,40.107,5.3286,12.2159,387.0,6828.5714,150.7833,44.2885
31386,2024,73.262,49.4361,35.9023,40.107,5.3286,12.2159,387.0,6757.1429,151.5152,43.74
31386,2025,73.262,49.4361,35.9023,40.107,5.3286,12.2159,387.0,6685.7143,150.142,43.5885
31386,2026,73.262,49.4361,35.9023,40.107,5.3286,12.2159,387.0,6614.2857,150.142,43.5885
31389,2023,,,,,,,,10168.3333,166.2157,30.6243
31389,2024,,,,,,,,10015.0,167.4455,30.3057
31389,2025,,,,,,,,9861.6667,170.3139,30.7753
31389,2026,,,,,,,,9716.6667,170.3139,30.7753
31390,2023,,,,,,,,9880.0,14.3954,41.1516
31390,2024,,,,,,,,9810.0,14.5673,41.0702
31390,2025,,,,,,,,9740.0,14.7856,40.9759
31390,2026,,,,,,,,9670.0,14.7856,40.9759
31401,2023,,,,,,,,7325.0,185.8108,0.0
31401,2024,,,,,,,,7250.0,192.5963,0.0
31401,2025,,,,,,,,7175.0,199.2238,0.0
31401,2026,,,,,,,,7100.0,199.2238,0.0
31402,2023,,,,,,,,6800.0,192.375,47.9189
31402,2024,,,,,,,,6700.0,196.9365,47.7024
31402,2025,,,,,,,,6600.0,204.9336,48.0835
31402,2026,,,,,,,,6400.0,204.9336,48.0835
31403,2023,,,,,,,,3550.0,114.6351,54.146
31403,2024,,,,,,,,3500.0,119.0476,55.6746
31403,2025,,,,,,,,3450.0,169.4232,58.8947
31403,2026,,,,,,,,3400.0,169.4232,58.8947
32201,2023,59.4604,26.3844,30.6992,31.9541,5.0637,6.1847,1163.0,37278.0488,117.6691,84.9098
32201,2024,59.4604,26.3844,30.6992,31.9541,5.0637,6.1847,1163.0,37497.561,118.7628,85.222
32201,2025,59.4604,26.3844,30.6992,31.9541,5.0637,6.1847,1163.0,37789.0244,120.2184,85.9762
32201,2026,59.4604,26.3844,30.6992,31.9541,5.0637,6.1847,1163.0,38063.4146,120.2184,85.9762
32202,2023,66.5495,36.2836,35.3574,22.7792,6.7469,14.7573,982.0,20776.9231,210.3352,14.1177
32202,2024,66.5495,36.2836,35.3574,22.7792,6.7469,14.7573,982.0,20619.2308,214.3806,14.1954
32202,2025,66.5495,36.2836,35.3574,22.7792,6.7469,14.7573,982.0,20438.4615,154.1914,14.3281
32202,2026,66.5495,36.2836,35.3574,22.7792,6.7469,14.7573,982.0,20011.5385,154.1914,14.3281
32203,2023,64.8249,29.154,31.2725,39.7043,4.41,6.5744,1104.0,23600.0,81.7442,50.5376
32203,2024,64.8249,29.154,31.2725,39.7043,4.41,6.5744,1104.0,23674.0741,82.3257,51.057
32203,2025,64.8249,29.154,31.2725,39.7043,4.41,6.5744,1104.0,23764.8148,82.9237,52.5925
32203,2026,64.8249,29.154,31.2725,39.7043,4.41,6.5744,1104.0,23850.0,82.9237,52.5925
32204,2023,64.4647,35.2439,34.6498,25.4556,2.1886,13.5294,837.0,16788.1818,150.6031,8.7814
32204,2024,64.4647,35.2439,34.6498,25.4556,2.1886,13.5294,837.0,16230.9091,153.7476,9.5452
32204,2025,64.4647,35.2439,34.6498,25.4556,2.1886,13.5294,837.0,15591.8182,154.4689,10.2615
32204,2026,64.4647,35.2439,34.6498,25.4556,2.1886,13.5294,837.0,15036.3636,154.4689,10.2615
32205,2023,66.5113,43.1728,33.6158,28.9044,1.5957,22.6734,802.0,19866.6667,76.5874,30.0766
32205,2024,66.5113,43.1728,33.6158,28.9044,1.5957,22.6734,802.0,19466.6667,77.9624,32.3932
32205,2025,66.5113,43.1728,33.6158,28.9044,1.5957,22.6734,802.0,19111.1111,82.2875,33.6108
32205,2026,66.5113,43.1728,33.6158,28.9044,1.5957,22.6734,802.0,18755.5556,82.2875,33.6108
32206,2023,73.0337,42.0147,33.7877,34.3499,4.8666,11.4808,733.0,16330.0,136.0226,55.4972
32206,2024,73.0337,42.0147,33.7877,34.3499,4.8666,11.4808,733.0,16020.0,138.0561,56.3687
32206,2025,73.0337,42.0147,33.7877,34.3499,4.8666,11.4808,733.0,15670.0,118.1932,56.5818
32206,2026,73.0337,42.0147,33.7877,34.3499,4.8666,11.4808,733.0,15330.0,118.1932,56.5818
32207,2023,67.806,42.5028,32.8869,25.6891,3.7322,21.0895,861.0,16614.2857,173.9405,27.8937
32207,2024,67.806,42.5028,32.8869,25.6891,3.7322,21.0895,861.0,16300.0,181.1411,29.948
32207,2025,67.806,42.5028,32.8869,25.6891,3.7322,21.0895,861.0,15914.2857,162.2488,32.3366
32207,2026,67.806,42.5028,32.8869,25.6891,3.7322,21.0895,861.0,15471.4286,162.2488,32.3366
32209,2023,77.4086,41.3007,35.3949,38.1546,6.031,11.3388,638.0,13633.3333,238.6815,40.5227
32209,2024,77.4086,41.3007,35.3949,38.1546,6.031,11.3388,638.0,13580.0,218.6119,40.838
32209,2025,77.4086,41.3007,35.3949,38.1546,6.031,11.3388,638.0,13530.0,223.0872,43.107
32209,2026,77.4086,41.3007,35.3949,38.1546,6.031,11.3388,638.0,13476.6667,223.0872,43.107
32343,2023,,,,,,,,11780.0,186.5864,24.9699
32343,2024,,,,,,,,11640.0,191.3749,25.4961
32343,2025,,,,,,,,11500.0,204.0264,25.8915
32343,2026,,,,,,,,11360.0,204.0264,25.8915
32386,2023,,,,,,,,6031.6667,532.8947,47.7193
32386,2024,,,,,,,,5965.0,522.0884,46.4302
32386,2025,,,,,,,,5850.0,567.1642,47.1183
32386,2026,,,,,,,,5735.0,567.1642,47.1183
32441,2023,,,,,,,,8966.6667,935.6725,0.0
32441,2024,,,,,,,,8850.0,949.2419,0.0
32441,2025,,,,,,,,8750.0,938.9671,0.0
32441,2026,,,,,,,,9233.3333,938.9671,0.0
32448,2023,,,,,,,,5487.5,542.397,20.6537
32448,2024,,,,,,,,5412.5,561.1998,20.4644
32448,2025,,,,,,,,5320.0,570.1537,20.6247
32448,2026,,,,,,,,5197.5,570.1537,20.6247
32449,2023,,,,,,,,4300.0,421.6444,26.6439
32449,2024,,,,,,,,4250.0,432.5046,26.7105
32449,2025,,,,,,,,4221.4286,437.3085,26.7984
32449,2026,,,,,,,,4214.2857,437.3085,26.7984
32501,2023,,,,,,,,16016.6667,440.7429,44.7081
32501,2024,,,,,,,,15633.3333,521.039,47.3644
32501,2025,,,,,,,,15116.6667,579.0052,47.7797
32501,2026,,,,,,,,14616.6667,579.0052,47.7797
32505,2023,,,,,,,,8820.0,343.9972,42.3289
32505,2024,,,,,,,,8660.0,356.8305,41.7877
32505,2025,,,,,,,,8500.0,366.182,41.6442
32505,2026,,,,,,,,8360.0,366.182,41.6442
32525,2023,,,,,,,,6050.0,125.1117,62.7346
32525,2024,,,,,,,,6033.3333,103.8844,60.9304
32525,2025,,,,,,,,6000.0,86.0118,61.1136
32525,2026,,,,,,,,6000.0,86.0118,61.1136
32526,2023,,,,,,,,14233.3333,886.416,23.0622
32526,2024,,,,,,,,13966.6667,906.5934,23.3124
32526,2025,,,,,,,,13633.3333,925.8517,23.9279
32526,2026,,,,,,,,13433.3333,925.8517,23.9279
32527,2023,,,,,,,,3900.0,1154.4715,0.0
32527,2024,,,,,,,,3900.0,1199.3243,0.0
32527,2025,,,,,,,,3900.0,1306.6202,0.0
32527,2026,,,,,,,,3900.0,1306.6202,0.0
32528,2023,,,,,,,,11766.6667,197.0334,46.5648
32528,2024,,,,,,,,11616.6667,198.5465,47.6736
32528,2025,,,,,,,,11486.6667,200.9819,49.6625
32528,2026,,,,,,,,11356.6667,200.9819,49.6625
33100,2023,54.0736,20.593,28.201,29.8301,4.8196,5.9036,1260.0,58152.8571,78.673,68.6116
33100,2024,54.0736,20.593,28.201,29.8301,4.8196,5.9036,1260.0,59520.0,78.9356,68.9426
33100,2025,54.0736,20.593,28.201,29.8301,4.8196,5.9036,1260.0,61077.1429,79.2738,69.1002
33100,2026,54.0736,20.593,28.201,29.8301,4.8196,5.9036,1260.0,62785.7143,79.2738,69.1002
33202,2023,55.748,24.4392,27.5702,32.6679,3.4833,5.0566,1109.0,46968.0851,93.1982,81.7825
33202,2024,55.748,24.4392,27.5702,32.6679,3.4833,5.0566,1109.0,47617.0213,93.2521,81.8438
33202,2025,55.748,24.4392,27.5702,32.6679,3.4833,5.0566,1109.0,48348.9362,93.6939,82.5727
33202,2026,55.748,24.4392,27.5702,32.6679,3.4833,5.0566,1109.0,49123.4043,93.6939,82.5727
33203,2023,48.358,26.0029,26.2454,33.9261,1.8108,12.3174,947.0,21397.0588,101.3877,37.3096
33203,2024,48.358,26.0029,26.2454,33.9261,1.8108,12.3174,947.0,21277.6471,102.7888,37.9
33203,2025,48.358,26.0029,26.2454,33.9261,1.8108,12.3174,947.0,21199.4118,103.2306,38.4289
33203,2026,48.358,26.0029,26.2454,33.9261,1.8108,12.3174,947.0,21145.2941,103.2306,38.4289
33204,2023,61.8049,39.353,33.7684,28.9426,7.6519,11.6584,851.0,29306.25,157.9297,97.1411
33204,2024,61.8049,39.353,33.7684,28.9426,7.6519,11.6584,851.0,28910.0,160.1572,97.5194
33204,2025,61.8049,39.353,33.7684,28.9426,7.6519,11.6584,851.0,28600.0,161.0937,97.9254
33204,2026,61.8049,39.353,33.7684,28.9426,7.6519,11.6584,851.0,28312.5,161.0937,97.9254
33205,2023,59.578,40.2418,34.5467,29.6892,1.5804,17.6962,853.0,34250.0,193.0426,59.1602
33205,2024,59.578,40.2418,34.5467,29.6892,1.5804,17.6962,853.0,34166.6667,195.4303,59.4622
33205,2025,59.578,40.2418,34.5467,29.6892,1.5804,17.6962,853.0,34066.6667,198.0468,59.9023
33205,2026,59.578,40.2418,34.5467,29.6892,1.5804,17.6962,853.0,33983.3333,198.0468,59.9023
33207,2023,65.7703,39.7026,32.2232,33.3576,2.5623,13.8968,787.0,12908.5714,199.6637,56.2815
33207,2024,65.7703,39.7026,32.2232,33.3576,2.5623,13.8968,787.0,12737.1429,202.6955,57.827
33207,2025,65.7703,39.7026,32.2232,33.3576,2.5623,13.8968,787.0,12555.7143,206.7085,59.9182
33207,2026,65.7703,39.7026,32.2232,33.3576,2.5623,13.8968,787.0,12404.2857,206.7085,59.9182
33208,2023,58.1923,24.8621,27.557,35.7308,3.2139,6.4214,1040.0,37766.6667,55.1107,63.1347
33208,2024,58.1923,24.8621,27.557,35.7308,3.2139,6.4214,1040.0,38388.8889,48.6154,63.3721
33208,2025,58.1923,24.8621,27.557,35.7308,3.2139,6.4214,1040.0,39022.2222,48.1149,63.5806
33208,2026,58.1923,24.8621,27.557,35.7308,3.2139,6.4214,1040.0,39700.0,48.1149,63.5806
33209,2023,65.1646,41.4035,35.8722,26.0832,4.4992,19.8668,915.0,11130.9091,366.0036,43.7577
33209,2024,65.1646,41.4035,35.8722,26.0832,4.4992,19.8668,915.0,10923.6364,376.7544,43.5985
33209,2025,65.1646,41.4035,35.8722,26.0832,4.4992,19.8668,915.0,10738.1818,388.5473,43.8355
33209,2026,65.1646,41.4035,35.8722,26.0832,4.4992,19.8668,915.0,10554.5455,388.5473,43.8355
33210,2023,68.4866,47.053,36.9718,35.4067,2.8751,18.2381,930.0,8084.6154,113.4195,62.6009
33210,2024,68.4866,47.053,36.9718,35.4067,2.8751,18.2381,930.0,7953.0769,115.1667,62.9516
33210,2025,68.4866,47.053,36.9718,35.4067,2.8751,18.2381,930.0,7850.0,118.3546,63.2561
33210,2026,68.4866,47.053,36.9718,35.4067,2.8751,18.2381,930.0,7746.1538,118.3546,63.2561
33211,2023,65.5389,42.0301,38.0334,27.4803,1.0101,17.6856,771.0,16378.5714,130.0362,78.399
33211,2024,65.5389,42.0301,38.0334,27.4803,1.0101,17.6856,771.0,16100.0,132.756,79.106
33211,2025,65.5389,42.0301,38.0334,27.4803,1.0101,17.6856,771.0,15821.4286,135.3193,79.277
33211,2026,65.5389,42.0301,38.0334,27.4803,1.0101,17.6856,771.0,15571.4286,135.3193,79.277
33212,2023,65.1437,28.0451,33.9806,35.2985,6.5894,15.841,855.0,21438.5714,35.3183,35.7372
33212,2024,65.1437,28.0451,33.9806,35.2985,6.5894,15.841,855.0,21301.4286,35.358,36.1802
33212,2025,65.1437,28.0451,33.9806,35.2985,6.5894,15.841,855.0,21207.1429,35.6748,37.1239
33212,2026,65.1437,28.0451,33.9806,35.2985,6.5894,15.841,855.0,21170.0,35.6748,37.1239
33213,2023,67.7175,31.8269,37.4819,39.2182,0.8605,9.7648,717.0,13447.7778,65.2194,79.1044
33213,2024,67.7175,31.8269,37.4819,39.2182,0.8605,9.7648,717.0,13305.5556,65.6226,81.0788
33213,2025,67.7175,31.8269,37.4819,39.2182,0.8605,9.7648,717.0,13178.8889,64.4858,80.2824
33213,2026,67.7175,31.8269,37.4819,39.2182,0.8605,9.7648,717.0,13074.4444,64.4858,80.2824
33214,2023,70.8108,43.9189,34.5765,38.0405,2.0368,15.0388,856.0,8927.1429,147.2315,42.4952
33214,2024,70.8108,43.9189,34.5765,38.0405,2.0368,15.0388,856.0,8807.8571,148.7346,43.0275
33214,2025,70.8108,43.9189,34.5765,38.0405,2.0368,15.0388,856.0,8712.1429,152.0428,43.521
33214,2026,70.8108,43.9189,34.5765,38.0405,2.0368,15.0388,856.0,8630.7143,152.0428,43.521
33215,2023,60.5941,37.3637,30.3571,31.6832,2.7505,23.0769,940.0,5499.0,307.6628,85.6155
33215,2024,60.5941,37.3637,30.3571,31.6832,2.7505,23.0769,940.0,5347.0,313.8223,85.4255
33215,2025,60.5941,37.3637,30.3571,31.6832,2.7505,23.0769,940.0,5211.0,321.8677,85.5461
33215,2026,60.5941,37.3637,30.3571,31.6832,2.7505,23.0769,940.0,5095.0,321.8677,85.5461
33216,2023,70.0337,36.0743,34.0931,33.4175,5.1471,11.1501,792.0,25090.0,34.1501,78.2398
33216,2024,70.0337,36.0743,34.0931,33.4175,5.1471,11.1501,792.0,24965.0,34.5591,79.2282
33216,2025,70.0337,36.0743,34.0931,33.4175,5.1471,11.1501,792.0,24925.0,35.05,80.1783
33216,2026,70.0337,36.0743,34.0931,33.4175,5.1471,11.1501,792.0,24937.5,35.05,80.1783
33346,2023,,,,,,,,8955.0,156.4479,93.6825
33346,2024,,,,,,,,8845.0,159.6837,93.3541
33346,2025,,,,,,,,8762.5,145.2879,93.6446
33346,2026,,,,,,,,8682.5,145.2879,93.6446
33423,2023,,,,,,,,45700.0,55.3447,98.3318
33423,2024,,,,,,,,45900.0,54.8417,98.5114
33423,2025,,,,,,,,46300.0,54.9106,98.6194
33423,2026,,,,,,,,46900.0,54.9106,98.6194
33445,2023,,,,,,,,22050.0,15.3986,68.5688
33445,2024,,,,,,,,22050.0,15.4447,68.4928
33445,2025,,,,,,,,22050.0,15.6207,69.8429
33445,2026,,,,,,,,22100.0,15.6207,69.8429
33461,2023,,,,,,,,11800.0,188.2721,85.7345
33461,2024,,,,,,,,11700.0,189.1057,86.3859
33461,2025,,,,,,,,11600.0,191.5884,86.2301
33461,2026,,,,,,,,11500.0,191.5884,86.2301
33586,2023,,,,,,,,4195.0,401.4168,75.3247
33586,2024,,,,,,,,4120.0,420.6731,77.2837
33586,2025,,,,,,,,4045.0,416.1412,76.2926
33586,2026,,,,,,,,3975.0,416.1412,76.2926
33606,2023,,,,,,,,4901.4286,77.7992,66.0411
33606,2024,,,,,,,,4815.7143,77.4562,67.4032
33606,2025,,,,,,,,4728.5714,79.0547,67.6958
33606,2026,,,,,,,,4660.0,79.0547,67.6958
33622,2023,,,,,,,,8200.0,71.4875,91.6781
33622,2024,,,,,,,,8140.0,72.0022,91.7474
33622,2025,,,,,,,,8080.0,72.646,91.7202
33622,2026,,,,,,,,8030.0,72.646,91.7202
33623,2023,,,,,,,,6385.0,312.229,75.3166
33623,2024,,,,,,,,6295.0,313.8622,73.1997
33623,2025,,,,,,,,6190.0,319.1296,74.2339
33623,2026,,,,,,,,6100.0,319.1296,74.2339
33643,2023,,,,,,,,3900.0,365.4971,0.0
33643,2024,,,,,,,,3860.0,373.1343,0.0
33643,2025,,,,,,,,3820.0,330.5785,0.0
33643,2026,,,,,,,,3780.0,330.5785,0.0
33663,2023,,,,,,,,7395.0,251.2228,61.8942
33663,2024,,,,,,,,7345.0,256.4685,62.2787
33663,2025,,,,,,,,7295.0,263.4033,62.331
33663,2026,,,,,,,,7250.0,263.4033,62.331
33666,2023,,,,,,,,5674.2857,189.0788,43.4049
33666,2024,,,,,,,,5600.0,194.6283,48.9685
33666,2025,,,,,,,,5538.5714,199.3938,49.2423
33666,2026,,,,,,,,5477.1429,199.3938,49.2423
33681,2023,,,,,,,,3877.5,151.3277,15.5135
33681,2024,,,,,,,,3827.5,153.6677,16.3622
33681,2025,,,,,,,,3777.5,155.9588,17.2437
33681,2026,,,,,,,,3730.0,155.9588,17.2437
34100,2023,55.6998,20.1274,30.1657,27.1445,2.7311,3.5464,1369.0,110049.7403,122.4582,96.1498
34100,2024,55.6998,20.1274,30.1657,27.1445,2.7311,3.5464,1369.0,112802.5974,122.865,96.2607
34100,2025,55.6998,20.1274,30.1657,27.1445,2.7311,3.5464,1369.0,115999.4805,123.0718,96.2436
34100,2026,55.6998,20.1274,30.1657,27.1445,2.7311,3.5464,1369.0,119824.8052,123.0718,96.2436
34202,2023,63.7927,31.9651,33.4621,25.5646,6.3735,16.1314,1127.0,44110.7143,172.4805,88.151
34202,2024,63.7927,31.9651,33.4621,25.5646,6.3735,16.1314,1127.0,43825.0,175.7496,88.1387
34202,2025,63.7927,31.9651,33.4621,25.5646,6.3735,16.1314,1127.0,43530.3571,179.3363,88.3444
34202,2026,63.7927,31.9651,33.4621,25.5646,6.3735,16.1314,1127.0,43271.4286,179.3363,88.3444
34203,2023,66.631,36.7238,33.5196,28.6631,2.7027,19.6617,929.0,28100.0,287.8826,19.7151
34203,2024,66.631,36.7238,33.5196,28.6631,2.7027,19.6617,929.0,27650.0,291.3632,20.5082
34203,2025,66.631,36.7238,33.5196,28.6631,2.7027,19.6617,929.0,27200.0,293.9221,20.9248
34203,2026,66.631,36.7238,33.5196,28.6631,2.7027,19.6617,929.0,26750.0,293.9221,20.9248
34204,2023,63.7309,35.0952,34.0293,29.1108,3.2932,12.2581,911.0,29344.4444,152.8815,49.2754
34204,2024,63.7309,35.0952,34.0293,29.1108,3.2932,12.2581,911.0,28995.5556,154.094,49.7878
34204,2025,63.7309,35.0952,34.0293,29.1108,3.2932,12.2581,911.0,28671.1111,164.2262,50.5047
34204,2026,63.7309,35.0952,34.0293,29.1108,3.2932,12.2581,911.0,27932.2222,164.2262,50.5047
34205,2023,66.103,40.5687,32.3609,26.5502,3.345,15.1759,971.0,37694.1176,97.3025,16.0884
34205,2024,66.103,40.5687,32.3609,26.5502,3.345,15.1759,971.0,37576.4706,98.4227,17.0218
34205,2025,66.103,40.5687,32.3609,26.5502,3.345,15.1759,971.0,37629.4118,99.5285,17.3368
34205,2026,66.103,40.5687,32.3609,26.5502,3.345,15.1759,971.0,37742.3529,99.5285,17.3368
34207,2023,61.2056,27.2018,31.1878,31.9801,4.1593,7.0033,1127.0,44655.0,66.9873,76.0194
34207,2024,61.2056,27.2018,31.1878,31.9801,4.1593,7.0033,1127.0,45260.25,67.0243,76.0238
34207,2025,61.2056,27.2018,31.1878,31.9801,4.1593,7.0033,1127.0,46179.0,67.4024,76.6153
34207,2026,61.2056,27.2018,31.1878,31.9801,4.1593,7.0033,1127.0,47328.75,67.4024,76.6153
34208,2023,69.0936,41.1284,30.4592,36.4042,1.9481,12.5695,805.0,20440.0,97.3662,34.4146
34208,2024,69.0936,41.1284,30.4592,36.4042,1.9481,12.5695,805.0,20143.3333,97.9161,34.7226
34208,2025,69.0936,41.1284,30.4592,36.4042,1.9481,12.5695,805.0,19830.0,97.9917,35.5049
34208,2026,69.0936,41.1284,30.4592,36.4042,1.9481,12.5695,805.0,19516.6667,97.9917,35.5049
34209,2023,63.4937,37.8925,35.4254,35.6881,3.2435,14.444,1000.0,6611.25,221.3613,40.7369
34209,2024,63.4937,37.8925,35.4254,35.6881,3.2435,14.444,1000.0,6492.5,223.0971,41.56
34209,2025,63.4937,37.8925,35.4254,35.6881,3.2435,14.444,1000.0,6383.75,226.4947,42.6603
34209,2026,63.4937,37.8925,35.4254,35.6881,3.2435,14.444,1000.0,6273.75,226.4947,42.6603
34210,2023,66.847,44.5914,37.0672,43.9722,1.8293,20.0328,1049.0,4387.7778,255.9073,39.5139
34210,2024,66.847,44.5914,37.0672,43.9722,1.8293,20.0328,1049.0,4312.2222,261.2092,39.9313
34210,2025,66.847,44.5914,37.0672,43.9722,1.8293,20.0328,1049.0,4247.7778,265.7222,40.4417
34210,2026,66.847,44.5914,37.0672,43.9722,1.8293,20.0328,1049.0,4185.5556,265.7222,40.4417
34211,2023,66.1033,31.6492,36.0215,32.0188,4.3286,13.6176,951.0,50280.0,280.0798,95.4266
34211,2024,66.1033,31.6492,36.0215,32.0188,4.3286,13.6176,951.0,50940.0,274.2706,94.9458
34211,2025,66.1033,31.6492,36.0215,32.0188,4.3286,13.6176,951.0,51840.0,277.6792,95.1406
34211,2026,66.1033,31.6492,36.0215,32.0188,4.3286,13.6176,951.0,52820.0,277.6792,95.1406
34212,2023,54.1971,16.1338,28.1641,34.2636,2.1063,6.2969,1186.0,35807.7273,51.6934,46.5903
34212,2024,54.1971,16.1338,28.1641,34.2636,2.1063,6.2969,1186.0,36218.6364,51.6492,46.8192
34212,2025,54.1971,16.1338,28.1641,34.2636,2.1063,6.2969,1186.0,36670.0,50.8614,47.7453
34212,2026,54.1971,16.1338,28.1641,34.2636,2.1063,6.2969,1186.0,37222.2727,50.8614,47.7453
34213,2023,66.0798,20.2306,36.5604,33.6305,1.7215,8.1946,1113.0,72277.3333,86.1305,64.733
34213,2024,66.0798,20.2306,36.5604,33.6305,1.7215,8.1946,1113.0,73911.3333,86.2745,65.4109
34213,2025,66.0798,20.2306,36.5604,33.6305,1.7215,8.1946,1113.0,75732.6667,86.7034,66.6309
34213,2026,66.0798,20.2306,36.5604,33.6305,1.7215,8.1946,1113.0,78264.6667,86.7034,66.6309
34214,2023,59.8765,42.2907,32.8392,42.7394,2.2031,18.9189,623.0,7932.8571,184.2174,35.1681
34214,2024,59.8765,42.2907,32.8392,42.7394,2.2031,18.9189,623.0,7821.4286,186.7649,35.4402
34214,2025,59.8765,42.2907,32.8392,42.7394,2.2031,18.9189,623.0,7702.8571,190.8529,34.9449
34214,2026,59.8765,42.2907,32.8392,42.7394,2.2031,18.9189,623.0,7600.0,190.8529,34.9449
34215,2023,62.5821,46.8499,36.7486,20.0438,3.467,20.4082,783.0,15980.0,270.6493,59.9822
34215,2024,62.5821,46.8499,36.7486,20.0438,3.467,20.4082,783.0,15360.0,275.2905,59.6114
34215,2025,62.5821,46.8499,36.7486,20.0438,3.467,20.4082,783.0,14760.0,279.362,59.7922
34215,2026,62.5821,46.8499,36.7486,20.0438,3.467,20.4082,783.0,14202.0,279.362,59.7922
34302,2023,60.2784,18.5256,30.4029,26.6357,4.1382,4.2383,1363.0,162200.0,22.121,98.7427
34302,2024,60.2784,18.5256,30.4029,26.6357,4.1382,4.2383,1363.0,167600.0,21.8457,98.5601
34302,2025,60.2784,18.5256,30.4029,26.6357,4.1382,4.2383,1363.0,175200.0,22.084,98.9361
34302,2026,60.2784,18.5256,30.4029,26.6357,4.1382,4.2383,1363.0,185400.0,22.084,98.9361
34304,2023,56.597,22.7207,35.8612,22.9272,2.324,3.3919,1294.0,110200.0,53.5266,99.1808
34304,2024,56.597,22.7207,35.8612,22.9272,2.324,3.3919,1294.0,112600.0,53.1777,99.2445
34304,2025,56.597,22.7207,35.8612,22.9272,2.324,3.3919,1294.0,115166.6667,53.2295,99.1464
34304,2026,56.597,22.7207,35.8612,22.9272,2.324,3.3919,1294.0,118166.6667,53.2295,99.1464
34307,2023,68.7836,34.4121,36.445,35.4144,0.4197,7.9422,820.0,28625.0,43.8578,90.6451
34307,2024,68.7836,34.4121,36.445,35.4144,0.4197,7.9422,820.0,28675.0,39.5039,90.2812
34307,2025,68.7836,34.4121,36.445,35.4144,0.4197,7.9422,820.0,28825.0,38.7646,90.1512
34307,2026,68.7836,34.4121,36.445,35.4144,0.4197,7.9422,820.0,29125.0,38.7646,90.1512
34309,2023,,,,,,,,77550.0,244.5673,98.0061
34309,2024,,,,,,,,77200.0,247.6341,97.7524
34309,2025,,,,,,,,76850.0,251.2402,97.8237
34309,2026,,,,,,,,76800.0,251.2402,97.8237
34368,2023,,,,,,,,8416.6667,215.7895,41.6842
34368,2024,,,,,,,,8360.0,218.018,41.4955
34368,2025,,,,,,,,8303.3333,260.8534,41.1776
34368,2026,,,,,,,,8246.6667,260.8534,41.1776
34369,2023,68.6944,44.8071,39.1003,41.159,0.2878,20.5339,570.0,5310.0,212.9243,45.8131
34369,2024,68.6944,44.8071,39.1003,41.159,0.2878,20.5339,570.0,5245.0,216.7327,46.2887
34369,2025,68.6944,44.8071,39.1003,41.159,0.2878,20.5339,570.0,5192.5,219.4302,46.4048
34369,2026,68.6944,44.8071,39.1003,41.159,0.2878,20.5339,570.0,5140.0,219.4302,46.4048
34431,2023,,,,,,,,12800.0,344.6312,32.7115
34431,2024,,,,,,,,12500.0,350.3185,31.9919
34431,2025,,,,,,,,12175.0,356.9848,42.3514
34431,2026,,,,,,,,11887.5,356.9848,42.3514
34462,2023,74.5267,47.8411,42.1488,43.3735,0.6678,14.8704,816.0,4393.3333,202.4131,10.358
34462,2024,74.5267,47.8411,42.1488,43.3735,0.6678,14.8704,816.0,4283.3333,206.8594,11.8253
34462,2025,74.5267,47.8411,42.1488,43.3735,0.6678,14.8704,816.0,4183.3333,211.4471,12.2116
34462,2026,74.5267,47.8411,42.1488,43.3735,0.6678,14.8704,816.0,4120.0,211.4471,12.2116
34545,2023,,,,,,,,3425.0,270.3358,0.0
34545,2024,,,,,,,,3370.0,277.5703,0.0
34545,2025,,,,,,,,3312.5,284.5424,0.0
34545,2026,,,,,,,,3255.0,284.5424,0.0
35201,2023,57.3974,29.2251,32.8276,25.6933,4.176,10.926,990.0,29998.8372,277.923,79.2803
35201,2024,57.3974,29.2251,32.8276,25.6933,4.176,10.926,990.0,30245.3488,282.0243,80.0372
35201,2025,57.3974,29.2251,32.8276,25.6933,4.176,10.926,990.0,30533.0233,281.8973,80.8017
35201,2026,57.3974,29.2251,32.8276,25.6933,4.176,10.926,990.0,30834.6512,281.8973,80.8017
35202,2023,59.0439,26.5684,32.8291,28.8776,4.9399,8.6085,1067.0,23130.7692,230.9904,78.6147
35202,2024,59.0439,26.5684,32.8291,28.8776,4.9399,8.6085,1067.0,23341.5385,231.1085,78.9119
35202,2025,59.0439,26.5684,32.8291,28.8776,4.9399,8.6085,1067.0,23590.7692,228.6529,79.241
35202,2026,59.0439,26.5684,32.8291,28.8776,4.9399,8.6085,1067.0,23990.3846,228.6529,79.241
35203,2023,55.3938,21.6551,30.3969,32.1517,3.7143,7.0934,1074.0,26990.303,101.8569,68.7165
35203,2024,55.3938,21.6551,30.3969,32.1517,3.7143,7.0934,1074.0,27177.5758,102.4566,69.0363
35203,2025,55.3938,21.6551,30.3969,32.1517,3.7143,7.0934,1074.0,27436.3636,103.2896,70.0777
35203,2026,55.3938,21.6551,30.3969,32.1517,3.7143,7.0934,1074.0,27717.5758,103.2896,70.0777
35204,2023,64.1956,42.382,37.8227,22.6604,9.5897,18.35,810.0,11488.125,245.1642,46.057
35204,2024,64.1956,42.382,37.8227,22.6604,9.5897,18.35,810.0,11366.875,249.8302,46.3673
35204,2025,64.1956,42.382,37.8227,22.6604,9.5897,18.35,810.0,11291.875,256.2625,46.8526
35204,2026,64.1956,42.382,37.8227,22.6604,9.5897,18.35,810.0,11235.625,256.2625,46.8526
35206,2023,58.735,27.7093,31.6871,31.3631,3.0889,11.5772,978.0,25135.7143,177.3065,71.0455
35206,2024,58.735,27.7093,31.6871,31.3631,3.0889,11.5772,978.0,25307.1429,175.7867,71.2419
35206,2025,58.735,27.7093,31.6871,31.3631,3.0889,11.5772,978.0,25542.8571,176.9427,71.7882
35206,2026,58.735,27.7093,31.6871,31.3631,3.0889,11.5772,978.0,25807.1429,176.9427,71.7882
35207,2023,59.8337,21.4821,28.3914,36.5225,3.8772,6.7082,1190.0,42610.0,88.0602,89.9545
35207,2024,59.8337,21.4821,28.3914,36.5225,3.8772,6.7082,1190.0,43030.0,79.3093,90.2965
35207,2025,59.8337,21.4821,28.3914,36.5225,3.8772,6.7082,1190.0,43510.0,79.6299,90.7693
35207,2026,59.8337,21.4821,28.3914,36.5225,3.8772,6.7082,1190.0,44020.0,79.6299,90.7693
35208,2023,59.0274,31.1736,31.9745,30.8925,5.6918,12.5734,992.0,32713.5294,178.4479,36.4928
35208,2024,59.0274,31.1736,31.9745,30.8925,5.6918,12.5734,992.0,33043.5294,182.7903,37.0943
35208,2025,59.0274,31.1736,31.9745,30.8925,5.6918,12.5734,992.0,33400.8824,182.7917,38.0507
35208,2026,59.0274,31.1736,31.9745,30.8925,5.6918,12.5734,992.0,33759.1176,182.7917,38.0507
35210,2023,61.1354,29.932,31.8153,31.9262,4.9575,8.1907,929.0,25570.0,235.7413,81.4824
35210,2024,61.1354,29.932,31.8153,31.9262,4.9575,8.1907,929.0,25485.4545,237.4422,81.5778
35210,2025,61.1354,29.932,31.8153,31.9262,4.9575,8.1907,929.0,25500.9091,240.3416,81.764
35210,2026,61.1354,29.932,31.8153,31.9262,4.9575,8.1907,929.0,25534.5455,240.3416,81.764
35211,2023,64.3223,40.5128,36.372,25.2747,2.8139,17.3646,782.0,11181.8182,162.0136,50.0821
35211,2024,64.3223,40.5128,36.372,25.2747,2.8139,17.3646,782.0,11086.3636,165.912,50.6339
35211,2025,64.3223,40.5128,36.372,25.2747,2.8139,17.3646,782.0,11050.0,169.8282,51.3623
35211,2026,64.3223,40.5128,36.372,25.2747,2.8139,17.3646,782.0,11013.6364,169.8282,51.3623
35212,2023,66.5094,36.6798,30.4258,27.4371,5.8914,18.9038,833.0,27314.2857,302.9701,32.5254
35212,2024,66.5094,36.6798,30.4258,27.4371,5.8914,18.9038,833.0,27142.8571,307.5835,32.7999
35212,2025,66.5094,36.6798,30.4258,27.4371,5.8914,18.9038,833.0,27000.0,310.2658,32.997
35212,2026,66.5094,36.6798,30.4258,27.4371,5.8914,18.9038,833.0,26857.1429,310.2658,32.997
35213,2023,65.011,41.6854,35.1316,24.7514,10.226,14.9518,601.0,5917.0,368.1314,36.4567
35213,2024,65.011,41.6854,35.1316,24.7514,10.226,14.9518,601.0,5807.0,377.6308,36.7899
35213,2025,65.011,41.6854,35.1316,24.7514,10.226,14.9518,601.0,5719.0,385.7368,36.8625
35213,2026,65.011,41.6854,35.1316,24.7514,10.226,14.9518,601.0,5641.0,385.7368,36.8625
35215,2023,60.9821,26.6886,29.9032,33.4439,4.57,8.6934,1040.0,35732.3077,266.4659,87.9938
35215,2024,60.9821,26.6886,29.9032,33.4439,4.57,8.6934,1040.0,36133.8462,270.2326,88.0554
35215,2025,60.9821,26.6886,29.9032,33.4439,4.57,8.6934,1040.0,36576.1538,260.7379,88.9173
35215,2026,60.9821,26.6886,29.9032,33.4439,4.57,8.6934,1040.0,37041.9231,260.7379,88.9173
35216,2023,60.3306,27.9933,33.468,27.438,7.8447,10.112,1060.0,19300.0,239.6652,58.7205
35216,2024,60.3306,27.9933,33.468,27.438,7.8447,10.112,1060.0,19322.2222,239.6609,59.7437
35216,2025,60.3306,27.9933,33.468,27.438,7.8447,10.112,1060.0,19344.4444,241.8848,60.2028
35216,2026,60.3306,27.9933,33.468,27.438,7.8447,10.112,1060.0,19388.8889,241.8848,60.2028
35305,2023,,,,,,,,13105.5556,476.788,23.6442
35305,2024,,,,,,,,12833.3333,495.0709,25.8761
35305,2025,,,,,,,,12561.1111,508.2367,28.8099
35305,2026,,,,,,,,12288.8889,508.2367,28.8099
35321,2023,,,,,,,,61333.3333,555.7415,98.1754
35321,2024,,,,,,,,61933.3333,520.3697,99.6919
35321,2025,,,,,,,,62600.0,533.8016,99.403
35321,2026,,,,,,,,63266.6667,533.8016,99.403
35341,2023,,,,,,,,12350.0,665.272,0.0
35341,2024,,,,,,,,11950.0,700.7492,0.0
35341,2025,,,,,,,,11556.6667,716.895,0.0
35341,2026,,,,,,,,11166.6667,716.895,0.0
35343,2023,,,,,,,,18600.0,182.8179,48.8041
35343,2024,,,,,,,,18425.0,191.0739,48.7657
35343,2025,,,,,,,,18300.0,195.254,49.0986
35343,2026,,,,,,,,18175.0,195.254,49.0986
35344,2023,,,,,,,,17715.0,173.1874,61.7552
35344,2024,,,,,,,,17580.0,145.9251,62.8946
35344,2025,,,,,,,,17445.0,147.9345,63.2304
35344,2026,,,,,,,,17312.5,147.9345,63.2304
35502,2023,,,,,,,,6276.6667,491.5365,0.0
35502,2024,,,,,,,,6200.0,498.679,0.0
35502,2025,,,,,,,,6123.3333,512.7334,0.0
35502,2026,,,,,,,,6046.6667,512.7334,0.0
36201,2023,53.1979,21.2432,28.1677,23.1851,4.7815,7.0713,1119.0,74457.1429,158.4484,30.7111
36201,2024,53.1979,21.2432,28.1677,23.1851,4.7815,7.0713,1119.0,74604.7619,157.5109,30.7851
36201,2025,53.1979,21.2432,28.1677,23.1851,4.7815,7.0713,1119.0,74790.4762,157.252,30.8434
36201,2026,53.1979,21.2432,28.1677,23.1851,4.7815,7.0713,1119.0,74976.1905,157.252,30.8434
36202,2023,57.7767,29.434,32.5739,22.7931,4.738,13.8546,884.0,34357.1429,149.2346,11.5734
36202,2024,57.7767,29.434,32.5739,22.7931,4.738,13.8546,884.0,34271.4286,147.3174,11.7299
36202,2025,57.7767,29.434,32.5739,22.7931,4.738,13.8546,884.0,34214.2857,148.009,11.9741
36202,2026,57.7767,29.434,32.5739,22.7931,4.738,13.8546,884.0,34157.1429,148.009,11.9741
36203,2023,60.7612,32.9004,36.1759,22.0761,6.5129,10.9391,889.0,28060.0,237.9228,0.0
36203,2024,60.7612,32.9004,36.1759,22.0761,6.5129,10.9391,889.0,27860.0,241.2907,0.0
36203,2025,60.7612,32.9004,36.1759,22.0761,6.5129,10.9391,889.0,27620.0,246.5033,0.0
36203,2026,60.7612,32.9004,36.1759,22.0761,6.5129,10.9391,889.0,27300.0,246.5033,0.0
36204,2023,58.2278,27.4472,28.6394,30.5715,4.9871,14.2491,988.0,27776.6667,204.42,3.4294
36204,2024,58.2278,27.4472,28.6394,30.5715,4.9871,14.2491,988.0,27720.0,205.0196,3.474
36204,2025,58.2278,27.4472,28.6394,30.5715,4.9871,14.2491,988.0,27645.8333,205.1629,3.4925
36204,2026,58.2278,27.4472,28.6394,30.5715,4.9871,14.2491,988.0,27588.3333,205.1629,3.4925
36205,2023,59.4306,30.1659,31.6754,25.9259,5.4258,13.4605,841.0,17243.3333,228.6993,52.0812
36205,2024,59.4306,30.1659,31.6754,25.9259,5.4258,13.4605,841.0,17081.6667,232.3272,52.4134
36205,2025,59.4306,30.1659,31.6754,25.9259,5.4258,13.4605,841.0,16903.3333,236.7006,53.0726
36205,2026,59.4306,30.1659,31.6754,25.9259,5.4258,13.4605,841.0,16725.0,236.7006,53.0726
36206,2023,59.2561,34.1717,28.7234,28.4602,2.2862,17.5944,770.0,11151.6667,285.4311,0.0
36206,2024,59.2561,34.1717,28.7234,28.4602,2.2862,17.5944,770.0,11001.6667,289.3049,0.0
36206,2025,59.2561,34.1717,28.7234,28.4602,2.2862,17.5944,770.0,10851.6667,292.5003,0.0
36206,2026,59.2561,34.1717,28.7234,28.4602,2.2862,17.5944,770.0,10701.6667,292.5003,0.0
36207,2023,55.8491,36.0874,30.8989,23.6792,5.5046,19.1689,695.0,13728.5714,407.9842,9.7463
36207,2024,55.8491,36.0874,30.8989,23.6792,5.5046,19.1689,695.0,13491.4286,417.0092,9.7003
36207,2025,55.8491,36.0874,30.8989,23.6792,5.5046,19.1689,695.0,13254.2857,422.6317,9.5758
36207,2026,55.8491,36.0874,30.8989,23.6792,5.5046,19.1689,695.0,13002.8571,422.6317,9.5758
36208,2023,60.6717,47.2973,28.6285,23.8353,2.0474,29.8,769.0,14272.0,453.8887,0.0
36208,2024,60.6717,47.2973,28.6285,23.8353,2.0474,29.8,769.0,13983.0,467.1712,0.0
36208,2025,60.6717,47.2973,28.6285,23.8353,2.0474,29.8,769.0,13705.0,480.5399,0.0
36208,2026,60.6717,47.2973,28.6285,23.8353,2.0474,29.8,769.0,13427.0,480.5399,0.0
36301,2023,,,,,,,,14250.0,147.1503,0.0
36301,2024,,,,,,,,14050.0,151.2569,0.0
36301,2025,,,,,,,,13850.0,155.3611,0.0
36301,2026,,,,,,,,13650.0,155.3611,0.0
36302,2023,,,,,,,,5585.0,791.8711,0.0
36302,2024,,,,,,,,5505.0,870.1854,0.0
36302,2025,,,,,,,,5400.0,964.8467,0.0
36302,2026,,,,,,,,5300.0,964.8467,0.0
36321,2023,,,,,,,,10470.0,55.2995,0.0
36321,2024,,,,,,,,10280.0,56.0486,0.0
36321,2025,,,,,,,,10095.0,56.9801,0.0
36321,2026,,,,,,,,9910.0,56.9801,0.0
36341,2023,65.2552,28.4783,32.1965,26.7101,3.9195,9.4357,940.0,29433.3333,102.8011,1.8687
36341,2024,65.2552,28.4783,32.1965,26.7101,3.9195,9.4357,940.0,29266.6667,102.9435,1.894
36341,2025,65.2552,28.4783,32.1965,26.7101,3.9195,9.4357,940.0,29100.0,102.9837,1.8236
36341,2026,65.2552,28.4783,32.1965,26.7101,3.9195,9.4357,940.0,28933.3333,102.9837,1.8236
36342,2023,,,,,,,,11600.0,445.7284,0.0
36342,2024,,,,,,,,11350.0,452.1666,0.0
36342,2025,,,,,,,,11100.0,462.2298,0.0
36342,2026,,,,,,,,10850.0,462.2298,0.0
36368,2023,,,,,,,,8036.25,449.9332,0.0
36368,2024,,,,,,,,7890.0,463.0393,0.0
36368,2025,,,,,,,,7750.0,477.3371,0.0
36368,2026,,,,,,,,7608.75,477.3371,0.0
36383,2023,,,,,,,,15350.0,403.466,0.0
36383,2024,,,,,,,,14950.0,411.1888,0.0
36383,2025,,,,,,,,14600.0,423.4813,0.0
36383,2026,,,,,,,,14200.0,423.4813,0.0
36387,2023,,,,,,,,14666.6667,306.3746,18.679
36387,2024,,,,,,,,14200.0,314.3485,19.3341
36387,2025,,,,,,,,13766.6667,325.6873,19.6288
36387,2026,,,,,,,,13333.3333,325.6873,19.6288
36388,2023,,,,,,,,12401.6667,167.727,33.0711
36388,2024,,,,,,,,12045.0,172.578,32.6113
36388,2025,,,,,,,,11691.6667,176.8508,34.9799
36388,2026,,,,,,,,11356.6667,176.8508,34.9799
36401,2023,,,,,,,,33666.6667,206.4797,33.4782
36401,2024,,,,,,,,33300.0,208.7052,34.3608
36401,2025,,,,,,,,32966.6667,211.7581,34.759
36401,2026,,,,,,,,32633.3333,211.7581,34.759
36402,2023,60.8649,17.6982,31.5217,33.3333,5.567,7.2257,1066.0,49733.3333,0.0,17.4557
36402,2024,60.8649,17.6982,31.5217,33.3333,5.567,7.2257,1066.0,49700.0,0.0,18.1123
36402,2025,60.8649,17.6982,31.5217,33.3333,5.567,7.2257,1066.0,49733.3333,0.0,18.3304
36402,2026,60.8649,17.6982,31.5217,33.3333,5.567,7.2257,1066.0,49700.0,0.0,18.3304
36403,2023,54.1364,18.4191,30.5359,30.479,1.1096,5.0122,1049.0,46450.0,150.9317,12.4849
36403,2024,54.1364,18.4191,30.5359,30.479,1.1096,5.0122,1049.0,46350.0,151.6392,12.8004
36403,2025,54.1364,18.4191,30.5359,30.479,1.1096,5.0122,1049.0,46350.0,152.0385,12.786
36403,2026,54.1364,18.4191,30.5359,30.479,1.1096,5.0122,1049.0,46350.0,152.0385,12.786
36404,2023,,,,,,,,15850.0,446.3532,37.2805
36404,2024,,,,,,,,15800.0,449.525,37.5531
36404,2025,,,,,,,,15800.0,454.2616,37.5195
36404,2026,,,,,,,,15800.0,454.2616,37.5195
36405,2023,,,,,,,,13350.0,361.6873,0.0
36405,2024,,,,,,,,13250.0,351.2653,0.0
36405,2025,,,,,,,,13150.0,346.4991,0.0
36405,2026,,,,,,,,13050.0,346.4991,0.0
36468,2023,,,,,,,,11517.5,525.7823,25.0475
36468,2024,,,,,,,,11307.5,544.4765,25.2952
36468,2025,,,,,,,,11140.0,561.4177,25.5547
36468,2026,,,,,,,,10927.5,561.4177,25.5547
36489,2023,,,,,,,,19600.0,223.0701,21.0522
36489,2024,,,,,,,,19266.6667,226.7811,21.298
36489,2025,,,,,,,,18966.6667,228.7012,21.2722
36489,2026,,,,,,,,18666.6667,228.7012,21.2722
37201,2023,53.8616,21.8921,26.6879,26.144,3.5437,7.4391,1116.0,48632.6531,94.6206,63.883
37201,2024,53.8616,21.8921,26.6879,26.144,3.5437,7.4391,1116.0,48971.4286,95.2258,64.1313
37201,2025,53.8616,21.8921,26.6879,26.144,3.5437,7.4391,1116.0,49469.3878,95.5083,64.286
37201,2026,53.8616,21.8921,26.6879,26.144,3.5437,7.4391,1116.0,50059.1837,95.5083,64.286
37202,2023,57.8765,22.51,27.267,29.424,1.8222,8.1898,1001.0,33718.1818,113.7352,43.4963
37202,2024,57.8765,22.51,27.267,29.424,1.8222,8.1898,1001.0,33609.0909,114.0329,43.4422
37202,2025,57.8765,22.51,27.267,29.424,1.8222,8.1898,1001.0,33545.4545,112.0908,43.5891
37202,2026,57.8765,22.51,27.267,29.424,1.8222,8.1898,1001.0,33518.1818,112.0908,43.5891
37203,2023,61.8583,31.4554,30.9638,27.7863,3.6819,11.4481,839.0,25020.0,164.1436,27.9987
37203,2024,61.8583,31.4554,30.9638,27.7863,3.6819,11.4481,839.0,24800.0,162.6646,28.8427
37203,2025,61.8583,31.4554,30.9638,27.7863,3.6819,11.4481,839.0,24600.0,162.1785,29.4362
37203,2026,61.8583,31.4554,30.9638,27.7863,3.6819,11.4481,839.0,24400.0,162.1785,29.4362
37204,2023,61.0032,28.2697,30.5785,25.1618,2.5059,9.4578,1029.0,21550.0,169.4805,58.8684
37204,2024,61.0032,28.2697,30.5785,25.1618,2.5059,9.4578,1029.0,21400.0,164.8098,58.8206
37204,2025,61.0032,28.2697,30.5785,25.1618,2.5059,9.4578,1029.0,21250.0,163.5944,58.904
37204,2026,61.0032,28.2697,30.5785,25.1618,2.5059,9.4578,1029.0,21125.0,163.5944,58.904
37205,2023,57.0899,30.4022,25.8232,33.0399,2.7305,9.7278,994.0,20633.3333,135.959,19.8465
37205,2024,57.0899,30.4022,25.8232,33.0399,2.7305,9.7278,994.0,20383.3333,137.548,19.8542
37205,2025,57.0899,30.4022,25.8232,33.0399,2.7305,9.7278,994.0,20183.3333,139.2807,20.005
37205,2026,57.0899,30.4022,25.8232,33.0399,2.7305,9.7278,994.0,20016.6667,139.2807,20.005
37206,2023,61.4759,29.1373,34.4549,24.7289,2.0483,11.743,807.0,23016.6667,157.5662,47.2415
37206,2024,61.4759,29.1373,34.4549,24.7289,2.0483,11.743,807.0,22800.0,159.6169,46.9074
37206,2025,61.4759,29.1373,34.4549,24.7289,2.0483,11.743,807.0,22583.3333,161.9013,47.6684
37206,2026,61.4759,29.1373,34.4549,24.7289,2.0483,11.743,807.0,22383.3333,161.9013,47.6684
37207,2023,63.388,40.7758,32.7852,25.0455,3.7567,16.3649,624.0,19066.6667,152.2914,14.8081
37207,2024,63.388,40.7758,32.7852,25.0455,3.7567,16.3649,624.0,18700.0,151.9713,14.6452
37207,2025,63.388,40.7758,32.7852,25.0455,3.7567,16.3649,624.0,18333.3333,153.1825,15.6546
37207,2026,63.388,40.7758,32.7852,25.0455,3.7567,16.3649,624.0,18000.0,153.1825,15.6546
37208,2023,60.9645,34.4576,28.4908,29.286,4.275,10.4276,820.0,16063.6364,89.9483,0.0
37208,2024,60.9645,34.4576,28.4908,29.286,4.275,10.4276,820.0,15863.6364,90.8691,0.0
37208,2025,60.9645,34.4576,28.4908,29.286,4.275,10.4276,820.0,15709.0909,92.2619,0.0
37208,2026,60.9645,34.4576,28.4908,29.286,4.275,10.4276,820.0,15547.2727,92.2619,0.0
37322,2023,,,,,,,,22300.0,176.9231,0.0
37322,2024,,,,,,,,22000.0,180.5338,0.0
37322,2025,,,,,,,,21600.0,185.7235,0.0
37322,2026,,,,,,,,21250.0,185.7235,0.0
37324,2023,,,,,,,,15544.0,477.3796,0.0
37324,2024,,,,,,,,15282.0,484.3668,0.0
37324,2025,,,,,,,,15040.0,497.0514,0.0
37324,2026,,,,,,,,14826.0,497.0514,0.0
37341,2023,59.6408,22.8846,26.4637,31.1909,3.2817,9.8155,820.0,25650.0,69.2054,28.3449
37341,2024,59.6408,22.8846,26.4637,31.1909,3.2817,9.8155,820.0,25550.0,68.2758,28.8936
37341,2025,59.6408,22.8846,26.4637,31.1909,3.2817,9.8155,820.0,25500.0,67.3438,29.3783
37341,2026,59.6408,22.8846,26.4637,31.1909,3.2817,9.8155,820.0,25450.0,67.3438,29.3783
37364,2023,,,,,,,,19066.6667,301.7972,93.4215
37364,2024,,,,,,,,19266.6667,305.6027,92.1562
37364,2025,,,,,,,,19733.3333,293.5083,93.4047
37364,2026,,,,,,,,20200.0,293.5083,93.4047
37386,2023,54.2759,15.5193,26.087,21.2984,4.4743,5.2438,1075.0,34133.3333,121.9777,87.5312
37386,2024,54.2759,15.5193,26.087,21.2984,4.4743,5.2438,1075.0,34133.3333,120.8345,86.9575
37386,2025,54.2759,15.5193,26.087,21.2984,4.4743,5.2438,1075.0,34200.0,113.6302,86.9762
37386,2026,54.2759,15.5193,26.087,21.2984,4.4743,5.2438,1075.0,34300.0,113.6302,86.9762
37387,2023,64.6154,27.5534,32.5,32.2695,1.7462,11.0568,796.0,16075.0,96.2855,39.1946
37387,2024,64.6154,27.5534,32.5,32.2695,1.7462,11.0568,796.0,15950.0,95.3038,39.1996
37387,2025,64.6154,27.5534,32.5,32.2695,1.7462,11.0568,796.0,15825.0,96.4813,39.2779
37387,2026,64.6154,27.5534,32.5,32.2695,1.7462,11.0568,796.0,15700.0,96.4813,39.2779
37403,2023,,,,,,,,18950.0,158.8807,46.858
37403,2024,,,,,,,,18700.0,161.5626,46.6723
37403,2025,,,,,,,,18450.0,164.6192,46.7322
37403,2026,,,,,,,,18200.0,164.6192,46.7322
37404,2023,66.3185,28.3837,28.7854,28.329,13.0268,10.609,919.0,28200.0,147.7899,59.6131
37404,2024,66.3185,28.3837,28.7854,28.329,13.0268,10.609,919.0,28050.0,129.1287,58.5202
37404,2025,66.3185,28.3837,28.7854,28.329,13.0268,10.609,919.0,27900.0,129.7391,59.7625
37404,2026,66.3185,28.3837,28.7854,28.329,13.0268,10.609,919.0,27800.0,129.7391,59.7625
37406,2023,70.6557,38.4106,26.9702,33.2787,2.5682,14.6982,775.0,11654.0,37.4787,15.1902
37406,2024,70.6557,38.4106,26.9702,33.2787,2.5682,14.6982,775.0,11532.0,38.0403,15.3487
37406,2025,70.6557,38.4106,26.9702,33.2787,2.5682,14.6982,775.0,11410.0,38.5604,15.3774
37406,2026,70.6557,38.4106,26.9702,33.2787,2.5682,14.6982,775.0,11308.0,38.5604,15.3774
38201,2023,48.5919,20.3908,24.1581,25.5214,4.2173,6.736,1043.0,78116.3636,87.6822,65.5308
38201,2024,48.5919,20.3908,24.1581,25.5214,4.2173,6.736,1043.0,78145.4545,86.7799,66.0615
38201,2025,48.5919,20.3908,24.1581,25.5214,4.2173,6.736,1043.0,78247.2727,88.5706,72.4104
38201,2026,48.5919,20.3908,24.1581,25.5214,4.2173,6.736,1043.0,78434.5455,88.5706,72.4104
38202,2023,61.1457,33.1948,29.3362,23.5679,4.2023,16.8812,960.0,24458.3333,180.0037,64.3218
38202,2024,61.1457,33.1948,29.3362,23.5679,4.2023,16.8812,960.0,24051.1905,179.5899,65.4732
38202,2025,61.1457,33.1948,29.3362,23.5679,4.2023,16.8812,960.0,23759.5238,181.6495,65.6186
38202,2026,61.1457,33.1948,29.3362,23.5679,4.2023,16.8812,960.0,23545.9524,181.6495,65.6186
38203,2023,58.0204,32.1015,33.0766,19.5225,6.6187,19.4239,886.0,29837.5,201.6595,22.4896
38203,2024,58.0204,32.1015,33.0766,19.5225,6.6187,19.4239,886.0,29312.5,205.8759,22.521
38203,2025,58.0204,32.1015,33.0766,19.5225,6.6187,19.4239,886.0,28853.75,213.0455,22.5915
38203,2026,58.0204,32.1015,33.0766,19.5225,6.6187,19.4239,886.0,28401.875,213.0455,22.5915
38204,2023,65.5042,39.7436,36.7261,26.1364,4.4162,15.6406,686.0,39300.0,382.5137,74.8762
38204,2024,65.5042,39.7436,36.7261,26.1364,4.4162,15.6406,686.0,41300.0,389.4076,74.8007
38204,2025,65.5042,39.7436,36.7261,26.1364,4.4162,15.6406,686.0,40800.0,398.7475,74.8926
38204,2026,65.5042,39.7436,36.7261,26.1364,4.4162,15.6406,686.0,40437.5,398.7475,74.8926
38205,2023,58.1177,27.3599,29.0788,26.141,5.3225,14.5053,964.0,31370.5882,178.7294,64.3989
38205,2024,58.1177,27.3599,29.0788,26.141,5.3225,14.5053,964.0,31014.7059,180.6785,65.217
38205,2025,58.1177,27.3599,29.0788,26.141,5.3225,14.5053,964.0,30759.4118,190.1991,65.4998
38205,2026,58.1177,27.3599,29.0788,26.141,5.3225,14.5053,964.0,30551.7647,190.1991,65.4998
38206,2023,61.9985,27.8701,29.5247,26.0457,6.2617,14.6498,851.0,28813.6364,157.8359,61.0684
38206,2024,61.9985,27.8701,29.5247,26.0457,6.2617,14.6498,851.0,28409.0909,159.5612,62.1025
38206,2025,61.9985,27.8701,29.5247,26.0457,6.2617,14.6498,851.0,28131.8182,157.5237,62.7474
38206,2026,61.9985,27.8701,29.5247,26.0457,6.2617,14.6498,851.0,27954.5455,157.5237,62.7474
38207,2023,59.6481,40.5678,32.6159,26.2902,8.7087,17.0312,828.0,23395.4545,267.1267,20.4263
38207,2024,59.6481,40.5678,32.6159,26.2902,8.7087,17.0312,828.0,23034.5455,271.9041,21.6971
38207,2025,59.6481,40.5678,32.6159,26.2902,8.7087,17.0312,828.0,22776.3636,277.4078,20.8607
38207,2026,59.6481,40.5678,32.6159,26.2902,8.7087,17.0312,828.0,22511.8182,277.4078,20.8607
38210,2023,62.6056,33.6238,30.8094,29.9296,1.8169,11.9508,774.0,24344.0,178.1874,52.4675
38210,2024,62.6056,33.6238,30.8094,29.9296,1.8169,11.9508,774.0,24132.0,179.0641,52.8014
38210,2025,62.6056,33.6238,30.8094,29.9296,1.8169,11.9508,774.0,23961.0,181.3891,53.2425
38210,2026,62.6056,33.6238,30.8094,29.9296,1.8169,11.9508,774.0,23882.0,181.3891,53.2425
38213,2023,55.858,26.0977,29.6247,27.1302,5.3052,9.3988,907.0,34080.625,295.3516,63.7763
38213,2024,55.858,26.0977,29.6247,27.1302,5.3052,9.3988,907.0,33846.25,299.6277,63.8561
38213,2025,55.858,26.0977,29.6247,27.1302,5.3052,9.3988,907.0,33700.0,304.2055,64.1635
38213,2026,55.858,26.0977,29.6247,27.1302,5.3052,9.3988,907.0,33606.25,304.2055,64.1635
38214,2023,65.3683,37.5,33.1131,28.2578,2.6971,24.6542,764.0,13985.0,269.9251,30.0182
38214,2024,65.3683,37.5,33.1131,28.2578,2.6971,24.6542,764.0,13728.75,273.6117,30.3781
38214,2025,65.3683,37.5,33.1131,28.2578,2.6971,24.6542,764.0,13498.125,282.6132,30.5359
38214,2026,65.3683,37.5,33.1131,28.2578,2.6971,24.6542,764.0,13270.0,282.6132,30.5359
38215,2023,64.5923,24.3421,35.6092,28.3059,1.4768,6.528,980.0,38775.0,90.5263,72.0391
38215,2024,64.5923,24.3421,35.6092,28.3059,1.4768,6.528,980.0,38475.0,90.7912,72.8833
38215,2025,64.5923,24.3421,35.6092,28.3059,1.4768,6.528,980.0,38325.0,91.3256,72.9543
38215,2026,64.5923,24.3421,35.6092,28.3059,1.4768,6.528,980.0,38187.5,91.3256,72.9543
38356,2023,,,,,,,,9992.8571,520.452,75.2029
38356,2024,,,,,,,,9750.0,529.1262,74.5146
38356,2025,,,,,,,,9514.2857,537.387,74.2317
38356,2026,,,,,,,,9321.4286,537.387,74.2317
38386,2023,,,,,,,,5901.25,628.0323,39.2318
38386,2024,,,,,,,,5802.5,652.2043,39.6501
38386,2025,,,,,,,,5708.75,666.2796,40.1945
38386,2026,,,,,,,,5616.25,666.2796,40.1945
38401,2023,56.8384,32.0327,29.9459,27.7728,5.8528,5.6738,826.0,62933.3333,131.4056,34.9592
38401,2024,56.8384,32.0327,29.9459,27.7728,5.8528,5.6738,826.0,62900.0,131.1982,35.3709
38401,2025,56.8384,32.0327,29.9459,27.7728,5.8528,5.6738,826.0,62900.0,132.1411,37.1552
38401,2026,56.8384,32.0327,29.9459,27.7728,5.8528,5.6738,826.0,63466.6667,132.1411,37.1552
38402,2023,64.5238,27.3399,38.2582,27.8903,0.2361,9.1371,919.0,30560.0,69.7221,35.0902
38402,2024,64.5238,27.3399,38.2582,27.8903,0.2361,9.1371,919.0,30091.4286,70.184,36.5791
38402,2025,64.5238,27.3399,38.2582,27.8903,0.2361,9.1371,919.0,29812.8571,62.4071,37.2907
38402,2026,64.5238,27.3399,38.2582,27.8903,0.2361,9.1371,919.0,29637.1429,62.4071,37.2907
38422,2023,67.2598,32.1495,31.5895,36.6548,2.773,15.522,735.0,16760.0,207.0622,31.2605
38422,2024,67.2598,32.1495,31.5895,36.6548,2.773,15.522,735.0,16573.75,211.5244,31.6027
38422,2025,67.2598,32.1495,31.5895,36.6548,2.773,15.522,735.0,16400.0,216.8888,31.7718
38422,2026,67.2598,32.1495,31.5895,36.6548,2.773,15.522,735.0,16227.5,216.8888,31.7718
38442,2023,,,,,,,,15515.0,452.6504,41.7153
38442,2024,,,,,,,,15316.0,471.3471,41.8383
38442,2025,,,,,,,,15119.0,489.4384,42.1175
38442,2026,,,,,,,,14913.0,489.4384,42.1175
38484,2023,,,,,,,,8713.3333,622.7807,0.0
38484,2024,,,,,,,,8600.0,636.8715,0.0
38484,2025,,,,,,,,8500.0,648.6797,0.0
38484,2026,,,,,,,,8400.0,648.6797,0.0
38488,2023,,,,,,,,8876.0,351.3542,0.0
38488,2024,,,,,,,,8744.0,360.5924,0.0
38488,2025,,,,,,,,8632.0,368.9065,0.0
38488,2026,,,,,,,,8520.0,368.9065,0.0
38506,2023,54.8077,40.7942,30.0156,22.8091,2.4038,20.4117,530.0,12763.8462,291.1877,0.0
38506,2024,54.8077,40.7942,30.0156,22.8091,2.4038,20.4117,530.0,12543.8462,299.4012,0.0
38506,2025,54.8077,40.7942,30.0156,22.8091,2.4038,20.4117,530.0,12308.4615,306.8971,0.0
38506,2026,54.8077,40.7942,30.0156,22.8091,2.4038,20.4117,530.0,12073.8462,306.8971,0.0
39201,2023,51.6667,22.9792,26.0239,20.9042,8.3442,6.4406,1056.0,71359.1429,157.3857,65.4471
39201,2024,51.6667,22.9792,26.0239,20.9042,8.3442,6.4406,1056.0,71559.7143,158.8445,65.8778
39201,2025,51.6667,22.9792,26.0239,20.9042,8.3442,6.4406,1056.0,71617.4286,160.6518,68.0631
39201,2026,51.6667,22.9792,26.0239,20.9042,8.3442,6.4406,1056.0,71943.7143,160.6518,68.0631
39202,2023,50.7663,57.3077,26.6055,9.405,9.6014,27.4631,309.0,12480.0,501.0404,0.0
39202,2024,50.7663,57.3077,26.6055,9.405,9.6014,27.4631,309.0,12300.0,524.3767,0.0
39202,2025,50.7663,57.3077,26.6055,9.405,9.6014,27.4631,309.0,12120.0,541.1159,0.0
39202,2026,50.7663,57.3077,26.6055,9.405,9.6014,27.4631,309.0,11940.0,541.1159,0.0
39203,2023,55.3425,36.8785,26.6667,13.4247,6.2334,19.9416,900.0,26500.0,343.0859,33.2492
39203,2024,55.3425,36.8785,26.6667,13.4247,6.2334,19.9416,900.0,26240.0,338.9937,33.0503
39203,2025,55.3425,36.8785,26.6667,13.4247,6.2334,19.9416,900.0,26020.0,346.5124,32.7355
39203,2026,55.3425,36.8785,26.6667,13.4247,6.2334,19.9416,900.0,25780.0,346.5124,32.7355
39204,2023,54.9638,23.5874,25.2573,25.2975,6.9208,9.9834,1076.0,47414.2857,172.6817,34.2989
39204,2024,54.9638,23.5874,25.2573,25.2975,6.9208,9.9834,1076.0,47485.7143,173.8452,34.5371
39204,2025,54.9638,23.5874,25.2573,25.2975,6.9208,9.9834,1076.0,47671.4286,174.4275,33.9416
39204,2026,54.9638,23.5874,25.2573,25.2975,6.9208,9.9834,1076.0,47900.0,174.4275,33.9416
39205,2023,50.4865,31.5972,22.1494,22.8108,5.7022,11.5152,742.0,29340.0,110.1238,0.0
39205,2024,50.4865,31.5972,22.1494,22.8108,5.7022,11.5152,742.0,29080.0,110.1059,0.0
39205,2025,50.4865,31.5972,22.1494,22.8108,5.7022,11.5152,742.0,28920.0,111.5184,0.0
39205,2026,50.4865,31.5972,22.1494,22.8108,5.7022,11.5152,742.0,28760.0,111.5184,0.0
39206,2023,52.5892,31.6411,24.8438,20.1613,3.8074,17.3773,846.0,28550.0,408.0324,7.5636
39206,2024,52.5892,31.6411,24.8438,20.1613,3.8074,17.3773,846.0,28275.0,417.0659,7.484
39206,2025,52.5892,31.6411,24.8438,20.1613,3.8074,17.3773,846.0,28025.0,403.1048,7.5395
39206,2026,52.5892,31.6411,24.8438,20.1613,3.8074,17.3773,846.0,27850.0,403.1048,7.5395
39208,2023,54.0436,35.7326,25.0836,15.7895,6.0197,20.7106,749.0,13900.0,234.1224,21.7541
39208,2024,54.0436,35.7326,25.0836,15.7895,6.0197,20.7106,749.0,13730.0,233.7167,21.7023
39208,2025,54.0436,35.7326,25.0836,15.7895,6.0197,20.7106,749.0,13560.0,234.3155,21.7245
39208,2026,54.0436,35.7326,25.0836,15.7895,6.0197,20.7106,749.0,13390.0,234.3155,21.7245
39209,2023,68.5714,48.8889,32.3413,9.396,5.7047,32.86,405.0,16050.0,296.6343,0.0
39209,2024,68.5714,48.8889,32.3413,9.396,5.7047,32.86,405.0,15876.0,304.6025,0.0
39209,2025,68.5714,48.8889,32.3413,9.396,5.7047,32.86,405.0,15722.0,314.0368,0.0
39209,2026,68.5714,48.8889,32.3413,9.396,5.7047,32.86,405.0,15568.0,314.0368,0.0
39210,2023,50.6093,26.8088,28.7643,20.5735,10.2128,13.7815,818.0,21350.0,66.5434,24.8706
39210,2024,50.6093,26.8088,28.7643,20.5735,10.2128,13.7815,818.0,21275.0,67.6353,24.9624
39210,2025,50.6093,26.8088,28.7643,20.5735,10.2128,13.7815,818.0,21200.0,68.7373,25.1941
39210,2026,50.6093,26.8088,28.7643,20.5735,10.2128,13.7815,818.0,21141.6667,68.7373,25.1941
39211,2023,55.38,21.6154,24.975,26.2406,3.2305,13.9521,958.0,25771.4286,286.8915,26.5443
39211,2024,55.38,21.6154,24.975,26.2406,3.2305,13.9521,958.0,25671.4286,287.8244,26.3814
39211,2025,55.38,21.6154,24.975,26.2406,3.2305,13.9521,958.0,25557.1429,290.6245,26.6626
39211,2026,55.38,21.6154,24.975,26.2406,3.2305,13.9521,958.0,25485.7143,290.6245,26.6626
39212,2023,56.4304,30.2977,29.7531,21.2598,3.2646,13.9777,930.0,28168.3333,115.4407,52.0035
39212,2024,56.4304,30.2977,29.7531,21.2598,3.2646,13.9777,930.0,28081.6667,117.2,52.704
39212,2025,56.4304,30.2977,29.7531,21.2598,3.2646,13.9777,930.0,28078.3333,118.7822,53.006
39212,2026,56.4304,30.2977,29.7531,21.2598,3.2646,13.9777,930.0,28076.6667,118.7822,53.006
39301,2023,,,,,,,,12350.0,490.1512,56.3903
39301,2024,,,,,,,,12200.0,505.1936,57.271
39301,2025,,,,,,,,12050.0,519.6697,56.338
39301,2026,,,,,,,,11905.0,519.6697,56.338
39302,2023,,,,,,,,12386.6667,802.5308,0.0
39302,2024,,,,,,,,12310.0,824.7775,0.0
39302,2025,,,,,,,,12233.3333,843.247,0.0
39302,2026,,,,,,,,12156.6667,843.247,0.0
39303,2023,,,,,,,,13850.0,364.5008,0.0
39303,2024,,,,,,,,13750.0,364.0777,0.0
39303,2025,,,,,,,,13650.0,355.5188,0.0
39303,2026,,,,,,,,13550.0,355.5188,0.0
39304,2023,,,,,,,,11910.0,518.0274,0.0
39304,2024,,,,,,,,11805.0,533.049,0.0
39304,2025,,,,,,,,11700.0,550.9035,0.0
39304,2026,,,,,,,,11595.0,550.9035,0.0
39305,2023,,,,,,,,8600.0,601.8137,0.0
39305,2024,,,,,,,,8545.0,615.1288,0.0
39305,2025,,,,,,,,8495.0,637.2133,0.0
39305,2026,,,,,,,,8445.0,637.2133,0.0
39306,2023,,,,,,,,6810.0,1100.3628,0.0
39306,2024,,,,,,,,6773.3333,1239.0488,0.0
39306,2025,,,,,,,,6740.0,1299.2126,0.0
39306,2026,,,,,,,,6706.6667,1299.2126,0.0
39307,2023,,,,,,,,12785.0,372.8252,94.9461
39307,2024,,,,,,,,12710.0,377.8338,91.7156
39307,2025,,,,,,,,12635.0,378.1513,90.6443
39307,2026,,,,,,,,12565.0,378.1513,90.6443
39341,2023,,,,,,,,14050.0,569.8697,0.0
39341,2024,,,,,,,,13200.0,586.4005,0.0
39341,2025,,,,,,,,13116.6667,601.6,0.0
39341,2026,,,,,,,,13033.3333,601.6,0.0
39344,2023,,,,,,,,12533.3333,331.9888,0.0
39344,2024,,,,,,,,12433.3333,345.7189,0.0
39344,2025,,,,,,,,12350.0,357.9872,0.0
39344,2026,,,,,,,,12266.6667,357.9872,0.0
39363,2023,,,,,,,,12703.3333,532.4138,59.6414
39363,2024,,,,,,,,12620.0,539.4662,61.3856
39363,2025,,,,,,,,12540.0,544.7248,60.7798
39363,2026,,,,,,,,12463.3333,544.7248,60.7798
39364,2023,,,,,,,,3375.0,2271.4681,0.0
39364,2024,,,,,,,,3365.0,2309.8592,0.0
39364,2025,,,,,,,,3355.0,2309.8592,0.0
39364,2026,,,,,,,,3345.0,2309.8592,0.0
39386,2023,66.4685,30.3178,32.5707,27.2295,6.6279,17.753,889.0,28403.3333,93.006,18.1083
39386,2024,66.4685,30.3178,32.5707,27.2295,6.6279,17.753,889.0,28331.6667,94.4153,18.4063
39386,2025,66.4685,30.3178,32.5707,27.2295,6.6279,17.753,889.0,28295.0,96.02,35.8347
39386,2026,66.4685,30.3178,32.5707,27.2295,6.6279,17.753,889.0,28258.3333,96.02,35.8347
39387,2023,,,,,,,,8545.0,427.5287,0.0
39387,2024,,,,,,,,8480.0,440.3867,0.0
39387,2025,,,,,,,,8415.0,459.7443,0.0
39387,2026,,,,,,,,8550.0,459.7443,0.0
39401,2023,,,,,,,,12354.0,322.6335,0.0
39401,2024,,,,,,,,12270.0,334.9604,0.0
39401,2025,,,,,,,,12188.0,346.3803,0.0
39401,2026,,,,,,,,12130.0,346.3803,0.0
39402,2023,,,,,,,,21033.3333,247.5895,0.0
39402,2024,,,,,,,,21000.0,252.2268,0.0
39402,2025,,,,,,,,21000.0,256.6709,0.0
39402,2026,,,,,,,,20966.6667,256.6709,0.0
39403,2023,,,,,,,,16783.3333,416.7486,63.4362
39403,2024,,,,,,,,16680.0,425.1873,61.5509
39403,2025,,,,,,,,16576.6667,436.4997,63.4172
39403,2026,,,,,,,,16473.3333,436.4997,63.4172
39405,2023,,,,,,,,14370.0,608.7763,32.6638
39405,2024,,,,,,,,14310.0,620.4724,33.4173
39405,2025,,,,,,,,14250.0,629.0532,34.7601
39405,2026,,,,,,,,14190.0,629.0532,34.7601
39410,2023,,,,,,,,19350.0,302.5937,0.0
39410,2024,,,,,,,,19300.0,330.7676,0.0
39410,2025,,,,,,,,19300.0,333.7585,0.0
39410,2026,,,,,,,,19250.0,333.7585,0.0
39411,2023,,,,,,,,11063.3333,210.7771,0.0
39411,2024,,,,,,,,11020.0,215.9219,0.0
39411,2025,,,,,,,,10976.6667,206.4043,0.0
39411,2026,,,,,,,,10933.3333,206.4043,0.0
39412,2023,57.4335,41.115,27.5926,18.6228,5.4628,23.0248,556.0,13515.0,319.7767,5.4121
39412,2024,57.4335,41.115,27.5926,18.6228,5.4628,23.0248,556.0,13386.6667,326.0164,5.3903
39412,2025,57.4335,41.115,27.5926,18.6228,5.4628,23.0248,556.0,13253.3333,329.2071,5.5537
39412,2026,57.4335,41.115,27.5926,18.6228,5.4628,23.0248,556.0,13125.0,329.2071,5.5537
39424,2023,,,,,,,,7900.0,213.8804,0.0
39424,2024,,,,,,,,7845.0,225.5975,0.0
39424,2025,,,,,,,,7800.0,232.2907,0.0
39424,2026,,,,,,,,7750.0,232.2907,0.0
39427,2023,,,,,,,,5370.0,334.4948,0.0
39427,2024,,,,,,,,5330.0,339.2226,0.0
39427,2025,,,,,,,,5290.0,354.2435,0.0
39427,2026,,,,,,,,5250.0,354.2435,0.0
39428,2023,,,,,,,,13457.5,367.8801,0.0
39428,2024,,,,,,,,13352.5,368.9781,0.0
39428,2025,,,,,,,,13247.5,378.4881,0.0
39428,2026,,,,,,,,13117.5,378.4881,0.0
40100,2023,57.3755,25.1738,29.1968,20.7136,5.4029,5.3302,1162.0,58121.3483,350.0338,99.2742
40100,2024,57.3755,25.1738,29.1968,20.7136,5.4029,5.3302,1162.0,59642.2222,353.7836,99.2882
40100,2025,57.3755,25.1738,29.1968,20.7136,5.4029,5.3302,1162.0,61011.1111,357.3864,99.269
40100,2026,57.3755,25.1738,29.1968,20.7136,5.4029,5.3302,1162.0,62227.7778,357.3864,99.269
40130,2023,55.5007,14.4858,25.7259,19.412,4.5301,1.4089,1488.0,165214.0187,197.3633,99.7763
40130,2024,55.5007,14.4858,25.7259,19.412,4.5301,1.4089,1488.0,184409.0909,196.4278,99.7761
40130,2025,55.5007,14.4858,25.7259,19.412,4.5301,1.4089,1488.0,202878.3784,193.4595,99.7942
40130,2026,55.5007,14.4858,25.7259,19.412,4.5301,1.4089,1488.0,218126.1261,193.4595,99.7942
40202,2023,58.8156,28.9332,31.4314,24.4953,4.7568,12.5792,923.0,23993.75,249.3059,71.8053
40202,2024,58.8156,28.9332,31.4314,24.4953,4.7568,12.5792,923.0,24006.25,249.7256,73.0067
40202,2025,58.8156,28.9332,31.4314,24.4953,4.7568,12.5792,923.0,24037.5,254.0883,73.8556
40202,2026,58.8156,28.9332,31.4314,24.4953,4.7568,12.5792,923.0,24081.25,254.0883,73.8556
40203,2023,53.4308,18.6633,29.1571,24.664,3.7102,4.9682,1079.0,45265.7143,139.7235,87.3809
40203,2024,53.4308,18.6633,29.1571,24.664,3.7102,4.9682,1079.0,47311.7647,138.2012,87.7858
40203,2025,53.4308,18.6633,29.1571,24.664,3.7102,4.9682,1079.0,49694.1176,138.8079,88.2038
40203,2026,53.4308,18.6633,29.1571,24.664,3.7102,4.9682,1079.0,51494.1176,138.8079,88.2038
40204,2023,52.277,27.5243,27.2054,20.2973,6.9277,8.8912,860.0,19575.0,276.525,35.765
40204,2024,52.277,27.5243,27.2054,20.2973,6.9277,8.8912,860.0,19837.5,276.9922,36.9589
40204,2025,52.277,27.5243,27.2054,20.2973,6.9277,8.8912,860.0,20125.0,270.6153,38.0028
40204,2026,52.277,27.5243,27.2054,20.2973,6.9277,8.8912,860.0,20337.5,270.6153,38.0028
40205,2023,51.6498,23.2017,29.6953,22.5347,6.2991,7.6085,1018.0,19398.0952,345.28,46.7098
40205,2024,51.6498,23.2017,29.6953,22.5347,6.2991,7.6085,1018.0,19878.5714,344.5848,46.779
40205,2025,51.6498,23.2017,29.6953,22.5347,6.2991,7.6085,1018.0,21112.0,346.9279,46.8506
40205,2026,51.6498,23.2017,29.6953,22.5347,6.2991,7.6085,1018.0,21516.5,346.9279,46.8506
40206,2023,48.3384,25.4932,26.4942,19.6375,4.4983,7.6774,994.0,16200.0,1089.6202,0.0
40206,2024,48.3384,25.4932,26.4942,19.6375,4.4983,7.6774,994.0,17566.6667,1097.1821,0.0
40206,2025,48.3384,25.4932,26.4942,19.6375,4.4983,7.6774,994.0,17700.0,1110.6403,0.0
40206,2026,48.3384,25.4932,26.4942,19.6375,4.4983,7.6774,994.0,17833.3333,1110.6403,0.0
40207,2023,59.5365,30.594,27.3678,28.4759,3.2878,8.1871,983.0,21310.0,92.9062,18.9247
40207,2024,59.5365,30.594,27.3678,28.4759,3.2878,8.1871,983.0,23036.3636,94.1233,19.0908
40207,2025,59.5365,30.594,27.3678,28.4759,3.2878,8.1871,983.0,23263.6364,95.3913,19.2651
40207,2026,59.5365,30.594,27.3678,28.4759,3.2878,8.1871,983.0,23472.7273,95.3913,19.2651
40210,2023,59.0227,38.8972,32.7423,24.9153,4.7404,13.069,927.0,12068.125,149.648,24.7412
40210,2024,59.0227,38.8972,32.7423,24.9153,4.7404,13.069,927.0,12866.0,151.074,25.9554
40210,2025,59.0227,38.8972,32.7423,24.9153,4.7404,13.069,927.0,12067.8571,152.4923,27.4486
40210,2026,59.0227,38.8972,32.7423,24.9153,4.7404,13.069,927.0,12174.2857,152.4923,27.4486
40211,2023,59.7658,18.535,31.3139,31.6294,2.5375,5.9116,951.0,37042.8571,98.9818,38.8944
40211,2024,59.7658,18.535,31.3139,31.6294,2.5375,5.9116,951.0,38357.1429,99.3135,39.0979
40211,2025,59.7658,18.535,31.3139,31.6294,2.5375,5.9116,951.0,39714.2857,99.5238,40.011
40211,2026,59.7658,18.535,31.3139,31.6294,2.5375,5.9116,951.0,41014.2857,99.5238,40.011
40212,2023,57.486,35.8848,30.8498,18.8951,9.685,9.025,917.0,16625.0,242.9,27.1022
40212,2024,57.486,35.8848,30.8498,18.8951,9.685,9.025,917.0,16650.0,248.0121,27.4549
40212,2025,57.486,35.8848,30.8498,18.8951,9.685,9.025,917.0,16725.0,252.3518,27.3702
40212,2026,57.486,35.8848,30.8498,18.8951,9.685,9.025,917.0,16800.0,252.3518,27.3702
40213,2023,51.7615,25.4829,30.4849,27.6762,4.8926,7.876,1006.0,26122.2222,193.4329,23.3097
40213,2024,51.7615,25.4829,30.4849,27.6762,4.8926,7.876,1006.0,26200.0,191.8416,24.1214
40213,2025,51.7615,25.4829,30.4849,27.6762,4.8926,7.876,1006.0,26288.8889,191.9617,24.4402
40213,2026,51.7615,25.4829,30.4849,27.6762,4.8926,7.876,1006.0,26333.3333,191.9617,24.4402
40214,2023,60.1634,33.1954,33.1626,28.192,4.5817,14.6614,816.0,16350.0,274.8502,39.6322
40214,2024,60.1634,33.1954,33.1626,28.192,4.5817,14.6614,816.0,17540.0,278.7909,40.1333
40214,2025,60.1634,33.1954,33.1626,28.192,4.5817,14.6614,816.0,17380.0,285.1385,40.4039
40214,2026,60.1634,33.1954,33.1626,28.192,4.5817,14.6614,816.0,17120.0,285.1385,40.4039
40215,2023,62.9492,31.9641,39.2139,19.4548,3.3529,8.1894,897.0,26250.0,145.8208,87.0189
40215,2024,62.9492,31.9641,39.2139,19.4548,3.3529,8.1894,897.0,26250.0,147.4986,87.4373
40215,2025,62.9492,31.9641,39.2139,19.4548,3.3529,8.1894,897.0,26316.6667,124.5707,87.6532
40215,2026,62.9492,31.9641,39.2139,19.4548,3.3529,8.1894,897.0,26300.0,124.5707,87.6532
40216,2023,64.2146,24.0969,32.013,33.9965,1.022,3.6755,969.0,53925.0,38.4873,94.8712
40216,2024,64.2146,24.0969,32.013,33.9965,1.022,3.6755,969.0,59212.5,38.5809,94.805
40216,2025,64.2146,24.0969,32.013,33.9965,1.022,3.6755,969.0,63037.5,38.6496,95.8258
40216,2026,64.2146,24.0969,32.013,33.9965,1.022,3.6755,969.0,65037.5,38.6496,95.8258
40217,2023,58.6067,10.9576,28.5192,31.4026,2.6007,3.421,1101.0,74640.0,31.3786,95.2613
40217,2024,58.6067,10.9576,28.5192,31.4026,2.6007,3.421,1101.0,81120.0,31.3412,95.2069
40217,2025,58.6067,10.9576,28.5192,31.4026,2.6007,3.421,1101.0,88490.0,30.2703,95.7274
40217,2026,58.6067,10.9576,28.5192,31.4026,2.6007,3.421,1101.0,90740.0,30.2703,95.7274
40218,2023,54.2627,13.9124,28.7567,24.7483,1.9288,3.4451,1105.0,129520.0,31.8361,99.7455
40218,2024,54.2627,13.9124,28.7567,24.7483,1.9288,3.4451,1105.0,138360.0,29.6683,99.6427
40218,2025,54.2627,13.9124,28.7567,24.7483,1.9288,3.4451,1105.0,146380.0,32.9703,99.757
40218,2026,54.2627,13.9124,28.7567,24.7483,1.9288,3.4451,1105.0,153420.0,32.9703,99.757
40219,2023,53.7244,16.6505,27.4937,27.2875,4.6074,1.912,1218.0,124055.5556,11.6721,99.5419
40219,2024,53.7244,16.6505,27.4937,27.2875,4.6074,1.912,1218.0,136222.2222,11.6374,99.6751
40219,2025,53.7244,16.6505,27.4937,27.2875,4.6074,1.912,1218.0,151544.4444,11.5901,99.5142
40219,2026,53.7244,16.6505,27.4937,27.2875,4.6074,1.912,1218.0,161944.4444,11.5901,99.5142
40220,2023,57.4903,19.1658,31.526,30.7879,1.9556,4.2887,1144.0,24717.6471,37.9165,96.8403
40220,2024,57.4903,19.1658,31.526,30.7879,1.9556,4.2887,1144.0,25491.1765,38.0158,96.9927
40220,2025,57.4903,19.1658,31.526,30.7879,1.9556,4.2887,1144.0,27793.75,38.0927,98.4525
40220,2026,57.4903,19.1658,31.526,30.7879,1.9556,4.2887,1144.0,28410.0,38.0927,98.4525
40221,2023,51.2438,18.2865,32.7781,26.9983,3.655,2.9977,1110.0,70300.0,5.032,99.3235
40221,2024,51.2438,18.2865,32.7781,26.9983,3.655,2.9977,1110.0,76200.0,5.031,99.6031
40221,2025,51.2438,18.2865,32.7781,26.9983,3.655,2.9977,1110.0,82190.0,5.0303,99.4998
40221,2026,51.2438,18.2865,32.7781,26.9983,3.655,2.9977,1110.0,86700.0,5.0303,99.4998
40223,2023,55.7774,19.3825,31.246,28.0374,1.886,3.2605,1122.0,55716.6667,51.8283,85.5623
40223,2024,55.7774,19.3825,31.246,28.0374,1.886,3.2605,1122.0,62433.3333,51.8362,86.2389
40223,2025,55.7774,19.3825,31.246,28.0374,1.886,3.2605,1122.0,70233.3333,51.8721,86.373
40223,2026,55.7774,19.3825,31.246,28.0374,1.886,3.2605,1122.0,73450.0,51.8721,86.373
40224,2023,63.0004,17.0015,29.4118,35.1159,1.7316,3.2967,1089.0,42410.0,35.4843,99.432
40224,2024,63.0004,17.0015,29.4118,35.1159,1.7316,3.2967,1089.0,46700.0,35.3234,99.6366
40224,2025,63.0004,17.0015,29.4118,35.1159,1.7316,3.2967,1089.0,51780.0,35.1151,99.6835
40224,2026,63.0004,17.0015,29.4118,35.1159,1.7316,3.2967,1089.0,54980.0,35.1151,99.6835
40225,2023,64.0838,30.1571,33.116,29.1405,4.3434,12.6623,850.0,14133.3333,165.5265,91.1814
40225,2024,64.0838,30.1571,33.116,29.1405,4.3434,12.6623,850.0,14416.6667,168.1429,91.7117
40225,2025,64.0838,30.1571,33.116,29.1405,4.3434,12.6623,850.0,14691.6667,169.0892,91.5309
40225,2026,64.0838,30.1571,33.116,29.1405,4.3434,12.6623,850.0,14700.0,169.0892,91.5309
40226,2023,53.0811,24.4521,30.2572,25.4054,7.6035,13.7615,837.0,11933.3333,477.0807,18.2756
40226,2024,53.0811,24.4521,30.2572,25.4054,7.6035,13.7615,837.0,11883.3333,474.2517,18.0502
40226,2025,53.0811,24.4521,30.2572,25.4054,7.6035,13.7615,837.0,11850.0,480.2238,19.5539
40226,2026,53.0811,24.4521,30.2572,25.4054,7.6035,13.7615,837.0,11833.3333,480.2238,19.5539
40227,2023,54.854,36.8379,27.2414,20.3631,4.5147,15.261,623.0,10130.0,933.5247,0.0
40227,2024,54.854,36.8379,27.2414,20.3631,4.5147,15.261,623.0,9568.8889,945.6326,0.0
40227,2025,54.854,36.8379,27.2414,20.3631,4.5147,15.261,623.0,9610.0,950.4144,0.0
40227,2026,54.854,36.8379,27.2414,20.3631,4.5147,15.261,623.0,9628.8889,950.4144,0.0
40228,2023,58.6538,30.2932,31.9239,27.5494,2.3748,9.9118,897.0,15805.5556,131.0335,57.6724
40228,2024,58.6538,30.2932,31.9239,27.5494,2.3748,9.9118,897.0,15955.5556,131.3005,59.7358
40228,2025,58.6538,30.2932,31.9239,27.5494,2.3748,9.9118,897.0,16155.5556,134.7353,61.1127
40228,2026,58.6538,30.2932,31.9239,27.5494,2.3748,9.9118,897.0,16200.0,134.7353,61.1127
40229,2023,49.8369,29.5652,23.6792,30.5306,3.0709,10.7733,673.0,14155.5556,91.3165,11.5611
40229,2024,49.8369,29.5652,23.6792,30.5306,3.0709,10.7733,673.0,14177.7778,92.8101,12.6153
40229,2025,49.8369,29.5652,23.6792,30.5306,3.0709,10.7733,673.0,14216.6667,94.4854,13.2046
40229,2026,49.8369,29.5652,23.6792,30.5306,3.0709,10.7733,673.0,14258.8889,94.4854,13.2046
40230,2023,59.0696,19.9247,31.9316,32.6403,1.9857,4.5612,951.0,36076.4706,24.5897,68.8338
40230,2024,59.0696,19.9247,31.9316,32.6403,1.9857,4.5612,951.0,38885.8824,24.5587,69.0696
40230,2025,59.0696,19.9247,31.9316,32.6403,1.9857,4.5612,951.0,41783.5294,23.2301,69.4408
40230,2026,59.0696,19.9247,31.9316,32.6403,1.9857,4.5612,951.0,44807.0588,23.2301,69.4408
40231,2023,55.2916,14.6006,30.9288,23.5421,2.6452,3.0431,1047.0,64116.6667,2.4003,98.2238
40231,2024,55.2916,14.6006,30.9288,23.5421,2.6452,3.0431,1047.0,63157.1429,2.4163,98.1294
40231,2025,55.2916,14.6006,30.9288,23.5421,2.6452,3.0431,1047.0,66485.7143,2.4274,98.232
40231,2026,55.2916,14.6006,30.9288,23.5421,2.6452,3.0431,1047.0,69128.5714,2.4274,98.232
40341,2023,58.6181,18.75,37.4214,23.4027,5.8995,5.0616,1105.0,56560.0,34.2143,92.3328
40341,2024,58.6181,18.75,37.4214,23.4027,5.8995,5.0616,1105.0,61340.0,34.3253,92.5566
40341,2025,58.6181,18.75,37.4214,23.4027,5.8995,5.0616,1105.0,66380.0,34.4379,92.4806
40341,2026,58.6181,18.75,37.4214,23.4027,5.8995,5.0616,1105.0,71420.0,34.4379,92.4806
40342,2023,50.2419,17.1019,31.6689,21.7742,0.4684,1.9872,1083.0,52575.0,17.4081,96.2734
40342,2024,50.2419,17.1019,31.6689,21.7742,0.4684,1.9872,1083.0,57500.0,17.3321,96.5657
40342,2025,50.2419,17.1019,31.6689,21.7742,0.4684,1.9872,1083.0,63000.0,17.2739,96.4237
40342,2026,50.2419,17.1019,31.6689,21.7742,0.4684,1.9872,1083.0,68525.0,17.2739,96.4237
40343,2023,57.2254,15.8609,26.2467,21.0609,11.6219,3.9178,1109.0,84240.0,0.0,99.9635
40343,2024,57.2254,15.8609,26.2467,21.0609,11.6219,3.9178,1109.0,88580.0,0.0,99.6049
40343,2025,57.2254,15.8609,26.2467,21.0609,11.6219,3.9178,1109.0,93220.0,0.0,99.8836
40343,2026,57.2254,15.8609,26.2467,21.0609,11.6219,3.9178,1109.0,96720.0,0.0,99.8836
40344,2023,62.037,20.1878,34.6806,30.2498,5.5308,2.7754,1033.0,66875.0,0.0,80.8541
40344,2024,62.037,20.1878,34.6806,30.2498,5.5308,2.7754,1033.0,71700.0,0.0,81.3584
40344,2025,62.037,20.1878,34.6806,30.2498,5.5308,2.7754,1033.0,75000.0,0.0,82.2363
40344,2026,62.037,20.1878,34.6806,30.2498,5.5308,2.7754,1033.0,78875.0,0.0,82.2363
40345,2023,68.878,9.9832,28.0806,39.312,1.1971,3.5662,1188.0,65100.0,18.5362,86.0889
40345,2024,68.878,9.9832,28.0806,39.312,1.1971,3.5662,1188.0,70833.3333,18.6461,85.9282
40345,2025,68.878,9.9832,28.0806,39.312,1.1971,3.5662,1188.0,78983.3333,18.7998,86.9159
40345,2026,68.878,9.9832,28.0806,39.312,1.1971,3.5662,1188.0,84533.3333,18.7998,86.9159
40348,2023,,,,,,,,32475.0,36.465,96.8254
40348,2024,,,,,,,,33025.0,36.4416,97.6956
40348,2025,,,,,,,,35425.0,36.1318,97.1838
40348,2026,,,,,,,,37850.0,36.1318,97.1838
40349,2023,62.2798,12.7399,29.1155,22.8497,2.1941,2.0408,1196.0,75516.6667,37.3981,98.0627
40349,2024,62.2798,12.7399,29.1155,22.8497,2.1941,2.0408,1196.0,81400.0,37.5177,98.1774
40349,2025,62.2798,12.7399,29.1155,22.8497,2.1941,2.0408,1196.0,88900.0,32.223,97.6705
40349,2026,62.2798,12.7399,29.1155,22.8497,2.1941,2.0408,1196.0,96583.3333,32.223,97.6705
40381,2023,,,,,,,,24140.0,537.8471,98.9502
40381,2024,,,,,,,,24450.0,531.6025,98.9414
40381,2025,,,,,,,,24625.0,531.1125,98.8372
40381,2026,,,,,,,,24925.0,531.1125,98.8372
40382,2023,58.9009,38.5335,40.5722,19.0402,7.4074,5.1829,986.0,32350.0,690.3991,96.2244
40382,2024,58.9009,38.5335,40.5722,19.0402,7.4074,5.1829,986.0,33325.0,674.84,96.5065
40382,2025,58.9009,38.5335,40.5722,19.0402,7.4074,5.1829,986.0,34850.0,647.2703,97.2722
40382,2026,58.9009,38.5335,40.5722,19.0402,7.4074,5.1829,986.0,36125.0,647.2703,97.2722
40383,2023,66.9082,32.3932,35.1032,26.9944,0.3984,3.4123,801.0,24750.0,61.8355,96.3467
40383,2024,66.9082,32.3932,35.1032,26.9944,0.3984,3.4123,801.0,25150.0,62.1197,96.6024
40383,2025,66.9082,32.3932,35.1032,26.9944,0.3984,3.4123,801.0,25600.0,62.3013,96.0998
40383,2026,66.9082,32.3932,35.1032,26.9944,0.3984,3.4123,801.0,26050.0,62.3013,96.0998
40384,2023,58.169,25.3294,30.0178,21.9718,3.19,4.1878,954.0,27075.0,85.8234,85.253
40384,2024,58.169,25.3294,30.0178,21.9718,3.19,4.1878,954.0,27725.0,85.2676,85.3045
40384,2025,58.169,25.3294,30.0178,21.9718,3.19,4.1878,954.0,28725.0,85.7143,85.6772
40384,2026,58.169,25.3294,30.0178,21.9718,3.19,4.1878,954.0,29525.0,85.7143,85.6772
40401,2023,,,,,,,,8762.5,700.9411,20.4804
40401,2024,,,,,,,,8650.0,786.6287,21.4367
40401,2025,,,,,,,,8562.5,802.6125,23.2221
40401,2026,,,,,,,,8500.0,802.6125,23.2221
40402,2023,59.2466,36.6726,38.4298,20.8904,8.2927,13.5032,517.0,15725.0,295.9399,52.4848
40402,2024,59.2466,36.6726,38.4298,20.8904,8.2927,13.5032,517.0,15775.0,297.373,54.0272
40402,2025,59.2466,36.6726,38.4298,20.8904,8.2927,13.5032,517.0,15825.0,301.8817,55.7534
40402,2026,59.2466,36.6726,38.4298,20.8904,8.2927,13.5032,517.0,15850.0,301.8817,55.7534
40421,2023,,,,,,,,16050.0,313.5782,0.0
40421,2024,,,,,,,,16200.0,299.8524,0.0
40421,2025,,,,,,,,16325.0,288.1143,0.0
40421,2026,,,,,,,,16325.0,288.1143,0.0
40447,2023,62.8253,18.7085,32.426,35.1903,0.8167,4.6512,974.0,25216.6667,121.3905,90.2921
40447,2024,62.8253,18.7085,32.426,35.1903,0.8167,4.6512,974.0,26566.6667,120.5611,90.5391
40447,2025,62.8253,18.7085,32.426,35.1903,0.8167,4.6512,974.0,28466.6667,118.8119,90.7645
40447,2026,62.8253,18.7085,32.426,35.1903,0.8167,4.6512,974.0,30766.6667,118.8119,90.7645
40448,2023,,,,,,,,4800.0,428.8703,0.0
40448,2024,,,,,,,,4660.0,445.4101,0.0
40448,2025,,,,,,,,4560.0,465.3802,0.0
40448,2026,,,,,,,,4460.0,465.3802,0.0
40503,2023,71.1538,23.6014,40.0901,31.1734,1.9264,8.1155,826.0,21520.0,33.0465,90.7096
40503,2024,71.1538,23.6014,40.0901,31.1734,1.9264,8.1155,826.0,23175.0,32.952,91.0843
40503,2025,71.1538,23.6014,40.0901,31.1734,1.9264,8.1155,826.0,24050.0,32.8764,91.5142
40503,2026,71.1538,23.6014,40.0901,31.1734,1.9264,8.1155,826.0,24575.0,32.8764,91.5142
40522,2023,,,,,,,,17820.0,0.0,0.0
40522,2024,,,,,,,,19500.0,0.0,0.0
40522,2025,,,,,,,,19725.0,0.0,0.0
40522,2026,,,,,,,,19950.0,0.0,0.0
40544,2023,60.2195,23.0769,29.222,30.4527,2.3591,7.9646,935.0,20150.0,4.131,46.1479
40544,2024,60.2195,23.0769,29.222,30.4527,2.3591,7.9646,935.0,20175.0,4.1509,46.8012
40544,2025,60.2195,23.0769,29.222,30.4527,2.3591,7.9646,935.0,20200.0,4.1795,49.3705
40544,2026,60.2195,23.0769,29.222,30.4527,2.3591,7.9646,935.0,20225.0,4.1795,49.3705
40601,2023,,,,,,,,13125.0,660.5593,0.0
40601,2024,,,,,,,,13025.0,671.8473,0.0
40601,2025,,,,,,,,12925.0,725.7579,0.0
40601,2026,,,,,,,,12800.0,725.7579,0.0
40602,2023,,,,,,,,9525.0,982.1024,0.0
40602,2024,,,,,,,,9462.5,1039.7086,0.0
40602,2025,,,,,,,,9387.5,1005.8958,0.0
40602,2026,,,,,,,,9312.5,1005.8958,0.0
40604,2023,,,,,,,,11425.0,849.0677,0.0
40604,2024,,,,,,,,11350.0,857.0076,0.0
40604,2025,,,,,,,,11275.0,903.374,0.0
40604,2026,,,,,,,,11200.0,903.374,0.0
40605,2023,43.7403,39.4127,27.0557,9.119,11.6743,24.3928,504.0,9900.0,1526.9768,0.0
40605,2024,43.7403,39.4127,27.0557,9.119,11.6743,24.3928,504.0,9833.3333,1515.3108,0.0
40605,2025,43.7403,39.4127,27.0557,9.119,11.6743,24.3928,504.0,9766.6667,1557.6871,0.0
40605,2026,43.7403,39.4127,27.0557,9.119,11.6743,24.3928,504.0,9700.0,1557.6871,0.0
40608,2023,,,,,,,,9712.5,1122.9843,0.0
40608,2024,,,,,,,,9675.0,1169.4982,0.0
40608,2025,,,,,,,,9662.5,1175.3028,0.0
40608,2026,,,,,,,,9662.5,1175.3028,0.0
40609,2023,,,,,,,,5066.6667,477.4805,0.0
40609,2024,,,,,,,,5033.3333,487.8893,0.0
40609,2025,,,,,,,,5000.0,502.9898,0.0
40609,2026,,,,,,,,4966.6667,502.9898,0.0
40610,2023,53.1435,24.8762,28.2723,13.1517,5.8486,7.6305,846.0,9464.2857,922.2331,0.0
40610,2024,53.1435,24.8762,28.2723,13.1517,5.8486,7.6305,846.0,10041.6667,930.1448,0.0
40610,2025,53.1435,24.8762,28.2723,13.1517,5.8486,7.6305,846.0,10075.0,927.8054,0.0
40610,2026,53.1435,24.8762,28.2723,13.1517,5.8486,7.6305,846.0,10091.6667,927.8054,0.0
40621,2023,54.6016,17.2366,25.7848,32.0962,2.5338,5.4881,1002.0,28314.2857,166.8123,53.5732
40621,2024,54.6016,17.2366,25.7848,32.0962,2.5338,5.4881,1002.0,28557.1429,164.4459,54.9122
40621,2025,54.6016,17.2366,25.7848,32.0962,2.5338,5.4881,1002.0,28785.7143,163.5023,55.8065
40621,2026,54.6016,17.2366,25.7848,32.0962,2.5338,5.4881,1002.0,28985.7143,163.5023,55.8065
40625,2023,62.5668,38.4615,34.2466,27.4064,2.2636,15.6317,459.0,9956.25,461.2707,7.9471
40625,2024,62.5668,38.4615,34.2466,27.4064,2.2636,15.6317,459.0,10214.2857,444.3459,8.0669
40625,2025,62.5668,38.4615,34.2466,27.4064,2.2636,15.6317,459.0,10028.5714,443.8171,8.1141
40625,2026,62.5668,38.4615,34.2466,27.4064,2.2636,15.6317,459.0,9807.1429,443.8171,8.1141
40642,2023,,,,,,,,16925.0,240.6377,65.273
40642,2024,,,,,,,,16525.0,242.1674,66.1722
40642,2025,,,,,,,,16150.0,245.7002,68.8268
40642,2026,,,,,,,,16000.0,245.7002,68.8268
40646,2023,,,,,,,,8462.5,204.3025,0.0
40646,2024,,,,,,,,8362.5,207.9603,0.0
40646,2025,,,,,,,,8262.5,189.0227,0.0
40646,2026,,,,,,,,8187.5,189.0227,0.0
40647,2023,54.6154,41.2338,33.3333,25.6923,4.4643,19.7309,824.0,12664.2857,465.076,32.7749
40647,2024,54.6154,41.2338,33.3333,25.6923,4.4643,19.7309,824.0,12450.0,472.5483,33.7543
40647,2025,54.6154,41.2338,33.3333,25.6923,4.4643,19.7309,824.0,12235.7143,484.9702,35.2318
40647,2026,54.6154,41.2338,33.3333,25.6923,4.4643,19.7309,824.0,11978.5714,484.9702,35.2318
41201,2023,61.3828,23.1551,30.2707,26.6113,5.719,6.4419,1091.0,33496.7857,107.1365,83.5185
41201,2024,61.3828,23.1551,30.2707,26.6113,5.719,6.4419,1091.0,34675.3571,107.6118,83.5855
41201,2025,61.3828,23.1551,30.2707,26.6113,5.719,6.4419,1091.0,35955.3571,108.1768,83.9488
41201,2026,61.3828,23.1551,30.2707,26.6113,5.719,6.4419,1091.0,38115.7143,108.1768,83.9488
41202,2023,57.7051,31.213,27.2668,29.4048,5.5771,8.287,916.0,17514.5455,186.8823,74.5213
41202,2024,57.7051,31.213,27.2668,29.4048,5.5771,8.287,916.0,17733.1818,186.9669,74.9677
41202,2025,57.7051,31.213,27.2668,29.4048,5.5771,8.287,916.0,17978.6364,188.2518,75.5255
41202,2026,57.7051,31.213,27.2668,29.4048,5.5771,8.287,916.0,18315.4545,188.2518,75.5255
41203,2023,60.6113,13.547,24.9108,33.6307,1.7714,5.6875,1118.0,44425.0,63.1901,99.2836
41203,2024,60.6113,13.547,24.9108,33.6307,1.7714,5.6875,1118.0,46150.0,63.2283,99.1328
41203,2025,60.6113,13.547,24.9108,33.6307,1.7714,5.6875,1118.0,48162.5,63.1969,99.1949
41203,2026,60.6113,13.547,24.9108,33.6307,1.7714,5.6875,1118.0,50662.5,63.1969,99.1949
41204,2023,66.4615,34.7403,30.5085,28.9676,8.0303,14.25,594.0,10550.0,172.2724,31.7801
41204,2024,66.4615,34.7403,30.5085,28.9676,8.0303,14.25,594.0,10400.0,175.1167,33.489
41204,2025,66.4615,34.7403,30.5085,28.9676,8.0303,14.25,594.0,10375.0,178.9366,34.6399
41204,2026,66.4615,34.7403,30.5085,28.9676,8.0303,14.25,594.0,10300.0,178.9366,34.6399
41205,2023,61.653,34.1902,35.1541,27.4127,1.9588,8.821,922.0,16100.0,133.9125,56.3248
41205,2024,61.653,34.1902,35.1541,27.4127,1.9588,8.821,922.0,16750.0,134.2795,56.5428
41205,2025,61.653,34.1902,35.1541,27.4127,1.9588,8.821,922.0,17375.0,135.1037,57.4191
41205,2026,61.653,34.1902,35.1541,27.4127,1.9588,8.821,922.0,18275.0,135.1037,57.4191
41206,2023,62.073,27.8619,31.5243,25.6514,5.4576,7.7903,975.0,15840.0,179.2265,8.4373
41206,2024,62.073,27.8619,31.5243,25.6514,5.4576,7.7903,975.0,16009.0909,180.1062,8.7399
41206,2025,62.073,27.8619,31.5243,25.6514,5.4576,7.7903,975.0,16199.0909,182.0233,9.5802
41206,2026,62.073,27.8619,31.5243,25.6514,5.4576,7.7903,975.0,16562.7273,182.0233,9.5802
41207,2023,66.1734,32.1547,33.4699,25.66,3.3058,6.4889,863.0,18400.0,160.8512,44.1427
41207,2024,66.1734,32.1547,33.4699,25.66,3.3058,6.4889,863.0,18382.5,162.7047,44.9051
41207,2025,66.1734,32.1547,33.4699,25.66,3.3058,6.4889,863.0,18300.0,164.819,46.8872
41207,2026,66.1734,32.1547,33.4699,25.66,3.3058,6.4889,863.0,18225.0,164.819,46.8872
41208,2023,60.1852,20.204,29.2126,31.0494,7.2948,7.0241,862.0,18300.0,34.9375,49.5977
41208,2024,60.1852,20.204,29.2126,31.0494,7.2948,7.0241,862.0,18614.2857,34.7952,50.4462
41208,2025,60.1852,20.204,29.2126,31.0494,7.2948,7.0241,862.0,18985.7143,34.95,50.1101
41208,2026,60.1852,20.204,29.2126,31.0494,7.2948,7.0241,862.0,19571.4286,34.95,50.1101
41209,2023,64.9832,33.6892,34.0176,29.8088,3.7404,6.6108,772.0,12400.0,38.6608,29.6851
41209,2024,64.9832,33.6892,34.0176,29.8088,3.7404,6.6108,772.0,15557.1429,37.9645,32.2738
41209,2025,64.9832,33.6892,34.0176,29.8088,3.7404,6.6108,772.0,15600.0,37.634,32.5125
41209,2026,64.9832,33.6892,34.0176,29.8088,3.7404,6.6108,772.0,15728.5714,37.634,32.5125
41210,2023,62.3412,24.4318,31.1751,29.7641,1.3986,7.4324,948.0,12758.3333,102.534,45.4872
41210,2024,62.3412,24.4318,31.1751,29.7641,1.3986,7.4324,948.0,12835.0,103.1605,48.4624
41210,2025,62.3412,24.4318,31.1751,29.7641,1.3986,7.4324,948.0,12928.3333,94.749,50.5914
41210,2026,62.3412,24.4318,31.1751,29.7641,1.3986,7.4324,948.0,13091.6667,94.749,50.5914
41327,2023,64.5329,21.466,26.6504,38.5813,1.3051,5.2288,793.0,16250.0,308.1094,93.2832
41327,2024,64.5329,21.466,26.6504,38.5813,1.3051,5.2288,793.0,16325.0,308.8708,93.6743
41327,2025,64.5329,21.466,26.6504,38.5813,1.3051,5.2288,793.0,16475.0,309.3677,93.4414
41327,2026,64.5329,21.466,26.6504,38.5813,1.3051,5.2288,793.0,16825.0,309.3677,93.4414
41341,2023,62.1785,21.4286,35.9438,34.3419,1.4104,5.9269,1209.0,31433.3333,157.8797,77.8626
41341,2024,62.1785,21.4286,35.9438,34.3419,1.4104,5.9269,1209.0,33066.6667,157.6102,79.0725
41341,2025,62.1785,21.4286,35.9438,34.3419,1.4104,5.9269,1209.0,35266.6667,157.7,79.6356
41341,2026,62.1785,21.4286,35.9438,34.3419,1.4104,5.9269,1209.0,37633.3333,157.7,79.6356
41345,2023,,,,,,,,17800.0,199.2032,0.0
41345,2024,,,,,,,,18300.0,198.6148,0.0
41345,2025,,,,,,,,18800.0,197.5684,0.0
41345,2026,,,,,,,,23100.0,197.5684,0.0
41346,2023,71.2581,21.2625,33.9498,37.1336,5.074,8.2418,892.0,20800.0,233.7683,43.3559
41346,2024,71.2581,21.2625,33.9498,37.1336,5.074,8.2418,892.0,21140.0,221.6701,44.9163
41346,2025,71.2581,21.2625,33.9498,37.1336,5.074,8.2418,892.0,21560.0,221.5497,46.5798
41346,2026,71.2581,21.2625,33.9498,37.1336,5.074,8.2418,892.0,21340.0,221.5497,46.5798
41387,2023,,,,,,,,6540.0,241.7154,74.7953
41387,2024,,,,,,,,6463.3333,249.6979,74.4664
41387,2025,,,,,,,,6426.6667,256.9948,73.9067
41387,2026,,,,,,,,6390.0,256.9948,73.9067
41401,2023,68.75,39.4813,23.8014,23.1863,6.9444,8.9681,752.0,12370.0,74.5368,49.6667
41401,2024,68.75,39.4813,23.8014,23.1863,6.9444,8.9681,752.0,12156.0,75.3715,49.4055
41401,2025,68.75,39.4813,23.8014,23.1863,6.9444,8.9681,752.0,12000.0,76.5953,49.323
41401,2026,68.75,39.4813,23.8014,23.1863,6.9444,8.9681,752.0,11900.0,76.5953,49.323
41423,2023,,,,,,,,9825.0,425.3585,0.0
41423,2024,,,,,,,,9675.0,431.8332,0.0
41423,2025,,,,,,,,9575.0,439.32,0.0
41423,2026,,,,,,,,9425.0,439.32,0.0
41424,2023,,,,,,,,16800.0,132.1678,77.1048
41424,2024,,,,,,,,17200.0,132.3882,77.0875
41424,2025,,,,,,,,17600.0,132.0578,76.7703
41424,2026,,,,,,,,18000.0,132.0578,76.7703
41425,2023,70.8039,32.4247,30.6729,25.811,8.5554,13.4593,1048.0,10157.1429,89.2323,22.4277
41425,2024,70.8039,32.4247,30.6729,25.811,8.5554,13.4593,1048.0,10071.4286,88.7933,22.6844
41425,2025,70.8039,32.4247,30.6729,25.811,8.5554,13.4593,1048.0,9985.7143,89.4812,22.8891
41425,2026,70.8039,32.4247,30.6729,25.811,8.5554,13.4593,1048.0,9900.0,89.4812,22.8891
41441,2023,,,,,,,,9800.0,161.095,0.0
41441,2024,,,,,,,,9680.0,164.8284,0.0
41441,2025,,,,,,,,9550.0,168.9103,0.0
41441,2026,,,,,,,,9475.0,168.9103,0.0
42201,2023,57.9772,25.186,32.0042,22.2932,5.8426,7.9569,1268.0,47540.4839,227.4206,93.8865
42201,2024,57.9772,25.186,32.0042,22.2932,5.8426,7.9569,1268.0,48700.4839,227.5902,93.8652
42201,2025,57.9772,25.186,32.0042,22.2932,5.8426,7.9569,1268.0,49625.8065,229.2658,94.0318
42201,2026,57.9772,25.186,32.0042,22.2932,5.8426,7.9569,1268.0,51490.1613,229.2658,94.0318
42202,2023,58.5508,27.6085,34.2683,20.8928,3.3457,10.4264,1016.0,27854.0816,222.5614,59.9207
42202,2024,58.5508,27.6085,34.2683,20.8928,3.3457,10.4264,1016.0,28273.8776,222.6622,60.5194
42202,2025,58.5508,27.6085,34.2683,20.8928,3.3457,10.4264,1016.0,28788.9796,226.1174,60.799
42202,2026,58.5508,27.6085,34.2683,20.8928,3.3457,10.4264,1016.0,29333.6735,226.1174,60.799
42203,2023,63.2614,27.5773,31.0249,25.3968,1.8657,11.6818,799.0,19477.7778,207.788,0.0
42203,2024,63.2614,27.5773,31.0249,25.3968,1.8657,11.6818,799.0,19100.0,199.5732,0.0
42203,2025,63.2614,27.5773,31.0249,25.3968,1.8657,11.6818,799.0,18833.3333,196.6987,0.0
42203,2026,63.2614,27.5773,31.0249,25.3968,1.8657,11.6818,799.0,18555.5556,196.6987,0.0
42204,2023,60.3098,23.3882,34.8935,25.1743,2.8383,5.4103,1001.0,25935.0,102.531,67.3943
42204,2024,60.3098,23.3882,34.8935,25.1743,2.8383,5.4103,1001.0,26303.0769,103.1074,67.9673
42204,2025,60.3098,23.3882,34.8935,25.1743,2.8383,5.4103,1001.0,26829.2308,103.462,68.6018
42204,2026,60.3098,23.3882,34.8935,25.1743,2.8383,5.4103,1001.0,28649.2308,103.462,68.6018
42205,2023,56.4541,16.4597,28.3762,31.352,5.1562,4.8845,989.0,31466.6667,145.8725,90.1307
42205,2024,56.4541,16.4597,28.3762,31.352,5.1562,4.8845,989.0,32116.6667,145.3506,90.8472
42205,2025,56.4541,16.4597,28.3762,31.352,5.1562,4.8845,989.0,33050.0,143.2383,91.1088
42205,2026,56.4541,16.4597,28.3762,31.352,5.1562,4.8845,989.0,34108.3333,143.2383,91.1088
42207,2023,56.295,44.6125,31.2994,17.2662,10.9938,19.6065,653.0,10230.9091,328.8526,0.0
42207,2024,56.295,44.6125,31.2994,17.2662,10.9938,19.6065,653.0,9915.4545,332.5507,0.0
42207,2025,56.295,44.6125,31.2994,17.2662,10.9938,19.6065,653.0,9844.5455,333.5961,0.0
42207,2026,56.295,44.6125,31.2994,17.2662,10.9938,19.6065,653.0,9823.6364,333.5961,0.0
42208,2023,54.9191,35.0832,35.6913,19.0535,5.7348,13.1132,617.0,8546.25,501.1933,24.3062
42208,2024,54.9191,35.0832,35.6913,19.0535,5.7348,13.1132,617.0,8466.25,510.4132,24.4341
42208,2025,54.9191,35.0832,35.6913,19.0535,5.7348,13.1132,617.0,8396.25,523.9982,24.918
42208,2026,54.9191,35.0832,35.6913,19.0535,5.7348,13.1132,617.0,8332.5,523.9982,24.918
42209,2023,53.6308,38.5231,35.7143,11.8214,1.6198,15.4101,680.0,12048.125,259.0328,0.0
42209,2024,53.6308,38.5231,35.7143,11.8214,1.6198,15.4101,680.0,11956.875,264.9078,0.0
42209,2025,53.6308,38.5231,35.7143,11.8214,1.6198,15.4101,680.0,11858.125,271.9357,0.0
42209,2026,53.6308,38.5231,35.7143,11.8214,1.6198,15.4101,680.0,11770.0,271.9357,0.0
42210,2023,59.0861,47.2843,31.3968,14.559,2.4262,22.3354,546.0,9067.2727,307.7416,13.5839
42210,2024,59.0861,47.2843,31.3968,14.559,2.4262,22.3354,546.0,8955.4545,315.2709,13.5509
42210,2025,59.0861,47.2843,31.3968,14.559,2.4262,22.3354,546.0,8845.4545,323.5592,13.3932
42210,2026,59.0861,47.2843,31.3968,14.559,2.4262,22.3354,546.0,8745.4545,323.5592,13.3932
42211,2023,46.7208,32.8289,28.7928,13.375,12.1846,19.2096,715.0,8287.3333,166.738,0.0
42211,2024,46.7208,32.8289,28.7928,13.375,12.1846,19.2096,715.0,8112.0,169.0296,0.0
42211,2025,46.7208,32.8289,28.7928,13.375,12.1846,19.2096,715.0,7950.0,172.7971,0.0
42211,2026,46.7208,32.8289,28.7928,13.375,12.1846,19.2096,715.0,7790.6667,172.7971,0.0
42212,2023,65.6151,34.2495,35.3607,18.5924,4.5881,16.4957,559.0,8252.5,452.0915,12.9064
42212,2024,65.6151,34.2495,35.3607,18.5924,4.5881,16.4957,559.0,8108.3333,457.6011,13.3821
42212,2025,65.6151,34.2495,35.3607,18.5924,4.5881,16.4957,559.0,7968.3333,464.5017,13.8229
42212,2026,65.6151,34.2495,35.3607,18.5924,4.5881,16.4957,559.0,8285.0,464.5017,13.8229
42213,2023,55.0477,38.0312,30.2752,19.9864,3.296,11.0986,771.0,12971.0526,143.4412,32.7835
42213,2024,55.0477,38.0312,30.2752,19.9864,3.296,11.0986,771.0,12880.5263,145.377,32.688
42213,2025,55.0477,38.0312,30.2752,19.9864,3.296,11.0986,771.0,12769.4737,147.3333,32.6859
42213,2026,55.0477,38.0312,30.2752,19.9864,3.296,11.0986,771.0,12679.4737,147.3333,32.6859
42214,2023,59.3266,44.7439,30.4314,13.1987,4.7075,15.0433,525.0,12502.1053,203.9665,13.0087
42214,2024,59.3266,44.7439,30.4314,13.1987,4.7075,15.0433,525.0,12274.7368,209.5938,12.9406
42214,2025,59.3266,44.7439,30.4314,13.1987,4.7075,15.0433,525.0,12039.4737,214.3209,12.9208
42214,2026,59.3266,44.7439,30.4314,13.1987,4.7075,15.0433,525.0,11805.2632,214.3209,12.9208
42307,2023,63.9974,20.2927,35.6177,27.6638,5.5844,5.1282,1031.0,51633.3333,40.5991,98.5716
42307,2024,63.9974,20.2927,35.6177,27.6638,5.5844,5.1282,1031.0,52416.6667,41.143,98.6102
42307,2025,63.9974,20.2927,35.6177,27.6638,5.5844,5.1282,1031.0,53200.0,41.5411,98.9057
42307,2026,63.9974,20.2927,35.6177,27.6638,5.5844,5.1282,1031.0,54066.6667,41.5411,98.9057
42308,2023,62.4107,11.0616,27.4696,37.2321,4.2409,2.3585,1106.0,51050.0,25.0474,96.2023
42308,2024,62.4107,11.0616,27.4696,37.2321,4.2409,2.3585,1106.0,51916.6667,25.0907,96.2873
42308,2025,62.4107,11.0616,27.4696,37.2321,4.2409,2.3585,1106.0,52850.0,25.3078,96.2244
42308,2026,62.4107,11.0616,27.4696,37.2321,4.2409,2.3585,1106.0,53866.6667,25.3078,96.2244
42321,2023,,,,,,,,11237.5,182.6363,46.9561
42321,2024,,,,,,,,11150.0,185.1603,47.2561
42321,2025,,,,,,,,11075.0,185.0844,48.2444
42321,2026,,,,,,,,11000.0,185.0844,48.2444
42322,2023,,,,,,,,18400.0,243.2836,71.5299
42322,2024,,,,,,,,18366.6667,247.1195,71.6722
42322,2025,,,,,,,,18366.6667,251.7763,71.3469
42322,2026,,,,,,,,18366.6667,251.7763,71.3469
42323,2023,,,,,,,,15933.3333,219.8418,48.8273
42323,2024,,,,,,,,16000.0,221.7984,50.166
42323,2025,,,,,,,,16100.0,222.5214,50.4713
42323,2026,,,,,,,,16233.3333,222.5214,50.4713
42383,2023,,,,,,,,5353.3333,419.8303,57.1237
42383,2024,,,,,,,,5293.3333,430.995,55.4333
42383,2025,,,,,,,,5250.0,453.9007,55.5556
42383,2026,,,,,,,,5206.6667,453.9007,55.5556
42391,2023,,,,,,,,23766.6667,402.7512,92.5619
42391,2024,,,,,,,,24266.6667,406.0623,92.2576
42391,2025,,,,,,,,24900.0,408.2806,92.2872
42391,2026,,,,,,,,25600.0,408.2806,92.2872
42411,2023,53.4211,39.6574,35.0877,10.6579,11.5334,26.696,371.0,7979.1667,230.5377,0.0
42411,2024,53.4211,39.6574,35.0877,10.6579,11.5334,26.696,371.0,7879.1667,255.108,0.0
42411,2025,53.4211,39.6574,35.0877,10.6579,11.5334,26.696,371.0,7779.1667,269.7518,0.0
42411,2026,53.4211,39.6574,35.0877,10.6579,11.5334,26.696,371.0,7712.5,269.7518,0.0
43100,2023,56.5612,15.8271,30.1513,28.9696,3.9251,4.1288,1152.0,66400.0,180.8125,90.5852
43100,2024,56.5612,15.8271,30.1513,28.9696,3.9251,4.1288,1152.0,68327.0588,180.7517,90.7388
43100,2025,56.5612,15.8271,30.1513,28.9696,3.9251,4.1288,1152.0,69817.4419,180.8483,90.9845
43100,2026,56.5612,15.8271,30.1513,28.9696,3.9251,4.1288,1152.0,73181.1765,180.8483,90.9845
43202,2023,54.8442,33.3912,29.3702,21.4895,5.5671,9.4349,878.0,17870.4762,106.8298,49.2477
43202,2024,54.8442,33.3912,29.3702,21.4895,5.5671,9.4349,878.0,17867.0,108.173,49.7612
43202,2025,54.8442,33.3912,29.3702,21.4895,5.5671,9.4349,878.0,17836.5,110.4788,50.1837
43202,2026,54.8442,33.3912,29.3702,21.4895,5.5671,9.4349,878.0,17816.0,110.4788,50.1837
43203,2023,58.734,31.4103,38.4058,22.0353,3.4161,8.8695,892.0,15580.0,366.6949,73.9149
43203,2024,58.734,31.4103,38.4058,22.0353,3.4161,8.8695,892.0,15560.0,413.0233,74.0693
43203,2025,58.734,31.4103,38.4058,22.0353,3.4161,8.8695,892.0,15500.0,419.2724,74.9613
43203,2026,58.734,31.4103,38.4058,22.0353,3.4161,8.8695,892.0,15420.0,419.2724,74.9613
43204,2023,59.2537,34.6134,31.6812,28.6794,7.0939,11.4846,855.0,20000.0,321.1346,70.1716
43204,2024,59.2537,34.6134,31.6812,28.6794,7.0939,11.4846,855.0,20100.0,326.1417,69.9482
43204,2025,59.2537,34.6134,31.6812,28.6794,7.0939,11.4846,855.0,20180.0,330.1656,69.6121
43204,2026,59.2537,34.6134,31.6812,28.6794,7.0939,11.4846,855.0,20240.0,330.1656,69.6121
43205,2023,63.6265,43.0752,31.4815,22.0174,1.4973,19.5064,740.0,23975.0,364.6131,52.6972
43205,2024,63.6265,43.0752,31.4815,22.0174,1.4973,19.5064,740.0,23850.0,370.4875,52.5234
43205,2025,63.6265,43.0752,31.4815,22.0174,1.4973,19.5064,740.0,23725.0,383.5667,52.678
43205,2026,63.6265,43.0752,31.4815,22.0174,1.4973,19.5064,740.0,23550.0,383.5667,52.678
43206,2023,59.1294,35.4226,30.6565,26.5726,8.055,9.7025,776.0,18005.0,188.5556,55.3398
43206,2024,59.1294,35.4226,30.6565,26.5726,8.055,9.7025,776.0,17945.0,190.1254,55.6904
43206,2025,59.1294,35.4226,30.6565,26.5726,8.055,9.7025,776.0,17890.0,193.0267,55.9969
43206,2026,59.1294,35.4226,30.6565,26.5726,8.055,9.7025,776.0,17800.0,193.0267,55.9969
43208,2023,57.29,39.5437,30.4045,24.4035,3.9687,13.2636,757.0,10966.6667,288.0742,57.0541
43208,2024,57.29,39.5437,30.4045,24.4035,3.9687,13.2636,757.0,10945.8333,291.9468,57.4498
43208,2025,57.29,39.5437,30.4045,24.4035,3.9687,13.2636,757.0,10962.5,294.9877,58.1184
43208,2026,57.29,39.5437,30.4045,24.4035,3.9687,13.2636,757.0,10975.0,294.9877,58.1184
43210,2023,58.4129,26.0454,29.9461,24.8807,4.4469,8.5028,930.0,11637.5,248.3918,60.5927
43210,2024,58.4129,26.0454,29.9461,24.8807,4.4469,8.5028,930.0,12887.5,249.9252,61.1398
43210,2025,58.4129,26.0454,29.9461,24.8807,4.4469,8.5028,930.0,13150.0,245.928,61.9541
43210,2026,58.4129,26.0454,29.9461,24.8807,4.4469,8.5028,930.0,14700.0,245.928,61.9541
43211,2023,60.8596,20.2934,29.2503,35.2264,2.5455,7.0846,881.0,37850.0,199.2709,76.9125
43211,2024,60.8596,20.2934,29.2503,35.2264,2.5455,7.0846,881.0,38300.0,199.8845,77.1906
43211,2025,60.8596,20.2934,29.2503,35.2264,2.5455,7.0846,881.0,38875.0,201.1455,77.3262
43211,2026,60.8596,20.2934,29.2503,35.2264,2.5455,7.0846,881.0,39575.0,201.1455,77.3262
43212,2023,61.7585,43.7568,32.7806,18.3263,4.3841,22.1713,657.0,11260.0,111.1333,16.3582
43212,2024,61.7585,43.7568,32.7806,18.3263,4.3841,22.1713,657.0,11080.0,114.474,16.5205
43212,2025,61.7585,43.7568,32.7806,18.3263,4.3841,22.1713,657.0,11080.0,117.4127,16.6751
43212,2026,61.7585,43.7568,32.7806,18.3263,4.3841,22.1713,657.0,10930.0,117.4127,16.6751
43213,2023,57.5382,26.1397,30.1567,29.2939,6.0829,7.8107,846.0,19583.3333,237.4831,50.8686
43213,2024,57.5382,26.1397,30.1567,29.2939,6.0829,7.8107,846.0,19679.1667,235.6205,51.2396
43213,2025,57.5382,26.1397,30.1567,29.2939,6.0829,7.8107,846.0,19313.6364,237.4193,51.597
43213,2026,57.5382,26.1397,30.1567,29.2939,6.0829,7.8107,846.0,20525.0,237.4193,51.597
43214,2023,64.2785,33.1313,30.4117,28.9606,12.5,11.236,798.0,8257.1429,338.5722,26.6211
43214,2024,64.2785,33.1313,30.4117,28.9606,12.5,11.236,798.0,8600.0,340.0473,26.7879
43214,2025,64.2785,33.1313,30.4117,28.9606,12.5,11.236,798.0,8600.0,345.0559,26.1605
43214,2026,64.2785,33.1313,30.4117,28.9606,12.5,11.236,798.0,8600.0,345.0559,26.1605
43215,2023,64.6705,39.7303,38.1794,18.6685,4.0067,18.5942,759.0,14692.3077,240.8756,35.1859
43215,2024,64.6705,39.7303,38.1794,18.6685,4.0067,18.5942,759.0,15133.3333,244.4272,35.6224
43215,2025,64.6705,39.7303,38.1794,18.6685,4.0067,18.5942,759.0,14654.0,246.3849,35.9997
43215,2026,64.6705,39.7303,38.1794,18.6685,4.0067,18.5942,759.0,14904.1667,246.3849,35.9997
43216,2023,58.4629,13.2059,29.3083,41.4742,1.5198,3.0751,1095.0,46044.4444,44.8243,96.459
43216,2024,58.4629,13.2059,29.3083,41.4742,1.5198,3.0751,1095.0,50011.1111,44.3236,96.5653
43216,2025,58.4629,13.2059,29.3083,41.4742,1.5198,3.0751,1095.0,53833.3333,43.7385,96.6498
43216,2026,58.4629,13.2059,29.3083,41.4742,1.5198,3.0751,1095.0,54633.3333,43.7385,96.6498
43348,2023,,,,,,,,5525.0,284.7054,0.0
43348,2024,,,,,,,,5200.0,286.2617,0.0
43348,2025,,,,,,,,5337.5,294.2539,0.0
43348,2026,,,,,,,,5050.0,294.2539,0.0
43364,2023,,,,,,,,12600.0,301.4692,0.0
43364,2024,,,,,,,,12516.6667,296.6673,0.0
43364,2025,,,,,,,,12500.0,298.5653,0.0
43364,2026,,,,,,,,12500.0,298.5653,0.0
43367,2023,,,,,,,,6950.0,326.6304,26.1415
43367,2024,,,,,,,,6916.6667,331.9783,26.4228
43367,2025,,,,,,,,6916.6667,339.6096,26.21
43367,2026,,,,,,,,6916.6667,339.6096,26.21
43368,2023,65.2685,35.1351,36.646,23.4899,12.0861,10.7193,767.0,12716.6667,235.3928,95.7823
43368,2024,65.2685,35.1351,36.646,23.4899,12.0861,10.7193,767.0,12683.3333,236.1542,95.6975
43368,2025,65.2685,35.1351,36.646,23.4899,12.0861,10.7193,767.0,12650.0,239.816,96.0053
43368,2026,65.2685,35.1351,36.646,23.4899,12.0861,10.7193,767.0,12650.0,239.816,96.0053
43369,2023,,,,,,,,4884.0,105.3424,16.715
43369,2024,,,,,,,,4860.0,107.645,17.9152
43369,2025,,,,,,,,4840.0,108.8043,18.0082
43369,2026,,,,,,,,4810.0,108.8043,18.0082
43403,2023,54.539,21.4234,28.1642,35.8828,5.4907,2.625,1020.0,39800.0,241.743,77.2495
43403,2024,54.539,21.4234,28.1642,35.8828,5.4907,2.625,1020.0,43140.0,241.5794,77.4082
43403,2025,54.539,21.4234,28.1642,35.8828,5.4907,2.625,1020.0,47800.0,238.8355,78.6094
43403,2026,54.539,21.4234,28.1642,35.8828,5.4907,2.625,1020.0,51060.0,238.8355,78.6094
43404,2023,57.5221,16.8328,31.1644,32.1903,1.1597,0.9286,1138.0,51480.0,55.8174,97.6827
43404,2024,57.5221,16.8328,31.1644,32.1903,1.1597,0.9286,1138.0,59150.0,55.5619,97.4724
43404,2025,57.5221,16.8328,31.1644,32.1903,1.1597,0.9286,1138.0,65742.8571,55.7574,97.8725
43404,2026,57.5221,16.8328,31.1644,32.1903,1.1597,0.9286,1138.0,71485.7143,55.7574,97.8725
43423,2023,,,,,,,,9766.6667,449.3506,42.3896
43423,2024,,,,,,,,9733.3333,446.4516,41.8839
43423,2025,,,,,,,,9700.0,454.7844,42.1924
43423,2026,,,,,,,,9666.6667,454.7844,42.1924
43424,2023,,,,,,,,9966.6667,548.6886,0.0
43424,2024,,,,,,,,9883.3333,553.751,0.0
43424,2025,,,,,,,,9800.0,562.3511,0.0
43424,2026,,,,,,,,9716.6667,562.3511,0.0
43425,2023,,,,,,,,3225.0,637.8455,0.0
43425,2024,,,,,,,,3175.0,652.3297,0.0
43425,2025,,,,,,,,3125.0,668.626,0.0
43425,2026,,,,,,,,3105.0,668.626,0.0
43428,2023,,,,,,,,8950.0,412.7456,0.0
43428,2024,,,,,,,,8900.0,421.301,0.0
43428,2025,,,,,,,,8900.0,429.332,0.0
43428,2026,,,,,,,,8900.0,429.332,0.0
43432,2023,,,,,,,,16066.6667,184.8109,0.0
43432,2024,,,,,,,,16133.3333,184.0403,0.0
43432,2025,,,,,,,,16200.0,180.9443,0.0
43432,2026,,,,,,,,16366.6667,180.9443,0.0
43433,2023,,,,,,,,5420.0,350.5662,0.0
43433,2024,,,,,,,,5420.0,351.9525,0.0
43433,2025,,,,,,,,5420.0,354.0794,0.0
43433,2026,,,,,,,,6371.4286,354.0794,0.0
43441,2023,66.0856,25.3612,28.6267,31.9048,7.0203,7.5758,1030.0,20166.6667,304.381,51.7917
43441,2024,66.0856,25.3612,28.6267,31.9048,7.0203,7.5758,1030.0,20500.0,298.2303,53.1767
43441,2025,66.0856,25.3612,28.6267,31.9048,7.0203,7.5758,1030.0,21066.6667,292.4146,54.0301
43441,2026,66.0856,25.3612,28.6267,31.9048,7.0203,7.5758,1030.0,21833.3333,292.4146,54.0301
43442,2023,,,,,,,,34700.0,63.5425,76.9261
43442,2024,,,,,,,,35175.0,62.9983,78.1671
43442,2025,,,,,,,,42500.0,62.4147,78.896
43442,2026,,,,,,,,36750.0,62.4147,78.896
43443,2023,69.9486,12.934,33.9686,46.5296,1.2479,4.9231,906.0,40500.0,310.8132,93.3478
43443,2024,69.9486,12.934,33.9686,46.5296,1.2479,4.9231,906.0,40900.0,307.864,93.2111
43443,2025,69.9486,12.934,33.9686,46.5296,1.2479,4.9231,906.0,41716.6667,307.2683,93.6699
43443,2026,69.9486,12.934,33.9686,46.5296,1.2479,4.9231,906.0,42716.6667,307.2683,93.6699
43444,2023,,,,,,,,13750.0,259.9046,0.0
43444,2024,,,,,,,,13466.6667,263.1579,0.0
43444,2025,,,,,,,,13183.3333,268.3957,0.0
43444,2026,,,,,,,,12966.6667,268.3957,0.0
43447,2023,,,,,,,,7500.0,288.4827,0.0
43447,2024,,,,,,,,7380.0,283.3032,0.0
43447,2025,,,,,,,,7290.0,291.7669,0.0
43447,2026,,,,,,,,7210.0,291.7669,0.0
43468,2023,,,,,,,,11975.0,217.3719,87.3155
43468,2024,,,,,,,,11900.0,193.7135,87.3355
43468,2025,,,,,,,,11850.0,197.3562,87.3115
43468,2026,,,,,,,,11725.0,197.3562,87.3115
43482,2023,73.2394,45.3427,37.844,17.6056,13.5563,14.4699,603.0,15100.0,403.2053,0.0
43482,2024,73.2394,45.3427,37.844,17.6056,13.5563,14.4699,603.0,15066.6667,433.787,0.0
43482,2025,73.2394,45.3427,37.844,17.6056,13.5563,14.4699,603.0,14986.6667,455.0649,0.0
43482,2026,73.2394,45.3427,37.844,17.6056,13.5563,14.4699,603.0,14906.6667,455.0649,0.0
43484,2023,,,,,,,,9966.6667,404.7179,0.0
43484,2024,,,,,,,,9900.0,415.0854,0.0
43484,2025,,,,,,,,9833.3333,426.1018,0.0
43484,2026,,,,,,,,9766.6667,426.1018,0.0
43501,2023,,,,,,,,7233.3333,214.9387,46.2167
43501,2024,,,,,,,,7276.6667,215.201,45.9748
43501,2025,,,,,,,,7320.0,214.2928,47.1743
43501,2026,,,,,,,,7333.3333,214.2928,47.1743
43505,2023,,,,,,,,5866.6667,361.3502,64.4314
43505,2024,,,,,,,,5833.3333,372.9249,64.7533
43505,2025,,,,,,,,5800.0,383.3674,64.5235
43505,2026,,,,,,,,5766.6667,383.3674,64.5235
43506,2023,,,,,,,,5200.0,440.6874,81.0976
43506,2024,,,,,,,,5075.0,454.2873,80.7212
43506,2025,,,,,,,,4950.0,464.4412,80.6676
43506,2026,,,,,,,,4825.0,464.4412,80.6676
43507,2023,,,,,,,,4300.0,648.6486,46.9779
43507,2024,,,,,,,,4275.0,668.0162,47.7733
43507,2025,,,,,,,,4250.0,677.7031,47.4392
43507,2026,,,,,,,,4200.0,677.7031,47.4392
43510,2023,,,,,,,,5000.0,227.1062,0.0
43510,2024,,,,,,,,4866.6667,231.4008,0.0
43510,2025,,,,,,,,4800.0,234.7892,0.0
43510,2026,,,,,,,,4733.3333,234.7892,0.0
43511,2023,,,,,,,,2875.0,595.4825,0.0
43511,2024,,,,,,,,2775.0,615.7113,0.0
43511,2025,,,,,,,,2675.0,624.3272,0.0
43511,2026,,,,,,,,2595.0,624.3272,0.0
43512,2023,,,,,,,,5466.6667,515.873,0.0
43512,2024,,,,,,,,5466.6667,524.6818,0.0
43512,2025,,,,,,,,5483.3333,534.4719,0.0
43512,2026,,,,,,,,5500.0,534.4719,0.0
43513,2023,,,,,,,,4250.0,50.7099,0.0
43513,2024,,,,,,,,3766.6667,297.9182,0.0
43513,2025,,,,,,,,3666.6667,487.1601,0.0
43513,2026,,,,,,,,3616.6667,487.1601,0.0
43514,2023,,,,,,,,5617.1429,274.1514,82.1836
43514,2024,,,,,,,,5958.3333,277.526,81.7935
43514,2025,,,,,,,,5860.0,282.4015,81.5977
43514,2026,,,,,,,,5905.0,282.4015,81.5977
43531,2023,,,,,,,,12566.6667,158.2712,77.5529
43531,2024,,,,,,,,12466.6667,162.2718,77.9841
43531,2025,,,,,,,,12350.0,167.1488,78.1421
43531,2026,,,,,,,,12216.6667,167.1488,78.1421
44201,2023,54.5869,17.3248,30.5845,25.1838,4.4754,4.7336,1145.0,53020.1754,111.0677,67.9994
44201,2024,54.5869,17.3248,30.5845,25.1838,4.4754,4.7336,1145.0,55048.2456,111.4892,69.9483
44201,2025,54.5869,17.3248,30.5845,25.1838,4.4754,4.7336,1145.0,57345.614,111.081,71.6533
44201,2026,54.5869,17.3248,30.5845,25.1838,4.4754,4.7336,1145.0,60183.3333,111.081,71.6533
44202,2023,55.0287,28.3354,32.469,21.4385,5.5816,6.2974,1011.0,39034.375,219.5454,68.5611
44202,2024,55.0287,28.3354,32.469,21.4385,5.5816,6.2974,1011.0,39301.25,220.5869,68.8159
44202,2025,55.0287,28.3354,32.469,21.4385,5.5816,6.2974,1011.0,40062.5,222.1826,69.1772
44202,2026,55.0287,28.3354,32.469,21.4385,5.5816,6.2974,1011.0,41371.875,222.1826,69.1772
44203,2023,55.5024,24.6041,29.694,25.9218,2.4115,10.9323,957.0,15294.0,149.938,45.6372
44203,2024,55.5024,24.6041,29.694,25.9218,2.4115,10.9323,957.0,15270.6667,151.0563,46.1768
44203,2025,55.5024,24.6041,29.694,25.9218,2.4115,10.9323,957.0,15281.3333,154.5557,46.6488
44203,2026,55.5024,24.6041,29.694,25.9218,2.4115,10.9323,957.0,15298.6667,154.5557,46.6488
44204,2023,62.1951,33.2492,32.7428,26.9975,4.4552,10.5108,912.0,13734.375,187.8222,72.8544
44204,2024,62.1951,33.2492,32.7428,26.9975,4.4552,10.5108,912.0,13787.5,190.7566,73.2957
44204,2025,62.1951,33.2492,32.7428,26.9975,4.4552,10.5108,912.0,13768.75,193.6652,73.7389
44204,2026,62.1951,33.2492,32.7428,26.9975,4.4552,10.5108,912.0,13768.125,193.6652,73.7389
44205,2023,58.2634,35.1282,32.9762,20.6204,3.5984,14.8823,814.0,13981.4286,246.9982,34.9075
44205,2024,58.2634,35.1282,32.9762,20.6204,3.5984,14.8823,814.0,13864.2857,252.6515,35.3255
44205,2025,58.2634,35.1282,32.9762,20.6204,3.5984,14.8823,814.0,13762.8571,257.2537,35.5237
44205,2026,58.2634,35.1282,32.9762,20.6204,3.5984,14.8823,814.0,13667.619,257.2537,35.5237
44206,2023,64.3258,39.8734,37.344,19.1848,2.6298,16.3676,882.0,20694.0,158.2865,48.3632
44206,2024,64.3258,39.8734,37.344,19.1848,2.6298,16.3676,882.0,20600.0,160.5839,48.7788
44206,2025,64.3258,39.8734,37.344,19.1848,2.6298,16.3676,882.0,20466.0,163.9203,48.7577
44206,2026,64.3258,39.8734,37.344,19.1848,2.6298,16.3676,882.0,20372.0,163.9203,48.7577
44207,2023,66.8246,45.8537,37.2361,21.6772,10.5346,19.0367,611.0,20950.0,151.878,55.2054
44207,2024,66.8246,45.8537,37.2361,21.6772,10.5346,19.0367,611.0,20750.0,156.6359,55.5895
44207,2025,66.8246,45.8537,37.2361,21.6772,10.5346,19.0367,611.0,20550.0,160.8812,55.5941
44207,2026,66.8246,45.8537,37.2361,21.6772,10.5346,19.0367,611.0,20350.0,160.8812,55.5941
44208,2023,66.1725,46.6216,35.7711,26.5499,5.7487,22.4565,642.0,7180.0,264.4545,0.0
44208,2024,66.1725,46.6216,35.7711,26.5499,5.7487,22.4565,642.0,7113.75,270.8978,0.0
44208,2025,66.1725,46.6216,35.7711,26.5499,5.7487,22.4565,642.0,7050.0,276.9995,0.0
44208,2026,66.1725,46.6216,35.7711,26.5499,5.7487,22.4565,642.0,6988.75,276.9995,0.0
44209,2023,64.0321,40.7577,33.4688,24.055,0.6803,22.5434,721.0,7172.8571,204.2657,53.0865
44209,2024,64.0321,40.7577,33.4688,24.055,0.6803,22.5434,721.0,7165.7143,206.2842,53.0419
44209,2025,64.0321,40.7577,33.4688,24.055,0.6803,22.5434,721.0,7147.1429,208.295,53.6601
44209,2026,64.0321,40.7577,33.4688,24.055,0.6803,22.5434,721.0,7127.1429,208.295,53.6601
44210,2023,57.4109,26.0094,29.3827,26.4789,1.0714,16.6248,826.0,10963.3333,144.3488,38.0949
44210,2024,57.4109,26.0094,29.3827,26.4789,1.0714,16.6248,826.0,10863.3333,147.5048,38.2913
44210,2025,57.4109,26.0094,29.3827,26.4789,1.0714,16.6248,826.0,10741.6667,149.1225,38.8139
44210,2026,57.4109,26.0094,29.3827,26.4789,1.0714,16.6248,826.0,10571.6667,149.1225,38.8139
44211,2023,57.3239,31.2277,28.8005,25.1394,7.6634,18.4321,835.0,8361.0,293.4732,33.8702
44211,2024,57.3239,31.2277,28.8005,25.1394,7.6634,18.4321,835.0,8349.0,297.0898,34.9891
44211,2025,57.3239,31.2277,28.8005,25.1394,7.6634,18.4321,835.0,8379.0,301.5085,36.0887
44211,2026,57.3239,31.2277,28.8005,25.1394,7.6634,18.4321,835.0,8402.0,301.5085,36.0887
44212,2023,62.8264,39.2415,34.5967,20.8909,3.2984,16.131,843.0,7211.4286,298.0697,3.4416
44212,2024,62.8264,39.2415,34.5967,20.8909,3.2984,16.131,843.0,7192.1429,303.9829,3.4824
44212,2025,62.8264,39.2415,34.5967,20.8909,3.2984,16.131,843.0,7192.8571,315.9572,3.5002
44212,2026,62.8264,39.2415,34.5967,20.8909,3.2984,16.131,843.0,7170.0,315.9572,3.5002
44213,2023,65.6299,26.9804,29.1355,25.8366,2.7111,9.4187,961.0,16857.5,165.8167,0.0
44213,2024,65.6299,26.9804,29.1355,25.8366,2.7111,9.4187,961.0,16995.0,164.6814,0.0
44213,2025,65.6299,26.9804,29.1355,25.8366,2.7111,9.4187,961.0,17227.5,164.3746,0.0
44213,2026,65.6299,26.9804,29.1355,25.8366,2.7111,9.4187,961.0,17588.75,164.3746,0.0
44214,2023,57.8138,37.1257,36.1882,18.8034,3.3557,15.0779,640.0,8220.0,325.4517,56.4842
44214,2024,57.8138,37.1257,36.1882,18.8034,3.3557,15.0779,640.0,8124.4444,329.6319,56.6353
44214,2025,57.8138,37.1257,36.1882,18.8034,3.3557,15.0779,640.0,8036.6667,336.6037,57.0152
44214,2026,57.8138,37.1257,36.1882,18.8034,3.3557,15.0779,640.0,7960.0,336.6037,57.0152
44322,2023,,,,,,,,9555.0,253.8631,83.223
44322,2024,,,,,,,,9285.0,261.8099,83.6084
44322,2025,,,,,,,,9080.0,268.8486,84.2782
44322,2026,,,,,,,,8875.0,268.8486,84.2782
44341,2023,57.2222,18.463,29.0086,34.8148,2.8444,7.2539,883.0,27200.0,102.0807,57.841
44341,2024,57.2222,18.463,29.0086,34.8148,2.8444,7.2539,883.0,27300.0,98.1442,57.9229
44341,2025,57.2222,18.463,29.0086,34.8148,2.8444,7.2539,883.0,27600.0,95.9431,58.263
44341,2026,57.2222,18.463,29.0086,34.8148,2.8444,7.2539,883.0,27950.0,95.9431,58.263
44461,2023,,,,,,,,5400.0,249.7422,0.0
44461,2024,,,,,,,,5333.3333,255.7785,0.0
44461,2025,,,,,,,,5270.0,250.542,0.0
44461,2026,,,,,,,,5210.0,250.542,0.0
44462,2023,,,,,,,,19650.0,202.3081,0.0
44462,2024,,,,,,,,19600.0,204.0816,0.0
44462,2025,,,,,,,,19400.0,207.8505,0.0
44462,2026,,,,,,,,19100.0,207.8505,0.0
45201,2023,49.8984,19.6775,26.7969,23.208,7.2319,4.8558,1092.0,47793.1818,134.868,91.1639
45201,2024,49.8984,19.6775,26.7969,23.208,7.2319,4.8558,1092.0,48034.0909,135.4534,91.0769
45201,2025,49.8984,19.6775,26.7969,23.208,7.2319,4.8558,1092.0,48550.0,136.3991,91.466
45201,2026,49.8984,19.6775,26.7969,23.208,7.2319,4.8558,1092.0,49334.0909,136.3991,91.466
45202,2023,51.8465,23.6264,30.2905,23.1679,4.5957,13.6404,860.0,16280.0,211.9984,44.1267
45202,2024,51.8465,23.6264,30.2905,23.1679,4.5957,13.6404,860.0,16266.0,206.73,45.1741
45202,2025,51.8465,23.6264,30.2905,23.1679,4.5957,13.6404,860.0,16272.0,205.3219,44.4204
45202,2026,51.8465,23.6264,30.2905,23.1679,4.5957,13.6404,860.0,16322.0,205.3219,44.4204
45203,2023,58.7411,34.1865,33.6868,19.708,3.3085,9.2259,956.0,24776.6667,207.2081,76.6023
45203,2024,58.7411,34.1865,33.6868,19.708,3.3085,9.2259,956.0,24828.0952,212.7807,76.5113
45203,2025,58.7411,34.1865,33.6868,19.708,3.3085,9.2259,956.0,24938.0952,215.2085,76.9564
45203,2026,58.7411,34.1865,33.6868,19.708,3.3085,9.2259,956.0,25100.9524,215.2085,76.9564
45204,2023,55.9921,34.3811,30.363,14.9804,5.4185,13.5011,773.0,14743.75,349.2768,41.9272
45204,2024,55.9921,34.3811,30.363,14.9804,5.4185,13.5011,773.0,14550.0,355.8537,42.2355
45204,2025,55.9921,34.3811,30.363,14.9804,5.4185,13.5011,773.0,14356.25,361.8407,42.2175
45204,2026,55.9921,34.3811,30.363,14.9804,5.4185,13.5011,773.0,14175.0,361.8407,42.2175
45205,2023,51.4464,31.9907,29.3205,20.4765,10.0549,14.5527,751.0,13628.5714,183.9096,24.4845
45205,2024,51.4464,31.9907,29.3205,20.4765,10.0549,14.5527,751.0,13600.0,186.522,25.2119
45205,2025,51.4464,31.9907,29.3205,20.4765,10.0549,14.5527,751.0,13571.4286,188.9483,25.6352
45205,2026,51.4464,31.9907,29.3205,20.4765,10.0549,14.5527,751.0,13514.2857,188.9483,25.6352
45206,2023,57.6858,26.8799,32.2088,22.8885,7.2742,8.0307,838.0,22990.0,223.2699,58.5722
45206,2024,57.6858,26.8799,32.2088,22.8885,7.2742,8.0307,838.0,23050.0,225.774,59.117
45206,2025,57.6858,26.8799,32.2088,22.8885,7.2742,8.0307,838.0,23180.0,228.8796,59.5865
45206,2026,57.6858,26.8799,32.2088,22.8885,7.2742,8.0307,838.0,23460.0,228.8796,59.5865
45207,2023,52.7387,33.595,27.7457,16.875,4.3143,21.9672,654.0,11500.0,243.6727,22.1483
45207,2024,52.7387,33.595,27.7457,16.875,4.3143,21.9672,654.0,11250.0,245.8074,22.7947
45207,2025,52.7387,33.595,27.7457,16.875,4.3143,21.9672,654.0,11000.0,252.3836,23.5122
45207,2026,52.7387,33.595,27.7457,16.875,4.3143,21.9672,654.0,10800.0,252.3836,23.5122
45208,2023,52.9204,38.2063,29.3981,23.8938,3.6689,12.6126,775.0,20650.0,343.9914,49.884
45208,2024,52.9204,38.2063,29.3981,23.8938,3.6689,12.6126,775.0,20650.0,346.981,50.0193
45208,2025,52.9204,38.2063,29.3981,23.8938,3.6689,12.6126,775.0,20650.0,352.2331,50.577
45208,2026,52.9204,38.2063,29.3981,23.8938,3.6689,12.6126,775.0,20650.0,352.2331,50.577
45209,2023,56.2074,36.2892,30.1303,17.7353,0.6658,24.1811,582.0,12300.0,309.1413,0.0
45209,2024,56.2074,36.2892,30.1303,17.7353,0.6658,24.1811,582.0,12150.0,316.1198,0.0
45209,2025,56.2074,36.2892,30.1303,17.7353,0.6658,24.1811,582.0,11950.0,323.4312,0.0
45209,2026,56.2074,36.2892,30.1303,17.7353,0.6658,24.1811,582.0,11800.0,323.4312,0.0
45341,2023,52.3524,18.6094,27.4969,27.2545,16.1067,12.7782,713.0,16050.0,211.9883,47.857
45341,2024,52.3524,18.6094,27.4969,27.2545,16.1067,12.7782,713.0,16125.0,210.6036,50.3517
45341,2025,52.3524,18.6094,27.4969,27.2545,16.1067,12.7782,713.0,16200.0,209.8583,51.6625
45341,2026,52.3524,18.6094,27.4969,27.2545,16.1067,12.7782,713.0,16300.0,209.8583,51.6625
45361,2023,,,,,,,,10700.0,233.0844,0.0
45361,2024,,,,,,,,10450.0,239.8137,0.0
45361,2025,,,,,,,,10250.0,243.0597,0.0
45361,2026,,,,,,,,10050.0,243.0597,0.0
45382,2023,58.6721,30.8108,31.8627,21.1382,9.0541,13.7277,627.0,13166.6667,307.5689,40.9949
45382,2024,58.6721,30.8108,31.8627,21.1382,9.0541,13.7277,627.0,13166.6667,312.4151,41.0486
45382,2025,58.6721,30.8108,31.8627,21.1382,9.0541,13.7277,627.0,13166.6667,315.1894,41.298
45382,2026,58.6721,30.8108,31.8627,21.1382,9.0541,13.7277,627.0,13166.6667,315.1894,41.298
45383,2023,,,,,,,,14950.0,471.39,59.1509
45383,2024,,,,,,,,14950.0,478.3172,58.2337
45383,2025,,,,,,,,14950.0,489.3147,59.6758
45383,2026,,,,,,,,14950.0,489.3147,59.6758
45401,2023,54.0828,24.2604,28.9242,18.9349,8.9862,12.3845,810.0,19166.6667,256.4752,36.2563
45401,2024,54.0828,24.2604,28.9242,18.9349,8.9862,12.3845,810.0,19100.0,259.5138,36.4807
45401,2025,54.0828,24.2604,28.9242,18.9349,8.9862,12.3845,810.0,19033.3333,262.5162,37.2711
45401,2026,54.0828,24.2604,28.9242,18.9349,8.9862,12.3845,810.0,18966.6667,262.5162,37.2711
45402,2023,59.8673,26.6556,20.0,25.8706,4.2623,9.6685,687.0,13900.0,288.9626,0.0
45402,2024,59.8673,26.6556,20.0,25.8706,4.2623,9.6685,687.0,13900.0,291.9009,0.0
45402,2025,59.8673,26.6556,20.0,25.8706,4.2623,9.6685,687.0,13900.0,296.1165,0.0
45402,2026,59.8673,26.6556,20.0,25.8706,4.2623,9.6685,687.0,13900.0,296.1165,0.0
45403,2023,,,,,,,,5275.0,1174.2777,38.1174
45403,2024,,,,,,,,5225.0,1234.0842,36.8266
45403,2025,,,,,,,,5175.0,1412.7144,44.7023
45403,2026,,,,,,,,5125.0,1412.7144,44.7023
45404,2023,,,,,,,,7000.0,537.8973,71.5974
45404,2024,,,,,,,,7000.0,545.983,71.5591
45404,2025,,,,,,,,7000.0,558.3864,71.8684
45404,2026,,,,,,,,8790.0,558.3864,71.8684
45405,2023,51.2774,29.5539,22.6981,19.8905,5.5652,12.3404,727.0,12600.0,335.8728,22.7559
45405,2024,51.2774,29.5539,22.6981,19.8905,5.5652,12.3404,727.0,12550.0,339.5847,22.4648
45405,2025,51.2774,29.5539,22.6981,19.8905,5.5652,12.3404,727.0,12500.0,341.3833,22.6585
45405,2026,51.2774,29.5539,22.6981,19.8905,5.5652,12.3404,727.0,12450.0,341.3833,22.6585
45406,2023,,,,,,,,11200.0,404.4046,0.0
45406,2024,,,,,,,,11100.0,408.9476,0.0
45406,2025,,,,,,,,11000.0,414.2543,0.0
45406,2026,,,,,,,,10900.0,414.2543,0.0
45421,2023,65.6294,26.6476,33.3333,22.0963,0.8475,8.6735,960.0,15225.0,229.5082,0.0
45421,2024,65.6294,26.6476,33.3333,22.0963,0.8475,8.6735,960.0,15325.0,214.6421,0.0
45421,2025,65.6294,26.6476,33.3333,22.0963,0.8475,8.6735,960.0,15500.0,217.788,0.0
45421,2026,65.6294,26.6476,33.3333,22.0963,0.8475,8.6735,960.0,15700.0,217.788,0.0
45429,2023,,,,,,,,2125.0,900.6004,13.0087
45429,2024,,,,,,,,2110.0,932.7846,14.2661
45429,2025,,,,,,,,2090.0,960.1707,14.367
45429,2026,,,,,,,,2075.0,960.1707,14.367
45430,2023,,,,,,,,1745.0,522.0418,0.0
45430,2024,,,,,,,,1730.0,555.5556,0.0
45430,2025,,,,,,,,1715.0,569.4098,0.0
45430,2026,,,,,,,,1700.0,569.4098,0.0
45431,2023,,,,,,,,4350.0,529.0349,0.0
45431,2024,,,,,,,,4283.3333,562.3263,0.0
45431,2025,,,,,,,,4246.6667,581.6011,0.0
45431,2026,,,,,,,,4210.0,581.6011,0.0
45441,2023,,,,,,,,16050.0,128.8956,32.7624
45441,2024,,,,,,,,16050.0,131.3644,33.3484
45441,2025,,,,,,,,16050.0,128.6441,34.3452
45441,2026,,,,,,,,16050.0,128.6441,34.3452
45442,2023,,,,,,,,4025.0,473.2739,0.0
45442,2024,,,,,,,,4010.0,487.8049,0.0
45442,2025,,,,,,,,4000.0,465.0483,0.0
45442,2026,,,,,,,,3990.0,465.0483,0.0
45443,2023,,,,,,,,4155.0,239.7945,0.0
45443,2024,,,,,,,,4155.0,248.1536,0.0
45443,2025,,,,,,,,4155.0,265.4057,0.0
45443,2026,,,,,,,,4350.0,265.4057,0.0
46201,2023,57.4963,18.5922,30.7265,24.773,5.5528,7.4281,1177.0,91332.0312,183.8637,78.3495
46201,2024,57.4963,18.5922,30.7265,24.773,5.5528,7.4281,1177.0,92482.8125,184.1383,78.1962
46201,2025,57.4963,18.5922,30.7265,24.773,5.5528,7.4281,1177.0,93744.5312,185.3152,78.2055
46201,2026,57.4963,18.5922,30.7265,24.773,5.5528,7.4281,1177.0,95268.75,185.3152,78.2055
46203,2023,44.8861,22.142,27.2284,21.0832,3.4954,9.9315,789.0,8200.0,213.8597,18.65
46203,2024,44.8861,22.142,27.2284,21.0832,3.4954,9.9315,789.0,8181.8182,210.7291,19.0339
46203,2025,44.8861,22.142,27.2284,21.0832,3.4954,9.9315,789.0,8184.5455,211.9117,19.1207
46203,2026,44.8861,22.142,27.2284,21.0832,3.4954,9.9315,789.0,8176.3636,211.9117,19.1207
46204,2023,55.9551,40.6742,29.4751,15.9371,7.2131,20.3642,617.0,15500.0,182.6021,63.16
46204,2024,55.9551,40.6742,29.4751,15.9371,7.2131,20.3642,617.0,14733.3333,189.2384,63.2545
46204,2025,55.9551,40.6742,29.4751,15.9371,7.2131,20.3642,617.0,14133.3333,188.3797,63.1548
46204,2026,55.9551,40.6742,29.4751,15.9371,7.2131,20.3642,617.0,13633.3333,188.3797,63.1548
46206,2023,56.5881,30.2098,29.9465,14.2857,2.7027,23.1214,669.0,7816.6667,248.4932,0.0
46206,2024,56.5881,30.2098,29.9465,14.2857,2.7027,23.1214,669.0,7616.6667,252.4544,0.0
46206,2025,56.5881,30.2098,29.9465,14.2857,2.7027,23.1214,669.0,7433.3333,256.2407,0.0
46206,2026,56.5881,30.2098,29.9465,14.2857,2.7027,23.1214,669.0,7233.3333,256.2407,0.0
46208,2023,55.4358,28.0378,30.1258,19.9551,3.7644,13.6592,751.0,9820.0,305.7999,61.2577
46208,2024,55.4358,28.0378,30.1258,19.9551,3.7644,13.6592,751.0,9680.0,308.2093,61.6052
46208,2025,55.4358,28.0378,30.1258,19.9551,3.7644,13.6592,751.0,9580.0,310.4756,61.6613
46208,2026,55.4358,28.0378,30.1258,19.9551,3.7644,13.6592,751.0,9480.0,310.4756,61.6613
46210,2023,57.1429,36.6729,29.944,16.8317,3.5842,19.9196,675.0,11061.1111,201.1069,27.8328
46210,2024,57.1429,36.6729,29.944,16.8317,3.5842,19.9196,675.0,10927.7778,204.1139,28.0011
46210,2025,57.1429,36.6729,29.944,16.8317,3.5842,19.9196,675.0,10705.5556,208.0254,28.285
46210,2026,57.1429,36.6729,29.944,16.8317,3.5842,19.9196,675.0,10494.4444,208.0254,28.285
46213,2023,52.352,39.5738,33.0337,8.6495,8.6697,13.1068,892.0,9833.3333,312.8251,0.0
46213,2024,52.352,39.5738,33.0337,8.6495,8.6697,13.1068,892.0,9733.3333,299.3844,0.0
46213,2025,52.352,39.5738,33.0337,8.6495,8.6697,13.1068,892.0,9700.0,304.3632,0.0
46213,2026,52.352,39.5738,33.0337,8.6495,8.6697,13.1068,892.0,13960.0,304.3632,0.0
46214,2023,58.2759,32.931,29.4479,17.5559,7.4324,21.5294,661.0,12000.0,324.4275,0.0
46214,2024,58.2759,32.931,29.4479,17.5559,7.4324,21.5294,661.0,11800.0,333.3836,0.0
46214,2025,58.2759,32.931,29.4479,17.5559,7.4324,21.5294,661.0,11600.0,332.9993,0.0
46214,2026,58.2759,32.931,29.4479,17.5559,7.4324,21.5294,661.0,11400.0,332.9993,0.0
46215,2023,51.8908,21.1278,29.9406,20.9116,10.4634,17.0487,829.0,10569.5652,267.6481,10.9108
46215,2024,51.8908,21.1278,29.9406,20.9116,10.4634,17.0487,829.0,10371.7391,267.9644,11.2342
46215,2025,51.8908,21.1278,29.9406,20.9116,10.4634,17.0487,829.0,10180.4348,269.8374,11.665
46215,2026,51.8908,21.1278,29.9406,20.9116,10.4634,17.0487,829.0,9997.8261,269.8374,11.665
46216,2023,64.7842,21.8834,33.0584,26.2653,1.2156,14.7708,782.0,12722.2222,227.9111,41.0921
46216,2024,64.7842,21.8834,33.0584,26.2653,1.2156,14.7708,782.0,12677.7778,222.3318,41.4926
46216,2025,64.7842,21.8834,33.0584,26.2653,1.2156,14.7708,782.0,12522.2222,221.7454,41.9192
46216,2026,64.7842,21.8834,33.0584,26.2653,1.2156,14.7708,782.0,12372.2222,221.7454,41.9192
46217,2023,50.9832,30.7299,22.9277,16.2418,5.1873,18.7291,614.0,6248.5714,331.5476,12.2321
46217,2024,50.9832,30.7299,22.9277,16.2418,5.1873,18.7291,614.0,6180.0,338.412,12.1403
46217,2025,50.9832,30.7299,22.9277,16.2418,5.1873,18.7291,614.0,6114.2857,345.8133,12.0398
46217,2026,50.9832,30.7299,22.9277,16.2418,5.1873,18.7291,614.0,6055.7143,345.8133,12.0398
46218,2023,50.2245,17.7949,30.2966,22.302,5.2243,12.4257,872.0,15276.1905,358.4741,34.415
46218,2024,50.2245,17.7949,30.2966,22.302,5.2243,12.4257,872.0,15301.9048,358.6898,34.4574
46218,2025,50.2245,17.7949,30.2966,22.302,5.2243,12.4257,872.0,15402.8571,360.2828,34.9647
46218,2026,50.2245,17.7949,30.2966,22.302,5.2243,12.4257,872.0,15500.0,360.2828,34.9647
46219,2023,66.826,30.6883,35.316,21.6061,1.8009,16.8983,800.0,13466.6667,218.3769,36.8483
46219,2024,66.826,30.6883,35.316,21.6061,1.8009,16.8983,800.0,12950.0,218.7631,36.8417
46219,2025,66.826,30.6883,35.316,21.6061,1.8009,16.8983,800.0,12566.6667,220.4743,36.8142
46219,2026,66.826,30.6883,35.316,21.6061,1.8009,16.8983,800.0,12283.3333,220.4743,36.8142
46220,2023,66.7438,35.1852,34.7911,20.216,2.8073,26.7327,777.0,7634.6154,223.9846,1.2578
46220,2024,66.7438,35.1852,34.7911,20.216,2.8073,26.7327,777.0,7396.1538,224.7793,2.1564
46220,2025,66.7438,35.1852,34.7911,20.216,2.8073,26.7327,777.0,7130.7692,226.7318,3.6181
46220,2026,66.7438,35.1852,34.7911,20.216,2.8073,26.7327,777.0,6892.3077,226.7318,3.6181
46221,2023,45.0751,24.3243,18.4069,18.5154,4.6005,20.2654,728.0,5500.0,159.6887,0.0
46221,2024,45.0751,24.3243,18.4069,18.5154,4.6005,20.2654,728.0,5400.0,160.9975,0.0
46221,2025,45.0751,24.3243,18.4069,18.5154,4.6005,20.2654,728.0,5300.0,161.0149,0.0
46221,2026,45.0751,24.3243,18.4069,18.5154,4.6005,20.2654,728.0,5207.1429,161.0149,0.0
46222,2023,53.5403,37.0915,36.035,7.2985,6.6632,11.5172,825.0,25125.0,531.7975,81.4207
46222,2024,53.5403,37.0915,36.035,7.2985,6.6632,11.5172,825.0,25256.25,540.4614,81.6233
46222,2025,53.5403,37.0915,36.035,7.2985,6.6632,11.5172,825.0,25358.75,550.2125,81.9081
46222,2026,53.5403,37.0915,36.035,7.2985,6.6632,11.5172,825.0,25402.5,550.2125,81.9081
46223,2023,63.3132,34.1408,32.642,18.4709,4.0693,23.7486,603.0,7192.8571,192.3958,11.9377
46223,2024,63.3132,34.1408,32.642,18.4709,4.0693,23.7486,603.0,7085.7143,200.4427,12.0234
46223,2025,63.3132,34.1408,32.642,18.4709,4.0693,23.7486,603.0,6971.4286,203.4523,12.0259
46223,2026,63.3132,34.1408,32.642,18.4709,4.0693,23.7486,603.0,6864.2857,203.4523,12.0259
46224,2023,56.1576,34.9754,31.1005,20.6897,6.4485,24.9838,627.0,5050.0,294.5717,0.0
46224,2024,56.1576,34.9754,31.1005,20.6897,6.4485,24.9838,627.0,4891.6667,300.7068,0.0
46224,2025,56.1576,34.9754,31.1005,20.6897,6.4485,24.9838,627.0,4741.6667,308.5986,0.0
46224,2026,56.1576,34.9754,31.1005,20.6897,6.4485,24.9838,627.0,4625.0,308.5986,0.0
46225,2023,62.67,22.5357,32.2765,31.2658,2.1907,11.7735,941.0,17788.8889,173.5466,0.0
46225,2024,62.67,22.5357,32.2765,31.2658,2.1907,11.7735,941.0,17761.1111,168.1199,0.0
46225,2025,62.67,22.5357,32.2765,31.2658,2.1907,11.7735,941.0,18005.5556,168.3243,0.0
46225,2026,62.67,22.5357,32.2765,31.2658,2.1907,11.7735,941.0,18138.8889,168.3243,0.0
46303,2023,,,,,,,,1900.0,2899.729,0.0
46303,2024,,,,,,,,1900.0,3021.978,0.0
46303,2025,,,,,,,,1900.0,3284.8837,0.0
46303,2026,,,,,,,,1900.0,3284.8837,0.0
46304,2023,,,,,,,,1500.0,1963.4703,0.0
46304,2024,,,,,,,,1500.0,1921.9219,0.0
46304,2025,,,,,,,,1500.0,1916.7905,0.0
46304,2026,,,,,,,,1500.0,1916.7905,0.0
46392,2023,58.2036,31.6927,31.4204,21.5827,3.8095,23.1615,504.0,4235.7143,275.9291,0.0
46392,2024,58.2036,31.6927,31.4204,21.5827,3.8095,23.1615,504.0,4157.1429,277.7053,0.0
46392,2025,58.2036,31.6927,31.4204,21.5827,3.8095,23.1615,504.0,4071.4286,282.4134,0.0
46392,2026,58.2036,31.6927,31.4204,21.5827,3.8095,23.1615,504.0,4000.0,282.4134,0.0
46404,2023,,,,,,,,5912.5,151.9013,0.0
46404,2024,,,,,,,,5825.0,153.4792,0.0
46404,2025,,,,,,,,5775.0,156.3996,0.0
46404,2026,,,,,,,,5675.0,156.3996,0.0
46452,2023,,,,,,,,6360.0,534.4828,0.0
46452,2024,,,,,,,,6220.0,545.9057,0.0
46452,2025,,,,,,,,6020.0,557.0292,0.0
46452,2026,,,,,,,,5800.0,557.0292,0.0
46468,2023,,,,,,,,3783.3333,166.1558,25.1976
46468,2024,,,,,,,,3733.3333,169.659,25.7042
46468,2025,,,,,,,,3683.3333,172.9058,26.2548
46468,2026,,,,,,,,3633.3333,172.9058,26.2548
46482,2023,,,,,,,,5300.0,305.6836,0.0
46482,2024,,,,,,,,5260.0,289.7877,0.0
46482,2025,,,,,,,,5223.3333,287.6906,0.0
46482,2026,,,,,,,,5203.3333,287.6906,0.0
46490,2023,,,,,,,,3482.5,530.1205,0.0
46490,2024,,,,,,,,3435.0,546.9605,0.0
46490,2025,,,,,,,,3387.5,559.6107,0.0
46490,2026,,,,,,,,3347.5,559.6107,0.0
46491,2023,,,,,,,,5650.0,432.1182,0.0
46491,2024,,,,,,,,5500.0,449.4564,0.0
46491,2025,,,,,,,,5355.0,476.9959,0.0
46491,2026,,,,,,,,5225.0,476.9959,0.0
46492,2023,,,,,,,,5500.0,261.2176,0.0
46492,2024,,,,,,,,5437.5,251.7212,0.0
46492,2025,,,,,,,,5375.0,256.8632,0.0
46492,2026,,,,,,,,5300.0,256.8632,0.0
46501,2023,,,,,,,,4700.0,300.4406,0.0
46501,2024,,,,,,,,4583.3333,306.8073,0.0
46501,2025,,,,,,,,4516.6667,313.9961,0.0
46501,2026,,,,,,,,4450.0,313.9961,0.0
46502,2023,,,,,,,,4700.0,412.0828,0.0
46502,2024,,,,,,,,4616.6667,468.9864,0.0
46502,2025,,,,,,,,4533.3333,479.2148,0.0
46502,2026,,,,,,,,4450.0,479.2148,0.0
46505,2023,,,,,,,,5840.0,492.1528,0.0
46505,2024,,,,,,,,5741.6667,476.2316,0.0
46505,2025,,,,,,,,5658.3333,487.3742,0.0
46505,2026,,,,,,,,5595.0,487.3742,0.0
46523,2023,,,,,,,,3470.0,1287.1287,0.0
46523,2024,,,,,,,,3460.0,1273.8854,0.0
46523,2025,,,,,,,,3450.0,1343.9306,0.0
46523,2026,,,,,,,,3450.0,1343.9306,0.0
46524,2023,,,,,,,,4090.0,629.1591,0.0
46524,2024,,,,,,,,4080.0,640.3941,0.0
46524,2025,,,,,,,,4070.0,648.3791,0.0
46524,2026,,,,,,,,4060.0,648.3791,0.0
46525,2023,,,,,,,,15023.3333,781.8053,0.0
46525,2024,,,,,,,,15100.0,793.3446,0.0
46525,2025,,,,,,,,15200.0,799.1094,0.0
46525,2026,,,,,,,,15266.6667,799.1094,0.0
46527,2023,,,,,,,,10650.0,400.5318,0.0
46527,2024,,,,,,,,10850.0,402.0687,0.0
46527,2025,,,,,,,,11150.0,400.7316,0.0
46527,2026,,,,,,,,11450.0,400.7316,0.0
46529,2023,,,,,,,,4290.0,490.4798,47.0982
46529,2024,,,,,,,,4273.3333,489.8596,47.0515
46529,2025,,,,,,,,4256.6667,507.3728,47.8357
46529,2026,,,,,,,,4240.0,507.3728,47.8357
46530,2023,,,,,,,,9400.0,490.7677,25.8309
46530,2024,,,,,,,,9250.0,497.6656,26.711
46530,2025,,,,,,,,9100.0,503.8602,28.779
46530,2026,,,,,,,,8950.0,503.8602,28.779
46531,2023,,,,,,,,4300.0,625.335,0.0
46531,2024,,,,,,,,4233.3333,620.4906,0.0
46531,2025,,,,,,,,4166.6667,640.9083,0.0
46531,2026,,,,,,,,4100.0,640.9083,0.0
46532,2023,,,,,,,,4166.6667,506.2097,0.0
46532,2024,,,,,,,,4106.6667,533.6988,0.0
46532,2025,,,,,,,,4046.6667,526.7449,0.0
46532,2026,,,,,,,,3983.3333,526.7449,0.0
46533,2023,,,,,,,,5763.3333,416.1372,49.9206
46533,2024,,,,,,,,5666.6667,426.0163,50.7805
46533,2025,,,,,,,,5566.6667,438.4937,51.6151
46533,2026,,,,,,,,5466.6667,438.4937,51.6151
46534,2023,,,,,,,,5606.6667,429.535,39.8829
46534,2024,,,,,,,,5466.6667,432.0203,39.9528
46534,2025,,,,,,,,5333.3333,438.4172,39.6062
46534,2026,,,,,,,,5200.0,438.4172,39.6062
46535,2023,,,,,,,,6800.0,250.0985,0.0
46535,2024,,,,,,,,6800.0,250.197,0.0
46535,2025,,,,,,,,6800.0,250.889,0.0
46535,2026,,,,,,,,6850.0,250.889,0.0
47201,2023,41.8868,19.205,24.338,6.2653,9.2674,2.3183,1320.0,217157.8947,184.0835,97.8235
47201,2024,41.8868,19.205,24.338,6.2653,9.2674,2.3183,1320.0,224473.6842,183.21,97.643
47201,2025,41.8868,19.205,24.338,6.2653,9.2674,2.3183,1320.0,234157.8947,183.1385,97.9028
47201,2026,41.8868,19.205,24.338,6.2653,9.2674,2.3183,1320.0,244055.5556,183.1385,97.9028
47205,2023,38.6946,17.7424,21.5241,10.4662,6.6056,2.775,1180.0,125428.5714,34.1082,95.4393
47205,2024,38.6946,17.7424,21.5241,10.4662,6.6056,2.775,1180.0,132428.5714,34.0902,95.9411
47205,2025,38.6946,17.7424,21.5241,10.4662,6.6056,2.775,1180.0,139285.7143,34.0492,96.0356
47205,2026,38.6946,17.7424,21.5241,10.4662,6.6056,2.775,1180.0,148285.7143,34.0492,96.0356
47207,2023,31.0473,20.0117,18.5286,7.7087,10.6954,1.7864,1201.0,32633.3333,42.8023,32.558
47207,2024,31.0473,20.0117,18.5286,7.7087,10.6954,1.7864,1201.0,35183.3333,42.2386,32.189
47207,2025,31.0473,20.0117,18.5286,7.7087,10.6954,1.7864,1201.0,37483.3333,42.5447,32.3339
47207,2026,31.0473,20.0117,18.5286,7.7087,10.6954,1.7864,1201.0,39716.6667,42.5447,32.3339
47208,2023,44.8332,15.0788,23.6932,9.3373,10.9583,2.0302,1180.0,136966.6667,30.0773,96.4236
47208,2024,44.8332,15.0788,23.6932,9.3373,10.9583,2.0302,1180.0,141555.5556,30.1181,96.5182
47208,2025,44.8332,15.0788,23.6932,9.3373,10.9583,2.0302,1180.0,147333.3333,30.1335,97.0178
47208,2026,44.8332,15.0788,23.6932,9.3373,10.9583,2.0302,1180.0,154555.5556,30.1335,97.0178
47209,2023,33.3453,12.7493,13.1485,3.9124,15.2583,3.9827,1084.0,24277.5,138.5908,69.6018
47209,2024,33.3453,12.7493,13.1485,3.9124,15.2583,3.9827,1084.0,25008.75,138.024,69.7478
47209,2025,33.3453,12.7493,13.1485,3.9124,15.2583,3.9827,1084.0,26587.5,131.4611,70.2428
47209,2026,33.3453,12.7493,13.1485,3.9124,15.2583,3.9827,1084.0,28912.5,131.4611,70.2428
47210,2023,44.7079,16.2675,19.1136,8.7835,8.9559,7.6344,1072.0,45880.0,52.4221,68.8967
47210,2024,44.7079,16.2675,19.1136,8.7835,8.9559,7.6344,1072.0,47020.0,52.3903,68.6537
47210,2025,44.7079,16.2675,19.1136,8.7835,8.9559,7.6344,1072.0,49800.0,59.1165,68.3438
47210,2026,44.7079,16.2675,19.1136,8.7835,8.9559,7.6344,1072.0,52840.0,59.1165,68.3438
47211,2023,31.9513,21.2358,18.0533,10.0582,8.242,2.5426,1020.0,73880.0,71.2088,96.8145
47211,2024,31.9513,21.2358,18.0533,10.0582,8.242,2.5426,1020.0,77320.0,75.6239,96.9673
47211,2025,31.9513,21.2358,18.0533,10.0582,8.242,2.5426,1020.0,81190.0,70.6933,97.1003
47211,2026,31.9513,21.2358,18.0533,10.0582,8.242,2.5426,1020.0,84540.0,70.6933,97.1003
47212,2023,45.4035,11.5978,20.5013,8.8719,5.054,2.6306,1172.0,89728.5714,63.5291,74.0759
47212,2024,45.4035,11.5978,20.5013,8.8719,5.054,2.6306,1172.0,94942.8571,63.3878,73.9142
47212,2025,45.4035,11.5978,20.5013,8.8719,5.054,2.6306,1172.0,100585.7143,63.5918,73.7923
47212,2026,45.4035,11.5978,20.5013,8.8719,5.054,2.6306,1172.0,106857.1429,63.5918,73.7923
47213,2023,33.5845,19.9283,16.1624,12.118,14.4592,3.7172,1029.0,43185.7143,49.6932,67.2017
47213,2024,33.5845,19.9283,16.1624,12.118,14.4592,3.7172,1029.0,45661.4286,49.4803,67.1217
47213,2025,33.5845,19.9283,16.1624,12.118,14.4592,3.7172,1029.0,48750.0,49.3115,67.0093
47213,2026,33.5845,19.9283,16.1624,12.118,14.4592,3.7172,1029.0,51978.5714,49.3115,67.0093
47214,2023,33.6219,25.8242,18.5874,6.0137,14.4573,8.5781,1119.0,14781.8182,256.6502,15.1524
47214,2024,33.6219,25.8242,18.5874,6.0137,14.4573,8.5781,1119.0,17095.4545,255.9041,15.2699
47214,2025,33.6219,25.8242,18.5874,6.0137,14.4573,8.5781,1119.0,20283.6364,256.2168,15.5563
47214,2026,33.6219,25.8242,18.5874,6.0137,14.4573,8.5781,1119.0,22481.8182,256.2168,15.5563
47215,2023,44.8562,23.2362,19.5867,7.7316,11.2415,6.7067,1008.0,35070.0,18.725,26.9596
47215,2024,44.8562,23.2362,19.5867,7.7316,11.2415,6.7067,1008.0,36960.0,18.5113,26.8156
47215,2025,44.8562,23.2362,19.5867,7.7316,11.2415,6.7067,1008.0,38600.0,18.3256,26.2972
47215,2026,44.8562,23.2362,19.5867,7.7316,11.2415,6.7067,1008.0,40800.0,18.3256,26.2972
47301,2023,,,,,,,,7396.6667,217.5844,0.0
47301,2024,,,,,,,,7396.6667,217.1986,0.0
47301,2025,,,,,,,,7473.3333,219.7802,0.0
47301,2026,,,,,,,,7553.3333,219.7802,0.0
47302,2023,,,,,,,,10450.0,532.1945,9.0013
47302,2024,,,,,,,,10486.6667,542.3502,8.7379
47302,2025,,,,,,,,10686.6667,556.701,9.5876
47302,2026,,,,,,,,10966.6667,556.701,9.5876
47303,2023,,,,,,,,3993.3333,964.6119,0.0
47303,2024,,,,,,,,3993.3333,975.1875,0.0
47303,2025,,,,,,,,4066.6667,993.5332,0.0
47303,2026,,,,,,,,4266.6667,993.5332,0.0
47306,2023,,,,,,,,10450.0,132.422,0.0
47306,2024,,,,,,,,10450.0,133.5344,0.0
47306,2025,,,,,,,,11350.0,135.0321,0.0
47306,2026,,,,,,,,12510.0,135.0321,0.0
47308,2023,,,,,,,,19180.0,164.5901,63.321
47308,2024,,,,,,,,19520.0,164.9961,63.0918
47308,2025,,,,,,,,20200.0,170.5559,63.2685
47308,2026,,,,,,,,21100.0,170.5559,63.2685
47311,2023,,,,,,,,27960.0,90.2815,0.0
47311,2024,,,,,,,,30840.0,90.5701,0.0
47311,2025,,,,,,,,34500.0,100.7423,0.0
47311,2026,,,,,,,,38160.0,100.7423,0.0
47313,2023,,,,,,,,13633.3333,187.2124,0.0
47313,2024,,,,,,,,14633.3333,178.2616,0.0
47313,2025,,,,,,,,16166.6667,181.5385,0.0
47313,2026,,,,,,,,17933.3333,181.5385,0.0
47314,2023,,,,,,,,23000.0,161.5579,0.0
47314,2024,,,,,,,,24750.0,161.5438,0.0
47314,2025,,,,,,,,26500.0,161.1358,0.0
47314,2026,,,,,,,,28900.0,161.1358,0.0
47315,2023,,,,,,,,9073.3333,238.2043,0.0
47315,2024,,,,,,,,10560.0,242.142,0.0
47315,2025,,,,,,,,10493.3333,243.6739,0.0
47315,2026,,,,,,,,10480.0,243.6739,0.0
47324,2023,38.7199,21.1371,24.9453,10.3295,15.0123,3.1514,956.0,77200.0,12.8446,24.8567
47324,2024,38.7199,21.1371,24.9453,10.3295,15.0123,3.1514,956.0,79800.0,12.8388,26.36
47324,2025,38.7199,21.1371,24.9453,10.3295,15.0123,3.1514,956.0,82733.3333,12.7693,27.4161
47324,2026,38.7199,21.1371,24.9453,10.3295,15.0123,3.1514,956.0,86100.0,12.7693,27.4161
47325,2023,,,,,,,,74600.0,218.1846,99.1105
47325,2024,,,,,,,,76900.0,220.1089,99.3941
47325,2025,,,,,,,,79300.0,222.3255,99.938
47325,2026,,,,,,,,81700.0,222.3255,99.938
47326,2023,42.4537,18.7273,23.1788,22.4184,7.3892,2.1682,1379.0,124660.0,52.3128,98.5648
47326,2024,42.4537,18.7273,23.1788,22.4184,7.3892,2.1682,1379.0,126180.0,52.2462,98.8176
47326,2025,42.4537,18.7273,23.1788,22.4184,7.3892,2.1682,1379.0,133300.0,51.9498,98.5099
47326,2026,42.4537,18.7273,23.1788,22.4184,7.3892,2.1682,1379.0,145840.0,51.9498,98.5099
47327,2023,41.5888,21.7532,22.9592,6.0748,16.3531,8.3847,1090.0,54133.3333,0.0,64.1615
47327,2024,41.5888,21.7532,22.9592,6.0748,16.3531,8.3847,1090.0,59000.0,0.0,64.964
47327,2025,41.5888,21.7532,22.9592,6.0748,16.3531,8.3847,1090.0,68833.3333,0.0,65.0604
47327,2026,41.5888,21.7532,22.9592,6.0748,16.3531,8.3847,1090.0,75300.0,0.0,65.0604
47328,2023,44.0898,11.2455,12.8755,6.7296,15.5902,1.921,1288.0,71800.0,0.0,63.5682
47328,2024,44.0898,11.2455,12.8755,6.7296,15.5902,1.921,1288.0,76633.3333,0.0,67.3284
47328,2025,44.0898,11.2455,12.8755,6.7296,15.5902,1.921,1288.0,82166.6667,0.0,68.4125
47328,2026,44.0898,11.2455,12.8755,6.7296,15.5902,1.921,1288.0,87233.3333,0.0,68.4125
47329,2023,35.1893,19.4379,26.4706,6.1618,9.2514,2.6889,1130.0,92125.0,1.6794,42.1574
47329,2024,35.1893,19.4379,26.4706,6.1618,9.2514,2.6889,1130.0,97400.0,1.6827,42.4389
47329,2025,35.1893,19.4379,26.4706,6.1618,9.2514,2.6889,1130.0,105000.0,1.6826,42.8139
47329,2026,35.1893,19.4379,26.4706,6.1618,9.2514,2.6889,1130.0,109350.0,1.6826,42.8139
47348,2023,42.6073,11.7355,21.3768,5.8824,7.2368,7.7626,1100.0,70033.3333,53.9919,81.7477
47348,2024,42.6073,11.7355,21.3768,5.8824,7.2368,7.7626,1100.0,73800.0,54.1897,86.4777
47348,2025,42.6073,11.7355,21.3768,5.8824,7.2368,7.7626,1100.0,78933.3333,54.2169,87.2641
47348,2026,42.6073,11.7355,21.3768,5.8824,7.2368,7.7626,1100.0,85500.0,54.2169,87.2641
47350,2023,44.9799,10.4181,22.9752,5.1574,2.1025,3.8726,1171.0,91950.0,0.0,69.4011
47350,2024,44.9799,10.4181,22.9752,5.1574,2.1025,3.8726,1171.0,95600.0,0.0,69.5441
47350,2025,44.9799,10.4181,22.9752,5.1574,2.1025,3.8726,1171.0,100750.0,0.0,69.3008
47350,2026,44.9799,10.4181,22.9752,5.1574,2.1025,3.8726,1171.0,106500.0,0.0,69.3008
47353,2023,,,,,,,,11950.0,1007.1942,33.2374
47353,2024,,,,,,,,12300.0,1037.037,33.3333
47353,2025,,,,,,,,12500.0,1052.6316,32.9323
47353,2026,,,,,,,,12800.0,1052.6316,32.9323
47354,2023,,,,,,,,12600.0,938.5475,62.4581
47354,2024,,,,,,,,13000.0,965.5172,66.8966
47354,2025,,,,,,,,13350.0,1099.6564,65.4066
47354,2026,,,,,,,,13700.0,1099.6564,65.4066
47355,2023,,,,,,,,1960.0,300.3003,0.0
47355,2024,,,,,,,,1960.0,301.2048,0.0
47355,2025,,,,,,,,1960.0,295.858,0.0
47355,2026,,,,,,,,1960.0,295.858,0.0
47356,2023,,,,,,,,1470.0,189.2744,0.0
47356,2024,,,,,,,,1470.0,200.0,0.0
47356,2025,,,,,,,,1470.0,206.1856,0.0
47356,2026,,,,,,,,1470.0,206.1856,0.0
47357,2023,,,,,,,,5300.0,694.2149,0.0
47357,2024,,,,,,,,5300.0,686.2745,0.0
47357,2025,,,,,,,,5300.0,684.5966,0.0
47357,2026,,,,,,,,5300.0,684.5966,0.0
47358,2023,,,,,,,,1530.0,1974.1697,0.0
47358,2024,,,,,,,,1530.0,1921.0054,0.0
47358,2025,,,,,,,,1530.0,1966.9118,0.0
47358,2026,,,,,,,,1530.0,1966.9118,0.0
47359,2023,,,,,,,,2445.0,964.5507,0.0
47359,2024,,,,,,,,2445.0,1100.8403,0.0
47359,2025,,,,,,,,2445.0,1099.916,0.0
47359,2026,,,,,,,,2445.0,1099.916,0.0
47360,2023,,,,,,,,3185.0,512.2324,0.0
47360,2024,,,,,,,,3185.0,533.752,0.0
47360,2025,,,,,,,,3185.0,573.9693,0.0
47360,2026,,,,,,,,3185.0,573.9693,0.0
47361,2023,,,,,,,,9535.0,59.3552,62.4983
47361,2024,,,,,,,,9262.5,60.4479,63.7725
47361,2025,,,,,,,,9232.5,61.6246,64.2997
47361,2026,,,,,,,,9305.0,61.6246,64.2997
47362,2023,35.9641,16.019,15.7224,10.2151,5.1215,3.3953,1166.0,54280.0,14.7104,0.0
47362,2024,35.9641,16.019,15.7224,10.2151,5.1215,3.3953,1166.0,56940.0,14.5981,0.0
47362,2025,35.9641,16.019,15.7224,10.2151,5.1215,3.3953,1166.0,60160.0,7.217,0.0
47362,2026,35.9641,16.019,15.7224,10.2151,5.1215,3.3953,1166.0,63640.0,7.217,0.0
47375,2023,,,,,,,,6185.0,875.576,0.0
47375,2024,,,,,,,,6185.0,897.0727,0.0
47375,2025,,,,,,,,6185.0,913.4615,0.0
47375,2026,,,,,,,,6290.0,913.4615,0.0
47381,2023,,,,,,,,7085.0,375.4664,7.2062
47381,2024,,,,,,,,7375.0,378.9127,7.6253
47381,2025,,,,,,,,7750.0,392.1103,7.5333
47381,2026,,,,,,,,8225.0,392.1103,7.5333
47382,2023,,,,,,,,8195.0,521.7391,0.0
47382,2024,,,,,,,,8200.0,553.2666,0.0
47382,2025,,,,,,,,8200.0,556.5423,0.0
47382,2026,,,,,,,,8200.0,556.5423,0.0
