市区町村コード,年度版,特定健診受診率,特定保健指導実施率,大腸がん検診受診率_国保,集団健康教育参加率,男性65_74歳要介護認定率,国保医療費地域差指数,人口あたり一般診療所数,人口あたり医師数
01100,2023,20.7406,13.9944,7.8573,7.3109,5.3304,1.0578,73.8449,356.058
01100,2024,21.1419,15.6635,7.9201,14.8438,5.2667,1.061,73.227,356.058
01100,2025,21.1419,15.6635,8.0578,18.5473,5.2233,1.061,73.227,356.058
01100,2026,21.1419,15.6635,8.0578,18.5473,5.2317,1.061,73.227,356.058
01202,2023,32.7499,33.429,7.9926,7.7071,6.0087,1.0852,83.05,337.5186
01202,2024,35.176,37.2288,8.008,9.4763,5.7993,1.0903,82.0088,337.5186
01202,2025,35.176,37.2288,11.3945,12.8224,6.0938,1.0903,82.0088,337.5186
01202,2026,35.176,37.2288,11.3945,12.8224,5.9803,1.0903,82.0088,337.5186
01203,2023,30.4245,17.7694,5.6157,6.7021,6.6026,1.1869,70.9364,267.1629
01203,2024,34.3746,20.0342,6.0085,12.1442,6.9408,1.1999,71.3568,267.1629
01203,2025,34.3746,20.0342,5.9797,6.5205,6.7531,1.1999,71.3568,267.1629
01203,2026,34.3746,20.0342,5.9797,6.5205,6.2373,1.1999,71.3568,267.1629
01204,2023,29.7809,41.9521,,0.6912,5.8003,1.0926,67.2453,413.0345
01204,2024,31.2199,39.4564,,1.7255,5.9345,1.0976,70.2168,413.0345
01204,2025,31.2199,39.4564,,11.4391,5.7618,1.0976,70.2168,413.0345
01204,2026,31.2199,39.4564,,11.4391,5.5692,1.0976,70.2168,413.0345
01205,2023,38.1136,58.7131,,16.8189,4.5285,1.0891,66.452,332.2599
01205,2024,39.0418,53.2258,,25.9049,3.9784,1.0873,65.3432,332.2599
01205,2025,39.0418,53.2258,11.8135,22.4257,4.3487,1.0873,65.3432,332.2599
01205,2026,39.0418,53.2258,11.8135,22.4257,3.9815,1.0873,65.3432,332.2599
01206,2023,30.0442,65.3666,8.252,2.5766,6.0559,1.0174,49.8495,236.1621
01206,2024,32.0242,60.5375,8.4614,3.3014,6.0804,1.0081,49.5178,236.1621
01206,2025,32.0242,60.5375,7.1496,5.7277,6.3072,1.0081,49.5178,236.1621
01206,2026,32.0242,60.5375,7.1496,5.7277,6.1983,1.0081,49.5178,236.1621
01207,2023,35.0612,24.7573,15.4991,13.3475,5.005,0.9908,67.0674,324.3626
01207,2024,36.5826,24.2767,15.5074,22.4546,5.0855,0.9902,68.3245,324.3626
01207,2025,36.5826,24.2767,15.3955,22.1997,4.8795,0.9902,68.3245,324.3626
01207,2026,36.5826,24.2767,15.3955,22.1997,4.7306,0.9902,68.3245,324.3626
01208,2023,27.0977,26.7544,8.9784,10.3975,5.1158,0.9383,61.9272,219.3991
01208,2024,27.1442,25.69,7.2857,23.7322,5.124,0.9186,58.1708,219.3991
01208,2025,27.1442,25.69,7.2123,14.879,4.981,0.9186,58.1708,219.3991
01208,2026,27.1442,25.69,7.2123,14.879,4.8889,0.9186,58.1708,219.3991
01209,2023,36.9173,44.6429,10.9815,6.2634,6.1871,1.1544,74.3052,118.8884
01209,2024,39.9011,47.0588,9.9675,0.0,5.6836,1.0517,77.991,118.8884
01209,2025,39.9011,47.0588,11.3475,0.0,6.5327,1.0517,77.991,118.8884
01209,2026,39.9011,47.0588,11.3475,0.0,7.2761,1.0517,77.991,118.8884
01210,2023,26.6614,11.6147,14.5561,16.532,4.7992,1.0136,76.87,226.7012
01210,2024,28.1558,22.0065,15.1089,14.7615,4.839,1.0749,79.447,226.7012
01210,2025,28.1558,22.0065,15.0689,13.2122,5.0098,1.0749,79.447,226.7012
01210,2026,28.1558,22.0065,15.0689,13.2122,5.162,1.0749,79.447,226.7012
01211,2023,26.6129,5.1429,9.9615,4.6585,4.4018,0.9122,53.8213,155.4838
01211,2024,27.5365,6.3492,10.229,3.1658,4.3387,0.9221,54.8012,155.4838
01211,2025,27.5365,6.3492,10.8037,1.9335,4.137,0.9221,54.8012,155.4838
01211,2026,27.5365,6.3492,10.8037,1.9335,4.1725,0.9221,54.8012,155.4838
01212,2023,24.9363,26.4706,7.3137,3.4254,4.709,1.103,77.9869,223.5624
01212,2024,30.0319,21.7391,6.2455,4.2379,4.9006,1.1283,85.5844,223.5624
01212,2025,30.0319,21.7391,6.7916,7.8107,4.2945,1.1283,85.5844,223.5624
01212,2026,30.0319,21.7391,6.7916,7.8107,4.5125,1.1283,85.5844,223.5624
01213,2023,34.7378,25.6186,16.7366,16.3526,4.4452,0.9831,55.853,200.2389
01213,2024,34.5238,23.9291,16.6805,18.8928,4.5206,1.0048,55.74,200.2389
01213,2025,34.5238,23.9291,16.7556,26.7275,4.5921,1.0048,55.74,200.2389
01213,2026,34.5238,23.9291,16.7556,26.7275,4.7917,1.0048,55.74,200.2389
01214,2023,25.5741,37.7778,15.5351,64.9446,3.8823,0.9298,47.4024,154.8477
01214,2024,24.6316,36.9565,15.9025,88.3682,3.4423,1.0084,51.703,154.8477
01214,2025,24.6316,36.9565,16.0618,65.881,3.3318,1.0084,51.703,154.8477
01214,2026,24.6316,36.9565,16.0618,65.881,3.9524,1.0084,51.703,154.8477
01215,2023,29.7691,48.0,8.8042,1.2125,5.3788,1.0972,56.4103,220.5128
01215,2024,30.1317,52.9412,8.7897,12.2886,5.2252,1.1868,57.968,220.5128
01215,2025,30.1317,52.9412,7.8537,79.785,5.1757,1.1868,57.968,220.5128
01215,2026,30.1317,52.9412,7.8537,79.785,4.4308,1.1868,57.968,220.5128
01216,2023,33.7379,64.2857,15.402,12.5505,6.1856,1.2766,33.4001,100.2004
01216,2024,35.8249,66.6667,14.7385,19.6487,5.8185,1.2551,34.5692,100.2004
01216,2025,35.8249,66.6667,15.1961,7.1975,5.3706,1.2551,34.5692,100.2004
01216,2026,35.8249,66.6667,15.1961,7.1975,5.228,1.2551,34.5692,100.2004
01217,2023,26.2194,40.9901,14.4625,1.3713,4.2421,1.0257,60.4184,125.0325
01217,2024,28.1886,38.189,16.1984,2.2924,4.279,1.0217,58.1366,125.0325
01217,2025,28.1886,38.189,16.8734,3.2428,4.2498,1.0217,58.1366,125.0325
01217,2026,28.1886,38.189,16.8734,3.2428,4.331,1.0217,58.1366,125.0325
01218,2023,38.0518,11.9048,8.0856,44.8123,5.2497,1.3491,33.3037,255.3286
01218,2024,40.783,23.5294,9.7651,51.0895,4.7297,1.2441,34.321,255.3286
01218,2025,40.783,23.5294,12.0968,55.894,4.6715,1.2441,34.321,255.3286
01218,2026,40.783,23.5294,12.0968,55.894,4.142,1.2441,34.321,255.3286
01219,2023,27.0314,78.6517,11.977,15.4315,4.9499,0.9369,43.6512,164.9045
01219,2024,28.279,80.4598,10.4683,9.704,5.0163,0.9357,44.4225,164.9045
01219,2025,28.279,80.4598,12.2338,10.6345,4.6239,0.9357,44.4225,164.9045
01219,2026,28.279,80.4598,12.2338,10.6345,5.1372,0.9357,44.4225,164.9045
01220,2023,53.3865,73.6486,8.2759,22.2448,2.9872,1.0051,69.4324,121.5067
01220,2024,51.7241,77.5,7.9228,11.1049,2.8932,0.9792,71.1364,121.5067
01220,2025,51.7241,77.5,8.2767,32.6914,3.3102,0.9792,71.1364,121.5067
01220,2026,51.7241,77.5,8.2767,32.6914,3.5045,0.9792,71.1364,121.5067
01221,2023,36.766,80.597,16.9249,1.9699,4.1546,1.0473,38.432,334.3582
01221,2024,38.6136,85.8209,19.5717,2.4799,4.2771,1.0039,39.4073,334.3582
01221,2025,38.6136,85.8209,20.7421,1.775,3.3396,1.0039,39.4073,334.3582
01221,2026,38.6136,85.8209,20.7421,1.775,3.211,1.0039,39.4073,334.3582
01222,2023,19.8121,6.4516,4.3796,75.8897,8.0477,1.1567,51.8001,129.5001
01222,2024,23.0366,11.5385,4.3593,55.4559,7.8905,1.1372,53.5834,129.5001
01222,2025,23.0366,11.5385,5.7637,82.0248,9.0121,1.1372,53.5834,129.5001
01222,2026,23.0366,11.5385,5.7637,82.0248,7.3801,1.1372,53.5834,129.5001
01223,2023,16.1398,24.2105,8.0548,2.4038,4.1738,1.0081,29.729,140.1512
01223,2024,16.595,18.8235,7.1227,16.7798,4.799,1.0008,30.4268,140.1512
01223,2025,16.595,18.8235,7.5028,25.4753,4.5906,1.0008,30.4268,140.1512
01223,2026,16.595,18.8235,7.5028,25.4753,4.5281,1.0008,30.4268,140.1512
01224,2023,37.8999,72.3214,14.6373,2.9337,4.3359,1.0594,57.3394,148.4682
01224,2024,39.0458,68.595,15.4088,10.5499,3.9597,1.0494,58.1639,148.4682
01224,2025,39.0458,68.595,15.3485,8.0017,3.6374,1.0494,58.1639,148.4682
01224,2026,39.0458,68.595,15.3485,8.0017,3.8665,1.0494,58.1639,148.4682
01225,2023,36.8391,28.9617,12.8834,0.2293,3.874,1.2275,63.055,236.4563
01225,2024,36.096,39.4904,11.6279,0.1156,3.6882,1.2143,61.6473,236.4563
01225,2025,36.096,39.4904,12.5485,0.2735,4.1548,1.2143,61.6473,236.4563
01225,2026,36.096,39.4904,12.5485,0.2735,3.5117,1.2143,61.6473,236.4563
01226,2023,52.0322,73.6842,27.2436,66.749,3.8125,1.1389,44.0003,691.4325
01226,2024,55.8095,78.481,26.3158,100.3417,3.8786,1.2093,45.1031,691.4325
01226,2025,55.8095,78.481,27.1493,103.0646,4.3321,1.2093,45.1031,691.4325
01226,2026,55.8095,78.481,27.1493,103.0646,3.7629,1.2093,45.1031,691.4325
01227,2023,40.9692,50.0,15.142,55.0976,,1.124,107.5269,71.6846
01227,2024,43.7956,58.8235,16.6065,42.2472,,0.9265,112.4438,71.6846
01227,2025,43.7956,58.8235,18.7266,39.6131,,0.9265,112.4438,71.6846
01227,2026,43.7956,58.8235,18.7266,39.6131,,0.9265,112.4438,71.6846
01228,2023,32.5218,31.5315,23.8437,20.5604,4.0687,1.1939,73.0651,313.1361
01228,2024,31.3203,26.8519,22.4099,15.7046,3.3784,1.1976,69.2816,313.1361
01228,2025,31.3203,26.8519,20.3992,19.5922,3.8434,1.1976,69.2816,313.1361
01228,2026,31.3203,26.8519,20.3992,19.5922,3.0814,1.1976,69.2816,313.1361
01229,2023,46.697,62.5767,20.5491,1.8614,3.6561,0.9977,54.3935,212.6292
01229,2024,48.2725,78.1818,21.8128,6.526,2.9453,1.0276,55.1406,212.6292
01229,2025,48.2725,78.1818,23.5609,3.3108,3.2093,1.0276,55.1406,212.6292
01229,2026,48.2725,78.1818,23.5609,3.3108,2.9235,1.0276,55.1406,212.6292
01230,2023,37.9197,42.0074,15.8337,2.6855,3.7757,1.1088,37.589,119.4003
01230,2024,40.0875,44.1065,18.1066,5.3035,3.3508,1.1243,40.494,119.4003
01230,2025,40.0875,44.1065,19.0137,5.7191,4.2085,1.1243,40.494,119.4003
01230,2026,40.0875,44.1065,19.0137,5.7191,4.0371,1.1243,40.494,119.4003
01231,2023,29.1751,58.8235,10.8063,84.4378,3.5707,1.0698,49.8725,170.9913
01231,2024,30.2985,58.7591,11.2382,105.3241,3.7558,1.0708,48.327,170.9913
01231,2025,30.2985,58.7591,12.3537,108.8764,4.1242,1.0708,48.327,170.9913
01231,2026,30.2985,58.7591,12.3537,108.8764,3.7477,1.0708,48.327,170.9913
01233,2023,31.9567,48.9899,22.0693,9.9952,4.1221,1.0804,86.4331,212.9958
01233,2024,32.9002,52.8497,22.5524,23.8387,3.9735,1.0713,84.847,212.9958
01233,2025,32.9002,52.8497,24.2609,14.879,4.3898,1.0713,84.847,212.9958
01233,2026,32.9002,52.8497,24.2609,14.879,4.136,1.0713,84.847,212.9958
01234,2023,38.2943,60.1476,6.5958,0.3838,4.6105,1.1114,61.0277,99.388
01234,2024,38.6513,60.6838,6.0113,1.7162,4.1901,1.1465,59.7508,99.388
01234,2025,38.6513,60.6838,9.7499,3.1074,4.5354,1.1465,59.7508,99.388
01234,2026,38.6513,60.6838,9.7499,3.1074,4.3288,1.1465,59.7508,99.388
01235,2023,25.5534,46.9697,7.3063,3.5142,3.9948,1.0585,46.5887,98.3539
01235,2024,27.3155,46.1207,11.6895,8.2415,3.7468,1.0189,45.1037,98.3539
01235,2025,27.3155,46.1207,8.8433,4.4802,4.1825,1.0189,45.1037,98.3539
01235,2026,27.3155,46.1207,8.8433,4.4802,4.3807,1.0189,45.1037,98.3539
01236,2023,26.3947,5.8252,13.9184,1.3149,5.0953,1.0795,58.6034,56.3495
01236,2024,28.629,6.3415,15.4213,1.4273,4.6347,1.1227,57.2607,56.3495
01236,2025,28.629,6.3415,14.4039,19.7891,4.8376,1.1227,57.2607,56.3495
01236,2026,28.629,6.3415,14.4039,19.7891,4.9468,1.1227,57.2607,56.3495
01303,2023,54.6552,64.3836,30.978,3.6627,3.3482,1.0025,84.8066,156.566
01303,2024,55.2718,56.8627,32.5958,4.8916,3.4049,1.0198,98.129,156.566
01303,2025,55.2718,56.8627,32.4682,8.7312,3.4247,1.0198,98.129,156.566
01303,2026,55.2718,56.8627,32.4682,8.7312,3.7736,1.0198,98.129,156.566
01304,2023,48.8789,22.6415,38.3877,11.7994,4.4335,1.2383,105.1525,35.0508
01304,2024,48.0377,6.5217,38.343,4.9529,2.9126,1.2087,106.8376,35.0508
01304,2025,48.0377,6.5217,37.525,4.995,2.8986,1.2087,106.8376,35.0508
01304,2026,48.0377,6.5217,37.525,4.995,2.0942,1.2087,106.8376,35.0508
01331,2023,27.164,20.8955,4.5505,62.4757,5.0725,1.1256,48.1464,96.2927
01331,2024,29.1022,40.678,12.5307,66.0093,5.6748,1.1523,49.7512,96.2927
01331,2025,29.1022,40.678,10.8462,82.0896,5.99,1.1523,49.7512,96.2927
01331,2026,29.1022,40.678,10.8462,82.0896,5.2252,1.1523,49.7512,96.2927
01332,2023,27.0631,60.0,21.3628,53.1066,2.6316,1.1053,84.0101,56.0067
01332,2024,28.8832,70.8333,22.1311,60.0569,2.7848,1.0658,86.5301,56.0067
01332,2025,28.8832,70.8333,20.2643,85.6089,3.8567,1.0658,86.5301,56.0067
01332,2026,28.8832,70.8333,20.2643,85.6089,3.5928,1.0658,86.5301,56.0067
01333,2023,35.5956,26.8293,22.6263,267.752,4.5918,0.914,100.4268,25.1067
01333,2024,33.9542,22.5806,18.2377,556.4912,5.0,0.9439,102.6167,25.1067
01333,2025,33.9542,22.5806,24.183,764.3062,3.6111,0.9439,102.6167,25.1067
01333,2026,33.9542,22.5806,24.183,764.3062,4.9708,0.9439,102.6167,25.1067
01334,2023,38.3738,30.4348,17.8357,33.8926,5.2778,0.9792,80.4721,160.9442
01334,2024,35.2574,5.5556,20.4651,108.5616,4.9315,1.1514,82.3271,160.9442
01334,2025,35.2574,5.5556,16.6265,111.9691,5.6657,1.1514,82.3271,160.9442
01334,2026,35.2574,5.5556,16.6265,111.9691,5.1515,1.1514,82.3271,160.9442
01337,2023,23.9125,8.2192,8.6557,10.7476,6.2557,1.0045,64.4376,146.7745
01337,2024,26.5489,17.3611,8.1871,20.7013,5.8377,1.0521,58.0889,146.7745
01337,2025,26.5489,17.3611,9.4556,12.8253,5.7558,1.0521,58.0889,146.7745
01337,2026,26.5489,17.3611,9.4556,12.8253,5.428,1.0521,58.0889,146.7745
01343,2023,23.1733,37.5,14.7383,6.5134,4.6512,0.9189,54.8095,54.8095
01343,2024,22.8982,44.4444,12.5904,6.5662,3.5294,1.0477,56.0224,54.8095
01343,2025,22.8982,44.4444,13.8298,14.1398,3.3784,1.0477,56.0224,54.8095
01343,2026,22.8982,44.4444,13.8298,14.1398,2.7304,1.0477,56.0224,54.8095
01345,2023,18.3304,28.169,11.1812,7.4539,3.8522,1.0844,56.5171,120.0989
01345,2024,20.434,37.3134,11.9961,14.8451,4.3074,1.1222,57.6992,120.0989
01345,2025,20.434,37.3134,11.3625,17.2414,3.9286,1.1222,57.6992,120.0989
01345,2026,20.434,37.3134,11.3625,17.2414,3.6503,1.1222,57.6992,120.0989
01346,2023,21.5997,40.8602,9.8605,16.1476,4.9919,1.2041,33.2226,179.402
01346,2024,23.4462,62.5,9.9492,12.0282,4.5802,1.1201,33.8318,179.402
01346,2025,23.4462,62.5,10.1975,37.8014,4.5699,1.1201,33.8318,179.402
01346,2026,23.4462,62.5,10.1975,37.8014,4.2533,1.1201,33.8318,179.402
01347,2023,15.7895,36.3636,8.5069,81.958,5.0343,1.0106,40.9836,81.9672
01347,2024,15.0193,31.25,4.5714,153.7803,5.8962,1.03,41.5196,81.9672
01347,2025,15.0193,31.25,8.7649,93.6484,6.0759,1.03,41.5196,81.9672
01347,2026,15.0193,31.25,8.7649,93.6484,3.876,1.03,41.5196,81.9672
01361,2023,33.6166,7.4074,12.4339,154.9599,5.1056,0.9998,57.3806,258.2126
01361,2024,32.8586,19.3548,11.7232,131.8309,5.3309,0.9091,58.651,258.2126
01361,2025,32.8586,19.3548,12.6935,115.1714,5.0881,0.9091,58.651,258.2126
01361,2026,32.8586,19.3548,12.6935,115.1714,5.4656,0.9091,58.651,258.2126
01362,2023,27.3232,57.8947,11.0599,29.7708,4.8499,1.0849,68.7758,45.8505
01362,2024,29.5008,52.1739,12.3037,18.3711,4.2821,1.0735,70.5219,45.8505
01362,2025,29.5008,52.1739,9.9217,26.6625,5.3191,1.0735,70.5219,45.8505
01362,2026,29.5008,52.1739,9.9217,26.6625,3.9886,1.0735,70.5219,45.8505
01363,2023,29.652,54.5455,18.0873,40.3042,5.4545,0.953,28.5714,114.2857
01363,2024,37.4415,60.0,20.0,9.3023,4.902,1.008,29.3686,114.2857
01363,2025,37.4415,60.0,25.3638,94.0614,5.2448,1.008,29.3686,114.2857
01363,2026,37.4415,60.0,25.3638,94.0614,6.7376,1.008,29.3686,114.2857
01364,2023,28.7072,4.3478,11.0787,52.8376,3.8217,1.0376,30.021,30.021
01364,2024,42.7083,58.0645,15.3584,103.8076,3.7288,1.023,30.7787,30.021
01364,2025,42.7083,58.0645,16.3701,240.3487,5.7971,1.023,30.7787,30.021
01364,2026,42.7083,58.0645,16.3701,240.3487,5.668,1.023,30.7787,30.021
01367,2023,39.6752,72.2222,19.4539,0.0,5.9091,1.0206,127.8772,127.8772
01367,2024,38.1773,58.3333,16.3569,0.0,5.4455,1.0289,132.2168,127.8772
01367,2025,38.1773,58.3333,19.1837,1.8975,4.1026,1.0289,132.2168,127.8772
01367,2026,38.1773,58.3333,19.1837,1.8975,3.6842,1.0289,132.2168,127.8772
01370,2023,32.3024,34.0909,16.9896,84.7458,1.7632,1.1542,83.7696,125.6545
01370,2024,35.9509,44.6809,26.8058,76.9674,2.0997,1.2442,86.5239,125.6545
01370,2025,35.9509,44.6809,25.5973,72.3606,2.2161,1.2442,86.5239,125.6545
01370,2026,35.9509,44.6809,25.5973,72.3606,1.3966,1.2442,86.5239,125.6545
01371,2023,38.9016,56.8966,23.7624,8.3439,4.1056,1.1328,69.9594,125.927
01371,2024,41.9558,55.5556,25.2914,10.5634,3.7258,1.0499,71.9632,125.927
01371,2025,41.9558,55.5556,21.4374,14.0872,4.0881,1.0499,71.9632,125.927
01371,2026,41.9558,55.5556,21.4374,14.0872,4.085,1.0499,71.9632,125.927
01391,2023,45.6897,66.6667,4.1885,0.0,,1.2254,76.2195,152.439
01391,2024,50.2283,45.4545,2.9412,7.2239,,1.3256,77.7605,152.439
01391,2025,50.2283,45.4545,3.1414,38.9474,,1.3256,77.7605,152.439
01391,2026,50.2283,45.4545,3.1414,38.9474,,1.3256,77.7605,152.439
01392,2023,57.027,64.2857,21.1073,50.2049,2.5105,1.1574,73.046,146.092
01392,2024,57.958,100.0,34.749,47.0465,3.1963,1.125,74.239,146.092
01392,2025,57.958,100.0,30.7692,62.1679,4.6512,1.125,74.239,146.092
01392,2026,57.958,100.0,30.7692,62.1679,4.902,1.125,74.239,146.092
01393,2023,41.5205,60.0,32.342,46.9536,,0.8852,153.1394,153.1394
01393,2024,44.0625,56.25,30.1205,71.9178,,0.593,155.4606,153.1394
01393,2025,44.0625,56.25,29.6943,54.2312,,0.593,155.4606,153.1394
01393,2026,44.0625,56.25,29.6943,54.2312,,0.593,155.4606,153.1394
01394,2023,34.3972,18.1818,32.1317,33.9564,,1.0206,66.7705,89.0274
01394,2024,35.0811,13.3333,30.033,42.7324,,0.8885,66.726,89.0274
01394,2025,35.0811,13.3333,25.2664,53.8074,,0.8885,66.726,89.0274
01394,2026,35.0811,13.3333,25.2664,53.8074,,0.8885,66.726,89.0274
01395,2023,27.5184,37.931,22.6727,48.5804,,0.9381,39.3082,39.3082
01395,2024,33.0346,40.0,21.4397,60.0858,,0.8413,36.4897,39.3082
01395,2025,33.0346,40.0,23.1908,89.1485,,0.8413,36.4897,39.3082
01395,2026,33.0346,40.0,23.1908,89.1485,,0.8413,36.4897,39.3082
01396,2023,32.2251,57.1429,25.3968,47.8998,,1.4391,154.8787,103.2525
01396,2024,28.8312,109.0909,20.5212,29.6296,,1.4353,153.6885,103.2525
01396,2025,28.8312,109.0909,24.6575,39.5818,,1.4353,153.6885,103.2525
01396,2026,28.8312,109.0909,24.6575,39.5818,,1.4353,153.6885,103.2525
01397,2023,38.1119,22.2222,18.2609,12.963,,1.1277,106.0445,106.0445
01397,2024,41.3428,56.25,15.4185,39.1061,,0.7427,98.2318,106.0445
01397,2025,41.3428,56.25,19.7368,42.2535,,0.7427,98.2318,106.0445
01397,2026,41.3428,56.25,19.7368,42.2535,,0.7427,98.2318,106.0445
01398,2023,38.9571,56.25,21.7021,11.822,,1.0678,100.6036,0.0
01398,2024,38.6581,38.8889,21.2851,7.0972,,1.0356,102.1972,0.0
01398,2025,38.6581,38.8889,29.7778,15.3173,,1.0356,102.1972,0.0
01398,2026,38.6581,38.8889,29.7778,15.3173,,1.0356,102.1972,0.0
01399,2023,32.0755,17.6471,21.0526,66.0522,,0.8977,70.3235,105.4852
01399,2024,33.7438,5.0,26.4,84.7193,,0.7725,71.4286,105.4852
01399,2025,33.7438,5.0,21.7082,97.5866,,0.7725,71.4286,105.4852
01399,2026,33.7438,5.0,21.7082,97.5866,,0.7725,71.4286,105.4852
01400,2023,34.9398,50.0,24.9665,14.0371,,0.8658,70.3505,262.2154
01400,2024,37.4925,46.2687,21.9262,1.7106,,0.8066,60.5877,262.2154
01400,2025,37.4925,46.2687,22.4654,75.7767,,0.8066,60.5877,262.2154
01400,2026,37.4925,46.2687,22.4654,75.7767,,0.8066,60.5877,262.2154
01401,2023,44.0945,5.7692,35.1585,4.6922,,1.131,72.6216,36.3108
01401,2024,42.204,13.6364,35.1271,6.106,,0.8526,73.6648,36.3108
01401,2025,42.204,13.6364,33.8006,6.9832,,0.8526,73.6648,36.3108
01401,2026,42.204,13.6364,33.8006,6.9832,,0.8526,73.6648,36.3108
01402,2023,31.935,85.0,13.6576,20.8941,5.3812,1.1772,88.1601,132.2401
01402,2024,34.9522,86.2745,15.6218,20.7792,6.2356,1.1503,90.1388,132.2401
01402,2025,34.9522,86.2745,16.6844,24.8017,5.988,1.1503,90.1388,132.2401
01402,2026,34.9522,86.2745,16.6844,24.8017,6.3961,1.1503,90.1388,132.2401
01403,2023,26.5487,100.0,16.1491,57.656,,0.6976,267.0227,133.5113
01403,2024,37.799,57.1429,15.6863,250.0,,1.0051,204.918,133.5113
01403,2025,37.799,57.1429,16.6667,186.8787,,1.0051,204.918,133.5113
01403,2026,37.799,57.1429,16.6667,186.8787,,1.0051,204.918,133.5113
01404,2023,31.7241,50.0,23.5849,157.2848,,1.012,127.8772,255.7545
01404,2024,31.8841,0.0,15.2174,367.1743,,1.1294,132.1004,255.7545
01404,2025,31.8841,0.0,9.2784,339.527,,1.1294,132.1004,255.7545
01404,2026,31.8841,0.0,9.2784,339.527,,1.1294,132.1004,255.7545
01405,2023,34.878,80.0,18.75,15.895,,1.5297,109.6491,54.8246
01405,2024,40.2564,86.6667,18.2759,0.0,,1.5183,112.9944,54.8246
01405,2025,40.2564,86.6667,20.6642,0.0,,1.5183,112.9944,54.8246
01405,2026,40.2564,86.6667,20.6642,0.0,,1.5183,112.9944,54.8246
01406,2023,24.4656,14.2857,8.2949,110.3352,,1.2183,36.7647,73.5294
01406,2024,21.447,28.5714,10.1235,58.1784,,1.2941,37.6506,73.5294
01406,2025,21.447,28.5714,11.4286,64.1711,,1.2941,37.6506,73.5294
01406,2026,21.447,28.5714,11.4286,64.1711,,1.2941,37.6506,73.5294
01407,2023,27.5964,21.0526,26.494,0.0,,1.2561,95.9079,63.9386
01407,2024,28.0374,25.0,22.3553,0.0,,1.3026,98.6842,63.9386
01407,2025,28.0374,25.0,20.9644,0.0,,1.3026,98.6842,63.9386
01407,2026,28.0374,25.0,20.9644,0.0,,1.3026,98.6842,63.9386
01408,2023,30.5425,55.102,13.1354,0.5486,5.7275,1.1812,85.4165,159.4442
01408,2024,34.5688,46.5517,16.9761,0.5577,5.1975,1.1284,87.0979,159.4442
01408,2025,34.5688,46.5517,16.4571,2.0245,4.8744,1.1284,87.0979,159.4442
01408,2026,34.5688,46.5517,16.4571,2.0245,4.6603,1.1284,87.0979,159.4442
01409,2023,41.2121,20.0,28.4672,95.3058,,1.0057,90.4159,90.4159
01409,2024,41.6149,25.0,25.5814,79.235,,1.202,73.9098,90.4159
01409,2025,41.6149,25.0,26.6667,0.0,,1.202,73.9098,90.4159
01409,2026,41.6149,25.0,26.6667,0.0,,1.202,73.9098,90.4159
01423,2023,43.3673,67.6471,26.8852,6.9601,3.962,1.0575,26.5041,66.2603
01423,2024,40.8094,83.3333,27.3533,6.3635,3.5659,1.0296,25.6904,66.2603
01423,2025,40.8094,83.3333,26.7116,42.6168,3.0303,1.0296,25.6904,66.2603
01423,2026,40.8094,83.3333,26.7116,42.6168,2.8939,1.0296,25.6904,66.2603
01424,2023,40.8602,30.5556,24.4821,45.045,,1.0414,60.4108,120.8216
01424,2024,40.2017,28.5714,30.0813,26.9058,,0.909,62.2536,120.8216
01424,2025,40.2017,28.5714,22.9437,49.185,,0.909,62.2536,120.8216
01424,2026,40.2017,28.5714,22.9437,49.185,,0.909,62.2536,120.8216
01425,2023,46.0784,80.0,13.834,32.2261,,1.2359,155.159,77.5795
01425,2024,45.8564,85.7143,10.4603,5.16,,1.1207,162.6678,77.5795
01425,2025,45.8564,85.7143,9.589,4.2667,,1.1207,162.6678,77.5795
01425,2026,45.8564,85.7143,9.589,4.2667,,1.1207,162.6678,77.5795
01427,2023,58.2178,89.2308,31.6406,180.4153,4.3578,1.0946,104.5369,83.6295
01427,2024,57.6725,85.9155,33.2386,222.7638,3.1325,1.0647,128.7001,83.6295
01427,2025,57.6725,85.9155,33.5901,428.6969,4.2821,1.0647,128.7001,83.6295
01427,2026,57.6725,85.9155,33.5901,428.6969,5.2219,1.0647,128.7001,83.6295
01428,2023,53.5888,66.3793,28.1567,3.5793,2.27,1.0077,68.9112,78.7557
01428,2024,53.7904,64.2105,28.1621,11.2829,2.9814,0.966,69.6033,78.7557
01428,2025,53.7904,64.2105,29.9051,2.9432,2.8241,0.966,69.6033,78.7557
01428,2026,53.7904,64.2105,29.9051,2.9432,2.6144,0.966,69.6033,78.7557
01429,2023,48.5976,70.7317,22.1154,11.2498,3.4989,1.0733,72.0266,126.0466
01429,2024,49.6032,60.2564,23.5893,40.2802,3.6342,0.9947,73.3608,126.0466
01429,2025,49.6032,60.2564,25.4919,28.6734,4.1262,0.9947,73.3608,126.0466
01429,2026,49.6032,60.2564,25.4919,28.6734,4.4444,0.9947,73.3608,126.0466
01430,2023,46.3265,37.5,27.7916,53.4208,4.2969,1.1343,139.6648,104.7486
01430,2024,46.6368,41.6667,34.4937,154.8631,4.8387,1.1629,141.7937,104.7486
01430,2025,46.6368,41.6667,32.1678,112.2943,4.5082,1.1629,141.7937,104.7486
01430,2026,46.6368,41.6667,32.1678,112.2943,3.6036,1.1629,141.7937,104.7486
01431,2023,52.6316,64.2857,36.0,0.0,,1.492,181.7081,60.5694
01431,2024,53.6723,70.5882,37.551,0.0,,1.2843,186.9159,60.5694
01431,2025,53.6723,70.5882,37.6106,0.0,,1.2843,186.9159,60.5694
01431,2026,53.6723,70.5882,37.6106,0.0,,1.2843,186.9159,60.5694
01432,2023,46.1384,94.2308,16.1429,53.4998,,1.0836,31.3038,125.2152
01432,2024,50.9052,89.5833,26.497,49.6711,,1.0989,31.6857,125.2152
01432,2025,50.9052,89.5833,28.5068,48.4904,,1.0989,31.6857,125.2152
01432,2026,50.9052,89.5833,28.5068,48.4904,,1.0989,31.6857,125.2152
01433,2023,47.5548,65.2174,33.0645,12.8266,2.3166,1.092,37.1609,74.3218
01433,2024,49.1773,59.375,30.1939,43.881,4.0161,1.0269,37.9507,74.3218
01433,2025,49.1773,59.375,31.2865,54.3912,2.2222,1.0269,37.9507,74.3218
01433,2026,49.1773,59.375,31.2865,54.3912,1.9704,1.0269,37.9507,74.3218
01434,2023,46.6513,71.4286,16.2818,286.1501,2.5773,0.9795,87.0701,43.535
01434,2024,46.6184,73.3333,43.0,293.5261,2.1978,1.1271,89.7263,43.535
01434,2025,46.6184,73.3333,42.6573,359.6435,1.1173,1.1271,89.7263,43.535
01434,2026,46.6184,73.3333,42.6573,359.6435,2.924,1.1271,89.7263,43.535
01436,2023,46.4758,32.2581,27.3239,87.0382,,1.2259,46.4253,92.8505
01436,2024,47.0726,27.2727,30.8383,73.7444,,1.359,47.4158,92.8505
01436,2025,47.0726,27.2727,31.5961,87.8689,,1.359,47.4158,92.8505
01436,2026,47.0726,27.2727,31.5961,87.8689,,1.359,47.4158,92.8505
01437,2023,46.5565,45.1613,35.2941,52.3349,1.5267,0.9977,119.4743,59.7372
01437,2024,55.2553,61.5385,40.3774,76.3547,1.626,0.8927,122.1747,59.7372
01437,2025,55.2553,61.5385,36.3281,125.3175,0.8065,0.8927,122.1747,59.7372
01437,2026,55.2553,61.5385,36.3281,125.3175,0.0,0.8927,122.1747,59.7372
01438,2023,56.6038,2.7778,35.2185,42.1296,3.5857,0.978,103.4483,68.9655
01438,2024,58.498,0.0,33.0749,81.3735,4.329,1.0519,105.6338,68.9655
01438,2025,58.498,0.0,34.7107,96.8974,4.9774,1.0519,105.6338,68.9655
01438,2026,58.498,0.0,34.7107,96.8974,4.6296,1.0519,105.6338,68.9655
01452,2023,55.618,49.2958,26.4624,1.0813,3.6609,0.8933,30.003,15.0015
01452,2024,55.7409,50.0,26.8802,1.091,1.8219,1.022,30.3721,15.0015
01452,2025,55.7409,50.0,28.0811,10.1815,1.7279,1.022,30.3721,15.0015
01452,2026,55.7409,50.0,28.0811,10.1815,2.9345,1.022,30.3721,15.0015
01453,2023,47.4886,55.7377,6.0832,366.9481,,0.779,40.2212,80.4424
01453,2024,48.926,63.3333,19.2045,389.1841,,0.9141,40.5597,80.4424
01453,2025,48.926,63.3333,16.3573,452.5855,,0.9141,40.5597,80.4424
01453,2026,48.926,63.3333,16.3573,452.5855,,0.9141,40.5597,80.4424
01454,2023,44.6429,22.3684,26.5565,10.7215,5.7361,0.954,64.7878,48.5909
01454,2024,42.8298,25.0,24.1915,44.9311,5.6367,1.0027,65.189,48.5909
01454,2025,42.8298,25.0,24.6575,78.1572,6.1364,1.0027,65.189,48.5909
01454,2026,42.8298,25.0,24.6575,78.1572,6.3529,1.0027,65.189,48.5909
01455,2023,51.7606,88.4615,24.2991,38.162,6.2706,1.0615,85.592,28.5307
01455,2024,52.6022,66.6667,25.3695,35.855,5.6338,1.2069,86.4304,28.5307
01455,2025,52.6022,66.6667,27.0341,72.6547,6.1151,1.2069,86.4304,28.5307
01455,2026,52.6022,66.6667,27.0341,72.6547,5.4745,1.2069,86.4304,28.5307
01456,2023,57.4236,91.1765,20.4748,7.8003,4.1667,0.9442,77.8513,38.9257
01456,2024,57.8199,92.8571,20.1863,5.9013,4.717,1.0726,80.6452,38.9257
01456,2025,57.8199,92.8571,19.8697,2.7278,4.7619,1.0726,80.6452,38.9257
01456,2026,57.8199,92.8571,19.8697,2.7278,4.5918,1.0726,80.6452,38.9257
01457,2023,49.6,90.4762,23.6842,89.6899,2.3077,1.0087,93.6914,93.6914
01457,2024,49.5885,75.8621,22.9651,101.768,1.992,1.128,95.2381,93.6914
01457,2025,49.5885,75.8621,20.0,32.7289,1.2397,1.128,95.2381,93.6914
01457,2026,49.5885,75.8621,20.0,32.7289,1.7778,1.128,95.2381,93.6914
01458,2023,48.3639,58.4906,18.4009,13.0156,,0.8064,34.8797,46.5062
01458,2024,47.0588,65.3061,16.8934,9.327,,0.8652,34.9813,46.5062
01458,2025,47.0588,65.3061,19.7867,8.1433,,0.8652,34.9813,46.5062
01458,2026,47.0588,65.3061,19.7867,8.1433,,0.8652,34.9813,46.5062
01459,2023,51.3541,76.2376,31.4931,23.0893,,1.166,31.3381,62.6763
01459,2024,51.5811,70.2128,30.5052,28.622,,1.2914,31.8066,62.6763
01459,2025,51.5811,70.2128,30.9589,36.0963,,1.2914,31.8066,62.6763
01459,2026,51.5811,70.2128,30.9589,36.0963,,1.2914,31.8066,62.6763
01460,2023,70.6117,86.0,28.186,0.6104,2.9155,0.8833,39.5648,49.456
01460,2024,70.7692,82.4176,41.8984,0.0,3.0769,0.9313,39.984,49.456
01460,2025,70.7692,82.4176,46.0513,0.6243,2.88,0.9313,39.984,49.456
01460,2026,70.7692,82.4176,46.0513,0.6243,1.6807,0.9313,39.984,49.456
01461,2023,71.1898,96.2963,38.8527,173.1242,5.3221,0.9501,21.3402,42.6803
01461,2024,70.2929,97.2973,43.2215,48.14,4.4818,0.8971,21.8388,42.6803
01461,2025,70.2929,97.2973,39.3817,54.9381,4.4776,0.8971,21.8388,42.6803
01461,2026,70.2929,97.2973,39.3817,54.9381,4.0498,0.8971,21.8388,42.6803
01462,2023,68.4746,52.1739,22.6148,12.8783,4.2683,1.0726,256.3007,85.4336
01462,2024,65.7534,52.6316,30.3371,1.3038,3.6364,1.0181,262.2378,85.4336
01462,2025,65.7534,52.6316,29.4574,1.9776,2.924,1.0181,262.2378,85.4336
01462,2026,65.7534,52.6316,29.4574,1.9776,3.0675,1.0181,262.2378,85.4336
01463,2023,55.0898,71.4286,26.6129,187.5826,3.6585,0.7556,143.472,71.736
01463,2024,56.2092,57.1429,24.0602,196.3351,4.0541,0.6878,125.7071,71.736
01463,2025,56.2092,57.1429,23.4483,165.1955,4.1667,0.6878,125.7071,71.736
01463,2026,56.2092,57.1429,23.4483,165.1955,5.7971,0.6878,125.7071,71.736
01464,2023,62.3568,61.1111,22.2482,0.4439,4.0,0.8142,133.0672,66.5336
01464,2024,57.8584,41.1765,18.3673,1.3643,3.0303,0.8018,137.7885,66.5336
01464,2025,57.8584,41.1765,21.564,2.3288,3.5874,0.8018,137.7885,66.5336
01464,2026,57.8584,41.1765,21.564,2.3288,3.4826,0.8018,137.7885,66.5336
01465,2023,68.4953,82.0,32.3194,0.0,3.9526,1.1318,103.8781,34.626
01465,2024,71.4286,91.6667,33.1325,0.0,3.6145,1.0824,106.7236,34.626
01465,2025,71.4286,91.6667,32.2,0.0,4.8387,1.0824,106.7236,34.626
01465,2026,71.4286,91.6667,32.2,0.0,3.7815,1.0824,106.7236,34.626
01468,2023,67.167,90.9091,32.2078,19.0996,2.0492,0.9585,33.036,66.072
01468,2024,63.8835,83.3333,32.967,25.653,3.0435,0.9116,34.0716,66.072
01468,2025,63.8835,83.3333,33.8109,32.8728,3.3333,0.9116,34.0716,66.072
01468,2026,63.8835,83.3333,33.8109,32.8728,5.6701,0.9116,34.0716,66.072
01469,2023,42.8571,25.7143,20.7987,4.1696,3.0675,0.9295,51.4139,77.1208
01469,2024,41.0104,40.7407,18.3124,28.7438,2.3333,0.9085,52.7844,77.1208
01469,2025,41.0104,40.7407,21.7021,96.0059,4.3165,0.9085,52.7844,77.1208
01469,2026,41.0104,40.7407,21.7021,96.0059,5.098,0.9085,52.7844,77.1208
01470,2023,70.8333,66.6667,36.6197,0.0,1.7544,0.958,149.7006,149.7006
01470,2024,60.0,100.0,32.7273,0.0,0.0,1.1075,157.2327,149.7006
01470,2025,60.0,100.0,30.3571,2.849,0.0,1.1075,157.2327,149.7006
01470,2026,60.0,100.0,30.3571,2.849,0.0,1.1075,157.2327,149.7006
01471,2023,63.2124,68.1818,31.7919,52.7404,3.1579,1.0096,149.7006,149.7006
01471,2024,61.8182,80.0,35.3383,79.314,3.4091,0.6424,153.3742,149.7006
01471,2025,61.8182,80.0,42.2764,49.2341,3.6145,0.6424,153.3742,149.7006
01471,2026,61.8182,80.0,42.2764,49.2341,1.2821,0.6424,153.3742,149.7006
01472,2023,56.1644,36.8421,24.2857,10.7759,4.1667,0.8389,382.263,152.9052
01472,2024,51.5464,70.5882,13.8889,0.0,2.2727,0.82,317.2086,152.9052
01472,2025,51.5464,70.5882,13.3758,0.0,2.4691,0.82,317.2086,152.9052
01472,2026,51.5464,70.5882,13.3758,0.0,2.6316,0.82,317.2086,152.9052
01481,2023,62.6183,93.3333,39.0071,10.6237,6.1162,1.0343,129.769,25.9538
01481,2024,63.3277,73.4694,39.6907,9.2133,5.3156,0.9485,134.2282,25.9538
01481,2025,63.3277,73.4694,36.6848,6.1394,5.6338,0.9485,134.2282,25.9538
01481,2026,63.3277,73.4694,36.6848,6.1394,5.7915,0.9485,134.2282,25.9538
01482,2023,32.6087,11.1111,23.4536,9.6108,0.431,1.2168,105.7082,35.2361
01482,2024,30.0459,35.7143,24.5763,4.9164,2.765,1.0652,107.8749,35.2361
01482,2025,30.0459,35.7143,0.0,4.0671,3.271,1.0652,107.8749,35.2361
01482,2026,30.0459,35.7143,0.0,4.0671,5.2632,1.0652,107.8749,35.2361
01483,2023,30.0,11.1111,12.4629,5.4001,3.1674,1.154,105.671,70.4473
01483,2024,28.8462,28.5714,14.3312,7.6648,4.7847,1.1495,109.21,70.4473
01483,2025,28.8462,28.5714,8.1784,2.1142,4.4776,1.1495,109.21,70.4473
01483,2026,28.8462,28.5714,8.1784,2.1142,4.712,1.1495,109.21,70.4473
01484,2023,46.57,19.0476,17.7866,5.1195,6.5347,1.094,62.8832,125.7664
01484,2024,46.2641,42.5532,21.0769,7.8913,5.7732,1.0216,48.8998,125.7664
01484,2025,46.2641,42.5532,17.6558,23.8202,6.0475,1.0216,48.8998,125.7664
01484,2026,46.2641,42.5532,17.6558,23.8202,3.4247,1.0216,48.8998,125.7664
01485,2023,56.4972,87.5,37.9747,400.0,1.1905,1.1307,370.0278,92.5069
01485,2024,59.3939,85.7143,35.625,403.7433,2.439,1.0782,382.4092,92.5069
01485,2025,59.3939,85.7143,33.557,561.8915,1.2048,1.0782,382.4092,92.5069
01485,2026,59.3939,85.7143,33.557,561.8915,2.3529,1.0782,382.4092,92.5069
01486,2023,39.4667,47.3684,17.0068,59.9424,1.8692,0.9079,41.2712,41.2712
01486,2024,35.3623,38.8889,16.9811,52.7251,2.0,0.877,42.8266,41.2712
01486,2025,35.3623,38.8889,14.4033,108.3744,2.5253,0.877,42.8266,41.2712
01486,2026,35.3623,38.8889,14.4033,108.3744,2.1053,0.877,42.8266,41.2712
01487,2023,48.249,32.3529,32.0113,81.643,5.4475,0.9503,35.5366,35.5366
01487,2024,45.0413,22.2222,28.8961,155.0665,5.2419,1.1488,36.6032,35.5366
01487,2025,45.0413,22.2222,27.1845,197.2718,4.6414,1.1488,36.6032,35.5366
01487,2026,45.0413,22.2222,27.1845,197.2718,5.3097,1.1488,36.6032,35.5366
01511,2023,28.5149,25.0,18.1614,84.7569,3.4682,1.0977,113.7656,75.8438
01511,2024,25.6048,23.8095,17.5,50.7482,1.676,0.8947,113.2931,75.8438
01511,2025,25.6048,23.8095,16.3972,23.4584,3.4286,0.8947,113.2931,75.8438
01511,2026,25.6048,23.8095,16.3972,23.4584,1.7857,0.8947,113.2931,75.8438
01512,2023,33.2,75.0,8.5077,170.7213,3.2028,1.1724,89.5255,59.6837
01512,2024,38.2289,58.8235,14.7482,256.8042,2.1898,1.0489,90.9366,59.6837
01512,2025,38.2289,58.8235,11.8343,210.7383,2.3166,1.0489,90.9366,59.6837
01512,2026,38.2289,58.8235,11.8343,210.7383,2.8455,1.0489,90.9366,59.6837
01513,2023,52.1552,78.5714,27.5281,193.4085,3.252,0.8368,127.3885,127.3885
01513,2024,48.8372,69.2308,27.0115,284.6847,4.065,1.2097,132.9787,127.3885
01513,2025,48.8372,69.2308,26.6667,211.4338,4.3103,1.2097,132.9787,127.3885
01513,2026,48.8372,69.2308,26.6667,211.4338,4.4643,1.2097,132.9787,127.3885
01514,2023,38.7633,24.0,15.9184,52.9878,3.0457,0.9715,40.1768,53.569
01514,2024,38.8655,29.3333,14.3585,32.0717,3.4358,0.991,41.0959,53.569
01514,2025,38.8655,29.3333,14.6878,61.3572,4.0076,0.991,41.0959,53.569
01514,2026,38.8655,29.3333,14.6878,61.3572,3.9256,0.991,41.0959,53.569
01516,2023,37.9458,45.4545,18.5226,78.9266,5.4755,0.8819,81.0373,54.0249
01516,2024,38.7374,55.5556,16.6667,79.8722,5.1051,0.9256,83.7287,54.0249
01516,2025,38.7374,55.5556,18.1707,139.6196,4.3478,0.9256,83.7287,54.0249
01516,2026,38.7374,55.5556,18.1707,139.6196,3.3435,0.9256,83.7287,54.0249
01517,2023,27.6271,18.75,19.6682,0.0,3.4632,0.7681,129.6456,129.6456
01517,2024,26.2206,18.75,18.4143,228.6797,3.4632,0.8459,133.1558,129.6456
01517,2025,26.2206,18.75,25.7732,116.7742,2.3923,0.8459,133.1558,129.6456
01517,2026,26.2206,18.75,25.7732,116.7742,2.6455,0.8459,133.1558,129.6456
01518,2023,43.7673,82.3529,39.4089,35.7403,5.3892,1.0941,52.7983,211.1932
01518,2024,44.6483,76.9231,31.982,149.4768,4.698,1.055,53.6193,211.1932
01518,2025,44.6483,76.9231,30.3318,15.3139,3.0075,1.055,53.6193,211.1932
01518,2026,44.6483,76.9231,30.3318,15.3139,2.4,1.055,53.6193,211.1932
01519,2023,36.5112,8.0,14.5119,18.4615,2.551,0.8001,132.8021,44.2674
01519,2024,41.2766,18.5185,15.7754,15.0565,3.7037,0.8195,182.3154,44.2674
01519,2025,41.2766,18.5185,17.4387,12.7877,2.5907,0.8195,182.3154,44.2674
01519,2026,41.2766,18.5185,17.4387,12.7877,3.3149,0.8195,182.3154,44.2674
01520,2023,32.7635,4.3478,25.8182,103.8682,5.5556,0.8721,182.1494,45.5373
01520,2024,35.1515,12.0,25.8182,135.8656,4.6243,0.8954,190.295,45.5373
01520,2025,35.1515,12.0,29.9107,183.8399,3.5928,0.8954,190.295,45.5373
01520,2026,35.1515,12.0,29.9107,183.8399,4.375,0.8954,190.295,45.5373
01543,2023,32.7781,53.6765,14.6905,11.1278,4.2373,1.0634,44.0262,60.536
01543,2024,32.7713,40.8163,12.5405,6.7146,3.7253,1.0179,39.2971,60.536
01543,2025,32.7713,40.8163,15.5738,8.3645,4.221,1.0179,39.2971,60.536
01543,2026,32.7713,40.8163,15.5738,8.3645,4.2146,1.0179,39.2971,60.536
01544,2023,28.3455,44.4444,21.76,0.0,3.2995,0.9596,23.7473,71.242
01544,2024,31.1346,38.0952,26.1649,11.3232,3.8674,0.9795,24.3902,71.242
01544,2025,31.1346,38.0952,26.1905,20.3063,5.0898,0.9795,24.3902,71.242
01544,2026,31.1346,38.0952,26.1905,20.3063,4.2763,0.9795,24.3902,71.242
01545,2023,29.364,28.4404,9.9534,0.2764,3.6452,0.9662,27.5533,18.3688
01545,2024,28.9932,19.6078,11.5216,13.9938,4.4136,0.9139,28.0531,18.3688
01545,2025,28.9932,19.6078,10.7978,16.3492,3.4794,0.9139,28.0531,18.3688
01545,2026,28.9932,19.6078,10.7978,16.3492,3.4341,0.9139,28.0531,18.3688
01546,2023,30.2021,28.8462,12.5,91.4958,4.0134,0.9571,52.5901,26.295
01546,2024,33.0467,45.0,13.8486,68.2777,4.7101,0.9353,53.8358,26.295
01546,2025,33.0467,45.0,11.5756,88.9764,2.5547,0.9353,53.8358,26.295
01546,2026,33.0467,45.0,11.5756,88.9764,3.3333,0.9353,53.8358,26.295
01547,2023,38.2524,37.5,18.8251,34.5379,2.5496,0.8535,22.2173,88.8691
01547,2024,38.5481,49.0566,18.6722,20.4678,2.924,0.8658,22.6501,88.8691
01547,2025,38.5481,49.0566,18.2749,55.4644,2.7864,0.8658,22.6501,88.8691
01547,2026,38.5481,49.0566,18.2749,55.4644,2.8939,0.8658,22.6501,88.8691
01549,2023,51.5406,66.6667,40.6961,0.0,2.1277,0.9481,43.1406,21.5703
01549,2024,53.2057,74.6479,43.1507,0.0,2.1739,0.9473,44.1209,21.5703
01549,2025,53.2057,74.6479,45.5446,0.0,2.2535,0.9473,44.1209,21.5703
01549,2026,53.2057,74.6479,45.5446,0.0,2.924,0.9473,44.1209,21.5703
01550,2023,45.6364,0.0,32.5926,103.7302,4.7847,1.079,37.4392,74.8783
01550,2024,44.6494,20.5128,29.1667,77.3223,4.5685,1.0492,38.3436,74.8783
01550,2025,44.6494,20.5128,33.1476,118.7335,6.0109,1.0492,38.3436,74.8783
01550,2026,44.6494,20.5128,33.1476,118.7335,5.1136,1.0492,38.3436,74.8783
01552,2023,40.8811,41.2698,26.0471,6.9465,3.6458,0.8936,41.9551,20.9776
01552,2024,41.0944,24.5614,27.4627,6.7505,4.7486,0.9009,42.6621,20.9776
01552,2025,41.0944,24.5614,28.725,26.2589,3.966,0.9009,42.6621,20.9776
01552,2026,41.0944,24.5614,28.725,26.2589,3.2787,0.9009,42.6621,20.9776
01555,2023,46.6083,89.8649,15.764,68.9305,3.2189,0.9267,81.0329,253.9031
01555,2024,49.6714,90.3448,15.9959,121.9686,3.2114,0.9356,77.4851,253.9031
01555,2025,49.6714,90.3448,15.1466,138.6194,3.2207,0.9356,77.4851,253.9031
01555,2026,49.6714,90.3448,15.1466,138.6194,3.5073,0.9356,77.4851,253.9031
01559,2023,37.4347,19.5402,23.7351,0.1739,2.7692,1.0169,37.0553,24.7036
01559,2024,41.1978,52.1277,26.8196,3.0088,2.707,0.9537,37.5799,24.7036
01559,2025,41.1978,52.1277,32.3002,1.8041,3.2573,0.9537,37.5799,24.7036
01559,2026,41.1978,52.1277,32.3002,1.8041,3.9409,0.9537,37.5799,24.7036
01560,2023,41.0053,39.1304,4.2308,567.4286,4.9505,1.0536,126.9573,169.2763
01560,2024,51.4535,16.6667,9.9548,628.7247,5.2083,0.9916,130.833,169.2763
01560,2025,51.4535,16.6667,12.0773,513.5135,5.4348,0.9916,130.833,169.2763
01560,2026,51.4535,16.6667,12.0773,513.5135,3.8462,0.9916,130.833,169.2763
01561,2023,32.1538,21.0526,15.2805,131.9711,4.3825,0.975,0.0,55.6328
01561,2024,34.3699,23.4043,15.2263,222.4622,4.0984,0.94,0.0,55.6328
01561,2025,34.3699,23.4043,13.7339,251.0975,3.6437,0.94,0.0,55.6328
01561,2026,34.3699,23.4043,13.7339,251.0975,3.719,0.94,0.0,55.6328
01562,2023,47.1545,25.0,33.3333,0.0,4.7619,1.0867,194.1748,97.0874
01562,2024,43.3628,60.0,23.6364,0.0,9.375,1.1476,203.8736,97.0874
01562,2025,43.3628,60.0,24.5455,0.0,4.6875,1.1476,203.8736,97.0874
01562,2026,43.3628,60.0,24.5455,0.0,7.5758,1.1476,203.8736,97.0874
01563,2023,24.0572,40.625,15.6297,10.3534,4.1401,0.9344,48.4262,48.4262
01563,2024,36.3265,27.2727,18.4887,46.9653,4.1379,0.9072,48.8639,48.4262
01563,2025,36.3265,27.2727,13.8614,36.8596,4.3333,0.9072,48.8639,48.4262
01563,2026,36.3265,27.2727,13.8614,36.8596,4.7619,0.9072,48.8639,48.4262
01564,2023,43.3538,54.0816,33.082,5.7717,2.5126,0.8425,59.0755,44.3066
01564,2024,46.0306,61.1765,32.5736,2.8132,2.993,0.931,60.3682,44.3066
01564,2025,46.0306,61.1765,36.6667,5.984,3.6765,0.931,60.3682,44.3066
01564,2026,46.0306,61.1765,36.6667,5.984,4.1016,0.931,60.3682,44.3066
01571,2023,33.2847,16.2791,15.2688,36.0046,2.4648,0.7844,110.284,82.713
01571,2024,26.9051,30.0,16.408,43.049,4.2636,0.9652,112.4227,82.713
01571,2025,26.9051,30.0,16.0465,42.0842,4.065,0.9652,112.4227,82.713
01571,2026,26.9051,30.0,16.0465,42.0842,2.8455,0.9652,112.4227,82.713
01575,2023,38.0723,50.0,9.5506,0.0,4.9724,1.0239,42.337,338.696
01575,2024,38.7755,59.0909,10.9034,14.7319,2.2727,0.9401,41.8235,338.696
01575,2025,38.7755,59.0909,13.0435,4.2553,2.4096,0.9401,41.8235,338.696
01575,2026,38.7755,59.0909,13.0435,4.2553,3.4884,0.9401,41.8235,338.696
01578,2023,35.5474,79.8319,10.0191,17.4299,4.9936,1.0585,38.1655,57.2483
01578,2024,38.0918,88.4298,9.9284,35.3552,5.2738,1.0145,32.3604,57.2483
01578,2025,38.0918,88.4298,12.2546,28.6689,4.5649,1.0145,32.3604,57.2483
01578,2026,38.0918,88.4298,12.2546,28.6689,5.019,1.0145,32.3604,57.2483
01581,2023,58.7017,69.697,23.8176,75.7938,2.981,0.9053,68.4775,68.4775
01581,2024,62.9261,75.4717,20.0,153.37,3.4884,0.851,69.6702,68.4775
01581,2025,62.9261,75.4717,33.2673,170.3601,3.0769,0.851,69.6702,68.4775
01581,2026,62.9261,75.4717,33.2673,170.3601,3.5144,0.851,69.6702,68.4775
01584,2023,27.9452,45.4545,21.6998,101.0118,4.6676,1.1276,98.1957,184.1169
01584,2024,30.4833,43.6364,22.2325,84.6374,4.3027,1.1425,99.1572,184.1169
01584,2025,30.4833,43.6364,16.826,68.7885,4.2813,1.1425,99.1572,184.1169
01584,2026,30.4833,43.6364,16.826,68.7885,4.7847,1.1425,99.1572,184.1169
01585,2023,39.0785,45.9016,23.7028,15.0714,4.2032,1.0284,68.362,41.0172
01585,2024,38.0295,28.0702,24.625,24.8717,5.2045,1.0019,68.3901,41.0172
01585,2025,38.0295,28.0702,25.4851,18.6597,4.5635,1.0019,68.3901,41.0172
01585,2026,38.0295,28.0702,25.4851,18.6597,5.6452,1.0019,68.3901,41.0172
01586,2023,43.3011,63.75,26.4822,4.8237,3.9823,0.9492,40.0641,66.7735
01586,2024,41.7037,70.3704,27.2727,2.6435,3.3898,0.8979,40.9668,66.7735
01586,2025,41.7037,70.3704,26.864,8.2534,3.7677,0.8979,40.9668,66.7735
01586,2026,41.7037,70.3704,26.864,8.2534,4.5677,0.8979,40.9668,66.7735
01601,2023,27.7108,46.875,12.5569,4.8705,5.5866,0.8189,61.8648,35.3513
01601,2024,30.09,50.9091,12.7038,0.6511,6.351,0.7867,54.02,35.3513
01601,2025,30.09,50.9091,10.4989,10.9774,5.7851,0.7867,54.02,35.3513
01601,2026,30.09,50.9091,10.4989,10.9774,5.9259,0.7867,54.02,35.3513
01602,2023,51.2285,47.7273,27.8098,113.6646,3.1792,0.8237,43.535,87.0701
01602,2024,50.7097,55.8824,6.525,111.945,3.2544,0.9251,44.0626,87.0701
01602,2025,50.7097,55.8824,30.8892,108.7719,4.4304,0.9251,44.0626,87.0701
01602,2026,50.7097,55.8824,30.8892,108.7719,4.2763,0.9251,44.0626,87.0701
01604,2023,31.128,9.0909,22.4932,12.2022,,0.8691,77.1159,57.8369
01604,2024,30.4892,10.8108,23.2323,78.9243,,0.9784,77.8665,57.8369
01604,2025,30.4892,10.8108,24.1706,34.8629,,0.9784,77.8665,57.8369
01604,2026,30.4892,10.8108,24.1706,34.8629,,0.9784,77.8665,57.8369
01607,2023,28.904,16.6667,11.4719,12.5256,4.4743,0.9972,59.8598,188.1307
01607,2024,27.1166,12.766,8.3717,20.1176,4.7562,1.0442,69.8507,188.1307
01607,2025,27.1166,12.766,9.6913,24.3129,6.801,1.0442,69.8507,188.1307
01607,2026,27.1166,12.766,9.6913,24.3129,6.701,1.0442,69.8507,188.1307
01608,2023,21.9876,23.0769,11.5702,20.0612,3.9702,0.9304,75.3201,25.1067
01608,2024,17.4603,40.0,10.757,22.5773,2.9101,0.9438,76.9034,25.1067
01608,2025,17.4603,40.0,9.9593,26.8456,2.5714,0.9438,76.9034,25.1067
01608,2026,17.4603,40.0,9.9593,26.8456,2.1944,0.9438,76.9034,25.1067
01609,2023,26.8271,57.1429,7.8431,0.0,4.8913,0.9974,115.7407,46.2963
01609,2024,27.8399,70.0,7.7093,0.0,3.9548,1.0221,119.6745,46.2963
01609,2025,27.8399,70.0,9.0278,0.0,4.386,1.0221,119.6745,46.2963
01609,2026,27.8399,70.0,9.0278,0.0,4.2813,1.0221,119.6745,46.2963
01610,2023,21.4845,37.7358,10.3285,2.9217,,1.0181,61.7871,114.0684
01610,2024,23.3983,33.7662,10.0412,16.1302,,1.002,63.1344,114.0684
01610,2025,23.3983,33.7662,8.3539,27.6688,,1.002,63.1344,114.0684
01610,2026,23.3983,33.7662,8.3539,27.6688,,1.002,63.1344,114.0684
01631,2023,41.4671,57.7093,15.1522,13.3819,4.306,0.9058,41.6012,94.7583
01631,2024,41.0591,56.2232,17.6249,13.0333,4.216,0.9465,39.5616,94.7583
01631,2025,41.0591,56.2232,17.8413,13.8647,3.9484,0.9465,39.5616,94.7583
01631,2026,41.0591,56.2232,17.8413,13.8647,4.0345,0.9465,39.5616,94.7583
01632,2023,56.5681,60.9195,20.8459,67.3153,2.5263,0.8757,33.9963,50.9944
01632,2024,53.2272,70.0,18.4815,108.1368,2.9724,0.9023,34.3112,50.9944
01632,2025,53.2272,70.0,26.0192,117.1771,3.7363,0.9023,34.3112,50.9944
01632,2026,53.2272,70.0,26.0192,117.1771,4.2254,0.9023,34.3112,50.9944
01633,2023,60.8959,60.0,37.561,150.4169,4.298,1.0385,61.3497,61.3497
01633,2024,61.125,80.0,28.6927,258.4123,4.491,0.9309,62.709,61.3497
01633,2025,61.125,80.0,33.101,303.5714,2.1341,0.9309,62.709,61.3497
01633,2026,61.125,80.0,33.101,303.5714,2.1605,0.9309,62.709,61.3497
01634,2023,48.3352,47.3684,10.0619,513.0573,2.2663,1.0292,58.3204,77.7605
01634,2024,45.8384,62.7907,10.7023,485.1009,3.7037,0.8863,59.2768,77.7605
01634,2025,45.8384,62.7907,10.2609,591.7975,3.5608,0.8863,59.2768,77.7605
01634,2026,45.8384,62.7907,10.2609,591.7975,4.0881,0.8863,59.2768,77.7605
01635,2023,36.3985,92.5926,9.6721,7.9426,4.1304,0.9193,125.4256,35.8359
01635,2024,42.3562,85.7143,10.8541,1.3048,4.0476,0.9945,126.5594,35.8359
01635,2025,42.3562,85.7143,11.4638,0.5258,4.6798,0.9945,126.5594,35.8359
01635,2026,42.3562,85.7143,11.4638,0.5258,3.8462,0.9945,126.5594,35.8359
01636,2023,39.8792,48.6842,20.6764,6.3148,4.6243,0.9091,44.2136,110.5339
01636,2024,46.4537,51.5152,22.0115,3.2841,4.6407,0.9783,44.9085,110.5339
01636,2025,46.4537,51.5152,20.9888,6.8299,2.7523,0.9783,44.9085,110.5339
01636,2026,46.4537,51.5152,20.9888,6.8299,2.5806,0.9783,44.9085,110.5339
01637,2023,38.6936,58.2677,22.8013,18.5438,3.732,0.8781,22.1865,94.2925
01637,2024,36.9453,56.25,21.4783,16.7066,3.5119,0.861,27.8474,94.2925
01637,2025,36.9453,56.25,22.5936,13.4205,2.5022,0.861,27.8474,94.2925
01637,2026,36.9453,56.25,22.5936,13.4205,3.3514,0.861,27.8474,94.2925
01638,2023,50.2415,46.3415,30.5182,95.6803,2.7027,0.8146,76.8836,25.6279
01638,2024,49.6711,50.0,36.8952,133.5204,2.3529,0.8887,77.2002,25.6279
01638,2025,49.6711,50.0,35.3909,198.1399,3.9062,0.8887,77.2002,25.6279
01638,2026,49.6711,50.0,35.3909,198.1399,4.6693,0.8887,77.2002,25.6279
01639,2023,61.2303,54.902,47.4138,19.8708,2.3148,0.7202,63.3312,158.3281
01639,2024,62.0791,65.3061,47.3588,8.9865,3.1818,0.7729,63.9182,158.3281
01639,2025,62.0791,65.3061,44.6565,0.0,1.8349,0.7729,63.9182,158.3281
01639,2026,62.0791,65.3061,44.6565,0.0,1.3761,0.7729,63.9182,158.3281
01641,2023,56.872,82.8571,26.5677,241.6185,4.712,0.9829,55.1572,165.4716
01641,2024,58.1098,86.3636,27.2563,270.9128,3.252,0.9315,56.2114,165.4716
01641,2025,58.1098,86.3636,29.4227,89.8275,4.8711,0.9315,56.2114,165.4716
01641,2026,58.1098,86.3636,29.4227,89.8275,6.4024,0.9315,56.2114,165.4716
01642,2023,56.2943,72.4138,21.8824,20.5128,4.2357,0.969,64.2158,80.2697
01642,2024,59.5283,59.5745,23.4772,65.4952,3.4417,0.9778,66.5668,80.2697
01642,2025,59.5283,59.5745,23.3566,63.2558,4.4,0.9778,66.5668,80.2697
01642,2026,59.5283,59.5745,23.3566,63.2558,4.6908,0.9778,66.5668,80.2697
01643,2023,47.464,48.1283,20.6197,16.3775,3.7325,0.9134,50.1989,54.0603
01643,2024,48.343,58.2011,21.7246,11.8058,3.97,0.9337,50.7476,54.0603
01643,2025,48.343,58.2011,21.165,13.5314,4.0201,0.9337,50.7476,54.0603
01643,2026,48.343,58.2011,21.165,13.5314,3.6972,0.9337,50.7476,54.0603
01644,2023,56.1665,47.7273,21.5576,23.5345,2.7079,1.0391,97.4184,146.1276
01644,2024,57.6412,52.0548,20.3271,60.7869,2.6694,1.0401,99.8004,146.1276
01644,2025,57.6412,52.0548,22.0,97.5993,2.5862,1.0401,99.8004,146.1276
01644,2026,57.6412,52.0548,22.0,97.5993,2.6667,1.0401,99.8004,146.1276
01645,2023,57.958,76.9231,0.0,0.0,2.7888,0.881,134.3635,33.5909
01645,2024,57.0079,75.8621,0.0,0.0,3.7657,0.8661,136.1934,33.5909
01645,2025,57.0079,75.8621,0.0,0.0,2.9661,0.8661,136.1934,33.5909
01645,2026,57.0079,75.8621,0.0,0.0,2.1277,0.8661,136.1934,33.5909
01646,2023,44.6037,48.2759,19.7137,9.1106,2.7174,0.9811,47.0588,94.1176
01646,2024,44.9683,63.2653,12.0283,9.7431,3.861,0.966,48.4653,94.1176
01646,2025,44.9683,63.2653,19.8473,44.8602,4.0,0.966,48.4653,94.1176
01646,2026,44.9683,63.2653,19.8473,44.8602,4.7718,0.966,48.4653,94.1176
01647,2023,64.4621,66.6667,19.5122,1003.7627,2.7237,0.9322,47.2441,94.4882
01647,2024,65.3409,51.4706,21.5405,638.9892,2.6804,0.8565,48.6066,94.4882
01647,2025,65.3409,51.4706,21.1436,172.2145,2.4017,0.8565,48.6066,94.4882
01647,2026,65.3409,51.4706,21.1436,172.2145,2.7273,0.8565,48.6066,94.4882
01648,2023,71.0448,58.6207,43.8776,11.0032,2.3121,0.897,180.424,90.212
01648,2024,73.6196,64.0,42.1429,46.8956,1.7751,1.0339,185.271,90.212
01648,2025,73.6196,64.0,42.1642,137.3995,0.6173,1.0339,185.271,90.212
01648,2026,73.6196,64.0,42.1642,137.3995,1.1976,1.0339,185.271,90.212
01649,2023,51.0686,68.1818,29.2199,68.4176,2.8205,0.8597,92.98,23.245
01649,2024,51.0059,96.6667,28.5714,27.6574,3.9894,0.8341,95.3516,23.245
01649,2025,51.0059,96.6667,30.5556,11.1978,3.6932,0.8341,95.3516,23.245
01649,2026,51.0059,96.6667,30.5556,11.1978,3.8235,0.8341,95.3516,23.245
01661,2023,24.843,11.1111,8.2328,3.4157,5.0398,1.1015,58.2658,68.8596
01661,2024,27.4375,23.1579,7.973,6.7766,5.0102,1.0301,59.0065,68.8596
01661,2025,27.4375,23.1579,7.7381,11.931,4.7652,1.0301,59.0065,68.8596
01661,2026,27.4375,23.1579,7.7381,11.931,4.6919,1.0301,59.0065,68.8596
01662,2023,24.4019,13.8462,16.4723,33.0441,4.9774,0.9583,23.2856,58.214
01662,2024,24.8284,45.0,17.9253,39.2289,5.3973,0.9413,23.8237,58.214
01662,2025,24.8284,45.0,17.5559,36.6782,5.6426,0.9413,23.8237,58.214
01662,2026,24.8284,45.0,17.5559,36.6782,5.0633,0.9413,23.8237,58.214
01663,2023,33.9662,32.4675,23.6641,34.4147,2.3305,0.9901,36.9617,18.4809
01663,2024,28.8774,22.4138,21.9031,70.2503,3.871,0.9356,37.5023,18.4809
01663,2025,28.8774,22.4138,25.1748,49.7555,3.8375,0.9356,37.5023,18.4809
01663,2026,28.8774,22.4138,25.1748,49.7555,3.5377,0.9356,37.5023,18.4809
01664,2023,40.2027,23.6111,29.4118,67.4897,4.8193,0.8736,13.9295,41.7885
01664,2024,39.6996,35.8209,24.7887,67.7966,4.6346,0.9165,14.2878,41.7885
01664,2025,39.6996,35.8209,20.9348,109.1295,4.0892,0.9165,14.2878,41.7885
01664,2026,39.6996,35.8209,20.9348,109.1295,4.6065,0.9165,14.2878,41.7885
01665,2023,37.931,30.1887,17.0394,119.397,5.2453,0.9868,74.638,134.3484
01665,2024,41.1092,48.9796,17.3031,72.272,4.5534,0.9991,75.3012,134.3484
01665,2025,41.1092,48.9796,15.7107,97.0289,4.3956,0.9991,75.3012,134.3484
01665,2026,41.1092,48.9796,15.7107,97.0289,3.876,0.9991,75.3012,134.3484
01667,2023,43.8669,37.5,29.6496,4.8077,2.3697,0.8577,40.2414,362.173
01667,2024,49.2693,34.6154,35.8333,7.836,0.4902,0.8706,40.5515,362.173
01667,2025,49.2693,34.6154,38.9535,18.8564,0.9756,0.8706,40.5515,362.173
01667,2026,49.2693,34.6154,38.9535,18.8564,2.0305,0.8706,40.5515,362.173
01668,2023,27.1281,55.814,14.7296,3.1417,3.3873,1.0381,69.1181,55.2944
01668,2024,27.6771,48.9362,15.199,3.5802,3.2209,1.0,70.1557,55.2944
01668,2025,27.6771,48.9362,16.083,13.2438,3.1898,1.0,70.1557,55.2944
01668,2026,27.6771,48.9362,16.083,13.2438,3.8062,1.0,70.1557,55.2944
01691,2023,36.8618,52.1978,23.9421,138.1327,3.0714,0.8542,41.7478,62.6218
01691,2024,35.6584,35.7542,21.6755,104.4286,2.8571,0.8475,42.2238,62.6218
01691,2025,35.6584,35.7542,22.074,114.0151,3.1098,0.8475,42.2238,62.6218
01691,2026,35.6584,35.7542,22.074,114.0151,3.2129,0.8475,42.2238,62.6218
01692,2023,30.5292,27.1429,14.253,4.3405,3.1312,0.8808,26.398,123.1906
01692,2024,34.5013,25.7812,16.6535,0.9829,3.2765,0.8462,22.2816,123.1906
01692,2025,34.5013,25.7812,16.0848,0.913,3.574,0.8462,22.2816,123.1906
01692,2026,34.5013,25.7812,16.0848,0.913,3.4431,0.8462,22.2816,123.1906
01693,2023,33.4901,49.1525,13.7303,10.2708,4.3605,0.9037,20.1939,100.9693
01693,2024,40.0199,54.5455,17.8304,1.885,5.1829,0.8657,41.2456,100.9693
01693,2025,40.0199,54.5455,18.7256,8.189,4.9536,0.8657,41.2456,100.9693
01693,2026,40.0199,54.5455,18.7256,8.189,3.5144,0.8657,41.2456,100.9693
01694,2023,27.6923,65.9574,17.7305,7.722,2.2346,0.8911,44.5633,22.2816
01694,2024,28.8745,58.8235,17.6724,0.0,2.7701,0.8309,45.798,22.2816
01694,2025,28.8745,58.8235,18.1818,0.0,3.4188,0.8309,45.798,22.2816
01694,2026,28.8745,58.8235,18.1818,0.0,2.5788,0.8309,45.798,22.2816
02201,2023,37.2004,47.9307,19.7388,5.4725,5.3627,0.9206,75.8625,248.2102
02201,2024,37.7266,50.1901,20.154,7.1468,5.5654,0.9294,77.0036,248.2102
02201,2025,37.7266,50.1901,19.7535,7.9981,5.3392,0.9294,77.0036,248.2102
02201,2026,37.7266,50.1901,19.7535,7.9981,5.0861,0.9294,77.0036,248.2102
02202,2023,34.1096,57.3298,22.4936,17.9907,5.3365,0.9402,96.8078,530.3118
02202,2024,36.7502,58.7444,23.2317,17.8761,5.1078,0.9601,96.9387,530.3118
02202,2025,36.7502,58.7444,21.5505,18.6724,4.9329,0.9601,96.9387,530.3118
02202,2026,36.7502,58.7444,21.5505,18.6724,4.8122,0.9601,96.9387,530.3118
02203,2023,31.1858,26.3267,18.2207,8.9058,4.6641,0.9641,72.7753,259.0076
02203,2024,33.9548,23.7234,20.9771,18.1303,4.6741,0.9441,76.5416,259.0076
02203,2025,33.9548,23.7234,21.8376,24.0338,4.7021,0.9441,76.5416,259.0076
02203,2026,33.9548,23.7234,21.8376,24.0338,4.5303,0.9441,76.5416,259.0076
02204,2023,42.9576,28.8889,29.7456,14.5638,4.9293,0.9215,47.533,180.6255
02204,2024,43.0658,19.2623,30.5271,17.7895,5.0987,0.9294,48.3824,180.6255
02204,2025,43.0658,19.2623,30.3848,17.4457,4.959,0.9294,48.3824,180.6255
02204,2026,43.0658,19.2623,30.3848,17.4457,5.0176,0.9294,48.3824,180.6255
02205,2023,30.6757,49.8305,24.3683,8.806,4.0557,0.878,79.4004,244.0111
02205,2024,32.0202,52.9801,26.8008,13.1651,3.926,0.9362,80.9893,244.0111
02205,2025,32.0202,52.9801,25.2001,19.7739,4.091,0.9362,80.9893,244.0111
02205,2026,32.0202,52.9801,25.2001,19.7739,4.2321,0.9362,80.9893,244.0111
02206,2023,39.2084,26.5116,28.8049,20.3695,4.4127,0.8572,64.3806,196.5302
02206,2024,40.1124,29.2857,27.6371,19.686,4.5752,0.8926,63.4344,196.5302
02206,2025,40.1124,29.2857,29.598,20.8562,4.7456,0.8926,63.4344,196.5302
02206,2026,40.1124,29.2857,29.598,20.8562,4.1745,0.8926,63.4344,196.5302
02207,2023,26.2044,24.2857,17.1532,15.455,3.9526,0.9253,49.6421,128.0242
02207,2024,27.2949,18.797,15.4999,9.8379,3.9903,0.9267,50.1332,128.0242
02207,2025,27.2949,18.797,16.3215,4.6111,4.2892,0.9267,50.1332,128.0242
02207,2026,27.2949,18.797,16.3215,4.6111,4.2624,0.9267,50.1332,128.0242
02208,2023,31.1748,31.4286,14.275,132.0105,5.3891,0.8775,83.5127,172.593
02208,2024,28.1635,24.1667,16.6453,118.5919,5.2798,0.8916,72.0461,172.593
02208,2025,28.1635,24.1667,16.7861,158.0716,5.4976,0.8916,72.0461,172.593
02208,2026,28.1635,24.1667,16.7861,158.0716,5.5996,0.8916,72.0461,172.593
02209,2023,46.2271,31.0345,37.9157,7.0824,4.6118,0.8522,36.4419,53.0065
02209,2024,46.9903,31.1475,35.2786,26.7474,4.4181,0.8757,37.3236,53.0065
02209,2025,46.9903,31.1475,37.1286,48.9464,4.8178,0.8757,37.3236,53.0065
02209,2026,46.9903,31.1475,37.1286,48.9464,4.5568,0.8757,37.3236,53.0065
02210,2023,45.7807,45.7565,33.464,15.2768,5.4123,0.9017,59.7491,56.4297
02210,2024,46.4628,45.8484,28.9007,22.7462,4.902,0.9549,57.214,56.4297
02210,2025,46.4628,45.8484,29.1439,21.5207,5.8954,0.9549,57.214,56.4297
02210,2026,46.4628,45.8484,29.1439,21.5207,5.7104,0.9549,57.214,56.4297
02301,2023,42.4572,43.0,24.5813,35.2186,5.2336,1.0171,68.715,78.5315
02301,2024,42.8571,43.8095,24.0707,45.5213,4.4146,0.9493,60.3136,78.5315
02301,2025,42.8571,43.8095,24.0098,43.0356,4.6059,0.9493,60.3136,78.5315
02301,2026,42.8571,43.8095,24.0098,43.0356,5.2802,0.9493,60.3136,78.5315
02303,2023,38.8462,23.5294,21.9941,34.5539,6.5517,0.8601,129.8139,86.5426
02303,2024,38.7629,21.0526,18.5897,21.3675,7.8358,0.9552,136.7989,86.5426
02303,2025,38.7629,21.0526,24.2647,31.544,6.6929,0.9552,136.7989,86.5426
02303,2026,38.7629,21.0526,24.2647,31.544,7.4236,0.9552,136.7989,86.5426
02304,2023,42.0415,18.5185,,2.6274,7.3801,0.8996,77.4893,38.7447
02304,2024,41.22,31.25,,5.8761,7.1429,0.8733,80.1603,38.7447
02304,2025,41.22,31.25,,7.0194,8.9744,0.8733,80.1603,38.7447
02304,2026,41.22,31.25,,7.0194,8.4507,0.8733,80.1603,38.7447
02307,2023,32.7215,24.2424,17.5401,47.6083,4.6847,1.0195,130.6458,149.3094
02307,2024,33.2777,13.8889,18.6308,65.39,4.5113,0.9767,135.8696,149.3094
02307,2025,33.2777,13.8889,18.5053,77.975,4.9587,0.9767,135.8696,149.3094
02307,2026,33.2777,13.8889,18.5053,77.975,4.6256,0.9767,135.8696,149.3094
02321,2023,37.7185,61.0169,31.7803,100.5755,4.7181,0.9013,55.6731,111.3462
02321,2024,37.8127,44.4444,24.4389,33.9728,4.6707,0.8445,57.0907,111.3462
02321,2025,37.8127,44.4444,29.3262,19.4262,4.6077,0.8445,57.0907,111.3462
02321,2026,37.8127,44.4444,29.3262,19.4262,3.9788,0.8445,57.0907,111.3462
02323,2023,41.5638,7.2464,30.711,0.0,4.3776,0.8629,68.6813,54.9451
02323,2024,42.0111,38.806,33.8953,0.0,3.6061,0.9901,71.0429,54.9451
02323,2025,42.0111,38.806,35.1032,0.0,3.9359,0.9901,71.0429,54.9451
02323,2026,42.0111,38.806,35.1032,0.0,4.2232,0.9901,71.0429,54.9451
02343,2023,59.6244,50.0,46.0526,56.9551,5.9406,1.0108,78.6164,0.0
02343,2024,59.4872,50.0,50.3497,72.1533,6.8627,1.0286,80.5153,0.0
02343,2025,59.4872,50.0,50.3704,42.8737,0.9804,1.0286,80.5153,0.0
02343,2026,59.4872,50.0,50.3704,42.8737,2.0619,1.0286,80.5153,0.0
02361,2023,39.4471,58.1081,21.875,2.1538,5.7118,0.8668,48.0176,116.6141
02361,2024,40.0459,47.0588,15.7801,21.8715,5.8877,0.9173,48.537,116.6141
02361,2025,40.0459,47.0588,0.8786,19.9092,5.3881,0.9173,48.537,116.6141
02361,2026,40.0459,47.0588,0.8786,19.9092,5.3232,0.9173,48.537,116.6141
02362,2023,48.3907,32.4324,42.0408,24.0036,4.6914,1.0275,57.5506,103.5912
02362,2024,49.2686,20.2703,41.0167,20.5624,4.2802,0.983,59.0319,103.5912
02362,2025,49.2686,20.2703,37.1324,17.308,4.7233,0.983,59.0319,103.5912
02362,2026,49.2686,20.2703,37.1324,17.308,4.5262,0.983,59.0319,103.5912
02367,2023,52.5797,86.3636,40.2763,148.4648,5.102,0.9186,26.9578,13.4789
02367,2024,53.749,77.1429,38.8889,225.0585,3.5714,0.9138,27.2035,13.4789
02367,2025,53.749,77.1429,38.8693,178.4591,3.73,0.9138,27.2035,13.4789
02367,2026,53.749,77.1429,38.8693,178.4591,3.4358,0.9138,27.2035,13.4789
02381,2023,42.381,79.2453,28.7065,90.7903,4.0514,0.8076,39.3267,70.7881
02381,2024,43.7674,82.0513,29.239,107.3914,3.7186,0.8383,40.1768,70.7881
02381,2025,43.7674,82.0513,28.6563,96.2165,3.7696,0.8383,40.1768,70.7881
02381,2026,43.7674,82.0513,28.6563,96.2165,3.2944,0.8383,40.1768,70.7881
02384,2023,49.38,58.5185,36.0465,353.4141,4.6465,0.888,50.0501,58.3917
02384,2024,50.3559,61.745,37.0651,332.1934,4.7967,0.8372,42.5315,58.3917
02384,2025,50.3559,61.745,38.3971,121.0282,4.7518,0.8372,42.5315,58.3917
02384,2026,50.3559,61.745,38.3971,121.0282,4.6927,0.8372,42.5315,58.3917
02387,2023,34.1452,73.5632,23.9859,127.1975,4.9505,0.839,80.0,40.0
02387,2024,38.5846,81.7308,26.3653,152.1508,5.6338,0.905,82.9445,40.0
02387,2025,38.5846,81.7308,25.7103,190.2439,5.9638,0.905,82.9445,40.0
02387,2026,38.5846,81.7308,25.7103,190.2439,5.5928,0.905,82.9445,40.0
02401,2023,25.4064,78.5714,19.0335,34.9867,4.8649,0.9151,40.5154,137.7522
02401,2024,24.0851,64.5833,18.0353,56.1747,4.9289,0.8881,33.2585,137.7522
02401,2025,24.0851,64.5833,17.6805,30.9243,4.2659,0.8881,33.2585,137.7522
02401,2026,24.0851,64.5833,17.6805,30.9243,4.2945,0.8881,33.2585,137.7522
02402,2023,42.7818,32.6733,30.993,55.5967,5.4393,1.0215,41.0088,82.0176
02402,2024,42.3156,29.7619,30.3079,27.1311,5.3373,0.967,41.8994,82.0176
02402,2025,42.3156,29.7619,28.4393,3.9055,5.7231,0.967,41.8994,82.0176
02402,2026,42.3156,29.7619,28.4393,3.9055,6.2651,0.967,41.8994,82.0176
02405,2023,37.9023,66.6667,23.2847,26.0821,2.897,0.8379,46.1425,36.914
02405,2024,38.7683,67.2131,24.5646,52.8297,2.4256,0.8275,46.6679,36.914
02405,2025,38.7683,67.2131,32.5275,52.0483,2.8769,0.8275,46.6679,36.914
02405,2026,38.7683,67.2131,32.5275,52.0483,2.6284,0.8275,46.6679,36.914
02406,2023,43.2658,55.3571,34.3333,71.6893,6.5789,1.0676,46.6636,23.3318
02406,2024,42.1384,47.8261,34.8534,59.1796,6.3889,1.1136,47.8354,23.3318
02406,2025,42.1384,47.8261,35.1494,55.5746,4.5714,1.1136,47.8354,23.3318
02406,2026,42.1384,47.8261,35.1494,55.5746,5.2632,1.1136,47.8354,23.3318
02408,2023,45.753,35.8382,38.7907,22.4931,5.4201,0.9094,54.1353,48.1203
02408,2024,45.3295,29.3333,38.256,34.2073,5.4187,0.9085,55.0324,48.1203
02408,2025,45.3295,29.3333,37.2591,42.3736,5.5188,0.9085,55.0324,48.1203
02408,2026,45.3295,29.3333,37.2591,42.3736,5.6296,0.9085,55.0324,48.1203
02411,2023,47.2149,19.1781,39.2811,69.4444,4.9531,0.9355,70.8072,50.5766
02411,2024,44.0678,39.3939,33.6293,80.3918,4.4474,0.8975,71.8981,50.5766
02411,2025,44.0678,39.3939,28.9357,90.5392,3.8304,0.8975,71.8981,50.5766
02411,2026,44.0678,39.3939,28.9357,90.5392,4.7414,0.8975,71.8981,50.5766
02412,2023,40.2036,44.375,26.0951,27.1333,3.7219,0.8037,43.5058,59.3261
02412,2024,38.9072,39.2857,24.6899,76.6741,3.4969,0.8176,39.7646,59.3261
02412,2025,38.9072,39.2857,24.5915,86.8133,3.2539,0.8176,39.7646,59.3261
02412,2026,38.9072,39.2857,24.5915,86.8133,3.1966,0.8176,39.7646,59.3261
02423,2023,32.7824,41.3793,24.0698,115.0311,4.8117,0.8491,41.0678,123.2033
02423,2024,32.0274,44.6429,23.7139,153.8462,4.7619,0.9443,41.9199,123.2033
02423,2025,32.0274,44.6429,21.5956,130.5947,4.8499,0.9443,41.9199,123.2033
02423,2026,32.0274,44.6429,21.5956,130.5947,3.8005,0.9443,41.9199,123.2033
02424,2023,47.5685,17.3913,34.4134,190.7055,4.1026,0.8092,67.5333,50.65
02424,2024,47.9129,32.0755,33.7223,355.4409,5.4577,0.9033,87.1384,50.65
02424,2025,47.9129,32.0755,33.0391,556.0572,4.8736,0.9033,87.1384,50.65
02424,2026,47.9129,32.0755,33.0391,556.0572,5.3309,0.9033,87.1384,50.65
02425,2023,43.6314,35.0,25.4125,1809.8113,6.1111,0.9356,59.1716,59.1716
02425,2024,46.5374,0.0,28.8889,1168.6092,5.5556,1.058,61.8047,59.1716
02425,2025,46.5374,0.0,24.4444,451.7928,6.4516,1.058,61.8047,59.1716
02425,2026,46.5374,0.0,24.4444,451.7928,6.6667,1.058,61.8047,59.1716
02426,2023,44.0678,54.1667,31.8182,7.2622,5.3097,0.9441,230.6805,0.0
02426,2024,46.4567,61.5385,30.0,20.0297,5.4299,1.0218,233.7814,0.0
02426,2025,46.4567,61.5385,33.9921,21.5385,5.7416,1.0218,233.7814,0.0
02426,2026,46.4567,61.5385,33.9921,21.5385,5.314,1.0218,233.7814,0.0
02441,2023,34.5558,31.6456,23.242,145.7971,5.2995,0.924,32.7082,109.0275
02441,2024,35.245,26.6667,25.5183,181.6718,5.4348,0.9766,33.2521,109.0275
02441,2025,35.245,26.6667,23.3972,282.735,4.6512,0.9766,33.2521,109.0275
02441,2026,35.245,26.6667,23.3972,282.735,4.5822,0.9766,33.2521,109.0275
02442,2023,34.4674,29.0598,19.1769,59.5966,5.0758,0.912,43.5107,68.3739
02442,2024,35.7195,33.3333,20.4386,73.1146,5.5901,0.9453,44.7199,68.3739
02442,2025,35.7195,33.3333,19.7275,19.0707,4.8694,0.9453,44.7199,68.3739
02442,2026,35.7195,33.3333,19.7275,19.0707,4.748,0.9453,44.7199,68.3739
02443,2023,60.0794,66.3043,3.1291,38.817,5.0,0.9002,60.1685,60.1685
02443,2024,56.9328,51.8519,20.1669,32.2406,4.3478,0.9378,62.2794,60.1685
02443,2025,56.9328,51.8519,20.3264,27.2053,5.0,0.9378,62.2794,60.1685
02443,2026,56.9328,51.8519,20.3264,27.2053,5.423,0.9378,62.2794,60.1685
02445,2023,46.4653,59.7222,29.3322,20.4842,4.3103,0.9298,53.0504,135.5732
02445,2024,43.7116,50.3759,30.6697,25.5502,4.4077,0.9979,48.3588,135.5732
02445,2025,43.7116,50.3759,29.5944,33.4868,4.4944,0.9979,48.3588,135.5732
02445,2026,43.7116,50.3759,29.5944,33.4868,4.7267,0.9979,48.3588,135.5732
02446,2023,38.8345,19.5402,21.4049,0.0,4.3444,0.9407,30.9861,15.4931
02446,2024,39.2447,27.8351,21.4237,27.6032,4.3895,0.9113,31.4046,15.4931
02446,2025,39.2447,27.8351,17.7601,39.3568,5.1452,0.9113,31.4046,15.4931
02446,2026,39.2447,27.8351,17.7601,39.3568,4.0693,0.9113,31.4046,15.4931
02450,2023,46.5587,34.375,32.0,8.1206,5.1383,0.8269,45.2284,90.4568
02450,2024,48.4076,63.3333,31.3099,11.3433,4.721,0.8712,46.9704,90.4568
02450,2025,48.4076,63.3333,30.5466,16.5543,5.8036,0.8712,46.9704,90.4568
02450,2026,48.4076,63.3333,30.5466,16.5543,5.3333,0.8712,46.9704,90.4568
03201,2023,44.6868,11.1368,14.566,7.3848,5.2854,0.9979,91.8858,306.4037
03201,2024,44.6938,11.2293,15.9838,9.5501,5.108,1.0057,92.0488,306.4037
03201,2025,44.6938,11.2293,16.9614,8.1502,5.1709,1.0057,92.0488,306.4037
03201,2026,44.6938,11.2293,16.9614,8.1502,5.0638,1.0057,92.0488,306.4037
03202,2023,39.2444,67.2055,15.6193,3.9025,4.769,0.9479,70.7773,176.9433
03202,2024,39.1646,68.1698,16.3332,4.2113,4.1677,0.9743,72.5473,176.9433
03202,2025,39.1646,68.1698,25.4086,4.7945,4.0755,0.9743,72.5473,176.9433
03202,2026,39.1646,68.1698,25.4086,4.7945,4.0711,0.9743,72.5473,176.9433
03203,2023,37.8571,24.4966,20.2154,9.1347,5.0596,1.0028,80.5009,232.5581
03203,2024,37.4819,20.6522,23.1441,13.2492,4.9664,0.9929,85.2489,232.5581
03203,2025,37.4819,20.6522,24.8983,3.8541,4.9031,0.9929,85.2489,232.5581
03203,2026,37.4819,20.6522,24.8983,3.8541,5.2761,0.9929,85.2489,232.5581
03205,2023,50.4446,44.7304,30.3565,11.7973,5.1881,0.9444,73.605,111.49
03205,2024,52.6733,47.4279,41.6912,21.3648,4.8685,0.9478,74.6482,111.49
03205,2025,52.6733,47.4279,28.3772,23.8366,4.8701,0.9478,74.6482,111.49
03205,2026,52.6733,47.4279,28.3772,23.8366,4.8415,0.9478,74.6482,111.49
03206,2023,36.4788,39.6947,0.0,38.2817,4.4123,0.904,68.4366,223.7768
03206,2024,37.8723,30.4428,0.0,42.1034,4.1823,0.8772,67.7248,223.7768
03206,2025,37.8723,30.4428,0.0,24.4008,3.89,0.8772,67.7248,223.7768
03206,2026,37.8723,30.4428,0.0,24.4008,4.2922,0.8772,67.7248,223.7768
03207,2023,44.6334,40.7258,27.7977,3.5676,,0.9933,58.2019,183.7954
03207,2024,43.4334,38.5,27.0212,4.7323,,0.9877,59.375,183.7954
03207,2025,43.4334,38.5,29.7072,13.4345,,0.9877,59.375,183.7954
03207,2026,43.4334,38.5,29.7072,13.4345,,0.9877,59.375,183.7954
03208,2023,55.1106,29.6073,30.4829,99.7621,4.0457,0.9954,67.8426,103.7593
03208,2024,54.0587,31.4488,27.4006,78.5096,4.3596,0.9908,69.3085,103.7593
03208,2025,54.0587,31.4488,28.6252,75.3585,4.6816,0.9908,69.3085,103.7593
03208,2026,54.0587,31.4488,28.6252,75.3585,4.0627,0.9908,69.3085,103.7593
03209,2023,43.5022,11.5854,26.821,9.5805,,0.9455,77.4862,209.6685
03209,2024,43.2645,14.9886,27.0819,13.4137,,0.9689,76.2401,209.6685
03209,2025,43.2645,14.9886,27.1721,13.2516,,0.9689,76.2401,209.6685
03209,2026,43.2645,14.9886,27.1721,13.2516,,0.9689,76.2401,209.6685
03210,2023,48.6438,5.9091,24.9435,48.0189,3.8411,0.9453,44.5186,105.7318
03210,2024,47.0022,4.878,29.077,74.4409,4.1864,0.92,56.6669,105.7318
03210,2025,47.0022,4.878,26.722,69.667,4.3662,0.92,56.6669,105.7318
03210,2026,47.0022,4.878,26.722,69.667,4.4493,0.92,56.6669,105.7318
03211,2023,41.0052,13.2231,21.5698,8.7735,5.151,1.1669,58.7774,176.3323
03211,2024,39.9618,1.8182,22.473,0.3253,4.8026,1.1132,56.8524,176.3323
03211,2025,39.9618,1.8182,22.4259,2.0033,5.0985,1.1132,56.8524,176.3323
03211,2026,39.9618,1.8182,22.4259,2.0033,5.386,1.1132,56.8524,176.3323
03213,2023,52.1783,80.1688,27.7288,33.9058,,0.9497,71.6047,230.7264
03213,2024,48.9838,78.75,28.7601,32.5537,,0.8947,73.0075,230.7264
03213,2025,48.9838,78.75,30.1912,36.6549,,0.8947,73.0075,230.7264
03213,2026,48.9838,78.75,30.1912,36.6549,,0.8947,73.0075,230.7264
03214,2023,39.6201,14.7059,25.104,3.9142,,1.0031,54.2231,100.1043
03214,2024,37.7018,10.0418,27.2243,2.929,,0.9763,59.4707,100.1043
03214,2025,37.7018,10.0418,28.782,2.0978,,0.9763,59.4707,100.1043
03214,2026,37.7018,10.0418,28.782,2.0978,,0.9763,59.4707,100.1043
03215,2023,50.3021,16.6667,24.8059,1.6971,4.7256,0.8882,82.4136,182.7433
03215,2024,53.0661,12.2898,24.1618,4.354,4.9568,0.9032,78.3621,182.7433
03215,2025,53.0661,12.2898,25.4841,5.1488,5.1412,0.9032,78.3621,182.7433
03215,2026,53.0661,12.2898,25.4841,5.1488,5.0128,0.9032,78.3621,182.7433
03216,2023,47.5089,29.8295,25.4134,30.7674,4.8637,0.9576,41.6116,65.1313
03216,2024,46.4724,41.8462,24.8862,7.9922,4.6393,0.9585,41.8692,65.1313
03216,2025,46.4724,41.8462,19.9837,4.8302,4.6978,0.9585,41.8692,65.1313
03216,2026,46.4724,41.8462,19.9837,4.8302,4.8568,0.9585,41.8692,65.1313
03301,2023,44.8092,25.7576,25.2411,7.6384,4.8901,0.9555,64.2715,89.9801
03301,2024,46.1198,21.5278,24.2406,12.7463,4.8281,1.0145,65.3552,89.9801
03301,2025,46.1198,21.5278,24.0458,18.2018,4.9624,1.0145,65.3552,89.9801
03301,2026,46.1198,21.5278,24.0458,18.2018,4.8917,1.0145,65.3552,89.9801
03302,2023,60.657,10.989,42.8138,28.0861,,0.893,35.6697,124.8439
03302,2024,60.0969,17.7778,40.1288,23.2775,,0.9053,36.8121,124.8439
03302,2025,60.0969,17.7778,40.5562,26.054,,0.9053,36.8121,124.8439
03302,2026,60.0969,17.7778,40.5562,26.054,,0.9053,36.8121,124.8439
03303,2023,55.565,58.8542,40.2812,162.9321,,0.883,98.9038,82.4198
03303,2024,56.408,62.8205,39.4018,40.1606,,0.9078,109.788,82.4198
03303,2025,56.408,62.8205,38.1017,108.4366,,0.9078,109.788,82.4198
03303,2026,56.408,62.8205,38.1017,108.4366,,0.9078,109.788,82.4198
03321,2023,50.7576,12.8527,18.4829,1.0629,4.797,0.9432,57.4904,84.7227
03321,2024,51.0946,10.0946,21.0679,4.1763,4.7478,0.9597,54.7046,84.7227
03321,2025,51.0946,10.0946,22.549,2.9229,4.8282,0.9597,54.7046,84.7227
03321,2026,51.0946,10.0946,22.549,2.9229,4.8608,0.9597,54.7046,84.7227
03322,2023,47.8299,36.9748,27.0559,35.349,3.3787,1.0851,79.0365,2122.6948
03322,2024,46.7576,64.7059,28.4026,108.8938,3.4029,1.1185,72.1309,2122.6948
03322,2025,46.7576,64.7059,34.233,26.0333,3.2924,1.1185,72.1309,2122.6948
03322,2026,46.7576,64.7059,34.233,26.0333,3.6446,1.1185,72.1309,2122.6948
03366,2023,49.6296,17.0213,38.0471,110.4357,4.6967,1.0914,99.5619,159.2991
03366,2024,49.5449,13.3333,29.4224,108.3898,5.364,1.0057,103.3058,159.2991
03366,2025,49.5449,13.3333,33.0784,106.6344,4.5098,1.0057,103.3058,159.2991
03366,2026,49.5449,13.3333,33.0784,106.6344,5.1546,1.0057,103.3058,159.2991
03381,2023,51.889,25.3731,35.5067,3.0989,2.5665,0.8803,111.5559,65.6211
03381,2024,50.2224,22.9358,34.6182,3.2094,2.3897,0.844,98.7947,65.6211
03381,2025,50.2224,22.9358,33.6128,2.5931,3.1519,0.844,98.7947,65.6211
03381,2026,50.2224,22.9358,33.6128,2.5931,3.5225,0.844,98.7947,65.6211
03402,2023,52.8627,11.25,34.0776,103.565,,0.8439,57.0613,28.5307
03402,2024,54.5754,18.9189,34.7666,105.9108,,0.8646,58.3175,28.5307
03402,2025,54.5754,18.9189,36.0931,106.802,,0.8646,58.3175,28.5307
03402,2026,54.5754,18.9189,36.0931,106.802,,0.8646,58.3175,28.5307
03441,2023,46.765,36.0656,32.2314,12.4503,6.0311,1.1518,40.7664,61.1496
03441,2024,47.235,31.1475,31.3725,61.8221,5.7654,1.0829,103.799,61.1496
03441,2025,47.235,31.1475,26.6533,360.9418,4.878,1.0829,103.799,61.1496
03441,2026,47.235,31.1475,26.6533,360.9418,4.3478,1.0829,103.799,61.1496
03461,2023,34.571,14.9533,17.3621,1.6635,5.1102,1.0609,73.2064,100.6589
03461,2024,34.2021,13.1313,17.6006,5.0656,5.9959,1.0412,84.0415,100.6589
03461,2025,34.2021,13.1313,18.3144,,7.0362,1.0412,84.0415,100.6589
03461,2026,34.2021,13.1313,18.3144,,6.0023,1.0412,84.0415,100.6589
03482,2023,47.8116,22.5131,11.7177,71.763,4.4444,0.9721,20.7097,55.2257
03482,2024,47.7084,26.1538,12.3012,133.6036,4.3189,0.988,21.0674,55.2257
03482,2025,47.7084,26.1538,12.232,76.8776,3.9076,0.988,21.0674,55.2257
03482,2026,47.7084,26.1538,12.232,76.8776,4.5283,0.988,21.0674,55.2257
03483,2023,53.0451,40.0,27.4265,52.6399,4.9645,0.9579,84.2359,60.1685
03483,2024,55.5201,21.0526,25.8903,73.7387,3.7667,0.9367,87.0863,60.1685
03483,2025,55.5201,21.0526,27.2464,38.3281,4.5283,0.9367,87.0863,60.1685
03483,2026,55.5201,21.0526,27.2464,38.3281,4.6235,0.9367,87.0863,60.1685
03484,2023,42.1222,6.383,33.7963,60.0442,3.2641,1.1647,98.0072,32.6691
03484,2024,39.6907,16.6667,26.087,96.5424,2.795,1.1034,100.7726,32.6691
03484,2025,39.6907,16.6667,17.9221,167.736,3.2154,1.1034,100.7726,32.6691
03484,2026,39.6907,16.6667,17.9221,167.736,3.3557,1.1034,100.7726,32.6691
03485,2023,44.6429,79.4118,,187.365,,1.0392,81.9336,40.9668
03485,2024,45.6929,58.6207,13.9466,197.0033,,0.976,84.674,40.9668
03485,2025,45.6929,58.6207,11.8388,147.6056,,0.976,84.674,40.9668
03485,2026,45.6929,58.6207,11.8388,147.6056,,0.976,84.674,40.9668
03501,2023,46.6286,57.377,30.4943,37.8849,,0.8835,72.1848,96.2464
03501,2024,45.786,26.8041,30.3657,49.6396,,0.822,73.7644,96.2464
03501,2025,45.786,26.8041,27.7304,0.0,,0.822,73.7644,96.2464
03501,2026,45.786,26.8041,27.7304,0.0,,0.822,73.7644,96.2464
03503,2023,40.0773,31.1111,24.9538,46.9136,,0.8012,99.3295,24.8324
03503,2024,36.9987,41.9355,18.0602,59.0327,,0.8731,100.6289,24.8324
03503,2025,36.9987,41.9355,19.9616,155.0054,,0.8731,100.6289,24.8324
03503,2026,36.9987,41.9355,19.9616,155.0054,,0.8731,100.6289,24.8324
03506,2023,51.1353,4.878,28.9106,129.8411,,0.8743,55.918,18.6393
03506,2024,50.1452,2.7778,21.3687,176.0705,,0.9074,57.2738,18.6393
03506,2025,50.1452,2.7778,27.8689,171.6649,,0.9074,57.2738,18.6393
03506,2026,50.1452,2.7778,27.8689,171.6649,,0.9074,57.2738,18.6393
03507,2023,43.7836,59.7701,26.7389,10.6808,,0.9678,38.908,32.4233
03507,2024,42.8007,66.6667,25.344,10.5867,,1.0103,33.2204,32.4233
03507,2025,42.8007,66.6667,23.0657,22.0174,,1.0103,33.2204,32.4233
03507,2026,42.8007,66.6667,23.0657,22.0174,,1.0103,33.2204,32.4233
03524,2023,51.4899,68.4211,,8.1642,,1.0143,89.0234,186.9492
03524,2024,51.5611,75.2577,,73.6152,,1.0141,91.2409,186.9492
03524,2025,51.5611,75.2577,37.4598,2.6816,,1.0141,91.2409,186.9492
03524,2026,51.5611,75.2577,37.4598,2.6816,,1.0141,91.2409,186.9492
04100,2023,45.9578,10.6745,18.7736,0.7425,4.5968,0.994,90.1183,385.5788
04100,2024,46.8182,10.6963,18.7212,1.3358,4.5094,0.9923,89.0879,385.5788
04100,2025,46.8182,10.6963,19.0533,0.75,4.6042,0.9923,89.0879,385.5788
04100,2026,46.8182,10.6963,19.0533,0.75,4.6282,0.9923,89.0879,385.5788
04202,2023,44.4134,27.2014,30.3211,43.0321,5.0206,1.0366,71.6259,238.9967
04202,2024,44.6842,28.7184,23.0122,45.7131,4.9636,1.0744,71.2637,238.9967
04202,2025,44.6842,28.7184,25.1881,41.6547,5.2953,1.0744,71.2637,238.9967
04202,2026,44.6842,28.7184,25.1881,41.6547,5.0122,1.0744,71.2637,238.9967
04203,2023,42.5156,9.7466,24.489,14.5609,4.5139,1.0981,83.8511,289.6673
04203,2024,46.4197,6.9498,20.9302,117.0149,4.4611,1.1108,82.6002,289.6673
04203,2025,46.4197,6.9498,21.7546,134.8884,4.996,1.1108,82.6002,289.6673
04203,2026,46.4197,6.9498,21.7546,134.8884,5.0372,1.1108,82.6002,289.6673
04205,2023,43.8757,15.2661,25.0069,1.2768,4.3232,0.9892,57.6995,169.7044
04205,2024,43.4129,23.3704,24.1097,2.5423,4.1967,0.9725,67.6473,169.7044
04205,2025,43.4129,23.3704,24.554,3.9034,4.3827,0.9725,67.6473,169.7044
04205,2026,43.4129,23.3704,24.554,3.9034,4.3105,0.9725,67.6473,169.7044
04206,2023,41.1688,21.1604,21.6247,2.3269,3.1959,1.0104,78.2032,159.5345
04206,2024,41.5824,45.3237,23.6499,5.941,2.9707,0.992,80.0538,159.5345
04206,2025,41.5824,45.3237,24.4734,1.9725,2.8753,0.992,80.0538,159.5345
04206,2026,41.5824,45.3237,24.4734,1.9725,2.5213,0.992,80.0538,159.5345
04207,2023,50.1764,55.6281,29.5548,19.982,4.4463,1.0293,74.0927,215.999
04207,2024,53.7957,53.5774,28.8164,81.5101,4.2954,1.0135,72.7546,215.999
04207,2025,53.7957,53.5774,28.5893,49.795,4.2342,1.0135,72.7546,215.999
04207,2026,53.7957,53.5774,28.5893,49.795,4.2358,1.0135,72.7546,215.999
04208,2023,43.686,36.8132,33.919,4.025,3.9541,1.0052,47.6854,73.3622
04208,2024,42.5523,34.6154,32.6123,22.0463,3.9851,0.9637,48.2966,73.3622
04208,2025,42.5523,34.6154,32.1891,27.3385,4.087,0.9637,48.2966,73.3622
04208,2026,42.5523,34.6154,32.1891,27.3385,4.2323,0.9637,48.2966,73.3622
04209,2023,46.6029,24.3542,26.4596,0.8133,4.1745,1.0366,64.3045,99.672
04209,2024,46.087,29.7357,25.9825,3.8648,4.3657,1.0693,64.4527,99.672
04209,2025,46.087,29.7357,27.9632,3.6629,4.4495,1.0693,64.4527,99.672
04209,2026,46.087,29.7357,27.9632,3.6629,4.7287,1.0693,64.4527,99.672
04211,2023,43.7898,40.2381,23.246,109.1492,4.2867,1.0513,68.7191,219.901
04211,2024,42.91,43.4132,23.234,145.5844,4.2768,1.0361,71.3497,219.901
04211,2025,42.91,43.4132,20.9161,170.1313,4.9437,1.0361,71.3497,219.901
04211,2026,42.91,43.4132,20.9161,170.1313,5.2433,1.0361,71.3497,219.901
04212,2023,61.2884,14.1994,48.1984,12.231,4.497,0.9661,65.5124,120.3289
04212,2024,61.2045,16.8872,43.75,18.4628,4.8465,0.9734,68.1775,120.3289
04212,2025,61.2045,16.8872,40.6004,22.9249,4.9293,0.9734,68.1775,120.3289
04212,2026,61.2045,16.8872,40.6004,22.9249,5.2439,0.9734,68.1775,120.3289
04213,2023,43.4728,18.787,34.5747,116.0143,4.6317,1.0084,82.1498,170.6188
04213,2024,42.325,23.0016,34.6224,194.3931,4.8169,0.9927,77.5319,170.6188
04213,2025,42.325,23.0016,33.1734,152.2212,4.6702,0.9927,77.5319,170.6188
04213,2026,42.325,23.0016,33.1734,152.2212,4.8118,0.9927,77.5319,170.6188
04214,2023,43.7009,14.0086,0.0,6.2581,4.656,1.0592,64.236,120.7636
04214,2024,45.3746,16.6213,21.855,14.0136,4.8604,1.0928,62.5929,120.7636
04214,2025,45.3746,16.6213,22.2482,19.7277,5.281,1.0928,62.5929,120.7636
04214,2026,45.3746,16.6213,22.2482,19.7277,5.286,1.0928,62.5929,120.7636
04215,2023,42.5027,21.6281,28.0216,22.3816,4.9652,1.0227,63.7735,273.4288
04215,2024,43.056,20.4487,24.0479,16.0427,5.0473,1.0036,63.0171,273.4288
04215,2025,43.056,20.4487,27.355,50.4779,5.1139,1.0036,63.0171,273.4288
04215,2026,43.056,20.4487,27.355,50.4779,5.2018,1.0036,63.0171,273.4288
04216,2023,55.8197,25.1572,38.7452,7.312,3.0342,0.9684,55.3446,95.4217
04216,2024,55.2116,19.4323,38.8771,10.0858,3.4045,0.9726,51.509,95.4217
04216,2025,55.2116,19.4323,39.443,8.1513,3.6585,0.9726,51.509,95.4217
04216,2026,55.2116,19.4323,39.443,8.1513,3.6149,0.9726,51.509,95.4217
04301,2023,43.1774,52.6786,29.489,42.9201,4.6875,0.8958,71.0227,71.0227
04301,2024,44.2864,64.1667,30.8603,26.9757,5.2632,0.9411,63.2111,71.0227
04301,2025,44.2864,64.1667,28.2449,25.85,4.9713,0.9411,63.2111,71.0227
04301,2026,44.2864,64.1667,28.2449,25.85,5.3869,0.9411,63.2111,71.0227
04302,2023,65.0442,20.8333,39.3548,0.0,4.3103,1.0258,238.4738,79.4913
04302,2024,67.2897,20.0,38.255,0.0,5.8824,1.2639,244.898,79.4913
04302,2025,67.2897,20.0,39.2308,0.0,3.3613,1.2639,244.898,79.4913
04302,2026,67.2897,20.0,39.2308,0.0,4.3478,1.2639,244.898,79.4913
04321,2023,54.3312,21.7593,21.9035,2.41,2.6081,0.9821,84.8248,534.3965
04321,2024,53.4045,23.1579,21.0728,13.7483,2.8777,0.9732,76.4948,534.3965
04321,2025,53.4045,23.1579,0.7481,5.1867,3.7162,0.9732,76.4948,534.3965
04321,2026,53.4045,23.1579,0.7481,5.1867,4.1667,0.9732,76.4948,534.3965
04322,2023,42.9989,29.1339,20.7278,86.6385,3.2934,1.0,87.882,68.3527
04322,2024,43.4483,37.0968,20.938,184.2999,3.8105,1.1239,89.4543,68.3527
04322,2025,43.4483,37.0968,19.0341,321.2696,3.7393,1.1239,89.4543,68.3527
04322,2026,43.4483,37.0968,19.0341,321.2696,4.4994,1.1239,89.4543,68.3527
04323,2023,43.4916,28.6486,18.8366,11.7995,4.1111,0.9834,59.5045,86.552
04323,2024,43.2329,23.6196,18.187,8.9882,3.6732,1.0212,57.0652,86.552
04323,2025,43.2329,23.6196,18.6651,12.7936,4.3168,1.0212,57.0652,86.552
04323,2026,43.2329,23.6196,18.6651,12.7936,3.6866,1.0212,57.0652,86.552
04324,2023,57.754,50.0,28.8785,42.4962,4.4068,1.1411,48.2742,168.9597
04324,2024,57.5439,67.3913,26.9388,27.1924,4.8463,1.2218,36.964,168.9597
04324,2025,57.5439,67.3913,31.0796,35.5921,4.3915,1.2218,36.964,168.9597
04324,2026,57.5439,67.3913,31.0796,35.5921,3.7371,1.2218,36.964,168.9597
04341,2023,50.1237,56.25,28.5268,4.0102,4.5249,1.0589,32.8084,65.6168
04341,2024,47.4191,62.7273,28.8032,1.8095,4.5595,1.1235,33.5824,65.6168
04341,2025,47.4191,62.7273,28.9417,5.6562,4.3478,1.1235,33.5824,65.6168
04341,2026,47.4191,62.7273,28.9417,5.6562,4.7785,1.1235,33.5824,65.6168
04361,2023,48.3665,54.8276,29.2016,3.8428,4.4508,0.9876,69.1313,72.1371
04361,2024,48.4342,70.0,27.4262,2.7422,4.9479,0.9826,69.5347,72.1371
04361,2025,48.4342,70.0,31.9454,3.6413,4.7326,0.9826,69.5347,72.1371
04361,2026,48.4342,70.0,31.9454,3.6413,4.5161,0.9826,69.5347,72.1371
04362,2023,53.429,20.5674,26.0959,93.7537,5.1891,1.0206,51.1683,153.505
04362,2024,55.0972,40.1361,26.9807,98.2624,5.5866,1.0466,43.2451,153.505
04362,2025,55.0972,40.1361,27.0435,68.4019,6.0878,1.0466,43.2451,153.505
04362,2026,55.0972,40.1361,27.0435,68.4019,6.191,1.0466,43.2451,153.505
04401,2023,52.0106,29.6774,28.0981,18.2387,4.0678,1.158,37.5347,97.5903
04401,2024,52.6739,27.9503,26.7041,17.5771,3.9286,1.0805,38.2117,97.5903
04401,2025,52.6739,27.9503,27.2727,29.6154,4.4146,1.0805,38.2117,97.5903
04401,2026,52.6739,27.9503,27.2727,29.6154,4.0959,1.0805,38.2117,97.5903
04404,2023,49.8582,43.1718,31.1426,5.7176,4.8217,1.0821,38.8587,22.205
04404,2024,50.4006,34.4037,30.4622,5.7372,4.4,1.0704,39.3369,22.205
04404,2025,50.4006,34.4037,31.1269,14.5298,4.2712,1.0704,39.3369,22.205
04404,2026,50.4006,34.4037,31.1269,14.5298,3.4483,1.0704,39.3369,22.205
04406,2023,50.4125,24.0964,33.0123,14.849,3.0526,1.0074,61.1791,122.3582
04406,2024,51.2082,25.0,35.4412,8.4014,2.9285,1.0198,61.3018,122.3582
04406,2025,51.2082,25.0,33.4527,20.0466,3.3994,1.0198,61.3018,122.3582
04406,2026,51.2082,25.0,33.4527,20.0466,3.3007,1.0198,61.3018,122.3582
04421,2023,56.5204,60.4811,32.7442,41.8467,3.5714,1.0029,67.4261,113.5597
04421,2024,56.9756,58.3658,30.9767,54.8021,4.3628,0.9821,67.9445,113.5597
04421,2025,56.9756,58.3658,43.8495,30.9499,4.0875,0.9821,67.9445,113.5597
04421,2026,56.9756,58.3658,43.8495,30.9499,4.3224,0.9821,67.9445,113.5597
04422,2023,43.0215,72.3684,28.3544,39.0317,4.9242,1.0206,38.8199,25.8799
04422,2024,45.6487,54.321,32.9624,30.6007,4.0,1.0636,39.557,25.8799
04422,2025,45.6487,54.321,30.6213,17.5005,5.7772,1.0636,39.557,25.8799
04422,2026,45.6487,54.321,30.6213,17.5005,4.8673,1.0636,39.557,25.8799
04424,2023,59.4126,63.9344,26.1224,27.1833,4.721,1.0009,70.7965,17.6991
04424,2024,62.0787,54.9296,29.5556,51.9481,5.9361,1.03,71.8262,17.6991
04424,2025,62.0787,54.9296,26.2921,54.1088,5.7279,1.03,71.8262,17.6991
04424,2026,62.0787,54.9296,26.2921,54.1088,5.5276,1.03,71.8262,17.6991
04444,2023,55.3093,26.4706,29.3303,8.9945,3.7217,0.9871,31.2451,93.7354
04444,2024,54.4841,29.4872,33.1445,17.9487,3.3389,0.9528,31.9234,93.7354
04444,2025,54.4841,29.4872,33.2331,39.5294,3.4904,0.9528,31.9234,93.7354
04444,2026,54.4841,29.4872,33.2331,39.5294,3.7906,0.9528,31.9234,93.7354
04445,2023,44.4995,52.8814,26.1294,20.6737,4.6986,1.0342,101.0379,73.4821
04445,2024,43.9464,48.3607,32.4086,70.042,4.7389,1.0308,102.6742,73.4821
04445,2025,43.9464,48.3607,27.4485,118.5595,4.8682,1.0308,102.6742,73.4821
04445,2026,43.9464,48.3607,27.4485,118.5595,4.8677,1.0308,102.6742,73.4821
04501,2023,49.6855,22.2222,26.6345,44.1357,3.9429,1.0188,46.8855,120.5626
04501,2024,48.9955,31.4286,24.2171,34.0811,3.7193,1.0671,41.0172,120.5626
04501,2025,48.9955,31.4286,25.5226,34.0327,4.2305,1.0671,41.0172,120.5626
04501,2026,48.9955,31.4286,25.5226,34.0327,4.528,1.0671,41.0172,120.5626
04505,2023,52.5061,29.6296,27.1949,5.5876,4.1768,0.9334,46.8424,72.3928
04505,2024,50.5123,28.8973,21.6553,2.7466,4.0816,0.9569,47.424,72.3928
04505,2025,50.5123,28.8973,20.3336,6.3514,4.4156,0.9569,47.424,72.3928
04505,2026,50.5123,28.8973,20.3336,6.3514,4.2276,0.9569,47.424,72.3928
04581,2023,58.3333,72.4138,29.1328,0.0,4.0984,1.0147,50.1505,66.8673
04581,2024,55.4121,77.9412,27.8711,2.7384,3.0837,0.9781,50.6928,66.8673
04581,2025,55.4121,77.9412,27.2069,3.2787,4.918,0.9781,50.6928,66.8673
04581,2026,55.4121,77.9412,27.2069,3.2787,3.7406,0.9781,50.6928,66.8673
04606,2023,43.0355,29.6296,30.2314,10.6877,3.7037,1.0687,41.7397,91.8274
04606,2024,47.1166,21.7391,24.3818,0.8217,3.7037,1.0655,42.4773,91.8274
04606,2025,47.1166,21.7391,29.2861,1.4361,4.6332,1.0655,42.4773,91.8274
04606,2026,47.1166,21.7391,29.2861,1.4361,4.2575,1.0655,42.4773,91.8274
05201,2023,37.3354,15.4316,15.1671,3.8219,4.8497,1.0548,94.5186,423.3368
05201,2024,36.9937,17.1913,14.718,4.9958,4.7216,1.0528,97.5393,423.3368
05201,2025,36.9937,17.1913,13.3443,5.9811,4.6415,1.0528,97.5393,423.3368
05201,2026,36.9937,17.1913,13.3443,5.9811,4.66,1.0528,97.5393,423.3368
05202,2023,29.6454,32.1244,16.8742,13.0298,4.4335,0.9969,103.3372,295.828
05202,2024,31.3054,30.9524,16.7666,18.1939,4.1909,1.0343,101.3779,295.828
05202,2025,31.3054,30.9524,17.1977,14.3792,4.4461,1.0343,101.3779,295.828
05202,2026,31.3054,30.9524,17.1977,14.3792,4.6799,1.0343,101.3779,295.828
05203,2023,45.2415,30.2477,31.0972,10.1693,4.6263,0.9143,94.9059,233.7058
05203,2024,47.0987,43.6681,30.5701,9.7848,4.5977,0.9082,87.3214,233.7058
05203,2025,47.0987,43.6681,30.8269,8.9889,4.7404,0.9082,87.3214,233.7058
05203,2026,47.0987,43.6681,30.8269,8.9889,5.0067,0.9082,87.3214,233.7058
05204,2023,35.1372,5.7692,18.0184,42.6197,4.1441,0.9511,71.971,201.225
05204,2024,38.166,6.4449,12.6286,43.2091,4.4752,0.9633,70.3519,201.225
05204,2025,38.166,6.4449,18.0011,53.2064,4.4759,0.9633,70.3519,201.225
05204,2026,38.166,6.4449,18.0011,53.2064,4.4072,0.9633,70.3519,201.225
05206,2023,26.3244,20.1183,11.5385,1.1707,4.6927,1.1336,104.9064,129.1156
05206,2024,27.0258,25.0,12.2162,9.3652,4.8095,1.1022,104.1059,129.1156
05206,2025,27.0258,25.0,12.9866,3.7198,4.9917,1.1022,104.1059,129.1156
05206,2026,27.0258,25.0,12.9866,3.7198,4.8102,1.1022,104.1059,129.1156
05207,2023,50.386,9.7959,30.4187,13.3032,4.0206,0.8641,84.38,144.6515
05207,2024,50.2669,16.0494,30.3571,30.3606,4.2037,0.9086,83.8864,144.6515
05207,2025,50.2669,16.0494,31.7348,39.764,4.3062,0.9086,83.8864,144.6515
05207,2026,50.2669,16.0494,31.7348,39.764,4.8212,0.9086,83.8864,144.6515
05209,2023,38.5638,10.5505,13.9896,42.1249,3.6005,0.9351,52.6815,129.9477
05209,2024,38.0581,11.6667,13.1856,27.3953,3.3107,0.9571,57.7326,129.9477
05209,2025,38.0581,11.6667,12.052,9.1539,3.4337,0.9571,57.7326,129.9477
05209,2026,38.0581,11.6667,12.052,9.1539,3.257,0.9571,57.7326,129.9477
05210,2023,35.281,9.2342,20.7361,18.1871,,1.0241,81.0963,258.4086
05210,2024,36.6428,14.1176,20.8509,6.967,,1.0322,80.8667,258.4086
05210,2025,36.6428,14.1176,17.6856,6.5428,,1.0322,80.8667,258.4086
05210,2026,36.6428,14.1176,17.6856,6.5428,4.8494,1.0322,80.8667,258.4086
05211,2023,36.0059,23.7288,10.4224,0.4543,4.6329,0.9521,59.6809,122.5028
05211,2024,37.6995,31.8919,10.8367,2.2862,4.8154,1.0085,60.081,122.5028
05211,2025,37.6995,31.8919,10.0204,28.5425,4.6096,1.0085,60.081,122.5028
05211,2026,37.6995,31.8919,10.0204,28.5425,5.0584,1.0085,60.081,122.5028
05212,2023,41.8834,16.8776,19.8681,0.421,,0.9811,92.7656,228.6476
05212,2024,44.2179,17.2566,27.223,0.426,,0.994,94.4061,228.6476
05212,2025,44.2179,17.2566,26.3966,1.0858,,0.994,94.4061,228.6476
05212,2026,44.2179,17.2566,26.3966,1.0858,,0.994,94.4061,228.6476
05213,2023,34.9529,5.5046,23.3898,259.9297,4.4691,0.9381,98.8445,132.9289
05213,2024,36.4991,7.4257,21.5199,283.3417,4.3023,0.9533,98.1217,132.9289
05213,2025,36.4991,7.4257,19.8069,311.4868,4.5741,0.9533,98.1217,132.9289
05213,2026,36.4991,7.4257,19.8069,311.4868,4.3107,0.9533,98.1217,132.9289
05214,2023,41.2356,19.3548,17.4544,38.3647,,0.9442,73.7623,86.7792
05214,2024,46.0326,11.7021,18.2824,42.0163,,0.9182,75.68,86.7792
05214,2025,46.0326,11.7021,18.934,45.8936,,0.9182,75.68,86.7792
05214,2026,46.0326,11.7021,18.934,45.8936,5.2452,0.9182,75.68,86.7792
05215,2023,41.001,18.408,24.2624,3.7565,,0.9905,95.4357,157.6763
05215,2024,40.0053,44.7674,22.4403,4.7332,,0.9688,89.579,157.6763
05215,2025,40.0053,44.7674,23.4961,4.3565,,0.9688,89.579,157.6763
05215,2026,40.0053,44.7674,23.4961,4.3565,,0.9688,89.579,157.6763
05303,2023,37.6502,56.7568,22.1007,72.9313,3.3981,0.938,63.9932,21.3311
05303,2024,36.5057,86.6667,17.3913,60.7544,4.2394,0.8991,87.9121,21.3311
05303,2025,36.5057,86.6667,19.3925,92.9204,2.3873,0.8991,87.9121,21.3311
05303,2026,36.5057,86.6667,19.3925,92.9204,2.6012,0.8991,87.9121,21.3311
05327,2023,46.1538,7.6923,31.4176,0.0,4.5045,1.1241,147.8561,49.2854
05327,2024,41.9525,9.0909,32.6531,0.0,3.1674,0.9357,153.2176,49.2854
05327,2025,41.9525,9.0909,30.4545,0.0,3.7736,0.9357,153.2176,49.2854
05327,2026,41.9525,9.0909,30.4545,0.0,4.0609,0.9357,153.2176,49.2854
05346,2023,52.993,7.6923,43.7673,9.5735,3.8339,1.0061,103.484,0.0
05346,2024,53.8318,17.8571,47.9042,36.8889,2.9316,0.991,106.4207,0.0
05346,2025,53.8318,17.8571,40.1993,29.8778,3.125,0.991,106.4207,0.0
05346,2026,53.8318,17.8571,40.1993,29.8778,2.9304,0.991,106.4207,0.0
05348,2023,42.7895,22.0183,24.0479,3.679,5.0761,1.0166,66.5779,73.2357
05348,2024,44.9146,18.2609,23.6119,8.1336,4.6915,1.1178,68.451,73.2357
05348,2025,44.9146,18.2609,23.447,4.2895,5.1247,1.1178,68.451,73.2357
05348,2026,44.9146,18.2609,23.447,4.2895,5.2405,1.1178,68.451,73.2357
05349,2023,51.727,4.6875,26.6388,0.39,4.6544,1.0025,77.2439,15.4488
05349,2024,52.3246,1.6667,32.0545,0.399,5.3254,0.882,79.3525,15.4488
05349,2025,52.3246,1.6667,28.5714,0.4093,3.937,0.882,79.3525,15.4488
05349,2026,52.3246,1.6667,28.5714,0.4093,3.6125,0.882,79.3525,15.4488
05361,2023,38.6945,2.5641,23.3684,13.5279,5.0808,1.1613,83.642,59.7443
05361,2024,37.013,12.1212,22.0162,20.504,5.7252,1.1531,74.4417,59.7443
05361,2025,37.013,12.1212,22.2087,22.72,4.0161,1.1531,74.4417,59.7443
05361,2026,37.013,12.1212,22.2087,22.72,5.6577,1.1531,74.4417,59.7443
05363,2023,42.7988,17.0732,21.4815,106.6408,4.6642,1.1451,55.8036,260.4167
05363,2024,43.3581,14.5833,24.2623,142.5073,5.1282,0.9648,56.8505,260.4167
05363,2025,43.3581,14.5833,21.1409,180.7587,4.8626,0.9648,56.8505,260.4167
05363,2026,43.3581,14.5833,21.1409,180.7587,5.2516,0.9648,56.8505,260.4167
05366,2023,51.1527,0.0,33.5681,122.6643,5.2874,1.2953,68.3995,45.5996
05366,2024,48.9922,0.0,25.8621,179.2597,4.7146,1.2088,69.6056,45.5996
05366,2025,48.9922,0.0,29.8701,282.493,4.6875,1.2088,69.6056,45.5996
05366,2026,48.9922,0.0,29.8701,282.493,4.918,1.2088,69.6056,45.5996
05368,2023,65.3415,7.8947,54.2228,154.3931,1.9108,0.9307,66.4452,33.2226
05368,2024,65.1626,15.5556,52.9412,165.3826,2.6144,0.8565,67.2043,33.2226
05368,2025,65.1626,15.5556,54.6934,213.9896,2.0548,0.8565,67.2043,33.2226
05368,2026,65.1626,15.5556,54.6934,213.9896,2.5806,0.8565,67.2043,33.2226
05434,2023,60.0465,45.5882,38.6807,28.0204,,1.0371,60.4761,49.4805
05434,2024,60.6563,33.8462,41.9918,4.5991,,0.9706,61.6903,49.4805
05434,2025,60.6563,33.8462,26.8727,6.2908,,0.9706,61.6903,49.4805
05434,2026,60.6563,33.8462,26.8727,6.2908,,0.9706,61.6903,49.4805
05463,2023,40.7857,5.4422,21.3731,141.3776,3.6559,0.9242,43.9818,87.9636
05463,2024,39.9658,14.5985,19.9121,149.9291,3.677,0.9016,44.8867,87.9636
05463,2025,39.9658,14.5985,19.6776,148.9798,3.4661,0.9016,44.8867,87.9636
05463,2026,39.9658,14.5985,19.6776,148.9798,3.4039,0.9016,44.8867,87.9636
05464,2023,60.8,38.0952,42.5373,323.7028,2.5974,0.8058,125.4181,41.806
05464,2024,60.3448,38.8889,36.7347,469.7337,1.7391,0.8983,125.2087,41.806
05464,2025,60.3448,38.8889,41.5888,325.2938,0.9174,0.8983,125.2087,41.806
05464,2026,60.3448,38.8889,41.5888,325.2938,1.9139,0.8983,125.2087,41.806
06201,2023,43.521,29.6959,,13.3913,3.5597,1.0097,103.9756,517.7985
06201,2024,45.0833,28.6119,,11.735,3.6009,1.012,103.6539,517.7985
06201,2025,45.0833,28.6119,,6.8451,3.6019,1.012,103.6539,517.7985
06201,2026,45.0833,28.6119,,6.8451,3.398,1.012,103.6539,517.7985
06202,2023,47.611,37.7778,29.3697,0.5317,4.4421,1.0574,77.688,207.168
06202,2024,49.2636,54.0909,29.9431,2.7643,4.4905,1.0636,76.4788,207.168
06202,2025,49.2636,54.0909,33.5948,2.1082,4.4004,1.0636,76.4788,207.168
06202,2026,49.2636,54.0909,33.5948,2.1082,4.2682,1.0636,76.4788,207.168
06203,2023,51.4103,39.8919,40.1958,95.2595,4.138,0.9481,86.3802,186.8802
06203,2024,53.8358,41.5318,41.0767,108.2101,4.1723,0.9512,83.4092,186.8802
06203,2025,53.8358,41.5318,41.0317,125.184,4.0929,0.9512,83.4092,186.8802
06203,2026,53.8358,41.5318,41.0317,125.184,4.0363,0.9512,83.4092,186.8802
06204,2023,51.6371,68.2219,35.7578,40.7299,4.8334,0.9307,97.5409,270.0344
06204,2024,52.7119,63.9216,36.0239,39.8653,4.891,0.9211,96.0444,270.0344
06204,2025,52.7119,63.9216,36.0104,29.3779,4.7343,0.9211,96.0444,270.0344
06204,2026,52.7119,63.9216,36.0104,29.3779,4.7107,0.9211,96.0444,270.0344
06205,2023,47.0133,50.2041,35.9744,19.6666,4.8674,0.9225,83.8976,251.6929
06205,2024,47.7152,46.7593,33.0477,25.0689,4.7196,0.9586,91.2964,251.6929
06205,2025,47.7152,46.7593,32.8345,39.9799,4.5226,0.9586,91.2964,251.6929
06205,2026,47.7152,46.7593,32.8345,39.9799,4.2863,0.9586,91.2964,251.6929
06206,2023,53.6653,34.902,,1.9589,3.1457,1.0319,92.3016,139.6996
06206,2024,55.2282,31.5789,,6.0613,3.1366,1.0536,90.5774,139.6996
06206,2025,55.2282,31.5789,39.7256,6.5339,3.3265,1.0536,90.5774,139.6996
06206,2026,55.2282,31.5789,39.7256,6.5339,3.1583,1.0536,90.5774,139.6996
06207,2023,47.484,66.6667,27.6746,0.5373,4.1699,1.0499,80.4646,192.4153
06207,2024,49.0937,67.4797,30.6506,1.0399,4.4321,1.1153,78.3364,192.4153
06207,2025,49.0937,67.4797,37.8436,1.5513,4.6385,1.1153,78.3364,192.4153
06207,2026,49.0937,67.4797,37.8436,1.5513,4.0391,1.1153,78.3364,192.4153
06208,2023,52.769,57.2254,41.3737,68.1991,3.2578,1.0869,94.4584,94.4584
06208,2024,51.6923,47.8495,40.4201,73.6192,3.3514,1.0359,96.5873,94.4584
06208,2025,51.6923,47.8495,42.4751,103.7114,3.8961,1.0359,96.5873,94.4584
06208,2026,51.6923,47.8495,42.4751,103.7114,3.8337,1.0359,96.5873,94.4584
06209,2023,52.5703,68.9655,,2.7416,3.2715,0.901,83.0828,94.9517
06209,2024,54.5591,61.6667,,0.1165,3.566,0.9649,84.5036,94.9517
06209,2025,54.5591,61.6667,,0.0,3.8223,0.9649,84.5036,94.9517
06209,2026,54.5591,61.6667,,0.0,4.1287,0.9649,84.5036,94.9517
06210,2023,50.6093,24.4989,40.5468,4.8707,3.8628,0.9908,86.8112,131.0358
06210,2024,51.2776,20.7143,39.8029,5.1524,3.7412,0.9958,85.7704,131.0358
06210,2025,51.2776,20.7143,42.2119,6.1174,3.5828,0.9958,85.7704,131.0358
06210,2026,51.2776,20.7143,42.2119,6.1174,3.767,0.9958,85.7704,131.0358
06211,2023,49.1581,66.6667,36.9439,1.822,3.7013,1.0118,72.944,129.2151
06211,2024,51.0905,69.7417,42.0528,18.8059,3.0514,0.9741,71.0851,129.2151
06211,2025,51.0905,69.7417,41.8047,29.8866,3.1408,0.9741,71.0851,129.2151
06211,2026,51.0905,69.7417,41.8047,29.8866,2.9938,0.9741,71.0851,129.2151
06212,2023,55.8017,35.1145,43.1353,154.0791,2.7261,1.0438,76.2142,69.2857
06212,2024,55.6982,47.7064,42.5781,115.3513,2.9113,1.0917,78.5939,69.2857
06212,2025,55.6982,47.7064,41.8478,112.1836,3.0891,1.0917,78.5939,69.2857
06212,2026,55.6982,47.7064,41.8478,112.1836,3.0418,1.0917,78.5939,69.2857
06213,2023,44.2077,68.8889,28.5273,0.8016,3.6214,1.0349,97.1589,123.9614
06213,2024,44.712,60.4651,,1.1586,3.6991,1.0218,88.2403,123.9614
06213,2025,44.712,60.4651,,3.5508,3.5467,1.0218,88.2403,123.9614
06213,2026,44.712,60.4651,,3.5508,3.3318,1.0218,88.2403,123.9614
06301,2023,46.8432,52.5641,38.0373,1.5222,2.9386,0.9781,73.0727,87.6872
06301,2024,47.2458,58.0247,37.7778,2.6241,2.4748,0.9828,73.692,87.6872
06301,2025,47.2458,58.0247,38.9184,2.4178,2.5735,0.9828,73.692,87.6872
06301,2026,47.2458,58.0247,38.9184,2.4178,2.6743,0.9828,73.692,87.6872
06302,2023,56.9412,22.7273,,126.0245,2.4666,0.9858,55.9597,46.6331
06302,2024,58.1223,28.8136,,130.148,1.7782,0.9187,56.6572,46.6331
06302,2025,58.1223,28.8136,,117.0659,2.0134,0.9187,56.6572,46.6331
06302,2026,58.1223,28.8136,,117.0659,2.1814,0.9187,56.6572,46.6331
06321,2023,51.907,48.3444,64.8077,21.7176,4.1322,1.0446,121.2331,248.2392
06321,2024,53.3384,39.4495,38.1163,15.0138,4.0667,0.9831,123.5294,248.2392
06321,2025,53.3384,39.4495,37.9665,16.4537,3.6288,0.9831,123.5294,248.2392
06321,2026,53.3384,39.4495,37.9665,16.4537,4.059,0.9831,123.5294,248.2392
06322,2023,61.1111,61.8182,43.4932,183.278,2.5794,0.9411,83.7696,83.7696
06322,2024,64.7282,60.3774,24.1509,119.1275,2.5157,1.0311,85.9291,83.7696
06322,2025,64.7282,60.3774,,117.3601,3.0516,1.0311,85.9291,83.7696
06322,2026,64.7282,60.3774,,117.3601,2.8708,1.0311,85.9291,83.7696
06323,2023,61.4091,41.0526,49.3603,20.8962,3.3846,0.96,96.7898,80.6582
06323,2024,60.2819,30.1205,47.2957,25.0832,5.0874,0.9279,83.3472,80.6582
06323,2025,60.2819,30.1205,50.0,134.8519,4.6589,0.9279,83.3472,80.6582
06323,2026,60.2819,30.1205,50.0,134.8519,5.1878,0.9279,83.3472,80.6582
06324,2023,58.3528,49.1525,0.0,0.5629,3.8615,0.8577,53.843,53.843
06324,2024,58.3065,40.3846,43.1498,2.0996,3.9437,0.972,54.9149,53.843
06324,2025,58.3065,40.3846,45.6349,1.9399,3.4483,0.972,54.9149,53.843
06324,2026,58.3065,40.3846,45.6349,1.9399,3.4036,0.972,54.9149,53.843
06341,2023,60.2682,40.8451,49.0933,77.3062,3.0211,0.9383,79.0889,31.6356
06341,2024,60.6061,42.8571,48.4268,121.6067,3.1104,0.9463,81.646,31.6356
06341,2025,60.6061,42.8571,51.9481,30.9764,2.8192,0.9463,81.646,31.6356
06341,2026,60.6061,42.8571,51.9481,30.9764,3.6458,0.9463,81.646,31.6356
06361,2023,,,42.2917,58.6038,3.527,,80.3052,40.1526
06361,2024,,,40.9483,128.8056,3.5639,,61.8812,40.1526
06361,2025,,,44.5727,148.8595,3.7281,,61.8812,40.1526
06361,2026,,,44.5727,148.8595,5.2752,,61.8812,40.1526
06362,2023,53.0872,47.2527,44.2512,2.4796,3.1505,0.9923,38.4763,64.1272
06362,2024,52.2293,51.8987,41.1043,3.2023,4.2705,1.0393,39.4374,64.1272
06362,2025,52.2293,51.8987,41.9954,3.4495,4.1562,1.0393,39.4374,64.1272
06362,2026,52.2293,51.8987,41.9954,3.4495,3.8008,1.0393,39.4374,64.1272
06363,2023,59.9295,39.5833,47.6764,47.286,1.9417,0.9439,81.8498,40.9249
06363,2024,61.7466,55.814,22.7444,69.4959,1.7682,0.9647,83.8399,40.9249
06363,2025,61.7466,55.814,45.4721,84.5843,1.1952,0.9647,83.8399,40.9249
06363,2026,61.7466,55.814,45.4721,84.5843,1.0549,0.9647,83.8399,40.9249
06364,2023,,,31.3468,104.5102,3.3923,,72.6322,101.6851
06364,2024,,,27.8668,113.3833,3.4483,,60.1413,101.6851
06364,2025,,,26.1773,136.2415,3.0395,,60.1413,101.6851
06364,2026,,,26.1773,136.2415,3.3762,,60.1413,101.6851
06365,2023,66.537,45.0,,325.3703,3.7736,1.1355,102.0755,68.0504
06365,2024,65.6379,33.3333,,460.3718,2.0,1.1682,70.6714,68.0504
06365,2025,65.6379,33.3333,,443.9484,1.3793,1.1682,70.6714,68.0504
06365,2026,65.6379,33.3333,,443.9484,1.8657,1.1682,70.6714,68.0504
06366,2023,,,41.8838,121.373,5.0239,,51.6662,51.6662
06366,2024,,,43.0998,120.1592,5.7072,,53.0926,51.6662
06366,2025,,,40.3509,80.9206,3.5897,,53.0926,51.6662
06366,2026,,,40.3509,80.9206,4.0541,,53.0926,51.6662
06367,2023,,,50.1048,88.6618,4.0816,,73.692,24.564
06367,2024,,,39.7119,66.9554,4.4811,,75.0375,24.564
06367,2025,,,38.4615,70.0725,5.7789,,75.0375,24.564
06367,2026,,,38.4615,70.0725,6.0686,,75.0375,24.564
06381,2023,58.706,56.7568,46.5182,43.6548,3.3441,1.0584,54.3134,81.4701
06381,2024,54.8367,57.868,40.5517,15.1008,3.2733,1.0101,55.348,81.4701
06381,2025,54.8367,57.868,39.543,3.7942,3.4783,1.0101,55.348,81.4701
06381,2026,54.8367,57.868,39.543,3.7942,3.4884,1.0101,55.348,81.4701
06382,2023,54.4463,74.2188,,26.9347,3.6857,1.0567,64.4192,887.5528
06382,2024,56.3499,69.4215,,9.6879,3.4459,1.0517,65.703,887.5528
06382,2025,56.3499,69.4215,,3.1049,3.997,1.0517,65.703,887.5528
06382,2026,56.3499,69.4215,,3.1049,4.5348,1.0517,65.703,887.5528
06401,2023,49.3428,11.1111,20.9416,29.9137,3.9816,0.9107,28.8268,100.8936
06401,2024,51.5528,13.0435,18.4733,132.8527,3.8585,0.9618,44.5302,100.8936
06401,2025,51.5528,13.0435,18.4644,148.6114,4.0404,0.9618,44.5302,100.8936
06401,2026,51.5528,13.0435,18.4644,148.6114,4.8474,0.9618,44.5302,100.8936
06402,2023,59.6588,15.5738,47.7484,114.5174,3.218,1.0475,62.7058,70.544
06402,2024,59.8131,22.549,48.0466,144.1097,3.4174,0.9028,63.9642,70.544
06402,2025,59.8131,22.549,44.9355,184.3007,3.4454,0.9028,63.9642,70.544
06402,2026,59.8131,22.549,44.9355,184.3007,3.1943,0.9028,63.9642,70.544
06403,2023,56.3703,57.377,34.1615,0.0,2.0312,0.9284,76.5697,45.9418
06403,2024,57.3674,70.9091,38.0349,4.2363,1.4516,0.9391,78.1494,45.9418
06403,2025,57.3674,70.9091,36.6086,21.9259,1.9802,0.9391,78.1494,45.9418
06403,2026,57.3674,70.9091,36.6086,21.9259,2.3649,0.9391,78.1494,45.9418
06426,2023,64.371,65.8824,52.8276,42.6407,4.4597,0.8972,55.5942,138.9854
06426,2024,63.3558,63.1579,42.8941,292.8261,4.9091,0.9348,56.6412,138.9854
06426,2025,63.3558,63.1579,49.8428,67.7892,4.717,0.9348,56.6412,138.9854
06426,2026,63.3558,63.1579,49.8428,67.7892,5.1587,0.9348,56.6412,138.9854
06428,2023,62.3842,66.8203,51.8899,8.4849,3.835,0.9027,45.2329,135.6988
06428,2024,61.7729,65.8291,51.7699,2.1208,3.5967,0.8799,41.1248,135.6988
06428,2025,61.7729,65.8291,50.8086,0.6657,3.6555,0.8799,41.1248,135.6988
06428,2026,61.7729,65.8291,50.8086,0.6657,3.4974,0.8799,41.1248,135.6988
06461,2023,61.4437,67.5325,50.0336,22.5769,4.7324,0.9161,54.7046,70.3345
06461,2024,61.1625,68.0272,49.3942,26.9634,3.8583,0.9562,56.1482,70.3345
06461,2025,61.1625,68.0272,50.2363,24.6981,4.0033,0.9562,56.1482,70.3345
06461,2026,61.1625,68.0272,50.2363,24.6981,3.9792,0.9562,56.1482,70.3345
07201,2023,44.0257,14.1553,26.7094,12.9012,4.7982,0.8883,92.3381,447.6553
07201,2024,44.2601,12.8922,26.2719,23.1406,4.9946,0.879,92.9368,447.6553
07201,2025,44.2601,12.8922,27.5911,18.0275,4.9435,0.879,92.9368,447.6553
07201,2026,44.2601,12.8922,27.5911,18.0275,4.9195,0.879,92.9368,447.6553
07202,2023,47.7995,64.5399,17.8304,0.3241,4.7184,0.907,89.317,347.6357
07202,2024,47.7674,62.5164,17.7646,1.8908,5.2193,0.8965,88.9324,347.6357
07202,2025,47.7674,62.5164,18.5426,2.0121,5.1439,0.8965,88.9324,347.6357
07202,2026,47.7674,62.5164,18.5426,2.0121,5.1784,0.8965,88.9324,347.6357
07203,2023,39.1096,11.4,23.2588,7.2702,4.7916,0.9002,73.704,272.7679
07203,2024,40.7009,18.5768,23.9906,4.7617,4.5498,0.9044,73.9319,272.7679
07203,2025,40.7009,18.5768,24.5386,13.5792,4.8197,0.9044,73.9319,272.7679
07203,2026,40.7009,18.5768,24.5386,13.5792,4.8184,0.9044,73.9319,272.7679
07204,2023,33.4855,27.5573,16.6962,3.2539,5.3851,0.9763,79.1277,198.7841
07204,2024,35.1593,26.2587,17.9092,4.6794,5.3243,0.9707,78.9009,198.7841
07204,2025,35.1593,26.2587,18.5006,6.5623,5.4417,0.9707,78.9009,198.7841
07204,2026,35.1593,26.2587,18.5006,6.5623,5.7921,0.9707,78.9009,198.7841
07205,2023,46.0002,59.4298,28.7443,5.2146,4.2414,0.8574,81.7119,251.9449
07205,2024,47.884,49.8901,29.5492,4.4275,4.1359,0.8959,81.2179,251.9449
07205,2025,47.884,49.8901,32.3707,3.5605,4.2563,0.8959,81.2179,251.9449
07205,2026,47.884,49.8901,32.3707,3.5605,4.4055,0.8959,81.2179,251.9449
07207,2023,45.2597,40.6305,21.525,24.8724,5.6348,0.8895,69.6733,170.1637
07207,2024,47.367,39.8551,22.5017,23.6747,4.7271,0.8951,70.434,170.1637
07207,2025,47.367,39.8551,22.6344,28.5903,4.6621,0.8951,70.434,170.1637
07207,2026,47.367,39.8551,22.6344,28.5903,4.9516,0.8951,70.434,170.1637
07208,2023,40.2514,57.8947,23.9287,10.1491,5.0245,0.9653,62.1146,106.4821
07208,2024,41.2015,49.375,23.2805,6.3652,4.9753,0.9966,60.8876,106.4821
07208,2025,41.2015,49.375,23.978,9.3667,5.1902,0.9966,60.8876,106.4821
07208,2026,41.2015,49.375,23.978,9.3667,4.8169,0.9966,60.8876,106.4821
07209,2023,46.8919,15.6977,22.9064,2.6904,4.7181,0.9796,68.9552,170.8889
07209,2024,48.9613,13.5542,22.3365,6.1582,4.7525,0.9796,70.0323,170.8889
07209,2025,48.9613,13.5542,22.833,3.5709,4.5,0.9796,70.0323,170.8889
07209,2026,48.9613,13.5542,22.833,3.5709,4.6073,0.9796,70.0323,170.8889
07210,2023,43.058,28.4932,19.7816,6.6006,4.5435,0.9294,72.85,147.617
07210,2024,43.9437,29.4737,18.05,2.3628,4.8478,0.9173,74.1275,147.617
07210,2025,43.9437,29.4737,20.1669,3.3975,4.9098,0.9173,74.1275,147.617
07210,2026,43.9437,29.4737,20.1669,3.3975,5.1184,0.9173,74.1275,147.617
07211,2023,44.0292,51.5823,21.202,5.7056,4.0893,0.8421,90.474,70.0444
07211,2024,44.0043,50.0,22.7111,4.691,4.1745,0.8185,92.2619,70.0444
07211,2025,44.0043,50.0,23.3614,2.7175,4.0305,0.8185,92.2619,70.0444
07211,2026,44.0043,50.0,23.3614,2.7175,4.2615,0.8185,92.2619,70.0444
07212,2023,37.9553,37.2043,14.415,0.0,4.1204,1.0526,69.5326,159.9249
07212,2024,39.3375,45.933,17.5814,4.1748,3.783,1.0515,68.8827,159.9249
07212,2025,39.3375,45.933,,13.39,4.0996,1.0515,68.8827,159.9249
07212,2026,39.3375,45.933,,13.39,4.2133,1.0515,68.8827,159.9249
07213,2023,48.1821,59.2369,34.0551,2.5195,4.491,0.9064,81.6568,145.9397
07213,2024,51.0155,68.0392,35.9252,5.8698,4.6709,0.9013,72.2238,145.9397
07213,2025,51.0155,68.0392,36.021,6.6269,4.744,0.9013,72.2238,145.9397
07213,2026,51.0155,68.0392,36.021,6.6269,4.8933,0.9013,72.2238,145.9397
07214,2023,47.7593,33.1933,32.5641,29.8805,3.8588,0.944,46.7321,80.1122
07214,2024,47.1698,42.6778,30.3585,44.4349,4.3373,0.8806,50.2479,80.1122
07214,2025,47.1698,42.6778,29.5853,75.8039,4.0139,0.8806,50.2479,80.1122
07214,2026,47.1698,42.6778,29.5853,75.8039,4.052,0.8806,50.2479,80.1122
07301,2023,55.0756,66.6667,24.3223,6.4259,4.2827,0.9952,62.3386,53.4331
07301,2024,56.3302,28.4553,22.9596,133.7406,3.5955,0.9328,63.3484,53.4331
07301,2025,56.3302,28.4553,23.7511,131.5308,4.5728,0.9328,63.3484,53.4331
07301,2026,56.3302,28.4553,23.7511,131.5308,4.4473,0.9328,63.3484,53.4331
07303,2023,50.8012,57.2581,29.922,76.0536,3.7081,0.8069,35.7143,583.3333
07303,2024,56.9116,49.2537,28.655,47.0878,5.0761,0.7815,36.572,583.3333
07303,2025,56.9116,49.2537,31.6027,83.5944,4.212,0.7815,36.572,583.3333
07303,2026,56.9116,49.2537,31.6027,83.5944,3.3046,0.7815,36.572,583.3333
07308,2023,46.4835,18.3333,25.6164,78.4887,4.6275,0.9285,108.7138,133.8016
07308,2024,46.6568,41.9048,26.5888,112.0877,4.582,0.9277,111.2347,133.8016
07308,2025,46.6568,41.9048,27.2795,136.3794,5.4124,0.9277,111.2347,133.8016
07308,2026,46.6568,41.9048,27.2795,136.3794,5.7143,0.9277,111.2347,133.8016
07322,2023,52.4914,24.6753,32.0051,74.361,4.1979,0.9582,22.8258,0.0
07322,2024,52.0318,31.3253,39.0564,145.5309,4.2945,1.0099,22.7687,0.0
07322,2025,52.0318,31.3253,42.6612,184.8628,4.32,1.0099,22.7687,0.0
07322,2026,52.0318,31.3253,42.6612,184.8628,4.0984,1.0099,22.7687,0.0
07342,2023,40.1626,26.7442,26.0769,90.8022,6.047,0.962,87.7823,63.8417
07342,2024,43.2819,36.4583,29.8246,22.1843,5.3927,1.005,80.4117,63.8417
07342,2025,43.2819,36.4583,31.2555,116.8542,6.1669,1.005,80.4117,63.8417
07342,2026,43.2819,36.4583,31.2555,116.8542,6.0302,1.005,80.4117,63.8417
07344,2023,46.1059,20.9677,30.5296,308.3541,3.169,0.9161,131.9759,56.5611
07344,2024,46.1453,23.8095,33.4483,420.2454,3.2759,0.9868,133.4604,56.5611
07344,2025,46.1453,23.8095,33.5793,324.2035,3.3451,0.9868,133.4604,56.5611
07344,2026,46.1453,23.8095,33.5793,324.2035,3.626,0.9868,133.4604,56.5611
07362,2023,49.4092,70.7317,19.863,25.9373,5.3803,1.0485,78.0793,97.5991
07362,2024,49.1991,37.7778,16.8056,37.202,4.291,0.9582,80.2246,97.5991
07362,2025,49.1991,37.7778,16.8056,37.8117,4.1045,0.9582,80.2246,97.5991
07362,2026,49.1991,37.7778,16.8056,37.8117,4.6422,0.9582,80.2246,97.5991
07364,2023,81.1881,100.0,34.8315,1084.9858,0.0,0.6443,191.9386,191.9386
07364,2024,78.5714,0.0,42.8571,645.1613,0.0,0.7523,198.8072,191.9386
07364,2025,78.5714,0.0,38.75,508.9286,0.0,0.7523,198.8072,191.9386
07364,2026,78.5714,0.0,38.75,508.9286,2.439,0.7523,198.8072,191.9386
07367,2023,55.9211,90.6977,25.9424,56.9514,6.8571,0.7551,50.4923,50.4923
07367,2024,56.239,71.7949,27.0983,140.7382,5.3412,0.9689,52.2466,50.4923
07367,2025,56.239,71.7949,25.8145,432.713,6.4516,0.9689,52.2466,50.4923
07367,2026,56.239,71.7949,25.8145,432.713,5.5172,0.9689,52.2466,50.4923
07368,2023,53.195,98.6111,21.3859,79.8628,3.988,0.8853,98.7585,112.8668
07368,2024,56.2999,93.3824,20.9464,86.7063,4.0279,0.882,94.6625,112.8668
07368,2025,56.2999,93.3824,21.4381,70.3888,4.0096,0.882,94.6625,112.8668
07368,2026,56.2999,93.3824,21.4381,70.3888,4.323,0.882,94.6625,112.8668
07402,2023,51.756,33.3333,28.2828,16.7038,4.0441,0.8768,161.4205,40.3551
07402,2024,50.7905,28.125,26.6854,0.0,3.0651,0.8633,164.8125,40.3551
07402,2025,50.7905,28.125,30.0,0.0,2.4194,0.8633,164.8125,40.3551
07402,2026,50.7905,28.125,30.0,0.0,3.4749,0.8633,164.8125,40.3551
07405,2023,64.8506,95.0617,,29.7441,4.0816,0.9312,140.4988,70.2494
07405,2024,63.1132,94.1176,,52.2107,5.0955,0.8732,143.8849,70.2494
07405,2025,63.1132,94.1176,43.4132,45.4326,5.6314,0.8732,143.8849,70.2494
07405,2026,63.1132,94.1176,43.4132,45.4326,5.2347,0.8732,143.8849,70.2494
07407,2023,69.191,75.9259,32.9923,308.6364,3.5484,0.8927,60.8088,60.8088
07407,2024,64.2729,80.0,32.2165,307.516,3.6667,0.9116,61.9195,60.8088
07407,2025,64.2729,80.0,32.337,335.1929,4.4068,0.9116,61.9195,60.8088
07407,2026,64.2729,80.0,32.337,335.1929,4.6595,0.9116,61.9195,60.8088
07408,2023,60.3509,60.8696,32.6777,0.0,3.9093,0.973,68.4671,91.2895
07408,2024,60.2283,63.8095,33.0381,2.0634,4.2366,0.8905,70.1153,91.2895
07408,2025,60.2283,63.8095,34.4054,1.4322,3.7531,0.8905,70.1153,91.2895
07408,2026,60.2283,63.8095,34.4054,1.4322,4.014,0.8905,70.1153,91.2895
07421,2023,36.6474,46.281,21.4135,21.5022,5.2168,0.9709,60.9055,169.1818
07421,2024,35.7085,48.3871,21.217,9.6097,5.4381,0.9597,61.8472,169.1818
07421,2025,35.7085,48.3871,20.6107,11.6618,5.73,0.9597,61.8472,169.1818
07421,2026,35.7085,48.3871,20.6107,11.6618,6.3795,0.9597,61.8472,169.1818
07422,2023,67.4,78.5714,33.1536,12.3213,4.5113,0.8182,32.5415,0.0
07422,2024,68.357,79.4872,36.6366,9.9059,4.5455,0.7088,32.7869,0.0
07422,2025,68.357,79.4872,35.0482,10.0402,3.4884,0.7088,32.7869,0.0
07422,2026,68.357,79.4872,35.0482,10.0402,2.0921,0.7088,32.7869,0.0
07423,2023,67.2727,78.9474,36.2694,2.2272,2.5316,1.09,131.4924,32.8731
07423,2024,67.9764,66.6667,37.0879,0.0,3.7415,1.0635,136.147,32.8731
07423,2025,67.9764,66.6667,33.7912,0.0,4.2857,1.0635,136.147,32.8731
07423,2026,67.9764,66.6667,33.7912,0.0,4.5113,1.0635,136.147,32.8731
07444,2023,72.119,77.7778,32.6797,105.4054,2.9586,0.913,141.4427,282.8854
07444,2024,72.541,83.3333,30.4965,233.6364,3.3113,0.7871,144.9275,282.8854
07444,2025,72.541,83.3333,35.2518,64.2458,2.1127,0.7871,144.9275,282.8854
07444,2026,72.541,83.3333,35.2518,64.2458,2.3256,0.7871,144.9275,282.8854
07445,2023,63.5854,28.0,24.5192,37.3085,4.2254,0.825,333.1483,55.5247
07445,2024,61.9048,0.0,37.1981,50.9165,4.9751,0.9606,280.7412,55.5247
07445,2025,61.9048,0.0,35.122,59.1922,3.2086,0.9606,280.7412,55.5247
07445,2026,61.9048,0.0,35.122,59.1922,2.8409,0.9606,280.7412,55.5247
07446,2023,45.7692,76.4706,0.0,70.0219,3.937,0.8424,175.1313,87.5657
07446,2024,45.8015,0.0,21.0526,70.3125,3.8462,1.0256,178.5714,87.5657
07446,2025,45.8015,0.0,27.8075,60.0462,4.4118,1.0256,178.5714,87.5657
07446,2026,45.8015,0.0,27.8075,60.0462,5.6,1.0256,178.5714,87.5657
07447,2023,53.5595,66.1836,25.1385,24.9514,5.2434,0.9017,47.5084,36.951
07447,2024,54.6733,74.2424,23.6898,16.9952,5.266,0.9305,48.5804,36.951
07447,2025,54.6733,74.2424,23.0606,1.3779,5.2394,0.9305,48.5804,36.951
07447,2026,54.6733,74.2424,23.0606,1.3779,5.5363,0.9305,48.5804,36.951
07461,2023,47.883,75.2874,22.9448,36.8098,3.7669,0.8588,49.2199,78.7518
07461,2024,47.9822,77.4725,27.5275,19.13,3.5303,0.9471,48.7948,78.7518
07461,2025,47.9822,77.4725,27.0317,45.1264,3.6162,0.9471,48.7948,78.7518
07461,2026,47.9822,77.4725,27.0317,45.1264,3.8231,0.9471,48.7948,78.7518
07464,2023,46.0707,14.5161,33.2808,0.0,3.6907,1.0308,48.3481,48.3481
07464,2024,48.4232,41.5385,31.7829,0.0,4.3321,0.967,48.8599,48.3481
07464,2025,48.4232,41.5385,29.5282,0.0,3.6496,0.967,48.8599,48.3481
07464,2026,48.4232,41.5385,29.5282,0.0,3.9623,0.967,48.8599,48.3481
07465,2023,46.5982,69.7674,30.5112,0.0,5.3846,0.8702,61.7284,20.5761
07465,2024,48.249,58.9744,25.3406,0.0,5.2369,0.7518,62.2148,20.5761
07465,2025,48.249,58.9744,31.2839,0.0,5.3299,0.7518,62.2148,20.5761
07465,2026,48.249,58.9744,31.2839,0.0,5.1948,0.7518,62.2148,20.5761
07466,2023,48.7823,40.4908,28.0061,0.0,3.9939,0.8438,47.1698,188.6792
07466,2024,51.0133,24.1135,30.1553,0.0,3.5909,0.8293,41.3126,188.6792
07466,2025,51.0133,24.1135,32.4944,0.0,3.5771,0.8293,41.3126,188.6792
07466,2026,51.0133,24.1135,32.4944,0.0,3.7643,0.8293,41.3126,188.6792
07481,2023,54.132,55.9701,32.1727,71.0389,3.6765,0.8083,67.7864,75.3182
07481,2024,56.2373,58.5938,28.3333,68.3962,3.5985,0.83,69.1722,75.3182
07481,2025,56.2373,58.5938,30.7567,80.4175,3.0829,0.83,69.1722,75.3182
07481,2026,56.2373,58.5938,30.7567,80.4175,3.816,0.83,69.1722,75.3182
07482,2023,53.6105,66.6667,26.8882,328.2078,3.8532,0.8603,74.7384,18.6846
07482,2024,54.2254,65.5738,25.1265,141.6355,3.5917,0.8412,76.3213,18.6846
07482,2025,54.2254,65.5738,29.2683,225.196,3.6053,0.8412,76.3213,18.6846
07482,2026,54.2254,65.5738,29.2683,225.196,3.7773,0.8412,76.3213,18.6846
07483,2023,57.7988,50.5882,,49.86,4.0741,0.8757,48.8103,256.2538
07483,2024,57.5159,51.0638,,50.0089,4.4192,0.8618,50.1316,256.2538
07483,2025,57.5159,51.0638,,31.7174,4.0312,0.8618,50.1316,256.2538
07483,2026,57.5159,51.0638,,31.7174,4.6414,0.8618,50.1316,256.2538
07484,2023,68.5811,96.0784,43.1555,29.6434,4.5181,0.8546,65.9413,32.9707
07484,2024,70.669,93.4783,40.7143,46.4015,4.0,0.901,67.2269,32.9707
07484,2025,70.669,93.4783,36.6505,44.8409,3.6145,0.901,67.2269,32.9707
07484,2026,70.669,93.4783,36.6505,44.8409,4.1139,0.901,67.2269,32.9707
07501,2023,42.1135,45.1613,19.5506,3.7295,3.3789,0.8781,70.8115,77.8926
07501,2024,39.4378,48.2143,23.8038,6.2302,3.6109,0.8531,72.0254,77.8926
07501,2025,39.4378,48.2143,24.5283,7.8318,3.9847,0.8531,72.0254,77.8926
07501,2026,39.4378,48.2143,24.5283,7.8318,3.7398,0.8531,72.0254,77.8926
07502,2023,53.7886,31.25,24.3972,44.8811,2.6362,0.8578,95.057,31.6857
07502,2024,52.5836,32.0,32.0061,66.0308,3.9007,0.889,80.7624,31.6857
07502,2025,52.5836,32.0,30.3216,119.8123,4.8689,0.889,80.7624,31.6857
07502,2026,52.5836,32.0,30.3216,119.8123,4.4922,0.889,80.7624,31.6857
07503,2023,50.7678,51.6667,38.8,237.9487,5.9441,0.9836,53.3333,71.1111
07503,2024,54.5548,50.7463,40.3179,223.4839,5.6239,1.0072,72.5689,71.1111
07503,2025,54.5548,50.7463,42.1053,287.0346,6.6427,1.0072,72.5689,71.1111
07503,2026,54.5548,50.7463,42.1053,287.0346,5.9041,1.0072,72.5689,71.1111
07504,2023,50.3642,69.0141,35.5114,37.9182,2.3346,0.8507,50.1337,16.7112
07504,2024,51.9553,61.2903,38.0,46.9915,3.1496,0.7609,50.882,16.7112
07504,2025,51.9553,61.2903,39.5548,40.3789,4.3912,0.7609,50.882,16.7112
07504,2026,51.9553,61.2903,39.5548,40.3789,5.4167,0.7609,50.882,16.7112
07505,2023,53.2276,49.3506,27.6846,21.5241,2.9183,0.8952,62.8404,20.9468
07505,2024,51.7857,47.1429,28.0374,41.5691,2.544,0.9271,64.4468,20.9468
07505,2025,51.7857,47.1429,27.8311,58.1395,3.5088,0.9271,64.4468,20.9468
07505,2026,51.7857,47.1429,27.8311,58.1395,2.3622,0.9271,64.4468,20.9468
07521,2023,49.327,31.2139,29.3304,5.3338,3.6269,0.8615,78.8404,90.9697
07521,2024,50.1148,51.0345,28.7671,16.3407,3.8058,0.8604,79.6959,90.9697
07521,2025,50.1148,51.0345,25.6046,58.4001,4.0606,0.8604,79.6959,90.9697
07521,2026,50.1148,51.0345,25.6046,58.4001,4.073,0.8604,79.6959,90.9697
07522,2023,38.7359,53.2468,15.8228,13.5052,4.7399,1.0036,118.1145,150.3275
07522,2024,39.1043,41.573,17.3828,0.0,4.5936,0.9568,98.9881,150.3275
07522,2025,39.1043,41.573,16.8959,0.0,5.694,0.9568,98.9881,150.3275
07522,2026,39.1043,41.573,16.8959,0.0,5.8264,0.9568,98.9881,150.3275
07541,2023,54.4578,18.9655,35.2941,36.6492,2.7211,1.1675,64.2123,42.8082
07541,2024,53.567,37.2093,34.0463,100.2339,3.4247,1.1605,65.1042,42.8082
07541,2025,53.567,37.2093,30.1498,83.1643,4.038,1.1605,65.1042,42.8082
07541,2026,53.567,37.2093,30.1498,83.1643,3.9312,1.1605,65.1042,42.8082
07542,2023,50.2751,31.1111,35.818,44.0098,4.5959,1.0735,90.2527,30.0842
07542,2024,51.2858,53.6585,39.7275,48.7639,5.5829,1.0781,92.5926,30.0842
07542,2025,51.2858,53.6585,63.0021,59.3513,5.042,1.0781,92.5926,30.0842
07542,2026,51.2858,53.6585,63.0021,59.3513,5.0788,1.0781,92.5926,30.0842
07543,2023,43.5041,21.7391,26.2347,81.7812,6.0207,1.073,25.5624,42.604
07543,2024,44.7623,33.6449,28.4748,109.9875,4.7852,1.0196,52.1014,42.604
07543,2025,44.7623,33.6449,30.2002,117.3219,5.1181,1.0196,52.1014,42.604
07543,2026,44.7623,33.6449,30.2002,117.3219,5.7402,1.0196,52.1014,42.604
07544,2023,51.7034,92.5926,32.8313,0.0,4.059,1.2352,84.5309,42.2654
07544,2024,50.0,83.3333,26.6458,0.0,4.2146,1.1986,87.5274,42.2654
07544,2025,50.0,83.3333,26.7606,0.0,4.8193,1.1986,87.5274,42.2654
07544,2026,50.0,83.3333,26.7606,0.0,6.5574,1.1986,87.5274,42.2654
07545,2023,45.2036,13.2812,,53.1792,5.1793,1.1657,19.996,9.998
07545,2024,43.8266,29.7297,,30.2433,4.6917,1.2021,20.0904,9.998
07545,2025,43.8266,29.7297,,67.7524,4.2936,1.2021,20.0904,9.998
07545,2026,43.8266,29.7297,,67.7524,3.7921,1.2021,20.0904,9.998
07546,2023,45.2203,30.7692,31.9626,106.9547,6.2147,1.1218,0.0,0.0
07546,2024,42.0906,41.6667,30.5274,120.7947,5.8594,1.1147,18.3959,0.0
07546,2025,42.0906,41.6667,31.7987,83.2215,6.3265,1.1147,18.3959,0.0
07546,2026,42.0906,41.6667,31.7987,83.2215,6.7686,1.1147,18.3959,0.0
07547,2023,48.2423,45.0199,41.1303,178.0871,5.4071,1.1603,6.4144,19.2431
07547,2024,49.2258,39.8406,32.9915,196.2845,4.7742,1.1769,6.5902,19.2431
07547,2025,49.2258,39.8406,29.8349,255.1813,4.8682,1.1769,6.5902,19.2431
07547,2026,49.2258,39.8406,29.8349,255.1813,4.9931,1.1769,6.5902,19.2431
07548,2023,50.1718,52.6316,21.3974,341.8994,8.6957,1.2198,76.5111,0.0
07548,2024,45.3237,70.5882,22.2798,707.9038,6.6176,1.1907,78.5546,0.0
07548,2025,45.3237,70.5882,23.4043,810.1415,4.0984,1.1907,78.5546,0.0
07548,2026,45.3237,70.5882,23.4043,810.1415,5.042,1.1907,78.5546,0.0
07561,2023,62.1533,41.5929,37.5465,28.1804,2.9412,0.8821,64.8004,142.5609
07561,2024,62.6724,39.8058,36.7347,31.1495,2.2013,0.9729,65.9544,142.5609
07561,2025,62.6724,39.8058,35.2041,59.2172,3.9735,0.9729,65.9544,142.5609
07561,2026,62.6724,39.8058,35.2041,59.2172,2.9825,0.9729,65.9544,142.5609
07564,2023,55.3822,65.8824,42.1233,0.0,3.9792,0.9538,41.4594,0.0
07564,2024,55.4109,50.0,41.4907,0.0,3.4783,1.0127,42.6803,0.0
07564,2025,55.4109,50.0,44.9393,0.0,3.9497,1.0127,42.6803,0.0
07564,2026,55.4109,50.0,44.9393,0.0,4.0741,1.0127,42.6803,0.0
08201,2023,26.4417,11.7842,11.9001,1.258,4.7693,0.8481,89.9967,287.7671
08201,2024,30.6825,12.4903,13.6214,2.5369,4.6525,0.8597,90.0154,287.7671
08201,2025,30.6825,12.4903,15.5297,2.6531,4.8186,0.8597,90.0154,287.7671
08201,2026,30.6825,12.4903,15.5297,2.6531,4.6295,0.8597,90.0154,287.7671
08202,2023,33.0299,29.702,7.1452,2.2618,4.1471,0.8765,57.7201,204.9651
08202,2024,36.2728,29.0353,7.8066,4.6005,4.3789,0.8725,57.417,204.9651
08202,2025,36.2728,29.0353,6.9278,4.815,4.2276,0.8725,57.417,204.9651
08202,2026,36.2728,29.0353,6.9278,4.815,4.3097,0.8725,57.417,204.9651
08203,2023,36.4147,9.0588,11.0708,23.1612,4.3311,0.9281,77.0765,345.0763
08203,2024,35.2521,10.7776,10.2011,19.6702,4.3373,0.9135,76.2642,345.0763
08203,2025,35.2521,10.7776,10.8929,13.0314,4.3608,0.9135,76.2642,345.0763
08203,2026,35.2521,10.7776,10.8929,13.0314,5.0012,0.9135,76.2642,345.0763
08204,2023,32.9449,33.5455,14.5195,5.9707,4.231,0.8693,53.207,146.8512
08204,2024,34.2693,31.9703,15.5845,4.7811,4.2339,0.8666,52.6694,146.8512
08204,2025,34.2693,31.9703,15.8457,14.6037,4.3566,0.8666,52.6694,146.8512
08204,2026,34.2693,31.9703,15.8457,14.6037,4.4356,0.8666,52.6694,146.8512
08205,2023,34.3662,48.419,13.8038,131.8421,4.14,0.842,65.4441,128.1034
08205,2024,33.7057,46.8889,13.5307,71.445,4.2136,0.8318,60.5796,128.1034
08205,2025,33.7057,46.8889,14.3427,82.3361,4.5028,0.8318,60.5796,128.1034
08205,2026,33.7057,46.8889,14.3427,82.3361,4.3153,0.8318,60.5796,128.1034
08207,2023,29.0674,9.3023,19.4222,24.2469,3.0124,0.8473,53.6257,154.9187
08207,2024,29.543,9.9265,17.8191,16.7312,3.1485,0.8306,54.0692,154.9187
08207,2025,29.543,9.9265,18.9206,27.4532,2.8421,0.8306,54.0692,154.9187
08207,2026,29.543,9.9265,18.9206,27.4532,3.5648,0.8306,54.0692,154.9187
08208,2023,31.2073,53.8126,11.0228,0.5259,3.4977,0.8425,58.0375,135.8606
08208,2024,34.0682,57.3643,12.9247,0.0202,3.2814,0.8496,58.2712,135.8606
08208,2025,34.0682,57.3643,11.7639,1.0316,3.3989,0.8496,58.2712,135.8606
08208,2026,34.0682,57.3643,11.7639,1.0316,3.3241,0.8496,58.2712,135.8606
08210,2023,36.9863,49.6815,19.1481,116.1375,4.2722,0.9274,63.6507,101.3697
08210,2024,38.4417,41.5541,19.9484,69.2351,4.073,0.9116,59.1408,101.3697
08210,2025,38.4417,41.5541,20.0449,82.7408,4.3214,0.9116,59.1408,101.3697
08210,2026,38.4417,41.5541,20.0449,82.7408,4.4107,0.9116,59.1408,101.3697
08211,2023,36.8906,29.0323,19.2548,4.08,3.2697,0.9212,48.7314,113.7065
08211,2024,36.4923,29.3023,17.6588,5.7358,3.4585,0.9086,44.1321,113.7065
08211,2025,36.4923,29.3023,16.8781,3.2422,3.9178,0.9086,44.1321,113.7065
08211,2026,36.4923,29.3023,16.8781,3.2422,4.0852,0.9086,44.1321,113.7065
08212,2023,43.9251,37.3894,16.7043,9.3862,3.4394,0.8556,43.5486,78.8022
08212,2024,47.9948,45.2431,19.375,10.3962,3.5205,0.8719,44.3618,78.8022
08212,2025,47.9948,45.2431,24.1008,11.5778,3.9172,0.8719,44.3618,78.8022
08212,2026,47.9948,45.2431,24.1008,11.5778,3.8991,0.8719,44.3618,78.8022
08214,2023,39.0453,46.9466,9.284,12.1287,4.3478,0.9523,66.9992,148.8871
08214,2024,39.5959,42.6606,8.9744,20.8435,4.3441,0.9546,64.6019,148.8871
08214,2025,39.5959,42.6606,9.3089,29.0513,4.6415,0.9546,64.6019,148.8871
08214,2026,39.5959,42.6606,9.3089,29.0513,4.8347,0.9546,64.6019,148.8871
08215,2023,34.7474,15.8568,10.6318,13.5641,3.7423,0.8609,48.2532,57.9039
08215,2024,35.9717,21.9355,11.6194,20.27,3.7643,0.8886,44.1642,57.9039
08215,2025,35.9717,21.9355,14.2154,25.4761,4.1318,0.8886,44.1642,57.9039
08215,2026,35.9717,21.9355,14.2154,25.4761,4.1679,0.8886,44.1642,57.9039
08216,2023,39.7289,34.2029,17.0551,7.328,4.4699,0.8193,55.5653,308.9975
08216,2024,39.4367,23.4586,17.513,16.9741,4.4625,0.8566,53.2911,308.9975
08216,2025,39.4367,23.4586,17.1879,14.3478,4.6122,0.8566,53.2911,308.9975
08216,2026,39.4367,23.4586,17.1879,14.3478,4.6142,0.8566,53.2911,308.9975
08217,2023,36.7727,10.9677,9.3224,8.5055,4.0142,0.8445,51.8814,194.3195
08217,2024,39.8754,13.2458,9.7427,9.1077,3.78,0.8488,53.7695,194.3195
08217,2025,39.8754,13.2458,12.688,12.4013,3.8554,0.8488,53.7695,194.3195
08217,2026,39.8754,13.2458,12.688,12.4013,3.9263,0.8488,53.7695,194.3195
08219,2023,35.9341,27.7592,12.2103,3.8235,2.9719,0.8623,73.553,230.1496
08219,2024,38.0146,29.2724,13.4079,0.2739,3.0784,0.8686,72.5456,230.1496
08219,2025,38.0146,29.2724,14.5942,0.218,3.0878,0.8686,72.5456,230.1496
08219,2026,38.0146,29.2724,14.5942,0.218,3.2244,0.8686,72.5456,230.1496
08220,2023,33.2602,31.1927,11.6698,92.2293,3.8121,0.8891,80.0945,579.2975
08220,2024,34.762,35.2381,13.2714,18.4963,3.8438,0.8874,80.7071,579.2975
08220,2025,34.762,35.2381,14.564,28.8409,3.5414,0.8874,80.7071,579.2975
08220,2026,34.762,35.2381,14.564,28.8409,3.6383,0.8874,80.7071,579.2975
08221,2023,33.1873,41.0012,15.0386,1.2119,3.7185,0.8668,61.3673,141.2727
08221,2024,34.664,32.732,16.0985,1.2099,3.8779,0.8601,60.3485,141.2727
08221,2025,34.664,32.732,17.7715,1.4675,4.1015,0.8601,60.3485,141.2727
08221,2026,34.664,32.732,17.7715,1.4675,4.2675,0.8601,60.3485,141.2727
08222,2023,35.3231,29.5255,9.2685,1.4989,4.1596,0.8584,58.8466,176.5398
08222,2024,35.3384,38.1308,9.2582,0.7013,4.2363,0.8583,57.7534,176.5398
08222,2025,35.3384,38.1308,11.6676,0.8175,4.263,0.8583,57.7534,176.5398
08222,2026,35.3384,38.1308,11.6676,0.8175,4.4633,0.8583,57.7534,176.5398
08223,2023,32.0622,60.6796,20.2561,5.958,3.8933,0.8801,44.6263,48.3451
08223,2024,37.3676,56.71,19.3727,51.3332,4.0547,0.8842,45.1892,48.3451
08223,2025,37.3676,56.71,22.9304,39.3538,4.1928,0.8842,45.1892,48.3451
08223,2026,37.3676,56.71,22.9304,39.3538,3.881,0.8842,45.1892,48.3451
08224,2023,46.525,41.2037,11.4537,11.7053,3.2348,0.8275,63.9077,186.0425
08224,2024,48.5692,41.0023,10.1144,21.2812,2.947,0.8034,65.1014,186.0425
08224,2025,48.5692,41.0023,11.3916,48.0822,3.185,0.8034,65.1014,186.0425
08224,2026,48.5692,41.0023,11.3916,48.0822,2.9863,0.8034,65.1014,186.0425
08225,2023,49.7325,75.2089,23.6198,0.4337,3.9381,0.8456,60.9601,144.7803
08225,2024,50.4509,77.7465,24.6172,1.1339,3.9037,0.8748,59.4869,144.7803
08225,2025,50.4509,77.7465,23.0639,0.851,3.9977,0.8748,59.4869,144.7803
08225,2026,50.4509,77.7465,23.0639,0.851,3.4636,0.8748,59.4869,144.7803
08226,2023,38.9314,61.4286,18.1715,5.234,3.6386,0.8769,55.7217,111.4434
08226,2024,37.613,50.8418,18.0348,5.173,3.5452,0.897,56.0737,111.4434
08226,2025,37.613,50.8418,18.5306,6.0063,3.4501,0.897,56.0737,111.4434
08226,2026,37.613,50.8418,18.5306,6.0063,3.5558,0.897,56.0737,111.4434
08227,2023,31.6225,20.2065,17.183,6.7875,3.7872,0.9114,76.7671,147.6291
08227,2024,33.7066,19.5467,18.432,5.2928,3.6052,0.8902,78.4742,147.6291
08227,2025,33.7066,19.5467,18.0186,4.2504,3.5768,0.8902,78.4742,147.6291
08227,2026,33.7066,19.5467,18.0186,4.2504,3.5784,0.8902,78.4742,147.6291
08228,2023,36.8141,44.1237,22.9428,96.4811,4.0029,0.8616,51.2928,89.2874
08228,2024,36.4098,41.2017,23.8118,86.8699,3.9577,0.8627,51.5799,89.2874
08228,2025,36.4098,41.2017,24.2605,98.5382,4.4197,0.8627,51.5799,89.2874
08228,2026,36.4098,41.2017,24.2605,98.5382,4.8209,0.8627,51.5799,89.2874
08229,2023,33.9344,6.5574,11.263,55.6209,4.264,0.8755,44.2974,93.8062
08229,2024,34.6526,25.6173,11.5061,62.3305,4.1713,0.853,39.7962,93.8062
08229,2025,34.6526,25.6173,11.0579,4.8729,4.5308,0.853,39.7962,93.8062
08229,2026,34.6526,25.6173,11.0579,4.8729,4.4944,0.853,39.7962,93.8062
08230,2023,34.0022,27.619,10.9321,1.2098,4.005,0.9265,59.0726,41.8431
08230,2024,38.3564,32.8221,15.0418,2.42,3.9383,0.9108,59.4516,41.8431
08230,2025,38.3564,32.8221,17.1486,3.2656,3.9373,0.9108,59.4516,41.8431
08230,2026,38.3564,32.8221,17.1486,3.2656,4.1222,0.9108,59.4516,41.8431
08231,2023,36.897,36.6477,20.5439,10.0,4.1514,0.9027,53.7896,99.895
08231,2024,38.4442,29.8246,20.197,15.7536,3.895,0.9092,54.902,99.895
08231,2025,38.4442,29.8246,21.3662,12.6735,4.2077,0.9092,54.902,99.895
08231,2026,38.4442,29.8246,21.3662,12.6735,4.1667,0.9092,54.902,99.895
08232,2023,37.9811,42.1958,17.8626,2.8554,4.2122,0.9069,43.29,106.6413
08232,2024,36.9224,56.3609,18.824,3.0734,4.173,0.9284,43.4806,106.6413
08232,2025,36.9224,56.3609,19.0689,1.3829,4.1601,0.9284,43.4806,106.6413
08232,2026,36.9224,56.3609,19.0689,1.3829,3.8928,0.9284,43.4806,106.6413
08233,2023,42.9924,49.6732,26.1826,15.5334,4.7974,0.8935,46.151,61.5347
08233,2024,43.4201,48.3796,26.3944,13.6677,4.3744,0.8627,43.6749,61.5347
08233,2025,43.4201,48.3796,23.7242,20.37,3.8852,0.8627,43.6749,61.5347
08233,2026,43.4201,48.3796,23.7242,20.37,4.4501,0.8627,43.6749,61.5347
08234,2023,41.7574,42.0699,28.7401,58.4464,3.5538,0.8052,42.3899,55.1069
08234,2024,44.2498,53.5957,29.854,173.7713,3.8882,0.7998,42.5369,55.1069
08234,2025,44.2498,53.5957,29.1967,173.9102,3.9041,0.7998,42.5369,55.1069
08234,2026,44.2498,53.5957,29.1967,173.9102,3.4927,0.7998,42.5369,55.1069
08235,2023,34.267,33.631,16.7078,0.73,3.1586,0.9081,45.2796,43.393
08235,2024,35.9238,22.9102,18.744,3.2018,2.9204,0.8963,46.7762,43.393
08235,2025,35.9238,22.9102,18.321,4.8129,3.3637,0.8963,46.7762,43.393
08235,2026,35.9238,22.9102,18.321,4.8129,3.252,0.8963,46.7762,43.393
08236,2023,34.9577,41.4815,15.3128,23.5487,4.3935,0.8747,38.5991,87.3558
08236,2024,39.1619,22.5532,16.9766,15.1808,4.5115,0.8911,43.0354,87.3558
08236,2025,39.1619,22.5532,17.0093,12.3728,4.4164,0.8911,43.0354,87.3558
08236,2026,39.1619,22.5532,17.0093,12.3728,4.5126,0.8911,43.0354,87.3558
08302,2023,33.847,30.0836,17.8918,66.316,4.414,0.9363,61.0972,418.0333
08302,2024,38.4299,23.2836,22.2342,14.621,3.9654,0.8821,58.4719,418.0333
08302,2025,38.4299,23.2836,22.0058,21.6248,4.6772,0.8821,58.4719,418.0333
08302,2026,38.4299,23.2836,22.0058,21.6248,4.8077,0.8821,58.4719,418.0333
08309,2023,34.2498,45.1807,22.0562,64.0,3.2526,0.8608,62.7668,87.8735
08309,2024,35.7293,33.9744,23.2169,60.2735,3.9106,0.8073,63.6254,87.8735
08309,2025,35.7293,33.9744,20.9338,26.5345,4.1528,0.8073,63.6254,87.8735
08309,2026,35.7293,33.9744,20.9338,26.5345,4.2017,0.8073,63.6254,87.8735
08310,2023,50.0274,58.1395,23.0184,76.5052,4.5842,0.8125,59.8509,54.4099
08310,2024,51.4221,42.0168,24.1558,108.0444,3.8904,0.8092,60.8441,54.4099
08310,2025,51.4221,42.0168,24.9203,105.8706,3.8954,0.8092,60.8441,54.4099
08310,2026,51.4221,42.0168,24.9203,105.8706,4.0533,0.8092,60.8441,54.4099
08341,2023,48.1724,56.8266,24.8293,23.4338,4.2611,0.8902,44.2432,117.1143
08341,2024,50.3067,54.2969,24.5105,16.0816,4.0495,0.9517,41.7787,117.1143
08341,2025,50.3067,54.2969,21.8042,15.557,3.6281,0.9517,41.7787,117.1143
08341,2026,50.3067,54.2969,21.8042,15.557,3.5473,0.9517,41.7787,117.1143
08364,2023,45.414,39.0533,24.4215,20.0904,3.0658,0.9236,32.375,103.6001
08364,2024,52.305,48.9796,26.5943,33.939,3.0787,0.9142,33.4403,103.6001
08364,2025,52.305,48.9796,22.2492,17.1344,2.6964,0.9142,33.4403,103.6001
08364,2026,52.305,48.9796,22.2492,17.1344,2.7223,0.9142,33.4403,103.6001
08442,2023,36.7051,24.3697,18.0596,17.8192,5.2677,0.9109,34.2349,82.1636
08442,2024,37.8632,45.1923,16.7944,21.3767,5.6007,0.9342,34.8068,82.1636
08442,2025,37.8632,45.1923,15.5226,23.1724,5.3506,0.9342,34.8068,82.1636
08442,2026,37.8632,45.1923,15.5226,23.1724,5.288,0.9342,34.8068,82.1636
08443,2023,32.6043,17.7852,13.8731,0.2986,3.6269,0.867,52.8875,384.4511
08443,2024,34.3427,36.859,13.6373,4.2856,3.6218,0.9424,54.5576,384.4511
08443,2025,34.3427,36.859,11.7516,77.5814,4.0027,0.9424,54.5576,384.4511
08443,2026,34.3427,36.859,11.7516,77.5814,4.3269,0.9424,54.5576,384.4511
08447,2023,34.4473,12.3596,12.9524,9.9585,4.4796,0.9064,36.855,0.0
08447,2024,35.3338,31.3953,13.0309,14.5246,5.5256,0.92,50.2955,0.0
08447,2025,35.3338,31.3953,17.1891,24.7338,5.0,0.92,50.2955,0.0
08447,2026,35.3338,31.3953,17.1891,24.7338,4.4313,0.92,50.2955,0.0
08521,2023,45.3383,55.914,22.4889,44.6676,2.996,0.8375,23.5582,32.9815
08521,2024,44.3611,51.711,22.4189,41.541,4.2393,0.8492,23.7079,32.9815
08521,2025,44.3611,51.711,23.9431,51.3983,4.493,0.8492,23.7079,32.9815
08521,2026,44.3611,51.711,23.9431,51.3983,5.2023,0.8492,23.7079,32.9815
08542,2023,32.8973,34.4262,24.1617,83.9454,4.5838,0.8689,36.9822,24.6548
08542,2024,32.9693,43.3333,21.5481,55.0587,4.798,0.8281,37.207,24.6548
08542,2025,32.9693,43.3333,25.5343,76.8685,3.6388,0.8281,37.207,24.6548
08542,2026,32.9693,43.3333,25.5343,76.8685,3.4237,0.8281,37.207,24.6548
08546,2023,46.9393,10.6109,27.8952,0.0,5.283,0.8599,44.3817,395.4004
08546,2024,47.3152,30.5842,28.0067,6.1513,4.4604,0.8679,48.7072,395.4004
08546,2025,47.3152,30.5842,24.3632,4.2049,4.482,0.8679,48.7072,395.4004
08546,2026,47.3152,30.5842,24.3632,4.2049,4.3773,0.8679,48.7072,395.4004
08564,2023,38.4517,27.9221,13.8678,13.7057,2.9635,0.8334,58.4074,51.9177
08564,2024,40.4878,16.0256,15.2314,11.7269,3.3128,0.7998,58.3393,51.9177
08564,2025,40.4878,16.0256,13.1983,32.8099,3.3107,0.7998,58.3393,51.9177
08564,2026,40.4878,16.0256,13.1983,32.8099,4.0687,0.7998,58.3393,51.9177
09201,2023,29.5341,24.6277,17.5239,3.4381,4.3968,0.9702,83.2855,228.4071
09201,2024,30.5188,25.1606,17.7888,2.7487,4.343,0.9753,84.9115,228.4071
09201,2025,30.5188,25.1606,18.3297,2.9266,4.3605,0.9753,84.9115,228.4071
09201,2026,30.5188,25.1606,18.3297,2.9266,4.3112,0.9753,84.9115,228.4071
09202,2023,33.3833,19.3711,17.3113,5.236,4.0634,0.9161,77.8893,211.915
09202,2024,32.607,22.5108,18.3465,5.5526,4.6215,0.9003,76.5843,211.915
09202,2025,32.607,22.5108,18.2153,37.9807,4.7655,0.9003,76.5843,211.915
09202,2026,32.607,22.5108,18.2153,37.9807,4.5419,0.9003,76.5843,211.915
09203,2023,33.7435,32.7214,17.611,2.4833,4.0218,0.98,80.941,136.1864
09203,2024,36.0768,37.9894,18.17,1.5309,4.1939,0.9993,80.326,136.1864
09203,2025,36.0768,37.9894,18.1121,2.463,4.2465,0.9993,80.326,136.1864
09203,2026,36.0768,37.9894,18.1121,2.463,4.0591,0.9993,80.326,136.1864
09204,2023,32.4722,23.7311,17.5607,0.6527,4.8577,0.9021,89.4967,192.027
09204,2024,33.7251,26.5805,18.2619,2.1632,4.9142,0.9009,88.4832,192.027
09204,2025,33.7251,26.5805,21.0065,0.1074,5.1671,0.9009,88.4832,192.027
09204,2026,33.7251,26.5805,21.0065,0.1074,5.2699,0.9009,88.4832,192.027
09205,2023,35.4722,11.7063,15.3043,31.3146,3.2658,0.9224,70.82,175.4646
09205,2024,36.0049,16.7665,16.2455,42.7752,3.5755,0.9324,72.4893,175.4646
09205,2025,36.0049,16.7665,15.7171,32.1505,3.3658,0.9324,72.4893,175.4646
09205,2026,36.0049,16.7665,15.7171,32.1505,3.5015,0.9324,72.4893,175.4646
09206,2023,41.869,24.1449,21.2561,7.1754,3.5058,0.9541,67.057,168.932
09206,2024,42.6331,29.3307,25.8721,4.8473,3.4684,0.9502,70.6686,168.932
09206,2025,42.6331,29.3307,26.5591,6.7819,3.3972,0.9502,70.6686,168.932
09206,2026,42.6331,29.3307,26.5591,6.7819,3.6272,0.9502,70.6686,168.932
09208,2023,36.987,42.6386,16.8286,2.6782,3.7921,0.9197,74.1285,150.6483
09208,2024,37.1279,42.2886,17.7357,2.4955,3.7493,0.948,73.6637,150.6483
09208,2025,37.1279,42.2886,18.4978,4.7382,3.8676,0.948,73.6637,150.6483
09208,2026,37.1279,42.2886,18.4978,4.7382,3.9955,0.948,73.6637,150.6483
09209,2023,44.8603,57.4046,23.1374,2.4254,4.0758,0.8973,85.652,211.6109
09209,2024,43.8435,64.6749,19.3581,14.2857,4.3164,0.9258,86.0738,211.6109
09209,2025,43.8435,64.6749,17.5906,54.1469,4.1552,0.9258,86.0738,211.6109
09209,2026,43.8435,64.6749,17.5906,54.1469,4.1269,0.9258,86.0738,211.6109
09210,2023,47.2011,45.4695,28.3868,19.5168,4.1846,0.9557,73.4288,247.6424
09210,2024,46.96,37.8049,28.3093,14.4902,4.3438,0.9506,74.0493,247.6424
09210,2025,46.96,37.8049,28.7494,17.9704,4.4545,0.9506,74.0493,247.6424
09210,2026,46.96,37.8049,28.7494,17.9704,4.4222,0.9506,74.0493,247.6424
09211,2023,40.473,70.751,24.1123,9.1721,4.465,0.9475,61.3973,193.8861
09211,2024,42.5162,61.0879,24.4848,12.5952,4.246,0.9569,58.8678,193.8861
09211,2025,42.5162,61.0879,24.3321,8.1352,3.7052,0.9569,58.8678,193.8861
09211,2026,42.5162,61.0879,24.3321,8.1352,3.6316,0.9569,58.8678,193.8861
09213,2023,39.3069,17.2103,21.413,2.6783,3.3876,0.8768,53.9693,205.5974
09213,2024,41.1093,23.6203,21.8506,2.3538,3.3937,0.8634,55.9703,205.5974
09213,2025,41.1093,23.6203,24.095,9.0024,3.4279,0.8634,55.9703,205.5974
09213,2026,41.1093,23.6203,24.095,9.0024,3.6601,0.8634,55.9703,205.5974
09214,2023,47.3029,62.1622,37.7203,0.3376,3.5495,0.8757,70.4802,109.1306
09214,2024,47.7524,65.035,40.0455,0.8963,3.7957,0.8931,68.49,109.1306
09214,2025,47.7524,65.035,40.4677,2.7517,4.139,0.8931,68.49,109.1306
09214,2026,47.7524,65.035,40.4677,2.7517,4.0603,0.8931,68.49,109.1306
09215,2023,38.2322,34.2593,17.7835,9.7259,3.9914,1.0076,65.038,130.076
09215,2024,40.8772,32.3144,17.6073,16.5985,3.8869,0.9417,70.7302,130.076
09215,2025,40.8772,32.3144,18.2532,17.1649,3.4884,0.9417,70.7302,130.076
09215,2026,40.8772,32.3144,18.2532,17.1649,3.4833,0.9417,70.7302,130.076
09216,2023,50.1453,22.4227,35.819,3.5476,3.6591,0.8834,103.0928,1561.3568
09216,2024,50.536,27.7311,34.4396,2.9583,3.5027,0.8684,105.2104,1561.3568
09216,2025,50.536,27.7311,35.2503,0.4414,3.5092,0.8684,105.2104,1561.3568
09216,2026,50.536,27.7311,35.2503,0.4414,3.1879,0.8684,105.2104,1561.3568
09301,2023,48.3286,58.8235,30.6747,21.1848,3.4736,0.9457,61.5165,103.6068
09301,2024,48.372,47.6636,43.0743,24.8191,3.5992,0.9554,58.042,103.6068
09301,2025,48.372,47.6636,46.1431,29.9209,3.8235,0.9554,58.042,103.6068
09301,2026,48.372,47.6636,46.1431,29.9209,3.3656,0.9554,58.042,103.6068
09342,2023,46.9948,82.8571,31.1444,151.3371,3.2762,0.8751,68.5683,68.5683
09342,2024,48.835,82.9268,31.4881,167.5151,3.1027,0.8437,69.393,68.5683
09342,2025,48.835,82.9268,34.5002,184.745,3.0558,0.8437,69.393,68.5683
09342,2026,48.835,82.9268,34.5002,184.745,3.1042,0.8437,69.393,68.5683
09343,2023,52.2121,74.375,37.9988,20.986,3.211,0.857,83.4934,50.096
09343,2024,52.6231,74.1259,37.2633,45.7568,3.2026,0.8712,85.4482,50.096
09343,2025,52.6231,74.1259,43.7874,59.5183,3.4281,0.8712,85.4482,50.096
09343,2026,52.6231,74.1259,43.7874,59.5183,3.5871,0.8712,85.4482,50.096
09344,2023,51.1435,17.9487,41.3842,0.0,3.6181,0.8359,70.1939,70.1939
09344,2024,49.4161,16.3636,52.1268,0.0,3.8462,0.826,70.9409,70.1939
09344,2025,49.4161,16.3636,58.4781,0.0,3.9071,0.826,70.9409,70.1939
09344,2026,49.4161,16.3636,58.4781,0.0,3.7433,0.826,70.9409,70.1939
09345,2023,55.0,35.2941,30.1595,25.4246,4.2912,0.9378,70.7441,83.6067
09345,2024,55.0867,41.6058,30.7162,32.5825,4.6699,0.9722,70.9449,83.6067
09345,2025,55.0867,41.6058,30.2844,44.0524,4.1771,0.9722,70.9449,83.6067
09345,2026,55.0867,41.6058,30.2844,44.0524,4.3966,0.9722,70.9449,83.6067
09361,2023,32.4776,15.544,23.8118,7.8065,3.6842,0.9328,95.8549,1743.5233
09361,2024,35.5914,15.534,25.8099,28.4254,3.6956,0.9334,91.2433,1743.5233
09361,2025,35.5914,15.534,37.1996,31.6551,3.8772,0.9334,91.2433,1743.5233
09361,2026,35.5914,15.534,37.1996,31.6551,3.8279,0.9334,91.2433,1743.5233
09364,2023,40.665,18.5606,25.5175,39.0905,3.6451,0.8506,51.6611,99.3483
09364,2024,40.1369,11.7647,24.3043,72.7042,4.2505,0.8997,51.9875,99.3483
09364,2025,40.1369,11.7647,26.2017,82.4742,4.5477,0.8997,51.9875,99.3483
09364,2026,40.1369,11.7647,26.2017,82.4742,4.0498,0.8997,51.9875,99.3483
09384,2023,49.3076,81.6514,24.2057,34.2256,3.0937,0.9288,67.8163,67.8163
09384,2024,49.6312,65.4867,25.869,6.3634,3.5922,0.922,69.5203,67.8163
09384,2025,49.6312,65.4867,22.1934,3.0166,4.1794,0.922,69.5203,67.8163
09384,2026,49.6312,65.4867,22.1934,3.0166,3.8335,0.922,69.5203,67.8163
09386,2023,37.192,63.4831,25.3786,7.4869,2.8344,0.8538,51.5925,72.2295
09386,2024,39.7333,52.0,27.0134,15.4445,2.8183,0.879,55.5498,72.2295
09386,2025,39.7333,52.0,31.4136,8.9038,3.0067,0.879,55.5498,72.2295
09386,2026,39.7333,52.0,31.4136,8.9038,3.0933,0.879,55.5498,72.2295
09407,2023,40.2271,54.6468,21.9803,0.5554,3.7566,0.8816,53.5398,65.8951
09407,2024,42.7141,42.4028,23.8872,0.7243,3.7328,0.8757,54.1419,65.8951
09407,2025,42.7141,42.4028,22.8879,6.8428,3.8493,0.8757,54.1419,65.8951
09407,2026,42.7141,42.4028,22.8879,6.8428,3.6301,0.8757,54.1419,65.8951
09411,2023,49.0321,42.3469,31.2355,34.9497,3.6765,0.8844,53.8177,53.8177
09411,2024,51.5534,46.8571,31.9512,67.5952,4.3423,0.8657,54.9451,53.8177
09411,2025,51.5534,46.8571,28.3962,65.3755,4.2091,0.8657,54.9451,53.8177
09411,2026,51.5534,46.8571,28.3962,65.3755,4.3847,0.8657,54.9451,53.8177
10201,2023,39.2788,23.9386,22.3302,13.2742,4.5305,0.9514,103.0832,472.6151
10201,2024,39.2032,22.4865,22.7189,15.224,4.4187,0.9685,103.074,472.6151
10201,2025,39.2032,22.4865,20.9797,16.1253,4.4797,0.9685,103.074,472.6151
10201,2026,39.2032,22.4865,20.9797,16.1253,4.4999,0.9685,103.074,472.6151
10202,2023,37.1806,15.7846,13.2693,4.5258,4.0982,0.9645,96.9365,228.5318
10202,2024,38.9789,19.3033,13.9784,6.0407,3.9844,0.9491,95.9602,228.5318
10202,2025,38.9789,19.3033,14.3344,4.666,4.1274,0.9491,95.9602,228.5318
10202,2026,38.9789,19.3033,14.3344,4.666,4.2036,0.9491,95.9602,228.5318
10203,2023,40.3058,10.7649,15.2005,16.0584,5.2705,1.0014,93.6482,188.2519
10203,2024,38.5759,10.9149,15.0911,8.1785,5.2965,0.9653,93.2147,188.2519
10203,2025,38.5759,10.9149,15.143,7.1845,5.2273,0.9653,93.2147,188.2519
10203,2026,38.5759,10.9149,15.143,7.1845,4.9545,0.9653,93.2147,188.2519
10204,2023,43.9731,11.0617,14.4342,2.1643,5.0239,0.9349,70.712,186.2083
10204,2024,44.0948,12.2727,14.4354,5.0166,4.736,0.9423,69.2622,186.2083
10204,2025,44.0948,12.2727,14.2389,4.3643,4.7615,0.9423,69.2622,186.2083
10204,2026,44.0948,12.2727,14.2389,4.3643,4.7304,0.9423,69.2622,186.2083
10205,2023,40.6574,5.5638,16.7501,4.5282,4.3141,0.9362,67.8948,188.8464
10205,2024,41.1558,6.951,15.966,5.4423,4.2955,0.9286,68.3091,188.8464
10205,2025,41.1558,6.951,16.235,4.9741,4.6048,0.9286,68.3091,188.8464
10205,2026,41.1558,6.951,16.235,4.9741,4.7161,0.9286,68.3091,188.8464
10206,2023,46.2835,14.2857,11.0462,14.8098,4.7399,0.9868,92.705,258.2496
10206,2024,46.8304,14.6853,12.1832,20.5486,4.6784,0.9429,90.1693,258.2496
10206,2025,46.8304,14.6853,11.2724,23.5941,5.188,0.9429,90.1693,258.2496
10206,2026,46.8304,14.6853,11.2724,23.5941,4.8877,0.9429,90.1693,258.2496
10207,2023,37.7673,18.1651,13.1286,5.0691,4.9835,0.9002,69.8671,227.0681
10207,2024,39.1572,17.033,13.6928,4.6419,4.9733,0.9024,71.5404,227.0681
10207,2025,39.1572,17.033,14.2557,10.2135,5.1222,0.9024,71.5404,227.0681
10207,2026,39.1572,17.033,14.2557,10.2135,4.9476,0.9024,71.5404,227.0681
10208,2023,39.9116,31.6591,13.1093,2.2153,4.4042,0.9908,71.6526,312.2972
10208,2024,40.3453,31.2178,14.5512,1.1742,4.3666,1.0163,72.5352,312.2972
10208,2025,40.3453,31.2178,14.4733,0.6829,4.3901,1.0163,72.5352,312.2972
10208,2026,40.3453,31.2178,14.4733,0.6829,4.6609,1.0163,72.5352,312.2972
10209,2023,34.8128,19.9501,11.241,14.7414,3.6014,0.9923,68.3799,263.9781
10209,2024,35.502,22.4138,11.6514,22.64,4.5268,0.9551,70.6702,263.9781
10209,2025,35.502,22.4138,12.0397,24.5639,5.0346,0.9551,70.6702,263.9781
10209,2026,35.502,22.4138,12.0397,24.5639,4.717,0.9551,70.6702,263.9781
10210,2023,44.2919,13.6095,10.1357,134.4189,3.531,0.9153,88.3107,282.1634
10210,2024,46.1979,19.7708,8.4934,42.8347,3.6246,0.9037,85.0377,282.1634
10210,2025,46.1979,19.7708,15.6264,40.4053,3.6343,0.9037,85.0377,282.1634
10210,2026,46.1979,19.7708,15.6264,40.4053,3.6589,0.9037,85.0377,282.1634
10211,2023,46.5824,27.9503,17.7071,14.3994,4.3497,0.966,70.5946,128.5184
10211,2024,44.6219,24.1975,17.3314,1.9917,4.5567,0.9532,71.3724,128.5184
10211,2025,44.6219,24.1975,17.1023,7.8216,4.4397,0.9532,71.3724,128.5184
10211,2026,44.6219,24.1975,17.1023,7.8216,4.2341,0.9532,71.3724,128.5184
10212,2023,43.817,8.8068,15.2568,6.0341,4.2541,0.9854,66.7705,214.475
10212,2024,41.4272,8.2822,14.954,4.0919,3.8737,0.9707,65.4116,214.475
10212,2025,41.4272,8.2822,14.4639,4.4729,3.7706,0.9707,65.4116,214.475
10212,2026,41.4272,8.2822,14.4639,4.4729,4.7587,0.9707,65.4116,214.475
10344,2023,44.2631,35.514,22.664,2.0588,4.7189,0.8982,34.2231,27.3785
10344,2024,43.9673,39.0476,24.9822,12.0688,4.7718,0.8825,34.1344,27.3785
10344,2025,43.9673,39.0476,24.6515,14.2598,4.1756,0.8825,34.1344,27.3785
10344,2026,43.9673,39.0476,24.6515,14.2598,3.943,0.8825,34.1344,27.3785
10345,2023,38.8089,27.9279,21.2254,14.044,5.2339,1.0304,71.5212,147.5124
10345,2024,39.8397,37.4046,23.7933,19.6496,4.9553,0.9565,70.9126,147.5124
10345,2025,39.8397,37.4046,25.644,20.2186,5.8009,0.9565,70.9126,147.5124
10345,2026,39.8397,37.4046,25.644,20.2186,4.4828,0.9565,70.9126,147.5124
10366,2023,47.7011,85.7143,28.0,64.257,1.9608,1.2912,93.0233,93.0233
10366,2024,57.9882,66.6667,25.9843,73.2044,2.0408,0.9559,96.2464,93.0233
10366,2025,57.9882,66.6667,52.7273,128.7129,1.1364,0.9559,96.2464,93.0233
10366,2026,57.9882,66.6667,52.7273,128.7129,3.6585,0.9559,96.2464,93.0233
10367,2023,62.9156,73.0769,25.9109,3.5613,5.1402,1.2143,182.8154,121.8769
10367,2024,60.5714,73.6842,25.0,0.0,4.6154,1.1221,191.8159,121.8769
10367,2025,60.5714,73.6842,22.973,0.0,5.0562,1.1221,191.8159,121.8769
10367,2026,60.5714,73.6842,22.973,0.0,5.3892,1.1221,191.8159,121.8769
10382,2023,43.348,36.9048,20.6963,68.2118,3.7086,0.9909,61.078,137.4256
10382,2024,43.4263,47.4359,18.9549,90.8037,3.1856,0.9174,63.3312,137.4256
10382,2025,43.4263,47.4359,17.4178,104.0142,3.343,0.9174,63.3312,137.4256
10382,2026,43.4263,47.4359,17.4178,104.0142,2.765,0.9174,63.3312,137.4256
10383,2023,51.585,66.6667,20.8511,101.1478,3.2258,1.1032,253.4854,0.0
10383,2024,48.8095,33.3333,,101.5038,2.3256,1.0525,332.4468,0.0
10383,2025,48.8095,33.3333,,7.8864,2.439,1.0525,332.4468,0.0
10383,2026,48.8095,33.3333,,7.8864,3.3784,1.0525,332.4468,0.0
10384,2023,48.9353,35.2941,18.076,52.8091,2.2184,0.8314,103.1664,87.2947
10384,2024,48.3423,32.2581,17.3264,64.8909,2.6292,0.8868,88.0423,87.2947
10384,2025,48.3423,32.2581,18.2216,64.9611,2.7804,0.8868,88.0423,87.2947
10384,2026,48.3423,32.2581,18.2216,64.9611,2.9499,0.8868,88.0423,87.2947
10421,2023,53.8402,61.1111,28.8473,29.2856,3.2162,0.9788,107.1094,174.0528
10421,2024,50.3686,53.0864,27.7914,56.2643,3.7677,0.9898,109.7695,174.0528
10421,2025,50.3686,53.0864,23.71,131.7695,4.5008,0.9898,109.7695,174.0528
10421,2026,50.3686,53.0864,23.71,131.7695,4.3852,0.9898,109.7695,174.0528
10424,2023,49.0329,28.3784,25.3406,51.4286,5.5102,0.8747,93.8791,187.7582
10424,2024,49.6988,25.974,23.5211,62.4837,4.5738,0.6877,76.3359,187.7582
10424,2025,49.6988,25.974,26.2048,61.4525,4.4872,0.6877,76.3359,187.7582
10424,2026,49.6988,25.974,26.2048,61.4525,4.0816,0.6877,76.3359,187.7582
10425,2023,46.918,26.0606,17.5708,118.9522,3.2491,0.7548,43.6015,21.8007
10425,2024,45.1763,18.0556,20.3182,16.1738,2.381,0.7933,43.8741,21.8007
10425,2025,45.1763,18.0556,21.8031,11.8772,2.6538,0.7933,43.8741,21.8007
10425,2026,45.1763,18.0556,21.8031,11.8772,3.1363,0.7933,43.8741,21.8007
10426,2023,43.3759,39.2857,9.0418,0.0,4.6512,0.8198,65.7678,164.4196
10426,2024,47.6842,30.4348,9.3195,0.0,4.3912,0.9265,66.324,164.4196
10426,2025,47.6842,30.4348,9.8726,0.0,3.8697,0.9265,66.324,164.4196
10426,2026,47.6842,30.4348,9.8726,0.0,4.4248,0.9265,66.324,164.4196
10428,2023,49.9234,42.0,15.7996,17.1969,2.4561,1.0408,180.1261,60.042
10428,2024,50.3175,43.5897,14.5194,24.028,2.4476,0.9866,183.5985,60.042
10428,2025,50.3175,43.5897,10.9091,10.0305,3.7313,0.9866,183.5985,60.042
10428,2026,50.3175,43.5897,10.9091,10.0305,2.6515,0.9866,183.5985,60.042
10429,2023,42.2906,33.5714,23.8651,26.7094,3.1555,0.9498,63.1862,189.5585
10429,2024,42.1619,28.5714,27.0345,27.4271,3.2583,0.8613,64.8351,189.5585
10429,2025,42.1619,28.5714,21.9168,3.5386,3.1579,0.8613,64.8351,189.5585
10429,2026,42.1619,28.5714,21.9168,3.5386,3.4783,0.8613,64.8351,189.5585
10443,2023,61.0233,32.8947,24.8399,63.1473,3.7736,0.8706,48.9237,48.9237
10443,2024,57.9782,21.0526,24.8641,33.1641,2.8986,0.8639,75.0188,48.9237
10443,2025,57.9782,21.0526,27.2868,33.0124,4.5802,0.8639,75.0188,48.9237
10443,2026,57.9782,21.0526,27.2868,33.0124,3.0848,0.8639,75.0188,48.9237
10444,2023,61.5385,10.6383,,0.0,1.9355,0.9782,96.6184,257.649
10444,2024,60.9508,47.619,,0.0,2.439,0.9306,97.8474,257.649
10444,2025,60.9508,47.619,35.9882,14.3472,2.6415,0.9306,97.8474,257.649
10444,2026,60.9508,47.619,35.9882,14.3472,2.8455,0.9306,97.8474,257.649
10448,2023,47.9388,23.5772,15.6349,8.7131,5.6489,0.837,28.5429,14.2714
10448,2024,51.2758,24.3697,16.8396,7.8687,4.8666,0.7848,28.6574,14.2714
10448,2025,51.2758,24.3697,14.8021,12.893,5.28,0.7848,28.6574,14.2714
10448,2026,51.2758,24.3697,14.8021,12.893,4.5997,0.7848,28.6574,14.2714
10449,2023,47.8595,24.5399,18.5617,14.7837,4.6458,0.9059,34.087,73.8552
10449,2024,49.7623,27.044,19.1011,16.0782,4.6072,0.8472,34.6961,73.8552
10449,2025,49.7623,27.044,18.6564,17.8328,4.551,0.8472,34.6961,73.8552
10449,2026,49.7623,27.044,18.6564,17.8328,4.1139,0.8472,34.6961,73.8552
10464,2023,44.5992,12.4242,10.1909,22.4299,3.5055,0.9535,55.5864,83.3797
10464,2024,44.8713,13.0719,9.4141,57.48,3.675,0.8989,53.1736,83.3797
10464,2025,44.8713,13.0719,10.7697,42.3099,3.4496,0.8989,53.1736,83.3797
10464,2026,44.8713,13.0719,10.7697,42.3099,3.5186,0.8989,53.1736,83.3797
10521,2023,54.4265,21.3953,20.5019,0.9324,3.5741,0.8592,50.4323,43.2277
10521,2024,52.414,16.8605,16.8481,5.4257,4.0154,0.8704,50.9202,43.2277
10521,2025,52.414,16.8605,18.1818,4.0042,4.1735,0.8704,50.9202,43.2277
10521,2026,52.414,16.8605,18.1818,4.0042,4.7993,0.8704,50.9202,43.2277
10522,2023,52.6923,19.8473,18.5284,25.7732,3.1854,0.8901,45.977,64.3678
10522,2024,56.1993,19.084,20.4651,25.0142,3.271,0.9496,46.1425,64.3678
10522,2025,56.1993,19.084,21.063,11.5122,3.8929,0.9496,46.1425,64.3678
10522,2026,56.1993,19.084,21.063,11.5122,3.5248,0.9496,46.1425,64.3678
10523,2023,51.6842,35.8333,23.3177,2.2422,4.3379,0.9436,45.3679,36.2943
10523,2024,52.7976,23.7705,22.9467,2.2538,4.8426,0.8579,45.6997,36.2943
10523,2025,52.7976,23.7705,21.267,5.5225,4.9032,0.8579,45.6997,36.2943
10523,2026,52.7976,23.7705,21.267,5.5225,4.9587,0.8579,45.6997,36.2943
10524,2023,43.4269,29.5203,13.0741,27.2637,5.0535,0.8649,57.514,57.514
10524,2024,41.4017,38.3966,12.1643,27.7272,4.5298,0.784,55.4685,57.514
10524,2025,41.4017,38.3966,9.7202,30.7996,4.8736,0.784,55.4685,57.514
10524,2026,41.4017,38.3966,9.7202,30.7996,5.2361,0.784,55.4685,57.514
10525,2023,54.3568,31.5603,20.6208,109.3393,4.1144,0.8831,65.8659,50.3681
10525,2024,52.8978,18.0258,19.9139,124.4733,4.2194,0.8764,58.1148,50.3681
10525,2025,52.8978,18.0258,20.4944,100.4096,4.2434,0.8764,58.1148,50.3681
10525,2026,52.8978,18.0258,20.4944,100.4096,3.7148,0.8764,58.1148,50.3681
11100,2023,35.89,25.7103,20.1299,0.9681,4.7291,0.9215,76.68,209.0593
11100,2024,36.2688,26.7824,20.5534,1.4171,4.6642,0.9252,76.4305,209.0593
11100,2025,36.2688,26.7824,17.6083,1.8844,4.5464,0.9252,76.4305,209.0593
11100,2026,36.2688,26.7824,17.6083,1.8844,4.4142,0.9252,76.4305,209.0593
11201,2023,38.728,18.4565,15.4186,7.0154,4.7707,0.9185,61.1581,267.2835
11201,2024,44.2038,12.3057,16.8325,11.3791,4.5985,0.9244,62.373,267.2835
11201,2025,44.2038,12.3057,17.6246,8.4662,4.7097,0.9244,62.373,267.2835
11201,2026,44.2038,12.3057,17.6246,8.4662,4.6692,0.9244,62.373,267.2835
11202,2023,34.1942,11.2676,15.9688,7.7054,,0.9022,76.6315,166.7253
11202,2024,36.813,11.1719,16.8167,9.3902,,0.9166,77.5743,166.7253
11202,2025,36.813,11.1719,17.528,6.1397,,0.9166,77.5743,166.7253
11202,2026,36.813,11.1719,17.528,6.1397,,0.9166,77.5743,166.7253
11203,2023,34.7377,20.3443,17.4454,5.3367,5.0563,0.9149,54.9019,154.1222
11203,2024,35.6737,16.4735,18.1409,9.5415,4.9403,0.9076,55.9115,154.1222
11203,2025,35.6737,16.4735,18.3072,11.6892,4.8955,0.9076,55.9115,154.1222
11203,2026,35.6737,16.4735,18.3072,11.6892,4.7389,0.9076,55.9115,154.1222
11206,2023,38.8152,7.7273,10.6648,9.6973,3.8537,0.8951,50.7995,146.0484
11206,2024,39.3326,6.5217,12.0063,13.2473,4.1027,0.9054,49.7347,146.0484
11206,2025,39.3326,6.5217,11.399,15.4713,3.9921,0.9054,49.7347,146.0484
11206,2026,39.3326,6.5217,11.399,15.4713,3.8476,0.9054,49.7347,146.0484
11207,2023,38.7181,28.4464,6.9797,4.6179,4.8724,0.893,97.9002,175.5452
11207,2024,39.9404,35.4,8.59,3.6124,4.6763,0.9239,103.0521,175.5452
11207,2025,39.9404,35.4,9.6727,2.7352,4.7693,0.9239,103.0521,175.5452
11207,2026,39.9404,35.4,9.6727,2.7352,5.0754,0.9239,103.0521,175.5452
11208,2023,38.3896,32.4135,13.7712,3.7607,4.0928,0.8843,65.6843,265.9343
11208,2024,39.4452,34.8439,14.372,4.3445,4.3238,0.883,65.4967,265.9343
11208,2025,39.4452,34.8439,12.074,6.5086,4.2958,0.883,65.4967,265.9343
11208,2026,39.4452,34.8439,12.074,6.5086,4.3693,0.883,65.4967,265.9343
11209,2023,39.5804,10.9399,5.5373,9.312,3.6125,0.9029,58.6398,108.3562
11209,2024,39.3427,12.5637,5.7517,7.8479,4.1059,0.9082,58.6196,108.3562
11209,2025,39.3427,12.5637,6.1104,7.6177,3.9646,0.9082,58.6196,108.3562
11209,2026,39.3427,12.5637,6.1104,7.6177,4.1152,0.9082,58.6196,108.3562
11210,2023,41.4073,25.5906,20.0016,35.1226,3.7516,0.9232,46.3545,143.5206
11210,2024,39.3985,31.135,20.1164,45.2185,3.7049,0.9184,43.6864,143.5206
11210,2025,39.3985,31.135,21.2911,46.5158,3.9248,0.9184,43.6864,143.5206
11210,2026,39.3985,31.135,21.2911,46.5158,4.0358,0.9184,43.6864,143.5206
11211,2023,34.3248,29.7521,17.686,4.7585,4.5996,0.9314,69.6541,162.5261
11211,2024,36.4639,24.3067,28.5044,8.4804,4.384,0.9257,65.9895,162.5261
11211,2025,36.4639,24.3067,19.1093,7.5233,4.5151,0.9257,65.9895,162.5261
11211,2026,36.4639,24.3067,19.1093,7.5233,4.3927,0.9257,65.9895,162.5261
11212,2023,41.3318,17.5803,10.8676,17.7637,4.1761,0.8702,68.3942,175.398
11212,2024,42.5553,17.1091,12.0009,21.2042,4.2824,0.8986,70.2571,175.398
11212,2025,42.5553,17.1091,12.1293,20.3916,4.4034,0.8986,70.2571,175.398
11212,2026,42.5553,17.1091,12.1293,20.3916,4.5996,0.8986,70.2571,175.398
11214,2023,46.6261,6.0768,24.6013,2.4666,5.0432,0.9049,55.6692,160.1029
11214,2024,46.3413,7.1507,24.2315,6.0775,4.8951,0.8954,56.3534,160.1029
11214,2025,46.3413,7.1507,23.988,4.4428,5.1048,0.8954,56.3534,160.1029
11214,2026,46.3413,7.1507,23.988,4.4428,5.1197,0.8954,56.3534,160.1029
11215,2023,38.0815,19.6527,15.971,1.0077,4.1087,0.9134,51.5533,207.5522
11215,2024,38.6046,19.0802,14.9075,1.0573,4.2415,0.9125,51.7223,207.5522
11215,2025,38.6046,19.0802,18.574,1.4266,4.3478,0.9125,51.7223,207.5522
11215,2026,38.6046,19.0802,18.574,1.4266,4.3178,0.9125,51.7223,207.5522
11216,2023,38.9722,9.8958,16.5013,0.5186,4.3563,0.9163,61.1666,181.6463
11216,2024,36.7826,4.4586,12.8515,2.9083,4.28,0.8884,63.1325,181.6463
11216,2025,36.7826,4.4586,15.8237,0.692,4.5083,0.8884,63.1325,181.6463
11216,2026,36.7826,4.4586,15.8237,0.692,4.9376,0.8884,63.1325,181.6463
11217,2023,44.5585,15.2672,18.7206,1.0518,3.6195,0.9131,58.5748,98.4737
11217,2024,41.8707,14.4201,17.6292,1.4703,3.2902,0.8867,58.6825,98.4737
11217,2025,41.8707,14.4201,17.9206,0.8509,3.481,0.8867,58.6825,98.4737
11217,2026,41.8707,14.4201,17.9206,0.8509,3.2553,0.8867,58.6825,98.4737
11218,2023,35.8122,22.3608,21.3399,19.4953,,0.9155,64.2288,158.1017
11218,2024,37.8174,18.7177,21.4114,44.3133,,0.9049,65.0549,158.1017
11218,2025,37.8174,18.7177,20.3467,36.2377,,0.9049,65.0549,158.1017
11218,2026,37.8174,18.7177,20.3467,36.2377,,0.9049,65.0549,158.1017
11219,2023,45.0575,8.5619,19.994,2.7529,4.0806,0.8855,53.8594,188.0736
11219,2024,45.8007,6.4944,20.2224,3.133,4.0342,0.9223,53.4395,188.0736
11219,2025,45.8007,6.4944,21.3641,0.0623,4.3187,0.9223,53.4395,188.0736
11219,2026,45.8007,6.4944,21.3641,0.0623,4.1436,0.9223,53.4395,188.0736
11221,2023,42.5164,13.3593,11.7123,1.3878,5.272,0.9142,52.1983,117.1473
11221,2024,44.0048,15.3469,12.4912,1.5911,4.8779,0.901,53.3399,117.1473
11221,2025,44.0048,15.3469,13.1696,1.8663,4.9173,0.901,53.3399,117.1473
11221,2026,44.0048,15.3469,13.1696,1.8663,4.6818,0.901,53.3399,117.1473
11222,2023,41.5023,14.7047,12.7638,5.4157,4.718,0.9339,56.4173,266.6736
11222,2024,40.4595,16.3357,13.4746,5.5064,4.5771,0.9215,58.2985,266.6736
11222,2025,40.4595,16.3357,14.0553,7.9352,4.669,0.9215,58.2985,266.6736
11222,2026,40.4595,16.3357,14.0553,7.9352,4.706,0.9215,58.2985,266.6736
11223,2023,39.1712,15.8436,9.7394,1.317,4.3173,0.8974,66.4169,91.6554
11223,2024,38.1316,13.9588,11.1919,0.873,4.5905,0.9103,66.0973,91.6554
11223,2025,38.1316,13.9588,11.5051,1.7834,4.1136,0.9103,66.0973,91.6554
11223,2026,38.1316,13.9588,11.5051,1.7834,4.4257,0.9103,66.0973,91.6554
11224,2023,38.4045,6.7055,18.3031,68.0625,4.474,0.9673,64.8403,200.1593
11224,2024,38.8039,9.5385,12.0389,70.468,4.119,0.9513,66.1213,200.1593
11224,2025,38.8039,9.5385,,12.2496,4.0643,0.9513,66.1213,200.1593
11224,2026,38.8039,9.5385,,12.2496,4.2009,0.9513,66.1213,200.1593
11225,2023,40.4361,15.3774,20.2842,0.7905,4.3791,0.9177,45.293,105.6836
11225,2024,40.616,12.5,21.1476,0.9053,4.195,0.9039,45.6044,105.6836
11225,2025,40.616,12.5,21.7337,1.276,4.0682,0.9039,45.6044,105.6836
11225,2026,40.616,12.5,21.7337,1.276,4.3124,0.9039,45.6044,105.6836
11227,2023,43.4273,15.9748,18.7597,29.1642,4.5574,0.9365,59.0024,136.7467
11227,2024,46.5455,11.0727,18.9047,6.8937,4.5093,0.9471,57.2556,136.7467
11227,2025,46.5455,11.0727,19.1768,12.451,4.5098,0.9471,57.2556,136.7467
11227,2026,46.5455,11.0727,19.1768,12.451,4.231,0.9471,57.2556,136.7467
11228,2023,40.7192,15.8333,14.9775,5.2797,4.4158,0.9185,53.6537,66.7399
11228,2024,42.3711,22.8889,15.7347,14.3692,4.1997,0.9066,52.4164,66.7399
11228,2025,42.3711,22.8889,16.2847,15.6169,4.6038,0.9066,52.4164,66.7399
11228,2026,42.3711,22.8889,16.2847,15.6169,4.3541,0.9066,52.4164,66.7399
11229,2023,44.4444,42.2274,32.6505,0.0,2.8485,0.953,44.0676,364.4506
11229,2024,46.2632,43.0155,33.3389,33.8497,2.6369,0.9299,48.3901,364.4506
11229,2025,46.2632,43.0155,34.1829,25.8492,2.9403,0.9299,48.3901,364.4506
11229,2026,46.2632,43.0155,34.1829,25.8492,2.8416,0.9299,48.3901,364.4506
11230,2023,42.1161,22.9991,22.4353,0.1951,5.0336,0.9437,41.0306,111.6273
11230,2024,43.3463,21.46,22.6584,0.3789,5.0106,0.917,42.7618,111.6273
11230,2025,43.3463,21.46,22.9526,0.3584,5.09,0.917,42.7618,111.6273
11230,2026,43.3463,21.46,22.9526,0.3584,4.9931,0.917,42.7618,111.6273
11231,2023,44.5171,11.6732,19.0589,0.9554,3.9323,0.9347,61.5961,77.6647
11231,2024,45.9269,10.1562,24.0471,0.5602,3.87,0.9039,61.7881,77.6647
11231,2025,45.9269,10.1562,20.4549,1.1832,4.0148,0.9039,61.7881,77.6647
11231,2026,45.9269,10.1562,20.4549,1.1832,4.4434,0.9039,61.7881,77.6647
11232,2023,40.5497,11.2887,,1.9015,4.4042,0.9494,56.2962,164.9149
11232,2024,41.4296,12.1951,,1.5148,4.2758,0.9332,54.9986,164.9149
11232,2025,41.4296,12.1951,21.7008,2.9743,4.0412,0.9332,54.9986,164.9149
11232,2026,41.4296,12.1951,21.7008,2.9743,4.1033,0.9332,54.9986,164.9149
11233,2023,42.3784,15.1724,19.8592,0.0,3.6479,0.9017,66.9191,231.1752
11233,2024,42.2122,17.0316,19.6642,1.3648,3.6771,0.9003,65.7462,231.1752
11233,2025,42.2122,17.0316,21.3057,0.6367,4.097,0.9003,65.7462,231.1752
11233,2026,42.2122,17.0316,21.3057,0.6367,4.322,0.9003,65.7462,231.1752
11234,2023,37.564,10.8055,21.9112,12.9105,4.9935,0.9426,47.6371,103.9355
11234,2024,38.7645,6.9414,23.0552,12.8079,4.7163,0.9795,48.3533,103.9355
11234,2025,38.7645,6.9414,23.0544,14.9794,4.6472,0.9795,48.3533,103.9355
11234,2026,38.7645,6.9414,23.0544,14.9794,4.4991,0.9795,48.3533,103.9355
11235,2023,42.0408,25.9943,17.9196,9.8259,4.3867,0.9086,57.6042,131.1603
11235,2024,42.0821,23.5864,17.846,13.0717,4.4305,0.911,56.5646,131.1603
11235,2025,42.0821,23.5864,17.9594,9.3668,4.3139,0.911,56.5646,131.1603
11235,2026,42.0821,23.5864,17.9594,9.3668,4.2442,0.911,56.5646,131.1603
11237,2023,31.4034,5.6818,21.0221,2.4661,5.2566,0.9347,47.0473,149.5681
11237,2024,37.1678,14.2564,20.2943,0.5687,5.2587,0.9688,47.2024,149.5681
11237,2025,37.1678,14.2564,24.4083,0.4195,5.0777,0.9688,47.2024,149.5681
11237,2026,37.1678,14.2564,24.4083,0.4195,5.0976,0.9688,47.2024,149.5681
11238,2023,45.7889,9.5238,18.2612,9.1204,4.1135,0.9957,58.813,156.8346
11238,2024,46.7273,12.6866,16.6927,6.7348,4.2308,0.9662,60.3225,156.8346
11238,2025,46.7273,12.6866,17.434,4.2544,4.0783,0.9662,60.3225,156.8346
11238,2026,46.7273,12.6866,17.434,4.2544,3.9432,0.9662,60.3225,156.8346
11239,2023,40.8162,7.3846,11.441,20.7645,4.4312,0.8464,65.1544,89.2114
11239,2024,41.3451,7.1207,10.0745,24.1763,4.1969,0.8864,64.3042,89.2114
11239,2025,41.3451,7.1207,9.2206,23.5064,4.2791,0.8864,64.3042,89.2114
11239,2026,41.3451,7.1207,9.2206,23.5064,4.0945,0.8864,64.3042,89.2114
11240,2023,41.2378,29.0023,12.3675,0.8177,3.7037,0.9314,62.748,176.0991
11240,2024,42.4404,24.826,15.9184,0.7032,3.5228,0.9062,63.1841,176.0991
11240,2025,42.4404,24.826,18.0261,1.6727,3.5088,0.9062,63.1841,176.0991
11240,2026,42.4404,24.826,18.0261,1.6727,3.9641,0.9062,63.1841,176.0991
11241,2023,42.0603,14.0385,17.4213,1.5463,3.6496,0.859,59.8376,121.0999
11241,2024,42.5575,23.7991,17.8117,2.2807,3.7147,0.8776,61.3733,121.0999
11241,2025,42.5575,23.7991,18.4531,4.371,4.1176,0.8776,61.3733,121.0999
11241,2026,42.5575,23.7991,18.4531,4.371,4.0136,0.8776,61.3733,121.0999
11242,2023,38.8243,15.66,8.2891,12.5496,4.1028,0.9443,36.62,633.5256
11242,2024,38.0433,11.0497,10.1657,14.3342,3.9474,0.9596,34.929,633.5256
11242,2025,38.0433,11.0497,11.117,3.5819,4.3106,0.9596,34.929,633.5256
11242,2026,38.0433,11.0497,11.117,3.5819,4.528,0.9596,34.929,633.5256
11243,2023,40.9858,44.0716,8.3638,0.0,3.9125,0.9684,54.7938,89.0399
11243,2024,43.0736,43.7956,8.676,0.0,4.0806,0.9562,56.4132,89.0399
11243,2025,43.0736,43.7956,8.099,13.3152,4.2019,0.9562,56.4132,89.0399
11243,2026,43.0736,43.7956,8.099,13.3152,4.4976,0.9562,56.4132,89.0399
11245,2023,44.9356,25.7554,21.3993,3.2249,4.6751,0.9278,63.0716,74.4595
11245,2024,44.6918,22.3388,21.2867,2.1445,4.5849,0.9332,60.3342,74.4595
11245,2025,44.6918,22.3388,21.5816,3.2995,4.67,0.9332,60.3342,74.4595
11245,2026,44.6918,22.3388,21.5816,3.2995,4.9597,0.9332,60.3342,74.4595
11246,2023,41.8834,11.3636,11.0461,0.9435,3.3087,0.8796,54.9784,145.9771
11246,2024,41.3868,20.6061,9.5875,1.5198,2.9066,0.9527,55.0818,145.9771
11246,2025,41.3868,20.6061,10.8782,1.7613,2.9681,0.9527,55.0818,145.9771
11246,2026,41.3868,20.6061,10.8782,1.7613,3.2633,0.9527,55.0818,145.9771
11301,2023,48.4743,4.902,22.5186,46.6232,4.0214,0.8824,42.0159,459.9633
11301,2024,47.0157,4.4728,21.0845,49.0006,4.2703,0.8655,42.18,459.9633
11301,2025,47.0157,4.4728,21.6562,40.2341,4.4881,0.8655,42.18,459.9633
11301,2026,47.0157,4.4728,21.6562,40.2341,4.3387,0.8655,42.18,459.9633
11324,2023,42.5882,21.6216,21.5357,1.0221,4.3672,0.9214,34.448,246.436
11324,2024,43.7487,24.2188,19.5658,1.4749,3.5988,0.9425,34.7102,246.436
11324,2025,43.7487,24.2188,22.6696,4.124,3.6345,0.9425,34.7102,246.436
11324,2026,43.7487,24.2188,22.6696,4.124,3.3298,0.9425,34.7102,246.436
11326,2023,45.8105,42.0513,21.5471,0.3106,4.4262,1.0375,49.0557,1692.4209
11326,2024,47.7697,45.3581,22.1254,0.3997,4.2668,1.0421,49.4361,1692.4209
11326,2025,47.7697,45.3581,22.5302,1.2516,4.3764,1.0421,49.4361,1692.4209
11326,2026,47.7697,45.3581,22.5302,1.2516,4.4333,1.0421,49.4361,1692.4209
11327,2023,32.9982,26.8041,7.0328,3.8915,4.0643,0.9299,72.2413,54.181
11327,2024,35.1942,33.3333,10.7878,4.1783,4.4088,0.887,82.85,54.181
11327,2025,35.1942,33.3333,12.4528,6.6166,3.587,0.887,82.85,54.181
11327,2026,35.1942,33.3333,12.4528,6.6166,3.712,0.887,82.85,54.181
11341,2023,43.528,14.8148,11.2676,0.0,3.8071,0.8586,35.5132,71.0263
11341,2024,44.3734,9.1503,9.7561,3.2493,3.6477,0.82,40.5166,71.0263
11341,2025,44.3734,9.1503,9.4625,5.7232,3.8318,0.82,40.5166,71.0263
11341,2026,44.3734,9.1503,9.4625,5.7232,3.5171,0.82,40.5166,71.0263
11342,2023,41.2017,16.5468,14.0802,3.6673,4.5039,0.9112,56.8311,79.5635
11342,2024,37.1036,34.1463,7.3586,5.7601,4.1943,0.9206,74.2179,79.5635
11342,2025,37.1036,34.1463,8.9254,4.4415,4.4049,0.9206,74.2179,79.5635
11342,2026,37.1036,34.1463,8.9254,4.4415,3.6087,0.9206,74.2179,79.5635
11343,2023,41.25,17.6,6.105,1.013,3.6528,0.931,92.0549,240.7591
11343,2024,42.6444,18.1818,7.2676,0.5809,3.5702,0.9168,93.2367,240.7591
11343,2025,42.6444,18.1818,6.2315,1.1229,4.2345,0.9168,93.2367,240.7591
11343,2026,42.6444,18.1818,6.2315,1.1229,4.3019,0.9168,93.2367,240.7591
11346,2023,51.3248,37.1287,26.5435,0.0,3.5884,0.9726,62.5391,93.8086
11346,2024,51.7931,35.7143,28.2609,0.0,4.0724,0.9854,68.8778,93.8086
11346,2025,51.7931,35.7143,28.3661,6.7547,4.4242,0.9854,68.8778,93.8086
11346,2026,51.7931,35.7143,28.3661,6.7547,4.8429,0.9854,68.8778,93.8086
11347,2023,39.1988,16.0221,15.7042,2.021,3.7143,0.9392,27.5984,44.1574
11347,2024,41.9134,14.9485,15.916,1.3247,3.7081,0.9291,33.5965,44.1574
11347,2025,41.9134,14.9485,15.2025,1.9576,3.7492,0.9291,33.5965,44.1574
11347,2026,41.9134,14.9485,15.2025,1.9576,4.2199,0.9291,33.5965,44.1574
11348,2023,48.0645,8.4848,14.1745,1.4899,3.3824,0.8113,53.1996,83.5993
11348,2024,45.2317,8.4416,14.9446,1.202,4.4106,0.8525,46.2713,83.5993
11348,2025,45.2317,8.4416,15.7699,1.9204,3.8563,0.8525,46.2713,83.5993
11348,2026,45.2317,8.4416,15.7699,1.9204,4.1386,0.8525,46.2713,83.5993
11349,2023,39.8633,34.127,15.8699,26.1093,4.7414,1.042,66.1063,47.2188
11349,2024,39.0326,38.2609,17.8646,93.1347,4.5045,1.0069,76.8197,47.2188
11349,2025,39.0326,38.2609,19.97,150.9979,4.4508,1.0069,76.8197,47.2188
11349,2026,39.0326,38.2609,19.97,150.9979,4.9345,1.0069,76.8197,47.2188
11361,2023,44.3089,32.9268,18.1009,4.8799,4.4978,0.8414,51.053,38.2897
11361,2024,43.8129,37.9747,18.057,5.848,4.5455,0.9683,51.6262,38.2897
11361,2025,43.8129,37.9747,17.7602,14.4076,4.9342,0.9683,51.6262,38.2897
11361,2026,43.8129,37.9747,17.7602,14.4076,5.0967,0.9683,51.6262,38.2897
11362,2023,32.6651,10.9589,23.3424,0.0,4.9942,0.8337,75.7904,140.7536
11362,2024,32.936,14.5455,29.2159,0.0,5.6098,0.9622,66.2983,140.7536
11362,2025,32.936,14.5455,25.6713,0.0,6.4516,0.9622,66.2983,140.7536
11362,2026,32.936,14.5455,25.6713,0.0,5.0204,0.9622,66.2983,140.7536
11363,2023,43.5732,17.6471,14.8199,164.1914,3.5593,0.8731,75.0751,90.0901
11363,2024,44.0851,21.8182,18.1168,451.2628,4.8913,0.849,76.7342,90.0901
11363,2025,44.0851,21.8182,20.3947,317.2793,2.5735,0.849,76.7342,90.0901
11363,2026,44.0851,21.8182,20.3947,317.2793,3.3465,0.849,76.7342,90.0901
11365,2023,34.2664,38.2979,18.1141,273.172,4.5497,0.833,94.1442,141.2163
11365,2024,36.8092,28.7037,22.2147,262.3445,4.9371,0.8761,96.9368,141.2163
11365,2025,36.8092,28.7037,23.2727,313.3616,5.2104,0.8761,96.9368,141.2163
11365,2026,36.8092,28.7037,23.2727,313.3616,3.8462,0.8761,96.9368,141.2163
11369,2023,56.6007,3.2258,30.9302,128.3096,3.1646,0.9724,39.2465,0.0
11369,2024,57.2202,19.1489,33.7875,143.8961,3.413,1.056,80.8734,0.0
11369,2025,57.2202,19.1489,59.3123,156.9247,5.3004,1.056,80.8734,0.0
11369,2026,57.2202,19.1489,59.3123,156.9247,4.9808,1.056,80.8734,0.0
11381,2023,42.666,47.4747,20.6513,24.9557,3.9773,1.0613,64.1261,27.4826
11381,2024,43.0548,46.2366,24.7788,22.7117,4.5191,1.0565,101.673,27.4826
11381,2025,43.0548,46.2366,23.9895,44.3554,4.5618,1.0565,101.673,27.4826
11381,2026,43.0548,46.2366,23.9895,44.3554,3.0113,1.0565,101.673,27.4826
11383,2023,39.7543,45.7627,15.8978,2.2836,3.5406,0.9871,60.9663,38.1039
11383,2024,40.5306,39.6825,17.0716,73.925,3.2057,0.9695,77.5916,38.1039
11383,2025,40.5306,39.6825,19.427,47.8331,4.2453,0.9695,77.5916,38.1039
11383,2026,40.5306,39.6825,19.427,47.8331,4.8711,0.9695,77.5916,38.1039
11385,2023,35.3215,34.0517,14.185,40.3441,3.5332,0.9281,72.0037,52.3663
11385,2024,41.0734,20.7273,16.2146,40.7987,3.1966,1.012,75.2889,52.3663
11385,2025,41.0734,20.7273,15.8419,40.2923,3.5802,1.012,75.2889,52.3663
11385,2026,41.0734,20.7273,15.8419,40.2923,3.9226,1.012,75.2889,52.3663
11408,2023,46.1416,18.018,30.4587,1.3231,,0.9206,65.1425,80.6527
11408,2024,48.0083,17.1975,31.1222,5.7276,,0.9417,65.541,80.6527
11408,2025,48.0083,17.1975,31.4082,16.8141,,0.9417,65.541,80.6527
11408,2026,48.0083,17.1975,31.4082,16.8141,,0.9417,65.541,80.6527
11442,2023,46.9966,33.2258,18.7429,10.5426,3.8756,0.8931,50.7251,35.8059
11442,2024,45.6433,29.2576,23.5474,10.1766,4.1423,0.9279,47.9458,35.8059
11442,2025,45.6433,29.2576,21.2566,9.0487,4.5433,0.9279,47.9458,35.8059
11442,2026,45.6433,29.2576,21.2566,9.0487,4.7349,0.9279,47.9458,35.8059
11464,2023,37.8537,24.6575,13.2155,2.6346,4.3299,0.9227,45.2817,54.338
11464,2024,39.197,22.7139,12.9122,3.601,4.4444,0.9378,45.4401,54.338
11464,2025,39.197,22.7139,13.7105,2.6806,4.628,0.9378,45.4401,54.338
11464,2026,39.197,22.7139,13.7105,2.6806,4.6892,0.9378,45.4401,54.338
11465,2023,31.7599,23.7374,13.551,53.0786,3.2403,0.9877,31.6924,80.9916
11465,2024,35.6689,22.3301,16.4111,78.7569,2.7676,0.9796,35.5366,80.9916
11465,2025,35.6689,22.3301,15.4934,76.956,3.2095,0.9796,35.5366,80.9916
11465,2026,35.6689,22.3301,15.4934,76.956,3.8599,0.9796,35.5366,80.9916
12100,2023,33.0975,19.8447,17.6802,14.0924,5.356,0.9175,73.6938,318.1115
12100,2024,33.3982,18.6876,17.6877,15.486,5.3857,0.923,73.2456,318.1115
12100,2025,33.3982,18.6876,17.7726,18.403,5.363,0.923,73.2456,318.1115
12100,2026,33.3982,18.6876,17.7726,18.403,5.3232,0.923,73.2456,318.1115
12202,2023,36.2482,23.09,10.9741,112.1308,4.304,0.9148,58.5387,108.2078
12202,2024,37.8895,28.9298,10.7248,117.2385,3.9284,0.8921,56.3472,108.2078
12202,2025,37.8895,28.9298,11.3254,113.7899,4.1273,0.8921,56.3472,108.2078
12202,2026,37.8895,28.9298,11.3254,113.7899,4.2291,0.8921,56.3472,108.2078
12203,2023,40.8339,15.9982,26.2651,2.9562,4.7295,0.9505,65.7069,149.5188
12203,2024,40.7434,13.4633,26.2822,4.1451,4.6331,0.9288,65.1254,149.5188
12203,2025,40.7434,13.4633,26.5506,6.0587,4.6844,0.9288,65.1254,149.5188
12203,2026,40.7434,13.4633,26.5506,6.0587,4.7724,0.9288,65.1254,149.5188
12204,2023,41.9266,30.1617,18.9494,0.8275,5.1419,0.906,57.3383,166.142
12204,2024,41.3749,29.0397,19.3327,2.003,5.0614,0.9075,58.612,166.142
12204,2025,41.3749,29.0397,19.2255,3.2287,4.906,0.9075,58.612,166.142
12204,2026,41.3749,29.0397,19.2255,3.2287,4.4647,0.9075,58.612,166.142
12205,2023,32.1795,46.3343,14.5002,4.2165,5.4612,0.9216,98.4847,264.118
12205,2024,33.8035,49.2013,15.4051,14.6939,5.5246,0.9388,97.3732,264.118
12205,2025,33.8035,49.2013,18.5663,11.0307,5.7315,0.9388,97.3732,264.118
12205,2026,33.8035,49.2013,18.5663,11.0307,5.838,0.9388,97.3732,264.118
12206,2023,43.3718,37.4831,5.976,0.2743,4.8306,0.9276,70.4313,245.0423
12206,2024,43.4855,36.1151,5.9441,3.8442,4.5283,0.9157,68.0765,245.0423
12206,2025,43.4855,36.1151,6.878,1.1592,4.7891,0.9157,68.0765,245.0423
12206,2026,43.4855,36.1151,6.878,1.1592,4.7588,0.9157,68.0765,245.0423
12207,2023,34.8209,21.7111,17.1512,1.1961,5.3457,0.8902,56.5256,164.749
12207,2024,36.9631,15.2529,17.9303,2.7319,4.9836,0.8874,55.5977,164.749
12207,2025,36.9631,15.2529,17.718,0.977,4.9632,0.8874,55.5977,164.749
12207,2026,36.9631,15.2529,17.718,0.977,5.0405,0.8874,55.5977,164.749
12208,2023,33.2758,23.4305,17.3831,1.4506,5.0689,0.9737,52.7134,138.6168
12208,2024,33.3765,27.1752,16.7994,5.2878,5.2322,0.952,50.0601,138.6168
12208,2025,33.3765,27.1752,16.6987,5.0891,5.3151,0.952,50.0601,138.6168
12208,2026,33.3765,27.1752,16.6987,5.0891,5.306,0.952,50.0601,138.6168
12210,2023,39.4652,17.1464,11.2091,4.6245,4.5824,0.9665,73.2618,133.9316
12210,2024,41.0219,22.6986,10.0673,1.9002,4.2251,0.9562,72.7373,133.9316
12210,2025,41.0219,22.6986,9.8387,2.5778,4.7658,0.9562,72.7373,133.9316
12210,2026,41.0219,22.6986,9.8387,2.5778,4.817,0.9562,72.7373,133.9316
12211,2023,34.8302,12.5698,19.4561,0.4231,3.6158,0.9955,67.2043,440.6464
12211,2024,37.5083,9.0523,19.204,1.2901,3.484,1.0065,66.6551,440.6464
12211,2025,37.5083,9.0523,20.3645,2.9305,3.7928,1.0065,66.6551,440.6464
12211,2026,37.5083,9.0523,20.3645,2.9305,4.125,1.0065,66.6551,440.6464
12212,2023,33.0898,15.2052,18.0445,0.9734,3.771,0.9371,69.9872,239.7061
12212,2024,34.0204,13.6041,18.4967,16.018,3.9239,0.9353,69.8332,239.7061
12212,2025,34.0204,13.6041,18.7995,11.8339,3.5676,0.9353,69.8332,239.7061
12212,2026,34.0204,13.6041,18.7995,11.8339,3.4363,0.9353,69.8332,239.7061
12213,2023,30.6255,51.0896,16.1263,4.4173,3.9653,0.9051,71.5932,223.5105
12213,2024,34.1124,48.2353,16.0635,11.4235,3.8904,0.9033,68.5811,223.5105
12213,2025,34.1124,48.2353,15.9529,5.9883,4.2539,0.9033,68.5811,223.5105
12213,2026,34.1124,48.2353,15.9529,5.9883,4.0643,0.9033,68.5811,223.5105
12215,2023,49.3257,26.458,0.0,7.8834,4.3958,0.8979,55.2233,498.5879
12215,2024,48.9643,36.4548,13.6915,66.8709,4.3678,0.9038,52.5922,498.5879
12215,2025,48.9643,36.4548,14.16,69.5282,4.7953,0.9038,52.5922,498.5879
12215,2026,48.9643,36.4548,14.16,69.5282,4.2606,0.9038,52.5922,498.5879
12216,2023,37.8963,15.9011,11.0907,25.6866,4.6055,0.9068,61.7807,213.3721
12216,2024,38.0492,21.5659,10.5007,41.1213,4.218,0.906,64.5851,213.3721
12216,2025,38.0492,21.5659,12.3486,31.7479,4.1917,0.906,64.5851,213.3721
12216,2026,38.0492,21.5659,12.3486,31.7479,4.0419,0.906,64.5851,213.3721
12217,2023,44.2051,23.3991,9.0678,0.1456,4.3152,0.9061,60.6364,280.1263
12217,2024,44.2443,21.8152,9.4199,0.3722,4.2448,0.9088,61.9936,280.1263
12217,2025,44.2443,21.8152,9.0523,1.0783,4.1913,0.9088,61.9936,280.1263
12217,2026,44.2443,21.8152,9.0523,1.0783,4.2874,0.9088,61.9936,280.1263
12218,2023,31.5864,42.3077,,24.5005,4.2978,1.0102,62.1234,173.9455
12218,2024,34.5366,42.1053,,83.8618,4.1693,1.0074,63.8447,173.9455
12218,2025,34.5366,42.1053,,29.9559,4.6433,1.0074,63.8447,173.9455
12218,2026,34.5366,42.1053,,29.9559,4.3693,1.0074,63.8447,173.9455
12219,2023,37.5842,18.3314,16.4603,1.2505,4.8841,0.9417,58.5001,203.6396
12219,2024,37.2869,21.7494,15.5327,1.6298,4.7533,0.933,59.5865,203.6396
12219,2025,37.2869,21.7494,16.3185,1.3769,4.7545,0.933,59.5865,203.6396
12219,2026,37.2869,21.7494,16.3185,1.3769,4.7515,0.933,59.5865,203.6396
12220,2023,49.4766,21.0526,12.6947,7.9915,4.5487,0.9119,59.9805,93.0898
12220,2024,49.3904,20.5811,12.1003,44.8385,4.3815,0.9054,60.7404,93.0898
12220,2025,49.3904,20.5811,11.8222,6.4451,4.8711,0.9054,60.7404,93.0898
12220,2026,49.3904,20.5811,11.8222,6.4451,5.0136,0.9054,60.7404,93.0898
12221,2023,31.1408,26.0258,21.9338,1.0505,4.4266,0.9263,60.5714,177.8064
12221,2024,29.9427,22.6978,21.0833,1.3724,4.1742,0.9316,62.6981,177.8064
12221,2025,29.9427,22.6978,20.899,2.6822,4.058,0.9316,62.6981,177.8064
12221,2026,29.9427,22.6978,20.899,2.6822,4.3028,0.9316,62.6981,177.8064
12222,2023,35.3337,23.6196,13.6817,39.6409,4.0046,0.8627,53.4498,89.3375
12222,2024,35.3274,30.1127,13.5414,36.2307,3.9588,0.8743,52.557,89.3375
12222,2025,35.3274,30.1127,13.7334,36.2126,3.6582,0.8743,52.557,89.3375
12222,2026,35.3274,30.1127,13.7334,36.2126,3.8079,0.8743,52.557,89.3375
12223,2023,26.0411,12.6126,14.4266,11.5583,5.5619,1.0449,51.1558,1566.6464
12223,2024,28.6302,11.0553,17.0119,17.2462,5.3148,1.0564,55.159,1566.6464
12223,2025,28.6302,11.0553,15.4938,22.8218,5.708,1.0564,55.159,1566.6464
12223,2026,28.6302,11.0553,15.4938,22.8218,5.7064,1.0564,55.159,1566.6464
12224,2023,36.9691,43.0014,8.801,17.1182,5.4079,0.9265,62.9769,162.4621
12224,2024,37.3181,13.3238,8.631,17.3979,5.0281,0.9322,60.2426,162.4621
12224,2025,37.3181,13.3238,8.5805,8.3043,4.6897,0.9322,60.2426,162.4621
12224,2026,37.3181,13.3238,8.5805,8.3043,4.7585,0.9322,60.2426,162.4621
12225,2023,46.8027,52.7331,6.8808,3.2718,3.9468,0.9687,59.1308,107.1745
12225,2024,48.2569,54.2662,6.7042,1.9143,3.7261,0.9511,59.7052,107.1745
12225,2025,48.2569,54.2662,6.8716,1.3965,4.2146,0.9511,59.7052,107.1745
12225,2026,48.2569,54.2662,6.8716,1.3965,4.4263,0.9511,59.7052,107.1745
12226,2023,46.2295,64.8855,7.0595,4.0652,5.4187,1.0057,67.0289,98.1495
12226,2024,45.4975,72.5714,8.145,4.0355,5.3241,1.0091,70.527,98.1495
12226,2025,45.4975,72.5714,7.3154,1.0899,5.0763,1.0091,70.527,98.1495
12226,2026,45.4975,72.5714,7.3154,1.0899,5.0464,1.0091,70.527,98.1495
12227,2023,39.4005,13.8329,28.2171,46.108,3.6589,0.944,63.1075,421.1097
12227,2024,42.439,15.621,30.9604,45.3607,3.557,0.9306,61.5219,421.1097
12227,2025,42.439,15.621,28.4899,40.3078,3.9092,0.9306,61.5219,421.1097
12227,2026,42.439,15.621,28.4899,40.3078,3.8268,0.9306,61.5219,421.1097
12228,2023,26.4626,13.0952,14.0709,12.4825,4.0794,0.9281,54.0394,130.9417
12228,2024,28.1054,14.9254,14.5053,123.3572,4.099,0.9374,53.8977,130.9417
12228,2025,28.1054,14.9254,14.8211,38.4635,3.7983,0.9374,53.8977,130.9417
12228,2026,28.1054,14.9254,14.8211,38.4635,3.9061,0.9374,53.8977,130.9417
12229,2023,48.427,58.7209,12.7079,1.4493,3.3583,0.9299,65.4899,108.1345
12229,2024,49.1842,59.1376,11.2435,2.8259,3.4933,0.9213,62.1005,108.1345
12229,2025,49.1842,59.1376,10.5314,1.8543,4.0687,0.9213,62.1005,108.1345
12229,2026,49.1842,59.1376,10.5314,1.8543,4.1482,0.9213,62.1005,108.1345
12230,2023,28.9262,27.037,12.6407,0.8764,3.6214,0.9351,40.0617,54.8994
12230,2024,31.3071,23.964,12.2191,0.9662,4.2971,0.9661,38.8025,54.8994
12230,2025,31.3071,23.964,12.3234,0.6609,4.3187,0.9661,38.8025,54.8994
12230,2026,31.3071,23.964,12.3234,0.6609,4.2455,0.9661,38.8025,54.8994
12231,2023,38.8621,19.8098,15.8948,1.207,2.7095,0.9464,52.7498,273.7533
12231,2024,39.2244,11.6564,14.8354,0.4353,2.9019,0.9532,54.8196,273.7533
12231,2025,39.2244,11.6564,12.1799,0.7495,2.9878,0.9532,54.8196,273.7533
12231,2026,39.2244,11.6564,12.1799,0.7495,2.9391,0.9532,54.8196,273.7533
12232,2023,43.0155,56.0768,15.97,0.9241,3.7417,0.931,47.7365,108.2027
12232,2024,46.0574,50.9761,14.9764,0.9702,3.2633,0.8886,49.5184,108.2027
12232,2025,46.0574,50.9761,15.3861,5.028,3.3245,0.8886,49.5184,108.2027
12232,2026,46.0574,50.9761,15.3861,5.028,3.6308,0.8886,49.5184,108.2027
12233,2023,38.7232,15.587,6.9081,3.7159,3.8522,0.9507,48.5791,97.1581
12233,2024,40.5079,12.3711,7.5811,8.0329,4.2675,0.9654,50.3342,97.1581
12233,2025,40.5079,12.3711,6.63,4.7589,4.4759,0.9654,50.3342,97.1581
12233,2026,40.5079,12.3711,6.63,4.7589,4.8818,0.9654,50.3342,97.1581
12234,2023,33.9052,14.2857,16.7695,0.5812,4.8467,1.0249,64.6194,70.2385
12234,2024,36.8229,13.6943,16.9047,0.6634,4.6925,1.0346,66.0635,70.2385
12234,2025,36.8229,13.6943,17.9305,0.7494,4.9576,1.0346,66.0635,70.2385
12234,2026,36.8229,13.6943,17.9305,0.7494,4.7302,1.0346,66.0635,70.2385
12235,2023,36.2885,47.6331,17.8668,36.8656,4.8425,0.8837,75.7179,101.9279
12235,2024,33.845,49.7976,17.5311,75.683,4.629,0.9238,79.8887,101.9279
12235,2025,33.845,49.7976,17.4821,67.7355,4.4085,0.9238,79.8887,101.9279
12235,2026,33.845,49.7976,17.4821,67.7355,4.477,0.9238,79.8887,101.9279
12236,2023,47.3255,8.2854,12.3785,5.0535,3.9803,0.9927,64.0062,143.3183
12236,2024,47.5451,8.8803,10.24,4.4951,4.3172,0.9952,64.98,143.3183
12236,2025,47.5451,8.8803,10.6883,5.6903,4.1709,0.9952,64.98,143.3183
12236,2026,47.5451,8.8803,10.6883,5.6903,3.7756,0.9952,64.98,143.3183
12237,2023,43.2427,20.324,7.5545,3.1655,4.1155,0.9416,52.9499,142.5575
12237,2024,45.0719,19.697,5.4819,69.8431,4.1742,0.9061,53.7534,142.5575
12237,2025,45.0719,19.697,7.3466,10.758,4.7911,0.9061,53.7534,142.5575
12237,2026,45.0719,19.697,7.3466,10.758,4.5122,0.9061,53.7534,142.5575
12238,2023,37.5016,12.6923,17.094,190.649,4.1441,0.9681,61.2882,91.9322
12238,2024,38.8431,13.3333,17.4618,202.6317,4.2254,0.9556,56.6749,91.9322
12238,2025,38.8431,13.3333,19.3045,224.0345,4.4046,0.9556,56.6749,91.9322
12238,2026,38.8431,13.3333,19.3045,224.0345,4.5267,0.9556,56.6749,91.9322
12239,2023,33.5525,17.7632,10.9998,15.8043,4.2574,0.8664,72.2887,144.5773
12239,2024,35.5422,13.3038,12.8421,16.2067,3.9675,0.8513,74.7198,144.5773
12239,2025,35.5422,13.3038,13.2501,18.5545,3.873,0.8513,74.7198,144.5773
12239,2026,35.5422,13.3038,13.2501,18.5545,3.6151,0.8513,74.7198,144.5773
12322,2023,38.7015,41.1429,14.3527,4.9602,3.9159,0.9158,39.3333,68.8333
12322,2024,40.0552,33.3333,13.755,10.8022,4.2587,0.9622,39.5902,68.8333
12322,2025,40.0552,33.3333,14.9517,8.4977,4.3702,0.9622,39.5902,68.8333
12322,2026,40.0552,33.3333,14.9517,8.4977,4.583,0.9622,39.5902,68.8333
12329,2023,38.3738,51.3889,21.2378,5.1271,2.4921,0.9259,30.1008,45.1513
12329,2024,39.2294,49.1803,18.4937,4.093,2.2781,0.9472,30.2389,45.1513
12329,2025,39.2294,49.1803,18.2021,17.0165,2.7481,0.9472,30.2389,45.1513
12329,2026,39.2294,49.1803,18.2021,17.0165,2.8698,0.9472,30.2389,45.1513
12342,2023,36.7164,19.7183,19.236,20.8487,4.6122,0.9627,52.0743,17.3581
12342,2024,37.1945,39.6552,19.0193,1.9787,3.9666,0.9891,35.2175,17.3581
12342,2025,37.1945,39.6552,15.7001,141.2584,2.9915,0.9891,35.2175,17.3581
12342,2026,37.1945,39.6552,15.7001,141.2584,3.2189,0.9891,35.2175,17.3581
12347,2023,44.8856,12.9032,19.061,44.7608,3.4348,0.9729,57.9165,137.5516
12347,2024,44.779,33.5766,17.9226,49.2965,3.5601,0.973,58.8755,137.5516
12347,2025,44.779,33.5766,18.0364,62.2564,4.0462,0.973,58.8755,137.5516
12347,2026,44.779,33.5766,18.0364,62.2564,4.2907,0.973,58.8755,137.5516
12349,2023,58.8914,15.2985,16.7785,94.7618,4.4534,0.8747,38.0952,60.9524
12349,2024,59.3878,8.8496,15.72,92.9727,4.4369,0.7936,38.7417,60.9524
12349,2025,59.3878,8.8496,14.7005,6.3694,5.4709,0.7936,38.7417,60.9524
12349,2026,59.3878,8.8496,14.7005,6.3694,5.408,0.7936,38.7417,60.9524
12403,2023,40.2635,18.4211,11.3913,4.536,4.4218,0.9829,41.0256,102.5641
12403,2024,42.6196,27.1277,10.3464,5.1661,4.3541,0.9596,41.8614,102.5641
12403,2025,42.6196,27.1277,10.8748,5.3461,5.3282,0.9596,41.8614,102.5641
12403,2026,42.6196,27.1277,10.8748,5.3461,5.2588,0.9596,41.8614,102.5641
12409,2023,39.5062,29.4872,23.6506,40.2,3.2949,0.8859,57.929,173.7871
12409,2024,40.7236,21.9178,13.5558,23.6486,4.8443,0.8962,59.0319,173.7871
12409,2025,40.7236,21.9178,20.2461,43.766,4.4883,0.8962,59.0319,173.7871
12409,2026,40.7236,21.9178,20.2461,43.766,4.8561,0.8962,59.0319,173.7871
12410,2023,39.3499,73.2601,12.2663,20.599,4.4602,0.9191,48.4646,48.4646
12410,2024,41.9434,57.0866,11.2864,1.6584,4.5996,0.8782,49.1554,48.4646
12410,2025,41.9434,57.0866,11.3194,0.9661,4.6777,0.8782,49.1554,48.4646
12410,2026,41.9434,57.0866,11.3194,0.9661,4.3969,0.8782,49.1554,48.4646
12421,2023,43.2908,20.0,21.8902,7.6656,3.5477,0.8814,89.4018,73.1469
12421,2024,45.8178,29.5775,20.9215,8.1291,3.5672,0.8567,89.5474,73.1469
12421,2025,45.8178,29.5775,20.6693,4.4179,3.1486,0.8567,89.5474,73.1469
12421,2026,45.8178,29.5775,20.6693,4.4179,3.8411,0.8567,89.5474,73.1469
12422,2023,52.9151,47.561,21.322,43.9719,3.4268,1.063,44.4708,14.8236
12422,2024,55.2652,49.3827,21.3457,25.8765,3.3871,1.0597,45.3583,14.8236
12422,2025,55.2652,49.3827,20.1613,37.9773,3.4542,1.0597,45.3583,14.8236
12422,2026,55.2652,49.3827,20.1613,37.9773,3.2907,1.0597,45.3583,14.8236
12423,2023,45.9188,39.5522,27.6094,73.0637,3.7634,0.9962,72.7908,50.9536
12423,2024,46.1017,41.7808,27.2465,132.2123,3.5883,0.9345,73.9919,50.9536
12423,2025,46.1017,41.7808,27.3214,70.8853,3.7698,0.9345,73.9919,50.9536
12423,2026,46.1017,41.7808,27.3214,70.8853,3.2956,0.9345,73.9919,50.9536
12424,2023,38.5867,27.2109,12.5171,464.3669,4.7486,0.9412,46.6374,46.6374
12424,2024,39.3376,15.1079,10.7938,431.1111,4.6875,0.9476,47.3261,46.6374
12424,2025,39.3376,15.1079,15.625,408.3183,5.074,0.9476,47.3261,46.6374
12424,2026,39.3376,15.1079,15.625,408.3183,4.8098,0.9476,47.3261,46.6374
12426,2023,44.4072,36.2637,27.449,0.0,5.3352,0.9077,46.5549,325.8845
12426,2024,44.0906,34.8837,24.9744,0.0,5.5233,0.9813,47.4984,325.8845
12426,2025,44.0906,34.8837,,0.0,5.0,0.9813,47.4984,325.8845
12426,2026,44.0906,34.8837,,0.0,3.8095,0.9813,47.4984,325.8845
12427,2023,43.7195,14.6341,20.9184,1.24,2.7479,1.0048,67.2676,26.907
12427,2024,45.9937,10.5263,20.1984,0.3596,3.3007,0.9565,82.8386,26.907
12427,2025,45.9937,10.5263,19.5719,0.9163,3.5667,0.9565,82.8386,26.907
12427,2026,45.9937,10.5263,19.5719,0.9163,3.2653,0.9565,82.8386,26.907
12441,2023,47.5028,12.5,29.0517,2.5514,4.0698,0.9334,71.7274,263.0006
12441,2024,45.3935,30.3922,26.3501,52.4436,4.5838,0.88,73.4934,263.0006
12441,2025,45.3935,30.3922,26.6547,7.2559,4.8718,0.88,73.4934,263.0006
12441,2026,45.3935,30.3922,26.6547,7.2559,4.6605,0.88,73.4934,263.0006
12443,2023,41.3043,11.9403,14.9847,0.0,2.8721,0.891,70.2839,70.2839
12443,2024,43.0915,16.3462,21.5548,0.0,2.5678,0.852,71.4286,70.2839
12443,2025,43.0915,16.3462,16.2594,0.0,2.7982,0.852,71.4286,70.2839
12443,2026,43.0915,16.3462,16.2594,0.0,2.1944,0.852,71.4286,70.2839
12463,2023,33.2031,10.6061,12.7875,17.8052,4.8322,1.0355,71.5308,143.0615
12463,2024,35.5254,23.75,15.3307,27.5162,5.8055,1.0037,58.4027,143.0615
12463,2025,35.5254,23.75,17.0237,63.3604,6.3174,1.0037,58.4027,143.0615
12463,2026,35.5254,23.75,17.0237,63.3604,6.6558,1.0037,58.4027,143.0615
13101,2023,38.3913,10.6838,,0.7196,4.2474,1.0715,783.3782,2849.3175
13101,2024,38.394,13.5965,,1.1998,4.1107,1.0284,807.214,2849.3175
13101,2025,38.394,13.5965,,1.1849,3.9832,1.0284,807.214,2849.3175
13101,2026,38.394,13.5965,,1.1849,3.61,1.0284,807.214,2849.3175
13102,2023,35.0442,7.6377,28.1218,1.603,4.4834,0.9797,421.0853,970.8515
13102,2024,33.5257,3.643,27.5269,1.644,4.3063,0.9455,439.9582,970.8515
13102,2025,33.5257,3.643,27.6293,2.1948,4.3233,0.9455,439.9582,970.8515
13102,2026,33.5257,3.643,27.6293,2.1948,3.8667,0.9455,439.9582,970.8515
13103,2023,37.2002,15.6004,29.5848,2.7823,4.5826,0.9458,348.6039,1287.388
13103,2024,37.8679,9.7493,32.439,3.8963,4.2416,0.9667,357.859,1287.388
13103,2025,37.8679,9.7493,31.2592,4.5251,4.1462,0.9667,357.859,1287.388
13103,2026,37.8679,9.7493,31.2592,4.5251,3.9664,0.9667,357.859,1287.388
13104,2023,34.3857,14.0837,19.5851,2.285,5.8002,0.9862,213.1229,1411.5785
13104,2024,33.8065,13.3376,20.1963,2.9938,5.8033,0.972,219.3422,1411.5785
13104,2025,33.8065,13.3376,19.8126,3.6258,5.3566,0.972,219.3422,1411.5785
13104,2026,33.8065,13.3376,19.8126,3.6258,5.391,0.972,219.3422,1411.5785
13105,2023,43.4889,14.5416,,4.4009,4.4701,1.0174,134.1154,2096.6415
13105,2024,44.2977,10.7853,,5.7971,4.3267,1.0005,133.0881,2096.6415
13105,2025,44.2977,10.7853,,6.6255,4.1246,1.0005,133.0881,2096.6415
13105,2026,44.2977,10.7853,,6.6255,4.0282,1.0005,133.0881,2096.6415
13106,2023,42.8237,6.7616,26.2629,8.9198,7.0062,1.0237,133.5075,240.5063
13106,2024,42.1899,9.1592,27.5285,10.5938,7.0744,0.9788,130.4217,240.5063
13106,2025,42.1899,9.1592,27.4513,12.3825,6.7,0.9788,130.4217,240.5063
13106,2026,42.1899,9.1592,27.4513,12.3825,6.3321,0.9788,130.4217,240.5063
13107,2023,47.5298,13.1031,22.6039,0.4473,6.1878,1.0211,86.4332,296.4445
13107,2024,47.409,10.3549,22.8301,0.528,6.2238,1.0197,86.0993,296.4445
13107,2025,47.409,10.3549,23.0594,1.0072,6.2331,1.0197,86.0993,296.4445
13107,2026,47.409,10.3549,23.0594,1.0072,6.2669,1.0197,86.0993,296.4445
13108,2023,39.5937,11.6667,22.7759,2.1999,5.7463,1.0559,85.3848,276.0461
13108,2024,39.0804,7.6424,22.6208,1.2106,5.4204,1.0474,87.3665,276.0461
13108,2025,39.0804,7.6424,22.4993,0.032,5.4196,1.0474,87.3665,276.0461
13108,2026,39.0804,7.6424,22.4993,0.032,5.405,1.0474,87.3665,276.0461
13109,2023,37.3098,6.1209,,3.0742,4.9549,1.0395,122.4653,432.9583
13109,2024,38.3248,5.4878,,3.3885,4.8325,1.031,121.9751,432.9583
13109,2025,38.3248,5.4878,,1.8008,4.8945,1.031,121.9751,432.9583
13109,2026,38.3248,5.4878,,1.8008,4.5964,1.031,121.9751,432.9583
13110,2023,44.2988,7.2867,34.0267,0.201,4.6335,0.9918,123.1001,422.0575
13110,2024,44.2143,8.1373,34.8491,0.2937,4.3789,0.9813,124.4991,422.0575
13110,2025,44.2143,8.1373,35.7058,0.3233,4.4501,0.9813,124.4991,422.0575
13110,2026,44.2143,8.1373,35.7058,0.3233,4.2248,0.9813,124.4991,422.0575
13111,2023,37.9774,7.0498,12.9803,2.8044,5.4272,1.0705,85.6643,271.4075
13111,2024,38.8367,9.8908,12.6029,3.5959,5.3465,1.0652,83.5567,271.4075
13111,2025,38.8367,9.8908,12.8937,,5.4302,1.0652,83.5567,271.4075
13111,2026,38.8367,9.8908,12.8937,,5.258,1.0652,83.5567,271.4075
13112,2023,34.8235,5.3999,10.672,2.1168,5.0051,0.939,102.0276,242.7251
13112,2024,34.3905,5.9409,18.1197,1.8877,4.6448,0.9389,103.6878,242.7251
13112,2025,34.3905,5.9409,12.3416,2.9467,4.5041,0.9389,103.6878,242.7251
13112,2026,34.3905,5.9409,12.3416,2.9467,4.227,0.9389,103.6878,242.7251
13113,2023,38.5659,12.4498,13.7707,0.3977,5.2875,0.973,309.9228,673.025
13113,2024,38.923,15.2455,13.9772,1.1613,5.2251,0.9603,313.0841,673.025
13113,2025,38.923,15.2455,14.3241,2.7614,4.9526,0.9603,313.0841,673.025
13113,2026,38.923,15.2455,14.3241,2.7614,4.6316,0.9603,313.0841,673.025
13114,2023,38.7224,6.6884,24.0583,0.1528,5.0981,0.9315,97.7239,211.9349
13114,2024,39.0938,5.2422,25.1688,0.3739,5.0807,0.9331,96.3314,211.9349
13114,2025,39.0938,5.2422,24.6842,0.3392,5.2275,0.9331,96.3314,211.9349
13114,2026,39.0938,5.2422,24.6842,0.3392,4.8272,0.9331,96.3314,211.9349
13115,2023,42.7519,10.2712,25.1158,3.7809,4.4215,0.9278,97.2343,189.2128
13115,2024,42.4049,8.2847,25.1958,3.6029,3.9219,0.9178,94.6158,189.2128
13115,2025,42.4049,8.2847,26.1056,3.5011,4.1386,0.9178,94.6158,189.2128
13115,2026,42.4049,8.2847,26.1056,3.5011,4.0342,0.9178,94.6158,189.2128
13116,2023,35.1176,24.5852,14.1544,8.4424,5.2193,0.9399,175.9588,292.6873
13116,2024,37.0184,19.0237,14.7159,9.8166,5.2295,0.9019,174.5243,292.6873
13116,2025,37.0184,19.0237,15.1605,8.7852,5.358,0.9019,174.5243,292.6873
13116,2026,37.0184,19.0237,15.1605,8.7852,5.1477,0.9019,174.5243,292.6873
13117,2023,43.7544,12.4628,13.7859,0.0,6.2836,1.0285,83.3965,215.9827
13117,2024,43.696,16.0999,15.2005,2.6587,6.1335,1.0195,82.1916,215.9827
13117,2025,43.696,16.0999,16.0109,7.8181,6.0505,1.0195,82.1916,215.9827
13117,2026,43.696,16.0999,16.0109,7.8181,5.8522,1.0195,82.1916,215.9827
13118,2023,43.9163,9.3093,,0.7439,6.1723,1.0377,89.0164,127.2981
13118,2024,43.2176,4.9464,,2.5834,5.8736,1.0254,88.4762,127.2981
13118,2025,43.2176,4.9464,,2.2155,5.5339,1.0254,88.4762,127.2981
13118,2026,43.2176,4.9464,,2.2155,5.5499,1.0254,88.4762,127.2981
13119,2023,46.5956,10.4661,32.2285,0.1188,5.5644,1.0122,69.5128,451.217
13119,2024,45.7803,10.697,33.0945,0.5608,5.6722,0.99,69.6424,451.217
13119,2025,45.7803,10.697,33.3535,0.5646,5.728,0.99,69.6424,451.217
13119,2026,45.7803,10.697,33.3535,0.5646,5.9102,0.99,69.6424,451.217
13120,2023,42.5485,16.3719,23.4791,0.6247,5.2687,0.955,79.3056,167.9492
13120,2024,41.5907,15.6932,22.9821,2.2528,5.0952,0.9573,79.9687,167.9492
13120,2025,41.5907,15.6932,24.5423,2.1056,5.1341,0.9573,79.9687,167.9492
13120,2026,41.5907,15.6932,24.5423,2.1056,5.1322,0.9573,79.9687,167.9492
13121,2023,41.0353,6.1692,16.3235,0.9995,6.6466,1.0254,64.627,174.7537
13121,2024,40.6887,6.0844,16.6983,2.4411,6.5412,1.0273,65.4912,174.7537
13121,2025,40.6887,6.0844,17.33,2.5958,6.6551,1.0273,65.4912,174.7537
13121,2026,40.6887,6.0844,17.33,2.5958,6.5367,1.0273,65.4912,174.7537
13122,2023,48.4961,7.9572,0.0,1.5272,5.7832,1.0129,80.1422,207.2494
13122,2024,46.8442,9.7626,,1.8039,5.8922,1.0182,78.8009,207.2494
13122,2025,46.8442,9.7626,,1.8296,5.9473,1.0182,78.8009,207.2494
13122,2026,46.8442,9.7626,,1.8296,5.8018,1.0182,78.8009,207.2494
13123,2023,43.9514,41.7321,,0.933,5.7685,1.0217,66.119,136.8882
13123,2024,43.8521,45.2848,,1.0476,5.51,1.0236,67.1052,136.8882
13123,2025,43.8521,45.2848,,0.828,5.5174,1.0236,67.1052,136.8882
13123,2026,43.8521,45.2848,,0.828,5.5563,1.0236,67.1052,136.8882
13201,2023,45.6062,27.0625,25.1392,4.4935,4.8191,0.9508,68.3098,205.8188
13201,2024,45.5981,26.0293,25.2703,4.573,4.8681,0.9575,69.9136,205.8188
13201,2025,45.5981,26.0293,24.804,4.5583,4.9649,0.9575,69.9136,205.8188
13201,2026,45.5981,26.0293,24.804,4.5583,4.7554,0.9575,69.9136,205.8188
13202,2023,40.0018,5.3486,12.8495,2.1529,5.5675,0.9533,98.1222,362.8365
13202,2024,44.0854,6.9828,13.6608,2.6322,5.4488,0.9584,98.4798,362.8365
13202,2025,44.0854,6.9828,13.1013,2.9935,5.4608,0.9584,98.4798,362.8365
13202,2026,44.0854,6.9828,13.1013,2.9935,5.4914,0.9584,98.4798,362.8365
13203,2023,47.3474,14.2857,38.6767,0.8326,4.4639,0.9614,152.064,365.6295
13203,2024,46.1794,18.6969,39.0021,1.0455,4.3395,0.951,153.5766,365.6295
13203,2025,46.1794,18.6969,32.094,1.0291,4.542,0.951,153.5766,365.6295
13203,2026,46.1794,18.6969,32.094,1.0291,4.7303,0.951,153.5766,365.6295
13204,2023,48.6223,17.9441,27.2174,4.0747,4.8956,0.9629,81.0885,572.8849
13204,2024,47.8025,14.775,26.5101,4.1609,4.5627,0.9586,79.4908,572.8849
13204,2025,47.8025,14.775,26.8663,1.4366,4.4354,0.9586,79.4908,572.8849
13204,2026,47.8025,14.775,26.8663,1.4366,4.7524,0.9586,79.4908,572.8849
13205,2023,50.8537,18.7611,26.2188,17.4474,4.6274,0.9085,69.0852,260.9884
13205,2024,51.0884,21.1556,26.2817,11.959,4.0302,0.9244,70.2876,260.9884
13205,2025,51.0884,21.1556,25.5785,10.9383,4.2003,0.9244,70.2876,260.9884
13205,2026,51.0884,21.1556,25.5785,10.9383,4.2619,0.9244,70.2876,260.9884
13206,2023,48.9853,9.5873,8.4292,1.4408,4.9499,0.9588,70.4052,367.0304
13206,2024,49.9917,9.3669,9.9282,1.1589,4.8279,0.9443,72.286,367.0304
13206,2025,49.9917,9.3669,11.1662,4.0662,4.9523,0.9443,72.286,367.0304
13206,2026,49.9917,9.3669,11.1662,4.0662,4.6263,0.9443,72.286,367.0304
13207,2023,47.9152,9.9532,11.1092,9.192,5.1434,0.9559,53.3875,185.5434
13207,2024,46.3291,9.4148,11.0697,12.2534,5.0496,0.9423,55.0141,185.5434
13207,2025,46.3291,9.4148,10.7006,10.7218,5.129,0.9423,55.0141,185.5434
13207,2026,46.3291,9.4148,10.7006,10.7218,5.2615,0.9423,55.0141,185.5434
13208,2023,53.9311,7.6463,21.4979,15.0969,5.3283,0.9541,88.4677,143.3932
13208,2024,54.6624,7.0175,21.712,15.1798,5.0414,0.9515,88.3681,143.3932
13208,2025,54.6624,7.0175,22.7159,23.8534,4.7368,0.9515,88.3681,143.3932
13208,2026,54.6624,7.0175,22.7159,23.8534,4.8631,0.9515,88.3681,143.3932
13209,2023,45.1693,11.0526,17.0368,0.9239,4.9543,0.9588,78.6851,150.8712
13209,2024,45.5098,14.2468,17.5004,0.4002,4.7331,0.9633,79.2323,150.8712
13209,2025,45.5098,14.2468,17.7173,0.4684,4.9198,0.9633,79.2323,150.8712
13209,2026,45.5098,14.2468,17.7173,0.4684,4.824,0.9633,79.2323,150.8712
13210,2023,51.4206,15.9948,12.2554,3.2315,4.3841,0.9277,76.1486,157.1067
13210,2024,50.9559,13.4642,13.8076,,4.6239,0.9295,75.4329,157.1067
13210,2025,50.9559,13.4642,13.4012,0.0,4.5401,0.9295,75.4329,157.1067
13210,2026,50.9559,13.4642,13.4012,0.0,4.3212,0.9295,75.4329,157.1067
13211,2023,49.0109,19.7893,,6.6262,4.782,0.9386,71.6012,279.8034
13211,2024,49.533,23.6647,,7.7622,4.7673,0.9428,69.066,279.8034
13211,2025,49.533,23.6647,,8.0881,4.9463,0.9428,69.066,279.8034
13211,2026,49.533,23.6647,,8.0881,4.6579,0.9428,69.066,279.8034
13212,2023,44.7923,18.75,20.2569,0.0,4.8847,0.9593,69.9585,135.6446
13212,2024,43.8546,17.9763,28.6188,0.0,4.8585,0.9905,70.4023,135.6446
13212,2025,43.8546,17.9763,33.6502,0.0,4.8639,0.9905,70.4023,135.6446
13212,2026,43.8546,17.9763,33.6502,0.0,4.6991,0.9905,70.4023,135.6446
13213,2023,48.1405,35.2151,0.0,3.2159,5.2777,0.9876,63.2353,221.9822
13213,2024,48.4831,30.3058,19.0369,5.1136,5.1985,0.978,60.6256,221.9822
13213,2025,48.4831,30.3058,18.5519,4.0049,5.1012,0.978,60.6256,221.9822
13213,2026,48.4831,30.3058,18.5519,4.0049,4.9852,0.978,60.6256,221.9822
13214,2023,40.5523,11.7932,30.7496,2.9813,4.2339,0.9021,88.8972,110.7316
13214,2024,44.2811,11.0294,32.3474,2.916,3.7502,0.9195,86.9822,110.7316
13214,2025,44.2811,11.0294,32.5009,2.3742,4.0278,0.9195,86.9822,110.7316
13214,2026,44.2811,11.0294,32.5009,2.3742,3.6017,0.9195,86.9822,110.7316
13215,2023,45.7406,10.2397,27.5997,0.3886,5.0893,0.9044,111.5954,145.7305
13215,2024,46.4039,11.134,27.3888,0.3014,4.7193,0.9278,110.688,145.7305
13215,2025,46.4039,11.134,28.6367,2.4588,4.4066,0.9278,110.688,145.7305
13215,2026,46.4039,11.134,28.6367,2.4588,4.3755,0.9278,110.688,145.7305
13218,2023,46.759,15.6682,32.9509,11.3913,5.1917,0.8829,78.2904,222.416
13218,2024,48.1509,13.0137,35.0367,12.4766,5.453,0.8919,79.6291,222.416
13218,2025,48.1509,13.0137,29.8816,9.2285,5.5227,0.8919,79.6291,222.416
13218,2026,48.1509,13.0137,29.8816,9.2285,5.2038,0.8919,79.6291,222.416
13219,2023,51.4472,26.1246,24.2086,4.8852,5.5259,0.9458,79.7593,378.2523
13219,2024,51.4283,24.466,24.7959,5.1577,5.6945,0.9102,80.3878,378.2523
13219,2025,51.4283,24.466,25.2175,5.6706,5.0891,0.9102,80.3878,378.2523
13219,2026,51.4283,24.466,25.2175,5.6706,5.5441,0.9102,80.3878,378.2523
13220,2023,47.2437,5.8917,3.7394,1.0634,5.0274,0.9143,60.0919,163.7799
13220,2024,46.2633,6.3005,7.6015,1.424,5.0222,0.9023,62.2907,163.7799
13220,2025,46.2633,6.3005,7.6626,1.1603,4.8674,0.9023,62.2907,163.7799
13220,2026,46.2633,6.3005,7.6626,1.1603,5.1936,0.9023,62.2907,163.7799
13221,2023,50.1003,20.5607,6.1259,11.3861,5.8285,1.0194,58.9007,331.9858
13221,2024,51.3098,14.4817,12.0346,17.4445,5.4269,0.9547,60.325,331.9858
13221,2025,51.3098,14.4817,13.4473,17.9672,5.5313,0.9547,60.325,331.9858
13221,2026,51.3098,14.4817,13.4473,17.9672,5.3393,0.9547,60.325,331.9858
13222,2023,48.2549,10.2642,24.7066,0.2541,5.659,0.9309,59.0556,89.8673
13222,2024,48.8341,10.031,24.843,0.1734,5.6592,0.9415,57.5048,89.8673
13222,2025,48.8341,10.031,25.3374,0.173,5.6717,0.9415,57.5048,89.8673
13222,2026,48.8341,10.031,25.3374,0.173,5.4209,0.9415,57.5048,89.8673
13223,2023,50.8842,8.277,5.6661,3.4163,4.2961,1.0391,37.8703,179.5332
13223,2024,49.2033,5.9859,5.786,3.5253,5.1289,1.0101,38.0185,179.5332
13223,2025,49.2033,5.9859,5.9183,3.422,4.8819,1.0101,38.0185,179.5332
13223,2026,49.2033,5.9859,5.9183,3.422,4.6129,1.0101,38.0185,179.5332
13224,2023,48.8347,16.0972,31.0009,0.1883,3.771,0.9549,76.9179,332.6361
13224,2024,49.2624,14.9123,31.5849,0.073,3.6654,0.9198,77.1438,332.6361
13224,2025,49.2624,14.9123,32.4015,0.1658,3.8777,0.9198,77.1438,332.6361
13224,2026,49.2624,14.9123,32.4015,0.1658,3.7362,0.9198,77.1438,332.6361
13225,2023,47.9427,2.5597,22.408,2.026,3.8049,0.9295,58.8733,163.7747
13225,2024,47.54,36.1974,20.5918,2.0043,3.543,0.93,60.7799,163.7747
13225,2025,47.54,36.1974,20.3013,2.2054,3.1791,0.93,60.7799,163.7747
13225,2026,47.54,36.1974,20.3013,2.2054,3.2947,0.93,60.7799,163.7747
13227,2023,48.9027,11.4155,,12.2065,3.936,0.9358,67.8849,97.2406
13227,2024,50.2857,10.9302,,17.5234,4.2636,0.9342,69.8324,97.2406
13227,2025,50.2857,10.9302,,16.8286,4.6543,0.9342,69.8324,97.2406
13227,2026,50.2857,10.9302,,16.8286,4.2729,0.9342,69.8324,97.2406
13228,2023,45.7867,10.6195,24.417,18.5725,3.6114,0.9163,56.386,149.1097
13228,2024,48.6171,8.0515,25.8353,27.2722,3.7221,0.9267,60.3675,149.1097
13228,2025,48.6171,8.0515,24.7025,18.4436,3.8141,0.9267,60.3675,149.1097
13228,2026,48.6171,8.0515,24.7025,18.4436,3.5342,0.9267,60.3675,149.1097
13229,2023,47.4609,9.59,30.2543,1.8758,5.174,0.9338,73.3451,153.4905
13229,2024,47.2695,9.3607,30.5157,2.739,4.9544,0.9328,73.3369,153.4905
13229,2025,47.2695,9.3607,30.656,2.5836,4.9757,0.9328,73.3369,153.4905
13229,2026,47.2695,9.3607,30.656,2.5836,4.6329,0.9328,73.3369,153.4905
13303,2023,47.5723,15.5932,24.7545,8.0072,5.3792,0.9132,46.6403,62.1871
13303,2024,46.885,17.4377,26.0613,7.1313,5.2312,0.8858,43.6654,62.1871
13303,2025,46.885,17.4377,27.1298,6.5927,5.6338,0.8858,43.6654,62.1871
13303,2026,46.885,17.4377,27.1298,6.5927,4.5778,0.8858,43.6654,62.1871
13305,2023,61.563,0.0,,2.3915,5.4905,0.97,91.4132,127.9785
13305,2024,59.733,23.7624,,54.5771,5.6513,0.9963,98.1595,127.9785
13305,2025,59.733,23.7624,,49.6906,5.5439,0.9963,98.1595,127.9785
13305,2026,59.733,23.7624,,49.6906,3.8372,0.9963,98.1595,127.9785
13307,2023,45.1247,28.5714,,13.9563,4.2373,0.8504,147.2031,147.2031
13307,2024,44.4717,34.7826,,21.6987,3.6697,0.8971,151.0574,147.2031
13307,2025,44.4717,34.7826,,33.5655,4.5,0.8971,151.0574,147.2031
13307,2026,44.4717,34.7826,,33.5655,5.5838,0.8971,151.0574,147.2031
13308,2023,43.4197,0.0,,13.4048,5.0388,1.0241,168.563,189.6334
13308,2024,48.6577,0.0,28.9562,18.9926,3.9337,0.9516,152.0747,189.6334
13308,2025,48.6577,0.0,28.0289,13.737,3.9046,0.9516,152.0747,189.6334
13308,2026,48.6577,0.0,28.0289,13.737,2.2883,0.9516,152.0747,189.6334
13361,2023,25.3207,21.0526,19.1289,5.1783,6.4062,1.023,41.958,97.9021
13361,2024,29.233,12.2807,24.6537,2.8531,6.177,1.0472,42.9676,97.9021
13361,2025,29.233,12.2807,22.4138,3.3236,4.3103,1.0472,42.9676,97.9021
13361,2026,29.233,12.2807,22.4138,3.3236,4.6784,1.0472,42.9676,97.9021
13362,2023,67.2414,16.6667,,81.9672,0.0,0.7395,315.4574,315.4574
13362,2024,74.0741,0.0,,97.1429,0.0,0.5808,318.4713,315.4574
13362,2025,74.0741,0.0,,95.5056,0.0,0.5808,318.4713,315.4574
13362,2026,74.0741,0.0,,95.5056,10.5263,0.5808,318.4713,315.4574
13363,2023,53.5336,14.2857,24.6114,12.2087,3.125,1.0154,120.2405,160.3206
13363,2024,54.9348,9.5238,23.8764,15.7215,4.3478,1.0006,122.2992,160.3206
13363,2025,54.9348,9.5238,26.2537,4.5898,3.9801,1.0006,122.2992,160.3206
13363,2026,54.9348,9.5238,26.2537,4.5898,7.2539,1.0006,122.2992,160.3206
13364,2023,56.5502,0.0,,0.0,2.7933,0.827,110.3144,55.1572
13364,2024,55.5809,0.0,,0.0,3.9326,0.8439,112.6761,55.1572
13364,2025,55.5809,0.0,,0.0,3.012,0.8439,112.6761,55.1572
13364,2026,55.5809,0.0,,0.0,3.7037,0.8439,112.6761,55.1572
13381,2023,39.2202,25.9259,34.0206,0.0,4.5833,1.0527,86.9187,130.3781
13381,2024,44.5013,25.0,42.029,0.0,4.9774,1.2477,88.7311,130.3781
13381,2025,44.5013,25.0,40.9091,0.0,4.2857,1.2477,88.7311,130.3781
13381,2026,44.5013,25.0,40.9091,0.0,3.9604,1.2477,88.7311,130.3781
13382,2023,57.4074,0.0,39.0244,0.0,13.3333,1.0565,342.4658,342.4658
13382,2024,45.098,0.0,31.4286,0.0,12.5,1.04,343.6426,342.4658
13382,2025,45.098,0.0,50.0,0.0,7.6923,1.04,343.6426,342.4658
13382,2026,45.098,0.0,50.0,0.0,0.0,1.04,343.6426,342.4658
13401,2023,33.9928,19.7917,20.1906,0.0,6.9069,0.7428,28.3567,113.4269
13401,2024,35.9007,14.4578,20.4137,0.0,5.8917,0.8493,28.7026,113.4269
13401,2025,35.9007,14.4578,20.6274,0.0,6.7944,0.8493,28.7026,113.4269
13401,2026,35.9007,14.4578,20.6274,0.0,7.7922,0.8493,28.7026,113.4269
13402,2023,65.5172,0.0,34.7826,0.0,5.5556,1.131,595.2381,595.2381
13402,2024,37.037,0.0,28.5714,0.0,6.6667,0.9162,641.0256,595.2381
13402,2025,37.037,0.0,33.3333,0.0,6.6667,0.9162,641.0256,595.2381
13402,2026,37.037,0.0,33.3333,0.0,0.0,0.9162,641.0256,595.2381
13421,2023,66.1224,8.9286,,0.0,3.8961,0.7913,154.9787,271.2127
13421,2024,66.39,0.0,,0.0,6.0811,0.7941,115.3846,271.2127
13421,2025,66.39,0.0,67.2811,0.0,6.9444,0.7941,115.3846,271.2127
13421,2026,66.39,0.0,67.2811,0.0,7.2,0.7941,115.3846,271.2127
14100,2023,26.0391,8.5368,11.9505,15.7327,4.9089,0.9803,83.8651,244.509
14100,2024,28.1374,9.1153,12.6454,25.9773,4.8078,0.9767,85.2925,244.509
14100,2025,28.1374,9.1153,10.6384,15.5291,4.8525,0.9767,85.2925,244.509
14100,2026,28.1374,9.1153,10.6384,15.5291,4.7435,0.9767,85.2925,244.509
14130,2023,28.2949,5.5081,15.1772,0.7163,5.478,1.0076,70.2088,250.0614
14130,2024,28.8642,5.2015,12.96,1.2655,5.2514,1.0054,69.3202,250.0614
14130,2025,28.8642,5.2015,16.1378,1.6044,5.3272,1.0054,69.3202,250.0614
14130,2026,28.8642,5.2015,16.1378,1.6044,5.1795,1.0054,69.3202,250.0614
14150,2023,27.5609,16.4814,13.9672,2.8324,5.1151,0.9557,61.7423,248.916
14150,2024,29.7532,14.8857,14.0603,3.1576,5.1001,0.9528,63.1041,248.916
14150,2025,29.7532,14.8857,14.1068,3.2173,5.1361,0.9528,63.1041,248.916
14150,2026,29.7532,14.8857,14.1068,3.2173,4.9366,0.9528,63.1041,248.916
14201,2023,28.3186,9.4972,13.9428,6.2438,4.8193,1.0025,78.826,214.3242
14201,2024,28.2611,13.3588,15.4382,3.5443,4.7266,1.0163,79.2724,214.3242
14201,2025,28.2611,13.3588,16.3236,2.3743,4.5845,1.0163,79.2724,214.3242
14201,2026,28.2611,13.3588,16.3236,2.3743,4.4381,1.0163,79.2724,214.3242
14203,2023,36.3616,17.4639,11.8076,3.9634,4.3805,0.9477,76.1704,196.8712
14203,2024,37.5118,20.1959,12.3252,6.0315,4.3916,0.9642,73.5821,196.8712
14203,2025,37.5118,20.1959,12.8785,1.6182,4.4128,0.9642,73.5821,196.8712
14203,2026,37.5118,20.1959,12.8785,1.6182,4.4214,0.9642,73.5821,196.8712
14204,2023,35.4946,15.6997,21.41,6.2809,4.011,0.9314,100.8727,372.889
14204,2024,35.871,22.646,21.0526,2.102,3.7268,0.93,104.7687,372.889
14204,2025,35.871,22.646,21.7881,4.468,3.8971,0.93,104.7687,372.889
14204,2026,35.871,22.646,21.7881,4.468,3.8529,0.93,104.7687,372.889
14205,2023,36.7847,7.4406,20.4708,9.9779,4.7891,0.9215,96.1415,228.6731
14205,2024,35.925,8.0853,18.9236,9.2674,4.9502,0.9333,98.1643,228.6731
14205,2025,35.925,8.0853,22.0248,7.2962,4.7897,0.9333,98.1643,228.6731
14205,2026,35.925,8.0853,22.0248,7.2962,4.6182,0.9333,98.1643,228.6731
14206,2023,29.3563,12.1523,4.9472,36.8786,4.3648,1.0033,81.435,218.7567
14206,2024,29.5262,15.0442,15.6567,42.5285,4.3922,0.9831,81.266,218.7567
14206,2025,29.5262,15.0442,16.0261,45.3145,4.4416,0.9831,81.266,218.7567
14206,2026,29.5262,15.0442,16.0261,45.3145,4.3863,0.9831,81.266,218.7567
14207,2023,35.7889,17.2761,22.6915,0.5967,3.6707,0.9143,66.1542,164.3709
14207,2024,37.1947,20.0528,23.1674,1.4799,3.6141,0.925,64.9757,164.3709
14207,2025,37.1947,20.0528,23.4963,1.707,3.5344,0.925,64.9757,164.3709
14207,2026,37.1947,20.0528,23.4963,1.707,3.6306,0.925,64.9757,164.3709
14208,2023,32.3017,24.2424,18.0015,13.2372,4.3911,0.9737,122.1188,127.207
14208,2024,37.1457,28.0,18.0593,31.538,4.6093,0.9452,121.3468,127.207
14208,2025,37.1457,28.0,18.0729,41.0554,4.609,0.9452,121.3468,127.207
14208,2026,37.1457,28.0,18.0729,41.0554,4.0685,0.9452,121.3468,127.207
14210,2023,31.8059,28.7097,12.801,25.3563,4.7474,0.9458,72.6445,159.8179
14210,2024,32.438,30.1754,12.1023,41.8903,5.3587,0.9548,64.0741,159.8179
14210,2025,32.438,30.1754,12.1188,42.6009,5.7027,0.9548,64.0741,159.8179
14210,2026,32.438,30.1754,12.1188,42.6009,5.1577,0.9548,64.0741,159.8179
14211,2023,33.2085,12.8238,10.0859,14.8409,4.3497,0.9065,63.265,134.673
14211,2024,36.3999,15.5405,11.4857,15.0138,4.4827,0.9367,63.4195,134.673
14211,2025,36.3999,15.5405,10.242,16.9306,4.1994,0.9367,63.4195,134.673
14211,2026,36.3999,15.5405,10.242,16.9306,3.9353,0.9367,63.4195,134.673
14212,2023,32.6493,20.9626,13.2913,2.0105,4.376,0.9173,68.3536,191.6582
14212,2024,32.8226,13.6971,13.3051,2.6965,4.3552,0.9216,71.4477,191.6582
14212,2025,32.8226,13.6971,13.6167,18.0949,4.4417,0.9216,71.4477,191.6582
14212,2026,32.8226,13.6971,13.6167,18.0949,4.3819,0.9216,71.4477,191.6582
14213,2023,31.7967,21.9641,14.6453,4.4976,5.3454,0.9236,73.6434,171.8347
14213,2024,30.9591,23.5084,14.9104,21.1696,5.6809,0.9224,71.0094,171.8347
14213,2025,30.9591,23.5084,14.916,7.2482,5.471,0.9224,71.0094,171.8347
14213,2026,30.9591,23.5084,14.916,7.2482,4.9912,0.9224,71.0094,171.8347
14214,2023,39.304,12.743,5.067,14.961,4.3355,0.9495,66.0595,742.6684
14214,2024,38.1971,15.8924,5.0542,16.761,4.2822,0.9693,66.8956,742.6684
14214,2025,38.1971,15.8924,4.6343,16.6263,4.3718,0.9693,66.8956,742.6684
14214,2026,38.1971,15.8924,4.6343,16.6263,4.3835,0.9693,66.8956,742.6684
14215,2023,39.945,11.219,9.4271,15.4427,4.4281,0.8978,74.8368,202.923
14215,2024,39.7652,10.1124,8.0842,22.3883,4.5155,0.9166,76.6454,202.923
14215,2025,39.7652,10.1124,6.0549,19.4561,4.5918,0.9166,76.6454,202.923
14215,2026,39.7652,10.1124,6.0549,19.4561,4.3936,0.9166,76.6454,202.923
14216,2023,31.8752,6.8254,8.5373,18.8234,4.6587,0.9726,47.1386,98.839
14216,2024,32.939,14.1304,8.1553,20.2895,4.573,0.9561,48.7226,98.839
14216,2025,32.939,14.1304,8.0726,22.1707,4.5189,0.9561,48.7226,98.839
14216,2026,32.939,14.1304,8.0726,22.1707,4.481,0.9561,48.7226,98.839
14217,2023,31.3921,28.9017,13.3798,8.919,3.644,0.995,56.0197,116.9106
14217,2024,32.6464,35.443,14.8663,3.4415,2.7959,0.9831,59.0174,116.9106
14217,2025,32.6464,35.443,15.6175,0.3245,3.0084,0.9831,59.0174,116.9106
14217,2026,32.6464,35.443,15.6175,0.3245,2.9042,0.9831,59.0174,116.9106
14218,2023,34.5032,20.0,11.381,19.6421,4.752,0.9625,37.9255,67.5548
14218,2024,35.1215,18.6636,11.0491,15.9362,4.6868,0.9604,35.6718,67.5548
14218,2025,35.1215,18.6636,10.8597,15.0669,4.445,0.9604,35.6718,67.5548
14218,2026,35.1215,18.6636,10.8597,15.0669,4.4597,0.9604,35.6718,67.5548
14301,2023,31.3542,19.8758,15.2865,46.57,3.9488,0.9532,49.0452,73.5677
14301,2024,31.8944,20.3593,16.508,184.115,4.3552,0.9443,46.4799,73.5677
14301,2025,31.8944,20.3593,17.8156,200.5969,4.1934,0.9443,46.4799,73.5677
14301,2026,31.8944,20.3593,17.8156,200.5969,3.6342,0.9443,46.4799,73.5677
14321,2023,37.0732,15.5477,19.5881,12.0201,3.7492,0.9056,44.8403,87.6424
14321,2024,37.5379,11.6788,20.5075,10.7337,4.361,0.9589,44.7746,87.6424
14321,2025,37.5379,11.6788,20.3447,14.8405,4.7126,0.9589,44.7746,87.6424
14321,2026,37.5379,11.6788,20.3447,14.8405,4.8496,0.9589,44.7746,87.6424
14341,2023,36.2677,13.9785,24.549,0.0,3.8916,0.9225,55.788,198.3574
14341,2024,38.0519,7.1038,21.5874,0.5327,4.0018,0.8768,62.3947,198.3574
14341,2025,38.0519,7.1038,25.0784,0.7564,4.3307,0.8768,62.3947,198.3574
14341,2026,38.0519,7.1038,25.0784,0.7564,3.7302,0.8768,62.3947,198.3574
14342,2023,35.8213,26.1538,17.311,38.6437,4.4019,0.9089,78.7825,85.9445
14342,2024,34.8941,23.7624,16.5382,27.8132,3.6374,0.9417,79.2736,85.9445
14342,2025,34.8941,23.7624,20.6498,25.6779,4.0541,0.9417,79.2736,85.9445
14342,2026,34.8941,23.7624,20.6498,25.6779,4.0525,0.9417,79.2736,85.9445
14361,2023,34.9969,30.2326,8.8013,4.26,4.0107,0.912,99.2501,88.2223
14361,2024,36.5726,52.381,9.3043,5.2406,4.1488,1.0234,100.7613,88.2223
14361,2025,36.5726,52.381,8.7719,5.8767,6.4815,1.0234,100.7613,88.2223
14361,2026,36.5726,52.381,8.7719,5.8767,5.2716,1.0234,100.7613,88.2223
14362,2023,35.0305,16.8421,5.3776,7.9713,4.0909,0.824,63.3531,69.1125
14362,2024,33.1207,15.1515,11.1545,16.1046,4.1785,0.8042,62.9543,69.1125
14362,2025,33.1207,15.1515,11.0987,22.0366,3.988,0.8042,62.9543,69.1125
14362,2026,33.1207,15.1515,11.0987,22.0366,4.1794,0.8042,62.9543,69.1125
14363,2023,38.9449,20.6897,21.7094,115.348,4.9938,0.8564,84.7777,631.1228
14363,2024,36.7866,15.873,19.751,144.6031,4.359,0.9702,85.8205,631.1228
14363,2025,36.7866,15.873,21.3889,133.1039,5.087,0.9702,85.8205,631.1228
14363,2026,36.7866,15.873,21.3889,133.1039,5.2632,0.9702,85.8205,631.1228
14364,2023,34.6518,12.8571,14.3351,21.1588,5.235,1.0084,62.6501,52.2084
14364,2024,34.4848,9.589,14.2206,27.3757,4.7461,1.0572,63.593,52.2084
14364,2025,34.4848,9.589,14.843,101.231,5.4779,1.0572,63.593,52.2084
14364,2026,34.4848,9.589,14.843,101.231,6.3041,1.0572,63.593,52.2084
14366,2023,41.2172,63.2911,15.1431,197.0496,4.6465,1.0342,96.9514,107.7238
14366,2024,36.9433,65.5738,14.3554,210.8801,4.4193,1.0242,91.1577,107.7238
14366,2025,36.9433,65.5738,15.2748,268.5136,4.7878,1.0242,91.1577,107.7238
14366,2026,36.9433,65.5738,15.2748,268.5136,5.0056,1.0242,91.1577,107.7238
14382,2023,35.7365,3.4483,24.2263,36.6861,5.8952,0.9987,73.7667,82.9876
14382,2024,36.5142,21.5686,23.5511,17.997,5.9024,0.9572,64.179,82.9876
14382,2025,36.5142,21.5686,23.4799,37.1669,5.5283,0.9572,64.179,82.9876
14382,2026,36.5142,21.5686,23.4799,37.1669,6.1198,0.9572,64.179,82.9876
14383,2023,34.1112,22.7848,4.7834,10.4614,4.0,0.9539,29.0698,14.5349
14383,2024,31.8851,11.1111,4.5662,13.1329,3.5889,0.8749,29.8063,14.5349
14383,2025,31.8851,11.1111,6.2105,15.9985,3.6606,0.8749,29.8063,14.5349
14383,2026,31.8851,11.1111,6.2105,15.9985,4.2105,0.8749,29.8063,14.5349
14384,2023,32.1348,9.1503,17.6433,279.4796,4.0201,0.8859,87.8698,171.5553
14384,2024,32.8661,3.125,18.9312,299.4643,3.9542,0.9503,93.6848,171.5553
14384,2025,32.8661,3.125,18.1818,334.6018,3.8947,0.9503,93.6848,171.5553
14384,2026,32.8661,3.125,18.1818,334.6018,4.2069,0.9503,93.6848,171.5553
14401,2023,40.9001,12.381,12.6078,14.7267,4.8403,0.9419,53.029,60.6045
14401,2024,41.4439,4.428,12.7851,17.0115,5.1574,0.9776,53.1672,60.6045
14401,2025,41.4439,4.428,13.9761,23.8524,4.7466,0.9776,53.1672,60.6045
14401,2026,41.4439,4.428,13.9761,23.8524,4.5727,0.9776,53.1672,60.6045
14402,2023,42.7562,75.7576,24.2857,747.7612,2.8571,0.94,71.1238,284.495
14402,2024,44.6768,64.5161,28.6667,831.2531,3.5019,0.9011,72.3589,284.495
14402,2025,44.6768,64.5161,22.5627,1012.5251,3.1496,0.9011,72.3589,284.495
14402,2026,44.6768,64.5161,22.5627,1012.5251,4.0816,0.9011,72.3589,284.495
15100,2023,37.9678,15.6971,19.8099,2.3026,4.8263,0.9583,85.9269,311.921
15100,2024,39.0532,15.1593,18.9693,4.2361,4.7474,0.9572,84.8137,311.921
15100,2025,39.0532,15.1593,20.0325,4.1733,4.8096,0.9572,84.8137,311.921
15100,2026,39.0532,15.1593,20.0325,4.1733,4.7259,0.9572,84.8137,311.921
15202,2023,42.9152,32.1756,20.2718,57.6687,4.3405,0.947,72.717,258.3366
15202,2024,44.7444,30.7854,18.3426,47.7941,4.2501,0.9461,70.4866,258.3366
15202,2025,44.7444,30.7854,21.2909,42.2818,4.2068,0.9461,70.4866,258.3366
15202,2026,44.7444,30.7854,21.2909,42.2818,4.2993,0.9461,70.4866,258.3366
15204,2023,45.558,41.4443,26.116,8.5344,3.5407,0.8964,72.8028,148.8175
15204,2024,46.4481,42.1725,27.5854,8.6185,3.8765,0.9173,70.3775,148.8175
15204,2025,46.4481,42.1725,26.799,16.123,3.7333,0.9173,70.3775,148.8175
15204,2026,46.4481,42.1725,26.799,16.123,3.6677,0.9173,70.3775,148.8175
15205,2023,50.1154,43.906,22.3089,29.2483,4.8501,0.9539,70.975,159.6938
15205,2024,52.4597,42.9577,22.6803,70.2066,4.6591,0.9778,70.9742,159.6938
15205,2025,52.4597,42.9577,23.1977,70.7684,4.5008,0.9778,70.9742,159.6938
15205,2026,52.4597,42.9577,23.1977,70.7684,4.4735,0.9778,70.9742,159.6938
15206,2023,53.8605,54.5703,29.2377,2.5325,4.3622,0.9251,83.955,247.6142
15206,2024,53.9319,63.937,28.3467,7.7569,4.1932,0.9562,82.925,247.6142
15206,2025,53.9319,63.937,28.1529,8.3788,4.1501,0.9562,82.925,247.6142
15206,2026,53.9319,63.937,28.1529,8.3788,3.8708,0.9562,82.925,247.6142
15208,2023,60.7734,28.2609,22.6544,16.9528,4.5585,0.8673,77.101,139.3749
15208,2024,60.5614,26.2537,20.5651,24.0794,4.0076,0.8762,81.3596,139.3749
15208,2025,60.5614,26.2537,20.8619,18.7173,3.8064,0.8762,81.3596,139.3749
15208,2026,60.5614,26.2537,20.8619,18.7173,3.7408,0.8762,81.3596,139.3749
15209,2023,41.4494,20.4255,21.0795,19.9644,3.4642,0.8899,75.8422,119.7509
15209,2024,41.614,22.1106,19.8256,43.6593,3.8241,0.9013,77.3332,119.7509
15209,2025,41.614,22.1106,22.618,23.6346,3.7019,0.9013,77.3332,119.7509
15209,2026,41.614,22.1106,22.618,23.6346,4.1131,0.9013,77.3332,119.7509
15210,2023,50.6937,37.6471,26.7267,11.298,4.6585,0.8725,73.2124,128.1217
15210,2024,50.7864,36.7568,24.4213,12.389,4.9491,0.8743,74.8005,128.1217
15210,2025,50.7864,36.7568,23.8084,10.3423,4.6396,0.8743,74.8005,128.1217
15210,2026,50.7864,36.7568,23.8084,10.3423,4.6023,0.8743,74.8005,128.1217
15211,2023,53.0516,42.1212,24.7473,107.0456,3.7275,0.9048,69.151,79.3956
15211,2024,54.7451,43.7908,26.8257,116.6454,3.7599,0.866,77.7524,79.3956
15211,2025,54.7451,43.7908,27.5067,64.4297,3.5974,0.866,77.7524,79.3956
15211,2026,54.7451,43.7908,27.5067,64.4297,3.3779,0.866,77.7524,79.3956
15212,2023,46.5199,65.7841,18.0319,13.1723,3.8795,0.9396,71.532,143.0641
15212,2024,46.1429,63.3197,18.0974,12.2028,4.1146,0.9346,73.0393,143.0641
15212,2025,46.1429,63.3197,18.2768,13.3918,4.211,0.9346,73.0393,143.0641
15212,2026,46.1429,63.3197,18.2768,13.3918,4.2827,0.9346,73.0393,143.0641
15213,2023,43.0023,54.323,16.1299,110.4137,4.6881,0.9044,93.0221,142.117
15213,2024,45.4463,47.651,18.3181,115.772,4.4131,0.9046,89.9468,142.117
15213,2025,45.4463,47.651,18.0096,122.4843,4.6631,0.9046,89.9468,142.117
15213,2026,45.4463,47.651,18.0096,122.4843,4.4668,0.9046,89.9468,142.117
15216,2023,47.9219,43.8406,21.0676,63.9102,3.9988,0.952,85.4873,165.9459
15216,2024,46.5162,47.2,20.2793,88.5815,4.2606,0.9328,77.2022,165.9459
15216,2025,46.5162,47.2,18.8784,56.4204,4.0427,0.9328,77.2022,165.9459
15216,2026,46.5162,47.2,18.8784,56.4204,3.7062,0.9328,77.2022,165.9459
15217,2023,56.2539,50.8197,24.2377,0.0,4.3731,0.9303,42.8407,79.0905
15217,2024,57.6599,64.9485,25.2653,0.0,4.6368,0.8924,43.5001,79.0905
15217,2025,57.6599,64.9485,25.5474,0.0,4.2765,0.8924,43.5001,79.0905
15217,2026,57.6599,64.9485,25.5474,0.0,4.1834,0.8924,43.5001,79.0905
15218,2023,39.274,47.1264,13.9545,13.4796,4.4807,0.9937,80.3825,105.7664
15218,2024,41.1216,40.4834,14.3649,11.236,4.3374,1.0417,79.5306,105.7664
15218,2025,41.1216,40.4834,12.7196,8.3448,3.9354,1.0417,79.5306,105.7664
15218,2026,41.1216,40.4834,12.7196,8.3448,4.184,1.0417,79.5306,105.7664
15222,2023,49.4431,69.5608,21.0792,99.5516,5.1222,0.9554,74.6184,224.9366
15222,2024,53.3504,67.6864,21.674,107.2479,4.8019,0.955,76.54,224.9366
15222,2025,53.3504,67.6864,28.2408,86.4519,4.6668,0.955,76.54,224.9366
15222,2026,53.3504,67.6864,28.2408,86.4519,4.3672,0.955,76.54,224.9366
15223,2023,43.4916,53.2258,19.6867,3.4756,3.9439,0.9259,59.4751,106.5596
15223,2024,44.3794,51.046,20.7347,1.2281,4.2373,0.9147,55.1752,106.5596
15223,2025,44.3794,51.046,21.2526,0.5995,4.3043,0.9147,55.1752,106.5596
15223,2026,44.3794,51.046,21.2526,0.5995,4.5714,0.9147,55.1752,106.5596
15224,2023,53.9158,76.4264,21.5552,2.6699,5.0616,0.8586,76.9975,175.7122
15224,2024,54.9555,78.2828,21.5559,1.9732,5.1169,0.8701,77.0229,175.7122
15224,2025,54.9555,78.2828,20.5074,2.66,4.7607,0.8701,77.0229,175.7122
15224,2026,54.9555,78.2828,20.5074,2.66,4.4074,0.8701,77.0229,175.7122
15225,2023,48.3942,40.3042,26.8433,0.0,4.3038,0.8374,74.1356,106.7552
15225,2024,49.5168,42.6523,27.3052,0.0,3.8991,0.8748,84.4671,106.7552
15225,2025,49.5168,42.6523,26.6206,3.9715,3.5787,0.8748,84.4671,106.7552
15225,2026,49.5168,42.6523,26.6206,3.9715,3.705,0.8748,84.4671,106.7552
15226,2023,48.5134,47.551,27.569,15.1502,4.1281,0.8947,50.0352,255.7355
15226,2024,49.1598,45.3515,26.4343,19.31,4.1282,0.9038,52.5131,255.7355
15226,2025,49.1598,45.3515,25.6764,36.0625,4.5737,0.9038,52.5131,255.7355
15226,2026,49.1598,45.3515,25.6764,36.0625,4.3078,0.9038,52.5131,255.7355
15227,2023,47.7314,62.1951,17.9346,1.3218,3.9831,1.0598,82.9786,97.4096
15227,2024,48.0376,53.4188,19.9356,1.4954,3.9858,1.0138,84.2985,97.4096
15227,2025,48.0376,53.4188,21.6275,0.9709,3.9907,1.0138,84.2985,97.4096
15227,2026,48.0376,53.4188,21.6275,0.9709,3.9846,1.0138,84.2985,97.4096
15307,2023,55.8394,45.7944,21.8905,9.0268,3.652,1.0425,42.4659,134.4752
15307,2024,56.0883,41.1215,22.4665,6.8864,4.1575,1.0107,49.8043,134.4752
15307,2025,56.0883,41.1215,22.0287,12.0319,4.7619,1.0107,49.8043,134.4752
15307,2026,56.0883,41.1215,22.0287,12.0319,4.7509,1.0107,49.8043,134.4752
15342,2023,53.9216,35.7143,34.1191,1.145,3.928,0.8513,64.9857,25.9943
15342,2024,57.1163,34.4262,35.3805,5.3425,3.827,0.8926,65.8675,25.9943
15342,2025,57.1163,34.4262,33.8983,2.8533,4.2705,0.8926,65.8675,25.9943
15342,2026,57.1163,34.4262,33.8983,2.8533,3.7244,0.8926,65.8675,25.9943
15361,2023,48.1311,21.3483,18.8148,43.5777,4.8436,0.9042,45.3597,36.2878
15361,2024,50.4597,26.2136,19.7908,66.6752,4.0541,0.9569,46.2321,36.2878
15361,2025,50.4597,26.2136,,60.013,4.3897,0.9569,46.2321,36.2878
15361,2026,50.4597,26.2136,,60.013,4.7244,0.9569,46.2321,36.2878
15385,2023,47.7612,63.8554,19.1829,24.1074,4.7572,1.0663,81.808,122.7119
15385,2024,44.7923,60.7595,17.3789,22.9901,4.3077,1.1456,84.9618,122.7119
15385,2025,44.7923,60.7595,18.5148,24.8129,4.5105,1.1456,84.9618,122.7119
15385,2026,44.7923,60.7595,18.5148,24.8129,4.662,1.1456,84.9618,122.7119
15405,2023,54.1096,17.5,21.8504,5.3103,2.2613,0.92,97.1109,48.5555
15405,2024,54.4681,23.2558,27.2727,5.722,2.0619,1.0046,75.0751,48.5555
15405,2025,54.4681,23.2558,23.9468,11.3402,2.9491,1.0046,75.0751,48.5555
15405,2026,54.4681,23.2558,23.9468,11.3402,2.6087,1.0046,75.0751,48.5555
15461,2023,43.6293,70.5882,14.924,26.302,3.2864,0.8686,37.6364,100.3638
15461,2024,44.0597,85.0,14.9489,23.5356,2.9593,0.852,36.9367,100.3638
15461,2025,44.0597,85.0,16.3452,35.4895,2.6992,0.852,36.9367,100.3638
15461,2026,44.0597,85.0,16.3452,35.4895,2.4291,0.852,36.9367,100.3638
15482,2023,57.2767,39.5833,22.3133,2.1837,2.6932,0.7537,90.2425,67.6819
15482,2024,59.0761,42.0561,22.1311,1.1062,2.9748,0.7708,92.2509,67.6819
15482,2025,59.0761,42.0561,21.2537,0.9651,3.9616,0.7708,92.2509,67.6819
15482,2026,59.0761,42.0561,21.2537,0.9651,4.5,0.7708,92.2509,67.6819
15504,2023,63.9535,14.8936,16.4444,6.3358,4.065,0.8677,22.9832,22.9832
15504,2024,62.9956,21.9512,15.6398,5.9986,5.1282,0.9045,23.3318,22.9832
15504,2025,62.9956,21.9512,16.5829,6.3649,5.638,0.9045,23.3318,22.9832
15504,2026,62.9956,21.9512,16.5829,6.3649,3.9514,0.9045,23.3318,22.9832
15581,2023,48.2057,56.25,24.1252,4.3349,3.4137,1.0685,100.0801,60.048
15581,2024,53.599,28.5714,26.4479,28.9532,3.3473,1.0673,82.7301,60.048
15581,2025,53.599,28.5714,27.0325,89.4886,3.871,1.0673,82.7301,60.048
15581,2026,53.599,28.5714,27.0325,89.4886,3.8636,1.0673,82.7301,60.048
15586,2023,78.3784,0.0,54.386,61.674,0.0,1.3622,303.9514,0.0
15586,2024,75.641,0.0,49.0566,26.2009,2.7778,0.8728,309.5975,0.0
15586,2025,75.641,0.0,76.087,99.0991,0.0,0.8728,309.5975,0.0
15586,2026,75.641,0.0,76.087,99.0991,0.0,0.8728,309.5975,0.0
16201,2023,32.0795,13.5152,16.0362,2.8037,5.0436,0.9827,84.3366,381.3482
16201,2024,35.363,15.6352,17.3664,5.5792,5.0052,0.9877,82.9063,381.3482
16201,2025,35.363,15.6352,17.7614,5.4144,4.888,0.9877,82.9063,381.3482
16201,2026,35.363,15.6352,17.7614,5.4144,4.8641,0.9877,82.9063,381.3482
16202,2023,51.5853,21.5775,14.9158,11.2634,4.878,0.9612,80.8622,285.4315
16202,2024,50.6403,20.0995,14.535,15.8752,4.7435,0.9805,82.2905,285.4315
16202,2025,50.6403,20.0995,13.3851,10.4866,4.7086,0.9805,82.2905,285.4315
16202,2026,50.6403,20.0995,13.3851,10.4866,4.747,0.9805,82.2905,285.4315
16204,2023,45.6489,32.9317,19.5051,3.0274,4.3292,0.9788,77.6573,215.4363
16204,2024,47.361,44.3439,19.9638,9.9683,4.7765,0.9875,71.294,215.4363
16204,2025,47.361,44.3439,20.7661,15.6971,4.7872,0.9875,71.294,215.4363
16204,2026,47.361,44.3439,20.7661,15.6971,4.1347,0.9875,71.294,215.4363
16205,2023,46.8699,43.5294,18.3811,60.4569,4.0349,0.8842,68.0643,176.9671
16205,2024,49.285,31.8885,20.2794,62.3318,3.7176,0.923,67.1219,176.9671
16205,2025,49.285,31.8885,21.2484,68.6089,3.7897,0.923,67.1219,176.9671
16205,2026,49.285,31.8885,21.2484,68.6089,3.3996,0.923,67.1219,176.9671
16206,2023,46.8677,50.3067,25.6826,5.1366,4.6928,0.9884,54.7479,112.5373
16206,2024,47.0508,60.1307,23.3372,20.1594,4.566,0.9527,51.9433,112.5373
16206,2025,47.0508,60.1307,24.0629,49.9518,4.7544,0.9527,51.9433,112.5373
16206,2026,47.0508,60.1307,24.0629,49.9518,4.476,0.9527,51.9433,112.5373
16207,2023,46.3723,48.3333,12.8781,2.0328,,0.9332,62.3877,316.9295
16207,2024,48.9787,38.7352,11.6525,2.0418,,0.9104,62.9771,316.9295
16207,2025,48.9787,38.7352,12.3072,2.9838,,0.9104,62.9771,316.9295
16207,2026,48.9787,38.7352,12.3072,2.9838,,0.9104,62.9771,316.9295
16208,2023,57.8903,53.3528,17.2631,56.5301,,0.8794,73.9223,302.0255
16208,2024,57.8116,50.5618,15.5159,80.9277,,0.8533,74.4301,302.0255
16208,2025,57.8116,50.5618,18.5591,98.6713,,0.8533,74.4301,302.0255
16208,2026,57.8116,50.5618,18.5591,98.6713,,0.8533,74.4301,302.0255
16209,2023,55.8359,43.1818,23.8884,4.7261,,0.9491,55.9401,192.2942
16209,2024,56.8787,39.8305,24.7867,3.2268,,0.9158,59.952,192.2942
16209,2025,56.8787,39.8305,25.5669,8.0993,,0.9158,59.952,192.2942
16209,2026,56.8787,39.8305,25.5669,8.0993,,0.9158,59.952,192.2942
16210,2023,55.2642,81.0964,24.8932,14.962,,0.9267,64.8834,200.9293
16210,2024,57.0374,74.6667,23.6025,5.6501,,0.9488,66.0291,200.9293
16210,2025,57.0374,74.6667,23.7433,13.3578,,0.9488,66.0291,200.9293
16210,2026,57.0374,74.6667,23.7433,13.3578,,0.9488,66.0291,200.9293
16211,2023,49.1877,40.6143,18.6358,8.4187,4.7976,0.9648,54.6747,144.3412
16211,2024,49.6372,35.3618,18.9783,11.9679,4.6636,0.9841,52.749,144.3412
16211,2025,49.6372,35.3618,18.3771,14.6175,4.667,0.9841,52.749,144.3412
16211,2026,49.6372,35.3618,18.3771,14.6175,4.0647,0.9841,52.749,144.3412
16321,2023,39.2405,20.0,20.6667,18.8366,,1.0276,30.5717,0.0
16321,2024,43.75,33.3333,16.0,26.8053,,0.827,30.3122,0.0
16321,2025,43.75,33.3333,18.4524,36.3144,,0.827,30.3122,0.0
16321,2026,43.75,33.3333,18.4524,36.3144,,0.827,30.3122,0.0
16322,2023,34.7525,39.3617,10.1375,351.2027,,0.996,57.2082,208.03
16322,2024,37.9297,24.7934,9.3972,338.0063,,0.989,57.8126,208.03
16322,2025,37.9297,24.7934,10.3042,236.9445,,0.989,57.8126,208.03
16322,2026,37.9297,24.7934,10.3042,236.9445,,0.989,57.8126,208.03
16323,2023,41.9167,36.1842,14.1959,0.0,,1.0156,52.1669,64.2055
16323,2024,43.3201,32.5714,9.6064,3.0749,,0.9242,48.846,64.2055
16323,2025,43.3201,32.5714,8.5742,6.23,,0.9242,48.846,64.2055
16323,2026,43.3201,32.5714,8.5742,6.23,,0.9242,48.846,64.2055
16342,2023,49.5779,46.4646,23.4937,26.2466,,1.0144,64.834,103.7344
16342,2024,48.6081,42.3729,22.5607,117.3583,,0.9963,66.2866,103.7344
16342,2025,48.6081,42.3729,22.8272,151.4089,,0.9963,66.2866,103.7344
16342,2026,48.6081,42.3729,22.8272,151.4089,,0.9963,66.2866,103.7344
16343,2023,44.6692,69.863,15.0828,9.8629,,0.9626,27.3373,200.4738
16343,2024,46.2963,60.0,16.2478,7.2145,,1.1105,27.9955,200.4738
16343,2025,46.2963,60.0,16.0542,9.6419,,1.1105,27.9955,200.4738
16343,2026,46.2963,60.0,16.0542,9.6419,,1.1105,27.9955,200.4738
17201,2023,38.4728,21.696,16.9248,0.8468,4.8319,1.0891,94.1453,420.8587
17201,2024,40.7442,25.0894,17.8775,1.0491,4.7963,1.0823,94.1581,420.8587
17201,2025,40.7442,25.0894,17.931,0.5103,4.5892,1.0823,94.1581,420.8587
17201,2026,40.7442,25.0894,17.931,0.5103,4.723,1.0823,94.1581,420.8587
17202,2023,38.1137,70.3593,12.184,8.7922,4.0257,1.0695,79.1733,367.4455
17202,2024,38.0346,54.7904,13.5776,21.8498,4.0162,1.059,82.8706,367.4455
17202,2025,38.0346,54.7904,12.0808,13.7138,4.124,1.059,82.8706,367.4455
17202,2026,38.0346,54.7904,12.0808,13.7138,3.9243,1.059,82.8706,367.4455
17203,2023,46.1575,65.2252,15.7507,1.2793,3.4259,1.0244,68.6058,215.2155
17203,2024,49.9013,64.5212,16.2839,2.1969,3.6119,1.0537,63.1456,215.2155
17203,2025,49.9013,64.5212,16.5648,0.6411,3.6491,1.0537,63.1456,215.2155
17203,2026,49.9013,64.5212,16.5648,0.6411,3.1855,1.0537,63.1456,215.2155
17204,2023,40.4151,53.7736,10.9362,47.8527,4.2198,0.9748,104.0756,149.8689
17204,2024,39.4861,32.4324,10.7229,3.6175,3.8835,1.0375,103.8107,149.8689
17204,2025,39.4861,32.4324,7.1499,4.9649,4.9824,1.0375,103.8107,149.8689
17204,2026,39.4861,32.4324,7.1499,4.9649,5.1115,1.0375,103.8107,149.8689
17205,2023,53.7096,43.7037,0.0,33.5387,3.1963,0.9638,77.232,169.9104
17205,2024,45.8117,9.1667,12.1951,4.309,2.8067,1.0065,79.5292,169.9104
17205,2025,45.8117,9.1667,10.6457,99.2869,4.2086,1.0065,79.5292,169.9104
17205,2026,45.8117,9.1667,10.6457,99.2869,3.7449,1.0065,79.5292,169.9104
17206,2023,37.8846,77.3196,14.9059,18.5117,3.2737,1.0461,72.4569,206.3447
17206,2024,37.7594,76.6784,14.1376,14.4466,3.094,1.063,71.9482,206.3447
17206,2025,37.7594,76.6784,13.2436,15.0129,3.1019,1.063,71.9482,206.3447
17206,2026,37.7594,76.6784,13.2436,15.0129,3.3359,1.063,71.9482,206.3447
17207,2023,46.6212,85.9551,17.5192,3.444,4.264,0.9983,89.2591,183.4771
17207,2024,45.8716,53.6913,16.7973,3.4877,3.7654,1.0558,90.6208,183.4771
17207,2025,45.8716,53.6913,17.6832,5.2138,4.2169,1.0558,90.6208,183.4771
17207,2026,45.8716,53.6913,17.6832,5.2138,4.2928,1.0558,90.6208,183.4771
17209,2023,52.3706,49.8113,21.7568,8.6413,4.3812,1.1237,58.4454,128.0232
17209,2024,53.4003,55.6962,23.2445,1.428,4.1972,1.1415,58.2945,128.0232
17209,2025,53.4003,55.6962,24.5078,2.1127,4.0816,1.1415,58.2945,128.0232
17209,2026,53.4003,55.6962,24.5078,2.1127,3.91,1.1415,58.2945,128.0232
17210,2023,45.3261,54.9658,15.9241,16.3909,4.345,1.0266,61.1074,143.4695
17210,2024,46.5395,55.9177,16.7098,21.0341,4.0662,1.043,60.3629,143.4695
17210,2025,46.5395,55.9177,16.6219,18.0437,3.8008,1.043,60.3629,143.4695
17210,2026,46.5395,55.9177,16.6219,18.0437,3.8733,1.043,60.3629,143.4695
17211,2023,55.5575,77.1429,20.1299,56.2813,3.6664,0.9846,58.3407,154.9046
17211,2024,55.2573,74.9104,10.4275,51.3403,3.125,1.0132,56.3414,154.9046
17211,2025,55.2573,74.9104,20.3863,42.0121,3.4929,1.0132,56.3414,154.9046
17211,2026,55.2573,74.9104,20.3863,42.0121,3.0193,1.0132,56.3414,154.9046
17212,2023,47.3914,67.541,22.11,6.523,3.9479,1.0684,101.6072,186.5878
17212,2024,47.6721,60.6061,21.8556,3.3292,3.9583,1.0336,105.2379,186.5878
17212,2025,47.6721,60.6061,21.8558,1.4852,3.8562,1.0336,105.2379,186.5878
17212,2026,47.6721,60.6061,21.8558,1.4852,4.0734,1.0336,105.2379,186.5878
17324,2023,47.0497,55.5556,18.8636,0.0,4.8048,1.1451,48.725,16.2417
17324,2024,50.0,60.0,17.3697,0.0,4.3614,1.0821,49.1884,16.2417
17324,2025,50.0,60.0,22.1939,0.0,4.8387,1.0821,49.1884,16.2417
17324,2026,50.0,60.0,22.1939,0.0,4.2345,1.0821,49.1884,16.2417
17361,2023,45.1635,63.8009,22.4457,0.0881,2.7039,1.0938,55.9881,95.9795
17361,2024,45.8251,75.9091,23.5274,0.0876,3.479,1.0849,53.3946,95.9795
17361,2025,45.8251,75.9091,24.0068,0.4344,3.5747,1.0849,53.3946,95.9795
17361,2026,45.8251,75.9091,24.0068,0.4344,3.3229,1.0849,53.3946,95.9795
17365,2023,48.2951,46.3576,22.3921,0.9126,4.4289,0.9877,53.5291,1410.8741
17365,2024,45.051,59.2308,21.0887,0.0,4.5679,1.0447,57.6258,1410.8741
17365,2025,45.051,59.2308,20.2006,1.5262,4.4033,1.0447,57.6258,1410.8741
17365,2026,45.051,59.2308,20.2006,1.5262,3.7451,1.0447,57.6258,1410.8741
17384,2023,49.218,57.2414,15.6416,70.9916,3.8377,1.0396,58.6761,112.0179
17384,2024,50.1666,54.1985,13.32,54.9474,3.3392,1.1043,65.7066,112.0179
17384,2025,50.1666,54.1985,15.8961,80.7629,3.9449,1.1043,65.7066,112.0179
17384,2026,50.1666,54.1985,15.8961,80.7629,3.3356,1.1043,65.7066,112.0179
17386,2023,54.0053,60.7143,20.9139,8.8303,4.7573,1.1121,32.6344,65.2688
17386,2024,54.188,66.6667,19.6347,7.0651,4.1794,1.0516,41.6077,65.2688
17386,2025,54.188,66.6667,17.2603,40.907,4.0863,1.0516,41.6077,65.2688
17386,2026,54.188,66.6667,17.2603,40.907,4.9043,1.0516,41.6077,65.2688
17407,2023,45.8964,62.0155,16.4799,0.0851,4.5157,0.9349,35.0488,40.8902
17407,2024,46.0746,54.2373,15.7343,0.0,3.9277,0.9999,35.6697,40.8902
17407,2025,46.0746,54.2373,16.1148,0.0,3.6424,0.9999,35.6697,40.8902
17407,2026,46.0746,54.2373,16.1148,0.0,4.6532,0.9999,35.6697,40.8902
17461,2023,39.7147,67.9245,14.7505,2.8892,3.9653,1.0852,145.2337,277.2643
17461,2024,41.5447,56.6038,16.1628,9.6542,3.3592,1.0636,149.721,277.2643
17461,2025,41.5447,56.6038,14.1809,6.647,4.0,1.0636,149.721,277.2643
17461,2026,41.5447,56.6038,14.1809,6.647,4.0185,1.0636,149.721,277.2643
17463,2023,39.6064,56.8807,16.6412,12.1521,3.7462,1.0665,63.955,147.0964
17463,2024,37.5275,44.5455,14.4638,12.9521,3.5461,1.0861,65.8458,147.0964
17463,2025,37.5275,44.5455,13.587,2.2966,3.3149,1.0861,65.8458,147.0964
17463,2026,37.5275,44.5455,13.587,2.2966,3.1456,1.0861,65.8458,147.0964
18201,2023,30.6619,11.609,15.8908,7.8516,4.0086,1.0268,98.4721,389.2363
18201,2024,31.1244,7.6923,17.4167,25.0335,3.9795,1.0209,98.8478,389.2363
18201,2025,31.1244,7.6923,18.8531,37.8224,4.1768,1.0209,98.8478,389.2363
18201,2026,31.1244,7.6923,18.8531,37.8224,3.971,1.0209,98.8478,389.2363
18202,2023,33.486,45.3901,15.317,1.7448,4.3189,1.075,78.5398,227.7654
18202,2024,34.0259,48.1203,17.276,3.8807,4.2582,1.0469,79.4382,227.7654
18202,2025,34.0259,48.1203,17.0778,886.0308,4.3363,1.0469,79.4382,227.7654
18202,2026,34.0259,48.1203,17.0778,886.0308,4.4683,1.0469,79.4382,227.7654
18204,2023,41.5481,40.2235,19.8715,2.6818,3.9299,1.0361,63.5661,271.9215
18204,2024,41.743,34.9754,20.1179,12.2186,3.9177,1.0177,60.7707,271.9215
18204,2025,41.743,34.9754,22.2524,14.2976,4.2325,1.0177,60.7707,271.9215
18204,2026,41.743,34.9754,22.2524,14.2976,3.6412,1.0177,60.7707,271.9215
18205,2023,37.5131,25.6684,16.2396,28.7902,3.497,0.9747,71.0388,87.184
18205,2024,38.377,27.933,13.8578,3.2304,3.955,1.0025,72.2472,87.184
18205,2025,38.377,27.933,19.5336,2.6991,3.7667,1.0025,72.2472,87.184
18205,2026,38.377,27.933,19.5336,2.6991,3.8884,1.0025,72.2472,87.184
18206,2023,40.9685,3.0769,19.3249,95.5252,3.8243,1.0011,54.9929,197.0579
18206,2024,42.7209,15.5405,18.898,85.2519,3.913,0.9509,55.8581,197.0579
18206,2025,42.7209,15.5405,18.9817,126.513,3.0664,0.9509,55.8581,197.0579
18206,2026,42.7209,15.5405,18.9817,126.513,2.7778,0.9509,55.8581,197.0579
18207,2023,28.9862,29.1188,13.5022,54.9318,3.8161,0.9783,58.0863,180.0677
18207,2024,27.5344,30.3419,13.2503,51.5375,3.5696,0.9799,57.0159,180.0677
18207,2025,27.5344,30.3419,13.7431,70.8359,3.6803,0.9799,57.0159,180.0677
18207,2026,27.5344,30.3419,13.7431,70.8359,3.3178,0.9799,57.0159,180.0677
18208,2023,33.7503,59.0909,15.4757,2.2285,,1.0344,59.4796,148.6989
18208,2024,34.5825,35.3293,16.7173,4.3361,,1.0663,64.0615,148.6989
18208,2025,34.5825,35.3293,16.258,4.529,,1.0663,64.0615,148.6989
18208,2026,34.5825,35.3293,16.258,4.529,,1.0663,64.0615,148.6989
18209,2023,32.6505,28.1159,16.268,17.7766,3.0331,1.0101,59.4604,126.3533
18209,2024,31.4154,29.3051,15.5576,37.5687,3.2689,1.0,60.0698,126.3533
18209,2025,31.4154,29.3051,14.5449,38.396,3.2952,1.0,60.0698,126.3533
18209,2026,31.4154,29.3051,14.5449,38.396,3.2015,1.0,60.0698,126.3533
18210,2023,30.3225,24.5283,12.6344,2.3105,,1.0306,52.5909,90.6355
18210,2024,34.8987,37.0262,15.1627,2.5291,,1.0602,52.8173,90.6355
18210,2025,34.8987,37.0262,16.1885,6.4463,,1.0602,52.8173,90.6355
18210,2026,34.8987,37.0262,16.1885,6.4463,,1.0602,52.8173,90.6355
18322,2023,36.7967,12.1212,18.0535,45.5255,4.5907,0.9918,60.9858,2328.5469
18322,2024,37.8014,11.828,24.1272,96.1388,4.685,0.9913,67.0391,2328.5469
18322,2025,37.8014,11.828,24.4177,21.8291,4.6453,0.9913,67.0391,2328.5469
18322,2026,37.8014,11.828,24.4177,21.8291,3.3679,0.9913,67.0391,2328.5469
18382,2023,54.8023,69.697,24.7899,158.917,2.7027,0.9383,171.8951,85.9476
18382,2024,47.546,63.1579,30.8036,184.2105,1.4218,1.016,178.731,85.9476
18382,2025,47.546,63.1579,22.5962,266.9492,1.8868,1.016,178.731,85.9476
18382,2026,47.546,63.1579,22.5962,266.9492,1.4493,1.016,178.731,85.9476
18404,2023,35.0162,34.7222,16.4162,0.0,2.0595,1.0197,81.4249,91.6031
18404,2024,34.4504,32.7586,16.7679,0.1527,2.0482,0.9919,83.238,91.6031
18404,2025,34.4504,32.7586,15.6388,0.1543,2.458,0.9919,83.238,91.6031
18404,2026,34.4504,32.7586,15.6388,0.1543,2.2161,0.9919,83.238,91.6031
18423,2023,36.5359,69.0647,16.5222,17.2262,3.3101,1.0982,44.1306,83.3579
18423,2024,36.0825,73.9496,17.6752,13.724,2.9138,1.0713,44.7761,83.3579
18423,2025,36.0825,73.9496,16.4593,9.0603,2.8721,1.0713,44.7761,83.3579
18423,2026,36.0825,73.9496,16.4593,9.0603,3.5642,1.0713,44.7761,83.3579
18442,2023,45.0694,78.7234,33.6559,59.4924,3.2704,1.1178,111.0864,66.6519
18442,2024,45.0113,69.8795,32.5231,54.7123,3.9788,1.0565,113.0966,66.6519
18442,2025,45.0113,69.8795,33.1218,40.5222,3.6111,1.0565,113.0966,66.6519
18442,2026,45.0113,69.8795,33.1218,40.5222,3.1065,1.0565,113.0966,66.6519
18481,2023,47.5971,85.3211,46.6245,169.8908,3.8259,0.9564,71.0804,111.6978
18481,2024,46.9922,49.5238,,185.7571,3.0769,1.0312,82.5934,111.6978
18481,2025,46.9922,49.5238,,139.3651,3.4024,1.0312,82.5934,111.6978
18481,2026,46.9922,49.5238,,139.3651,2.9874,1.0312,82.5934,111.6978
18483,2023,39.9303,43.1373,21.7784,36.7839,4.3478,1.144,88.5403,75.8917
18483,2024,41.129,43.75,26.4175,156.0799,2.946,1.0676,90.2411,75.8917
18483,2025,41.129,43.75,22.8093,21.6336,3.3058,1.0676,90.2411,75.8917
18483,2026,41.129,43.75,22.8093,21.6336,3.4305,1.0676,90.2411,75.8917
18501,2023,45.9659,57.3913,25.4021,44.1918,3.6199,1.0462,72.0981,129.7765
18501,2024,45.9725,67.8261,25.6503,30.3261,3.9962,0.9737,58.7156,129.7765
18501,2025,45.9725,67.8261,27.8111,40.0574,3.1946,0.9737,58.7156,129.7765
18501,2026,45.9725,67.8261,27.8111,40.0574,3.6181,0.9737,58.7156,129.7765
19201,2023,35.8789,22.1286,21.503,11.9583,4.7195,0.9848,118.5667,385.7441
19201,2024,36.7657,27.0033,22.9879,18.2533,4.4465,0.9635,118.4892,385.7441
19201,2025,36.7657,27.0033,24.0999,21.0617,4.4994,0.9635,118.4892,385.7441
19201,2026,36.7657,27.0033,24.0999,21.0617,4.2413,0.9635,118.4892,385.7441
19202,2023,40.3811,28.4281,31.106,20.9465,3.2503,1.0248,114.1697,224.111
19202,2024,42.0269,40.0697,22.367,62.9684,2.9385,1.0337,115.4586,224.111
19202,2025,42.0269,40.0697,24.5085,4.9184,2.9595,1.0337,115.4586,224.111
19202,2026,42.0269,40.0697,24.5085,4.9184,2.8898,1.0337,115.4586,224.111
19204,2023,46.6842,48.8263,28.0455,43.05,3.5147,0.965,61.7115,147.4218
19204,2024,45.7859,43.7158,25.5942,51.3102,2.832,0.987,55.5594,147.4218
19204,2025,45.7859,43.7158,27.8258,60.032,2.789,0.987,55.5594,147.4218
19204,2026,45.7859,43.7158,27.8258,60.032,2.9076,0.987,55.5594,147.4218
19205,2023,41.6569,53.9419,26.1916,1.9479,3.4755,0.9619,80.5706,393.9005
19205,2024,43.6009,57.2052,,1.4667,2.9935,0.9923,78.5166,393.9005
19205,2025,43.6009,57.2052,10.6913,3.0435,3.3027,0.9923,78.5166,393.9005
19205,2026,43.6009,57.2052,10.6913,3.0435,3.5299,0.9923,78.5166,393.9005
19206,2023,39.3019,33.8983,25.0289,1.1514,3.6916,0.9513,94.5776,117.096
19206,2024,39.8404,50.3401,21.8377,0.2459,3.1205,1.0204,91.9879,117.096
19206,2025,39.8404,50.3401,24.8043,1.3048,3.3736,1.0204,91.9879,117.096
19206,2026,39.8404,50.3401,24.8043,1.3048,3.6784,1.0204,91.9879,117.096
19207,2023,52.4543,65.4206,35.364,53.7848,3.6178,0.9879,134.0104,257.4411
19207,2024,54.7016,49.7758,35.7945,58.0326,3.5971,0.9686,135.2843,257.4411
19207,2025,54.7016,49.7758,31.0333,61.8378,3.2885,0.9686,135.2843,257.4411
19207,2026,54.7016,49.7758,31.0333,61.8378,3.6251,0.9686,135.2843,257.4411
19208,2023,58.4909,63.5025,37.8096,1.1632,3.41,0.9534,50.2576,111.6835
19208,2024,58.1455,70.1149,37.4213,1.2268,3.616,0.9304,50.2372,111.6835
19208,2025,58.1455,70.1149,37.3524,1.1108,3.7242,0.9304,50.2372,111.6835
19208,2026,58.1455,70.1149,37.3524,1.1108,3.4666,0.9304,50.2372,111.6835
19209,2023,48.7161,56.9745,36.4156,30.9552,2.5479,0.8379,65.2401,97.8601
19209,2024,50.5229,55.3106,32.4183,24.5421,2.8006,0.8281,50.5128,97.8601
19209,2025,50.5229,55.3106,35.4675,3.4392,2.9648,0.8281,50.5128,97.8601
19209,2026,50.5229,55.3106,35.4675,3.4392,3.2399,0.8281,50.5128,97.8601
19210,2023,51.8727,52.2556,41.1438,0.0436,3.6721,0.9243,96.6083,108.3579
19210,2024,52.3665,47.5709,40.9765,0.065,3.3685,0.9171,87.5657,108.3579
19210,2025,52.3665,47.5709,42.0566,0.5608,2.9954,0.9171,87.5657,108.3579
19210,2026,52.3665,47.5709,42.0566,0.5608,3.461,0.9171,87.5657,108.3579
19211,2023,46.6916,57.7381,34.1865,10.9499,3.8256,0.9703,62.0925,171.4936
19211,2024,47.3719,60.0,34.6676,11.3655,3.4427,0.9402,60.9475,171.4936
19211,2025,47.3719,60.0,34.5821,6.8269,3.3681,0.9402,60.9475,171.4936
19211,2026,47.3719,60.0,34.5821,6.8269,3.1576,0.9402,60.9475,171.4936
19212,2023,44.8817,41.954,26.4023,1.5841,3.7815,1.0039,81.7476,149.8706
19212,2024,41.3654,38.3648,23.1514,1.7915,3.7901,1.0193,73.9474,149.8706
19212,2025,41.3654,38.3648,26.4935,4.2766,3.4274,1.0193,73.9474,149.8706
19212,2026,41.3654,38.3648,26.4935,4.2766,3.4247,1.0193,73.9474,149.8706
19213,2023,58.4307,51.0929,31.5825,19.169,3.1288,0.9588,73.5171,120.3008
19213,2024,56.7742,51.9444,32.0119,14.4662,3.0659,0.9423,81.0811,120.3008
19213,2025,56.7742,51.9444,31.682,15.9945,2.9969,0.9423,81.0811,120.3008
19213,2026,56.7742,51.9444,31.682,15.9945,2.734,0.9423,81.0811,120.3008
19214,2023,53.311,61.9433,53.7979,25.3071,3.0538,0.959,77.917,1600.5454
19214,2024,54.4121,70.5645,36.0945,17.1148,2.471,1.0038,75.0236,1600.5454
19214,2025,54.4121,70.5645,36.5529,27.0483,2.4987,1.0038,75.0236,1600.5454
19214,2026,54.4121,70.5645,36.5529,27.0483,2.3822,1.0038,75.0236,1600.5454
19346,2023,56.2644,69.8718,39.83,5.4898,3.125,0.9063,66.7735,100.1603
19346,2024,56.018,65.7143,39.9635,12.8402,2.7846,0.9013,61.2537,100.1603
19346,2025,56.018,65.7143,36.1917,19.7617,3.0782,0.9013,61.2537,100.1603
19346,2026,56.018,65.7143,36.1917,19.7617,3.1869,0.9013,61.2537,100.1603
19364,2023,57.8231,0.0,26.4706,20.1729,4.7619,0.7819,753.4984,0.0
19364,2024,52.4823,33.3333,25.4545,22.5564,3.9474,0.7903,791.8552,0.0
19364,2025,52.4823,33.3333,35.6322,26.6041,2.7778,0.7903,791.8552,0.0
19364,2026,52.4823,33.3333,35.6322,26.6041,2.8571,0.7903,791.8552,0.0
19365,2023,55.3981,70.9677,44.5878,13.2094,4.5914,0.9727,115.4846,163.6031
19365,2024,53.0633,88.9908,41.1145,11.4754,4.2735,0.9808,109.4418,163.6031
19365,2025,53.0633,88.9908,41.6864,7.9313,4.1176,0.9808,109.4418,163.6031
19365,2026,53.0633,88.9908,41.6864,7.9313,4.44,0.9808,109.4418,163.6031
19366,2023,67.7667,37.8049,37.546,20.6845,4.8877,0.9298,141.2629,56.5052
19366,2024,66.7492,38.5714,38.9404,34.9637,5.007,0.9487,130.0578,56.5052
19366,2025,66.7492,38.5714,34.963,60.027,4.1116,0.9487,130.0578,56.5052
19366,2026,66.7492,38.5714,34.963,60.027,3.8521,0.9487,130.0578,56.5052
19368,2023,61.3784,58.3333,35.6234,26.8784,2.0873,0.9149,76.7085,174.3375
19368,2024,58.8975,48.0,35.46,35.0374,2.7079,0.8703,77.8651,174.3375
19368,2025,58.8975,48.0,35.9589,29.497,2.8311,0.8703,77.8651,174.3375
19368,2026,58.8975,48.0,35.9589,29.497,3.2323,0.8703,77.8651,174.3375
19384,2023,57.5882,73.3333,39.9056,9.4915,3.2427,1.0022,175.3471,151.6516
19384,2024,59.3737,74.6988,40.9684,7.9876,2.8939,0.9534,164.9932,151.6516
19384,2025,59.3737,74.6988,41.6759,2.1259,2.8292,0.9534,164.9932,151.6516
19384,2026,59.3737,74.6988,41.6759,2.1259,1.921,0.9534,164.9932,151.6516
19422,2023,61.6162,65.2174,38.0531,0.0,0.5952,0.794,64.2261,64.2261
19422,2024,58.8435,72.7273,36.036,0.0,1.8072,0.8021,64.7249,64.2261
19422,2025,58.8435,72.7273,36.0169,0.0,2.5,0.8021,64.7249,64.2261
19422,2026,58.8435,72.7273,36.0169,0.0,2.5,0.8021,64.7249,64.2261
19423,2023,39.2055,69.5652,23.1818,222.6721,3.7267,0.8614,48.9716,48.9716
19423,2024,45.3069,27.5862,27.512,189.2497,3.1546,0.8418,49.9875,48.9716
19423,2025,45.3069,27.5862,28.5372,56.7108,3.537,0.8418,49.9875,48.9716
19423,2026,45.3069,27.5862,28.5372,56.7108,5.1282,0.8418,49.9875,48.9716
19424,2023,52.2199,52.809,37.3353,1.7882,2.8681,1.0134,61.2307,40.8205
19424,2024,50.9692,52.381,35.5882,4.5428,2.3529,0.9284,61.488,40.8205
19424,2025,50.9692,52.381,40.2799,14.6199,3.5491,0.9284,61.488,40.8205
19424,2026,50.9692,52.381,40.2799,14.6199,3.0108,0.9284,61.488,40.8205
19425,2023,42.5419,22.3881,26.1488,1.8004,2.7027,0.8712,52.1648,104.3297
19425,2024,45.3382,39.6825,27.2076,4.3601,2.5692,0.853,52.0111,104.3297
19425,2025,45.3382,39.6825,25.8182,23.073,2.621,0.853,52.0111,104.3297
19425,2026,45.3382,39.6825,25.8182,23.073,2.0325,0.853,52.0111,104.3297
19429,2023,36.2847,30.7692,17.226,47.4158,1.8868,0.9415,128.164,32.041
19429,2024,38.1533,24.2424,26.4501,57.0342,2.3256,0.8329,129.9123,32.041
19429,2025,38.1533,24.2424,0.0,81.9905,2.4194,0.8329,129.9123,32.041
19429,2026,38.1533,24.2424,0.0,81.9905,3.1746,0.8329,129.9123,32.041
19430,2023,40.8158,30.0613,29.0665,5.1367,2.5229,0.9237,78.4607,201.756
19430,2024,42.2755,34.5238,18.0847,3.5349,2.4334,0.934,81.5872,201.756
19430,2025,42.2755,34.5238,18.2515,1.8858,2.3378,0.934,81.5872,201.756
19430,2026,42.2755,34.5238,18.2515,1.8858,2.879,0.934,81.5872,201.756
19442,2023,48.8372,0.0,48.3333,139.8747,5.2632,1.0706,152.207,152.207
19442,2024,51.5625,0.0,33.3333,76.4331,3.0769,0.9133,156.4945,152.207
19442,2025,51.5625,0.0,29.4118,66.3717,5.4545,0.9133,156.4945,152.207
19442,2026,51.5625,0.0,29.4118,66.3717,2.1277,0.9133,156.4945,152.207
19443,2023,61.2613,50.0,37.1795,61.8812,5.8824,1.3469,373.8318,186.9159
19443,2024,62.963,63.6364,34.5238,74.5501,2.0408,1.0411,389.1051,186.9159
19443,2025,62.963,63.6364,58.5714,72.1925,6.1224,1.0411,389.1051,186.9159
19443,2026,62.963,63.6364,58.5714,72.1925,5.7692,1.0411,389.1051,186.9159
20201,2023,45.6258,45.163,13.6853,8.3369,3.8505,0.9715,79.4501,274.957
20201,2024,45.7072,47.7644,13.4189,10.4479,3.6673,0.9652,81.2425,274.957
20201,2025,45.7072,47.7644,14.057,11.7486,3.6581,0.9652,81.2425,274.957
20201,2026,45.7072,47.7644,14.057,11.7486,3.6993,0.9652,81.2425,274.957
20202,2023,42.7511,45.0388,17.9274,133.9489,3.9704,1.037,98.5422,559.1105
20202,2024,42.3837,40.3423,17.982,167.4535,3.7629,1.0353,98.0996,559.1105
20202,2025,42.3837,40.3423,18.2024,190.9937,3.6647,1.0353,98.0996,559.1105
20202,2026,42.3837,40.3423,18.2024,190.9937,3.6246,1.0353,98.0996,559.1105
20203,2023,40.0324,70.7294,11.4943,7.1715,3.9562,1.009,65.795,198.688
20203,2024,41.7269,70.0203,11.6319,9.2936,3.8187,1.0349,65.5807,198.688
20203,2025,41.7269,70.0203,11.6037,5.0946,3.8385,1.0349,65.5807,198.688
20203,2026,41.7269,70.0203,11.6037,5.0946,3.69,1.0349,65.5807,198.688
20204,2023,40.0,45.7249,7.8854,17.7332,,0.9598,60.8081,199.199
20204,2024,47.1069,49.5114,9.0326,28.8983,,0.9595,63.7782,199.199
20204,2025,47.1069,49.5114,7.6313,27.5424,,0.9595,63.7782,199.199
20204,2026,47.1069,49.5114,7.6313,27.5424,,0.9595,63.7782,199.199
20205,2023,42.4798,72.3404,21.787,74.0776,3.3823,0.9335,86.3114,269.2094
20205,2024,44.5969,74.9455,22.6081,91.9579,3.5316,0.9006,88.3603,269.2094
20205,2025,44.5969,74.9455,21.9501,93.5559,3.4264,0.9006,88.3603,269.2094
20205,2026,44.5969,74.9455,21.9501,93.5559,3.4749,0.9006,88.3603,269.2094
20206,2023,48.7809,61.5942,10.3312,30.8326,,0.9943,97.1375,372.0161
20206,2024,50.3079,56.7766,13.7713,24.2117,,0.9713,97.9003,372.0161
20206,2025,50.3079,56.7766,13.7068,26.3353,,0.9713,97.9003,372.0161
20206,2026,50.3079,56.7766,13.7068,26.3353,,0.9713,97.9003,372.0161
20207,2023,44.5876,61.6848,12.5756,87.3254,3.156,0.9007,82.369,192.864
20207,2024,43.7994,63.8177,12.8577,66.448,2.9756,0.9043,78.6576,192.864
20207,2025,43.7994,63.8177,14.1296,95.102,2.9683,0.9043,78.6576,192.864
20207,2026,43.7994,63.8177,14.1296,95.102,2.7929,0.9043,78.6576,192.864
20208,2023,41.9384,67.8261,11.2601,2.4025,2.162,0.9327,79.2831,235.4467
20208,2024,41.7216,66.5198,13.4196,2.2585,2.1893,0.9489,74.661,235.4467
20208,2025,41.7216,66.5198,11.5206,1.7863,2.3337,0.9489,74.661,235.4467
20208,2026,41.7216,66.5198,11.5206,1.7863,2.6686,0.9489,74.661,235.4467
20209,2023,53.9586,79.3651,,4.6688,3.3429,0.9359,87.8575,266.602
20209,2024,52.7438,78.0488,,15.6645,3.2075,0.9614,88.7434,266.602
20209,2025,52.7438,78.0488,25.257,4.1785,3.1647,0.9614,88.7434,266.602
20209,2026,52.7438,78.0488,25.257,4.1785,2.7798,0.9614,88.7434,266.602
20210,2023,43.7795,56.129,17.466,27.5362,2.679,0.8942,100.3386,228.8975
20210,2024,46.4331,59.7561,18.6958,36.6238,2.853,0.9127,104.2193,228.8975
20210,2025,46.4331,59.7561,19.5053,31.1815,2.8543,0.9127,104.2193,228.8975
20210,2026,46.4331,59.7561,19.5053,31.1815,2.9559,0.9127,104.2193,228.8975
20211,2023,47.5459,47.4227,20.2006,71.7644,4.0062,0.9219,65.0709,276.5512
20211,2024,51.0868,38.4401,19.2419,118.3212,3.8973,0.9547,68.0975,276.5512
20211,2025,51.0868,38.4401,18.9892,191.6714,4.1529,0.9547,68.0975,276.5512
20211,2026,51.0868,38.4401,18.9892,191.6714,3.9133,0.9547,68.0975,276.5512
20212,2023,46.9388,57.2052,18.2571,8.0606,,1.0289,95.8405,207.0155
20212,2024,48.0536,59.5745,17.837,11.9474,,1.0119,97.3369,207.0155
20212,2025,48.0536,59.5745,20.0546,11.529,,1.0119,97.3369,207.0155
20212,2026,48.0536,59.5745,20.0546,11.529,,1.0119,97.3369,207.0155
20213,2023,44.7699,42.7711,,2.3078,2.883,0.988,76.1228,187.7696
20213,2024,46.9971,50.3268,,4.5451,3.2102,0.9211,83.2726,187.7696
20213,2025,46.9971,50.3268,,9.5054,3.0651,0.9211,83.2726,187.7696
20213,2026,46.9971,50.3268,,9.5054,3.3715,0.9211,83.2726,187.7696
20214,2023,45.6771,74.0933,15.5498,5.4943,,0.9296,69.5499,263.5577
20214,2024,46.5594,77.0349,16.172,10.5102,,0.9038,73.6933,263.5577
20214,2025,46.5594,77.0349,20.6156,14.0638,,0.9038,73.6933,263.5577
20214,2026,46.5594,77.0349,20.6156,14.0638,,0.9038,73.6933,263.5577
20215,2023,42.8257,55.9524,10.6,31.4751,4.8121,0.9911,57.473,124.0207
20215,2024,43.1552,63.1285,10.7635,30.889,4.3457,0.9918,65.5258,124.0207
20215,2025,43.1552,63.1285,11.1861,28.6454,4.2636,0.9918,65.5258,124.0207
20215,2026,43.1552,63.1285,11.1861,28.6454,3.6998,0.9918,65.5258,124.0207
20217,2023,44.8224,45.0,,8.4492,2.8655,0.9894,89.6149,406.3219
20217,2024,43.9866,50.7937,,11.6324,2.9978,0.9909,84.9748,406.3219
20217,2025,43.9866,50.7937,18.9117,8.0079,2.7928,0.9909,84.9748,406.3219
20217,2026,43.9866,50.7937,18.9117,8.0079,3.0925,0.9909,84.9748,406.3219
20218,2023,50.8428,88.3002,10.014,11.6038,3.3861,0.9283,68.874,120.9495
20218,2024,53.7553,90.0844,10.3028,17.936,3.2745,0.9546,69.2813,120.9495
20218,2025,53.7553,90.0844,10.6912,21.6737,2.9349,0.9546,69.2813,120.9495
20218,2026,53.7553,90.0844,10.6912,21.6737,3.1763,0.9546,69.2813,120.9495
20219,2023,43.9451,62.8019,12.9514,56.066,3.2824,0.9173,40.5995,108.2654
20219,2024,43.1377,60.0897,15.0513,30.3062,3.4758,0.9204,44.4353,108.2654
20219,2025,43.1377,60.0897,14.147,58.2662,4.0117,0.9204,44.4353,108.2654
20219,2026,43.1377,60.0897,14.147,58.2662,4.5571,0.9204,44.4353,108.2654
20220,2023,47.5467,65.5436,10.7931,3.8912,3.8811,0.9457,89.0223,271.2075
20220,2024,47.7494,43.9103,9.5584,5.1438,3.4655,0.9686,84.1567,271.2075
20220,2025,47.7494,43.9103,9.7503,3.2172,3.5738,0.9686,84.1567,271.2075
20220,2026,47.7494,43.9103,9.7503,3.2172,3.4423,0.9686,84.1567,271.2075
20303,2023,44.4302,65.0,23.1687,0.0,4.0816,0.9319,69.3001,346.5003
20303,2024,48.1579,58.8235,34.4144,0.0,3.2432,0.8131,70.6381,346.5003
20303,2025,48.1579,58.8235,22.3553,0.0,3.0387,0.8131,70.6381,346.5003
20303,2026,48.1579,58.8235,22.3553,0.0,3.9755,0.8131,70.6381,346.5003
20304,2023,58.3333,40.7407,19.7059,600.6711,1.5773,0.8346,52.5486,26.2743
20304,2024,62.8829,54.2056,21.4286,586.5755,1.6234,0.8201,53.4616,26.2743
20304,2025,62.8829,54.2056,22.4558,607.8261,1.0526,0.8201,53.4616,26.2743
20304,2026,62.8829,54.2056,22.4558,607.8261,1.4388,0.8201,53.4616,26.2743
20305,2023,67.979,87.037,52.5452,126.3214,3.3457,0.8593,197.6936,131.7957
20305,2024,66.5765,83.3333,54.2373,203.0351,2.7132,0.8053,198.8731,131.7957
20305,2025,66.5765,83.3333,52.807,99.1605,2.4194,0.8053,198.8731,131.7957
20305,2026,66.5765,83.3333,52.807,99.1605,1.2146,0.8053,198.8731,131.7957
20306,2023,63.1068,56.25,23.0769,372.1973,5.0633,0.8592,207.0393,0.0
20306,2024,67.3367,83.3333,38.255,308.5106,5.4054,0.7154,107.4114,0.0
20306,2025,67.3367,83.3333,29.3333,640.6728,5.8824,0.7154,107.4114,0.0
20306,2026,67.3367,83.3333,29.3333,640.6728,5.9701,0.7154,107.4114,0.0
20307,2023,54.1667,60.0,,578.8337,4.918,0.8054,147.0588,0.0
20307,2024,51.2821,57.1429,0.0,771.6186,1.5152,0.8655,151.7451,0.0
20307,2025,51.2821,57.1429,,867.5799,0.0,0.8655,151.7451,0.0
20307,2026,51.2821,57.1429,,867.5799,0.0,0.8655,151.7451,0.0
20309,2023,52.712,44.9153,45.9854,8.0011,2.58,0.9472,76.2777,123.9512
20309,2024,52.2167,50.0,45.2341,9.443,2.1436,0.9075,67.9744,123.9512
20309,2025,52.2167,50.0,44.493,21.5232,2.3675,0.9075,67.9744,123.9512
20309,2026,52.2167,50.0,44.493,21.5232,2.5463,0.9075,67.9744,123.9512
20321,2023,36.2307,34.6405,11.1344,10.1045,2.327,0.8905,102.278,158.066
20321,2024,29.7163,19.685,9.0188,11.1724,1.9557,0.8403,97.2267,158.066
20321,2025,29.7163,19.685,10.951,31.1659,2.4683,0.8403,97.2267,158.066
20321,2026,29.7163,19.685,10.951,31.1659,2.5624,0.8403,97.2267,158.066
20323,2023,51.7427,83.7398,17.4814,41.2566,2.3593,0.8395,55.4836,80.143
20323,2024,51.2478,77.6,18.7166,40.043,2.514,0.8668,60.4193,80.143
20323,2025,51.2478,77.6,20.9236,64.9688,2.0212,0.8668,60.4193,80.143
20323,2026,51.2478,77.6,20.9236,64.9688,1.9512,0.8668,60.4193,80.143
20324,2023,49.2925,75.6757,17.0534,48.8257,3.4426,0.8604,73.0674,29.2269
20324,2024,46.3071,78.5714,31.8293,44.8691,2.862,0.8722,59.4884,29.2269
20324,2025,46.3071,78.5714,20.5772,63.0103,2.4605,0.8722,59.4884,29.2269
20324,2026,46.3071,78.5714,20.5772,63.0103,3.0411,0.8722,59.4884,29.2269
20349,2023,53.6486,52.2727,31.07,0.0,6.6667,1.1215,47.1254,70.688
20349,2024,55.1051,66.6667,19.7125,0.0,8.4795,1.0381,48.1812,70.688
20349,2025,55.1051,66.6667,19.9125,0.0,5.919,1.0381,48.1812,70.688
20349,2026,55.1051,66.6667,19.9125,0.0,5.8632,1.0381,48.1812,70.688
20350,2023,43.1185,89.8734,35.6608,25.5985,3.4826,0.918,52.283,313.6982
20350,2024,45.3358,86.8852,26.8802,34.2843,3.1088,0.9875,53.5236,313.6982
20350,2025,45.3358,86.8852,23.2143,50.6512,3.5524,0.9875,53.5236,313.6982
20350,2026,45.3358,86.8852,23.2143,50.6512,3.7106,0.9875,53.5236,313.6982
20361,2023,44.6195,45.3125,10.7104,67.7763,,0.9828,73.2677,188.4028
20361,2024,44.3346,41.6667,17.6241,72.77,,1.0185,74.3771,188.4028
20361,2025,44.3346,41.6667,18.1922,78.6164,,1.0185,74.3771,188.4028
20361,2026,44.3346,41.6667,18.1922,78.6164,,1.0185,74.3771,188.4028
20362,2023,44.7807,44.7619,21.3941,23.5282,,0.8387,56.2351,231.9696
20362,2024,45.0589,38.8889,14.9038,85.2389,,0.8578,56.3023,231.9696
20362,2025,45.0589,38.8889,6.9383,86.6639,,0.8578,56.3023,231.9696
20362,2026,45.0589,38.8889,6.9383,86.6639,,0.8578,56.3023,231.9696
20363,2023,39.3195,57.1429,14.9317,40.2857,,0.7473,62.0117,62.0117
20363,2024,39.4805,65.3846,15.8079,29.0824,,0.7622,61.7818,62.0117
20363,2025,39.4805,65.3846,18.7609,30.3788,,0.7622,61.7818,62.0117
20363,2026,39.4805,65.3846,18.7609,30.3788,,0.7622,61.7818,62.0117
20382,2023,46.4875,89.313,19.1645,9.202,2.6429,0.9025,69.8512,102.0902
20382,2024,45.5133,87.3786,18.2478,3.5236,3.3157,0.9303,71.081,102.0902
20382,2025,45.5133,87.3786,18.6572,9.2607,3.1275,0.9303,71.081,102.0902
20382,2026,45.5133,87.3786,18.6572,9.2607,3.234,0.9303,71.081,102.0902
20383,2023,57.7941,88.6957,22.0696,117.7935,2.3529,0.8964,56.7675,89.2061
20383,2024,57.6057,90.1639,22.5345,139.2292,2.2996,0.924,57.2293,89.2061
20383,2025,57.6057,90.1639,24.4601,126.5152,2.4828,0.924,57.2293,89.2061
20383,2026,57.6057,90.1639,24.4601,126.5152,2.4443,0.924,57.2293,89.2061
20384,2023,66.3951,87.9121,45.9231,281.5409,1.9947,0.9049,66.0939,44.0626
20384,2024,67.3835,91.1392,34.8697,335.0057,2.2378,0.8701,67.0017,44.0626
20384,2025,67.3835,91.1392,3.5417,7.4639,1.8705,0.8701,67.0017,44.0626
20384,2026,67.3835,91.1392,3.5417,7.4639,2.924,0.8701,67.0017,44.0626
20385,2023,50.0,96.2264,18.6191,29.5122,3.1063,0.9747,56.2149,37.4766
20385,2024,51.397,91.6667,19.6608,26.1438,2.7744,0.8681,49.6617,37.4766
20385,2025,51.397,91.6667,21.3089,35.0005,2.5094,0.8681,49.6617,37.4766
20385,2026,51.397,91.6667,21.3089,35.0005,2.0202,0.8681,49.6617,37.4766
20386,2023,60.5578,86.3636,22.8302,44.5293,2.8947,0.8523,63.6672,63.6672
20386,2024,61.157,73.5294,21.9802,15.69,2.7248,0.7948,64.3225,63.6672
20386,2025,61.157,73.5294,26.6247,46.9453,3.5398,0.7948,64.3225,63.6672
20386,2026,61.157,73.5294,26.6247,46.9453,3.5088,0.7948,64.3225,63.6672
20388,2023,53.4562,81.25,20.9078,93.8453,2.4904,0.9615,45.2642,33.9482
20388,2024,55.1346,94.3396,23.2295,300.0539,1.7578,1.0443,34.1142,33.9482
20388,2025,55.1346,94.3396,20.1936,126.5255,1.1881,1.0443,34.1142,33.9482
20388,2026,55.1346,94.3396,20.1936,126.5255,1.8072,1.0443,34.1142,33.9482
20402,2023,61.2107,65.8915,14.6452,16.6726,2.537,0.7982,31.3922,102.0248
20402,2024,61.8163,78.9474,11.8541,42.9929,2.3102,0.8022,31.5981,102.0248
20402,2025,61.8163,78.9474,27.1127,54.7384,1.4706,0.8022,31.5981,102.0248
20402,2026,61.8163,78.9474,27.1127,54.7384,2.0833,0.8022,31.5981,102.0248
20403,2023,57.6477,68.3761,27.1118,0.0,2.1991,0.8752,77.4114,147.0816
20403,2024,60.2203,64.486,25.3431,0.0,2.5882,0.9099,70.4777,147.0816
20403,2025,60.2203,64.486,41.8762,0.0,2.9151,0.9099,70.4777,147.0816
20403,2026,60.2203,64.486,41.8762,0.0,2.168,0.9099,70.4777,147.0816
20404,2023,61.0845,69.3878,32.8829,898.8212,1.9753,1.0443,118.7648,237.5297
20404,2024,63.7138,65.9091,31.7618,913.6905,1.5345,0.9528,122.6091,237.5297
20404,2025,63.7138,65.9091,35.9043,1051.2212,1.8373,0.9528,122.6091,237.5297
20404,2026,63.7138,65.9091,35.9043,1051.2212,2.4129,0.9528,122.6091,237.5297
20407,2023,49.5972,43.9024,19.3922,207.6082,2.9126,0.8376,115.6069,66.0611
20407,2024,48.7715,44.4444,20.9507,160.8849,2.994,0.8761,116.8809,66.0611
20407,2025,48.7715,44.4444,21.7877,289.5402,2.9289,0.8761,116.8809,66.0611
20407,2026,48.7715,44.4444,21.7877,289.5402,3.7611,0.8761,116.8809,66.0611
20409,2023,57.1429,100.0,,77.821,3.0303,1.1597,259.0674,0.0
20409,2024,51.5152,100.0,,238.0952,2.6316,1.1805,266.6667,0.0
20409,2025,51.5152,100.0,,157.4803,2.8571,1.1805,266.6667,0.0
20409,2026,51.5152,100.0,,157.4803,0.0,1.1805,266.6667,0.0
20410,2023,55.9211,77.7778,38.7755,93.4579,1.9802,0.8947,231.2139,115.6069
20410,2024,59.5588,57.1429,26.5957,113.8211,2.1277,0.766,242.4242,115.6069
20410,2025,59.5588,57.1429,44.9275,134.0034,2.2727,0.766,242.4242,115.6069
20410,2026,59.5588,57.1429,44.9275,134.0034,1.1905,0.766,242.4242,115.6069
20411,2023,62.1154,60.0,23.6527,297.3444,2.8881,0.7468,56.3222,28.1611
20411,2024,64.2127,64.2857,11.838,329.0693,4.9808,0.7865,57.4878,28.1611
20411,2025,64.2127,64.2857,16.0256,395.045,4.4177,0.7865,57.4878,28.1611
20411,2026,64.2127,64.2857,16.0256,395.045,4.2918,0.7865,57.4878,28.1611
20412,2023,54.3478,80.0,22.0779,277.0083,2.2727,0.7753,202.0202,0.0
20412,2024,45.6522,100.0,12.1622,303.3708,5.1282,0.7834,211.4165,0.0
20412,2025,45.6522,100.0,11.9403,372.093,9.375,0.7834,211.4165,0.0
20412,2026,45.6522,100.0,11.9403,372.093,6.0606,0.7834,211.4165,0.0
20413,2023,33.526,75.0,10.559,44.6623,5.7377,1.0404,176.9912,0.0
20413,2024,36.2416,75.0,5.0633,42.9864,3.6364,0.7599,183.8235,0.0
20413,2025,36.2416,75.0,16.092,47.5624,4.2105,0.7599,183.8235,0.0
20413,2026,36.2416,75.0,16.092,47.5624,4.6512,0.7599,183.8235,0.0
20414,2023,13.7931,0.0,16.1074,0.0,0.0,0.7603,130.6336,65.3168
20414,2024,18.8406,0.0,17.4194,17.1198,2.439,0.6999,135.2265,65.3168
20414,2025,18.8406,0.0,18.9394,7.2917,1.7391,0.6999,135.2265,65.3168
20414,2026,18.8406,0.0,18.9394,7.2917,0.9009,0.6999,135.2265,65.3168
20415,2023,75.8499,93.8776,14.1463,83.1698,2.0134,0.9413,49.6689,33.1126
20415,2024,77.006,98.1481,36.3484,143.9544,2.0408,1.0043,50.2344,33.1126
20415,2025,77.006,98.1481,33.9041,98.5529,1.8779,1.0043,50.2344,33.1126
20415,2026,77.006,98.1481,33.9041,98.5529,3.4739,1.0043,50.2344,33.1126
20416,2023,62.1486,85.4545,36.4706,37.7049,3.0303,0.8331,45.4339,60.5785
20416,2024,60.0832,88.0952,28.1056,178.6893,3.0364,0.7748,30.4414,60.5785
20416,2025,60.0832,88.0952,30.6818,175.6501,3.212,0.7748,30.4414,60.5785
20416,2026,60.0832,88.0952,30.6818,175.6501,3.1891,0.7748,30.4414,60.5785
20417,2023,64.3979,80.0,23.6111,1225.5193,2.7027,1.1205,323.9741,107.9914
20417,2024,62.2857,86.6667,25.6944,881.9018,2.7778,0.7612,338.2187,107.9914
20417,2025,62.2857,86.6667,16.0305,982.5119,2.9412,0.7612,338.2187,107.9914
20417,2026,62.2857,86.6667,16.0305,982.5119,2.8571,0.7612,338.2187,107.9914
20422,2023,59.7464,68.0,23.0576,19.1482,,0.7691,98.256,49.128
20422,2024,56.0732,65.2174,27.7937,61.43,,0.8976,99.975,49.128
20422,2025,56.0732,65.2174,27.0588,9.9247,,0.8976,99.975,49.128
20422,2026,56.0732,65.2174,27.0588,9.9247,,0.8976,99.975,49.128
20423,2023,68.4385,85.1852,21.34,0.0,,0.9258,51.5996,25.7998
20423,2024,68.5567,86.9565,24.0933,14.6681,,0.8916,53.1208,25.7998
20423,2025,68.5567,86.9565,22.7621,30.0075,,0.8916,53.1208,25.7998
20423,2026,68.5567,86.9565,22.7621,30.0075,,0.8916,53.1208,25.7998
20425,2023,48.8017,100.0,,473.4651,,0.9958,75.8438,75.8438
20425,2024,49.6536,94.1176,,429.2528,,0.9214,77.5494,75.8438
20425,2025,49.6536,94.1176,,161.987,,0.9214,77.5494,75.8438
20425,2026,49.6536,94.1176,,161.987,,0.9214,77.5494,75.8438
20429,2023,47.619,120.0,11.9565,31.9549,,0.8441,146.6276,146.6276
20429,2024,46.4646,20.0,14.4444,290.1961,,0.7386,152.207,146.6276
20429,2025,46.4646,20.0,33.8028,630.7385,,0.7386,152.207,146.6276
20429,2026,46.4646,20.0,33.8028,630.7385,,0.7386,152.207,146.6276
20430,2023,51.2334,63.1579,22.3729,0.0,,0.8845,117.7856,29.4464
20430,2024,49.2537,71.4286,20.9677,0.0,,0.8569,120.4094,29.4464
20430,2025,49.2537,71.4286,20.1613,0.0,,0.8569,120.4094,29.4464
20430,2026,49.2537,71.4286,20.1613,0.0,,0.8569,120.4094,29.4464
20432,2023,65.6604,89.1892,15.6134,7.6852,,0.8418,78.2855,293.5708
20432,2024,64.6465,92.4242,25.4065,8.2954,,0.7725,79.7528,293.5708
20432,2025,64.6465,92.4242,25.4902,6.1075,,0.7725,79.7528,293.5708
20432,2026,64.6465,92.4242,25.4902,6.1075,,0.7725,79.7528,293.5708
20446,2023,59.1981,95.8333,23.6749,202.2654,4.0541,1.0371,78.8644,39.4322
20446,2024,53.4279,85.2941,15.2381,144.6645,3.7383,1.0878,80.9389,39.4322
20446,2025,53.4279,85.2941,17.4216,150.0843,5.314,1.0878,80.9389,39.4322
20446,2026,53.4279,85.2941,17.4216,150.0843,4.2453,1.0878,80.9389,39.4322
20448,2023,56.0656,89.4737,20.9091,92.9853,4.5455,0.9372,58.8928,58.8928
20448,2024,53.4722,90.0,,110.9244,5.5556,0.9967,60.6061,58.8928
20448,2025,53.4722,90.0,21.0784,12.7226,3.7037,0.9967,60.6061,58.8928
20448,2026,53.4722,90.0,21.0784,12.7226,3.1746,0.9967,60.6061,58.8928
20450,2023,37.2918,71.1538,11.0442,7.3341,3.4826,0.9479,58.5617,81.9864
20450,2024,39.0937,73.3333,12.118,5.6631,3.7367,1.0553,58.6441,81.9864
20450,2025,39.0937,73.3333,11.9101,10.7156,2.2222,1.0553,58.6441,81.9864
20450,2026,39.0937,73.3333,11.9101,10.7156,3.3333,1.0553,58.6441,81.9864
20451,2023,50.3365,28.8889,24.9554,0.0,2.7027,1.0354,22.941,45.8821
20451,2024,51.9231,33.3333,21.8807,20.7756,2.1875,0.9257,23.1642,45.8821
20451,2025,51.9231,33.3333,21.6117,0.0,1.8519,0.9257,23.1642,45.8821
20451,2026,51.9231,33.3333,21.6117,0.0,2.1605,0.9257,23.1642,45.8821
20452,2023,51.7199,71.1538,29.078,382.6772,4.7745,1.0776,47.9042,95.8084
20452,2024,52.5066,74.359,35.3183,372.0631,3.8781,0.958,49.456,95.8084
20452,2025,52.5066,74.359,18.7919,493.4683,3.2258,0.958,49.456,95.8084
20452,2026,52.5066,74.359,18.7919,493.4683,3.6923,0.958,49.456,95.8084
20481,2023,71.0006,93.1818,15.0426,1088.3295,,0.9159,74.6189,575.6316
20481,2024,69.5097,83.871,12.0505,973.6382,,0.8866,75.7658,575.6316
20481,2025,69.5097,83.871,29.4581,1278.6813,,0.8866,75.7658,575.6316
20481,2026,69.5097,83.871,29.4581,1278.6813,,0.8866,75.7658,575.6316
20482,2023,58.169,64.7887,26.6234,0.0,,0.8666,83.29,114.5237
20482,2024,56.4103,61.9048,26.9737,29.0932,,1.0028,83.455,114.5237
20482,2025,56.4103,61.9048,26.5398,24.6343,,1.0028,83.455,114.5237
20482,2026,56.4103,61.9048,26.5398,24.6343,,1.0028,83.455,114.5237
20485,2023,52.8169,63.1068,23.2077,22.8413,,0.7759,68.3216,91.0954
20485,2024,51.1357,61.7978,21.5219,23.8593,,0.8433,65.5093,91.0954
20485,2025,51.1357,61.7978,21.8801,84.6718,,0.8433,65.5093,91.0954
20485,2026,51.1357,61.7978,21.8801,84.6718,,0.8433,65.5093,91.0954
20486,2023,49.4485,72.7273,26.4198,67.5393,,0.8,73.3945,36.6972
20486,2024,60.5159,68.9655,30.7895,67.0213,,1.0901,73.3676,36.6972
20486,2025,60.5159,68.9655,35.9673,64.0956,,1.0901,73.3676,36.6972
20486,2026,60.5159,68.9655,35.9673,64.0956,,1.0901,73.3676,36.6972
20521,2023,58.3375,94.7761,,42.3685,2.7211,0.9547,77.1713,56.1246
20521,2024,60.0742,91.9643,,39.9542,3.2161,0.8773,77.8375,56.1246
20521,2025,60.0742,91.9643,,10.6003,3.7353,0.8773,77.8375,56.1246
20521,2026,60.0742,91.9643,,10.6003,3.4753,0.8773,77.8375,56.1246
20541,2023,40.4945,51.4706,15.1369,20.5339,3.287,0.8708,72.7802,90.9753
20541,2024,41.9004,48.8636,11.7452,4.1062,2.834,0.9088,72.7736,90.9753
20541,2025,41.9004,48.8636,16.5541,9.9306,2.7818,0.9088,72.7736,90.9753
20541,2026,41.9004,48.8636,16.5541,9.9306,2.7692,0.9088,72.7736,90.9753
20543,2023,68.7602,83.1325,27.9762,71.196,2.3179,0.9371,45.1196,30.0797
20543,2024,68.9537,77.0833,32.3857,153.5948,2.9361,0.9993,45.977,30.0797
20543,2025,68.9537,77.0833,18.7105,162.4176,3.7106,0.9993,45.977,30.0797
20543,2026,68.9537,77.0833,18.7105,162.4176,3.4221,0.9993,45.977,30.0797
20561,2023,49.556,76.6423,17.6649,7.7078,2.7881,0.844,43.482,43.482
20561,2024,51.2141,84.8837,19.1717,7.5458,3.125,0.8596,43.8673,43.482
20561,2025,51.2141,84.8837,21.0674,6.5693,3.0519,0.8596,43.8673,43.482
20561,2026,51.2141,84.8837,21.0674,6.5693,2.4652,0.8596,43.8673,43.482
20562,2023,58.5799,70.1754,25.6117,9.6123,3.271,0.9137,90.1307,67.598
20562,2024,55.7935,64.7059,24.1026,3.2165,3.202,0.9656,91.659,67.598
20562,2025,55.7935,64.7059,21.2177,23.0669,3.0151,0.9656,91.659,67.598
20562,2026,55.7935,64.7059,21.2177,23.0669,2.611,0.9656,91.659,67.598
20563,2023,54.8287,46.1538,46.4646,0.0,2.4221,0.8703,116.2453,58.1226
20563,2024,53.6545,55.5556,25.7576,0.0,1.3889,0.9004,113.5074,58.1226
20563,2025,53.6545,55.5556,26.6979,0.0,0.7519,0.9004,113.5074,58.1226
20563,2026,53.6545,55.5556,26.6979,0.0,0.7843,0.9004,113.5074,58.1226
20583,2023,43.6308,57.8947,26.9972,21.4395,2.8402,0.954,25.5493,89.4226
20583,2024,42.4422,60.5634,30.8463,40.2835,3.0,0.9993,38.9712,89.4226
20583,2025,42.4422,60.5634,17.1553,43.0371,2.8188,0.9993,38.9712,89.4226
20583,2026,42.4422,60.5634,17.1553,43.0371,3.2211,0.9993,38.9712,89.4226
20588,2023,62.2108,70.9677,62.7737,0.0,5.4054,0.9239,43.2152,0.0
20588,2024,65.3439,71.4286,38.6207,33.3717,7.8704,0.9771,44.1891,0.0
20588,2025,65.3439,71.4286,32.4324,35.3565,4.3902,0.9771,44.1891,0.0
20588,2026,65.3439,71.4286,32.4324,35.3565,5.0251,0.9771,44.1891,0.0
20590,2023,45.7778,56.9767,23.0769,47.9524,3.0303,0.8706,37.9723,132.903
20590,2024,45.8442,49.4624,22.6415,57.8457,3.2017,0.8495,28.9464,132.903
20590,2025,45.8442,49.4624,25.4167,26.6649,2.99,0.8495,28.9464,132.903
20590,2026,45.8442,49.4624,25.4167,26.6649,2.7304,0.8495,28.9464,132.903
20602,2023,59.4855,46.6667,23.4783,411.1792,2.6178,0.7927,182.704,60.9013
20602,2024,55.9748,55.5556,13.2,283.4521,1.087,0.8159,188.5607,60.9013
20602,2025,55.9748,55.5556,20.6704,30.9446,0.6135,0.8159,188.5607,60.9013
20602,2026,55.9748,55.5556,20.6704,30.9446,1.2739,0.8159,188.5607,60.9013
21201,2023,39.0025,18.9896,8.2958,0.5858,4.9357,1.0725,100.8946,430.169
21201,2024,38.7654,26.85,9.0573,5.7614,5.0218,1.0717,99.2675,430.169
21201,2025,38.7654,26.85,9.1225,4.6003,4.7947,1.0717,99.2675,430.169
21201,2026,38.7654,26.85,9.1225,4.6003,4.9537,1.0717,99.2675,430.169
21202,2023,36.0062,51.5775,7.4651,12.0254,3.8255,0.9643,84.7564,258.0362
21202,2024,34.5441,52.0525,7.4954,13.8357,3.7395,0.9557,84.1511,258.0362
21202,2025,34.5441,52.0525,8.3529,10.7326,3.8761,0.9557,84.1511,258.0362
21202,2026,34.5441,52.0525,8.3529,10.7326,3.9671,0.9557,84.1511,258.0362
21203,2023,52.227,89.8268,30.7291,22.7354,4.2314,0.8688,94.8564,238.3267
21203,2024,52.8186,87.3894,29.5861,36.1011,4.0813,0.8799,91.2573,238.3267
21203,2025,52.8186,87.3894,29.0571,32.1275,3.9186,0.8799,91.2573,238.3267
21203,2026,52.8186,87.3894,29.0571,32.1275,3.7684,0.8799,91.2573,238.3267
21204,2023,40.757,67.121,14.3026,33.2581,3.7023,0.9765,79.2334,269.3935
21204,2024,39.2755,66.7877,13.8078,53.9317,3.462,0.9876,78.1684,269.3935
21204,2025,39.2755,66.7877,14.281,57.4488,3.5057,0.9876,78.1684,269.3935
21204,2026,39.2755,66.7877,14.281,57.4488,3.6229,0.9876,78.1684,269.3935
21205,2023,33.7801,36.1386,18.5566,5.5395,3.4307,0.954,81.8359,222.1261
21205,2024,34.3519,30.4348,18.4214,5.3265,3.0909,0.9718,82.5228,222.1261
21205,2025,34.3519,30.4348,17.4376,4.6387,3.0201,0.9718,82.5228,222.1261
21205,2026,34.3519,30.4348,17.4376,4.6387,2.8655,0.9718,82.5228,222.1261
21206,2023,39.425,62.5352,9.9588,2.6108,3.6655,0.9041,72.9433,143.2342
21206,2024,39.5842,67.6056,9.6115,11.8513,3.3476,0.902,71.1104,143.2342
21206,2025,39.5842,67.6056,9.3899,7.4263,3.1646,0.902,71.1104,143.2342
21206,2026,39.5842,67.6056,9.3899,7.4263,3.0595,0.902,71.1104,143.2342
21207,2023,30.9114,8.4337,7.8017,9.4987,2.9674,1.0208,76.9468,128.2446
21207,2024,30.2163,23.0769,7.7708,7.5057,3.0246,1.0144,77.8049,128.2446
21207,2025,30.2163,23.0769,8.8251,11.2334,3.5064,1.0144,77.8049,128.2446
21207,2026,30.2163,23.0769,8.8251,11.2334,3.3428,1.0144,77.8049,128.2446
21208,2023,37.6869,44.5455,20.6995,2.6659,3.4401,0.9798,85.8607,227.1154
21208,2024,37.9974,44.0,32.5628,2.5908,3.5552,0.9944,89.5581,227.1154
21208,2025,37.9974,44.0,19.3639,7.8952,4.2064,0.9944,89.5581,227.1154
21208,2026,37.9974,44.0,19.3639,7.8952,4.5982,0.9944,89.5581,227.1154
21209,2023,40.7499,15.9193,7.637,3.8428,4.6479,1.0055,76.0332,140.1395
21209,2024,38.3912,10.6481,7.0935,6.531,5.0443,1.0159,67.3905,140.1395
21209,2025,38.3912,10.6481,7.1774,6.4289,4.8699,1.0159,67.3905,140.1395
21209,2026,38.3912,10.6481,7.1774,6.4289,4.5358,1.0159,67.3905,140.1395
21210,2023,43.584,61.0236,12.2724,6.5153,3.4856,0.9528,90.4045,136.658
21210,2024,44.1947,63.3484,9.8374,0.0,3.1626,0.9378,85.3461,136.658
21210,2025,44.1947,63.3484,12.1031,0.0,3.8598,0.9378,85.3461,136.658
21210,2026,44.1947,63.3484,12.1031,0.0,4.1228,0.9378,85.3461,136.658
21211,2023,34.9736,11.0619,16.397,10.8492,3.2874,0.9753,64.6627,358.2663
21211,2024,33.8313,20.9424,21.0297,18.7842,3.9145,0.9539,60.8273,358.2663
21211,2025,33.8313,20.9424,24.1245,13.4238,3.7889,0.9539,60.8273,358.2663
21211,2026,33.8313,20.9424,24.1245,13.4238,3.8155,0.9539,60.8273,358.2663
21212,2023,38.651,45.5331,9.277,31.9692,3.605,0.9582,71.6307,161.169
21212,2024,38.1805,48.8449,8.9594,56.5725,3.5408,0.9739,65.4664,161.169
21212,2025,38.1805,48.8449,9.0527,49.0657,3.5973,0.9739,65.4664,161.169
21212,2026,38.1805,48.8449,9.0527,49.0657,3.3543,0.9739,65.4664,161.169
21213,2023,39.6945,20.7989,11.1965,20.0841,4.0909,1.005,78.9998,157.9996
21213,2024,40.3393,30.0325,11.1618,17.3158,4.0497,1.0203,78.6532,157.9996
21213,2025,40.3393,30.0325,10.9745,19.2359,4.009,1.0203,78.6532,157.9996
21213,2026,40.3393,30.0325,10.9745,19.2359,4.0544,1.0203,78.6532,157.9996
21214,2023,33.6748,21.2914,24.5257,11.6674,4.039,0.9717,67.5864,118.2761
21214,2024,33.0939,28.1071,23.2625,10.8558,3.8944,0.9798,65.8637,118.2761
21214,2025,33.0939,28.1071,23.4225,12.7881,3.6999,0.9798,65.8637,118.2761
21214,2026,33.0939,28.1071,23.4225,12.7881,3.6331,0.9798,65.8637,118.2761
21215,2023,36.7731,40.7143,20.2545,4.5973,3.5321,1.0654,90.0372,180.0744
21215,2024,40.2226,40.0,18.0403,0.0,3.2732,1.0148,91.1505,180.0744
21215,2025,40.2226,40.0,20.106,0.0,2.7555,1.0148,91.1505,180.0744
21215,2026,40.2226,40.0,20.106,0.0,3.4664,1.0148,91.1505,180.0744
21216,2023,45.2066,85.8238,18.5806,2.9182,,0.9706,58.9444,71.4477
21216,2024,46.7845,89.313,16.278,4.1989,,1.0173,62.135,71.4477
21216,2025,46.7845,89.313,15.3164,5.5403,,1.0173,62.135,71.4477
21216,2026,46.7845,89.313,15.3164,5.5403,,1.0173,62.135,71.4477
21217,2023,65.7192,96.5986,31.0098,12.4427,3.55,0.9658,110.9779,115.4171
21217,2024,65.3475,90.8397,31.1849,8.5953,3.0989,1.008,104.0442,115.4171
21217,2025,65.3475,90.8397,28.3699,8.8066,2.8332,1.008,104.0442,115.4171
21217,2026,65.3475,90.8397,28.3699,8.8066,3.6496,1.008,104.0442,115.4171
21218,2023,44.3564,76.4444,20.5863,87.9514,,0.9936,69.5032,66.4813
21218,2024,46.0694,76.0181,18.0218,138.5812,,1.0167,69.4675,66.4813
21218,2025,46.0694,76.0181,15.6293,110.2882,,1.0167,69.4675,66.4813
21218,2026,46.0694,76.0181,15.6293,110.2882,,1.0167,69.4675,66.4813
21219,2023,59.2267,38.1339,42.813,18.7041,3.0146,0.9973,69.0272,194.2989
21219,2024,58.7954,44.7059,40.112,11.0857,3.2299,0.9644,65.0195,194.2989
21219,2025,58.7954,44.7059,40.3246,19.3773,3.086,0.9644,65.0195,194.2989
21219,2026,58.7954,44.7059,40.3246,19.3773,2.8878,0.9644,65.0195,194.2989
21220,2023,51.0807,86.8852,33.2417,43.5206,3.4357,0.9962,89.6474,185.9353
21220,2024,51.3616,85.7143,32.3572,50.6233,3.178,1.0256,91.5409,185.9353
21220,2025,51.3616,85.7143,33.9103,45.4698,3.0276,1.0256,91.5409,185.9353
21220,2026,51.3616,85.7143,33.9103,45.4698,3.0061,1.0256,91.5409,185.9353
21221,2023,38.9024,21.7213,10.7553,17.8109,3.7289,0.9584,70.5911,113.5596
21221,2024,36.846,18.0952,10.131,28.7747,3.5728,0.9959,68.57,113.5596
21221,2025,36.846,18.0952,13.3995,35.7078,3.9526,0.9959,68.57,113.5596
21221,2026,36.846,18.0952,13.3995,35.7078,4.5323,0.9959,68.57,113.5596
21302,2023,37.273,66.1538,12.5822,6.2707,5.4154,1.0429,102.8846,148.6111
21302,2024,40.7872,55.8333,12.842,6.6393,5.5382,1.0462,99.1345,148.6111
21302,2025,40.7872,55.8333,13.5525,11.6019,4.7463,1.0462,99.1345,148.6111
21302,2026,40.7872,55.8333,13.5525,11.6019,4.3516,1.0462,99.1345,148.6111
21303,2023,46.371,47.4138,13.5162,64.1571,3.7344,0.9995,87.0442,829.2102
21303,2024,46.7609,46.2264,14.3753,65.2597,3.4934,1.0018,87.092,829.2102
21303,2025,46.7609,46.2264,14.5678,61.6223,3.0359,1.0018,87.092,829.2102
21303,2026,46.7609,46.2264,14.5678,61.6223,3.4323,1.0018,87.092,829.2102
21341,2023,40.6569,21.393,18.0375,1.1973,4.4924,1.0491,52.126,126.5917
21341,2024,41.195,27.0408,17.661,5.8038,4.8452,1.0428,56.8246,126.5917
21341,2025,41.195,27.0408,16.3043,7.7905,4.789,1.0428,56.8246,126.5917
21341,2026,41.195,27.0408,16.3043,7.7905,5.2605,1.0428,56.8246,126.5917
21361,2023,31.9293,33.0882,10.5809,5.2257,3.7582,0.9635,53.3232,125.6903
21361,2024,32.4009,33.0882,10.9837,6.7166,3.5653,0.9516,57.5639,125.6903
21361,2025,32.4009,33.0882,11.3233,14.1383,3.8391,0.9516,57.5639,125.6903
21361,2026,32.4009,33.0882,11.3233,14.1383,4.6408,0.9516,57.5639,125.6903
21362,2023,33.949,66.1017,23.1481,209.0987,3.0875,0.9082,77.3276,108.2586
21362,2024,34.8357,52.1739,23.8179,229.1667,2.7829,0.9229,79.5292,108.2586
21362,2025,34.8357,52.1739,22.4959,259.4392,3.5785,0.9229,79.5292,108.2586
21362,2026,34.8357,52.1739,22.4959,259.4392,2.5052,0.9229,79.5292,108.2586
21381,2023,49.0593,42.6316,20.8515,0.0,,1.0635,69.979,80.745
21381,2024,47.9183,45.4545,19.1734,0.0,,1.0308,70.6176,80.745
21381,2025,47.9183,45.4545,18.9437,0.0,,1.0308,70.6176,80.745
21381,2026,47.9183,45.4545,18.9437,0.0,,1.0308,70.6176,80.745
21382,2023,48.0784,54.6875,23.6343,12.7007,,1.0216,53.6136,64.3363
21382,2024,50.1229,55.9322,22.3898,13.6986,,0.9678,53.9549,64.3363
21382,2025,50.1229,55.9322,23.2759,18.8314,,0.9678,53.9549,64.3363
21382,2026,50.1229,55.9322,23.2759,18.8314,,0.9678,53.9549,64.3363
21383,2023,43.9169,60.3604,22.0304,4.8214,,0.9476,75.7993,89.581
21383,2024,44.1654,63.0252,22.1816,0.0,,0.9288,76.0456,89.581
21383,2025,44.1654,63.0252,21.5805,20.9259,,0.9288,76.0456,89.581
21383,2026,44.1654,63.0252,21.5805,20.9259,,0.9288,76.0456,89.581
21401,2023,42.2523,29.3651,11.3744,4.817,,0.9568,107.4939,245.7002
21401,2024,46.0032,38.4615,11.2348,3.6395,,1.0036,115.4129,245.7002
21401,2025,46.0032,38.4615,10.4892,22.6415,,1.0036,115.4129,245.7002
21401,2026,46.0032,38.4615,10.4892,22.6415,,1.0036,115.4129,245.7002
21403,2023,34.7625,46.5517,17.8423,16.2482,,1.0333,58.9409,77.0765
21403,2024,35.2516,47.4576,15.5229,20.0226,,1.1044,59.6385,77.0765
21403,2025,35.2516,47.4576,13.615,14.709,,1.1044,59.6385,77.0765
21403,2026,35.2516,47.4576,13.615,14.709,,1.1044,59.6385,77.0765
21404,2023,31.744,22.0779,9.5286,19.57,,0.9864,34.7977,56.5463
21404,2024,33.2648,18.0,13.9958,12.4232,,0.9479,39.6231,56.5463
21404,2025,33.2648,18.0,14.823,16.7625,,0.9479,39.6231,56.5463
21404,2026,33.2648,18.0,14.823,16.7625,,0.9479,39.6231,56.5463
21421,2023,34.788,77.2277,11.2622,3.0769,,0.9998,123.0275,176.5178
21421,2024,33.6399,74.0741,9.6284,1.8018,,1.0337,117.6659,176.5178
21421,2025,33.6399,74.0741,10.7291,3.8666,,1.0337,117.6659,176.5178
21421,2026,33.6399,74.0741,10.7291,3.8666,,1.0337,117.6659,176.5178
21501,2023,46.6953,33.9623,18.9526,37.4024,2.7211,1.0396,61.8506,37.1103
21501,2024,48.8701,52.9412,17.0635,40.0409,2.1127,0.8842,60.8791,37.1103
21501,2025,48.8701,52.9412,18.1543,30.9591,2.9038,0.8842,60.8791,37.1103
21501,2026,48.8701,52.9412,18.1543,30.9591,2.5097,0.8842,60.8791,37.1103
21502,2023,43.6409,44.4444,24.1187,10.817,3.58,1.0273,69.4444,52.0833
21502,2024,42.5587,38.0952,25.6654,13.8028,2.7295,1.095,68.4112,52.0833
21502,2025,42.5587,38.0952,25.3359,13.4869,2.9101,1.095,68.4112,52.0833
21502,2026,42.5587,38.0952,25.3359,13.4869,3.352,1.095,68.4112,52.0833
21503,2023,42.4761,73.4694,22.7836,37.1176,3.2637,0.943,70.267,80.3052
21503,2024,40.8764,64.4444,20.4995,32.9567,2.4965,0.9179,71.1165,80.3052
21503,2025,40.8764,64.4444,21.1702,31.2352,2.1645,0.9179,71.1165,80.3052
21503,2026,40.8764,64.4444,21.1702,31.2352,2.8701,0.9179,71.1165,80.3052
21504,2023,59.4326,85.7143,36.036,35.7004,2.3121,0.921,118.5888,88.9416
21504,2024,59.6358,81.8182,33.2481,23.4686,0.885,0.8535,121.5805,88.9416
21504,2025,59.6358,81.8182,36.3395,36.1936,0.6061,0.8535,121.5805,88.9416
21504,2026,59.6358,81.8182,36.3395,36.1936,1.6502,0.8535,121.5805,88.9416
21505,2023,51.693,25.5556,25.1019,13.4639,3.355,1.0852,107.0664,87.5998
21505,2024,51.5954,26.7442,25.7534,81.3443,3.3219,0.9874,108.9972,87.5998
21505,2025,51.5954,26.7442,24.0483,64.606,2.7284,0.9874,108.9972,87.5998
21505,2026,51.5954,26.7442,24.0483,64.606,3.494,0.9874,108.9972,87.5998
21506,2023,48.8121,55.102,30.5085,26.5018,2.4934,0.9648,53.9011,107.8022
21506,2024,49.0211,62.5,32.1998,27.0758,2.2191,0.8962,41.7014,107.8022
21506,2025,49.0211,62.5,23.5933,55.8971,3.3537,0.8962,41.7014,107.8022
21506,2026,49.0211,62.5,23.5933,55.8971,3.6741,0.8962,41.7014,107.8022
21507,2023,52.0,52.9412,17.4242,32.2997,2.9412,0.8511,94.8317,94.8317
21507,2024,50.1425,23.0769,6.0377,31.3316,1.2579,0.8484,96.5251,94.8317
21507,2025,50.1425,23.0769,17.7686,23.9362,1.3158,0.8484,96.5251,94.8317
21507,2026,50.1425,23.0769,17.7686,23.9362,0.6211,0.8484,96.5251,94.8317
21521,2023,45.3405,78.626,22.3622,2.0729,3.7241,1.0764,61.8847,61.8847
21521,2024,46.2956,72.973,23.1029,1.1227,4.0352,1.0743,56.5547,61.8847
21521,2025,46.2956,72.973,22.4621,1.4721,4.3177,1.0743,56.5547,61.8847
21521,2026,46.2956,72.973,22.4621,1.4721,5.297,1.0743,56.5547,61.8847
21604,2023,65.8537,53.8462,45.8333,13.9335,4.1237,0.8479,198.2816,66.0939
21604,2024,64.6154,88.8889,48.2517,11.8407,3.0303,0.8528,201.2072,66.0939
21604,2025,64.6154,88.8889,54.3307,0.0,2.1739,0.8528,201.2072,66.0939
21604,2026,64.6154,88.8889,54.3307,0.0,1.1494,0.8528,201.2072,66.0939
22100,2023,33.0115,23.871,18.7835,6.528,4.672,0.9702,83.0726,280.0776
22100,2024,34.6784,24.7647,17.1731,14.4738,4.6304,0.9703,81.8903,280.0776
22100,2025,34.6784,24.7647,16.9481,15.4577,4.7085,0.9703,81.8903,280.0776
22100,2026,34.6784,24.7647,16.9481,15.4577,4.6491,0.9703,81.8903,280.0776
22130,2023,32.5132,15.7394,20.0484,3.8214,4.3898,0.9913,82.124,305.0319
22130,2024,33.2257,14.5932,20.1576,10.2144,4.3205,0.981,82.3843,305.0319
22130,2025,33.2257,14.5932,19.8999,8.7539,4.2905,0.981,82.3843,305.0319
22130,2026,33.2257,14.5932,19.8999,8.7539,4.3123,0.981,82.3843,305.0319
22203,2023,38.6719,33.6255,19.4562,8.3485,3.8967,0.9476,79.1006,196.1694
22203,2024,39.2076,32.9102,19.9754,10.1916,3.6988,,80.3936,196.1694
22203,2025,39.2076,32.9102,20.97,10.3445,3.7132,,80.3936,196.1694
22203,2026,39.2076,32.9102,20.97,10.3445,3.9027,,80.3936,196.1694
22205,2023,34.7703,5.9322,9.123,4.8091,3.6733,0.9495,98.7425,368.8322
22205,2024,35.0008,4.1841,17.6364,16.9687,4.3854,0.949,100.1945,368.8322
22205,2025,35.0008,4.1841,17.5774,20.2492,4.2295,0.949,100.1945,368.8322
22205,2026,35.0008,4.1841,17.5774,20.2492,4.3989,0.949,100.1945,368.8322
22206,2023,43.5604,47.6898,19.8505,36.994,3.3594,0.9468,87.6833,153.9122
22206,2024,44.1074,42.4191,19.6721,35.6336,3.3785,0.9654,90.4159,153.9122
22206,2025,44.1074,42.4191,19.6383,43.6221,3.1458,0.9654,90.4159,153.9122
22206,2026,44.1074,42.4191,19.6383,43.6221,3.3893,0.9654,90.4159,153.9122
22207,2023,35.6113,22.6207,15.5181,25.2219,3.9381,0.9283,72.7273,160.9284
22207,2024,35.7219,21.9033,15.528,34.5202,3.8492,0.9286,70.2198,160.9284
22207,2025,35.7219,21.9033,15.5556,45.4172,3.8192,0.9286,70.2198,160.9284
22207,2026,35.7219,21.9033,15.5556,45.4172,3.5595,0.9286,70.2198,160.9284
22208,2023,45.2645,26.3158,15.9408,21.6989,4.2116,0.8355,84.4824,152.37
22208,2024,46.8144,18.6217,16.4415,27.5915,4.7168,0.8512,82.5272,152.37
22208,2025,46.8144,18.6217,16.7042,30.3828,4.6976,0.8512,82.5272,152.37
22208,2026,46.8144,18.6217,16.7042,30.3828,4.3461,0.8512,82.5272,152.37
22209,2023,42.6098,82.3647,21.0368,21.6368,3.0605,0.8978,68.3966,188.6089
22209,2024,42.5923,83.2618,20.0233,6.1224,3.3273,0.893,65.8321,188.6089
22209,2025,42.5923,83.2618,19.4035,2.1074,3.2334,0.893,65.8321,188.6089
22209,2026,42.5923,83.2618,19.4035,2.1074,3.1346,0.893,65.8321,188.6089
22210,2023,33.0457,36.5854,14.0088,24.1792,3.4998,0.9447,73.0648,169.8154
22210,2024,32.5037,44.8706,13.336,20.4821,3.6555,0.9597,73.4206,169.8154
22210,2025,32.5037,44.8706,14.4993,25.1642,3.5801,0.9597,73.4206,169.8154
22210,2026,32.5037,44.8706,14.4993,25.1642,3.6639,0.9597,73.4206,169.8154
22211,2023,39.9766,80.3468,21.9522,2.4008,3.9711,0.9226,72.8271,207.7364
22211,2024,40.8684,71.9899,21.9248,3.7372,4.0235,0.9317,73.7923,207.7364
22211,2025,40.8684,71.9899,23.8075,10.3714,3.9197,0.9317,73.7923,207.7364
22211,2026,40.8684,71.9899,23.8075,10.3714,3.8148,0.9317,73.7923,207.7364
22212,2023,34.9651,66.8616,20.0178,13.2909,4.5836,0.9363,59.0383,189.5058
22212,2024,36.0531,61.7308,16.5174,7.2159,4.4521,0.9352,55.7418,189.5058
22212,2025,36.0531,61.7308,18.1795,23.2312,4.5204,0.9352,55.7418,189.5058
22212,2026,36.0531,61.7308,18.1795,23.2312,4.4967,0.9352,55.7418,189.5058
22213,2023,40.7657,73.4139,10.6259,57.3211,3.7037,0.9394,65.5891,198.4932
22213,2024,42.4909,76.8882,12.937,58.5115,3.6357,0.9481,66.7135,198.4932
22213,2025,42.4909,76.8882,12.0959,72.3637,3.7643,0.9481,66.7135,198.4932
22213,2026,42.4909,76.8882,12.0959,72.3637,3.8896,0.9481,66.7135,198.4932
22214,2023,43.2044,70.2182,26.882,30.3446,3.8458,0.9089,74.445,236.6789
22214,2024,44.1424,54.4199,26.486,43.1093,3.7286,0.9137,73.7699,236.6789
22214,2025,44.1424,54.4199,28.1987,36.4338,3.7636,0.9137,73.7699,236.6789
22214,2026,44.1424,54.4199,28.1987,36.4338,3.5993,0.9137,73.7699,236.6789
22215,2023,51.3651,32.6613,15.8478,3.6233,3.3697,0.8749,57.4665,129.0065
22215,2024,51.448,31.3596,15.3411,7.1087,3.1896,0.8856,53.4188,129.0065
22215,2025,51.448,31.3596,17.3817,16.2932,3.2324,0.8856,53.4188,129.0065
22215,2026,51.448,31.3596,17.3817,16.2932,3.2808,0.8856,53.4188,129.0065
22216,2023,46.0118,86.8687,,64.6139,4.0028,0.951,72.2658,91.4613
22216,2024,45.2655,86.0814,20.5642,45.0915,3.6285,0.9595,73.5053,91.4613
22216,2025,45.2655,86.0814,19.5028,112.6169,3.7411,0.9595,73.5053,91.4613
22216,2026,45.2655,86.0814,19.5028,112.6169,3.7442,0.9595,73.5053,91.4613
22219,2023,31.863,35.1485,,1.7252,4.8588,0.9918,109.4582,179.1134
22219,2024,34.1384,46.0317,,3.703,4.6654,0.9266,96.3978,179.1134
22219,2025,34.1384,46.0317,,1.506,3.8685,0.9266,96.3978,179.1134
22219,2026,34.1384,46.0317,,1.506,3.9552,0.9266,96.3978,179.1134
22220,2023,44.8896,34.1246,24.3194,205.6044,3.5361,0.9422,66.293,100.444
22220,2024,45.6377,27.5229,22.4485,101.6663,3.3479,0.9771,65.0076,100.444
22220,2025,45.6377,27.5229,26.4112,122.1584,3.1953,0.9771,65.0076,100.444
22220,2026,45.6377,27.5229,26.4112,122.1584,3.5052,0.9771,65.0076,100.444
22221,2023,44.893,66.1972,16.9936,10.5257,3.01,0.8769,65.0685,102.7397
22221,2024,40.545,65.371,17.863,16.3983,3.3693,0.9039,68.8717,102.7397
22221,2025,40.545,65.371,18.3037,11.6012,3.4983,0.9039,68.8717,102.7397
22221,2026,40.545,65.371,18.3037,11.6012,3.6795,0.9039,68.8717,102.7397
22222,2023,41.94,45.3659,16.3265,29.1171,2.8764,0.9177,51.9534,135.079
22222,2024,42.7168,30.137,15.9149,36.399,3.3151,0.9465,49.5207,135.079
22222,2025,42.7168,30.137,17.271,25.356,3.5275,0.9465,49.5207,135.079
22222,2026,42.7168,30.137,17.271,25.356,3.6647,0.9465,49.5207,135.079
22223,2023,39.8963,68.4783,20.9141,13.9507,3.7082,0.956,52.1071,127.011
22223,2024,37.4817,77.7778,20.4525,6.7792,3.5006,1.0087,52.8262,127.011
22223,2025,37.4817,77.7778,19.2414,14.4386,3.899,1.0087,52.8262,127.011
22223,2026,37.4817,77.7778,19.2414,14.4386,3.2229,1.0087,52.8262,127.011
22224,2023,45.8043,40.3727,21.9,8.27,3.0131,0.8922,58.6535,144.5389
22224,2024,46.0371,32.6316,20.9437,11.9126,2.85,0.9237,58.8965,144.5389
22224,2025,46.0371,32.6316,21.0564,41.5464,2.7547,0.9237,58.8965,144.5389
22224,2026,46.0371,32.6316,21.0564,41.5464,2.7912,0.9237,58.8965,144.5389
22225,2023,42.0854,9.1463,13.9917,73.4859,4.3217,0.9273,61.3614,672.8592
22225,2024,40.9884,8.3333,13.3058,39.2915,4.8571,0.9643,62.1464,672.8592
22225,2025,40.9884,8.3333,13.6733,37.6512,4.7124,0.9643,62.1464,672.8592
22225,2026,40.9884,8.3333,13.6733,37.6512,4.5408,0.9643,62.1464,672.8592
22226,2023,37.5996,58.7591,13.3513,3.6752,3.6141,0.95,73.5683,119.5485
22226,2024,37.2734,59.5506,15.0235,17.1445,3.9869,0.9414,74.3028,119.5485
22226,2025,37.2734,59.5506,14.7015,48.4368,3.924,0.9414,74.3028,119.5485
22226,2026,37.2734,59.5506,14.7015,48.4368,3.5365,0.9414,74.3028,119.5485
22301,2023,44.671,37.1069,26.0125,28.2745,3.9508,0.9784,70.0894,166.4622
22301,2024,42.7973,30.6667,23.6559,23.3032,2.9935,0.9804,70.7651,166.4622
22301,2025,42.7973,30.6667,27.2667,22.1122,3.272,0.9804,70.7651,166.4622
22301,2026,42.7973,30.6667,27.2667,22.1122,4.3956,0.9804,70.7651,166.4622
22302,2023,31.7106,10.7692,27.2904,101.1952,4.6178,0.9115,74.3163,222.9489
22302,2024,32.7089,15.5556,24.9746,73.663,4.5694,0.9437,76.3126,222.9489
22302,2025,32.7089,15.5556,22.3077,85.7555,4.9002,0.9437,76.3126,222.9489
22302,2026,32.7089,15.5556,22.3077,85.7555,4.4316,0.9437,76.3126,222.9489
22304,2023,40.8851,68.1319,24.9002,53.0165,4.1063,0.8972,129.4331,129.4331
22304,2024,40.0568,60.4396,24.5139,78.0058,4.2497,0.8948,119.9201,129.4331
22304,2025,40.0568,60.4396,25.4848,53.8062,3.7356,0.8948,119.9201,129.4331
22304,2026,40.0568,60.4396,25.4848,53.8062,3.4591,0.8948,119.9201,129.4331
22305,2023,39.332,27.2727,24.3665,8.637,3.68,0.8716,83.7381,33.4952
22305,2024,35.9942,25.4545,22.6141,17.7997,3.6184,0.9239,85.8516,33.4952
22305,2025,35.9942,25.4545,25.5102,26.0965,3.8596,0.9239,85.8516,33.4952
22305,2026,35.9942,25.4545,25.5102,26.0965,4.943,0.9239,85.8516,33.4952
22306,2023,41.0055,29.7619,36.2543,65.9801,3.8889,1.0399,70.4424,169.0617
22306,2024,41.4,42.8571,19.3515,110.6521,2.9851,1.0468,73.078,169.0617
22306,2025,41.4,42.8571,18.7699,137.32,3.268,1.0468,73.078,169.0617
22306,2026,41.4,42.8571,18.7699,137.32,3.0717,1.0468,73.078,169.0617
22325,2023,32.0237,34.0807,11.5076,7.2957,4.3812,0.9365,64.7913,167.3776
22325,2024,29.5737,0.8811,13.2341,18.2858,3.7349,0.9614,65.4843,167.3776
22325,2025,29.5737,0.8811,13.5718,18.4891,3.7872,0.9614,65.4843,167.3776
22325,2026,29.5737,0.8811,13.5718,18.4891,3.9353,0.9614,65.4843,167.3776
22341,2023,42.003,43.2161,20.0,6.873,3.5754,0.8933,75.384,361.2149
22341,2024,44.7423,42.1622,20.6943,6.5683,2.9799,0.919,75.4172,361.2149
22341,2025,44.7423,42.1622,19.09,5.5491,3.436,0.919,75.4172,361.2149
22341,2026,44.7423,42.1622,19.09,5.5491,3.351,0.919,75.4172,361.2149
22342,2023,47.5512,21.4286,28.4951,2.5173,3.77,0.9881,68.8816,665.8554
22342,2024,47.7068,10.1604,29.3736,4.256,3.193,0.9508,66.6238,665.8554
22342,2025,47.7068,10.1604,30.305,1.2253,3.0168,0.9508,66.6238,665.8554
22342,2026,47.7068,10.1604,30.305,1.2253,3.2696,0.9508,66.6238,665.8554
22344,2023,49.5424,48.1481,,62.757,3.4796,0.9496,39.7479,113.5654
22344,2024,49.569,53.271,,145.1104,3.4321,1.0136,40.5492,113.5654
22344,2025,49.569,53.271,,92.3874,2.9887,1.0136,40.5492,113.5654
22344,2026,49.569,53.271,,92.3874,2.8998,1.0136,40.5492,113.5654
22424,2023,39.9842,37.4429,17.3269,92.9317,3.6566,0.9262,58.0482,68.292
22424,2024,40.7815,34.3137,18.8739,161.4424,3.6793,0.9375,54.6915,68.292
22424,2025,40.7815,34.3137,17.0673,149.0606,3.1008,0.9375,54.6915,68.292
22424,2026,40.7815,34.3137,17.0673,149.0606,3.2497,0.9375,54.6915,68.292
22429,2023,49.7549,70.3704,6.7669,30.8719,4.5802,0.924,180.9806,82.2639
22429,2024,48.6819,67.8571,6.0131,27.9616,4.7154,0.874,135.4325,82.2639
22429,2025,48.6819,67.8571,3.9295,25.9284,4.4293,0.874,135.4325,82.2639
22429,2026,48.6819,67.8571,3.9295,25.9284,4.5537,0.874,135.4325,82.2639
22461,2023,43.7623,70.229,27.3232,52.5045,3.7158,0.9775,51.6321,143.4226
22461,2024,43.9628,69.8276,24.3808,36.5748,3.6987,0.9766,52.2284,143.4226
22461,2025,43.9628,69.8276,23.4872,44.0882,3.8141,0.9766,52.2284,143.4226
22461,2026,43.9628,69.8276,23.4872,44.0882,3.7429,0.9766,52.2284,143.4226
23100,2023,31.4492,6.3662,14.0701,1.4746,5.4523,0.9765,96.6946,348.9111
23100,2024,32.3514,5.52,15.1007,3.5296,5.3681,0.9756,98.8796,348.9111
23100,2025,32.3514,5.52,15.7571,3.1474,5.3311,0.9756,98.8796,348.9111
23100,2026,32.3514,5.52,15.7571,3.1474,5.2289,0.9756,98.8796,348.9111
23201,2023,38.2371,17.0078,12.8418,0.0,,0.9065,68.5077,217.3907
23201,2024,39.0713,13.9878,13.8053,0.2046,,0.9213,68.3508,217.3907
23201,2025,39.0713,13.9878,13.9458,0.2312,,0.9213,68.3508,217.3907
23201,2026,39.0713,13.9878,13.9458,0.2312,,0.9213,68.3508,217.3907
23202,2023,45.9813,23.4531,27.2937,1.9995,3.9967,0.8977,61.3909,195.3582
23202,2024,47.5586,25.7421,27.1108,3.0047,3.9271,0.897,60.951,195.3582
23202,2025,47.5586,25.7421,27.1009,1.8853,4.0449,0.897,60.951,195.3582
23202,2026,47.5586,25.7421,27.1009,1.8853,3.802,0.897,60.951,195.3582
23203,2023,43.6621,9.5027,20.4431,3.7135,4.6853,0.9398,67.5958,217.7795
23203,2024,43.2175,10.3248,20.0213,4.8952,4.4147,0.96,67.9003,217.7795
23203,2025,43.2175,10.3248,20.0563,7.7496,4.4801,0.96,67.9003,217.7795
23203,2026,43.2175,10.3248,20.0563,7.7496,4.4124,0.96,67.9003,217.7795
23204,2023,42.6279,20.4317,20.5205,1.4219,3.7779,0.9625,52.2939,238.0544
23204,2024,41.7966,25.0746,23.9738,1.0098,3.8049,0.9467,52.5857,238.0544
23204,2025,41.7966,25.0746,26.1167,0.9755,4.1042,0.9467,52.5857,238.0544
23204,2026,41.7966,25.0746,26.1167,0.9755,4.0161,0.9467,52.5857,238.0544
23205,2023,53.1906,29.6256,25.9028,10.6258,4.1255,0.8759,70.4901,192.7862
23205,2024,52.8721,29.4749,25.5313,10.3244,4.1368,0.9272,73.3745,192.7862
23205,2025,52.8721,29.4749,25.7189,6.5287,4.1346,0.9272,73.3745,192.7862
23205,2026,52.8721,29.4749,25.7189,6.5287,3.7624,0.9272,73.3745,192.7862
23206,2023,34.8049,21.0717,13.7157,4.1393,4.4931,0.8938,67.975,197.4513
23206,2024,34.9475,17.0213,13.0925,4.97,4.4427,0.9269,66.6725,197.4513
23206,2025,34.9475,17.0213,13.4862,3.6803,4.3597,0.9269,66.6725,197.4513
23206,2026,34.9475,17.0213,13.4862,3.6803,4.3277,0.9269,66.6725,197.4513
23207,2023,33.4328,15.5858,17.9773,21.9137,,0.9017,57.3653,179.0654
23207,2024,32.9286,15.0701,18.8071,32.9735,,0.9155,56.8743,179.0654
23207,2025,32.9286,15.0701,18.8793,31.2118,,0.9155,56.8743,179.0654
23207,2026,32.9286,15.0701,18.8793,31.2118,,0.9155,56.8743,179.0654
23208,2023,45.8702,16.21,,3.8894,3.8164,0.9125,89.0751,258.9776
23208,2024,46.4651,12.5,,6.3762,3.6627,0.9361,91.47,258.9776
23208,2025,46.4651,12.5,,9.7704,3.618,0.9361,91.47,258.9776
23208,2026,46.4651,12.5,,9.7704,3.6025,0.9361,91.47,258.9776
23209,2023,42.0564,16.9265,22.1568,22.8621,3.9201,0.9064,60.5685,170.6931
23209,2024,42.8455,10.7143,21.8939,28.0795,3.6644,0.946,59.2825,170.6931
23209,2025,42.8455,10.7143,22.7398,18.5043,3.7893,0.946,59.2825,170.6931
23209,2026,42.8455,10.7143,22.7398,18.5043,3.8861,0.946,59.2825,170.6931
23210,2023,42.7577,10.9827,18.9033,6.9052,4.5529,0.8883,64.3163,239.5453
23210,2024,42.3809,10.1173,19.7161,10.7748,4.5007,0.9035,63.4202,239.5453
23210,2025,42.3809,10.1173,20.8395,9.9576,4.6228,0.9035,63.4202,239.5453
23210,2026,42.3809,10.1173,20.8395,9.9576,4.6903,0.9035,63.4202,239.5453
23211,2023,38.3213,18.0503,20.4214,0.0,4.224,0.9023,56.5362,193.3249
23211,2024,35.7871,14.9808,20.1091,0.5519,3.8884,0.9139,58.5999,193.3249
23211,2025,35.7871,14.9808,19.6377,2.0815,3.8446,0.9139,58.5999,193.3249
23211,2026,35.7871,14.9808,19.6377,2.0815,3.9568,0.9139,58.5999,193.3249
23212,2023,46.4065,14.2391,23.3104,16.0242,3.7997,0.8357,66.7221,223.9956
23212,2024,45.0989,13.8495,23.3823,18.9668,3.5335,0.8621,68.4648,223.9956
23212,2025,45.0989,13.8495,23.9399,13.4698,3.5642,0.8621,68.4648,223.9956
23212,2026,45.0989,13.8495,23.9399,13.4698,3.4221,0.8621,68.4648,223.9956
23213,2023,32.6092,16.0296,15.3936,55.8918,3.4316,0.8459,52.2509,96.8696
23213,2024,32.6814,29.862,15.8704,93.1747,3.4128,0.8669,52.2736,96.8696
23213,2025,32.6814,29.862,16.3568,13.5042,3.615,0.8669,52.2736,96.8696
23213,2026,32.6814,29.862,16.3568,13.5042,3.7858,0.8669,52.2736,96.8696
23214,2023,35.8505,24.9453,20.0133,11.166,,0.9027,77.543,172.8828
23214,2024,38.7639,21.0953,24.6197,12.6529,,0.9103,79.3448,172.8828
23214,2025,38.7639,21.0953,19.3553,11.0152,,0.9103,79.3448,172.8828
23214,2026,38.7639,21.0953,19.3553,11.0152,,0.9103,79.3448,172.8828
23215,2023,41.6097,15.5989,18.7407,2.9189,3.8406,0.946,65.9948,169.1117
23215,2024,40.9202,18.9333,19.4628,6.0993,3.4931,0.9264,66.662,169.1117
23215,2025,40.9202,18.9333,20.0707,4.2591,3.1793,0.9264,66.662,169.1117
23215,2026,40.9202,18.9333,20.0707,4.2591,3.3204,0.9264,66.662,169.1117
23216,2023,50.7903,32.0,15.4092,15.0086,4.076,0.9131,70.143,157.3941
23216,2024,50.2497,26.3736,15.249,12.4792,3.6814,0.9362,68.2349,157.3941
23216,2025,50.2497,26.3736,17.0464,14.4207,3.8575,0.9362,68.2349,157.3941
23216,2026,50.2497,26.3736,17.0464,14.4207,3.9367,0.9362,68.2349,157.3941
23217,2023,48.5597,12.1302,11.5589,14.3701,4.0225,0.9598,73.7083,258.484
23217,2024,48.7287,12.5567,11.3997,13.8603,4.3164,0.9485,73.9398,258.484
23217,2025,48.7287,12.5567,10.7963,15.9197,4.2771,0.9485,73.9398,258.484
23217,2026,48.7287,12.5567,10.7963,15.9197,3.981,0.9485,73.9398,258.484
23219,2023,40.7607,15.8163,18.0067,4.1256,3.8416,0.9159,68.4686,201.4172
23219,2024,40.3002,14.2271,17.8531,9.9791,3.6027,0.9204,68.7974,201.4172
23219,2025,40.3002,14.2271,17.8783,11.0198,3.6593,0.9204,68.7974,201.4172
23219,2026,40.3002,14.2271,17.8783,11.0198,3.6444,0.9204,68.7974,201.4172
23220,2023,50.7926,6.2305,23.9417,14.9109,3.7589,0.9364,75.2154,159.3673
23220,2024,48.4162,4.4578,24.4239,14.3987,3.7296,0.9344,74.8548,159.3673
23220,2025,48.4162,4.4578,24.717,12.0023,3.7195,0.9344,74.8548,159.3673
23220,2026,48.4162,4.4578,24.717,12.0023,3.731,0.9344,74.8548,159.3673
23221,2023,44.4023,40.8108,21.0638,15.0149,,0.864,77.6043,127.8189
23221,2024,43.7491,30.3725,20.1968,15.9243,,0.8687,76.5271,127.8189
23221,2025,43.7491,30.3725,21.3883,13.5671,,0.8687,76.5271,127.8189
23221,2026,43.7491,30.3725,21.3883,13.5671,,0.8687,76.5271,127.8189
23222,2023,50.9372,37.3156,18.0995,15.4633,,0.959,66.0066,154.8955
23222,2024,51.653,39.1437,18.1967,11.4378,,0.9875,67.0466,154.8955
23222,2025,51.653,39.1437,18.1277,13.5256,,0.9875,67.0466,154.8955
23222,2026,51.653,39.1437,18.1277,13.5256,,0.9875,67.0466,154.8955
23223,2023,56.241,66.3768,14.2145,1.8963,,0.9703,78.6401,339.3373
23223,2024,56.8429,60.0897,13.4636,2.8336,,0.989,79.5562,339.3373
23223,2025,56.8429,60.0897,13.1019,2.5615,,0.989,79.5562,339.3373
23223,2026,56.8429,60.0897,13.1019,2.5615,,0.989,79.5562,339.3373
23224,2023,47.68,41.3675,12.7892,3.4132,,0.895,52.3797,61.9033
23224,2024,51.4818,38.1119,14.0268,1.5563,,0.9166,50.2332,61.9033
23224,2025,51.4818,38.1119,14.1431,1.6324,,0.9166,50.2332,61.9033
23224,2026,51.4818,38.1119,14.1431,1.6324,,0.9166,50.2332,61.9033
23225,2023,42.4297,19.5187,23.5137,113.319,3.856,0.8641,49.9792,81.9103
23225,2024,41.2224,17.6292,22.7696,124.7216,4.007,0.8867,49.8518,81.9103
23225,2025,41.2224,17.6292,24.2547,154.5461,3.4286,0.8867,49.8518,81.9103
23225,2026,41.2224,17.6292,24.2547,154.5461,3.5932,0.8867,49.8518,81.9103
23226,2023,45.4564,23.9234,24.8911,3.6421,3.6779,0.9346,84.5379,160.7411
23226,2024,44.2816,26.0526,23.9559,7.4128,3.8872,0.9612,88.1509,160.7411
23226,2025,44.2816,26.0526,26.5017,6.756,4.0297,0.9612,88.1509,160.7411
23226,2026,44.2816,26.0526,26.5017,6.756,3.9761,0.9612,88.1509,160.7411
23227,2023,45.3411,11.3725,28.0949,10.7948,4.064,0.908,52.895,75.2736
23227,2024,44.1759,11.0204,27.0978,4.2743,4.7682,0.9344,50.7625,75.2736
23227,2025,44.1759,11.0204,27.8303,9.8674,4.2419,0.9344,50.7625,75.2736
23227,2026,44.1759,11.0204,27.8303,9.8674,4.2171,0.9344,50.7625,75.2736
23228,2023,32.7616,19.403,1.9755,6.4089,4.7458,0.9118,58.5517,79.463
23228,2024,35.1693,20.1581,2.2865,5.261,4.4118,0.9062,58.5297,79.463
23228,2025,35.1693,20.1581,2.4868,5.6248,3.6678,0.9062,58.5297,79.463
23228,2026,35.1693,20.1581,2.4868,5.6248,3.6364,0.9062,58.5297,79.463
23229,2023,45.0238,47.644,33.9679,8.957,4.4574,0.9765,60.0073,1194.292
23229,2024,44.3851,31.085,22.1253,8.141,3.8865,0.9884,60.2604,1194.292
23229,2025,44.3851,31.085,20.3945,8.2823,3.8177,0.9884,60.2604,1194.292
23229,2026,44.3851,31.085,20.3945,8.2823,3.9101,0.9884,60.2604,1194.292
23230,2023,44.4296,15.708,26.5627,265.8592,3.2992,0.9154,83.1787,143.9631
23230,2024,44.2244,16.1435,27.315,297.2673,3.5465,0.9266,88.2669,143.9631
23230,2025,44.2244,16.1435,28.1867,242.938,3.0005,0.9266,88.2669,143.9631
23230,2026,44.2244,16.1435,28.1867,242.938,3.1725,0.9266,88.2669,143.9631
23231,2023,37.4898,32.5626,27.845,41.5001,,0.8112,60.4067,124.1694
23231,2024,36.5167,37.3832,27.3613,64.779,,0.8088,62.8664,124.1694
23231,2025,36.5167,37.3832,27.2918,33.8476,,0.8088,62.8664,124.1694
23231,2026,36.5167,37.3832,27.2918,33.8476,,0.8088,62.8664,124.1694
23232,2023,42.5513,11.5294,22.4427,3.556,3.5916,0.9899,61.6703,68.1619
23232,2024,42.0306,17.5532,19.5432,4.1445,3.6473,0.9972,65.4365,68.1619
23232,2025,42.0306,17.5532,20.9017,2.6982,3.3947,0.9972,65.4365,68.1619
23232,2026,42.0306,17.5532,20.9017,2.6982,3.2635,0.9972,65.4365,68.1619
23233,2023,38.6879,32.2674,10.589,25.1,3.7503,0.9802,63.5893,89.6031
23233,2024,39.2588,32.5733,11.2661,17.8445,4.0195,1.01,63.869,89.6031
23233,2025,39.2588,32.5733,12.836,23.0345,3.689,1.01,63.869,89.6031
23233,2026,39.2588,32.5733,12.836,23.0345,3.5591,1.01,63.869,89.6031
23234,2023,35.5859,16.2471,15.6271,7.5164,4.451,0.9332,60.2752,115.9138
23234,2024,37.3546,15.0485,17.5287,10.3704,4.0822,0.9166,61.5078,115.9138
23234,2025,37.3546,15.0485,18.64,5.6891,4.1046,0.9166,61.5078,115.9138
23234,2026,37.3546,15.0485,18.64,5.6891,3.7774,0.9166,61.5078,115.9138
23235,2023,46.7739,12.1673,14.4562,2.422,4.7044,0.9423,75.2377,485.625
23235,2024,44.5605,15.5102,13.3884,1.1739,4.1937,0.9648,75.4769,485.625
23235,2025,44.5605,15.5102,12.9727,1.4795,4.1108,0.9648,75.4769,485.625
23235,2026,44.5605,15.5102,12.9727,1.4795,4.1802,0.9648,75.4769,485.625
23236,2023,39.3652,20.5224,19.8994,1.6358,3.5636,0.9749,74.815,91.0791
23236,2024,38.5382,36.2791,19.8605,3.12,3.149,0.9599,73.2577,91.0791
23236,2025,38.5382,36.2791,19.3372,2.5101,3.31,0.9599,73.2577,91.0791
23236,2026,38.5382,36.2791,19.3372,2.5101,3.2233,0.9599,73.2577,91.0791
23237,2023,44.3797,17.4281,15.5853,0.2787,4.8743,0.9105,61.946,129.5235
23237,2024,42.9667,16.6031,16.5115,0.0926,4.615,0.9435,60.841,129.5235
23237,2025,42.9667,16.6031,17.2506,0.037,4.816,0.9435,60.841,129.5235
23237,2026,42.9667,16.6031,17.2506,0.037,4.4597,0.9435,60.841,129.5235
23238,2023,56.578,40.5109,40.0253,3.4655,3.5058,0.894,81.9874,1000.246
23238,2024,56.7856,47.5806,37.26,5.1858,2.9262,0.8919,83.452,1000.246
23238,2025,56.7856,47.5806,39.0895,6.3464,2.7887,0.8919,83.452,1000.246
23238,2026,56.7856,47.5806,39.0895,6.3464,2.698,0.8919,83.452,1000.246
23302,2023,44.9245,44.5055,20.4264,54.4511,4.707,0.9461,70.8021,100.4933
23302,2024,42.807,53.2544,20.9653,53.5735,4.3281,0.9758,72.7719,100.4933
23302,2025,42.807,53.2544,24.9921,47.0257,4.3295,0.9758,72.7719,100.4933
23302,2026,42.807,53.2544,24.9921,47.0257,4.3075,0.9758,72.7719,100.4933
23342,2023,32.663,44.4444,22.6171,172.4446,5.305,0.7992,50.2229,43.945
23342,2024,32.2275,37.5,19.8614,125.458,5.6818,0.8093,50.2607,43.945
23342,2025,32.2275,37.5,23.3333,134.7015,5.3651,0.8093,50.2607,43.945
23342,2026,32.2275,37.5,23.3333,134.7015,5.2006,0.8093,50.2607,43.945
23361,2023,54.3249,18.9542,13.1565,15.7969,3.2884,0.9439,70.1494,144.4252
23361,2024,53.5948,15.493,14.7181,40.5386,3.75,0.8849,70.2131,144.4252
23361,2025,53.5948,15.493,13.35,35.1322,2.9301,0.8849,70.2131,144.4252
23361,2026,53.5948,15.493,13.35,35.1322,2.8101,0.8849,70.2131,144.4252
23362,2023,45.5699,17.6871,6.0595,5.1199,3.5633,0.9381,59.9555,68.5205
23362,2024,43.9673,22.0472,5.9208,10.9357,3.8899,0.9537,62.6709,68.5205
23362,2025,43.9673,22.0472,7.0696,38.4361,4.0984,0.9537,62.6709,68.5205
23362,2026,43.9673,22.0472,7.0696,38.4361,3.4727,0.9537,62.6709,68.5205
23424,2023,32.02,80.3571,,8.9089,5.178,0.8996,38.9735,35.9755
23424,2024,33.5229,65.0794,,9.3419,4.4229,0.8942,41.7076,35.9755
23424,2025,33.5229,65.0794,,9.4745,5.0287,0.8942,41.7076,35.9755
23424,2026,33.5229,65.0794,,9.4745,5.0798,0.8942,41.7076,35.9755
23425,2023,38.1222,9.3596,16.6195,1.0621,4.0168,0.911,69.9978,113.0734
23425,2024,38.695,11.4583,15.9639,0.2206,4.0907,0.9603,70.0846,113.0734
23425,2025,38.695,11.4583,17.5885,1.1914,3.9898,0.9603,70.0846,113.0734
23425,2026,38.695,11.4583,17.5885,1.1914,4.0604,0.9603,70.0846,113.0734
23427,2023,53.5151,64.2857,42.7435,0.3529,3.8576,0.9761,107.3653,107.3653
23427,2024,53.9143,72.4138,44.8513,5.2083,3.7736,0.9411,106.1346,107.3653
23427,2025,53.9143,72.4138,38.913,8.0084,3.9735,0.9411,106.1346,107.3653
23427,2026,53.9143,72.4138,38.913,8.0084,3.5088,0.9411,106.1346,107.3653
23441,2023,48.2856,67.5,10.0707,13.3921,3.0998,0.8918,73.8449,105.4927
23441,2024,50.0306,71.4286,15.2018,3.4951,2.924,0.9173,74.1578,105.4927
23441,2025,50.0306,71.4286,13.2513,29.2363,2.9268,0.9173,74.1578,105.4927
23441,2026,50.0306,71.4286,13.2513,29.2363,3.365,0.9173,74.1578,105.4927
23442,2023,52.577,65.8824,13.0721,8.7064,,0.8961,53.6961,59.6623
23442,2024,51.3569,65.2997,13.6921,7.3037,,0.9737,53.7806,59.6623
23442,2025,51.3569,65.2997,13.1455,9.3088,,0.9737,53.7806,59.6623
23442,2026,51.3569,65.2997,13.1455,9.3088,,0.9737,53.7806,59.6623
23445,2023,34.0885,23.1884,10.3068,20.7695,3.2787,0.8988,73.5204,140.9141
23445,2024,34.0431,17.5879,9.9073,18.7879,3.2028,0.9848,68.677,140.9141
23445,2025,34.0431,17.5879,10.9747,19.0225,3.5268,0.9848,68.677,140.9141
23445,2026,34.0431,17.5879,10.9747,19.0225,3.3051,0.9848,68.677,140.9141
23446,2023,38.4203,15.6863,4.4541,1.7008,4.043,0.8896,37.8591,269.7459
23446,2024,38.0452,29.5082,14.548,2.5612,3.9031,0.909,33.488,269.7459
23446,2025,38.0452,29.5082,14.8946,4.2796,3.2742,0.909,33.488,269.7459
23446,2026,38.0452,29.5082,14.8946,4.2796,3.6466,0.909,33.488,269.7459
23447,2023,52.8941,28.1356,9.2257,3.4142,4.7257,0.9186,50.7345,71.4895
23447,2024,54.092,30.033,9.0881,1.6019,4.0687,0.9741,50.7216,71.4895
23447,2025,54.092,30.033,12.5896,1.6738,4.3108,0.9741,50.7216,71.4895
23447,2026,54.092,30.033,12.5896,1.6738,4.0534,0.9741,50.7216,71.4895
23501,2023,54.4519,53.3088,34.1496,10.6159,3.4169,0.8734,59.1254,104.0607
23501,2024,53.3831,46.9136,33.3678,12.2681,3.3237,0.8927,61.4715,104.0607
23501,2025,53.3831,46.9136,35.0385,11.624,3.2945,0.8927,61.4715,104.0607
23501,2026,53.3831,46.9136,35.0385,11.624,3.5152,0.8927,61.4715,104.0607
23561,2023,54.4931,47.4576,28.777,22.5939,,0.9581,184.2469,69.0926
23561,2024,53.1941,42.5532,31.6532,2.7133,,0.8616,167.1442,69.0926
23561,2025,53.1941,42.5532,26.5896,3.4119,,0.8616,167.1442,69.0926
23561,2026,53.1941,42.5532,26.5896,3.4119,,0.8616,167.1442,69.0926
23562,2023,44.0647,34.2857,29.6919,5.487,,1.1343,140.3509,105.2632
23562,2024,40.4669,52.1739,17.8462,17.7487,,0.9753,144.1961,105.2632
23562,2025,40.4669,52.1739,27.476,18.598,,0.9753,144.1961,105.2632
23562,2026,40.4669,52.1739,27.476,18.598,,0.9753,144.1961,105.2632
23563,2023,54.2484,20.0,21.5909,2.6667,,0.8069,202.6342,202.6342
23563,2024,53.1469,0.0,37.3333,6.8776,,0.8948,207.6843,202.6342
23563,2025,53.1469,0.0,35.7143,41.958,,0.8948,207.6843,202.6342
23563,2026,53.1469,0.0,35.7143,41.958,,0.8948,207.6843,202.6342
24201,2023,40.4383,13.7988,24.479,3.2589,4.9195,1.0167,101.2305,432.4304
24201,2024,40.6807,13.0931,24.7745,4.0111,4.7079,1.0307,99.631,432.4304
24201,2025,40.6807,13.0931,25.9944,5.7087,4.5488,1.0307,99.631,432.4304
24201,2026,40.6807,13.0931,25.9944,5.7087,4.7196,1.0307,99.631,432.4304
24202,2023,45.0998,4.3988,19.5179,6.0048,3.6324,0.9779,82.9784,249.5811
24202,2024,45.115,5.9303,21.5516,7.442,3.5968,0.9776,83.1641,249.5811
24202,2025,45.115,5.9303,19.7732,6.8322,3.7619,0.9776,83.1641,249.5811
24202,2026,45.115,5.9303,19.7732,6.8322,3.4386,0.9776,83.1641,249.5811
24203,2023,54.7778,29.2045,26.0528,1.4983,5.2356,0.9661,105.1162,353.946
24203,2024,54.4474,30.8446,24.7558,1.3188,5.0294,0.9617,106.3954,353.946
24203,2025,54.4474,30.8446,25.3798,1.9453,5.0783,0.9617,106.3954,353.946
24203,2026,54.4474,30.8446,25.3798,1.9453,5.458,0.9617,106.3954,353.946
24204,2023,41.1564,16.182,20.1856,18.591,5.5075,0.9934,91.8239,296.2264
24204,2024,41.9955,15.2857,20.9915,20.5346,5.2957,1.0278,90.2642,296.2264
24204,2025,41.9955,15.2857,20.5487,19.7066,5.469,1.0278,90.2642,296.2264
24204,2026,41.9955,15.2857,20.5487,19.7066,5.3714,1.0278,90.2642,296.2264
24205,2023,46.9551,22.2964,24.1906,4.8017,3.0199,1.0373,70.2192,226.421
24205,2024,47.8991,21.0596,26.2602,7.5829,3.2222,1.0354,71.242,226.421
24205,2025,47.8991,21.0596,27.0155,4.8513,3.3549,1.0354,71.242,226.421
24205,2026,47.8991,21.0596,27.0155,4.8513,3.4492,1.0354,71.242,226.421
24207,2023,46.9111,7.7098,16.7501,35.566,,1.0271,75.842,216.3279
24207,2024,45.9644,10.8886,17.1447,43.5627,,1.0269,72.6012,216.3279
24207,2025,45.9644,10.8886,17.4662,40.2999,,1.0269,72.6012,216.3279
24207,2026,45.9644,10.8886,17.4662,40.2999,,1.0269,72.6012,216.3279
24208,2023,44.2314,21.1329,20.8722,70.746,4.3607,0.9789,89.2506,133.8758
24208,2024,43.2774,15.3209,17.9959,1.1939,4.6394,1.0078,89.0389,133.8758
24208,2025,43.2774,15.3209,18.3452,0.3186,4.6354,1.0078,89.0389,133.8758
24208,2026,43.2774,15.3209,18.3452,0.3186,4.4466,1.0078,89.0389,133.8758
24209,2023,42.1616,8.0882,11.1111,13.041,,1.0243,128.6844,189.9626
24209,2024,39.6743,9.6491,9.5553,19.7592,,1.098,132.2668,189.9626
24209,2025,39.6743,9.6491,9.8305,12.553,,1.098,132.2668,189.9626
24209,2026,39.6743,9.6491,9.8305,12.553,,1.098,132.2668,189.9626
24210,2023,40.4413,19.6721,26.5029,0.0,,1.0631,72.7229,86.8634
24210,2024,42.3125,10.9589,26.7526,0.0,,1.0629,73.0031,86.8634
24210,2025,42.3125,10.9589,27.2306,0.0,,1.0629,73.0031,86.8634
24210,2026,42.3125,10.9589,27.2306,0.0,,1.0629,73.0031,86.8634
24211,2023,55.2457,3.7559,23.5772,18.6667,4.7959,1.0095,104.56,81.3244
24211,2024,55.0969,9.3596,21.7629,20.1945,4.2005,0.9798,100.9381,81.3244
24211,2025,55.0969,9.3596,22.8003,14.4307,5.3863,0.9798,100.9381,81.3244
24211,2026,55.0969,9.3596,22.8003,14.4307,5.9132,0.9798,100.9381,81.3244
24212,2023,49.7117,15.2318,16.6518,10.4976,,1.021,184.2674,165.2052
24212,2024,45.3573,20.6667,13.0516,16.7148,,1.0384,169.9457,165.2052
24212,2025,45.3573,20.6667,15.3395,8.8133,,1.0384,169.9457,165.2052
24212,2026,45.3573,20.6667,15.3395,8.8133,,1.0384,169.9457,165.2052
24214,2023,54.2857,6.5637,33.8477,28.248,3.6543,1.0841,53.575,180.8157
24214,2024,55.4304,0.8772,32.7818,54.7683,2.9818,1.0612,53.6949,180.8157
24214,2025,55.4304,0.8772,32.5786,38.5806,2.9658,1.0612,53.6949,180.8157
24214,2026,55.4304,0.8772,32.5786,38.5806,3.1397,1.0612,53.6949,180.8157
24215,2023,38.3219,10.6383,11.5146,0.8453,4.7967,0.9634,99.6555,192.8118
24215,2024,39.1449,5.949,11.6608,0.592,4.9225,0.9884,99.7473,192.8118
24215,2025,39.1449,5.949,11.8752,1.1128,5.1944,0.9884,99.7473,192.8118
24215,2026,39.1449,5.949,11.8752,1.1128,5.2727,0.9884,99.7473,192.8118
24216,2023,44.8027,13.0435,7.3969,18.9372,4.1801,0.9748,80.3047,168.6399
24216,2024,45.449,20.8219,9.2348,13.6776,4.5064,1.0008,80.2428,168.6399
24216,2025,45.449,20.8219,24.7255,18.8082,4.3821,1.0008,80.2428,168.6399
24216,2026,45.449,20.8219,24.7255,18.8082,4.3664,1.0008,80.2428,168.6399
24303,2023,45.6193,17.0732,22.7632,22.9713,3.3113,1.0089,50.0501,83.4168
24303,2024,45.9916,10.0,24.9226,22.579,3.5129,0.9183,50.5136,83.4168
24303,2025,45.9916,10.0,25.3943,38.6179,2.963,0.9183,50.5136,83.4168
24303,2026,45.9916,10.0,25.3943,38.6179,4.2714,0.9183,50.5136,83.4168
24324,2023,51.8499,5.988,28.2664,0.3146,2.3992,1.0463,61.6951,111.8223
24324,2024,51.6274,8.1871,22.8408,0.0,2.2654,1.0028,61.9243,111.8223
24324,2025,51.6274,8.1871,23.5013,0.6217,1.7992,1.0028,61.9243,111.8223
24324,2026,51.6274,8.1871,23.5013,0.6217,2.3824,1.0028,61.9243,111.8223
24341,2023,44.871,13.9013,22.2648,14.6771,3.3689,0.9533,58.1353,130.8044
24341,2024,45.0321,24.1206,22.8816,14.3222,3.0411,0.9355,58.4567,130.8044
24341,2025,45.0321,24.1206,20.3905,27.7324,3.2802,0.9355,58.4567,130.8044
24341,2026,45.0321,24.1206,20.3905,27.7324,3.2258,0.9355,58.4567,130.8044
24343,2023,48.7603,59.375,22.1488,0.0,3.0641,1.0444,72.0331,63.029
24343,2024,50.6866,31.4286,20.2401,2.4351,3.6932,1.1293,63.2625,63.029
24343,2025,50.6866,31.4286,26.9439,15.734,2.5714,1.1293,63.2625,63.029
24343,2026,50.6866,31.4286,26.9439,15.734,2.0231,1.1293,63.2625,63.029
24344,2023,41.3817,42.3077,17.2232,29.312,4.5171,1.0762,51.4966,70.8079
24344,2024,42.1547,35.4839,16.1682,84.7093,4.2789,1.0957,51.1411,70.8079
24344,2025,42.1547,35.4839,15.566,90.8444,4.1528,1.0957,51.1411,70.8079
24344,2026,42.1547,35.4839,15.566,90.8444,3.3613,1.0957,51.1411,70.8079
24441,2023,44.7357,17.3077,18.5953,0.216,4.0913,0.9452,71.4286,85.7143
24441,2024,46.1287,25.8824,14.9128,1.0892,3.3697,1.0559,72.3746,85.7143
24441,2025,46.1287,25.8824,17.2691,2.7379,3.4447,1.0559,72.3746,85.7143
24441,2026,46.1287,25.8824,17.2691,2.7379,3.0468,1.0559,72.3746,85.7143
24442,2023,41.3753,38.7097,17.5556,152.6316,4.9576,1.003,61.1087,144.0419
24442,2024,41.1328,45.614,18.0275,161.4151,5.4018,1.0408,65.5967,144.0419
24442,2025,41.1328,45.614,17.6871,15.9423,5.181,1.0408,65.5967,144.0419
24442,2026,41.1328,45.614,17.6871,15.9423,4.8956,1.0408,65.5967,144.0419
24443,2023,39.392,19.5652,27.0787,15.4266,3.6242,1.0189,93.0774,186.1547
24443,2024,39.0866,33.3333,28.0585,3.4224,3.8682,1.0592,95.1135,186.1547
24443,2025,39.0866,33.3333,24.3081,10.1346,4.6338,1.0592,95.1135,186.1547
24443,2026,39.0866,33.3333,24.3081,10.1346,4.8589,1.0592,95.1135,186.1547
24461,2023,51.5841,34.4538,17.2745,29.1931,3.6573,0.9082,65.9544,92.3361
24461,2024,53.2486,40.367,16.1226,28.7184,3.2787,0.8984,66.1945,92.3361
24461,2025,53.2486,40.367,18.8612,23.7382,3.8194,0.8984,66.1945,92.3361
24461,2026,53.2486,40.367,18.8612,23.7382,4.1766,0.8984,66.1945,92.3361
24470,2023,52.3882,22.9885,11.0984,4.0968,4.386,0.8696,76.864,38.432
24470,2024,53.125,20.5128,13.8182,24.0647,3.9809,0.8977,64.8677,38.432
24470,2025,53.125,20.5128,12.4675,15.7885,3.2095,0.8977,64.8677,38.432
24470,2026,53.125,20.5128,12.4675,15.7885,2.8219,0.8977,64.8677,38.432
24471,2023,41.4017,34.4828,26.306,12.4399,4.9861,1.0948,144.1111,104.8081
24471,2024,43.8434,75.5102,26.2245,34.0541,4.8246,1.0874,108.1812,104.8081
24471,2025,43.8434,75.5102,26.5809,40.2149,5.1829,1.0874,108.1812,104.8081
24471,2026,43.8434,75.5102,26.5809,40.2149,4.7776,1.0874,108.1812,104.8081
24472,2023,39.1922,6.4748,8.2141,1.4203,5.446,1.0875,98.0305,124.7661
24472,2024,39.5062,16.0584,7.0245,4.0499,4.7619,1.0866,100.6773,124.7661
24472,2025,39.5062,16.0584,7.4669,2.5567,4.6809,1.0866,100.6773,124.7661
24472,2026,39.5062,16.0584,7.4669,2.5567,5.5056,1.0866,100.6773,124.7661
24543,2023,46.0759,8.8235,28.2297,8.5307,,0.9281,110.5049,158.8507
24543,2024,45.6718,30.0,24.0521,9.4488,,0.9467,106.1496,158.8507
24543,2025,45.6718,30.0,24.4104,15.0725,,0.9467,106.1496,158.8507
24543,2026,45.6718,30.0,24.4104,15.0725,,0.9467,106.1496,158.8507
24561,2023,60.8798,16.6667,8.9907,1.8695,,0.8748,98.9364,371.0116
24561,2024,58.8089,21.2121,6.6437,3.4429,,0.925,100.7811,371.0116
24561,2025,58.8089,21.2121,8.6176,13.0073,,0.925,100.7811,371.0116
24561,2026,58.8089,21.2121,8.6176,13.0073,,0.925,100.7811,371.0116
24562,2023,45.005,2.0408,14.6094,60.1877,,0.9043,67.0755,76.6577
24562,2024,44.5676,7.6923,10.6449,73.4022,,0.9645,77.6096,76.6577
24562,2025,44.5676,7.6923,13.0293,59.0395,,0.9645,77.6096,76.6577
24562,2026,44.5676,7.6923,13.0293,59.0395,,0.9645,77.6096,76.6577
25201,2023,37.0367,21.1204,16.7673,5.0713,4.4348,0.975,88.2305,391.5229
25201,2024,38.4974,17.983,18.0722,4.1549,4.3791,0.9796,88.3937,391.5229
25201,2025,38.4974,17.983,17.4592,5.0152,4.3373,0.9796,88.3937,391.5229
25201,2026,38.4974,17.983,17.4592,5.0152,4.3078,0.9796,88.3937,391.5229
25202,2023,40.6381,18.8256,11.6732,6.413,3.6771,0.9791,79.7148,185.4041
25202,2024,43.2715,19.1987,11.61,2.0962,3.816,0.9497,79.1951,185.4041
25202,2025,43.2715,19.1987,11.4974,2.1511,3.8101,0.9497,79.1951,185.4041
25202,2026,43.2715,19.1987,11.4974,2.1511,3.8935,0.9497,79.1951,185.4041
25203,2023,36.4468,56.25,14.7894,1.9542,4.6534,0.9782,81.7327,254.7627
25203,2024,36.0873,62.1013,14.6797,2.5051,4.9944,0.9722,81.6219,254.7627
25203,2025,36.0873,62.1013,14.8788,3.2445,4.2992,0.9722,81.6219,254.7627
25203,2026,36.0873,62.1013,14.8788,3.2445,4.687,0.9722,81.6219,254.7627
25204,2023,44.6346,20.5729,13.4494,1.1328,3.3514,0.9714,68.2719,263.3343
25204,2024,44.9387,26.2162,12.968,2.419,3.3617,0.9858,72.0611,263.3343
25204,2025,44.9387,26.2162,12.4587,1.269,3.5191,0.9858,72.0611,263.3343
25204,2026,44.9387,26.2162,12.4587,1.269,3.6572,0.9858,72.0611,263.3343
25206,2023,39.0653,17.2529,13.0567,1.9033,4.2315,1.0005,97.5885,211.8031
25206,2024,38.0235,16.0569,13.0461,4.3868,3.9507,1.0076,99.329,211.8031
25206,2025,38.0235,16.0569,13.5554,3.5672,4.1399,1.0076,99.329,211.8031
25206,2026,38.0235,16.0569,13.5554,3.5672,4.0635,1.0076,99.329,211.8031
25207,2023,42.3101,57.9288,15.5795,8.6817,4.6609,0.954,85.2614,290.8233
25207,2024,43.6914,57.6159,17.9379,11.0847,4.6977,0.9732,79.2024,290.8233
25207,2025,43.6914,57.6159,16.5408,11.5763,4.0873,0.9732,79.2024,290.8233
25207,2026,43.6914,57.6159,16.5408,11.5763,3.8088,0.9732,79.2024,290.8233
25208,2023,40.0146,19.5122,13.3486,3.4809,4.156,1.0037,75.0942,284.7913
25208,2024,41.8708,20.1365,14.4799,3.4014,3.7818,1.0025,82.3057,284.7913
25208,2025,41.8708,20.1365,13.5578,5.4554,4.3829,1.0025,82.3057,284.7913
25208,2026,41.8708,20.1365,13.5578,5.4554,4.2182,1.0025,82.3057,284.7913
25209,2023,45.5668,27.0321,8.9059,3.8203,3.833,1.0181,62.8945,202.1609
25209,2024,43.1307,30.9524,7.0701,8.1045,3.6918,1.0177,59.8917,202.1609
25209,2025,43.1307,30.9524,5.453,7.7478,3.5313,1.0177,59.8917,202.1609
25209,2026,43.1307,30.9524,5.453,7.7478,3.7756,1.0177,59.8917,202.1609
25210,2023,44.5834,34.8178,10.4262,7.8375,3.8887,1.0322,90.7101,179.4482
25210,2024,44.023,31.9149,9.9485,8.8787,4.1262,1.0543,92.6821,179.4482
25210,2025,44.023,31.9149,10.0712,13.5796,4.1187,1.0543,92.6821,179.4482
25210,2026,44.023,31.9149,10.0712,13.5796,4.0126,1.0543,92.6821,179.4482
25211,2023,46.0926,36.6048,11.0457,19.5539,4.0788,1.008,62.2699,87.9105
25211,2024,45.2677,39.2962,10.3142,42.4509,4.0548,1.0754,60.6818,87.9105
25211,2025,45.2677,39.2962,10.1314,74.9254,3.9186,1.0754,60.6818,87.9105
25211,2026,45.2677,39.2962,10.1314,74.9254,3.8681,1.0754,60.6818,87.9105
25212,2023,39.2405,55.6818,11.0132,4.0961,3.7677,0.9771,118.5498,185.3688
25212,2024,38.7517,61.747,10.4266,2.9082,3.6722,1.0099,111.3951,185.3688
25212,2025,38.7517,61.747,13.0704,6.6474,3.6103,1.0099,111.3951,185.3688
25212,2026,38.7517,61.747,13.0704,6.6474,3.3681,1.0099,111.3951,185.3688
25213,2023,35.8689,54.9057,10.4663,2.5578,3.1909,0.9686,71.0568,210.5057
25213,2024,38.0131,52.6316,11.0865,12.1771,2.7066,0.9753,70.4954,210.5057
25213,2025,38.0131,52.6316,11.9566,15.1817,2.8102,0.9753,70.4954,210.5057
25213,2026,38.0131,52.6316,11.9566,15.1817,2.8079,0.9753,70.4954,210.5057
25214,2023,47.5512,55.2,15.4222,13.4525,3.8293,0.9293,68.8541,63.5576
25214,2024,47.4618,67.6856,16.393,18.6359,3.7728,0.9265,66.8896,63.5576
25214,2025,47.4618,67.6856,17.142,5.8559,3.191,0.9265,66.8896,63.5576
25214,2026,47.4618,67.6856,17.142,5.8559,3.2704,0.9265,66.8896,63.5576
25383,2023,39.2894,60.6557,12.2627,22.6842,3.6964,0.9681,57.1783,185.8293
25383,2024,41.5994,51.2605,10.8294,26.6171,3.2798,0.9641,67.1109,185.8293
25383,2025,41.5994,51.2605,12.2631,39.1621,3.709,0.9641,67.1109,185.8293
25383,2026,41.5994,51.2605,12.2631,39.1621,3.712,0.9641,67.1109,185.8293
25384,2023,41.8237,41.1765,14.7738,55.2424,3.712,1.0008,77.9693,147.2754
25384,2024,43.2817,41.25,13.3525,32.8145,3.5088,0.9715,78.7195,147.2754
25384,2025,43.2817,41.25,13.6929,59.2114,3.7688,0.9715,78.7195,147.2754
25384,2026,43.2817,41.25,13.6929,59.2114,3.0303,0.9715,78.7195,147.2754
25425,2023,43.7526,56.7901,11.0845,11.969,4.3777,0.9968,51.5657,37.5023
25425,2024,45.2091,56.0976,10.8374,32.0963,5.1121,0.9951,51.9015,37.5023
25425,2025,45.2091,56.0976,10.4563,52.1602,4.1121,0.9951,51.9015,37.5023
25425,2026,45.2091,56.0976,10.4563,52.1602,5.1158,0.9951,51.9015,37.5023
25441,2023,42.9505,42.1053,8.1152,0.0,4.5908,1.1466,55.4939,416.2042
25441,2024,43.0556,37.5,10.9312,0.0,4.8523,1.113,55.5864,416.2042
25441,2025,43.0556,37.5,10.1604,0.0,4.9107,1.113,55.5864,416.2042
25441,2026,43.0556,37.5,10.1604,0.0,5.1095,1.113,55.5864,416.2042
25442,2023,41.1297,50.0,19.9498,102.5057,4.4922,0.9756,30.326,45.489
25442,2024,42.1301,70.5882,20.7723,163.9644,4.908,1.1166,30.7172,45.489
25442,2025,42.1301,70.5882,21.6288,459.8204,5.0209,1.1166,30.7172,45.489
25442,2026,42.1301,70.5882,21.6288,459.8204,4.9892,1.1166,30.7172,45.489
25443,2023,49.9559,57.8947,16.838,0.0,3.7168,1.0328,80.3643,53.5762
25443,2024,51.434,76.2712,17.1348,0.0,3.8314,1.0335,80.8843,53.5762
25443,2025,51.434,76.2712,17.6383,0.0,5.6225,1.0335,80.8843,53.5762
25443,2026,51.434,76.2712,17.6383,0.0,5.6034,1.0335,80.8843,53.5762
26100,2023,25.6507,18.6853,2.307,2.3747,6.2854,1.0421,117.0237,486.1427
26100,2024,25.9779,17.9611,2.5409,5.1511,6.1788,1.0377,117.5764,486.1427
26100,2025,25.9779,17.9611,4.0993,4.35,6.3138,1.0377,117.5764,486.1427
26100,2026,25.9779,17.9611,4.0993,4.35,6.1941,1.0377,117.5764,486.1427
26201,2023,37.6585,15.2174,11.4347,20.9801,4.0718,1.0794,94.6434,243.1811
26201,2024,38.5145,17.8571,11.7415,37.4958,3.9521,1.0625,94.1832,243.1811
26201,2025,38.5145,17.8571,11.1368,45.3544,4.343,1.0625,94.1832,243.1811
26201,2026,38.5145,17.8571,11.1368,45.3544,3.6301,1.0625,94.1832,243.1811
26202,2023,41.7433,17.3824,20.2711,0.0,4.7665,1.0351,74.1745,211.0136
26202,2024,41.7473,19.8459,22.7385,0.0,4.4767,0.9809,78.1942,211.0136
26202,2025,41.7473,19.8459,23.2946,3.6762,4.4653,0.9809,78.1942,211.0136
26202,2026,41.7473,19.8459,23.2946,3.6762,4.5236,0.9809,78.1942,211.0136
26203,2023,33.2273,51.3636,15.0445,3.4311,4.4925,0.9803,84.4832,234.6757
26203,2024,33.4619,31.9444,13.5314,1.0636,5.0975,0.9727,85.6436,234.6757
26203,2025,33.4619,31.9444,13.0259,0.8894,4.3357,0.9727,85.6436,234.6757
26203,2026,33.4619,31.9444,13.0259,0.8894,4.4612,0.9727,85.6436,234.6757
26204,2023,40.2219,19.2661,13.0599,0.9233,5.1498,1.0161,74.6662,263.5278
26204,2024,40.8136,19.2513,18.4932,1.6091,4.999,1.0211,74.0565,263.5278
26204,2025,40.8136,19.2513,18.8984,1.7248,4.8619,1.0211,74.0565,263.5278
26204,2026,40.8136,19.2513,18.8984,1.7248,4.7069,1.0211,74.0565,263.5278
26205,2023,42.5187,13.8554,25.9942,15.261,5.3596,0.9125,137.5516,131.5711
26205,2024,42.3168,24.5509,22.6442,2.7125,5.2743,0.9347,140.8882,131.5711
26205,2025,42.3168,24.5509,23.4804,2.1788,5.7592,0.9347,140.8882,131.5711
26205,2026,42.3168,24.5509,23.4804,2.1788,6.3699,0.9347,140.8882,131.5711
26206,2023,36.0815,13.8728,10.1192,13.1577,3.6874,1.0867,75.7837,141.2332
26206,2024,35.6271,24.8352,10.024,11.9188,3.9987,1.0768,74.915,141.2332
26206,2025,35.6271,24.8352,8.7899,4.0814,4.1865,1.0768,74.915,141.2332
26206,2026,35.6271,24.8352,8.7899,4.0814,4.2518,1.0768,74.915,141.2332
26207,2023,46.4143,39.3502,18.2253,1.0903,3.7721,1.0723,80.4387,182.3276
26207,2024,45.8508,37.8698,18.2679,1.6994,4.4043,1.084,79.6963,182.3276
26207,2025,45.8508,37.8698,18.3541,5.1449,4.6821,1.084,79.6963,182.3276
26207,2026,45.8508,37.8698,18.3541,5.1449,4.4271,1.084,79.6963,182.3276
26208,2023,43.963,81.2057,17.1541,6.837,4.453,1.1184,88.0375,121.4917
26208,2024,41.4364,78.8793,16.2666,9.1328,5.062,1.0895,84.8491,121.4917
26208,2025,41.4364,78.8793,15.6169,8.3122,4.1131,1.0895,84.8491,121.4917
26208,2026,41.4364,78.8793,15.6169,8.3122,3.83,1.0895,84.8491,121.4917
26209,2023,49.2003,43.8525,13.9825,5.9446,4.5256,1.0898,93.9643,251.3851
26209,2024,46.0121,40.4199,12.4766,7.1578,5.0751,1.0238,86.2614,251.3851
26209,2025,46.0121,40.4199,13.2229,5.3217,4.8391,1.0238,86.2614,251.3851
26209,2026,46.0121,40.4199,13.2229,5.3217,4.6858,1.0238,86.2614,251.3851
26210,2023,44.6174,37.6736,11.814,0.1314,4.9906,0.9924,59.0191,130.9937
26210,2024,47.1587,49.1166,13.2115,7.0841,4.8862,0.9924,57.7876,130.9937
26210,2025,47.1587,49.1166,12.2479,9.4859,5.182,0.9924,57.7876,130.9937
26210,2026,47.1587,49.1166,12.2479,9.4859,5.3296,0.9924,57.7876,130.9937
26211,2023,44.9449,18.3727,6.0935,1.1661,4.7059,1.0074,77.0664,205.9776
26211,2024,44.24,20.3252,7.2585,1.883,4.4135,1.0412,80.7069,205.9776
26211,2025,44.24,20.3252,7.2277,1.8924,4.3561,1.0412,80.7069,205.9776
26211,2026,44.24,20.3252,7.2277,1.8924,4.0705,1.0412,80.7069,205.9776
26212,2023,46.457,17.4067,33.3128,2.3707,4.8058,0.9955,71.1799,155.8262
26212,2024,46.47,10.5354,32.6155,6.2343,4.4897,0.9738,70.5454,155.8262
26212,2025,46.47,10.5354,35.5075,2.9122,4.2693,0.9738,70.5454,155.8262
26212,2026,46.47,10.5354,35.5075,2.9122,4.2452,0.9738,70.5454,155.8262
26213,2023,41.4747,15.0628,19.9307,5.0042,4.079,1.0768,95.0851,452.4739
26213,2024,41.5703,19.1304,9.1154,0.3956,3.9982,1.0364,99.5917,452.4739
26213,2025,41.5703,19.1304,12.0448,11.6772,4.0609,1.0364,99.5917,452.4739
26213,2026,41.5703,19.1304,12.0448,11.6772,4.5647,1.0364,99.5917,452.4739
26214,2023,41.5079,22.0624,13.3832,2.8174,4.6486,0.9637,72.4014,149.7959
26214,2024,42.2731,21.1886,13.6924,1.7126,4.4182,0.9487,71.4035,149.7959
26214,2025,42.2731,21.1886,13.3562,1.4472,4.0787,0.9487,71.4035,149.7959
26214,2026,42.2731,21.1886,13.3562,1.4472,4.0081,0.9487,71.4035,149.7959
26303,2023,43.261,33.6957,8.888,12.7533,3.2295,0.9148,54.4662,66.5698
26303,2024,43.8511,25.6098,7.8876,19.9061,3.5366,0.9442,54.0508,66.5698
26303,2025,43.8511,25.6098,7.555,63.5292,3.7227,0.9442,54.0508,66.5698
26303,2026,43.8511,25.6098,7.555,63.5292,3.2043,0.9442,54.0508,66.5698
26322,2023,49.2641,32.7731,11.6308,1.5381,6.372,1.0838,51.5963,831.9897
26322,2024,48.0297,39.1667,12.5162,8.1359,5.5679,1.0696,51.9919,831.9897
26322,2025,48.0297,39.1667,9.3333,1.2449,5.3218,1.0696,51.9919,831.9897
26322,2026,48.0297,39.1667,9.3333,1.2449,5.6653,1.0696,51.9919,831.9897
26343,2023,44.229,20.3125,16.8612,0.0,3.668,1.0906,57.0695,57.0695
26343,2024,47.4495,16.129,14.3432,0.0,4.3299,1.0672,57.2328,57.0695
26343,2025,47.4495,16.129,14.8045,0.0,5.0,1.0672,57.2328,57.0695
26343,2026,47.4495,16.129,14.8045,0.0,5.9867,1.0672,57.2328,57.0695
26344,2023,45.8741,43.956,9.1099,2.0848,3.6819,0.9768,44.9792,33.7344
26344,2024,46.3378,36.9565,8.3426,2.4322,4.321,0.9577,45.3052,33.7344
26344,2025,46.3378,36.9565,8.3916,3.3234,3.3546,0.9577,45.3052,33.7344
26344,2026,46.3378,36.9565,8.3916,3.3234,2.8716,0.9577,45.3052,33.7344
26364,2023,29.4574,42.8571,15.4696,91.6667,5.0847,1.3757,86.2813,86.2813
26364,2024,27.7778,60.0,14.4509,56.928,4.5045,0.9949,179.2115,86.2813
26364,2025,27.7778,60.0,17.5,42.3163,4.1667,0.9949,179.2115,86.2813
26364,2026,27.7778,60.0,17.5,42.3163,6.383,0.9949,179.2115,86.2813
26365,2023,40.9692,21.4286,,65.4912,4.5333,1.022,111.1111,83.3333
26365,2024,28.0912,0.0,15.6309,68.307,4.8295,1.0087,142.898,83.3333
26365,2025,28.0912,0.0,17.8862,161.9083,4.1534,1.0087,142.898,83.3333
26365,2026,28.0912,0.0,17.8862,161.9083,3.0612,1.0087,142.898,83.3333
26366,2023,37.4607,33.9394,15.5084,1.702,3.8082,0.94,78.8258,144.0609
26366,2024,45.2308,27.7533,22.2261,3.6492,3.5431,0.9406,73.8856,144.0609
26366,2025,45.2308,27.7533,22.7337,11.0109,3.6006,0.9406,73.8856,144.0609
26366,2026,45.2308,27.7533,22.7337,11.0109,3.2321,0.9406,73.8856,144.0609
26367,2023,42.1708,17.3913,16.1616,139.4763,5.283,1.0035,39.9202,39.9202
26367,2024,43.4307,17.3913,20.6522,187.7238,4.5113,0.9537,81.7327,39.9202
26367,2025,43.4307,17.3913,26.4535,165.0993,5.5777,0.9537,81.7327,39.9202
26367,2026,43.4307,17.3913,26.4535,165.0993,6.2762,0.9537,81.7327,39.9202
26407,2023,47.5189,16.9014,31.5167,4.3384,3.1863,1.0372,46.1361,69.2042
26407,2024,47.0063,21.0145,31.0537,4.505,3.1169,1.0831,47.0884,69.2042
26407,2025,47.0063,21.0145,32.4207,3.428,3.7239,1.0831,47.0884,69.2042
26407,2026,47.0063,21.0145,32.4207,3.428,3.7549,1.0831,47.0884,69.2042
26463,2023,52.9412,60.7143,30.2583,5.544,4.6296,1.0829,153.7673,0.0
26463,2024,59.3301,48.5714,32.5301,5.6617,4.902,1.044,156.7398,0.0
26463,2025,59.3301,48.5714,32.0896,5.0651,5.9459,1.044,156.7398,0.0
26463,2026,59.3301,48.5714,32.0896,5.0651,5.5556,1.044,156.7398,0.0
26465,2023,42.685,40.2299,32.3659,1.2667,4.939,0.9751,84.1626,401.01
26465,2024,46.5635,42.328,32.3529,1.2132,6.0587,0.9479,85.9584,401.01
26465,2025,46.5635,42.328,28.4211,9.748,5.4201,0.9479,85.9584,401.01
26465,2026,46.5635,42.328,28.4211,9.748,5.0907,0.9479,85.9584,401.01
27100,2023,24.1778,7.154,6.0471,7.0621,9.45,1.0733,134.8489,360.9223
27100,2024,25.5043,5.3284,5.8188,11.0992,9.3552,1.0681,135.4055,360.9223
27100,2025,25.5043,5.3284,6.0117,19.4055,9.3733,1.0681,135.4055,360.9223
27100,2026,25.5043,5.3284,6.0117,19.4055,9.2325,1.0681,135.4055,360.9223
27140,2023,29.418,6.9491,8.2579,20.1552,7.0018,1.0738,90.4522,250.1741
27140,2024,29.9638,7.2769,9.1253,22.3255,7.0203,1.0609,91.0603,250.1741
27140,2025,29.9638,7.2769,9.7777,25.6136,6.9586,1.0609,91.0603,250.1741
27140,2026,29.9638,7.2769,9.7777,25.6136,6.8785,1.0609,91.0603,250.1741
27202,2023,29.9689,17.667,13.4006,8.6307,5.6839,1.0696,77.6152,257.6612
27202,2024,30.7976,17.2082,13.337,36.1419,5.5843,1.0518,77.1268,257.6612
27202,2025,30.7976,17.2082,13.7303,27.4404,5.8273,1.0518,77.1268,257.6612
27202,2026,30.7976,17.2082,13.7303,27.4404,5.6297,1.0518,77.1268,257.6612
27203,2023,26.6748,17.8648,15.3461,2.7837,6.2903,1.0816,103.9993,221.2438
27203,2024,26.7592,18.2101,15.6507,1.0892,6.1249,1.0663,105.6937,221.2438
27203,2025,26.7592,18.2101,17.1445,1.1348,5.7592,1.0663,105.6937,221.2438
27203,2026,26.7592,18.2101,17.1445,1.1348,5.5434,1.0663,105.6937,221.2438
27204,2023,39.6376,10.7066,10.8326,0.9634,4.1204,1.0278,102.8387,266.7986
27204,2024,39.88,13.2287,10.9918,1.1978,4.3094,1.0184,100.0301,266.7986
27204,2025,39.88,13.2287,11.9239,1.0389,4.3547,1.0184,100.0301,266.7986
27204,2026,39.88,13.2287,11.9239,1.0389,3.9497,1.0184,100.0301,266.7986
27205,2023,43.5917,31.8349,20.2659,4.4721,4.8682,1.0657,95.4589,644.872
27205,2024,42.3193,31.1145,22.3883,7.125,4.6654,1.0574,97.4702,644.872
27205,2025,42.3193,31.1145,18.6541,8.3191,4.497,1.0574,97.4702,644.872
27205,2026,42.3193,31.1145,18.6541,8.3191,4.6168,1.0574,97.4702,644.872
27206,2023,38.4928,34.0625,12.7783,51.2525,5.0234,1.1137,91.4276,206.0533
27206,2024,38.7951,31.4985,14.6191,50.591,5.0578,1.0796,95.7003,206.0533
27206,2025,38.7951,31.4985,15.9132,56.0025,5.2887,1.0796,95.7003,206.0533
27206,2026,38.7951,31.4985,15.9132,56.0025,4.577,1.0796,95.7003,206.0533
27207,2023,37.1062,24.5807,18.2554,0.407,4.7067,1.0872,85.215,465.957
27207,2024,37.4799,25.7303,19.1618,0.6153,4.7425,1.083,85.5977,465.957
27207,2025,37.4799,25.7303,19.0911,0.471,4.6853,1.083,85.5977,465.957
27207,2026,37.4799,25.7303,19.0911,0.471,4.7232,1.083,85.5977,465.957
27208,2023,35.2118,60.989,15.5115,19.482,5.6044,1.1911,68.5459,209.2453
27208,2024,35.1589,58.5014,15.0775,18.6779,5.7927,1.1222,69.0909,209.2453
27208,2025,35.1589,58.5014,15.9263,20.974,5.7066,1.1222,69.0909,209.2453
27208,2026,35.1589,58.5014,15.9263,20.974,5.81,1.1222,69.0909,209.2453
27209,2023,32.6125,19.7286,11.1464,2.9964,,1.0552,99.286,421.7894
27209,2024,33.3116,18.8453,11.8603,3.8016,,1.0629,98.412,421.7894
27209,2025,33.3116,18.8453,11.9263,2.5029,6.9202,1.0629,98.412,421.7894
27209,2026,33.3116,18.8453,11.9263,2.5029,6.3108,1.0629,98.412,421.7894
27210,2023,33.7839,21.1275,14.1842,3.1411,5.0573,1.0374,72.4287,329.8406
27210,2024,35.0147,19.7981,14.4915,3.7244,4.8296,1.0349,72.0408,329.8406
27210,2025,35.0147,19.7981,15.3979,3.1989,4.8182,1.0349,72.0408,329.8406
27210,2026,35.0147,19.7981,15.3979,3.1989,4.7207,1.0349,72.0408,329.8406
27211,2023,31.3713,67.0563,14.019,10.5122,4.748,1.0979,85.6378,177.2421
27211,2024,32.0918,63.0337,18.5161,44.2792,4.7176,1.0838,86.0998,177.2421
27211,2025,32.0918,63.0337,18.1249,80.1335,4.6022,1.0838,86.0998,177.2421
27211,2026,32.0918,63.0337,18.1249,80.1335,4.6013,1.0838,86.0998,177.2421
27212,2023,33.4394,8.384,13.774,4.1605,6.8579,1.0485,83.2067,209.9253
27212,2024,33.8395,8.9072,13.5898,6.8923,6.4367,1.004,81.3033,209.9253
27212,2025,33.8395,8.9072,13.7608,4.8602,6.5718,1.004,81.3033,209.9253
27212,2026,33.8395,8.9072,13.7608,4.8602,6.3724,1.004,81.3033,209.9253
27213,2023,33.412,15.5294,9.4988,23.7993,5.9874,1.1143,90.3141,148.1557
27213,2024,33.8021,13.615,9.461,64.7771,5.9955,1.0998,89.8654,148.1557
27213,2025,33.8021,13.615,10.7171,57.036,6.2682,1.0998,89.8654,148.1557
27213,2026,33.8021,13.615,10.7171,57.036,6.4523,1.0998,89.8654,148.1557
27214,2023,38.6015,14.7516,10.9531,31.33,5.2749,1.0424,81.4023,224.7815
27214,2024,38.3197,13.1012,12.0922,39.7941,5.0765,1.0432,81.0494,224.7815
27214,2025,38.3197,13.1012,12.2709,42.2432,5.3108,1.0432,81.0494,224.7815
27214,2026,38.3197,13.1012,12.2709,42.2432,5.2657,1.0432,81.0494,224.7815
27215,2023,34.8098,14.244,8.5504,2.1651,5.63,1.0411,78.2266,176.2297
27215,2024,33.9646,16.9118,8.2287,2.3178,5.4688,1.0344,80.6255,176.2297
27215,2025,33.9646,16.9118,8.9684,1.8776,5.3625,1.0344,80.6255,176.2297
27215,2026,33.9646,16.9118,8.9684,1.8776,5.379,1.0344,80.6255,176.2297
27216,2023,42.2874,9.6045,18.7507,0.7201,4.672,1.0362,75.6339,258.7477
27216,2024,42.1868,11.9565,18.4788,1.4349,4.6055,1.0253,76.5928,258.7477
27216,2025,42.1868,11.9565,17.1287,2.1725,4.5579,1.0253,76.5928,258.7477
27216,2026,42.1868,11.9565,17.1287,2.1725,4.967,1.0253,76.5928,258.7477
27217,2023,29.2322,12.2483,15.0136,5.9005,5.9501,1.0554,79.5103,190.6537
27217,2024,28.3303,10.1852,14.098,7.0468,5.8343,1.0607,82.2841,190.6537
27217,2025,28.3303,10.1852,13.5264,6.3909,6.0434,1.0607,82.2841,190.6537
27217,2026,28.3303,10.1852,13.5264,6.3909,5.8773,1.0607,82.2841,190.6537
27218,2023,31.7524,20.5128,8.0644,3.7144,5.4859,1.1222,70.7624,180.7424
27218,2024,31.6986,19.5691,12.4091,7.9481,5.7323,1.1015,68.7427,180.7424
27218,2025,31.6986,19.5691,12.7652,11.1868,5.1977,1.1015,68.7427,180.7424
27218,2026,31.6986,19.5691,12.7652,11.1868,5.2161,1.1015,68.7427,180.7424
27219,2023,39.7982,23.7123,18.2471,4.6839,5.2873,1.0761,69.6557,330.8645
27219,2024,40.0116,20.1754,18.1412,5.1837,5.1187,1.0624,70.0062,330.8645
27219,2025,40.0116,20.1754,19.7563,4.5342,4.9792,1.0624,70.0062,330.8645
27219,2026,40.0116,20.1754,19.7563,4.5342,4.9582,1.0624,70.0062,330.8645
27220,2023,38.4002,16.9096,25.2361,18.9723,3.9271,1.0462,92.0016,255.1607
27220,2024,37.538,26.7227,22.2902,19.6914,4.022,1.0148,96.9006,255.1607
27220,2025,37.538,26.7227,21.36,18.3781,3.9559,1.0148,96.9006,255.1607
27220,2026,37.538,26.7227,21.36,18.3781,3.981,1.0148,96.9006,255.1607
27221,2023,40.5264,49.5614,10.9257,23.1195,5.2707,1.0818,69.9134,154.702
27221,2024,41.3567,47.1154,9.8103,22.415,5.6666,1.044,71.6932,154.702
27221,2025,41.3567,47.1154,9.866,22.1895,5.3206,1.044,71.6932,154.702
27221,2026,41.3567,47.1154,9.866,22.1895,5.2372,1.044,71.6932,154.702
27222,2023,38.7177,19.4842,12.1027,11.9631,5.4615,1.0328,63.3254,249.6306
27222,2024,39.7472,14.8668,12.9702,16.9576,5.0041,1.0503,63.7631,249.6306
27222,2025,39.7472,14.8668,11.7961,2.8823,5.0639,1.0503,63.7631,249.6306
27222,2026,39.7472,14.8668,11.7961,2.8823,4.9947,1.0503,63.7631,249.6306
27223,2023,29.3556,8.1967,7.6602,1.9924,,1.0638,97.5097,167.8862
27223,2024,29.3864,21.9149,7.6093,0.7328,,1.0576,98.174,167.8862
27223,2025,29.3864,21.9149,7.3599,1.4936,7.5441,1.0576,98.174,167.8862
27223,2026,29.3864,21.9149,7.3599,1.4936,7.3001,1.0576,98.174,167.8862
27224,2023,31.2949,48.1013,14.2934,18.4486,5.5687,1.1129,63.6154,94.8448
27224,2024,32.3805,38.6957,14.7337,13.1405,5.8081,1.139,67.1677,94.8448
27224,2025,32.3805,38.6957,14.6953,6.1438,5.9808,1.139,67.1677,94.8448
27224,2026,32.3805,38.6957,14.6953,6.1438,5.7261,1.139,67.1677,94.8448
27225,2023,34.8583,32.7586,9.1205,8.9649,6.6626,1.1241,85.977,163.1808
27225,2024,36.9453,32.0988,11.1396,6.1364,5.7282,1.098,90.2959,163.1808
27225,2025,36.9453,32.0988,7.1665,9.9854,5.8864,1.098,90.2959,163.1808
27225,2026,36.9453,32.0988,7.1665,9.9854,5.3977,1.098,90.2959,163.1808
27226,2023,48.821,35.2,10.1706,8.8387,4.813,1.0585,110.5217,197.3601
27226,2024,48.0125,35.1429,9.454,10.9009,5.1095,1.0299,111.6427,197.3601
27226,2025,48.0125,35.1429,9.0462,10.7521,4.9617,1.0299,111.6427,197.3601
27226,2026,48.0125,35.1429,9.0462,10.7521,4.8872,1.0299,111.6427,197.3601
27227,2023,27.4427,16.2289,7.8442,9.5938,7.3072,1.1003,83.7261,202.4422
27227,2024,27.9673,14.9646,7.2489,8.1893,7.0119,1.0931,82.9608,202.4422
27227,2025,27.9673,14.9646,10.3661,11.9339,7.0193,1.0931,82.9608,202.4422
27227,2026,27.9673,14.9646,10.3661,11.9339,6.7502,1.0931,82.9608,202.4422
27228,2023,35.7992,36.0963,10.223,15.1673,5.7534,0.9848,65.3978,127.4419
27228,2024,36.6418,47.1299,11.1316,0.5883,6.073,0.9994,68.0399,127.4419
27228,2025,36.6418,47.1299,10.3443,5.7152,5.3643,0.9994,68.0399,127.4419
27228,2026,36.6418,47.1299,10.3443,5.7152,5.4288,0.9994,68.0399,127.4419
27229,2023,31.4008,5.3942,11.267,5.8825,,1.0295,65.7354,124.1669
27229,2024,32.5721,15.1376,12.2818,4.5291,,1.0176,66.2313,124.1669
27229,2025,32.5721,15.1376,13.1409,4.294,4.7222,1.0176,66.2313,124.1669
27229,2026,32.5721,15.1376,13.1409,4.294,4.6217,1.0176,66.2313,124.1669
27230,2023,33.0273,70.6199,9.9512,0.1844,5.1006,1.0244,65.923,120.2125
27230,2024,35.5454,72.3404,18.8197,0.6344,4.7795,1.0443,71.1771,120.2125
27230,2025,35.5454,72.3404,17.8759,0.1431,4.4742,1.0443,71.1771,120.2125
27230,2026,35.5454,72.3404,17.8759,0.1431,4.2349,1.0443,71.1771,120.2125
27231,2023,37.5594,24.2857,14.1798,6.9474,4.4267,1.0974,94.3526,1216.2904
27231,2024,43.7764,23.0088,15.5001,4.4112,4.5527,1.0613,96.5001,1216.2904
27231,2025,43.7764,23.0088,16.3629,3.3528,4.2813,1.0613,96.5001,1216.2904
27231,2026,43.7764,23.0088,16.3629,3.3528,3.9945,1.0613,96.5001,1216.2904
27232,2023,33.1412,24.0854,14.1002,0.8856,5.4838,1.0559,85.306,166.7345
27232,2024,34.0256,35.7798,14.2005,3.5058,5.6405,1.0685,84.6657,166.7345
27232,2025,34.0256,35.7798,14.3779,6.1284,6.3261,1.0685,84.6657,166.7345
27232,2026,34.0256,35.7798,14.3779,6.1284,5.9194,1.0685,84.6657,166.7345
27301,2023,38.3756,12.3377,23.7698,1.5291,4.0806,1.0154,75.839,129.5582
27301,2024,39.1712,27.6423,22.553,9.5687,4.7186,1.0562,75.7552,129.5582
27301,2025,39.1712,27.6423,23.5904,8.9861,4.6135,1.0562,75.7552,129.5582
27301,2026,39.1712,27.6423,23.5904,8.9861,4.8367,1.0562,75.7552,129.5582
27321,2023,49.1982,20.0,11.0681,0.0,3.4085,1.0047,75.5695,48.5804
27321,2024,52.6269,15.544,10.8941,0.0,3.2778,1.0367,76.995,48.5804
27321,2025,52.6269,15.544,11.7941,0.0,3.3909,1.0367,76.995,48.5804
27321,2026,52.6269,15.544,11.7941,0.0,3.8183,1.0367,76.995,48.5804
27322,2023,41.1648,42.0561,16.5194,26.7289,4.6138,0.9627,75.5369,43.1639
27322,2024,43.1806,39.7849,18.8317,26.5146,4.3249,0.954,76.7123,43.1639
27322,2025,43.1806,39.7849,18.6813,31.7873,4.3728,0.954,76.7123,43.1639
27322,2026,43.1806,39.7849,18.6813,31.7873,4.8235,0.954,76.7123,43.1639
27341,2023,37.4542,41.0,10.388,4.9933,5.16,1.0391,83.958,107.946
27341,2024,37.1857,46.9136,11.7076,7.6181,3.943,1.0434,84.4747,107.946
27341,2025,37.1857,46.9136,13.1313,15.0252,3.6557,1.0434,84.4747,107.946
27341,2026,37.1857,46.9136,13.1313,15.0252,3.7126,1.0434,84.4747,107.946
27361,2023,37.9203,27.5093,11.8024,76.6201,4.7241,1.0192,76.721,204.5893
27361,2024,37.9352,35.4167,13.1172,70.3824,4.3262,1.0065,77.0056,204.5893
27361,2025,37.9352,35.4167,17.6192,67.7,4.2466,1.0065,77.0056,204.5893
27361,2026,37.9352,35.4167,17.6192,67.7,4.1869,1.0065,77.0056,204.5893
27362,2023,42.0945,18.3673,19.6133,61.1298,7.7333,1.0931,105.9073,164.7446
27362,2024,42.1687,15.7895,19.0909,84.4238,7.1023,0.9754,94.1952,164.7446
27362,2025,42.1687,15.7895,22.4961,356.7067,7.2072,0.9754,94.1952,164.7446
27362,2026,42.1687,15.7895,22.4961,356.7067,5.9701,0.9754,94.1952,164.7446
27366,2023,23.8641,11.4286,9.6338,21.4107,6.9264,1.1541,74.3595,114.9192
27366,2024,24.4986,6.6667,9.5775,39.6207,6.4995,1.2139,75.7785,114.9192
27366,2025,24.4986,6.6667,9.1385,93.0056,5.7526,1.2139,75.7785,114.9192
27366,2026,24.4986,6.6667,9.1385,93.0056,5.3946,1.2139,75.7785,114.9192
27381,2023,36.8887,49.3333,21.6511,510.4812,4.4084,1.0126,61.7332,30.8666
27381,2024,37.4016,56.0606,21.8344,429.342,3.7759,0.9839,54.632,30.8666
27381,2025,37.4016,56.0606,20.6866,306.2944,3.6849,0.9839,54.632,30.8666
27381,2026,37.4016,56.0606,20.6866,306.2944,3.534,0.9839,54.632,30.8666
27382,2023,38.8511,28.7037,15.3546,31.1036,4.8479,1.052,60.02,60.02
27382,2024,41.1341,25.8929,16.7594,31.0615,4.541,1.0246,60.7492,60.02
27382,2025,41.1341,25.8929,15.8416,32.245,5.1619,1.0246,60.7492,60.02
27382,2026,41.1341,25.8929,15.8416,32.245,5.1882,1.0246,60.7492,60.02
27383,2023,38.9255,21.7391,13.267,43.7483,4.0,1.0128,102.1868,81.7494
27383,2024,39.8543,13.5135,,58.9849,4.4226,1.0311,104.5588,81.7494
27383,2025,39.8543,13.5135,12.1951,62.1675,4.7368,1.0311,104.5588,81.7494
27383,2026,39.8543,13.5135,12.1951,62.1675,4.3478,1.0311,104.5588,81.7494
28100,2023,31.8645,23.4856,,0.7864,5.4016,1.036,108.8743,366.2676
28100,2024,31.7827,23.5138,14.7818,0.8907,5.3309,1.0331,109.5023,366.2676
28100,2025,31.7827,23.5138,14.5458,2.0003,5.4491,1.0331,109.5023,366.2676
28100,2026,31.7827,23.5138,14.5458,2.0003,5.4267,1.0331,109.5023,366.2676
28201,2023,34.846,14.3678,3.0616,3.1354,6.1471,1.0371,78.5302,266.6243
28201,2024,32.3376,13.6703,2.6561,3.7115,5.8694,1.0332,79.4852,266.6243
28201,2025,32.3376,13.6703,2.5852,3.2,5.8764,1.0332,79.4852,266.6243
28201,2026,32.3376,13.6703,2.5852,3.2,5.9038,1.0332,79.4852,266.6243
28202,2023,31.2634,40.1936,7.7417,1.3717,7.4354,1.0834,107.432,290.2625
28202,2024,30.8259,40.6128,7.8757,1.3735,7.3248,1.0793,106.9762,290.2625
28202,2025,30.8259,40.6128,8.7035,2.0143,7.2603,1.0793,106.9762,290.2625
28202,2026,30.8259,40.6128,8.7035,2.0143,7.1726,1.0793,106.9762,290.2625
28203,2023,26.3127,26.2009,11.5888,53.8567,4.8443,1.0432,83.1685,271.7712
28203,2024,26.3333,23.9087,12.0562,24.2821,4.9364,1.0348,80.845,271.7712
28203,2025,26.3333,23.9087,12.1089,26.7636,5.0294,1.0348,80.845,271.7712
28203,2026,26.3333,23.9087,12.1089,26.7636,5.0138,1.0348,80.845,271.7712
28204,2023,35.6658,44.1658,6.4323,3.6784,4.7321,1.0414,114.5411,370.1356
28204,2024,35.4444,44.4379,6.4839,16.3318,4.6968,1.0576,114.5891,370.1356
28204,2025,35.4444,44.4379,6.5974,19.0482,4.4567,1.0576,114.5891,370.1356
28204,2026,35.4444,44.4379,6.5974,19.0482,4.4046,1.0576,114.5891,370.1356
28205,2023,38.2761,43.4483,27.6786,21.3356,4.8999,1.0664,119.5429,482.9532
28205,2024,39.4561,53.9326,27.9218,12.5459,5.1807,1.0315,123.3702,482.9532
28205,2025,39.4561,53.9326,26.9077,11.2799,4.9197,1.0315,123.3702,482.9532
28205,2026,39.4561,53.9326,26.9077,11.2799,5.2594,1.0315,123.3702,482.9532
28206,2023,41.1216,16.036,19.3843,1.5876,4.0682,1.0161,154.1236,230.6612
28206,2024,40.1296,12.4481,18.7184,1.1125,4.2053,1.0019,158.2612,230.6612
28206,2025,40.1296,12.4481,18.2047,1.0806,3.9638,1.0019,158.2612,230.6612
28206,2026,40.1296,12.4481,18.2047,1.0806,4.0483,1.0019,158.2612,230.6612
28207,2023,36.018,19.61,10.7603,4.8676,5.3972,1.021,89.3655,265.6279
28207,2024,37.6645,20.064,13.0443,4.3192,5.4652,0.9988,91.3682,265.6279
28207,2025,37.6645,20.064,13.3077,4.2191,5.7617,0.9988,91.3682,265.6279
28207,2026,37.6645,20.064,13.3077,4.2191,5.3982,0.9988,91.3682,265.6279
28208,2023,40.7483,42.268,17.8057,11.4268,5.1741,1.0892,75.0697,178.7374
28208,2024,40.5022,29.4118,17.7275,10.4256,4.9474,1.0539,72.812,178.7374
28208,2025,40.5022,29.4118,18.7682,16.1508,4.9105,1.0539,72.812,178.7374
28208,2026,40.5022,29.4118,18.7682,16.1508,5.1534,1.0539,72.812,178.7374
28209,2023,44.544,52.9528,25.5108,10.5971,3.6033,0.9499,91.3089,291.9314
28209,2024,43.7358,53.252,24.7609,10.1485,3.5553,0.9725,91.4148,291.9314
28209,2025,43.7358,53.252,25.5335,11.4071,3.5413,0.9725,91.4148,291.9314
28209,2026,43.7358,53.252,25.5335,11.4071,3.3703,0.9725,91.4148,291.9314
28210,2023,33.4513,23.4011,11.3745,7.708,4.6604,1.0335,69.6465,246.6485
28210,2024,33.8102,28.2664,11.4817,5.1906,4.8815,1.0274,69.1945,246.6485
28210,2025,33.8102,28.2664,12.3901,5.2634,4.8766,1.0274,69.1945,246.6485
28210,2026,33.8102,28.2664,12.3901,5.2634,4.7609,1.0274,69.1945,246.6485
28212,2023,34.7481,42.9752,19.5608,29.3193,4.7561,1.1416,85.8275,248.6796
28212,2024,35.0709,44.0678,20.1007,44.2931,4.5311,1.11,87.0225,248.6796
28212,2025,35.0709,44.0678,23.096,47.023,4.6465,1.11,87.0225,248.6796
28212,2026,35.0709,44.0678,23.096,47.023,4.6908,1.11,87.0225,248.6796
28213,2023,39.0414,47.2727,16.0233,6.5106,4.003,1.1231,98.1506,320.281
28213,2024,42.6319,40.0881,16.412,38.8448,3.9293,1.057,96.8967,320.281
28213,2025,42.6319,40.0881,16.5352,57.3897,4.2184,1.057,96.8967,320.281
28213,2026,42.6319,40.0881,16.5352,57.3897,4.4712,1.057,96.8967,320.281
28214,2023,38.1888,27.4583,18.6107,9.5789,4.5084,1.0242,94.8923,193.6842
28214,2024,38.0872,34.751,18.71,10.7753,4.5096,1.0258,98.2816,193.6842
28214,2025,38.0872,34.751,18.2508,10.6728,4.3348,1.0258,98.2816,193.6842
28214,2026,38.0872,34.751,18.2508,10.6728,4.2661,1.0258,98.2816,193.6842
28215,2023,37.9628,34.904,14.0616,11.2956,4.0446,1.0925,80.1368,190.9926
28215,2024,39.8357,28.8306,16.9714,5.6544,4.0481,1.0804,81.0504,190.9926
28215,2025,39.8357,28.8306,17.1795,3.2696,3.9352,1.0804,81.0504,190.9926
28215,2026,39.8357,28.8306,17.1795,3.2696,4.1937,1.0804,81.0504,190.9926
28216,2023,20.0904,30.8725,10.3888,8.4381,5.5716,1.061,72.5903,136.1069
28216,2024,21.6112,4.4872,11.1798,13.857,5.4905,1.0458,73.2601,136.1069
28216,2025,21.6112,4.4872,12.2473,25.9386,5.8053,1.0458,73.2601,136.1069
28216,2026,21.6112,4.4872,12.2473,25.9386,5.635,1.0458,73.2601,136.1069
28217,2023,35.832,21.7949,18.5314,2.6514,4.6866,0.9825,85.7522,208.2554
28217,2024,36.3656,20.858,19.516,9.3622,4.7709,0.984,81.1314,208.2554
28217,2025,36.3656,20.858,18.9026,2.9472,4.4283,0.984,81.1314,208.2554
28217,2026,36.3656,20.858,18.9026,2.9472,4.3619,0.984,81.1314,208.2554
28218,2023,30.6709,43.083,15.7133,73.4473,4.1161,1.0919,84.2975,512.1072
28218,2024,30.3051,41.7391,16.6623,61.2798,3.9315,1.0818,82.6867,512.1072
28218,2025,30.3051,41.7391,15.5307,78.9768,4.4593,1.0818,82.6867,512.1072
28218,2026,30.3051,41.7391,15.5307,78.9768,4.4016,1.0818,82.6867,512.1072
28219,2023,32.9272,26.9311,10.0242,0.2189,3.6269,1.0037,74.7322,235.2681
28219,2024,32.2206,21.831,10.5,0.2035,3.7028,0.9958,75.5541,235.2681
28219,2025,32.2206,21.831,10.849,0.1448,3.5169,0.9958,75.5541,235.2681
28219,2026,32.2206,21.831,10.849,0.1448,3.5518,0.9958,75.5541,235.2681
28220,2023,34.0093,39.8104,18.3654,28.5378,4.4392,1.0524,68.6147,189.2819
28220,2024,35.3164,35.8209,16.3074,23.0827,4.3208,1.0854,69.1398,189.2819
28220,2025,35.3164,35.8209,18.4945,24.4104,4.1298,1.0854,69.1398,189.2819
28220,2026,35.3164,35.8209,18.4945,24.4104,3.7907,1.0854,69.1398,189.2819
28221,2023,31.1068,17.5732,20.4534,62.2317,3.7667,1.1239,80.1543,190.3665
28221,2024,30.2294,24.8804,17.0883,66.7215,3.8026,1.0919,78.19,190.3665
28221,2025,30.2294,24.8804,19.0275,76.5484,3.9183,1.0919,78.19,190.3665
28221,2026,30.2294,24.8804,19.0275,76.5484,3.8236,1.0919,78.19,190.3665
28222,2023,41.3408,62.5,35.3822,16.2994,4.0698,1.1026,81.9336,309.5271
28222,2024,42.2789,57.047,34.0686,10.96,4.4727,1.0728,83.7638,309.5271
28222,2025,42.2789,57.047,35.2223,13.9066,4.5191,1.0728,83.7638,309.5271
28222,2026,42.2789,57.047,35.2223,13.9066,5.2855,1.0728,83.7638,309.5271
28223,2023,37.1971,57.1059,19.2034,8.7946,4.5609,1.1276,84.2556,223.6013
28223,2024,40.0728,57.0,22.7812,3.9621,4.7025,1.0223,77.1795,223.6013
28223,2025,40.0728,57.0,26.3148,4.1619,4.6333,1.0223,77.1795,223.6013
28223,2026,40.0728,57.0,26.3148,4.1619,4.5673,1.0223,77.1795,223.6013
28224,2023,43.8684,28.9062,28.6579,6.8437,4.737,0.9903,88.5093,128.3385
28224,2024,45.7024,46.0,29.9195,11.3854,4.6296,1.0118,87.7015,128.3385
28224,2025,45.7024,46.0,30.5711,9.1676,4.5385,1.0118,87.7015,128.3385
28224,2026,45.7024,46.0,30.5711,9.1676,4.9212,1.0118,87.7015,128.3385
28225,2023,43.7314,43.4783,26.6919,7.9685,4.603,1.0019,94.1554,160.4129
28225,2024,44.1184,28.0952,26.0735,17.9485,4.8236,0.9783,95.6125,160.4129
28225,2025,44.1184,28.0952,24.2528,19.2843,4.7845,0.9783,95.6125,160.4129
28225,2026,44.1184,28.0952,24.2528,19.2843,4.5432,0.9783,95.6125,160.4129
28226,2023,43.502,53.2982,19.1638,26.7202,4.496,1.0179,98.9702,139.0296
28226,2024,44.0372,52.7132,19.2151,19.7546,4.4627,1.0488,97.6912,139.0296
28226,2025,44.0372,52.7132,17.6998,12.1759,4.5412,1.0488,97.6912,139.0296
28226,2026,44.0372,52.7132,17.6998,12.1759,4.7247,1.0488,97.6912,139.0296
28227,2023,41.0493,52.0362,25.775,20.1879,5.0584,1.005,82.132,147.2712
28227,2024,40.5983,44.6154,24.2272,32.567,4.8739,1.0347,80.9904,147.2712
28227,2025,40.5983,44.6154,24.0513,22.6544,5.1681,1.0347,80.9904,147.2712
28227,2026,40.5983,44.6154,24.0513,22.6544,5.0554,1.0347,80.9904,147.2712
28228,2023,39.0317,48.1651,18.489,2.2651,2.8287,1.0367,83.0837,153.5789
28228,2024,40.248,46.7005,18.7825,2.632,3.1627,1.0638,80.6431,153.5789
28228,2025,40.248,46.7005,18.8131,1.963,3.2383,1.0638,80.6431,153.5789
28228,2026,40.248,46.7005,18.8131,1.963,3.3391,1.0638,80.6431,153.5789
28229,2023,35.4717,43.8819,19.2234,7.5345,4.9499,1.0101,60.7443,145.7864
28229,2024,35.6358,58.5542,19.554,47.0331,4.8908,0.9933,61.4746,145.7864
28229,2025,35.6358,58.5542,19.6031,58.0086,4.8993,0.9933,61.4746,145.7864
28229,2026,35.6358,58.5542,19.6031,58.0086,5.2968,0.9933,61.4746,145.7864
28301,2023,45.8233,47.9508,34.488,51.154,2.987,0.955,81.1633,145.4177
28301,2024,44.8292,45.7014,31.8471,17.6712,3.0466,0.9387,85.9107,145.4177
28301,2025,44.8292,45.7014,25.4243,32.1756,3.1731,0.9387,85.9107,145.4177
28301,2026,44.8292,45.7014,25.4243,32.1756,2.9048,0.9387,85.9107,145.4177
28365,2023,36.9085,41.4815,17.6701,140.4155,2.5806,1.1219,71.9314,113.035
28365,2024,40.9391,47.4453,18.3324,26.1506,3.3585,1.0773,68.5437,113.035
28365,2025,40.9391,47.4453,23.1487,29.0632,3.5361,1.0773,68.5437,113.035
28365,2026,40.9391,47.4453,23.1487,29.0632,3.2351,1.0773,68.5437,113.035
28381,2023,32.3243,34.965,17.032,33.813,4.8636,1.1214,65.2358,159.8278
28381,2024,32.4524,30.4965,15.4643,20.258,5.6448,1.0777,65.3616,159.8278
28381,2025,32.4524,30.4965,16.1905,27.0352,5.7933,1.0777,65.3616,159.8278
28381,2026,32.4524,30.4965,16.1905,27.0352,5.5495,1.0777,65.3616,159.8278
28382,2023,37.4894,24.7423,12.1315,7.9571,4.6558,1.0619,68.9437,100.5429
28382,2024,37.3438,24.2604,16.2115,3.8638,4.8353,1.089,63.0084,100.5429
28382,2025,37.3438,24.2604,15.9594,28.6205,5.1734,1.089,63.0084,100.5429
28382,2026,37.3438,24.2604,15.9594,28.6205,5.4181,1.089,63.0084,100.5429
28442,2023,47.6744,31.8584,27.7893,181.1024,3.3981,1.0312,53.9617,53.9617
28442,2024,46.9243,39.5833,27.0427,146.0387,3.7449,1.0381,45.8842,53.9617
28442,2025,46.9243,39.5833,27.1277,206.1108,2.9412,1.0381,45.8842,53.9617
28442,2026,46.9243,39.5833,27.1277,206.1108,3.5637,1.0381,45.8842,53.9617
28443,2023,38.2935,32.7434,24.4591,96.2725,4.2646,1.0485,106.6894,186.7065
28443,2024,40.9601,26.3158,26.2036,92.293,4.8561,1.0789,111.8985,186.7065
28443,2025,40.9601,26.3158,24.0028,87.6338,5.1402,1.0789,111.8985,186.7065
28443,2026,40.9601,26.3158,24.0028,87.6338,5.3191,1.0789,111.8985,186.7065
28446,2023,45.856,40.7407,29.1397,550.0408,3.6707,1.1358,75.0399,234.4996
28446,2024,50.0956,45.7447,24.1689,554.2716,3.8417,1.1458,76.9897,234.4996
28446,2025,50.0956,45.7447,28.5864,547.3874,3.1785,1.1458,76.9897,234.4996
28446,2026,50.0956,45.7447,28.5864,547.3874,2.9987,1.1458,76.9897,234.4996
28464,2023,31.7847,52.5,24.2154,35.7594,5.1109,0.999,71.0627,88.8284
28464,2024,32.2715,46.8354,24.2925,34.9339,5.296,1.0372,68.4993,88.8284
28464,2025,32.2715,46.8354,18.6712,78.5759,5.0941,1.0372,68.4993,88.8284
28464,2026,32.2715,46.8354,18.6712,78.5759,4.8968,1.0372,68.4993,88.8284
28481,2023,45.2267,26.2136,21.0696,1.3786,3.2583,1.1348,70.9723,92.264
28481,2024,44.0842,95.9459,18.0494,2.2718,4.0865,1.1323,71.8752,92.264
28481,2025,44.0842,95.9459,19.0214,8.305,4.0921,1.1323,71.8752,92.264
28481,2026,44.0842,95.9459,19.0214,8.305,3.8359,1.1323,71.8752,92.264
28501,2023,35.0092,31.7308,3.9185,118.4071,4.3563,1.1047,83.8764,154.8487
28501,2024,35.1383,43.1579,15.9282,112.1579,4.6528,1.1067,85.7181,154.8487
28501,2025,35.1383,43.1579,14.2857,91.8264,4.4558,1.1067,85.7181,154.8487
28501,2026,35.1383,43.1579,14.2857,91.8264,4.5249,1.1067,85.7181,154.8487
28585,2023,47.506,24.1573,29.7643,35.4365,3.9298,0.9965,62.4064,131.0534
28585,2024,49.4337,21.4286,25.9152,139.4328,3.268,1.0319,63.8692,131.0534
28585,2025,49.4337,21.4286,29.2501,146.7168,2.9083,1.0319,63.8692,131.0534
28585,2026,49.4337,21.4286,29.2501,146.7168,3.3898,1.0319,63.8692,131.0534
28586,2023,47.9441,44.4444,26.729,23.5331,3.4838,1.0614,96.8992,111.8068
28586,2024,47.2174,40.3101,22.4516,48.5847,3.5803,1.057,99.2821,111.8068
28586,2025,47.2174,40.3101,25.3173,5.6654,3.7424,1.057,99.2821,111.8068
28586,2026,47.2174,40.3101,25.3173,5.6654,4.1182,1.057,99.2821,111.8068
29201,2023,35.5858,12.0729,18.8846,0.6445,4.5732,0.977,111.8326,298.7895
29201,2024,34.8886,11.2923,18.735,0.3505,4.6415,0.9855,114.4869,298.7895
29201,2025,34.8886,11.2923,17.8035,0.7188,4.6381,0.9855,114.4869,298.7895
29201,2026,34.8886,11.2923,17.8035,0.7188,4.7228,0.9855,114.4869,298.7895
29202,2023,28.43,15.6442,11.2364,25.247,5.0148,1.0127,90.6993,268.9156
29202,2024,27.9407,13.3562,10.6215,59.3016,4.8849,1.0151,84.9182,268.9156
29202,2025,27.9407,13.3562,10.9813,34.4426,5.1183,1.0151,84.9182,268.9156
29202,2026,27.9407,13.3562,10.9813,34.4426,4.7327,1.0151,84.9182,268.9156
29203,2023,33.8787,8.4862,12.1503,3.5853,5.4172,0.9809,92.9778,185.9556
29203,2024,33.8606,9.5923,12.7419,5.0701,5.3006,1.0027,90.0847,185.9556
29203,2025,33.8606,9.5923,12.7157,3.2851,5.4313,1.0027,90.0847,185.9556
29203,2026,33.8606,9.5923,12.7157,3.2851,5.6423,1.0027,90.0847,185.9556
29204,2023,30.2491,31.4815,11.848,38.8339,5.8792,0.9295,62.8212,571.8336
29204,2024,31.2455,33.9921,11.6777,13.6513,5.7735,0.9288,63.5925,571.8336
29204,2025,31.2455,33.9921,12.3426,11.0666,5.6297,0.9288,63.5925,571.8336
29204,2026,31.2455,33.9921,12.3426,11.0666,5.3619,0.9288,63.5925,571.8336
29205,2023,31.0525,8.2353,14.644,0.8075,4.0539,0.9721,99.1791,754.2609
29205,2024,29.9522,8.6957,14.9464,2.6068,3.8771,0.9805,98.1132,754.2609
29205,2025,29.9522,8.6957,15.1748,2.792,3.945,0.9805,98.1132,754.2609
29205,2026,29.9522,8.6957,15.1748,2.792,3.9515,0.9805,98.1132,754.2609
29206,2023,31.1691,25.641,14.0199,1.8772,4.5864,0.9717,86.474,221.5897
29206,2024,32.1763,16.4948,15.1033,5.298,4.8431,0.9445,83.8223,221.5897
29206,2025,32.1763,16.4948,16.3531,0.0,5.3177,0.9445,83.8223,221.5897
29206,2026,32.1763,16.4948,16.3531,0.0,5.1178,0.9445,83.8223,221.5897
29207,2023,28.5664,9.375,10.8886,6.4246,4.7276,0.9552,117.6932,103.4274
29207,2024,30.189,3.8462,9.6206,17.4316,5.3951,1.0123,112.8216,103.4274
29207,2025,30.189,3.8462,10.843,5.5209,5.8537,1.0123,112.8216,103.4274
29207,2026,30.189,3.8462,10.843,5.5209,5.4706,1.0123,112.8216,103.4274
29208,2023,37.0789,64.9425,11.3261,7.1709,4.1339,1.0068,116.3274,261.7366
29208,2024,35.7004,55.0,14.4186,8.2849,3.7076,0.9672,122.4817,261.7366
29208,2025,35.7004,55.0,11.6464,15.8181,4.253,0.9672,122.4817,261.7366
29208,2026,35.7004,55.0,11.6464,15.8181,4.3133,0.9672,122.4817,261.7366
29209,2023,34.5526,29.6524,10.6172,5.3823,3.4326,0.9876,81.3932,273.0063
29209,2024,35.4839,23.3161,9.8522,4.0372,3.326,0.9579,81.8191,273.0063
29209,2025,35.4839,23.3161,11.7287,4.9232,3.1773,0.9579,81.8191,273.0063
29209,2026,35.4839,23.3161,11.7287,4.9232,2.9741,0.9579,81.8191,273.0063
29210,2023,35.4762,20.5696,7.0642,23.5903,4.2773,1.0175,72.3516,138.3565
29210,2024,34.6758,25.9136,8.3779,32.481,4.1742,1.0014,71.2604,138.3565
29210,2025,34.6758,25.9136,7.3267,25.6339,4.1026,1.0014,71.2604,138.3565
29210,2026,34.6758,25.9136,7.3267,25.6339,4.4346,1.0014,71.2604,138.3565
29211,2023,32.7863,22.8155,13.4234,0.0,4.8578,0.9601,60.8385,81.9997
29211,2024,32.4128,29.1429,13.1862,0.0,5.1716,1.0031,58.0398,81.9997
29211,2025,32.4128,29.1429,14.6719,0.0,5.1511,1.0031,58.0398,81.9997
29211,2026,32.4128,29.1429,14.6719,0.0,5.3218,1.0031,58.0398,81.9997
29212,2023,36.4516,36.1702,16.3786,40.8352,4.237,1.039,85.8953,164.6326
29212,2024,34.9552,37.1585,16.4326,26.4026,3.751,1.0204,84.1074,164.6326
29212,2025,34.9552,37.1585,16.5396,39.2637,4.2869,1.0204,84.1074,164.6326
29212,2026,34.9552,37.1585,16.5396,39.2637,4.2683,1.0204,84.1074,164.6326
29322,2023,51.7493,26.3158,40.201,25.0796,3.5326,1.0066,154.8947,123.9157
29322,2024,49.9232,26.6667,39.071,24.6465,2.8902,1.1076,159.7444,123.9157
29322,2025,49.9232,26.6667,36.7647,24.7525,1.5385,1.1076,159.7444,123.9157
29322,2026,49.9232,26.6667,36.7647,24.7525,3.6424,1.1076,159.7444,123.9157
29342,2023,42.4313,36.036,10.4404,2.9963,4.6598,1.1079,70.5219,54.2476
29342,2024,42.1388,35.1351,12.5714,5.1009,4.9719,1.0307,65.5058,54.2476
29342,2025,42.1388,35.1351,12.1387,3.3364,5.1433,1.0307,65.5058,54.2476
29342,2026,42.1388,35.1351,12.1387,3.3364,4.7703,1.0307,65.5058,54.2476
29343,2023,35.0972,9.6774,13.8102,0.0,4.1252,1.0416,62.1118,607.8083
29343,2024,34.898,9.6774,11.9151,0.0,3.9394,1.0533,62.2804,607.8083
29343,2025,34.898,9.6774,11.6235,0.0,4.0063,1.0533,62.2804,607.8083
29343,2026,34.898,9.6774,11.6235,0.0,3.6203,1.0533,62.2804,607.8083
29344,2023,37.0577,21.1268,9.8334,6.5808,3.8507,1.0388,78.125,71.0227
29344,2024,36.3305,25.7143,10.559,5.9623,3.8173,1.0652,74.6428,71.0227
29344,2025,36.3305,25.7143,10.6614,3.8874,3.612,1.0652,74.6428,71.0227
29344,2026,36.3305,25.7143,10.6614,3.8874,4.212,1.0652,74.6428,71.0227
29345,2023,33.1551,96.6667,19.4565,35.9059,3.2929,1.0197,28.169,28.169
29345,2024,33.9243,83.0189,19.3511,26.4026,4.3636,0.9639,42.517,28.169
29345,2025,33.9243,83.0189,19.1194,24.1919,3.6232,0.9639,42.517,28.169
29345,2026,33.9243,83.0189,19.1194,24.1919,4.8964,0.9639,42.517,28.169
29361,2023,30.3598,12.5,12.9237,13.8365,4.9423,1.0758,85.1892,48.6796
29361,2024,30.445,35.8974,13.2961,13.6091,5.1813,0.979,86.4838,48.6796
29361,2025,30.445,35.8974,12.3947,17.1189,7.4954,0.979,86.4838,48.6796
29361,2026,30.445,35.8974,12.3947,17.1189,5.098,0.979,86.4838,48.6796
29362,2023,44.5772,21.3115,8.9356,19.5733,2.1692,0.9956,15.1492,15.1492
29362,2024,44.0828,60.3175,12.2159,26.859,2.8571,0.9001,15.3799,15.1492
29362,2025,44.0828,60.3175,10.8262,42.6625,3.1746,0.9001,15.3799,15.1492
29362,2026,44.0828,60.3175,10.8262,42.6625,4.5024,0.9001,15.3799,15.1492
29363,2023,33.214,21.4765,8.6623,38.1881,3.2214,0.9836,82.0319,205.0797
29363,2024,36.5821,11.1111,10.5853,28.0462,3.1553,0.9761,79.1891,205.0797
29363,2025,36.5821,11.1111,10.4554,35.3129,2.8601,0.9761,79.1891,205.0797
29363,2026,36.5821,11.1111,10.4554,35.3129,3.2068,0.9761,79.1891,205.0797
29385,2023,53.3784,81.25,41.5,0.0,4.5161,1.0118,75.7002,75.7002
29385,2024,53.1599,60.0,39.5604,0.0,3.4014,1.1225,77.1605,75.7002
29385,2025,53.1599,60.0,41.1429,0.0,2.8571,1.1225,77.1605,75.7002
29385,2026,53.1599,60.0,41.1429,0.0,3.6496,1.1225,77.1605,75.7002
29386,2023,52.6316,56.25,42.2907,0.0,1.1696,0.9111,205.7613,68.5871
29386,2024,56.8421,76.9231,37.4359,2.5489,1.9608,1.0336,141.6431,68.5871
29386,2025,56.8421,76.9231,29.4798,84.5196,2.5,1.0336,141.6431,68.5871
29386,2026,56.8421,76.9231,29.4798,84.5196,2.5316,1.0336,141.6431,68.5871
29401,2023,45.6866,52.1739,26.1787,0.0,2.8881,1.0309,142.7212,237.8687
29401,2024,49.6768,51.8519,28.6479,0.8801,3.8674,1.0075,145.4663,237.8687
29401,2025,49.6768,51.8519,28.3046,23.1523,5.1527,1.0075,145.4663,237.8687
29401,2026,49.6768,51.8519,28.3046,23.1523,5.4,1.0075,145.4663,237.8687
29402,2023,38.9954,28.5714,22.1216,0.0,4.8583,0.9306,113.4644,56.7322
29402,2024,41.6749,25.0,24.6224,5.1757,4.2411,0.9417,116.0991,56.7322
29402,2025,41.6749,25.0,17.541,19.0766,5.1724,0.9417,116.0991,56.7322
29402,2026,41.6749,25.0,17.541,19.0766,4.5226,0.9417,116.0991,56.7322
29424,2023,38.8708,47.5806,6.5486,3.501,5.3455,1.0207,60.1518,226.7259
29424,2024,39.3484,52.1008,6.3236,22.4316,4.878,1.0342,60.8415,226.7259
29424,2025,39.3484,52.1008,6.7299,29.6639,5.3276,1.0342,60.8415,226.7259
29424,2026,39.3484,52.1008,6.7299,29.6639,5.0,1.0342,60.8415,226.7259
29425,2023,46.3165,22.3881,15.5395,10.9053,4.3896,0.983,120.7026,162.3241
29425,2024,45.2575,18.9394,15.1143,14.3072,4.1155,0.9965,121.5525,162.3241
29425,2025,45.2575,18.9394,15.9533,10.0252,3.7065,0.9965,121.5525,162.3241
29425,2026,45.2575,18.9394,15.9533,10.0252,3.3858,0.9965,121.5525,162.3241
29426,2023,41.696,7.1429,11.4608,2.9632,4.1084,0.9471,68.0195,70.8536
29426,2024,44.2648,8.6364,13.3421,9.46,3.9381,0.9793,71.1055,70.8536
29426,2025,44.2648,8.6364,13.6656,6.4159,3.8935,0.9793,71.1055,70.8536
29426,2026,44.2648,8.6364,13.6656,6.4159,3.9366,0.9793,71.1055,70.8536
29427,2023,35.3378,4.3478,7.3474,74.5082,4.01,0.9791,105.4791,117.1989
29427,2024,33.7196,22.973,9.2142,104.1942,3.5072,0.9756,101.0822,117.1989
29427,2025,33.7196,22.973,9.1975,82.4313,3.9347,0.9756,101.0822,117.1989
29427,2026,33.7196,22.973,9.1975,82.4313,4.2157,0.9756,101.0822,117.1989
29441,2023,26.3528,25.0,13.2337,42.1555,4.5455,1.0055,95.9846,175.9718
29441,2024,24.9426,38.4615,12.8779,49.5394,5.7812,1.0226,82.8363,175.9718
29441,2025,24.9426,38.4615,13.4969,27.5268,6.01,1.0226,82.8363,175.9718
29441,2026,24.9426,38.4615,13.4969,27.5268,4.9911,1.0226,82.8363,175.9718
29442,2023,26.2543,5.618,8.9474,9.0199,3.9079,0.9666,66.9181,535.3449
29442,2024,30.2301,5.2632,10.317,13.061,4.3228,0.9839,74.3172,535.3449
29442,2025,30.2301,5.2632,10.2459,0.0,3.497,0.9839,74.3172,535.3449
29442,2026,30.2301,5.2632,10.2459,0.0,4.4531,0.9839,74.3172,535.3449
29443,2023,30.3734,34.6154,15.261,0.0,4.2827,0.9563,84.2815,84.2815
29443,2024,34.5612,37.037,11.4286,1.3862,3.2609,0.9598,87.0511,84.2815
29443,2025,34.5612,37.037,12.7992,14.4599,4.3084,0.9598,87.0511,84.2815
29443,2026,34.5612,37.037,12.7992,14.4599,5.4374,0.9598,87.0511,84.2815
29444,2023,48.951,57.1429,31.068,10.1833,7.0423,0.7672,159.4896,159.4896
29444,2024,50.0,62.5,27.907,0.0,4.2254,0.8311,163.3987,159.4896
29444,2025,50.0,62.5,34.4828,52.7426,2.9851,0.8311,163.3987,159.4896
29444,2026,50.0,62.5,34.4828,52.7426,5.0,0.8311,163.3987,159.4896
29446,2023,37.6855,0.0,26.25,0.0,5.5172,0.8815,79.0514,79.0514
29446,2024,42.284,0.0,35.2113,0.0,4.6358,0.7487,81.2348,79.0514
29446,2025,42.284,0.0,27.4038,0.0,2.7778,0.7487,81.2348,79.0514
29446,2026,42.284,0.0,27.4038,0.0,2.8571,0.7487,81.2348,79.0514
29447,2023,47.1698,0.0,41.6667,0.0,0.0,1.0137,297.619,297.619
29447,2024,51.7241,40.0,30.0,0.0,0.0,0.9275,299.4012,297.619
29447,2025,51.7241,40.0,39.3939,0.0,2.9412,0.9275,299.4012,297.619
29447,2026,51.7241,40.0,39.3939,0.0,0.0,0.9275,299.4012,297.619
29449,2023,38.4984,4.5455,32.7628,3.615,3.9735,0.8881,168.9189,101.3514
29449,2024,39.4693,12.5,32.3155,2.8011,4.878,0.8442,175.4386,101.3514
29449,2025,39.4693,12.5,28.6822,0.0,5.0725,0.8442,175.4386,101.3514
29449,2026,39.4693,12.5,28.6822,0.0,6.0606,0.8442,175.4386,101.3514
29450,2023,40.1316,80.0,40.0,225.1969,2.8571,0.9837,122.6994,122.6994
29450,2024,50.3597,0.0,32.4074,242.3756,5.7143,0.9091,123.3046,122.6994
29450,2025,50.3597,0.0,36.9565,469.5222,3.1746,0.9091,123.3046,122.6994
29450,2026,50.3597,0.0,36.9565,469.5222,5.2632,0.9091,123.3046,122.6994
29451,2023,57.1429,16.6667,48.9796,0.0,8.5106,1.0613,220.2643,220.2643
29451,2024,57.5758,12.5,42.0,0.0,2.381,0.7851,227.2727,220.2643
29451,2025,57.5758,12.5,42.2222,0.0,2.7778,0.7851,227.2727,220.2643
29451,2026,57.5758,12.5,42.2222,0.0,2.7778,0.7851,227.2727,220.2643
29452,2023,31.0606,33.3333,24.6914,0.0,5.9259,0.963,79.2393,79.2393
29452,2024,33.871,0.0,9.5808,0.0,4.5802,1.0363,81.103,79.2393
29452,2025,33.871,0.0,25.6757,58.2227,4.2017,1.0363,81.103,79.2393
29452,2026,33.871,0.0,25.6757,58.2227,2.6316,1.0363,81.103,79.2393
29453,2023,32.5,16.6667,13.5922,0.0,4.1451,1.1528,315.4574,126.183
29453,2024,30.8383,77.7778,13.7755,147.6562,5.8824,0.9699,260.078,126.183
29453,2025,30.8383,77.7778,17.6471,0.0,6.1728,0.9699,260.078,126.183
29453,2026,30.8383,77.7778,17.6471,0.0,5.6738,0.9699,260.078,126.183
30201,2023,36.5412,25.951,6.6894,0.1254,6.3491,1.0455,117.613,465.7254
30201,2024,37.8772,32.3914,6.9647,0.4431,6.0088,1.0101,116.6992,465.7254
30201,2025,37.8772,32.3914,7.9899,0.4887,5.8695,1.0101,116.6992,465.7254
30201,2026,37.8772,32.3914,7.9899,0.4887,5.726,1.0101,116.6992,465.7254
30202,2023,38.552,29.1667,21.5624,12.0331,4.1956,0.9662,110.6241,214.9864
30202,2024,38.6594,29.3706,24.2413,15.4199,4.041,0.9452,106.0265,214.9864
30202,2025,38.6594,29.3706,22.6249,8.7439,3.6866,0.9452,106.0265,214.9864
30202,2026,38.6594,29.3706,22.6249,8.7439,3.8007,0.9452,106.0265,214.9864
30203,2023,37.9243,45.3629,25.2865,4.0626,4.2008,0.9954,106.1448,258.7279
30203,2024,38.9233,42.1053,25.4014,11.0058,4.0609,0.9666,104.2455,258.7279
30203,2025,38.9233,42.1053,26.6188,5.7955,4.0226,0.9666,104.2455,258.7279
30203,2026,38.9233,42.1053,26.6188,5.7955,3.9102,0.9666,104.2455,258.7279
30204,2023,39.6808,37.9121,17.8524,28.3581,4.2458,0.9997,110.6279,202.182
30204,2024,41.8582,31.0976,18.3036,70.6412,3.8582,0.9906,112.7483,202.182
30204,2025,41.8582,31.0976,18.1474,80.8761,3.9459,0.9906,112.7483,202.182
30204,2026,41.8582,31.0976,18.1474,80.8761,3.4965,0.9906,112.7483,202.182
30205,2023,34.9833,36.4238,19.1315,21.8684,7.4194,0.9952,154.202,517.0303
30205,2024,36.5147,40.411,19.2795,21.9483,7.1235,0.9665,153.2033,517.0303
30205,2025,36.5147,40.411,19.3342,20.5103,6.6999,0.9665,153.2033,517.0303
30205,2026,36.5147,40.411,19.3342,20.5103,6.8249,0.9665,153.2033,517.0303
30206,2023,31.0392,19.3059,20.1511,13.4454,6.3689,0.8982,117.6201,349.9914
30206,2024,32.7848,18.3807,19.8905,14.5284,6.2845,0.9,112.4942,349.9914
30206,2025,32.7848,18.3807,20.1229,22.1195,6.0652,0.9,112.4942,349.9914
30206,2026,32.7848,18.3807,20.1229,22.1195,6.1583,0.9,112.4942,349.9914
30207,2023,32.5718,16.7488,19.0942,125.3387,4.8456,0.9361,129.9955,323.1318
30207,2024,30.6905,14.557,17.2889,105.7064,5.3473,0.9359,132.9131,323.1318
30207,2025,30.6905,14.557,18.7357,88.9132,5.4223,0.9359,132.9131,323.1318
30207,2026,30.6905,14.557,18.7357,88.9132,5.5282,0.9359,132.9131,323.1318
30208,2023,41.5407,31.4629,23.6962,0.0,4.7375,0.9996,108.3676,248.412
30208,2024,42.3964,19.5266,23.5874,0.0,4.7299,1.0003,105.7437,248.412
30208,2025,42.3964,19.5266,24.5148,1.6314,4.6512,1.0003,105.7437,248.412
30208,2026,42.3964,19.5266,24.5148,1.6314,4.4843,1.0003,105.7437,248.412
30209,2023,36.1918,9.6875,18.8013,0.0,3.5658,1.0119,84.8474,158.6277
30209,2024,38.3265,15.0289,19.3606,1.5217,4.009,1.076,88.7919,158.6277
30209,2025,38.3265,15.0289,19.5455,1.4846,3.8105,1.076,88.7919,158.6277
30209,2026,38.3265,15.0289,19.5455,1.4846,3.9354,1.076,88.7919,158.6277
30304,2023,38.6401,23.8095,20.4152,18.877,3.466,0.9626,148.1847,296.3695
30304,2024,39.6624,23.1884,22.9108,23.3127,3.3012,0.9906,151.6684,296.3695
30304,2025,39.6624,23.1884,21.7734,21.3262,4.246,0.9906,151.6684,296.3695
30304,2026,39.6624,23.1884,21.7734,21.3262,4.4481,0.9906,151.6684,296.3695
30341,2023,33.7227,24.7934,24.9745,0.0,4.9307,1.0687,106.8175,238.7685
30341,2024,35.5628,21.3235,24.8737,0.0,4.5789,1.0417,115.2,238.7685
30341,2025,35.5628,21.3235,19.6869,0.0,4.7868,1.0417,115.2,238.7685
30341,2026,35.5628,21.3235,19.6869,0.0,3.8809,1.0417,115.2,238.7685
30343,2023,35.473,56.5217,11.701,77.9442,3.352,1.1241,104.1667,260.4167
30343,2024,36.6906,60.0,23.6059,153.5146,2.521,1.238,102.8807,260.4167
30343,2025,36.6906,60.0,23.9006,183.0508,1.194,1.238,102.8807,260.4167
30343,2026,36.6906,60.0,23.9006,183.0508,1.9417,1.238,102.8807,260.4167
30344,2023,22.9008,64.7059,12.9683,299.9514,4.2194,1.0153,183.0161,183.0161
30344,2024,31.0273,19.0476,18.9189,202.3751,6.6667,1.061,149.4768,183.0161
30344,2025,31.0273,19.0476,16.4894,17.2065,5.4726,1.061,149.4768,183.0161
30344,2026,31.0273,19.0476,16.4894,17.2065,4.5918,1.061,149.4768,183.0161
30361,2023,32.5998,42.5287,20.4404,67.9774,4.6171,0.9443,125.3133,304.3323
30361,2024,34.4739,40.2299,31.239,94.9095,3.6058,0.8454,127.924,304.3323
30361,2025,34.4739,40.2299,32.4925,96.8507,3.6036,0.8454,127.924,304.3323
30361,2026,34.4739,40.2299,32.4925,96.8507,4.5455,0.8454,127.924,304.3323
30362,2023,37.8197,6.4516,24.0856,197.351,4.7532,0.8762,60.051,60.051
30362,2024,43.1146,10.4478,31.1492,151.468,4.4146,0.8423,61.1154,60.051
30362,2025,43.1146,10.4478,22.6415,127.9674,4.1237,0.8423,61.1154,60.051
30362,2026,43.1146,10.4478,22.6415,127.9674,3.8136,0.8423,61.1154,60.051
30366,2023,34.4548,19.8675,23.4048,7.5915,4.0828,0.9734,109.2001,167.7002
30366,2024,36.5953,30.0613,24.0183,7.9394,3.0356,0.9485,110.1842,167.7002
30366,2025,36.5953,30.0613,24.8521,13.7446,2.8554,0.9485,110.1842,167.7002
30366,2026,36.5953,30.0613,24.8521,13.7446,2.7879,0.9485,110.1842,167.7002
30381,2023,39.6566,50.0,12.9856,73.1919,4.7081,1.0465,120.7547,347.1698
30381,2024,42.4956,28.0,13.2212,132.0963,5.1282,1.0538,123.9926,347.1698
30381,2025,42.4956,28.0,18.5185,154.1353,5.5556,1.0538,123.9926,347.1698
30381,2026,42.4956,28.0,18.5185,154.1353,5.6017,1.0538,123.9926,347.1698
30382,2023,45.1201,46.6667,17.9136,11.8899,4.0153,0.9685,50.2576,62.822
30382,2024,46.708,33.3333,18.091,32.3719,5.1282,1.0067,37.5657,62.822
30382,2025,46.708,33.3333,19.0255,31.5943,4.5929,1.0067,37.5657,62.822
30382,2026,46.708,33.3333,19.0255,31.5943,4.4304,1.0067,37.5657,62.822
30383,2023,32.9204,27.5,21.9902,0.0,2.8,1.0704,94.6611,37.8644
30383,2024,33.8475,34.1463,23.1638,0.0,3.178,0.9903,96.4692,37.8644
30383,2025,33.8475,34.1463,16.2429,0.0,4.5045,0.9903,96.4692,37.8644
30383,2026,33.8475,34.1463,16.2429,0.0,5.4893,0.9903,96.4692,37.8644
30390,2023,37.3179,56.7164,32.6619,0.0,4.0541,1.0656,63.1712,63.1712
30390,2024,37.2118,37.037,35.1168,45.5058,3.4258,0.9219,51.5663,63.1712
30390,2025,37.2118,37.037,34.0943,63.4229,3.3688,0.9219,51.5663,63.1712
30390,2026,37.2118,37.037,34.0943,63.4229,3.352,0.9219,51.5663,63.1712
30391,2023,51.374,21.2766,40.8457,198.7989,5.6779,0.8042,83.4168,66.7334
30391,2024,51.529,25.1908,41.5676,218.7145,5.4697,0.796,76.4851,66.7334
30391,2025,51.529,25.1908,43.0607,197.8486,5.4348,0.796,76.4851,66.7334
30391,2026,51.529,25.1908,43.0607,197.8486,4.8387,0.796,76.4851,66.7334
30392,2023,49.0104,31.7757,32.3134,28.3304,3.3854,0.989,106.8376,85.4701
30392,2024,48.9107,30.0,31.2698,42.1764,3.4392,0.9587,97.8048,85.4701
30392,2025,48.9107,30.0,29.8302,47.5332,4.2466,0.9587,97.8048,85.4701
30392,2026,48.9107,30.0,29.8302,47.5332,4.6479,0.9587,97.8048,85.4701
30401,2023,36.4945,21.6867,22.0692,10.6919,6.5765,0.9751,87.9636,210.1354
30401,2024,40.3217,19.3939,21.6236,11.1173,6.932,0.9813,89.2813,210.1354
30401,2025,40.3217,19.3939,22.1358,35.4306,6.2238,0.9813,89.2813,210.1354
30401,2026,40.3217,19.3939,22.1358,35.4306,6.0976,0.9813,89.2813,210.1354
30404,2023,40.6734,13.2075,25.3503,3.6938,4.8534,0.9556,89.1209,114.584
30404,2024,39.7884,12.1951,20.6367,4.7078,4.6778,0.9842,89.0585,114.584
30404,2025,39.7884,12.1951,21.7009,27.5735,4.385,0.9842,89.0585,114.584
30404,2026,39.7884,12.1951,21.7009,27.5735,4.8649,0.9842,89.0585,114.584
30406,2023,44.9452,39.5833,31.7844,22.7515,4.6921,0.9491,163.9792,218.639
30406,2024,42.7815,43.75,29.3886,50.9326,4.893,1.0653,138.6194,218.639
30406,2025,42.7815,43.75,28.6885,45.0988,4.9834,1.0653,138.6194,218.639
30406,2026,42.7815,43.75,28.6885,45.0988,5.3691,1.0653,138.6194,218.639
30421,2023,37.2555,22.963,19.8966,0.0,3.6575,0.999,71.2454,199.487
30421,2024,38.7805,25.1908,19.6134,0.9639,3.4422,0.9896,72.5795,199.487
30421,2025,38.7805,25.1908,19.3408,8.4446,3.7665,0.9896,72.5795,199.487
30421,2026,38.7805,25.1908,19.3408,8.4446,4.4161,0.9896,72.5795,199.487
30422,2023,35.122,25.0,19.6126,505.0598,5.283,1.1651,69.1802,34.5901
30422,2024,38.0282,23.8095,18.3562,738.073,3.629,1.0787,105.4852,34.5901
30422,2025,38.0282,23.8095,25.731,911.8756,3.8462,1.0787,105.4852,34.5901
30422,2026,38.0282,23.8095,25.731,911.8756,2.2222,1.0787,105.4852,34.5901
30424,2023,41.9861,24.0,33.7766,824.3381,4.0984,0.9274,245.2984,204.4154
30424,2024,40.8582,29.0323,33.1522,734.7689,3.4934,0.8715,253.9145,204.4154
30424,2025,40.8582,29.0323,39.2857,1065.1238,2.8708,0.8715,253.9145,204.4154
30424,2026,40.8582,29.0323,39.2857,1065.1238,5.5838,0.8715,253.9145,204.4154
30427,2023,46.1538,33.3333,35.5556,280.5281,3.125,1.394,247.5248,247.5248
30427,2024,53.4483,0.0,38.0952,352.7397,3.7037,1.306,253.8071,247.5248
30427,2025,53.4483,0.0,18.1818,588.6525,3.8462,1.306,253.8071,247.5248
30427,2026,53.4483,0.0,18.1818,588.6525,8.3333,1.306,253.8071,247.5248
30428,2023,30.276,46.5649,16.8562,9.5416,5.1984,0.9725,108.7326,203.8736
30428,2024,33.3543,39.5522,18.2852,7.8668,5.6222,0.9301,111.9116,203.8736
30428,2025,33.3543,39.5522,19.1678,18.6741,4.9837,0.9301,111.9116,203.8736
30428,2026,33.3543,39.5522,19.1678,18.6741,5.2451,0.9301,111.9116,203.8736
31201,2023,34.4628,30.5648,23.5466,8.5684,4.9985,1.0013,81.8469,316.4747
31201,2024,35.6783,29.9667,22.8154,7.6772,4.9819,1.0177,82.2282,316.4747
31201,2025,35.6783,29.9667,23.2046,27.0165,4.9849,1.0177,82.2282,316.4747
31201,2026,35.6783,29.9667,23.2046,27.0165,4.9996,1.0177,82.2282,316.4747
31202,2023,29.3209,12.426,19.288,13.4675,5.5707,1.0318,114.959,610.3778
31202,2024,29.5951,14.0312,19.9132,12.4754,5.3818,1.0235,113.6653,610.3778
31202,2025,29.5951,14.0312,21.1061,10.8509,5.2157,1.0235,113.6653,610.3778
31202,2026,29.5951,14.0312,21.1061,10.8509,4.8463,1.0235,113.6653,610.3778
31203,2023,31.9247,22.2689,18.1154,12.7281,4.1998,0.9193,113.4115,420.2895
31203,2024,31.773,20.2765,17.5976,14.1868,3.7922,0.9511,108.5678,420.2895
31203,2025,31.773,20.2765,17.4036,10.0174,3.587,0.9511,108.5678,420.2895
31203,2026,31.773,20.2765,17.4036,10.0174,4.2979,0.9511,108.5678,420.2895
31204,2023,30.7834,18.3333,18.1496,58.0054,4.1455,1.061,84.8871,197.0593
31204,2024,32.0318,30.0813,23.4563,235.4481,4.3478,1.0849,82.5789,197.0593
31204,2025,32.0318,30.0813,24.0107,69.6336,4.2318,1.0849,82.5789,197.0593
31204,2026,32.0318,30.0813,24.0107,69.6336,4.0395,1.0849,82.5789,197.0593
31302,2023,45.5362,22.9508,22.5938,12.4315,5.3279,1.0696,45.4545,100.0
31302,2024,44.9747,7.3529,21.1622,11.8153,4.7867,1.0004,45.8589,100.0
31302,2025,44.9747,7.3529,21.1486,17.0987,5.1143,1.0004,45.8589,100.0
31302,2026,44.9747,7.3529,21.1486,17.0987,5.1454,1.0004,45.8589,100.0
31325,2023,50.7157,11.7647,37.5776,1.8051,6.7114,1.1178,105.5966,105.5966
31325,2024,49.2632,14.2857,34.1463,3.2377,7.8571,1.1655,108.4599,105.5966
31325,2025,49.2632,14.2857,36.1111,10.4962,6.8966,1.1655,108.4599,105.5966
31325,2026,49.2632,14.2857,36.1111,10.4962,7.4803,1.1655,108.4599,105.5966
31328,2023,42.9066,26.6667,24.7944,16.0949,3.8285,0.8916,62.3053,171.3396
31328,2024,41.6592,45.9459,26.2195,17.6458,3.9124,0.8894,63.9284,171.3396
31328,2025,41.6592,45.9459,30.0,11.2039,2.8708,0.8894,63.9284,171.3396
31328,2026,41.6592,45.9459,30.0,11.2039,3.6606,0.8894,63.9284,171.3396
31329,2023,48.7151,44.1379,31.2636,35.2375,4.5183,0.9543,86.8864,68.2679
31329,2024,49.6103,43.3824,32.7439,28.1806,5.4247,0.9601,76.2002,68.2679
31329,2025,49.6103,43.3824,32.4837,12.1352,5.2827,0.9601,76.2002,68.2679
31329,2026,49.6103,43.3824,32.4837,12.1352,5.4075,0.9601,76.2002,68.2679
31364,2023,40.6312,48.0,,9.2571,4.078,1.0459,49.5295,198.1179
31364,2024,42.1053,50.9434,,10.1248,3.1955,1.066,50.5391,198.1179
31364,2025,42.1053,50.9434,,14.6108,2.9354,1.066,50.5391,198.1179
31364,2026,42.1053,50.9434,,14.6108,2.7668,1.066,50.5391,198.1179
31370,2023,36.428,30.7692,19.9758,102.6515,4.1379,1.0637,66.6061,54.4959
31370,2024,40.0618,40.2174,19.7733,33.3778,4.0096,1.0893,67.3442,54.4959
31370,2025,40.0618,40.2174,18.16,35.895,3.4864,1.0893,67.3442,54.4959
31370,2026,40.0618,40.2174,18.16,35.895,3.5284,1.0893,67.3442,54.4959
31371,2023,35.1612,38.6364,23.5864,6.5313,3.3186,1.0244,79.0995,73.0149
31371,2024,34.8011,45.7627,22.3479,4.2488,3.4215,1.0998,74.2345,73.0149
31371,2025,34.8011,45.7627,21.2825,19.1708,3.6526,1.0998,74.2345,73.0149
31371,2026,34.8011,45.7627,21.2825,19.1708,3.1463,1.0998,74.2345,73.0149
31372,2023,44.5623,17.5182,3.3927,38.4457,3.013,0.9297,20.6782,34.4637
31372,2024,44.1188,20.339,3.4672,51.7098,2.7119,0.9441,20.9395,34.4637
31372,2025,44.1188,20.339,2.6268,76.7548,3.348,0.9441,20.9395,34.4637
31372,2026,44.1188,20.339,2.6268,76.7548,3.0275,0.9441,20.9395,34.4637
31384,2023,50.8439,45.4545,38.125,7.109,,1.0656,111.142,138.9275
31384,2024,55.6054,42.4242,39.5973,11.7371,,1.007,138.1215,138.9275
31384,2025,55.6054,42.4242,38.676,12.1439,,1.007,138.1215,138.9275
31384,2026,55.6054,42.4242,38.676,12.1439,,1.007,138.1215,138.9275
31386,2023,33.9025,65.3846,20.8054,5.8992,4.4721,0.9737,71.8016,71.8016
31386,2024,36.9681,58.8235,21.6882,20.5166,4.7207,1.0165,66.454,71.8016
31386,2025,36.9681,58.8235,20.6528,17.1958,4.4752,1.0165,66.454,71.8016
31386,2026,36.9681,58.8235,20.6528,17.1958,4.3627,1.0165,66.454,71.8016
31389,2023,41.5083,24.1935,28.4254,91.1509,,1.1512,48.3185,231.9289
31389,2024,41.335,38.8889,27.4737,132.8642,,1.2255,48.676,231.9289
31389,2025,41.335,38.8889,29.4702,118.408,,1.2255,48.676,231.9289
31389,2026,41.335,38.8889,29.4702,118.408,,1.2255,48.676,231.9289
31390,2023,45.0136,45.2381,30.3887,0.0,,1.0914,57.5816,153.5509
31390,2024,44.7804,35.0649,32.5926,0.0,,1.0231,58.2694,153.5509
31390,2025,44.7804,35.0649,29.6633,0.6987,,1.0231,58.2694,153.5509
31390,2026,44.7804,35.0649,29.6633,0.6987,,1.0231,58.2694,153.5509
31401,2023,42.6997,18.1818,,79.9262,5.2863,1.1313,24.1313,168.9189
31401,2024,42.8161,9.5238,22.871,46.4015,4.2889,1.1935,25.0125,168.9189
31401,2025,42.8161,9.5238,22.8426,76.3979,5.2632,1.1935,25.0125,168.9189
31401,2026,42.8161,9.5238,22.8426,76.3979,5.3269,1.1935,25.0125,168.9189
31402,2023,31.5789,5.5556,18.9781,172.946,3.4722,1.0777,69.9545,419.7272
31402,2024,33.4862,33.3333,16.2602,179.8122,4.2553,1.0648,72.9395,419.7272
31402,2025,33.4862,33.3333,18.8034,38.2752,3.4351,1.0648,72.9395,419.7272
31402,2026,33.4862,33.3333,18.8034,38.2752,3.0534,1.0648,72.9395,419.7272
31403,2023,54.8628,6.25,35.9184,3.0242,4.3478,1.2234,114.6351,114.6351
31403,2024,60.9043,5.5556,42.0408,2.5773,3.3898,1.4577,119.0476,114.6351
31403,2025,60.9043,5.5556,39.207,9.9529,2.1277,1.4577,119.0476,114.6351
31403,2026,60.9043,5.5556,39.207,9.9529,3.6364,1.4577,119.0476,114.6351
32201,2023,45.7773,33.2248,16.8349,5.3188,4.8749,1.1024,113.2211,318.9398
32201,2024,45.1868,36.2651,14.0848,4.3071,4.7467,1.1017,112.2329,318.9398
32201,2025,45.1868,36.2651,15.3556,7.5497,4.5901,1.1017,112.2329,318.9398
32201,2026,45.1868,36.2651,15.3556,7.5497,4.6303,1.1017,112.2329,318.9398
32202,2023,49.3237,11.5523,12.0121,12.0798,,1.1774,122.3338,339.3777
32202,2024,48.8976,9.2466,12.2403,13.7834,,1.1948,118.7648,339.3777
32202,2025,48.8976,9.2466,12.2798,13.6909,,1.1948,118.7648,339.3777
32202,2026,48.8976,9.2466,12.2798,13.6909,,1.1948,118.7648,339.3777
32203,2023,44.1077,29.6496,25.078,68.4661,4.8049,1.1245,96.0681,484.3674
32203,2024,43.7739,28.0753,24.654,32.0579,4.6854,1.1534,93.8548,484.3674
32203,2025,43.7739,28.0753,17.7914,31.2579,4.7338,1.1534,93.8548,484.3674
32203,2026,43.7739,28.0753,17.7914,31.2579,4.6277,1.1534,93.8548,484.3674
32204,2023,51.199,34.4214,19.7987,19.3125,4.3536,1.0042,117.2359,299.8535
32204,2024,51.772,34.8534,9.272,31.3078,4.1944,1.0537,107.5318,299.8535
32204,2025,51.772,34.8534,9.451,32.5054,4.0276,1.0537,107.5318,299.8535
32204,2026,51.772,34.8534,9.451,32.5054,4.4336,1.0537,107.5318,299.8535
32205,2023,50.5933,25.2941,6.5497,31.9827,4.7507,1.1433,109.8465,216.6417
32205,2024,50.0829,15.2439,17.8488,13.6529,5.1934,1.1732,111.8186,216.6417
32205,2025,50.0829,15.2439,6.3223,31.0816,5.0943,1.1732,111.8186,216.6417
32205,2026,50.0829,15.2439,6.3223,31.0816,4.605,1.1732,111.8186,216.6417
32206,2023,45.38,10.1322,15.7704,2.1649,5.212,1.1236,87.9338,197.8511
32206,2024,43.0984,11.0048,22.5783,5.6096,5.1002,1.1524,89.2484,197.8511
32206,2025,43.0984,11.0048,19.2234,4.8669,4.8752,1.1524,89.2484,197.8511
32206,2026,43.0984,11.0048,19.2234,4.8669,5.1655,1.1524,89.2484,197.8511
32207,2023,54.1805,16.4384,31.1931,12.4887,,1.3045,121.9843,185.2354
32207,2024,53.9943,4.7619,22.3773,20.8973,,1.3554,128.7297,185.2354
32207,2025,53.9943,4.7619,14.9822,18.8642,,1.3554,128.7297,185.2354
32207,2026,53.9943,4.7619,14.9822,18.8642,,1.3554,128.7297,185.2354
32209,2023,38.6646,50.2959,18.8471,9.5246,,1.1083,83.9443,176.2829
32209,2024,39.0284,35.6688,20.641,17.4873,,1.1395,79.8062,176.2829
32209,2025,39.0284,35.6688,17.0693,18.1751,,1.1395,79.8062,176.2829
32209,2026,39.0284,35.6688,17.0693,18.1751,,1.1395,79.8062,176.2829
32343,2023,44.4504,24.0741,27.8502,61.2869,,1.1734,85.9845,180.5675
32343,2024,43.963,10.5263,18.5349,115.4773,,1.1898,88.1912,180.5675
32343,2025,43.963,10.5263,25.2826,106.3986,,1.1898,88.1912,180.5675
32343,2026,43.963,10.5263,25.2826,106.3986,,1.1898,88.1912,180.5675
32386,2023,56.9584,6.6667,,1489.8883,,1.1926,131.5789,241.2281
32386,2024,55.538,12.1212,,89.9908,,1.2867,133.8688,241.2281
32386,2025,55.538,12.1212,,20.2745,,1.2867,133.8688,241.2281
32386,2026,55.538,12.1212,,20.2745,,1.2867,133.8688,241.2281
32441,2023,51.875,45.4545,28.6164,87.8471,,1.344,64.9773,259.909
32441,2024,50.463,26.087,25.4237,54.986,,1.2195,65.9196,259.909
32441,2025,50.463,26.087,23.5294,100.5216,,1.2195,65.9196,259.909
32441,2026,50.463,26.087,23.5294,100.5216,,1.2195,65.9196,259.909
32448,2023,49.3274,62.5,30.8511,13.2772,,1.3377,189.4837,71.0564
32448,2024,51.1513,50.0,29.1196,19.4527,,1.4892,193.5172,71.0564
32448,2025,51.1513,50.0,28.0872,6.0281,,1.4892,193.5172,71.0564
32448,2026,51.1513,50.0,28.0872,6.0281,,1.4892,193.5172,71.0564
32449,2023,54.0313,20.8333,18.9548,3.1659,,0.9675,180.7047,240.9397
32449,2024,55.1248,32.6087,22.6122,9.5519,,1.0215,184.9188,240.9397
32449,2025,55.1248,32.6087,22.4422,21.3375,,1.0215,184.9188,240.9397
32449,2026,55.1248,32.6087,22.4422,21.3375,,1.0215,184.9188,240.9397
32501,2023,55.5004,66.6667,30.1408,11.2556,3.6496,1.1895,103.184,162.1462
32501,2024,51.9248,84.375,35.9133,30.002,4.3011,1.2101,91.1439,162.1462
32501,2025,51.9248,84.375,28.6179,31.9365,4.4118,1.2101,91.1439,162.1462
32501,2026,51.9248,84.375,28.6179,31.9365,4.6552,1.2101,91.1439,162.1462
32505,2023,58.1837,27.6596,49.434,702.8381,4.6816,1.1112,103.1992,189.1985
32505,2024,58.6127,16.2791,44.4664,743.0235,4.7059,1.2176,122.4418,189.1985
32505,2025,58.6127,16.2791,40.3361,775.4143,2.8398,1.2176,122.4418,189.1985
32505,2026,58.6127,16.2791,40.3361,775.4143,3.4409,1.2176,122.4418,189.1985
32525,2023,50.86,50.0,21.6606,238.2597,,1.1196,89.3655,89.3655
32525,2024,50.3876,71.4286,22.8464,125.7906,,1.168,90.3342,89.3655
32525,2025,50.3876,71.4286,21.7573,211.1977,,1.168,90.3342,89.3655
32525,2026,50.3876,71.4286,21.7573,211.1977,,1.168,90.3342,89.3655
32526,2023,37.6554,0.0,10.3343,5.2083,,1.0232,153.4919,268.6109
32526,2024,37.1869,0.0,9.7087,9.0042,,1.1355,156.9859,268.6109
32526,2025,37.1869,0.0,8.3636,0.5368,,1.1355,156.9859,268.6109
32526,2026,37.1869,0.0,8.3636,0.5368,,1.1355,156.9859,268.6109
32527,2023,41.0072,23.0769,13.4831,158.3924,,0.9914,162.6016,162.6016
32527,2024,48.5915,22.2222,16.25,289.8551,,0.7915,168.9189,162.6016
32527,2025,48.5915,22.2222,12.7907,303.0303,,0.7915,168.9189,162.6016
32527,2026,48.5915,22.2222,12.7907,303.0303,,0.7915,168.9189,162.6016
32528,2023,38.8289,15.2318,11.5338,54.8819,,1.1245,95.9339,214.0063
32528,2024,36.1549,7.4074,12.1622,62.9845,,1.0758,97.4002,214.0063
32528,2025,36.1549,7.4074,10.922,35.0511,,1.0758,97.4002,214.0063
32528,2026,36.1549,7.4074,10.922,35.0511,,1.0758,97.4002,214.0063
33100,2023,32.0773,9.9301,15.5294,14.4129,5.5914,1.1141,97.5756,458.2491
33100,2024,33.585,10.843,14.9628,19.8748,5.3897,1.1159,89.4556,458.2491
33100,2025,33.585,10.843,16.6978,24.9193,5.3485,1.1159,89.4556,458.2491
33100,2026,33.585,10.843,16.6978,24.9193,5.2752,1.1159,89.4556,458.2491
33202,2023,27.1041,13.6511,15.0155,22.9599,5.5489,1.0687,72.4154,400.5869
33202,2024,30.7699,17.6307,15.7886,34.6124,5.5415,1.0568,72.4921,400.5869
33202,2025,30.7699,17.6307,15.7345,32.782,5.5183,1.0568,72.4921,400.5869
33202,2026,30.7699,17.6307,15.7345,32.782,5.5404,1.0568,72.4921,400.5869
33203,2023,35.328,31.4465,18.4816,149.0512,4.4763,1.0642,93.1947,306.2113
33203,2024,34.8456,24.1294,19.9565,152.2436,4.5284,1.1144,94.4826,306.2113
33203,2025,34.8456,24.1294,16.6019,163.3625,4.6542,1.1144,94.4826,306.2113
33203,2026,34.8456,24.1294,16.6019,163.3625,4.5508,1.1144,94.4826,306.2113
33204,2023,30.4629,22.0339,11.6226,28.7132,4.7779,1.1789,86.1435,152.5457
33204,2024,32.2406,18.8953,12.5629,24.109,4.5947,1.1441,87.3585,152.5457
33204,2025,32.2406,18.8953,11.9573,14.0066,5.1626,1.1441,87.3585,152.5457
33204,2026,32.2406,18.8953,11.9573,14.0066,5.4174,1.1441,87.3585,152.5457
33205,2023,34.145,14.4444,14.0328,5.2349,4.1723,1.0376,90.0426,199.8507
33205,2024,35.3734,20.7018,13.0221,6.9269,4.3981,1.0614,89.3396,199.8507
33205,2025,35.3734,20.7018,13.4023,4.4299,4.4458,1.0614,89.3396,199.8507
33205,2026,35.3734,20.7018,13.4023,4.4299,4.3034,1.0614,89.3396,199.8507
33207,2023,43.9922,22.9682,14.4402,5.1869,4.0176,1.0707,73.5603,123.4763
33207,2024,44.0376,32.6271,14.3058,14.6225,4.0702,1.1142,72.2002,123.4763
33207,2025,44.0376,32.6271,12.7205,6.35,4.4798,1.1142,72.2002,123.4763
33207,2026,44.0376,32.6271,12.7205,6.35,4.2764,1.1142,72.2002,123.4763
33208,2023,35.4174,48.7578,11.4745,32.2053,3.7379,1.0571,66.018,97.5918
33208,2024,36.8995,41.8398,10.6849,40.2063,3.4992,1.0741,65.9678,97.5918
33208,2025,36.8995,41.8398,11.3435,38.0668,3.4102,1.0741,65.9678,97.5918
33208,2026,36.8995,41.8398,11.3435,38.0668,4.0663,1.0741,65.9678,97.5918
33209,2023,28.3259,28.2051,9.278,63.2541,4.7926,1.1389,115.7324,249.5479
33209,2024,28.799,16.8,9.8343,55.1688,4.6855,1.1243,111.6861,249.5479
33209,2025,28.799,16.8,7.866,45.4959,4.3922,1.1243,111.6861,249.5479
33209,2026,28.799,16.8,7.866,45.4959,4.7772,1.1243,111.6861,249.5479
33210,2023,46.5744,25.6684,13.2192,3.4931,3.8851,1.071,106.4455,117.4571
33210,2024,47.1804,29.7619,11.4368,9.6712,4.1084,1.1373,101.2867,117.4571
33210,2025,47.1804,29.7619,10.0987,45.9146,3.8667,1.1373,101.2867,117.4571
33210,2026,47.1804,29.7619,10.0987,45.9146,4.1667,1.1373,101.2867,117.4571
33211,2023,37.0029,21.2687,10.8889,40.7292,3.7226,1.0582,96.6696,155.9187
33211,2024,39.5016,24.1525,9.7753,74.3576,3.8574,1.1194,98.6915,155.9187
33211,2025,39.5016,24.1525,9.5224,187.2957,4.0123,1.1194,98.6915,155.9187
33211,2026,39.5016,24.1525,9.5224,187.2957,4.2553,1.1194,98.6915,155.9187
33212,2023,36.7011,29.6137,13.3535,7.5848,4.636,1.1197,76.6598,183.436
33212,2024,35.7185,34.434,12.6835,33.2837,4.5012,1.0633,79.4869,183.436
33212,2025,35.7185,34.434,12.743,69.8324,4.4285,1.0633,79.4869,183.436
33212,2026,35.7185,34.434,12.743,69.8324,4.302,1.0633,79.4869,183.436
33213,2023,30.7789,51.0373,16.0469,21.647,3.5994,1.1222,80.66,112.924
33213,2024,38.1586,46.6926,15.2975,26.9336,3.4622,1.1095,79.1194,112.924
33213,2025,38.1586,46.6926,16.4671,24.6591,3.6906,1.1095,79.1194,112.924
33213,2026,38.1586,46.6926,16.4671,24.6591,3.2343,1.1095,79.1194,112.924
33214,2023,41.5394,10.7914,10.9995,1135.686,3.5036,1.0599,93.9276,178.4624
33214,2024,40.5097,15.8301,11.199,985.8903,3.5122,1.075,117.5483,178.4624
33214,2025,40.5097,15.8301,10.1118,987.2496,3.3392,1.075,117.5483,178.4624
33214,2026,40.5097,15.8301,10.1118,987.2496,3.1948,1.075,117.5483,178.4624
33215,2023,33.1734,5.2326,15.4732,34.16,4.4789,1.0967,96.0246,115.2295
33215,2024,32.3107,8.6207,14.9399,87.9359,4.8932,1.0947,94.0291,115.2295
33215,2025,32.3107,8.6207,15.6473,34.3681,4.7076,1.0947,94.0291,115.2295
33215,2026,32.3107,8.6207,15.6473,34.3681,4.9296,1.0947,94.0291,115.2295
33216,2023,31.9969,24.1546,10.405,26.8189,4.1312,1.0653,50.9256,104.8469
33216,2024,31.7934,23.4043,10.374,26.9572,4.5822,1.0464,51.5355,104.8469
33216,2025,31.7934,23.4043,10.3055,9.8595,4.2694,1.0464,51.5355,104.8469
33216,2026,31.7934,23.4043,10.3055,9.8595,4.5703,1.0464,51.5355,104.8469
33346,2023,41.7587,7.1429,10.3357,26.71,3.5382,1.142,74.499,126.6483
33346,2024,40.4656,8.4615,10.1987,25.5021,3.1187,1.122,76.0398,126.6483
33346,2025,40.4656,8.4615,9.4011,27.4696,3.6649,1.122,76.0398,126.6483
33346,2026,40.4656,8.4615,9.4011,27.4696,4.1943,1.122,76.0398,126.6483
33423,2023,40.6228,21.5686,19.7466,0.0,5.3824,1.2451,79.0639,268.8172
33423,2024,43.4161,60.0,19.2394,0.0,5.4602,1.2288,78.3453,268.8172
33423,2025,43.4161,60.0,19.7005,0.0,4.6823,1.2288,78.3453,268.8172
33423,2026,43.4161,60.0,19.7005,0.0,5.291,1.2288,78.3453,268.8172
33445,2023,52.0308,35.5556,22.2222,197.1112,5.0505,0.9743,45.2899,72.4638
33445,2024,52.9762,40.2299,27.3177,2.4774,4.1854,1.0164,45.4256,72.4638
33445,2025,52.9762,40.2299,29.1202,9.5238,4.1602,1.0164,45.4256,72.4638
33445,2026,52.9762,40.2299,29.1202,9.5238,4.2188,1.0164,45.4256,72.4638
33461,2023,42.9236,69.3069,19.7727,27.4885,3.6517,1.0713,59.5327,141.3901
33461,2024,43.8157,62.5,19.391,52.769,3.7849,1.1539,67.8068,141.3901
33461,2025,43.8157,62.5,18.2857,48.5586,3.4197,1.1539,67.8068,141.3901
33461,2026,43.8157,62.5,18.2857,48.5586,3.4995,1.1539,67.8068,141.3901
33586,2023,51.8248,30.0,22.0339,1199.6587,1.4925,1.1319,118.0638,118.0638
33586,2024,52.7132,27.2727,19.6078,1104.6312,1.4706,0.8948,120.1923,118.0638
33586,2025,52.7132,27.2727,21.3483,1260.3232,1.4925,0.8948,120.1923,118.0638
33586,2026,52.7132,27.2727,21.3483,1260.3232,1.4925,0.8948,120.1923,118.0638
33606,2023,46.7833,42.8571,28.1773,17.6661,3.5167,1.0027,88.2259,152.3901
33606,2024,47.8237,46.729,28.6942,24.7783,3.8425,1.045,89.6861,152.3901
33606,2025,47.8237,46.729,27.2642,30.0382,2.9615,1.045,89.6861,152.3901
33606,2026,47.8237,46.729,27.2642,30.0382,3.2158,1.045,89.6861,152.3901
33622,2023,32.315,18.1818,8.2992,0.0,3.4749,1.0953,64.1554,109.9808
33622,2024,28.4357,21.7391,,0.0,4.3243,1.0076,55.3863,109.9808
33622,2025,28.4357,21.7391,,0.0,3.7921,1.0076,55.3863,109.9808
33622,2026,28.4357,21.7391,,0.0,3.4833,1.0076,55.3863,109.9808
33623,2023,40.211,60.0,35.4779,51.0493,4.7727,1.0435,86.7303,104.0763
33623,2024,43.6118,47.8261,36.2595,77.3826,4.5238,1.0337,87.184,104.0763
33623,2025,43.6118,47.8261,36.8627,39.5497,4.6154,1.0337,87.184,104.0763
33623,2026,43.6118,47.8261,36.8627,39.5497,5.0938,1.0337,87.184,104.0763
33643,2023,56.5789,12.5,30.2632,144.3067,6.087,1.2835,73.0994,0.0
33643,2024,63.3188,5.2632,37.1429,123.3032,8.0645,1.1458,74.6269,0.0
33643,2025,63.3188,5.2632,22.963,27.1801,7.8947,1.1458,74.6269,0.0
33643,2026,63.3188,5.2632,22.963,27.1801,6.3636,1.1458,74.6269,0.0
33663,2023,41.3613,75.6098,18.625,255.7437,6.0453,1.0704,88.9284,22.2321
33663,2024,45.134,61.5385,20.9239,268.6064,6.8681,1.0622,113.4816,22.2321
33663,2025,45.134,61.5385,16.8033,251.722,5.571,1.0622,113.4816,22.2321
33663,2026,45.134,61.5385,16.8033,251.722,4.8433,1.0622,113.4816,22.2321
33666,2023,43.431,24.7863,19.2806,76.102,4.0834,1.1197,83.1947,45.3789
33666,2024,42.8281,18.8119,19.7248,32.9348,4.7791,1.1265,85.6364,45.3789
33666,2025,42.8281,18.8119,19.4228,34.8517,4.5794,1.1265,85.6364,45.3789
33666,2026,42.8281,18.8119,19.4228,34.8517,5.0595,1.1265,85.6364,45.3789
33681,2023,35.0288,22.6804,10.0946,37.6785,3.9216,1.0975,123.727,180.8318
33681,2024,39.7971,24.6914,8.5443,17.8715,3.8302,1.0548,125.6403,180.8318
33681,2025,39.7971,24.6914,9.8229,40.304,4.5204,1.0548,125.6403,180.8318
33681,2026,39.7971,24.6914,9.8229,40.304,4.4346,1.0548,125.6403,180.8318
34100,2023,27.5896,25.7301,15.0487,7.247,4.623,1.0657,102.4705,331.0456
34100,2024,29.1274,26.9364,15.3804,8.7987,4.5227,1.0567,102.3098,331.0456
34100,2025,29.1274,26.9364,15.6034,9.8149,4.4898,1.0567,102.3098,331.0456
34100,2026,29.1274,26.9364,15.6034,9.8149,4.3604,1.0567,102.3098,331.0456
34202,2023,27.5515,23.0024,8.2092,10.2579,4.0783,1.1064,102.7523,351.2696
34202,2024,28.2432,20.5379,8.4261,19.6953,4.0887,1.0998,101.7779,351.2696
34202,2025,28.2432,20.5379,9.2008,17.7622,4.2028,1.0998,101.7779,351.2696
34202,2026,28.2432,20.5379,9.2008,17.7622,4.0625,1.0998,101.7779,351.2696
34203,2023,38.9668,11.5385,22.2967,67.2844,4.3878,1.0083,97.5155,203.5106
34203,2024,39.6697,19.1919,21.5789,90.6537,4.4576,1.0943,95.3867,203.5106
34203,2025,39.6697,19.1919,18.6907,120.4373,4.6964,1.0943,95.3867,203.5106
34203,2026,39.6697,19.1919,18.6907,120.4373,4.5811,1.0943,95.3867,203.5106
34204,2023,29.3534,34.2529,16.619,27.2966,4.2503,1.012,72.9076,233.3042
34204,2024,30.4386,45.679,16.167,25.9112,4.3826,1.0433,70.3522,233.3042
34204,2025,30.4386,45.679,16.7189,18.895,4.6151,1.0433,70.3522,233.3042
34204,2026,30.4386,45.679,16.7189,18.895,4.3909,1.0433,70.3522,233.3042
34205,2023,34.4371,33.4928,17.8892,29.0702,4.4664,1.0542,93.0719,278.4465
34205,2024,35.3459,30.665,17.6647,44.6071,4.6141,1.0231,91.9547,278.4465
34205,2025,35.3459,30.665,17.7871,57.0215,4.8874,1.0231,91.9547,278.4465
34205,2026,35.3459,30.665,17.7871,57.0215,5.0142,1.0231,91.9547,278.4465
34207,2023,26.7863,19.4758,,8.3779,5.0223,0.9904,74.0204,233.1316
34207,2024,27.9404,26.6632,,20.6097,5.0689,0.9813,75.0777,233.1316
34207,2025,27.9404,26.6632,,23.5928,5.172,0.9813,75.0777,233.1316
34207,2026,27.9404,26.6632,,23.5928,5.0757,0.9813,75.0777,233.1316
34208,2023,36.5849,28.9855,20.4898,35.2349,4.6261,0.9385,90.2552,169.5703
34208,2024,37.5728,28.9017,20.9656,21.7108,4.6995,0.9563,92.0579,169.5703
34208,2025,37.5728,28.9017,20.5082,5.5785,5.1462,0.9563,92.0579,169.5703
34208,2026,37.5728,28.9017,20.5082,5.5785,4.8089,0.9563,92.0579,169.5703
34209,2023,38.8289,14.3345,23.4267,5.8105,4.3245,1.0079,104.9297,298.646
34209,2024,41.3216,12.0401,24.2921,3.3157,4.261,1.0486,106.6273,298.646
34209,2025,41.3216,12.0401,21.5803,5.7887,4.2021,1.0486,106.6273,298.646
34209,2026,41.3216,12.0401,21.5803,5.7887,4.169,1.0486,106.6273,298.646
34210,2023,46.0386,22.7468,29.9215,28.9397,4.3376,1.0461,107.2665,232.9216
34210,2024,52.209,23.4043,29.1994,34.204,4.5406,1.0611,109.3579,232.9216
34210,2025,52.209,23.4043,28.7753,31.4362,4.2232,1.0611,109.3579,232.9216
34210,2026,52.209,23.4043,28.7753,31.4362,3.9239,1.0611,109.3579,232.9216
34211,2023,36.4512,24.2424,24.7083,59.4117,2.6154,1.0403,95.9177,375.9975
34211,2024,37.6553,31.6129,25.109,56.8737,2.7056,1.0999,97.1213,375.9975
34211,2025,37.6553,31.6129,26.2562,49.6346,3.224,1.0999,97.1213,375.9975
34211,2026,37.6553,31.6129,26.2562,49.6346,3.3493,1.0999,97.1213,375.9975
34212,2023,34.1999,24.9052,19.571,13.8211,3.6687,0.9957,69.3448,212.2373
34212,2024,36.2095,29.0476,20.4659,10.784,3.5731,1.0106,69.8104,212.2373
34212,2025,36.2095,29.0476,24.6527,9.543,3.6246,1.0106,69.8104,212.2373
34212,2026,36.2095,29.0476,24.6527,9.543,3.3919,1.0106,69.8104,212.2373
34213,2023,37.838,20.7891,17.3212,1.7071,4.1492,0.9527,82.6027,277.9236
34213,2024,40.668,22.1889,19.0543,1.8675,4.1817,0.9972,81.8789,277.9236
34213,2025,40.668,22.1889,19.5926,1.636,4.4123,0.9972,81.8789,277.9236
34213,2026,40.668,22.1889,19.5926,1.636,4.5392,0.9972,81.8789,277.9236
34214,2023,46.6339,19.2982,27.2925,49.1293,5.2223,1.0195,107.491,226.1018
34214,2024,46.1762,33.8308,28.536,55.1865,4.6763,1.0632,105.2196,226.1018
34214,2025,46.1762,33.8308,28.4609,146.12,4.9952,1.0632,105.2196,226.1018
34214,2026,46.1762,33.8308,28.4609,146.12,5.6117,1.0632,105.2196,226.1018
34215,2023,32.3155,26.5823,11.2671,70.5291,3.9083,1.1423,84.1397,186.977
34215,2024,33.3425,25.3623,12.887,109.1403,4.1596,1.1655,85.7306,186.977
34215,2025,33.3425,25.3623,11.7021,93.8299,4.2952,1.1655,85.7306,186.977
34215,2026,33.3425,25.3623,11.7021,93.8299,3.9714,1.1655,85.7306,186.977
34302,2023,40.686,14.1264,11.1383,23.34,3.9345,1.0365,71.8459,238.2258
34302,2024,43.6192,14.2857,12.5928,22.8453,4.0448,0.9732,77.8846,238.2258
34302,2025,43.6192,14.2857,13.5248,24.0397,3.8971,0.9732,77.8846,238.2258
34302,2026,43.6192,14.2857,13.5248,24.0397,3.9231,0.9732,77.8846,238.2258
34304,2023,36.1662,59.542,16.7943,38.4952,3.3058,0.9654,110.9697,124.0249
34304,2024,38.7075,52.6316,21.0707,37.078,3.0283,0.9848,110.2464,124.0249
34304,2025,38.7075,52.6316,20.815,53.7185,3.6273,0.9848,110.2464,124.0249
34304,2026,38.7075,52.6316,20.815,53.7185,3.3008,0.9848,110.2464,124.0249
34307,2023,31.4732,14.7541,14.0556,6.4864,3.3117,1.075,63.8706,72.3866
34307,2024,32.4905,21.0084,22.2489,14.6482,3.7615,1.0314,63.7159,72.3866
34307,2025,32.4905,21.0084,16.2706,37.353,3.2385,1.0314,63.7159,72.3866
34307,2026,32.4905,21.0084,16.2706,37.353,3.0911,1.0314,63.7159,72.3866
34309,2023,31.9054,5.2632,8.7369,12.0025,3.5443,1.0291,77.8877,334.917
34309,2024,32.7562,8.6207,9.879,23.7033,4.4444,1.0356,78.8644,334.917
34309,2025,32.7562,8.6207,10.5042,14.704,4.1481,1.0356,78.8644,334.917
34309,2026,32.7562,8.6207,10.5042,14.704,3.7915,1.0356,78.8644,334.917
34368,2023,50.4541,34.4262,32.902,35.5767,2.5316,1.0561,87.7193,228.0702
34368,2024,53.6559,30.6122,27.4809,57.7634,1.9231,1.0314,90.0901,228.0702
34368,2025,53.6559,30.6122,28.8676,65.5777,2.7668,1.0314,90.0901,228.0702
34368,2026,53.6559,30.6122,28.8676,65.5777,3.2051,1.0314,90.0901,228.0702
34369,2023,42.4143,44.2029,25.4248,0.0,3.5286,1.0235,74.409,165.9894
34369,2024,43.3333,48.6957,26.1719,0.0,3.7789,1.0485,75.7399,165.9894
34369,2025,43.3333,48.6957,27.4931,0.0,4.3219,1.0485,75.7399,165.9894
34369,2026,43.3333,48.6957,27.4931,0.0,4.9921,1.0485,75.7399,165.9894
34431,2023,29.1631,8.5714,20.2985,24.9246,4.2048,1.2499,156.6505,99.6867
34431,2024,31.4151,24.1379,21.9355,62.963,3.5714,1.2175,159.2357,99.6867
34431,2025,31.4151,24.1379,22.7027,94.7034,3.3898,1.2175,159.2357,99.6867
34431,2026,31.4151,24.1379,22.7027,94.7034,3.9216,1.2175,159.2357,99.6867
34462,2023,40.1616,35.3846,31.4396,376.1409,4.0234,0.8903,52.7461,158.2383
34462,2024,40.9245,23.9726,27.5662,572.1258,3.6036,0.9468,53.9047,158.2383
34462,2025,40.9245,23.9726,29.8701,555.3326,3.5455,0.9468,53.9047,158.2383
34462,2026,40.9245,23.9726,29.8701,555.3326,3.4942,0.9468,53.9047,158.2383
34545,2023,51.0246,31.8182,31.5684,11.7891,5.0708,0.9612,48.4907,145.4722
34545,2024,50.8824,20.6522,29.7556,12.0659,4.2945,0.9845,49.7884,145.4722
34545,2025,50.8824,20.6522,26.8639,15.8783,4.1612,0.9845,49.7884,145.4722
34545,2026,50.8824,20.6522,26.8639,15.8783,4.4715,0.9845,49.7884,145.4722
35201,2023,28.5605,4.9223,5.3219,8.1779,5.0847,1.1995,105.7272,284.4661
35201,2024,29.3902,6.5559,5.2982,10.1158,5.002,1.1875,105.2632,284.4661
35201,2025,29.3902,6.5559,5.3448,10.308,4.8872,1.1875,105.2632,284.4661
35201,2026,29.3902,6.5559,5.3448,10.308,4.8278,1.1875,105.2632,284.4661
35202,2023,34.4381,26.6176,12.4214,32.9793,5.1576,1.2128,95.4145,538.8112
35202,2024,34.5036,27.4143,14.2713,20.8847,5.2541,1.2099,96.5318,538.8112
35202,2025,34.5036,27.4143,15.7279,30.9365,5.2331,1.2099,96.5318,538.8112
35202,2026,34.5036,27.4143,15.7279,30.9365,4.8922,1.2099,96.5318,538.8112
35203,2023,33.2791,10.035,5.7953,38.2384,4.3885,1.1243,87.4877,244.9655
35203,2024,35.3091,10.6667,5.1805,42.3673,4.2537,1.127,86.9361,244.9655
35203,2025,35.3091,10.6667,6.0166,37.5996,4.0947,1.127,86.9361,244.9655
35203,2026,35.3091,10.6667,6.0166,37.5996,3.8849,1.127,86.9361,244.9655
35204,2023,32.7163,17.3285,12.2326,6.7761,3.6122,1.1589,109.8775,203.7313
35204,2024,35.8452,16.7247,12.845,9.3938,3.7336,1.1305,110.0471,203.7313
35204,2025,35.8452,16.7247,14.2044,6.3393,3.9252,1.1305,110.0471,203.7313
35204,2026,35.8452,16.7247,14.2044,6.3393,4.1834,1.1305,110.0471,203.7313
35206,2023,33.2134,8.0,3.9505,13.7395,4.1957,1.1144,74.6092,265.082
35206,2024,34.9078,10.4255,3.774,4.2798,4.038,1.1224,72.8786,265.082
35206,2025,34.9078,10.4255,4.156,3.423,4.3867,1.1224,72.8786,265.082
35206,2026,34.9078,10.4255,4.156,3.423,4.3734,1.1224,72.8786,265.082
35207,2023,38.4822,16.9231,15.1936,19.018,3.991,0.9773,82.2829,157.563
35207,2024,39.1977,9.6154,15.0948,15.3575,3.8973,0.9837,82.6504,157.563
35207,2025,39.1977,9.6154,16.5753,13.7236,3.8043,0.9837,82.6504,157.563
35207,2026,39.1977,9.6154,16.5753,13.7236,4.4731,0.9837,82.6504,157.563
35208,2023,32.7019,20.8401,15.8504,0.7013,4.3285,1.1505,92.5285,243.3733
35208,2024,34.742,26.0504,16.5629,4.4149,4.4562,1.1383,91.474,243.3733
35208,2025,34.742,26.0504,16.8254,3.9017,4.653,1.1383,91.474,243.3733
35208,2026,34.742,26.0504,16.8254,3.9017,4.4916,1.1383,91.474,243.3733
35210,2023,34.2532,25.4167,11.7019,6.5683,3.537,1.0418,78.85,181.9615
35210,2024,35.6626,24.4726,11.7072,8.4598,3.6787,1.0021,81.8766,181.9615
35210,2025,35.6626,24.4726,12.9294,9.7756,3.6298,1.0021,81.8766,181.9615
35210,2026,35.6626,24.4726,12.9294,9.7756,3.5204,1.0021,81.8766,181.9615
35211,2023,34.6435,12.5,13.8287,7.7159,4.4845,1.1995,78.954,211.5968
35211,2024,35.6328,17.8571,16.5307,20.3798,4.4674,1.2327,80.8538,211.5968
35211,2025,35.6328,17.8571,15.5223,23.9093,5.0953,1.2327,80.8538,211.5968
35211,2026,35.6328,17.8571,15.5223,23.9093,4.5705,1.2327,80.8538,211.5968
35212,2023,26.7126,4.3269,,36.2033,3.4283,1.1476,112.5791,337.7372
35212,2024,27.8478,4.0698,5.8953,29.5655,3.715,1.1172,111.1747,337.7372
35212,2025,27.8478,4.0698,7.6279,24.9471,3.9963,1.1172,111.1747,337.7372
35212,2026,27.8478,4.0698,7.6279,24.9471,4.1003,1.1172,111.1747,337.7372
35213,2023,37.3111,12.7389,15.2855,16.6827,3.7639,1.1676,81.2054,162.4109
35213,2024,39.7974,3.0864,15.2277,20.6287,3.8114,1.2151,88.4709,162.4109
35213,2025,39.7974,3.0864,15.6608,28.4268,4.364,1.2151,88.4709,162.4109
35213,2026,39.7974,3.0864,15.6608,28.4268,4.328,1.2151,88.4709,162.4109
35215,2023,36.3502,32.6299,8.0826,43.202,3.4409,1.0589,88.3392,273.7068
35215,2024,37.5481,37.3702,8.3657,36.062,3.3131,1.0374,80.776,273.7068
35215,2025,37.5481,37.3702,8.2232,47.2577,3.4007,1.0374,80.776,273.7068
35215,2026,37.5481,37.3702,8.2232,47.2577,3.2235,1.0374,80.776,273.7068
35216,2023,37.8756,6.0071,15.6046,36.5801,4.4459,1.1748,99.6529,262.4192
35216,2024,39.532,10.2389,16.6206,60.1864,4.3659,1.2213,94.1825,262.4192
35216,2025,39.532,10.2389,16.3206,46.0294,4.1038,1.2213,94.1825,262.4192
35216,2026,39.532,10.2389,16.3206,46.0294,4.5597,1.2213,94.1825,262.4192
35305,2023,32.8007,1.2346,14.1424,72.46,4.0328,1.2485,97.5882,202.1469
35305,2024,33.3333,0.0,15.8639,68.1076,4.1844,1.2316,100.7412,202.1469
35305,2025,33.3333,0.0,16.2393,28.8322,5.2083,1.2316,100.7412,202.1469
35305,2026,33.3333,0.0,16.2393,28.8322,4.739,1.2316,100.7412,202.1469
35321,2023,43.5233,21.9512,38.7037,41.2962,6.0827,1.1912,100.4352,117.1744
35321,2024,45.1783,29.6296,35.4167,466.263,4.9751,1.225,102.7046,117.1744
35321,2025,45.1783,29.6296,34.2391,448.9146,4.9608,1.225,102.7046,117.1744
35321,2026,45.1783,29.6296,34.2391,448.9146,5.7534,1.225,102.7046,117.1744
35341,2023,27.3381,11.5385,9.2896,101.0152,6.4748,1.3098,334.728,83.682
35341,2024,31.0734,17.3913,12.2024,92.1684,6.7925,1.2443,264.4337,83.682
35341,2025,31.0734,17.3913,14.4695,109.4609,6.25,1.2443,264.4337,83.682
35341,2026,31.0734,17.3913,14.4695,109.4609,4.3478,1.2443,264.4337,83.682
35343,2023,33.9278,12.9032,16.6056,9.7628,4.6018,1.0655,34.3643,48.11
35343,2024,35.3946,6.6667,17.5097,8.4687,3.3119,1.0043,34.8675,48.11
35343,2025,35.3946,6.6667,17.0213,12.1393,3.5088,1.0043,34.8675,48.11
35343,2026,35.3946,6.6667,17.0213,12.1393,2.9472,1.0043,34.8675,48.11
35344,2023,34.0471,71.0145,9.8987,0.7484,3.4995,1.2384,71.7875,224.336
35344,2024,35.2673,47.8873,8.3817,12.8674,2.9714,1.0966,73.4214,224.336
35344,2025,35.2673,47.8873,9.3264,0.0,2.7228,1.0966,73.4214,224.336
35344,2026,35.2673,47.8873,9.3264,0.0,3.886,1.0966,73.4214,224.336
35502,2023,42.047,54.0541,19.4379,176.0066,5.3412,1.0815,97.6562,97.6562
35502,2024,44.5104,64.5161,18.1592,250.2103,5.5385,1.165,99.0753,97.6562
35502,2025,44.5104,64.5161,18.9189,205.0282,5.0847,1.165,99.0753,97.6562
35502,2026,44.5104,64.5161,18.9189,205.0282,4.5113,1.165,99.0753,97.6562
36201,2023,34.962,57.101,11.0569,3.5892,5.0468,1.0563,112.0302,526.823
36201,2024,36.1663,62.585,9.9924,5.2664,4.9493,1.0637,110.1362,526.823
36201,2025,36.1663,62.585,9.811,4.9876,5.1471,1.0637,110.1362,526.823
36201,2026,36.1663,62.585,9.811,4.9876,4.7806,1.0637,110.1362,526.823
36202,2023,38.397,71.1364,4.592,4.2438,4.1272,1.056,89.5043,252.0732
36202,2024,38.8142,69.8276,6.5861,4.3232,4.0,1.0743,88.8346,252.0732
36202,2025,38.8142,69.8276,6.6358,3.5794,4.0842,1.0743,88.8346,252.0732
36202,2026,38.8142,69.8276,6.6358,3.5794,3.7741,1.0743,88.8346,252.0732
36203,2023,36.6213,84.5794,8.6905,4.776,3.8274,1.17,75.2215,640.7756
36203,2024,35.794,82.9268,9.2105,3.0935,4.4727,1.2296,79.1117,640.7756
36203,2025,35.794,82.9268,9.5378,4.7719,4.4918,1.2296,79.1117,640.7756
36203,2026,35.794,82.9268,9.5378,4.7719,4.4682,1.2296,79.1117,640.7756
36204,2023,40.104,87.9717,10.8917,7.7937,3.9773,1.0888,82.9116,185.8364
36204,2024,40.0637,84.6821,11.7254,7.322,3.8145,1.0951,84.0958,185.8364
36204,2025,40.0637,84.6821,11.333,6.9527,4.2164,1.0951,84.0958,185.8364
36204,2026,40.0637,84.6821,11.333,6.9527,4.089,1.0951,84.0958,185.8364
36205,2023,37.9396,85.022,9.1995,3.1002,4.5003,1.0365,123.4822,360.1564
36205,2024,36.9493,86.7403,9.3605,6.2244,4.6967,1.0503,122.8276,360.1564
36205,2025,36.9493,86.7403,9.7449,5.1193,4.4518,1.0503,122.8276,360.1564
36205,2026,36.9493,86.7403,9.7449,5.1193,4.1058,1.0503,122.8276,360.1564
36206,2023,37.0206,80.6306,11.4754,1.4508,3.9646,1.1011,79.2864,124.5929
36206,2024,37.3096,81.592,11.4136,1.5437,3.6071,1.0703,77.6464,124.5929
36206,2025,37.3096,81.592,10.8179,0.82,3.8723,1.0703,77.6464,124.5929
36206,2026,37.3096,81.592,10.8179,0.82,3.7104,1.0703,77.6464,124.5929
36207,2023,43.2116,96.4286,13.2875,0.1037,4.4521,1.1767,106.0174,175.4771
36207,2024,45.72,92.638,13.6329,0.895,4.3237,1.1904,108.3626,175.4771
36207,2025,45.72,92.638,14.8639,10.216,4.1946,1.1904,108.3626,175.4771
36207,2026,45.72,92.638,14.8639,10.216,4.0647,1.1904,108.3626,175.4771
36208,2023,40.927,68.7023,11.1277,7.9173,,1.2159,110.4972,322.9919
36208,2024,42.8413,75.1938,10.2594,17.0037,,1.2037,113.7308,322.9919
36208,2025,42.8413,75.1938,10.4377,19.6952,,1.2037,113.7308,322.9919
36208,2026,42.8413,75.1938,10.4377,19.6952,,1.2037,113.7308,322.9919
36301,2023,50.5389,78.9474,17.3693,1.9674,5.2632,1.0051,20.7254,103.6269
36301,2024,53.1088,91.6667,17.7193,2.0069,5.9471,1.0329,21.3038,103.6269
36301,2025,53.1088,91.6667,18.3865,3.2014,4.9528,1.0329,21.3038,103.6269
36301,2026,53.1088,91.6667,18.3865,3.2014,4.0609,1.0329,21.3038,103.6269
36302,2023,56.3786,50.0,19.5122,24.2806,6.7797,0.9222,280.3083,70.0771
36302,2024,53.3613,91.6667,21.3415,24.7027,3.9604,0.9442,285.3067,70.0771
36302,2025,53.3613,91.6667,24.026,41.5879,1.0753,0.9442,285.3067,70.0771
36302,2026,53.3613,91.6667,24.026,41.5879,5.5556,0.9442,285.3067,70.0771
36321,2023,46.1538,100.0,13.0909,77.435,2.2936,1.1495,92.1659,92.1659
36321,2024,44.3878,78.5714,15.6584,90.5199,3.0151,1.0578,93.4143,92.1659
36321,2025,44.3878,78.5714,15.1394,96.3558,1.0638,1.0578,93.4143,92.1659
36321,2026,44.3878,78.5714,15.1394,96.3558,1.7341,1.0578,93.4143,92.1659
36341,2023,39.1578,64.2857,11.678,28.1801,5.3684,1.0239,87.6599,139.4589
36341,2024,40.9209,70.1754,10.7099,37.3837,5.365,1.058,88.4671,139.4589
36341,2025,40.9209,70.1754,11.0313,42.7648,4.5562,1.058,88.4671,139.4589
36341,2026,40.9209,70.1754,11.0313,42.7648,4.146,1.058,88.4671,139.4589
36342,2023,52.7719,92.1569,4.8706,14.1435,5.4674,1.0656,103.1779,82.5423
36342,2024,52.1591,93.4783,4.3689,35.503,4.6125,1.1562,104.6682,82.5423
36342,2025,52.1591,93.4783,3.7866,19.8456,3.8835,1.1562,104.6682,82.5423
36342,2026,52.1591,93.4783,3.7866,19.8456,4.1929,1.1562,104.6682,82.5423
36368,2023,60.3187,84.4828,16.813,19.1785,3.5264,1.0879,133.5113,120.1602
36368,2024,58.5982,66.6667,17.8474,54.8376,3.6988,0.9963,151.1404,120.1602
36368,2025,58.5982,66.6667,17.9562,101.589,4.1076,0.9963,151.1404,120.1602
36368,2026,58.5982,66.6667,17.9562,101.589,3.9941,0.9963,151.1404,120.1602
36383,2023,59.2087,79.5455,15.2047,142.521,7.0681,1.0109,189.5478,433.2521
36383,2024,59.6154,92.5,11.5226,295.9008,5.4286,1.0204,195.8042,433.2521
36383,2025,59.6154,92.5,16.0271,273.6729,4.5016,1.0204,195.8042,433.2521
36383,2026,59.6154,92.5,16.0271,273.6729,5.2817,1.0204,195.8042,433.2521
36387,2023,55.3977,93.1034,12.336,57.4984,2.4476,1.0939,131.774,164.7175
36387,2024,57.5413,96.4912,12.2333,41.4292,3.512,1.2384,135.2037,164.7175
36387,2025,57.5413,96.4912,17.3653,34.9966,3.0769,1.2384,135.2037,164.7175
36387,2026,57.5413,96.4912,17.3653,34.9966,3.5644,1.2384,135.2037,164.7175
36388,2023,65.2948,98.913,14.1423,66.4027,5.2023,1.1537,69.4043,104.1064
36388,2024,64.281,98.8506,15.472,71.4175,5.8096,1.1706,71.4116,104.1064
36388,2025,64.281,98.8506,14.876,66.3605,4.6936,1.1706,71.4116,104.1064
36388,2026,64.281,98.8506,14.876,66.3605,3.7709,1.1706,71.4116,104.1064
36401,2023,31.8504,57.6271,8.5205,46.7662,4.251,1.1379,67.9209,135.8419
36401,2024,32.4182,67.8571,11.9756,36.4238,4.4776,1.067,68.653,135.8419
36401,2025,32.4182,67.8571,9.7544,46.939,4.0223,1.067,68.653,135.8419
36401,2026,32.4182,67.8571,9.7544,46.939,3.8417,1.067,68.653,135.8419
36402,2023,39.2418,71.028,8.7918,5.5846,3.6136,1.0088,93.3232,402.9863
36402,2024,40.8824,37.2727,10.2132,3.4011,4.7516,1.1555,80.2365,402.9863
36402,2025,40.8824,37.2727,11.0856,1.4047,4.0801,1.1555,80.2365,402.9863
36402,2026,40.8824,37.2727,11.0856,1.4047,3.8278,1.1555,80.2365,402.9863
36403,2023,33.2741,64.7059,11.2205,7.8054,4.8167,0.9917,84.3194,154.5856
36403,2024,34.1686,43.9189,11.9733,10.1111,4.8661,1.0144,79.067,154.5856
36403,2025,34.1686,43.9189,13.309,9.6646,4.8511,1.0144,79.067,154.5856
36403,2026,34.1686,43.9189,13.309,9.6646,4.8549,1.0144,79.067,154.5856
36404,2023,36.4009,68.0851,17.7143,58.2924,4.7005,1.0329,76.693,276.0948
36404,2024,37.0968,67.4157,16.9004,54.9299,4.3269,1.0738,77.238,276.0948
36404,2025,37.0968,67.4157,15.3455,52.2241,4.8731,1.0738,77.238,276.0948
36404,2026,37.0968,67.4157,15.3455,52.2241,5.7484,1.0738,77.238,276.0948
36405,2023,32.8229,65.7895,5.138,4.7134,3.7975,1.0046,69.7229,200.4532
36405,2024,32.4879,76.3636,4.5274,8.2125,3.8544,1.077,61.9359,200.4532
36405,2025,32.4879,76.3636,4.9488,16.3892,3.9282,1.077,61.9359,200.4532
36405,2026,32.4879,76.3636,4.9488,16.3892,3.1802,1.077,61.9359,200.4532
36468,2023,40.9656,83.0189,10.4686,3.4642,3.8929,1.1712,63.3473,253.3891
36468,2024,41.9453,81.25,11.0995,3.0457,4.2289,1.1462,65.5996,253.3891
36468,2025,41.9453,81.25,10.2732,4.1623,4.1026,1.1462,65.5996,253.3891
36468,2026,41.9453,81.25,10.2732,4.1623,3.7992,1.1462,65.5996,253.3891
36489,2023,45.3157,88.0435,21.2813,109.7772,,1.0611,66.0405,146.7567
36489,2024,47.3767,94.9367,21.3064,148.1765,,1.1245,59.6792,146.7567
36489,2025,47.3767,94.9367,19.5793,183.7862,,1.1245,59.6792,146.7567
36489,2026,47.3767,94.9367,19.5793,183.7862,,1.1245,59.6792,146.7567
37201,2023,43.8872,23.4716,19.0669,4.9045,5.0053,1.1193,98.716,299.4622
37201,2024,44.5691,27.6296,19.1316,7.8592,5.1369,1.133,96.2503,299.4622
37201,2025,44.5691,27.6296,18.7849,9.5607,5.0421,1.133,96.2503,299.4622
37201,2026,44.5691,27.6296,18.7849,9.5607,4.8311,1.133,96.2503,299.4622
37202,2023,38.4077,15.9895,17.8821,126.77,3.8529,1.1297,77.9745,232.1309
37202,2024,36.8804,11.6535,16.6278,139.6005,3.7005,1.1232,77.3409,232.1309
37202,2025,36.8804,11.6535,17.4825,137.8052,4.1268,1.1232,77.3409,232.1309
37202,2026,36.8804,11.6535,17.4825,137.8052,4.1022,1.1232,77.3409,232.1309
37203,2023,37.3143,18.0124,20.2367,2.2696,4.5019,1.1737,100.1355,394.6516
37203,2024,39.1621,21.2014,20.6581,2.8582,4.3086,1.2048,95.3346,394.6516
37203,2025,39.1621,21.2014,19.1993,3.7936,4.4049,1.2048,95.3346,394.6516
37203,2026,39.1621,21.2014,19.1993,3.7936,4.5168,1.2048,95.3346,394.6516
37204,2023,40.9198,25.8929,24.017,53.9734,4.1242,1.2217,117.3326,374.8126
37204,2024,42.6463,18.932,25.4829,51.5409,4.3301,1.2528,98.8859,374.8126
37204,2025,42.6463,18.932,25.1664,38.277,4.4396,1.2528,98.8859,374.8126
37204,2026,42.6463,18.932,25.1664,38.277,5.2101,1.2528,98.8859,374.8126
37205,2023,43.1096,17.4004,15.153,0.9787,3.4172,1.1788,81.4022,310.0211
37205,2024,44.5058,19.2469,16.8375,6.1603,3.4432,1.1557,80.6014,310.0211
37205,2025,44.5058,19.2469,17.8043,29.9377,3.6092,1.1557,80.6014,310.0211
37205,2026,44.5058,19.2469,17.8043,29.9377,3.5294,1.1557,80.6014,310.0211
37206,2023,40.5051,40.1099,18.6112,44.2739,4.4669,1.1629,89.4767,181.1357
37206,2024,40.6462,41.9255,18.1881,43.5561,4.4376,1.1302,86.4592,181.1357
37206,2025,40.6462,41.9255,18.6489,1.6163,4.6594,1.1302,86.4592,181.1357
37206,2026,40.6462,41.9255,18.6489,1.6163,4.6455,1.1302,86.4592,181.1357
37207,2023,43.3047,33.7398,21.9608,17.3954,4.2305,1.1132,70.1804,182.4689
37207,2024,42.067,38.8128,21.3178,15.643,4.1667,1.117,71.6846,182.4689
37207,2025,42.067,38.8128,22.293,14.7095,3.6563,1.117,71.6846,182.4689
37207,2026,42.067,38.8128,22.293,14.7095,3.5749,1.117,71.6846,182.4689
37208,2023,45.0752,34.953,13.6645,3.6529,4.1895,1.102,67.4612,126.8913
37208,2024,46.4126,29.3548,13.85,1.3873,3.7166,1.087,63.5107,126.8913
37208,2025,46.4126,29.3548,14.2571,2.4125,3.3588,1.087,63.5107,126.8913
37208,2026,46.4126,29.3548,14.2571,2.4125,3.4633,1.087,63.5107,126.8913
37322,2023,34.957,27.5862,10.095,5.4922,4.0435,1.0594,76.9231,46.1538
37322,2024,33.568,18.0,8.7124,11.4484,4.3082,1.0711,70.6436,46.1538
37322,2025,33.568,18.0,8.4733,17.2469,4.6263,1.0711,70.6436,46.1538
37322,2026,33.568,18.0,8.4733,17.2469,4.3062,1.0711,70.6436,46.1538
37324,2023,38.531,35.4545,23.5661,16.5938,3.4263,1.1114,58.7544,264.3948
37324,2024,36.9517,36.5385,17.4966,28.6608,4.3184,1.075,59.9835,264.3948
37324,2025,36.9517,36.5385,13.7189,46.3679,4.7964,1.075,59.9835,264.3948
37324,2026,36.9517,36.5385,13.7189,46.3679,4.649,1.075,59.9835,264.3948
37341,2023,42.0765,36.1386,26.3569,1.8679,5.3991,1.1189,65.9099,1559.8682
37341,2024,44.7785,32.381,28.5142,3.0025,4.7386,1.1612,66.4305,1559.8682
37341,2025,44.7785,32.381,27.1526,3.6865,4.9793,1.1612,66.4305,1559.8682
37341,2026,44.7785,32.381,27.1526,3.6865,4.5528,1.1612,66.4305,1559.8682
37364,2023,34.9876,22.2222,17.6471,60.8508,7.2917,1.3741,135.6392,67.8196
37364,2024,33.8843,16.6667,17.8571,93.6995,5.7143,1.1832,67.9117,67.8196
37364,2025,33.8843,16.6667,20.7373,71.6238,5.0633,1.1832,67.9117,67.8196
37364,2026,33.8843,16.6667,20.7373,71.6238,4.6667,1.1832,67.9117,67.8196
37386,2023,34.9072,16.4948,27.1982,0.0973,3.1625,1.1594,59.6335,119.267
37386,2024,36.7841,17.7083,28.211,2.71,3.7611,1.1204,48.7673,119.267
37386,2025,36.7841,17.7083,26.8621,30.6083,4.5819,1.1204,48.7673,119.267
37386,2026,36.7841,17.7083,26.8621,30.6083,5.2106,1.1204,48.7673,119.267
37387,2023,54.7081,49.6212,27.569,5.9398,3.8481,1.1892,81.3078,261.0407
37387,2024,53.9725,50.4237,25.8369,18.8132,4.097,1.2049,77.623,261.0407
37387,2025,53.9725,50.4237,25.6397,23.2498,3.4542,1.2049,77.623,261.0407
37387,2026,53.9725,50.4237,25.6397,23.2498,3.9928,1.2049,77.623,261.0407
37403,2023,45.614,46.0526,24.0237,3.3167,2.7821,0.9732,118.5677,177.8516
37403,2024,45.409,40.0,23.9691,6.5968,2.99,1.0296,120.5691,177.8516
37403,2025,45.409,40.0,19.7733,4.6432,3.5398,1.0296,120.5691,177.8516
37403,2026,45.409,40.0,19.7733,4.6432,2.7322,1.0296,120.5691,177.8516
37404,2023,42.8351,13.9241,24.8212,47.9294,4.7737,1.1614,76.8327,126.548
37404,2024,43.5117,11.4865,25.4011,34.5263,3.8562,1.1392,72.4933,126.548
37404,2025,43.5117,11.4865,22.7273,45.0895,4.1726,1.1392,72.4933,126.548
37404,2026,43.5117,11.4865,22.7273,45.0895,4.2584,1.1392,72.4933,126.548
37406,2023,55.2402,29.1866,36.8794,39.3273,3.3025,1.1416,85.1789,96.5361
37406,2024,57.7967,20.2128,37.3826,67.6443,2.9536,1.1185,80.6916,96.5361
37406,2025,57.7967,20.2128,33.1535,78.7402,3.2162,1.1185,80.6916,96.5361
37406,2026,57.7967,20.2128,33.1535,78.7402,3.3102,1.1185,80.6916,96.5361
38201,2023,33.0514,24.8281,15.5058,2.3979,5.6301,1.0461,95.4621,329.2549
38201,2024,34.5995,22.4816,17.5099,3.134,5.4872,1.0439,94.9561,329.2549
38201,2025,34.5995,22.4816,14.8383,3.8375,5.3511,1.0439,94.9561,329.2549
38201,2026,34.5995,22.4816,14.8383,3.8375,5.3305,1.0439,94.9561,329.2549
38202,2023,26.1929,41.7258,8.2245,1.9776,5.561,1.0173,73.2151,222.2838
38202,2024,28.2149,38.0682,9.9534,2.5732,5.5353,1.0211,72.7977,222.2838
38202,2025,28.2149,38.0682,10.0713,19.7282,5.5914,1.0211,72.7977,222.2838
38202,2026,28.2149,38.0682,10.0713,19.7282,5.6889,1.0211,72.7977,222.2838
38203,2023,33.6713,27.2578,15.2786,32.0217,5.4192,0.9277,104.2574,297.0622
38203,2024,36.416,24.4628,19.2112,27.2234,5.2429,0.9243,104.9792,297.0622
38203,2025,36.416,24.4628,19.7889,29.9081,5.5102,0.9243,104.9792,297.0622
38203,2026,36.416,24.4628,19.7889,29.9081,5.4765,0.9243,104.9792,297.0622
38204,2023,31.3268,50.2128,21.2019,3.715,5.9679,1.0807,134.2153,281.2131
38204,2024,32.4692,52.5862,21.7147,4.7596,5.7639,0.9528,123.6215,281.2131
38204,2025,32.4692,52.5862,21.6859,7.1828,5.2416,0.9528,123.6215,281.2131
38204,2026,32.4692,52.5862,21.6859,7.1828,5.3879,0.9528,123.6215,281.2131
38205,2023,36.2711,68.845,17.8191,37.9176,4.9522,1.065,71.1102,241.0809
38205,2024,36.1456,60.5723,16.519,25.3207,4.9099,1.0871,71.009,241.0809
38205,2025,36.1456,60.5723,13.1503,2.8706,4.9897,1.0871,71.009,241.0809
38205,2026,36.1456,60.5723,13.1503,2.8706,4.8848,1.0871,71.009,241.0809
38206,2023,35.2783,22.114,14.5763,18.0192,4.9089,1.0414,78.5866,178.9502
38206,2024,36.873,27.0115,17.0717,14.019,5.0285,1.0429,77.5313,178.9502
38206,2025,36.873,27.0115,17.1571,25.38,5.2788,1.0429,77.5313,178.9502
38206,2026,36.873,27.0115,17.1571,25.38,5.0304,1.0429,77.5313,178.9502
38207,2023,25.3727,55.9809,12.576,8.9785,4.0012,1.0351,123.2134,278.4623
38207,2024,31.3554,48.0349,14.6745,9.9599,4.4754,1.0454,127.9254,278.4623
38207,2025,31.3554,48.0349,16.3358,10.5917,4.3114,1.0454,127.9254,278.4623
38207,2026,31.3554,48.0349,16.3358,10.5917,3.9465,1.0454,127.9254,278.4623
38210,2023,34.7433,56.1905,20.1793,1.7179,4.9414,1.0608,78.2014,125.6808
38210,2024,36.8581,54.5455,17.8502,1.3838,4.9274,1.0369,73.2023,125.6808
38210,2025,36.8581,54.5455,17.2031,3.5336,4.72,1.0369,73.2023,125.6808
38210,2026,36.8581,54.5455,17.2031,3.5336,4.4306,1.0369,73.2023,125.6808
38213,2023,31.6008,24.0848,12.9589,0.3819,4.9662,1.0823,63.5294,203.7734
38213,2024,34.7678,22.2656,11.3502,0.5494,4.6336,1.0993,64.4753,203.7734
38213,2025,34.7678,22.2656,13.3086,0.3502,4.67,1.0993,64.4753,203.7734
38213,2026,34.7678,22.2656,13.3086,0.3502,4.7902,1.0993,64.4753,203.7734
38214,2023,33.2837,72.2034,20.035,5.5691,4.233,0.9886,110.6948,144.7548
38214,2024,33.7974,66.791,21.3847,3.5302,4.3949,0.9621,110.0237,144.7548
38214,2025,33.7974,66.791,20.8333,4.6346,4.6786,0.9621,110.0237,144.7548
38214,2026,33.7974,66.791,20.8333,4.6346,4.2529,0.9621,110.0237,144.7548
38215,2023,32.0567,51.3514,23.0267,1.4572,4.7166,1.0258,90.2256,1780.4511
38215,2024,34.3064,50.0,22.9448,4.4156,4.7757,1.1062,90.4895,1780.4511
38215,2025,34.3064,50.0,24.7011,3.2413,4.5474,1.1062,90.4895,1780.4511
38215,2026,34.3064,50.0,24.7011,3.2413,4.9411,1.1062,90.4895,1780.4511
38356,2023,42.1053,61.1111,18.6798,0.4448,4.8333,0.9949,95.4958,63.6639
38356,2024,40.8319,56.7164,20.0599,23.0352,3.964,0.9479,97.0874,63.6639
38356,2025,40.8319,56.7164,18.6306,17.6606,4.1584,0.9479,97.0874,63.6639
38356,2026,40.8319,56.7164,18.6306,17.6606,3.6876,0.9479,97.0874,63.6639
38386,2023,52.5809,83.7838,16.5942,1.386,6.8399,1.012,148.248,175.2022
38386,2024,52.6238,77.9412,27.5316,1.2585,6.6092,1.1106,153.9538,175.2022
38386,2025,52.6238,77.9412,27.2222,0.37,5.1775,1.1106,153.9538,175.2022
38386,2026,52.6238,77.9412,27.2222,0.37,5.2395,1.1106,153.9538,175.2022
38401,2023,35.9673,20.6897,12.1446,17.7668,4.5279,1.0223,88.9211,115.2681
38401,2024,38.6194,40.2597,14.2462,6.9462,4.6836,0.9703,85.4926,115.2681
38401,2025,38.6194,40.2597,15.566,5.404,4.7349,0.9703,85.4926,115.2681
38401,2026,38.6194,40.2597,15.566,5.404,4.1579,0.9703,85.4926,115.2681
38402,2023,35.4686,41.9355,19.5642,0.802,4.4037,0.938,78.0107,146.2701
38402,2024,34.7123,48.855,16.3392,0.8011,4.1693,0.9675,78.5276,146.2701
38402,2025,34.7123,48.855,18.0029,0.293,4.105,0.9675,78.5276,146.2701
38402,2026,34.7123,48.855,18.0029,0.293,4.6942,0.9675,78.5276,146.2701
38422,2023,36.7568,58.4746,17.4718,26.7792,5.0885,0.9217,90.8737,110.3466
38422,2024,39.0693,59.2,19.1774,23.8445,4.3769,0.9664,92.832,110.3466
38422,2025,39.0693,59.2,24.2513,30.87,4.6476,0.9664,92.832,110.3466
38422,2026,39.0693,59.2,24.2513,30.87,4.3373,0.9664,92.832,110.3466
38442,2023,45.7014,14.9254,27.8967,27.5215,5.0549,1.084,119.1185,71.4711
38442,2024,48.1422,20.6612,23.8095,14.1652,4.3427,1.0856,124.0387,71.4711
38442,2025,48.1422,20.6612,32.2632,58.8235,4.89,1.0856,124.0387,71.4711
38442,2026,48.1422,20.6612,32.2632,58.8235,5.9211,1.0856,124.0387,71.4711
38484,2023,53.8123,25.0,36.9099,4.2811,5.6452,0.9323,163.8896,54.6299
38484,2024,51.2195,14.8148,36.6738,7.6559,4.9275,0.9671,167.5978,54.6299
38484,2025,51.2195,14.8148,36.5116,77.3234,5.4878,0.9671,167.5978,54.6299
38484,2026,51.2195,14.8148,36.5116,77.3234,5.7878,0.9671,167.5978,54.6299
38488,2023,53.9969,69.0265,29.497,37.8461,4.7109,0.8047,125.4836,198.6824
38488,2024,55.0693,52.5773,31.8404,218.1921,4.8588,0.8438,128.783,198.6824
38488,2025,55.0693,52.5773,33.1075,308.6705,4.5509,0.8438,128.783,198.6824
38488,2026,55.0693,52.5773,33.1075,308.6705,4.8811,0.8438,128.783,198.6824
38506,2023,37.7233,55.8333,25.0,4.2331,6.3484,0.9583,97.0626,163.4738
38506,2024,39.8536,49.3776,27.2427,2.7742,6.6631,0.9369,105.0531,163.4738
38506,2025,39.8536,49.3776,28.4593,2.071,6.551,0.9369,105.0531,163.4738
38506,2026,39.8536,49.3776,28.4593,2.071,5.8577,0.9369,105.0531,163.4738
39201,2023,30.0489,40.3226,10.4936,0.9769,5.6386,1.114,78.818,400.9708
39201,2024,31.7003,31.9098,11.6112,1.2588,5.4325,1.118,76.7991,400.9708
39201,2025,31.7003,31.9098,11.3835,3.1004,5.0883,1.118,76.7991,400.9708
39201,2026,31.7003,31.9098,11.3835,3.1004,4.9743,1.118,76.7991,400.9708
39202,2023,36.1866,33.1361,18.9522,27.1536,6.4844,1.2338,66.5834,66.5834
39202,2024,35.6061,33.3333,12.3288,17.7716,6.5141,1.222,68.546,66.5834
39202,2025,35.6061,33.3333,10.6184,17.9706,7.3194,1.222,68.546,66.5834
39202,2026,35.6061,33.3333,10.6184,17.9706,8.5744,1.222,68.546,66.5834
39203,2023,40.7621,29.1304,9.4782,88.7917,5.6204,1.097,92.393,449.6458
39203,2024,40.5374,23.4742,8.1573,147.1466,4.908,1.1052,94.3396,449.6458
39203,2025,40.5374,23.4742,10.8765,159.0002,5.3366,1.1052,94.3396,449.6458
39203,2026,40.5374,23.4742,10.8765,159.0002,5.4983,1.1052,94.3396,449.6458
39204,2023,37.8116,19.4986,8.2903,0.0,4.7664,1.136,62.5971,1027.4564
39204,2024,36.7907,32.6984,8.3738,1.0203,4.7444,1.1409,62.8617,1027.4564
39204,2025,36.7907,32.6984,14.8363,0.2047,5.0087,1.1409,62.8617,1027.4564
39204,2026,36.7907,32.6984,14.8363,0.2047,5.0423,1.1409,62.8617,1027.4564
39205,2023,33.2357,14.6018,15.0646,2.5264,4.2192,1.2036,53.1632,205.0581
39205,2024,36.0567,16.092,16.838,28.5164,3.9083,1.2278,53.898,205.0581
39205,2025,36.0567,16.092,17.9945,42.2431,4.4297,1.2278,53.898,205.0581
39205,2026,36.0567,16.092,17.9945,42.2431,3.7256,1.2278,53.898,205.0581
39206,2023,40.4859,36.4532,16.4571,35.2024,4.1008,1.0307,49.3389,207.2232
39206,2024,40.0596,34.8416,17.5763,8.7832,3.4251,1.0186,50.4312,207.2232
39206,2025,40.0596,34.8416,19.1855,15.6023,3.551,1.0186,50.4312,207.2232
39206,2026,40.0596,34.8416,19.1855,15.6023,4.3011,1.0186,50.4312,207.2232
39208,2023,42.5235,58.5153,12.7774,0.0,4.7619,1.0053,62.5717,484.9306
39208,2024,44.2483,62.8866,11.2012,0.0,5.2532,1.0417,63.5964,484.9306
39208,2025,44.2483,62.8866,14.4798,0.0,5.668,1.0417,63.5964,484.9306
39208,2026,44.2483,62.8866,14.4798,0.0,4.4904,1.0417,63.5964,484.9306
39209,2023,33.8654,56.391,15.9199,5.5091,3.0498,0.9826,57.0451,105.9408
39209,2024,34.2665,52.7397,14.9123,10.8187,3.4043,1.0659,58.5774,105.9408
39209,2025,34.2665,52.7397,14.7715,9.1665,3.22,1.0659,58.5774,105.9408
39209,2026,34.2665,52.7397,14.7715,9.1665,3.6715,1.0659,58.5774,105.9408
39210,2023,42.191,25.6906,8.1293,3.9224,3.8033,0.896,92.4214,197.1657
39210,2024,43.225,19.0476,7.8037,3.5932,3.6496,0.9734,93.9379,197.1657
39210,2025,43.225,19.0476,8.7469,2.2641,3.8087,0.9734,93.9379,197.1657
39210,2026,43.225,19.0476,8.7469,2.2641,3.9697,0.9734,93.9379,197.1657
39211,2023,33.9828,39.2523,16.3839,17.6423,4.8548,1.0929,75.7369,109.0612
39211,2024,34.952,38.4956,16.8183,0.0,4.9461,1.0661,75.9832,109.0612
39211,2025,34.952,38.4956,18.3232,0.0,4.6819,1.0661,75.9832,109.0612
39211,2026,34.952,38.4956,18.3232,0.0,4.6883,1.0661,75.9832,109.0612
39212,2023,41.4448,22.7273,14.4304,27.8318,5.6642,1.1556,82.7391,130.0185
39212,2024,40.2709,22.3744,15.4351,28.4206,5.2376,1.1255,80.0,130.0185
39212,2025,40.2709,22.3744,16.2411,13.8962,4.77,1.1255,80.0,130.0185
39212,2026,40.2709,22.3744,16.2411,13.8962,4.9611,1.1255,80.0,130.0185
39301,2023,42.6854,30.7692,11.8168,0.0,4.8246,1.3589,91.617,91.617
39301,2024,42.094,55.1724,24.1042,110.1598,5.2402,1.3463,94.4287,91.617
39301,2025,42.094,55.1724,18.6441,3.544,5.9908,1.3463,94.4287,91.617
39301,2026,42.094,55.1724,18.6441,3.544,5.641,1.3463,94.4287,91.617
39302,2023,51.2195,57.4468,,,,1.1435,133.2001,133.2001
39302,2024,49.9099,48.6486,,,,1.2051,136.8925,133.2001
39302,2025,49.9099,48.6486,,,,1.2051,136.8925,133.2001
39302,2026,49.9099,48.6486,,,,1.2051,136.8925,133.2001
39303,2023,43.7984,33.3333,,,,1.1792,39.6197,396.1965
39303,2024,42.6,25.0,,,,1.0701,40.4531,396.1965
39303,2025,42.6,25.0,,,,1.0701,40.4531,396.1965
39303,2026,42.6,25.0,,,,1.0701,40.4531,396.1965
39304,2023,44.964,51.3514,,,,1.2929,41.4422,82.8844
39304,2024,41.6826,32.1429,,,,1.3176,42.6439,82.8844
39304,2025,41.6826,32.1429,,,,1.3176,42.6439,82.8844
39304,2026,41.6826,32.1429,,,,1.3176,42.6439,82.8844
39305,2023,52.9412,60.7143,,,,1.0391,0.0,0.0
39305,2024,53.252,34.7826,,,,1.0275,0.0,0.0
39305,2025,53.252,34.7826,,,,1.0275,0.0,0.0
39305,2026,53.252,34.7826,,,,1.0275,0.0,0.0
39306,2023,67.7165,0.0,,,,1.0206,241.838,120.919
39306,2024,68.4211,0.0,,,,0.8723,250.3129,120.919
39306,2025,68.4211,0.0,,,,0.8723,250.3129,120.919
39306,2026,68.4211,0.0,,,,0.8723,250.3129,120.919
39307,2023,37.1122,37.3134,16.2717,6.0778,5.2434,1.1528,82.85,248.5501
39307,2024,38.1546,50.8475,16.6667,7.4013,6.5637,1.1793,83.9631,248.5501
39307,2025,38.1546,50.8475,16.1765,21.7035,6.8273,1.1793,83.9631,248.5501
39307,2026,38.1546,50.8475,16.1765,21.7035,8.2609,1.1793,83.9631,248.5501
39341,2023,50.97,9.0909,,0.0,4.1812,1.1794,60.6244,242.4977
39341,2024,53.4221,8.1633,,0.0,4.2636,0.9962,62.383,242.4977
39341,2025,53.4221,8.1633,,17.4989,5.2846,0.9962,62.383,242.4977
39341,2026,53.4221,8.1633,,17.4989,4.6025,0.9962,62.383,242.4977
39344,2023,50.1493,44.0678,22.1719,1.872,6.1828,1.3412,217.189,93.081
39344,2024,50.8885,56.25,25.1852,0.0,6.5156,1.3684,226.1712,93.081
39344,2025,50.8885,56.25,22.6562,5.609,4.8851,1.3684,226.1712,93.081
39344,2026,50.8885,56.25,22.6562,5.609,5.6548,1.3684,226.1712,93.081
39363,2023,43.6275,5.2632,15.6863,62.453,4.644,1.0086,110.3448,137.931
39363,2024,43.3333,15.2174,15.7895,61.2557,5.2147,0.9745,113.5718,137.931
39363,2025,43.3333,15.2174,16.0819,61.2166,4.7771,0.9745,113.5718,137.931
39363,2026,43.3333,15.2174,16.0819,61.2166,3.6424,0.9745,113.5718,137.931
39364,2023,66.6667,28.5714,51.2195,150.4065,4.7619,1.0553,277.0083,0.0
39364,2024,71.1538,42.8571,56.7568,537.8151,2.6316,1.3277,281.6901,0.0
39364,2025,71.1538,42.8571,40.4762,463.5193,3.125,1.3277,281.6901,0.0
39364,2026,71.1538,42.8571,40.4762,463.5193,6.25,1.3277,281.6901,0.0
39386,2023,42.4046,22.0,20.2283,2.7163,3.5204,1.0348,88.3557,153.4598
39386,2024,44.9103,27.3743,20.14,1.1127,3.6392,1.0828,80.253,153.4598
39386,2025,44.9103,27.3743,24.3954,0.9944,3.6264,1.0828,80.253,153.4598
39386,2026,44.9103,27.3743,24.3954,0.9944,3.693,1.0828,80.253,153.4598
39387,2023,51.5118,14.2857,36.3176,0.0,3.8627,1.0824,104.2753,83.4202
39387,2024,49.9405,5.7692,32.1101,0.0,2.8825,1.233,107.4114,83.4202
39387,2025,49.9405,5.7692,32.7766,0.0,3.7825,1.233,107.4114,83.4202
39387,2026,49.9405,5.7692,32.7766,0.0,4.7146,1.233,107.4114,83.4202
39401,2023,44.6677,58.2278,29.2363,0.0,3.4109,1.1144,114.6413,49.132
39401,2024,44.7987,49.1228,28.805,0.0,3.367,1.0619,117.8253,49.132
39401,2025,44.7987,49.1228,26.793,18.5308,3.9568,1.0619,117.8253,49.132
39401,2026,44.7987,49.1228,26.793,18.5308,5.3678,1.0619,117.8253,49.132
39402,2023,44.9228,33.0645,,0.0,5.698,1.1709,81.7127,220.6243
39402,2024,45.751,33.5664,,0.0,5.4435,1.1991,74.9188,220.6243
39402,2025,45.751,33.5664,,0.0,5.1742,1.1991,74.9188,220.6243
39402,2026,45.751,33.5664,,0.0,5.3333,1.1991,74.9188,220.6243
39403,2023,42.7579,18.75,23.4234,8.2602,3.3126,1.0342,39.3159,334.1852
39403,2024,43.3155,16.9492,23.1392,6.3644,2.1786,0.9834,40.494,334.1852
39403,2025,43.3155,16.9492,23.4079,7.3131,2.0979,0.9834,40.494,334.1852
39403,2026,43.3155,16.9492,23.4079,7.3131,2.9851,0.9834,40.494,334.1852
39405,2023,72.6984,25.8621,,22.2315,1.8809,1.0284,123.6094,185.4141
39405,2024,75.8224,29.0323,,16.2116,2.2436,1.0519,125.9843,185.4141
39405,2025,75.8224,29.0323,0.0,30.8099,2.7119,1.0519,125.9843,185.4141
39405,2026,75.8224,29.0323,0.0,30.8099,3.1579,1.0519,125.9843,185.4141
39410,2023,51.1574,26.9231,,6.824,4.415,1.0899,82.3384,20.5846
39410,2024,53.7515,18.5185,,65.4232,6.0096,1.061,83.212,20.5846
39410,2025,53.7515,18.5185,,85.1064,6.1497,1.061,83.212,20.5846
39410,2026,53.7515,18.5185,,85.1064,5.6497,1.061,83.212,20.5846
39411,2023,62.4494,53.3333,30.7568,37.5062,2.2857,1.0282,91.6422,54.9853
39411,2024,62.5527,53.0612,33.8384,38.5876,2.7723,1.1715,93.8791,54.9853
39411,2025,62.5527,53.0612,34.5259,18.3463,2.5263,1.1715,93.8791,54.9853
39411,2026,62.5527,53.0612,34.5259,18.3463,3.6613,1.1715,93.8791,54.9853
39412,2023,33.7821,49.5798,17.7574,6.1856,3.7284,0.9377,63.4478,171.3089
39412,2024,38.3658,48.3146,17.7811,7.8623,3.9528,0.9177,64.9435,171.3089
39412,2025,38.3658,48.3146,18.0868,0.0,3.9216,0.9177,64.9435,171.3089
39412,2026,38.3658,48.3146,18.0868,0.0,3.5687,0.9177,64.9435,171.3089
39424,2023,40.3694,32.4675,20.516,15.4191,4.059,0.9929,43.6491,65.4736
39424,2024,39.5327,41.2698,18.9633,24.8785,5.3785,1.0056,22.3364,65.4736
39424,2025,39.5327,41.2698,18.2055,11.9918,4.6939,1.0056,22.3364,65.4736
39424,2026,39.5327,41.2698,18.2055,11.9918,4.2827,1.0056,22.3364,65.4736
39427,2023,49.3151,32.0,28.0788,0.0,4.878,0.9644,139.3728,69.6864
39427,2024,47.079,12.0,31.0345,0.0,5.7377,0.9741,141.3428,69.6864
39427,2025,47.079,12.0,30.6306,0.0,3.4483,0.9741,141.3428,69.6864
39427,2026,47.079,12.0,30.6306,0.0,0.885,0.9741,141.3428,69.6864
39428,2023,44.4698,25.7576,35.676,5.2957,4.1466,0.9502,76.8418,28.8157
39428,2024,43.5687,19.1919,27.1704,7.9794,4.7131,1.1363,79.1374,28.8157
39428,2025,43.5687,19.1919,23.4118,5.1215,3.9517,1.1363,79.1374,28.8157
39428,2026,43.5687,19.1919,23.4118,5.1215,3.1802,1.1363,79.1374,28.8157
40100,2023,35.1988,20.2316,3.0786,12.1978,5.8484,1.1199,100.8182,383.2597
40100,2024,35.6259,20.7681,4.8372,11.8982,5.7814,1.1119,102.1448,383.2597
40100,2025,35.6259,20.7681,5.1301,10.0064,5.9089,1.1119,102.1448,383.2597
40100,2026,35.6259,20.7681,5.1301,10.0064,5.9245,1.1119,102.1448,383.2597
40130,2023,28.0036,26.8725,8.5814,24.646,5.4448,1.001,105.0969,405.5273
40130,2024,28.2665,30.2649,8.7512,25.0229,5.3089,1.0118,106.2162,405.5273
40130,2025,28.2665,30.2649,9.613,24.7477,5.3479,1.0118,106.2162,405.5273
40130,2026,28.2665,30.2649,9.613,24.7477,5.2671,1.0118,106.2162,405.5273
40202,2023,32.1533,44.3595,7.5841,13.0581,4.2215,1.1757,105.1457,385.5342
40202,2024,36.0589,62.6118,8.4739,16.5325,4.4198,1.1756,103.1924,385.5342
40202,2025,36.0589,62.6118,9.3691,18.8322,4.3413,1.1756,103.1924,385.5342
40202,2026,36.0589,62.6118,9.3691,18.8322,4.4579,1.1756,103.1924,385.5342
40203,2023,37.926,20.2273,17.663,0.6292,5.2039,1.0745,101.1962,545.0042
40203,2024,37.8186,25.4829,19.0348,0.7921,5.17,1.0841,100.4918,545.0042
40203,2025,37.8186,25.4829,19.4327,0.84,5.1037,1.0841,100.4918,545.0042
40203,2026,37.8186,25.4829,19.4327,0.84,5.1663,1.0841,100.4918,545.0042
40204,2023,33.5229,30.1255,12.3172,17.7029,5.0141,1.0982,118.5877,226.3948
40204,2024,35.4687,22.5681,10.2297,16.3604,4.9158,1.066,119.6432,226.3948
40204,2025,35.4687,22.5681,10.0334,27.3125,4.8801,1.066,119.6432,226.3948
40204,2026,35.4687,22.5681,10.0334,27.3125,4.8178,1.066,119.6432,226.3948
40205,2023,41.806,79.7847,7.7628,18.5005,5.5737,1.0731,106.5581,477.921
40205,2024,42.9942,81.8182,7.7924,23.6967,5.339,1.1005,104.8319,477.921
40205,2025,42.9942,81.8182,8.3326,17.1155,5.4232,1.1005,104.8319,477.921
40205,2026,42.9942,81.8182,8.3326,17.1155,5.3878,1.1005,104.8319,477.921
40206,2023,31.3806,28.3505,12.1469,9.4475,,1.1267,113.7756,398.2146
40206,2024,29.9673,42.8571,12.418,10.5198,,1.0935,114.5652,398.2146
40206,2025,29.9673,42.8571,12.5833,11.0039,,1.0935,114.5652,398.2146
40206,2026,29.9673,42.8571,12.5833,11.0039,,1.0935,114.5652,398.2146
40207,2023,38.3031,44.294,8.3942,0.0,,1.0956,94.9638,196.2584
40207,2024,38.3992,48.1855,8.3992,0.0,,1.0806,94.6043,196.2584
40207,2025,38.3992,48.1855,9.4284,0.0,,1.0806,94.6043,196.2584
40207,2026,38.3992,48.1855,9.4284,0.0,,1.0806,94.6043,196.2584
40210,2023,40.1685,85.9189,13.9523,8.3738,4.0812,1.037,96.8118,293.7171
40210,2024,41.9922,87.2038,14.1912,7.7425,4.232,1.0363,94.8372,293.7171
40210,2025,41.9922,87.2038,14.2087,5.051,4.3141,1.0363,94.8372,293.7171
40210,2026,41.9922,87.2038,14.2087,5.051,4.5073,1.0363,94.8372,293.7171
40211,2023,40.1452,72.2222,16.3484,7.4753,3.6582,1.077,103.2326,200.3927
40211,2024,39.656,73.5931,15.1102,8.3952,3.6661,1.106,101.5476,200.3927
40211,2025,39.656,73.5931,21.5423,9.2568,3.5557,1.106,101.5476,200.3927
40211,2026,39.656,73.5931,21.5423,9.2568,3.3974,1.106,101.5476,200.3927
40212,2023,25.2376,28.2723,9.97,0.0,3.6263,1.1099,95.8002,516.0852
40212,2024,26.4529,31.1828,9.9606,0.0,3.8477,1.1446,91.5057,516.0852
40212,2025,26.4529,31.1828,9.978,0.0,4.0665,1.1446,91.5057,516.0852
40212,2026,26.4529,31.1828,9.978,0.0,3.8056,1.1446,91.5057,516.0852
40213,2023,40.1697,45.4082,16.4454,19.6326,3.9332,1.039,77.0978,195.498
40213,2024,41.1746,47.7011,16.957,35.3852,3.7916,1.0286,77.1222,195.498
40213,2025,41.1746,47.7011,15.5727,36.6662,3.8131,1.0286,77.1222,195.498
40213,2026,41.1746,47.7011,15.5727,36.6662,4.0397,1.0286,77.1222,195.498
40214,2023,34.4874,66.6667,16.3605,15.7796,,1.1512,119.8595,161.1903
40214,2024,35.3524,71.9008,16.0842,15.4044,,1.0473,121.578,161.1903
40214,2025,35.3524,71.9008,17.5331,26.1641,,1.0473,121.578,161.1903
40214,2026,35.3524,71.9008,17.5331,26.1641,,1.0473,121.578,161.1903
40215,2023,39.2988,54.8951,11.5639,48.4416,5.4563,1.0536,82.6819,107.737
40215,2024,38.4762,57.0815,11.045,51.6275,5.3378,1.0405,81.0989,107.737
40215,2025,38.4762,57.0815,11.0014,49.9174,5.5056,1.0405,81.0989,107.737
40215,2026,38.4762,57.0815,11.0014,49.9174,5.5941,1.0405,81.0989,107.737
40216,2023,39.1792,61.7363,15.3355,0.0,3.3699,1.0148,87.0147,219.2102
40216,2024,42.7177,63.2399,16.0208,0.0,3.1654,1.0196,83.8715,219.2102
40216,2025,42.7177,63.2399,16.1305,0.0,3.6097,1.0196,83.8715,219.2102
40216,2026,42.7177,63.2399,16.1305,0.0,3.4917,1.0196,83.8715,219.2102
40217,2023,35.634,52.2184,19.0828,133.084,3.4366,1.0035,70.4609,324.1202
40217,2024,35.5813,52.3109,20.0093,119.8733,3.4734,1.0027,71.3153,324.1202
40217,2025,35.5813,52.3109,19.5128,133.4358,3.3612,1.0027,71.3153,324.1202
40217,2026,35.5813,52.3109,19.5128,133.4358,3.4319,1.0027,71.3153,324.1202
40218,2023,28.1826,54.1176,14.7237,2.8571,4.4906,1.0018,77.1516,266.9268
40218,2024,28.717,49.2308,14.4481,2.3127,3.9935,0.9817,76.6208,266.9268
40218,2025,28.717,49.2308,15.8957,1.7134,3.996,0.9817,76.6208,266.9268
40218,2026,28.717,49.2308,15.8957,1.7134,3.9222,0.9817,76.6208,266.9268
40219,2023,40.366,60.7724,14.3114,37.4529,3.9314,1.008,66.1421,115.7486
40219,2024,40.0751,54.1304,13.7012,44.9875,3.7783,1.0106,67.8847,115.7486
40219,2025,40.0751,54.1304,16.3402,47.8189,3.6581,1.0106,67.8847,115.7486
40219,2026,40.0751,54.1304,16.3402,47.8189,3.9529,1.0106,67.8847,115.7486
40220,2023,33.9288,50.1946,16.6908,0.9888,2.6269,1.0562,72.9559,166.4629
40220,2024,34.6124,46.7641,16.6341,1.8694,2.5976,1.0413,69.0259,166.4629
40220,2025,34.6124,46.7641,17.0248,2.4102,2.7668,1.0413,69.0259,166.4629
40220,2026,34.6124,46.7641,17.0248,2.4102,2.7384,1.0413,69.0259,166.4629
40221,2023,34.5683,70.6052,14.0674,1.2698,4.4607,0.9845,61.5023,114.618
40221,2024,37.4777,65.6338,13.5265,2.4844,4.5059,1.0015,61.4894,114.618
40221,2025,37.4777,65.6338,16.0197,2.0415,4.7192,1.0015,61.4894,114.618
40221,2026,37.4777,65.6338,16.0197,2.0415,4.4073,1.0015,61.4894,114.618
40223,2023,33.1484,69.0852,14.6506,13.4826,3.4578,1.0389,70.9052,346.085
40223,2024,38.1425,79.2642,15.621,9.9413,3.0729,1.0471,70.916,346.085
40223,2025,38.1425,79.2642,15.4208,7.9088,2.8825,1.0471,70.916,346.085
40223,2026,38.1425,79.2642,15.4208,7.9088,2.907,1.0471,70.916,346.085
40224,2023,40.6733,86.1446,18.3743,0.0,2.8441,1.0014,74.4732,197.135
40224,2024,39.0979,89.3471,19.7027,0.0,2.6316,1.0267,72.6818,197.135
40224,2025,39.0979,89.3471,20.3632,0.0,2.8399,1.0267,72.6818,197.135
40224,2026,39.0979,89.3471,20.3632,0.0,2.9363,1.0267,72.6818,197.135
40225,2023,38.7674,85.1695,14.8327,0.0,,1.1282,102.7895,152.412
40225,2024,34.97,84.0,16.7866,0.0,,1.1624,104.4142,152.412
40225,2025,34.97,84.0,18.8283,0.4333,,1.1624,104.4142,152.412
40225,2026,34.97,84.0,18.8283,0.4333,,1.1624,104.4142,152.412
40226,2023,37.5907,75.3333,15.0957,2.4697,,1.1273,71.0387,198.1605
40226,2024,38.7275,80.4598,16.6853,3.0618,,1.1542,75.3977,198.1605
40226,2025,38.7275,80.4598,15.4664,4.267,,1.1542,75.3977,198.1605
40226,2026,38.7275,80.4598,15.4664,4.267,,1.1542,75.3977,198.1605
40227,2023,37.5501,69.1358,13.1099,7.9375,5.9724,1.0835,73.1735,157.6044
40227,2024,38.2529,69.9571,14.3874,11.8252,6.385,1.0849,71.5738,157.6044
40227,2025,38.2529,69.9571,13.0059,20.1242,6.0,1.0849,71.5738,157.6044
40227,2026,38.2529,69.9571,13.0059,20.1242,6.25,1.0849,71.5738,157.6044
40228,2023,37.9165,73.4756,17.5348,33.1461,3.7437,1.147,104.1196,257.3522
40228,2024,40.1649,77.8125,17.1866,33.7072,3.5374,1.1228,104.8031,257.3522
40228,2025,40.1649,77.8125,18.18,41.607,3.7302,1.1228,104.8031,257.3522
40228,2026,40.1649,77.8125,18.18,41.607,4.1989,1.1228,104.8031,257.3522
40229,2023,34.0909,68.7764,13.3943,0.8129,4.3963,1.159,87.3707,171.923
40229,2024,39.2685,82.4,14.3208,0.8226,3.8734,1.1822,88.7998,171.923
40229,2025,39.2685,82.4,14.6773,4.8279,4.2629,1.1822,88.7998,171.923
40229,2026,39.2685,82.4,14.6773,4.8279,4.4944,1.1822,88.7998,171.923
40230,2023,40.0497,71.8571,10.984,5.8919,3.1146,1.0571,84.8585,163.9313
40230,2024,41.1589,66.6176,11.8707,5.0757,3.1319,1.0746,82.8253,163.9313
40230,2025,41.1589,66.6176,12.4943,9.5453,3.0687,1.0746,82.8253,163.9313
40230,2026,41.1589,66.6176,12.4943,9.5453,3.1862,1.0746,82.8253,163.9313
40231,2023,41.4907,61.2403,16.3062,2.0589,4.1442,1.0197,72.0086,114.0137
40231,2024,40.7583,70.8861,16.3578,2.0192,4.1711,1.0359,74.5021,114.0137
40231,2025,40.7583,70.8861,15.8767,2.8547,3.9839,1.0359,74.5021,114.0137
40231,2026,40.7583,70.8861,15.8767,2.8547,4.1825,1.0359,74.5021,114.0137
40341,2023,27.8654,52.7778,11.7169,190.8458,,1.1036,53.8808,113.1496
40341,2024,37.298,61.8812,17.2999,45.8166,,1.0979,56.7583,113.1496
40341,2025,37.298,61.8812,25.6429,0.0,,1.0979,56.7583,113.1496
40341,2026,37.298,61.8812,25.6429,0.0,,1.0979,56.7583,113.1496
40342,2023,34.6324,48.1752,13.2972,1.9474,,1.0155,45.1322,203.0948
40342,2024,36.1375,51.3889,14.4459,3.0657,,1.0835,44.9352,203.0948
40342,2025,36.1375,51.3889,15.367,1.0148,,1.0835,44.9352,203.0948
40342,2026,36.1375,51.3889,15.367,1.0148,,1.0835,44.9352,203.0948
40343,2023,31.3553,39.1705,16.9972,9.9376,,1.0047,73.0241,212.6289
40343,2024,32.377,36.4055,15.9544,14.687,,1.0135,70.858,212.6289
40343,2025,32.377,36.4055,16.1327,20.0598,,1.0135,70.858,212.6289
40343,2026,32.377,36.4055,16.1327,20.0598,,1.0135,70.858,212.6289
40344,2023,38.5887,85.6209,15.2784,0.0,,1.1099,58.0799,122.9928
40344,2024,40.4389,73.3333,16.7997,0.0,,1.1333,58.0205,122.9928
40344,2025,40.4389,73.3333,14.8561,0.0,,1.1333,58.0205,122.9928
40344,2026,40.4389,73.3333,14.8561,0.0,,1.1333,58.0205,122.9928
40345,2023,32.9575,37.7358,25.5644,5.6975,,1.0649,86.7017,98.6606
40345,2024,35.2384,41.2371,19.9611,5.1961,,1.0474,87.2154,98.6606
40345,2025,35.2384,41.2371,19.7797,5.875,,1.0474,87.2154,98.6606
40345,2026,35.2384,41.2371,19.7797,5.875,,1.0474,87.2154,98.6606
40348,2023,62.7103,77.6699,34.4504,13.9963,,1.1899,85.8001,150.1502
40348,2024,63.8833,79.1667,34.8189,14.0178,,0.9691,85.7449,150.1502
40348,2025,63.8833,79.1667,35.4227,14.6691,,0.9691,85.7449,150.1502
40348,2026,63.8833,79.1667,35.4227,14.6691,,0.9691,85.7449,150.1502
40349,2023,43.54,69.1542,19.176,19.5727,3.7647,1.0267,59.2647,210.4919
40349,2024,43.8069,67.7019,21.2651,20.5189,4.2512,1.1134,57.4041,210.4919
40349,2025,43.8069,67.7019,22.9781,18.2311,3.6597,1.1134,57.4041,210.4919
40349,2026,43.8069,67.7019,22.9781,18.2311,3.7883,1.1134,57.4041,210.4919
40381,2023,37.1102,70.6522,13.6581,97.7862,,1.066,76.0746,213.0087
40381,2024,41.4716,72.2222,13.8937,117.6681,,1.0886,77.2678,213.0087
40381,2025,41.4716,72.2222,17.0599,167.6343,,1.0886,77.2678,213.0087
40381,2026,41.4716,72.2222,17.0599,167.6343,,1.0886,77.2678,213.0087
40382,2023,36.8278,50.9091,11.943,2.3593,,1.0916,82.7041,280.4746
40382,2024,38.373,55.4217,12.2519,2.6443,,1.1158,83.1796,280.4746
40382,2025,38.373,55.4217,12.4851,3.4953,,1.1158,83.1796,280.4746
40382,2026,38.373,55.4217,12.4851,3.4953,,1.1158,83.1796,280.4746
40383,2023,41.7039,59.434,22.8265,43.6073,,0.9597,78.8718,116.7303
40383,2024,43.3063,60.6061,22.4296,80.5516,,1.0143,79.2343,116.7303
40383,2025,43.3063,60.6061,24.4314,41.2985,,1.0143,79.2343,116.7303
40383,2026,43.3063,60.6061,24.4314,41.2985,,1.0143,79.2343,116.7303
40384,2023,41.6086,81.4103,22.6233,6.2206,,1.04,68.0308,256.4237
40384,2024,40.6761,81.2081,24.4431,9.0945,,1.0125,68.4247,256.4237
40384,2025,40.6761,81.2081,21.5881,10.4876,,1.0125,68.4247,256.4237
40384,2026,40.6761,81.2081,21.5881,10.4876,,1.0125,68.4247,256.4237
40401,2023,35.3887,82.7586,15.7761,30.6641,,1.1572,84.2815,98.3284
40401,2024,37.6415,82.0513,14.0327,25.3987,,1.1393,85.3485,98.3284
40401,2025,37.6415,82.0513,13.6888,26.4264,,1.1393,85.3485,98.3284
40401,2026,37.6415,82.0513,13.6888,26.4264,,1.1393,85.3485,98.3284
40402,2023,52.0498,84.0909,20.9468,41.4655,,0.9897,52.7287,164.7772
40402,2024,49.2879,88.0,20.7292,44.0023,,0.9902,53.3404,164.7772
40402,2025,49.2879,88.0,21.1167,40.6747,,0.9902,53.3404,164.7772
40402,2026,49.2879,88.0,21.1167,40.6747,,0.9902,53.3404,164.7772
40421,2023,42.2363,62.8319,11.5142,10.0186,,1.0035,61.3356,61.3356
40421,2024,42.805,54.3689,10.9646,0.0,,0.9388,62.1456,61.3356
40421,2025,42.805,54.3689,11.1208,0.0,,0.9388,62.1456,61.3356
40421,2026,42.805,54.3689,11.1208,0.0,,0.9388,62.1456,61.3356
40447,2023,39.6961,59.1133,21.6216,19.2605,,0.9957,59.5376,102.537
40447,2024,40.5418,67.5,23.0088,48.3828,,1.0293,59.1308,102.537
40447,2025,40.5418,67.5,21.9616,44.1592,,1.0293,59.1308,102.537
40447,2026,40.5418,67.5,21.9616,44.1592,,1.0293,59.1308,102.537
40448,2023,45.0128,72.2222,17.8218,70.0,,0.9616,209.205,52.3013
40448,2024,45.7219,46.6667,16.9611,71.1144,,1.166,217.2732,52.3013
40448,2025,45.7219,46.6667,23.0189,87.9454,,1.166,217.2732,52.3013
40448,2026,45.7219,46.6667,23.0189,87.9454,,1.166,217.2732,52.3013
40503,2023,46.1879,80.6122,22.9126,8.3512,,1.0334,49.8815,62.3519
40503,2024,45.3067,74.4898,22.4796,49.1506,,1.0609,49.7389,62.3519
40503,2025,45.3067,74.4898,24.8137,45.3821,,1.0609,49.7389,62.3519
40503,2026,45.3067,74.4898,24.8137,45.3821,,1.0609,49.7389,62.3519
40522,2023,46.3107,71.0744,16.5587,27.2401,,1.0358,93.5454,143.916
40522,2024,43.2889,77.3585,14.2041,23.6294,,1.1483,87.5337,143.916
40522,2025,43.2889,77.3585,16.0384,27.6941,,1.1483,87.5337,143.916
40522,2026,43.2889,77.3585,16.0384,27.6941,,1.1483,87.5337,143.916
40544,2023,52.4345,96.6443,19.6114,0.0,,1.0561,72.2916,227.2023
40544,2024,52.7293,95.4545,18.9885,0.0,,1.0092,72.6405,227.2023
40544,2025,52.7293,95.4545,17.3407,93.1034,,1.0092,72.6405,227.2023
40544,2026,52.7293,95.4545,17.3407,93.1034,,1.0092,72.6405,227.2023
40601,2023,40.9091,77.9661,17.446,9.7287,,1.0436,67.5024,28.9296
40601,2024,38.9691,82.3529,16.3636,20.1137,,1.1011,68.857,28.9296
40601,2025,38.9691,82.3529,17.5745,35.387,,1.1011,68.857,28.9296
40601,2026,38.9691,82.3529,17.5745,35.387,,1.1011,68.857,28.9296
40602,2023,33.2903,54.1667,16.7677,3.3779,,1.1057,158.5863,147.2587
40602,2024,36.2759,31.1111,21.6418,4.112,,1.0341,152.7256,147.2587
40602,2025,36.2759,31.1111,0.0,5.7999,,1.0341,152.7256,147.2587
40602,2026,36.2759,31.1111,0.0,5.7999,,1.0341,152.7256,147.2587
40604,2023,42.7265,56.8966,15.5604,132.9806,,0.9772,105.5471,129.002
40604,2024,43.4708,76.1905,19.3357,263.3905,,1.0096,106.5341,129.002
40604,2025,43.4708,76.1905,23.9186,304.7465,,1.0096,106.5341,129.002
40604,2026,43.4708,76.1905,23.9186,304.7465,,1.0096,106.5341,129.002
40605,2023,33.348,34.6154,20.7164,1.3953,,1.1102,64.0779,134.5636
40605,2024,35.3889,20.0,21.58,0.2833,,1.0517,59.1405,134.5636
40605,2025,35.3889,20.0,20.8359,1.8269,,1.0517,59.1405,134.5636
40605,2026,35.3889,20.0,20.8359,1.8269,,1.0517,59.1405,134.5636
40608,2023,21.0604,60.0,0.0,12.0627,,1.1314,116.5728,116.5728
40608,2024,19.6541,50.0,5.2036,14.6297,,1.1377,118.5302,116.5728
40608,2025,19.6541,50.0,5.8427,14.3819,,1.1377,118.5302,116.5728
40608,2026,19.6541,50.0,5.8427,14.3819,,1.1377,118.5302,116.5728
40609,2023,23.7052,38.4615,13.0769,204.0816,,1.001,169.3193,33.8639
40609,2024,27.4725,50.0,15.8385,185.8847,,1.116,173.0104,33.8639
40609,2025,27.4725,50.0,15.2318,206.3169,,1.116,173.0104,33.8639
40609,2026,27.4725,50.0,15.2318,206.3169,,1.116,173.0104,33.8639
40610,2023,29.8337,50.0,14.1803,2.1816,,1.1059,60.4286,116.2088
40610,2024,30.0459,65.4545,13.1409,5.3328,,1.0484,56.6011,116.2088
40610,2025,30.0459,65.4545,14.5191,10.3004,,1.0484,56.6011,116.2088
40610,2026,30.0459,65.4545,14.5191,10.3004,,1.0484,56.6011,116.2088
40621,2023,41.0641,32.1637,14.7218,2.4542,3.5445,1.0368,74.1388,180.0514
40621,2024,44.2693,38.3117,7.3635,0.0,3.7608,1.0266,71.3832,180.0514
40621,2025,44.2693,38.3117,7.2489,7.8615,3.828,1.0266,71.3832,180.0514
40621,2026,44.2693,38.3117,7.2489,7.8615,3.9862,1.0266,71.3832,180.0514
40625,2023,43.1396,81.6901,22.4975,22.4847,3.5967,0.9962,76.1532,92.4717
40625,2024,43.6671,84.252,21.5177,29.6529,3.9424,1.0376,77.5666,92.4717
40625,2025,43.6671,84.252,21.457,23.1223,3.7062,1.0376,77.5666,92.4717
40625,2026,43.6671,84.252,21.457,23.1223,4.354,1.0376,77.5666,92.4717
40642,2023,42.9662,34.6154,33.8422,77.8816,,1.1673,150.3986,180.4783
40642,2024,44.7307,76.1905,22.9537,78.5164,,1.0868,151.3546,180.4783
40642,2025,44.7307,76.1905,26.9903,111.1111,,1.0868,151.3546,180.4783
40642,2026,44.7307,76.1905,26.9903,111.1111,,1.0868,151.3546,180.4783
40646,2023,48.9533,60.8696,,38.7439,,0.9186,108.2398,54.1199
40646,2024,50.8058,46.1538,,200.0817,,0.926,110.1777,54.1199
40646,2025,50.8058,46.1538,,162.934,,0.926,110.1777,54.1199
40646,2026,50.8058,46.1538,,162.934,,0.926,110.1777,54.1199
40647,2023,39.8104,73.3333,2.5791,0.0,,1.0125,80.8828,109.7695
40647,2024,41.5271,75.7576,18.0987,0.0,,1.0431,77.0781,109.7695
40647,2025,41.5271,75.7576,18.8158,0.0,,1.0431,77.0781,109.7695
40647,2026,41.5271,75.7576,18.8158,0.0,,1.0431,77.0781,109.7695
41201,2023,33.4852,53.5223,13.5407,7.1532,,1.2113,103.3008,489.4803
41201,2024,32.7726,56.0109,13.2484,7.777,,1.211,102.6127,489.4803
41201,2025,32.7726,56.0109,12.8157,8.4953,,1.211,102.6127,489.4803
41201,2026,32.7726,56.0109,12.8157,8.4953,,1.211,102.6127,489.4803
41202,2023,34.5163,75.4591,15.661,4.4935,3.8239,1.157,85.4905,251.3422
41202,2024,37.2674,72.2603,17.4816,7.0767,4.0338,1.1365,87.4648,251.3422
41202,2025,37.2674,72.2603,18.2054,4.494,4.0875,1.1365,87.4648,251.3422
41202,2026,37.2674,72.2603,18.2054,4.494,3.8997,1.1365,87.4648,251.3422
41203,2023,47.8519,73.183,10.6109,5.1675,,1.2334,99.2796,246.8573
41203,2024,46.8282,74.2857,11.4751,6.6474,,1.209,95.3122,246.8573
41203,2025,46.8282,74.2857,12.814,2.8477,,1.209,95.3122,246.8573
41203,2026,46.8282,74.2857,12.814,2.8477,,1.209,95.3122,246.8573
41204,2023,60.2281,71.25,19.3548,18.1043,,1.2873,60.1586,153.131
41204,2024,60.1479,70.4819,19.7299,11.3284,,1.3122,61.1519,153.131
41204,2025,60.1479,70.4819,17.9519,8.2149,,1.3122,61.1519,153.131
41204,2026,60.1479,70.4819,17.9519,8.2149,,1.3122,61.1519,153.131
41205,2023,41.67,71.1268,10.1473,5.3068,4.5541,1.2247,77.7679,157.4325
41205,2024,39.969,70.8,9.0365,8.0254,4.6033,1.1855,76.5126,157.4325
41205,2025,39.969,70.8,10.106,13.1749,4.6827,1.1855,76.5126,157.4325
41205,2026,39.969,70.8,10.106,13.1749,5.0054,1.1855,76.5126,157.4325
41206,2023,47.3129,66.8493,11.8478,10.0997,,1.241,98.5222,241.0649
41206,2024,48.3393,62.3269,13.5665,17.262,,1.2291,94.7927,241.0649
41206,2025,48.3393,62.3269,11.1327,27.7074,,1.2291,94.7927,241.0649
41206,2026,48.3393,62.3269,11.1327,27.7074,,1.2291,94.7927,241.0649
41207,2023,43.0389,66.5158,11.8128,41.2268,,1.1459,64.4838,214.9459
41207,2024,42.9361,62.0853,12.8534,42.94,,1.1741,65.2268,214.9459
41207,2025,42.9361,62.0853,13.6629,42.8323,,1.1741,65.2268,214.9459
41207,2026,42.9361,62.0853,13.6629,42.8323,,1.1741,65.2268,214.9459
41208,2023,38.2748,35.0554,15.1008,5.9423,,1.2227,69.8749,193.8465
41208,2024,39.364,50.4065,14.6582,15.0031,,1.2206,70.0423,193.8465
41208,2025,39.364,50.4065,13.4097,12.6367,,1.2206,70.0423,193.8465
41208,2026,39.364,50.4065,13.4097,12.6367,,1.2206,70.0423,193.8465
41209,2023,47.1028,62.0253,18.3469,29.3267,,1.3451,75.7274,681.5464
41209,2024,46.5541,72.4359,17.5753,30.406,,1.1985,72.6979,681.5464
41209,2025,46.5541,72.4359,17.8209,28.3267,,1.1985,72.6979,681.5464
41209,2026,46.5541,72.4359,17.8209,28.3267,,1.1985,72.6979,681.5464
41210,2023,43.074,52.0,12.4358,1.1774,,1.259,71.8391,97.9624
41210,2024,40.7786,52.451,13.9137,0.9271,,1.1867,72.2781,97.9624
41210,2025,40.7786,52.451,13.8821,0.5673,,1.1867,72.2781,97.9624
41210,2026,40.7786,52.451,13.8821,0.5673,,1.1867,72.2781,97.9624
41327,2023,47.2856,64.9485,18.0188,285.6371,,1.231,67.7841,357.407
41327,2024,47.8968,77.4775,18.1109,283.5516,,1.1885,67.9516,357.407
41327,2025,47.8968,77.4775,17.7738,236.5314,,1.1885,67.9516,357.407
41327,2026,47.8968,77.4775,17.7738,236.5314,,1.1885,67.9516,357.407
41341,2023,53.5812,79.8701,12.568,58.8451,,1.0746,79.7948,96.8937
41341,2024,53.6954,80.4196,11.8047,63.6814,,1.0611,73.9687,96.8937
41341,2025,53.6954,80.4196,13.3134,71.5006,,1.0611,73.9687,96.8937
41341,2026,53.6954,80.4196,13.3134,71.5006,,1.0611,73.9687,96.8937
41345,2023,54.3143,76.7857,18.4438,0.0,,1.1886,61.2933,91.9399
41345,2024,57.4427,75.7576,17.8977,0.0,,1.1108,71.2976,91.9399
41345,2025,57.4427,75.7576,18.75,0.0,,1.1108,71.2976,91.9399
41345,2026,57.4427,75.7576,18.75,0.0,,1.1108,71.2976,91.9399
41346,2023,39.1363,73.8636,18.8167,0.0,,1.37,66.0143,190.2765
41346,2024,40.2339,77.2455,20.4417,0.0,,1.3197,65.9964,190.2765
41346,2025,40.2339,77.2455,18.8795,0.0,,1.3197,65.9964,190.2765
41346,2026,40.2339,77.2455,18.8795,0.0,,1.3197,65.9964,190.2765
41387,2023,50.9323,79.2453,24.5752,8.1008,4.7826,1.0919,58.4795,38.9864
41387,2024,51.848,96.6102,29.9419,47.0229,3.7862,1.0208,80.5477,38.9864
41387,2025,51.848,96.6102,28.1341,10.5198,3.7647,1.0208,80.5477,38.9864
41387,2026,51.848,96.6102,28.1341,10.5198,3.2995,1.0208,80.5477,38.9864
41401,2023,55.8131,54.3624,23.0224,1.4104,3.7723,1.2534,99.7323,173.2193
41401,2024,52.4478,53.1469,23.1173,0.3138,4.5051,1.1653,100.8493,173.2193
41401,2025,52.4478,53.1469,23.1677,1.267,4.5911,1.1653,100.8493,173.2193
41401,2026,52.4478,53.1469,23.1677,1.267,2.9883,1.1653,100.8493,173.2193
41423,2023,43.8247,51.9231,16.9075,18.3789,,1.4759,81.4863,146.6754
41423,2024,43.8871,71.1111,12.9542,24.2497,,1.3582,82.7267,146.6754
41423,2025,43.8871,71.1111,12.9983,20.2637,,1.3582,82.7267,146.6754
41423,2026,43.8871,71.1111,12.9983,20.2637,,1.3582,82.7267,146.6754
41424,2023,46.1538,75.6098,13.8254,0.0,,1.2548,52.0346,124.8829
41424,2024,45.6917,79.1667,13.416,5.8611,,1.2014,52.1213,124.8829
41424,2025,45.6917,79.1667,13.4174,0.0,,1.2014,52.1213,124.8829
41424,2026,45.6917,79.1667,13.4174,0.0,,1.2014,52.1213,124.8829
41425,2023,43.5885,56.4103,12.2456,0.2045,,1.3282,87.3925,257.5778
41425,2024,42.5646,60.5714,15.0278,4.6089,,1.2669,88.7933,257.5778
41425,2025,42.5646,60.5714,13.7539,5.632,,1.2669,88.7933,257.5778
41425,2026,42.5646,60.5714,13.7539,5.632,,1.2669,88.7933,257.5778
41441,2023,43.9235,67.7083,22.1747,3.0981,,1.1159,36.3372,133.2364
41441,2024,47.9947,67.7419,23.8356,82.0333,,1.0867,24.7862,133.2364
41441,2025,47.9947,67.7419,23.166,83.5709,,1.0867,24.7862,133.2364
41441,2026,47.9947,67.7419,23.166,83.5709,,1.0867,24.7862,133.2364
42201,2023,34.1527,30.3409,6.4723,20.4904,5.1499,1.2273,125.6247,514.463
42201,2024,35.6638,46.1426,6.859,27.8059,5.1212,1.2267,126.0601,514.463
42201,2025,35.6638,46.1426,7.5561,26.0999,5.252,1.2267,126.0601,514.463
42201,2026,35.6638,46.1426,7.5561,26.0999,5.3146,1.2267,126.0601,514.463
42202,2023,34.671,75.5155,19.5321,2.5248,4.8954,1.0313,90.6547,303.9842
42202,2024,38.5811,75.7057,20.5371,4.7522,4.7154,1.0608,90.7533,303.9842
42202,2025,38.5811,75.7057,19.953,5.3271,4.878,1.0608,90.7533,303.9842
42202,2026,38.5811,75.7057,19.953,5.3271,4.8874,1.0608,90.7533,303.9842
42203,2023,42.4862,83.125,11.2762,2.8031,,1.0765,101.925,271.0278
42203,2024,43.8956,78.0488,10.7034,5.0428,,1.1358,100.8419,271.0278
42203,2025,43.8956,78.0488,10.1184,4.0045,,1.1358,100.8419,271.0278
42203,2026,43.8956,78.0488,10.1184,4.0045,,1.1358,100.8419,271.0278
42204,2023,37.0302,56.9925,15.252,28.5628,3.6281,1.1832,95.0323,299.2034
42204,2024,39.6239,57.4286,16.9022,62.0645,3.7057,1.2,97.0598,299.2034
42204,2025,39.6239,57.4286,15.7253,73.8863,3.8171,1.2,97.0598,299.2034
42204,2026,39.6239,57.4286,15.7253,73.8863,3.8517,1.2,97.0598,299.2034
42205,2023,37.0072,71.8905,20.249,8.3914,4.3507,1.1185,92.569,417.0693
42205,2024,38.3655,70.8543,19.1518,31.6178,4.6405,1.1361,91.2242,417.0693
42205,2025,38.3655,70.8543,18.7555,8.8993,4.6929,1.1361,91.2242,417.0693
42205,2026,38.3655,70.8543,18.7555,8.8993,4.2054,1.1361,91.2242,417.0693
42207,2023,45.4064,53.481,24.3428,13.6396,3.768,1.0223,58.295,157.7395
42207,2024,42.0231,57.8947,20.9898,12.413,3.6701,1.1167,59.5718,157.7395
42207,2025,42.0231,57.8947,23.012,16.0475,3.8895,1.1167,59.5718,157.7395
42207,2026,42.0231,57.8947,23.012,16.0475,4.2118,1.1167,59.5718,157.7395
42208,2023,40.4491,45.5696,19.7212,2.8805,3.4517,1.1269,70.1951,98.2732
42208,2024,40.1374,51.3889,17.7459,1.0428,3.2341,1.1389,71.4864,98.2732
42208,2025,40.1374,51.3889,19.1355,1.415,3.3298,1.1389,71.4864,98.2732
42208,2026,40.1374,51.3889,19.1355,1.415,2.8873,1.1389,71.4864,98.2732
42209,2023,40.3552,62.5954,24.8211,27.5536,5.0539,1.0536,119.4995,221.4256
42209,2024,40.7478,64.257,23.9504,25.6436,5.0536,1.0627,122.2098,221.4256
42209,2025,40.7478,64.257,23.7991,43.3504,5.3564,1.0627,122.2098,221.4256
42209,2026,40.7478,64.257,23.7991,43.3504,5.1419,1.0627,122.2098,221.4256
42210,2023,44.6078,51.1628,11.7066,7.2451,5.3976,1.0309,64.1128,204.3597
42210,2024,43.3288,48.7805,11.6772,27.3852,5.5976,1.0922,61.5764,204.3597
42210,2025,43.3288,48.7805,12.1274,47.1257,5.4223,1.0922,61.5764,204.3597
42210,2026,43.3288,48.7805,12.1274,47.1257,5.0592,1.0922,61.5764,204.3597
42211,2023,35.5649,55.0595,20.257,5.5879,4.5824,0.9379,108.4939,216.9879
42211,2024,35.3195,49.6599,19.8854,8.1307,4.8083,0.9352,110.1737,216.9879
42211,2025,35.3195,49.6599,19.7029,8.3608,4.5183,0.9352,110.1737,216.9879
42211,2026,35.3195,49.6599,19.7029,8.3608,4.8171,0.9352,110.1737,216.9879
42212,2023,38.9175,81.6456,19.1291,7.5092,3.7145,1.0733,104.8666,147.59
42212,2024,39.7219,76.3158,20.566,9.706,3.6643,1.1382,90.4195,147.59
42212,2025,39.7219,76.3158,19.7461,13.9041,4.4295,1.1382,90.4195,147.59
42212,2026,39.7219,76.3158,19.7461,13.9041,4.0075,1.1382,90.4195,147.59
42213,2023,38.0068,51.2579,19.3306,28.0334,,1.1154,86.0647,188.8642
42213,2024,38.909,50.3145,19.5444,25.8134,,1.0913,87.2262,188.8642
42213,2025,38.909,50.3145,19.9792,33.9853,,1.0913,87.2262,188.8642
42213,2026,38.909,50.3145,19.9792,33.9853,,1.0913,87.2262,188.8642
42214,2023,40.0078,67.4033,21.0992,0.065,,1.0712,82.2446,117.4922
42214,2024,38.7149,71.7391,20.3741,0.0,,1.1001,81.6287,117.4922
42214,2025,38.7149,71.7391,21.8398,0.0,,1.1001,81.6287,117.4922
42214,2026,38.7149,71.7391,21.8398,0.0,,1.1001,81.6287,117.4922
42307,2023,49.3618,75.8333,19.1975,27.226,2.8174,1.1145,96.5466,178.2399
42307,2024,49.7314,75.6522,21.6834,19.4546,3.1484,1.1303,92.8226,178.2399
42307,2025,49.7314,75.6522,33.4359,32.0661,2.8749,1.1303,92.8226,178.2399
42307,2026,49.7314,75.6522,33.4359,32.0661,2.7832,1.1303,92.8226,178.2399
42308,2023,44.3136,72.973,12.0266,3.5986,4.2299,1.1074,101.5435,277.5521
42308,2024,41.6534,78.0,10.3359,1.1925,3.8483,1.0652,101.7191,277.5521
42308,2025,41.6534,78.0,10.6498,2.1454,3.8667,1.0652,101.7191,277.5521
42308,2026,41.6534,78.0,10.6498,2.1454,4.0244,1.0652,101.7191,277.5521
42321,2023,61.6271,60.9195,21.2465,12.8972,3.2904,1.0658,92.6416,185.2832
42321,2024,59.5827,60.9756,20.8791,14.7839,2.8986,1.1232,80.5045,185.2832
42321,2025,59.5827,60.9756,21.0695,18.81,2.2489,1.1232,80.5045,185.2832
42321,2026,59.5827,60.9756,21.0695,18.81,2.6154,1.1232,80.5045,185.2832
42322,2023,46.3427,64.1975,23.152,13.4816,3.6062,1.2587,74.6269,246.2687
42322,2024,47.4832,68.3544,23.6951,6.1031,3.7306,1.2337,75.8035,246.2687
42322,2025,47.4832,68.3544,25.1223,6.0179,3.1915,1.2337,75.8035,246.2687
42322,2026,47.4832,68.3544,25.1223,6.0179,3.4006,1.2337,75.8035,246.2687
42323,2023,52.2328,80.9524,24.5324,14.5038,3.1418,1.1794,84.016,161.0306
42323,2024,50.3712,84.5238,14.2219,15.5655,3.3976,1.1528,70.6364,161.0306
42323,2025,50.3712,84.5238,14.93,18.3386,2.6565,1.1528,70.6364,161.0306
42323,2026,50.3712,84.5238,14.93,18.3386,3.8722,1.1528,70.6364,161.0306
42383,2023,41.6149,73.0769,19.8294,0.0,2.0979,0.8726,89.3256,44.6628
42383,2024,42.9022,88.8889,20.4176,64.019,3.7453,0.8282,91.7011,44.6628
42383,2025,42.9022,88.8889,22.7154,112.6675,4.8,0.8282,91.7011,44.6628
42383,2026,42.9022,88.8889,22.7154,112.6675,5.2419,0.8282,91.7011,44.6628
42391,2023,49.8881,54.321,31.2124,26.341,3.3503,1.0164,92.179,106.3603
42391,2024,51.2926,69.7368,32.4538,22.4328,3.8257,1.0365,92.9368,106.3603
42391,2025,51.2926,69.7368,32.7507,17.7373,4.3379,1.0365,92.9368,106.3603
42391,2026,51.2926,69.7368,32.7507,17.7373,4.1816,1.0365,92.9368,106.3603
42411,2023,33.0691,78.4483,21.2847,36.5034,4.1554,1.0399,113.5654,198.7394
42411,2024,38.9527,66.4336,24.3172,62.783,4.0672,0.9753,116.7542,198.7394
42411,2025,38.9527,66.4336,24.4741,96.9333,3.9598,0.9753,116.7542,198.7394
42411,2026,38.9527,66.4336,24.4741,96.9333,4.0045,0.9753,116.7542,198.7394
43100,2023,29.8876,11.8546,8.7835,9.8283,4.8003,1.109,89.4083,454.6971
43100,2024,30.8023,15.4706,9.1198,12.3732,4.5863,1.0912,89.3782,454.6971
43100,2025,30.8023,15.4706,9.4418,16.8581,4.7177,1.0912,89.3782,454.6971
43100,2026,30.8023,15.4706,9.4418,16.8581,4.6557,1.0912,89.3782,454.6971
43202,2023,31.8387,60.0,12.997,4.1493,4.2021,1.0835,95.4128,300.1019
43202,2024,33.1418,55.2561,12.9645,4.8724,4.2915,1.1006,92.8841,300.1019
43202,2025,33.1418,55.2561,14.4441,2.4093,4.6578,1.1006,92.8841,300.1019
43202,2026,33.1418,55.2561,14.4441,2.4093,4.7877,1.1006,92.8841,300.1019
43203,2023,46.334,59.7285,28.0654,15.5031,2.7331,1.1174,123.6416,435.9992
43203,2024,44.9492,60.2273,26.0798,21.0501,2.7627,1.1177,125.8612,435.9992
43203,2025,44.9492,60.2273,28.1369,21.0271,2.4583,1.1177,125.8612,435.9992
43203,2026,44.9492,60.2273,28.1369,21.0271,2.2072,1.1177,125.8612,435.9992
43204,2023,36.9853,72.4919,15.3203,1.3117,4.3975,1.2621,91.2427,289.5964
43204,2024,36.3769,72.3684,15.7873,3.1247,4.4405,1.2923,90.6509,289.5964
43204,2025,36.3769,72.3684,16.0515,1.7548,4.8124,1.2923,90.6509,289.5964
43204,2026,36.3769,72.3684,16.0515,1.7548,4.1136,1.2923,90.6509,289.5964
43205,2023,41.5392,58.3942,16.8174,30.8247,4.0159,1.3292,105.685,457.9682
43205,2024,40.4737,73.3871,16.0355,31.1556,3.641,1.3532,103.9172,457.9682
43205,2025,40.4737,73.3871,16.7208,47.1722,4.1578,1.3532,103.9172,457.9682
43205,2026,40.4737,73.3871,16.7208,47.1722,4.4357,1.3532,103.9172,457.9682
43206,2023,33.3333,75.7812,18.4586,29.646,3.7405,1.0798,90.5316,206.0375
43206,2024,33.9101,73.4914,18.331,41.8676,3.7082,1.0893,86.5637,206.0375
43206,2025,33.9101,73.4914,18.7519,3.8796,3.8679,1.0893,86.5637,206.0375
43206,2026,33.9101,73.4914,18.7519,3.8796,3.6085,1.0893,86.5637,206.0375
43208,2023,42.7932,87.7551,25.1411,28.3519,4.6894,1.1286,87.0498,214.5879
43208,2024,42.0873,81.3754,24.1454,22.0743,4.5126,1.0892,86.3505,214.5879
43208,2025,42.0873,81.3754,23.6663,24.3748,4.6722,1.0892,86.3505,214.5879
43208,2026,42.0873,81.3754,23.6663,24.3748,4.6023,1.0892,86.3505,214.5879
43210,2023,36.7677,77.9528,15.9163,106.3548,3.7666,1.1137,93.4123,150.7335
43210,2024,37.7828,78.4314,6.1462,151.1798,3.3389,1.1045,81.1723,150.7335
43210,2025,37.7828,78.4314,21.8411,56.8246,3.6189,1.1045,81.1723,150.7335
43210,2026,37.7828,78.4314,21.8411,56.8246,4.0533,1.1045,81.1723,150.7335
43211,2023,39.8145,71.0438,17.5977,48.4321,3.38,1.1024,57.5611,117.8631
43211,2024,40.8303,51.5679,20.0496,65.3172,3.3983,1.1073,57.7383,117.8631
43211,2025,40.8303,51.5679,18.5673,15.7869,3.5036,1.1073,57.7383,117.8631
43211,2026,40.8303,51.5679,18.5673,15.7869,4.0564,1.1073,57.7383,117.8631
43212,2023,33.9903,58.5106,18.3166,1.3107,3.657,1.2417,87.9472,139.9161
43212,2024,35.2966,62.4204,17.8179,5.4117,3.9073,1.2746,86.4731,139.9161
43212,2025,35.2966,62.4204,20.7407,2.0501,3.3229,1.2746,86.4731,139.9161
43212,2026,35.2966,62.4204,20.7407,2.0501,3.7511,1.2746,86.4731,139.9161
43213,2023,41.4393,72.3197,24.366,1.251,3.6858,1.1211,74.7021,208.4709
43213,2024,42.0191,69.9317,24.2135,1.7398,3.6215,1.0948,77.2526,208.4709
43213,2025,42.0191,69.9317,22.9389,0.7541,4.1001,1.0948,77.2526,208.4709
43213,2026,42.0191,69.9317,22.9389,0.7541,4.1532,1.0948,77.2526,208.4709
43214,2023,48.3078,70.0461,26.1797,2.9575,4.3031,1.0959,80.8048,210.0925
43214,2024,50.4712,70.3057,27.4087,2.9812,4.4349,1.0936,77.4688,210.0925
43214,2025,50.4712,70.3057,28.4004,2.706,4.5023,1.0936,77.4688,210.0925
43214,2026,50.4712,70.3057,28.4004,2.706,4.6835,1.0936,77.4688,210.0925
43215,2023,40.9433,63.9586,31.527,26.7827,3.8418,1.1771,93.2078,266.308
43215,2024,42.6765,61.4476,35.1327,5.3807,3.6486,1.1621,98.0432,266.308
43215,2025,42.6765,61.4476,31.3547,6.3966,3.8677,1.1621,98.0432,266.308
43215,2026,42.6765,61.4476,31.3547,6.3966,3.7991,1.1621,98.0432,266.308
43216,2023,32.2125,67.284,28.9879,1.71,3.7148,1.1722,62.0405,176.8155
43216,2024,33.0461,63.5088,0.8851,2.0516,3.8881,1.1557,63.3195,176.8155
43216,2025,33.0461,63.5088,26.1471,4.059,3.9416,1.1557,63.3195,176.8155
43216,2026,33.0461,63.5088,26.1471,4.059,3.4629,1.1557,63.3195,176.8155
43348,2023,58.1172,78.3019,20.976,84.9957,2.4465,1.197,66.2105,143.4562
43348,2024,56.5476,61.0526,0.0,32.8086,2.2129,1.1831,67.6209,143.4562
43348,2025,56.5476,61.0526,21.2726,38.9006,3.1798,1.1831,67.6209,143.4562
43348,2026,56.5476,61.0526,21.2726,38.9006,3.551,1.1831,67.6209,143.4562
43364,2023,52.439,40.2439,35.5694,69.2152,4.2857,0.9077,38.1607,38.1607
43364,2024,47.1132,39.2857,33.4278,69.0867,3.8929,1.0804,38.5282,38.1607
43364,2025,47.1132,39.2857,32.5843,23.8235,4.7244,1.0804,38.5282,38.1607
43364,2026,47.1132,39.2857,32.5843,23.8235,4.8571,1.0804,38.5282,38.1607
43367,2023,43.2487,73.913,10.5916,7.9416,3.8554,1.1431,55.5494,33.3296
43367,2024,44.1614,82.1918,8.4924,12.2167,3.1785,1.1191,56.4589,33.3296
43367,2025,44.1614,82.1918,8.8267,19.4317,3.3037,1.1191,56.4589,33.3296
43367,2026,44.1614,82.1918,8.8267,19.4317,3.9788,1.1191,56.4589,33.3296
43368,2023,40.3035,75.0,22.6036,5.1767,2.9655,1.1115,45.1438,96.7367
43368,2024,40.6857,64.1509,22.3936,7.6892,3.7011,1.1438,45.2899,96.7367
43368,2025,40.6857,64.1509,23.5894,4.1033,3.4669,1.1438,45.2899,96.7367
43368,2026,40.6857,64.1509,23.5894,4.1033,3.172,1.1438,45.2899,96.7367
43369,2023,66.0216,79.2593,35.567,4.3091,3.2917,1.0302,64.4953,107.4922
43369,2024,64.9522,86.3248,32.0557,12.101,3.0197,1.0486,43.9367,107.4922
43369,2025,64.9522,86.3248,35.6682,3.0525,4.2067,1.0486,43.9367,107.4922
43369,2026,64.9522,86.3248,35.6682,3.0525,3.6145,1.0486,43.9367,107.4922
43403,2023,44.1015,66.8224,32.3968,23.539,3.8558,1.0239,63.8357,74.9376
43403,2024,44.4266,67.8947,32.8274,81.5104,3.6579,0.971,63.8658,74.9376
43403,2025,44.4266,67.8947,34.2723,18.3597,4.1033,0.971,63.8658,74.9376
43403,2026,44.4266,67.8947,34.2723,18.3597,4.2717,0.971,63.8658,74.9376
43404,2023,42.3617,59.4828,21.2094,33.3975,3.5635,0.9991,75.4907,272.224
43404,2024,40.863,59.633,20.3787,31.2447,3.2494,0.9863,79.6994,272.224
43404,2025,40.863,59.633,20.4166,34.6649,3.4123,0.9863,79.6994,272.224
43404,2026,40.863,59.633,20.4166,34.6649,3.3463,0.9863,79.6994,272.224
43423,2023,52.4345,64.5833,34.7826,42.1369,2.9101,1.0715,51.9481,51.9481
43423,2024,56.39,65.3061,26.7986,35.4421,2.8169,1.068,51.6129,51.9481
43423,2025,56.39,65.3061,35.654,21.3426,2.7864,1.068,51.6129,51.9481
43423,2026,56.39,65.3061,35.654,21.3426,1.9737,1.068,51.6129,51.9481
43424,2023,51.1159,71.0843,24.6753,9.6497,3.4375,1.0677,45.2216,150.7386
43424,2024,50.0,70.1754,29.2683,17.8188,2.6578,1.1244,46.4037,150.7386
43424,2025,50.0,70.1754,17.698,18.3446,3.8869,1.1244,46.4037,150.7386
43424,2026,50.0,70.1754,17.698,18.3446,4.6041,1.1244,46.4037,150.7386
43425,2023,60.5505,46.1538,57.3394,0.0,3.6496,0.8356,141.7434,70.8717
43425,2024,63.4304,81.8182,61.435,0.0,4.7297,0.8919,143.3692,70.8717
43425,2025,63.4304,81.8182,55.0,0.0,5.2239,0.8919,143.3692,70.8717
43425,2026,63.4304,81.8182,55.0,0.0,5.6,0.8919,143.3692,70.8717
43428,2023,54.4996,70.2703,24.2152,7.3886,3.7975,1.0751,66.0393,66.0393
43428,2024,53.9146,72.0,26.4085,7.2838,3.9409,1.1451,67.4082,66.0393
43428,2025,53.9146,72.0,45.5233,0.956,3.3278,1.1451,67.4082,66.0393
43428,2026,53.9146,72.0,45.5233,0.956,4.417,1.1451,67.4082,66.0393
43432,2023,60.0723,76.7857,24.0674,14.885,2.6801,1.1514,43.315,28.8767
43432,2024,57.4212,63.7931,24.8447,13.465,3.4364,1.0996,57.5126,28.8767
43432,2025,57.4212,63.7931,17.6144,12.7894,3.7037,1.0996,57.5126,28.8767
43432,2026,57.4212,63.7931,17.6144,12.7894,3.6329,1.0996,57.5126,28.8767
43433,2023,53.7037,74.0157,30.4217,26.5106,3.1823,1.2005,78.7789,137.8631
43433,2024,51.7159,69.6429,33.3119,76.8605,3.7773,1.027,79.0905,137.8631
43433,2025,51.7159,69.6429,29.9085,68.2253,3.5052,1.027,79.0905,137.8631
43433,2026,51.7159,69.6429,29.9085,68.2253,3.5219,1.027,79.0905,137.8631
43441,2023,46.5505,77.2455,31.3677,21.842,4.0598,1.1834,64.5123,99.7009
43441,2024,48.2784,75.3623,31.7362,24.3505,4.0441,1.1893,75.4279,99.7009
43441,2025,48.2784,75.3623,31.9707,20.9486,4.7545,1.1893,75.4279,99.7009
43441,2026,48.2784,75.3623,31.9707,20.9486,4.8007,1.1893,75.4279,99.7009
43442,2023,55.6275,59.5745,33.9667,0.0,3.0457,1.1132,119.1422,268.0699
43442,2024,57.5783,59.7403,34.2535,0.0,3.2872,1.1524,118.1219,268.0699
43442,2025,57.5783,59.7403,34.7935,0.0,3.7567,1.1524,118.1219,268.0699
43442,2026,57.5783,59.7403,34.7935,0.0,3.3898,1.1524,118.1219,268.0699
43443,2023,39.6774,74.6411,29.1491,1.2388,3.929,1.0373,62.2813,133.4599
43443,2024,47.7073,72.7273,23.7168,0.4912,3.853,0.9789,64.6279,133.4599
43443,2025,47.7073,72.7273,32.2826,0.5381,4.1916,0.9789,64.6279,133.4599
43443,2026,47.7073,72.7273,32.2826,0.5381,4.0787,0.9789,64.6279,133.4599
43444,2023,53.3637,79.5181,35.6461,18.6663,3.2222,1.1723,48.6713,165.4823
43444,2024,52.7727,71.4286,34.1057,18.0412,2.9412,1.0938,49.2805,165.4823
43444,2025,52.7727,71.4286,34.2685,18.0102,3.0612,1.0938,49.2805,165.4823
43444,2026,52.7727,71.4286,34.2685,18.0102,3.1788,1.0938,49.2805,165.4823
43447,2023,62.9713,85.0829,49.2344,63.5464,3.8168,1.1705,88.0863,146.8105
43447,2024,59.5409,78.169,45.0164,104.0031,3.8487,1.1392,90.4159,146.8105
43447,2025,59.5409,78.169,42.8784,130.6553,3.3631,1.1392,90.4159,146.8105
43447,2026,59.5409,78.169,42.8784,130.6553,2.9646,1.1392,90.4159,146.8105
43468,2023,50.3218,90.2256,,0.0,4.0541,1.0644,80.5081,125.2348
43468,2024,51.2909,96.9925,,0.0,3.4521,1.1151,73.0994,125.2348
43468,2025,51.2909,96.9925,,0.0,3.6215,1.1151,73.0994,125.2348
43468,2026,51.2909,96.9925,,0.0,3.8084,1.1151,73.0994,125.2348
43482,2023,41.5694,55.4839,19.9291,1.2751,3.4076,1.4269,101.7553,197.1509
43482,2024,37.2718,49.6063,19.4044,0.0,3.4037,1.439,104.6846,197.1509
43482,2025,37.2718,49.6063,21.7215,0.0,4.2213,1.439,104.6846,197.1509
43482,2026,37.2718,49.6063,21.7215,0.0,4.3997,1.439,104.6846,197.1509
43484,2023,52.4515,36.5854,23.7313,23.2924,4.0865,1.1104,69.3802,23.1267
43484,2024,52.4272,46.1538,23.0894,18.9406,3.9216,1.2197,71.1575,23.1267
43484,2025,52.4272,46.1538,16.7845,19.3316,5.3922,1.2197,71.1575,23.1267
43484,2026,52.4272,46.1538,16.7845,19.3316,5.2219,1.2197,71.1575,23.1267
43501,2023,65.0337,89.4118,40.0,55.2939,3.9072,1.0135,87.5316,68.0801
43501,2024,63.5003,93.5897,38.5714,53.3618,3.9191,1.1631,97.8186,68.0801
43501,2025,63.5003,93.5897,40.6852,77.5995,3.4529,1.1631,97.8186,68.0801
43501,2026,63.5003,93.5897,40.6852,77.5995,3.2832,1.1631,97.8186,68.0801
43505,2023,62.0283,65.5629,38.2648,0.0,4.2027,0.983,101.9483,362.483
43505,2024,61.9683,52.1429,40.7334,6.0751,4.4914,0.9692,105.2139,362.483
43505,2025,61.9683,52.1429,39.779,18.5547,3.7088,0.9692,105.2139,362.483
43505,2026,61.9683,52.1429,39.779,18.5547,4.2553,0.9692,105.2139,362.483
43506,2023,62.0,60.8696,,0.0,4.5593,1.0582,83.1486,27.7162
43506,2024,58.3612,68.0851,,0.0,4.1139,1.1644,85.1789,27.7162
43506,2025,58.3612,68.0851,,0.0,4.0956,1.1644,85.1789,27.7162
43506,2026,58.3612,68.0851,,0.0,3.9286,1.1644,85.1789,27.7162
43507,2023,55.527,23.0769,42.2311,315.1515,2.0202,0.827,196.5602,98.2801
43507,2024,56.2327,22.2222,42.1739,325.5172,1.5873,0.9168,202.4291,98.2801
43507,2025,56.2327,22.2222,51.9048,71.9274,2.3529,0.9168,202.4291,98.2801
43507,2026,56.2327,22.2222,51.9048,71.9274,2.2857,0.9168,202.4291,98.2801
43510,2023,63.7931,89.0909,44.5122,57.0853,3.4739,0.9702,73.2601,97.6801
43510,2024,60.8382,85.3659,45.3704,86.3652,2.8351,0.9588,74.6454,97.6801
43510,2025,60.8382,85.3659,44.8529,90.6913,3.6554,0.9588,74.6454,97.6801
43510,2026,60.8382,85.3659,44.8529,90.6913,2.957,0.9588,74.6454,97.6801
43511,2023,75.5682,94.1176,47.2441,93.2091,5.1546,0.9821,102.6694,0.0
43511,2024,78.882,100.0,61.1111,24.6575,2.0202,0.9744,106.1571,0.0
43511,2025,78.882,100.0,42.8571,78.5414,1.0638,0.9744,106.1571,0.0
43511,2026,78.882,100.0,42.8571,78.5414,1.1236,0.9744,106.1571,0.0
43512,2023,62.4514,77.1429,45.515,59.667,3.7801,1.0411,0.0,30.525
43512,2024,60.2911,83.3333,45.4545,75.8072,3.125,1.0113,0.0,30.525
43512,2025,60.2911,83.3333,43.75,155.3352,3.5842,1.0113,0.0,30.525
43512,2026,60.2911,83.3333,43.75,155.3352,2.583,1.0113,0.0,30.525
43513,2023,53.8827,38.8889,27.8017,0.0,4.7337,1.1889,67.6133,33.8066
43513,2024,55.6131,75.0,25.7862,0.0,3.6364,1.2696,35.8938,33.8066
43513,2025,55.6131,75.0,11.7166,0.0,4.4025,1.2696,35.8938,33.8066
43513,2026,55.6131,75.0,11.7166,0.0,4.9342,1.2696,35.8938,33.8066
43514,2023,56.4862,62.1053,42.7841,0.2997,3.2514,1.1319,75.5806,82.4516
43514,2024,56.1633,77.2727,44.4512,0.5057,2.7846,1.1216,76.7032,82.4516
43514,2025,56.1633,77.2727,43.9604,2.7667,3.2646,1.1216,76.7032,82.4516
43514,2026,56.1633,77.2727,43.9604,2.7667,3.4759,1.1216,76.7032,82.4516
43531,2023,47.3644,51.8519,27.4017,2.0525,2.1374,1.1345,91.3103,350.0228
43531,2024,50.2825,80.8511,33.9307,2.7033,2.4465,1.1367,93.6183,350.0228
43531,2025,50.2825,80.8511,33.9378,0.854,2.6936,1.1367,93.6183,350.0228
43531,2026,50.2825,80.8511,33.9378,0.854,2.3769,1.1367,93.6183,350.0228
44201,2023,33.4302,26.1186,13.1995,8.1237,4.8427,1.1457,82.6765,295.663
44201,2024,34.5102,31.785,13.4128,10.2569,4.7571,1.1404,82.5846,295.663
44201,2025,34.5102,31.785,13.9062,10.3533,4.629,1.1404,82.5846,295.663
44201,2026,34.5102,31.785,13.9062,10.3533,4.4817,1.1404,82.5846,295.663
44202,2023,37.692,33.652,11.6285,105.3815,4.902,1.1655,100.233,485.3387
44202,2024,36.9485,49.8876,12.3968,11.6375,5.2558,1.1591,100.9511,485.3387
44202,2025,36.9485,49.8876,13.5676,39.6109,5.1278,1.1591,100.9511,485.3387
44202,2026,36.9485,49.8876,13.5676,39.6109,4.9683,1.1591,100.9511,485.3387
44203,2023,33.1909,17.9293,15.4095,13.5614,3.4773,1.1669,86.6416,244.2811
44203,2024,34.4396,24.2894,16.1448,7.5275,3.822,1.1578,83.9202,244.2811
44203,2025,34.4396,24.2894,17.9636,3.6279,3.7113,1.1578,83.9202,244.2811
44203,2026,34.4396,24.2894,17.9636,3.6279,3.969,1.1578,83.9202,244.2811
44204,2023,35.4408,57.6602,20.7867,3.6789,3.8637,1.1418,83.7629,209.4072
44204,2024,36.0959,61.1594,24.9317,2.4717,4.0858,1.1186,81.7996,209.4072
44204,2025,36.0959,61.1594,21.452,10.1407,4.0178,1.1186,81.7996,209.4072
44204,2026,36.0959,61.1594,21.452,10.1407,3.9582,1.1186,81.7996,209.4072
44205,2023,45.2525,89.5669,17.4518,4.3901,3.5112,1.0547,84.9149,224.9501
44205,2024,44.7399,90.9308,19.035,1.731,3.8489,1.0623,83.8108,224.9501
44205,2025,44.7399,90.9308,17.3611,5.6025,3.5653,1.0623,83.8108,224.9501
44205,2026,44.7399,90.9308,17.3611,5.6025,3.49,1.0623,83.8108,224.9501
44206,2023,48.8011,77.0035,21.6889,15.8229,3.8835,1.2096,85.7847,188.1728
44206,2024,48.4875,69.3798,26.2916,22.4198,4.1583,1.2484,87.0298,188.1728
44206,2025,48.4875,69.3798,24.1717,64.6143,4.0197,1.2484,87.0298,188.1728
44206,2026,48.4875,69.3798,24.1717,64.6143,3.7608,1.2484,87.0298,188.1728
44207,2023,43.4508,40.566,12.9248,23.7777,3.6709,1.1912,100.8319,151.2478
44207,2024,43.8666,47.3684,14.6371,6.0482,3.7992,1.1822,103.9906,151.2478
44207,2025,43.8666,47.3684,15.2174,16.4177,4.5129,1.1822,103.9906,151.2478
44207,2026,43.8666,47.3684,15.2174,16.4177,4.0625,1.1822,103.9906,151.2478
44208,2023,48.0417,76.3441,33.4109,60.4685,3.554,1.1813,120.6637,191.0508
44208,2024,49.9865,70.7182,28.9295,65.0484,3.8027,1.1726,128.999,191.0508
44208,2025,49.9865,70.7182,26.7058,90.9154,4.2553,1.1726,128.999,191.0508
44208,2026,49.9865,70.7182,26.7058,90.9154,3.961,1.1726,128.999,191.0508
44209,2023,43.5698,70.7602,22.6978,0.0,3.1781,1.129,67.6376,162.3303
44209,2024,43.7736,73.3333,22.314,10.2269,3.1286,1.1643,68.306,162.3303
44209,2025,43.7736,73.3333,20.6927,12.3998,3.6927,1.1643,68.306,162.3303
44209,2026,43.7736,73.3333,20.6927,12.3998,4.4192,1.1643,68.306,162.3303
44210,2023,49.2961,76.9231,28.4302,23.1025,3.6278,1.142,91.5919,175.8564
44210,2024,50.9517,91.7647,29.9759,24.1931,3.9328,1.1512,89.8506,175.8564
44210,2025,50.9517,91.7647,32.3713,36.1394,3.2199,1.1512,89.8506,175.8564
44210,2026,50.9517,91.7647,32.3713,36.1394,3.6486,1.1512,89.8506,175.8564
44211,2023,42.8397,55.7416,21.1023,22.1106,3.2604,1.073,82.4047,204.139
44211,2024,43.2691,56.25,19.1365,9.8999,3.0194,1.1031,79.6284,204.139
44211,2025,43.2691,56.25,19.4544,11.6433,3.2362,1.1031,79.6284,204.139
44211,2026,43.2691,56.25,19.4544,11.6433,3.362,1.1031,79.6284,204.139
44212,2023,44.5346,81.5789,19.0191,37.5795,3.879,1.183,89.78,224.4501
44212,2024,44.1563,81.407,19.7761,51.477,4.0775,1.1741,91.5611,224.4501
44212,2025,44.1563,81.407,20.4417,19.7655,3.8735,1.1741,91.5611,224.4501
44212,2026,44.1563,81.407,20.4417,19.7655,4.356,1.1741,91.5611,224.4501
44213,2023,44.8467,53.5398,12.7169,4.7566,4.0079,1.1721,89.4694,1523.9629
44213,2024,46.5201,58.4746,12.793,4.3037,3.8798,1.1523,77.427,1523.9629
44213,2025,46.5201,58.4746,14.4407,12.9389,3.0528,1.1523,77.427,1523.9629
44213,2026,46.5201,58.4746,14.4407,12.9389,3.731,1.1523,77.427,1523.9629
44214,2023,53.7219,73.4545,30.9546,8.7226,2.6039,1.087,80.217,168.0736
44214,2024,52.5866,67.1533,33.941,11.3618,2.5597,1.0499,81.5344,168.0736
44214,2025,52.5866,67.1533,25.7254,11.5167,2.9005,1.0499,81.5344,168.0736
44214,2026,52.5866,67.1533,25.7254,11.5167,2.6219,1.0499,81.5344,168.0736
44322,2023,71.7724,60.5263,60.7383,0.0,3.6036,0.9825,55.1876,165.5629
44322,2024,69.7941,51.3514,62.6812,0.0,2.2727,1.0706,56.9152,165.5629
44322,2025,69.7941,51.3514,51.9685,0.0,1.9231,1.0706,56.9152,165.5629
44322,2026,69.7941,51.3514,51.9685,0.0,1.4706,1.0706,56.9152,165.5629
44341,2023,39.9628,72.7891,20.2097,0.9039,3.5294,1.1471,56.9091,124.4887
44341,2024,36.851,73.2283,18.2584,18.7923,3.312,1.1473,57.1021,124.4887
44341,2025,36.851,73.2283,19.4222,21.0485,3.1798,1.1473,57.1021,124.4887
44341,2026,36.851,73.2283,19.4222,21.0485,3.6165,1.1473,57.1021,124.4887
44461,2023,46.351,54.3689,36.5611,3.7436,3.6281,1.1783,80.1925,68.7364
44461,2024,46.7391,61.7647,28.8399,2.0628,3.6101,1.1645,82.1307,68.7364
44461,2025,46.7391,61.7647,35.8892,2.1056,2.5478,1.1645,82.1307,68.7364
44461,2026,46.7391,61.7647,35.8892,2.1056,2.6455,1.1645,82.1307,68.7364
44462,2023,42.1093,38.9313,24.7362,59.5083,4.6964,1.1833,90.3782,118.1869
44462,2024,43.0433,38.1295,28.0955,87.4784,3.6975,1.1441,92.4412,118.1869
44462,2025,43.0433,38.1295,27.6325,86.1732,3.4389,1.1441,92.4412,118.1869
44462,2026,43.0433,38.1295,27.6325,86.1732,3.4355,1.1441,92.4412,118.1869
45201,2023,29.5643,16.6291,30.1406,3.6084,4.156,1.0118,99.6056,402.6768
45201,2024,32.4895,21.821,30.4455,5.4958,4.1544,1.0195,99.6462,402.6768
45201,2025,32.4895,21.821,17.3182,5.289,4.0854,1.0195,99.6462,402.6768
45201,2026,32.4895,21.821,17.3182,5.289,4.2386,1.0195,99.6462,402.6768
45202,2023,45.7518,39.6444,8.7934,3.1729,4.0743,1.0754,78.5867,223.3842
45202,2024,44.7095,41.7118,8.5887,2.066,3.9705,1.0836,76.7731,223.3842
45202,2025,44.7095,41.7118,8.3338,3.5472,4.164,1.0836,76.7731,223.3842
45202,2026,44.7095,41.7118,8.3338,3.5472,4.0845,1.0836,76.7731,223.3842
45203,2023,39.9404,51.0131,13.9184,6.4318,4.2598,0.9833,73.1523,216.0544
45203,2024,42.4376,55.0827,13.6499,4.0564,4.0973,1.0176,75.9623,216.0544
45203,2025,42.4376,55.0827,10.9718,0.9729,4.2114,1.0176,75.9623,216.0544
45203,2026,42.4376,55.0827,10.9718,0.9729,4.212,1.0176,75.9623,216.0544
45204,2023,37.0017,82.7586,16.8637,18.4426,3.7845,1.2015,92.0202,276.0607
45204,2024,40.2425,81.6949,15.0647,28.9935,4.0553,1.1985,87.6889,276.0607
45204,2025,40.2425,81.6949,15.4702,23.825,4.0464,1.1985,87.6889,276.0607
45204,2026,40.2425,81.6949,15.4702,23.825,3.6971,1.1985,87.6889,276.0607
45205,2023,41.6688,63.1387,13.4859,3.6712,3.7862,1.1445,68.88,213.528
45205,2024,41.36,62.8692,11.9335,2.9846,3.4424,1.0883,62.8726,213.528
45205,2025,41.36,62.8692,13.2753,2.7062,4.0225,1.0883,62.8726,213.528
45205,2026,41.36,62.8692,13.2753,2.7062,3.7904,1.0883,62.8726,213.528
45206,2023,34.4046,71.3158,16.4428,0.6194,2.7535,1.0448,77.4541,180.165
45206,2024,34.9564,88.1503,15.9157,1.2996,2.7594,1.0589,76.678,180.165
45206,2025,34.9564,88.1503,16.1347,3.9528,3.1519,1.0589,76.678,180.165
45206,2026,34.9564,88.1503,16.1347,3.9528,3.1397,1.0589,76.678,180.165
45207,2023,36.5731,70.7965,12.6432,2.9622,3.1573,1.1401,100.0589,206.0035
45207,2024,37.6721,48.0392,10.9964,39.6272,3.2334,1.0924,102.9243,206.0035
45207,2025,37.6721,48.0392,9.4097,30.2875,3.1882,1.0924,102.9243,206.0035
45207,2026,37.6721,48.0392,9.4097,30.2875,3.0554,1.0924,102.9243,206.0035
45208,2023,33.5055,71.3004,13.1566,48.0872,4.1517,1.0278,90.0682,200.9215
45208,2024,36.037,74.8918,17.0378,29.532,3.915,1.0379,84.2017,200.9215
45208,2025,36.037,74.8918,14.7709,24.9781,3.5561,1.0379,84.2017,200.9215
45208,2026,36.037,74.8918,14.7709,24.9781,3.948,1.0379,84.2017,200.9215
45209,2023,41.9021,76.3158,12.4795,1.5437,3.991,1.1245,99.723,166.205
45209,2024,43.356,73.3333,13.1486,0.0786,3.942,1.1305,114.1227,166.205
45209,2025,43.356,73.3333,13.8812,0.4798,3.9133,1.1305,114.1227,166.205
45209,2026,43.356,73.3333,13.8812,0.4798,4.3478,1.1305,114.1227,166.205
45341,2023,42.1818,74.4,22.424,25.9034,4.2045,1.0417,61.5574,92.3361
45341,2024,43.834,70.7965,21.3919,38.233,4.2627,1.0215,57.9643,92.3361
45341,2025,43.834,70.7965,20.2752,33.8907,3.9739,1.0215,57.9643,92.3361
45341,2026,43.834,70.7965,20.2752,33.8907,4.4551,1.0215,57.9643,92.3361
45361,2023,41.4358,94.2029,11.6743,93.0196,3.1974,1.084,79.2034,67.8887
45361,2024,38.6405,92.8571,8.9451,88.9634,3.2864,1.1069,81.4901,67.8887
45361,2025,38.6405,92.8571,12.5343,79.9741,3.2688,1.1069,81.4901,67.8887
45361,2026,38.6405,92.8571,12.5343,79.9741,3.2622,1.1069,81.4901,67.8887
45382,2023,37.6101,73.8372,29.4206,0.0,2.7661,0.9474,74.8863,144.4236
45382,2024,46.3057,71.6981,37.5476,0.0,3.0663,1.0021,76.0663,144.4236
45382,2025,46.3057,71.6981,34.7768,0.0,3.5256,1.0021,76.0663,144.4236
45382,2026,46.3057,71.6981,34.7768,0.0,3.8033,1.0021,76.0663,144.4236
45383,2023,46.4412,68.9189,32.5773,0.0,4.3253,0.9764,70.9925,70.9925
45383,2024,48.7179,81.1594,32.8141,7.2614,3.8745,0.8986,57.6286,70.9925
45383,2025,48.7179,81.1594,29.5775,51.201,3.3531,0.8986,57.6286,70.9925
45383,2026,48.7179,81.1594,29.5775,51.201,3.675,0.8986,57.6286,70.9925
45401,2023,41.3425,82.9932,14.7858,1.168,3.1312,1.0798,106.4423,192.6099
45401,2024,44.8607,89.759,16.5464,12.2334,2.6874,1.0146,107.7034,192.6099
45401,2025,44.8607,89.759,18.7087,12.012,3.1157,1.0146,107.7034,192.6099
45401,2026,44.8607,89.759,18.7087,12.012,3.1587,1.0146,107.7034,192.6099
45402,2023,39.5341,47.3282,26.673,0.0,2.9767,1.0086,76.9777,59.2136
45402,2024,39.4277,54.6763,34.4469,9.7742,2.8974,1.0554,77.7605,59.2136
45402,2025,39.4277,54.6763,25.1435,9.4646,2.5042,1.0554,77.7605,59.2136
45402,2026,39.4277,54.6763,25.1435,9.4646,2.921,1.0554,77.7605,59.2136
45403,2023,72.4868,60.0,46.1538,0.0,2.2727,1.1923,372.7866,186.3933
45403,2024,81.0345,100.0,50.4425,0.0,3.6145,1.3218,293.8296,186.3933
45403,2025,81.0345,100.0,46.8468,0.0,1.3699,1.3218,293.8296,186.3933
45403,2026,81.0345,100.0,46.8468,0.0,1.4925,1.3218,293.8296,186.3933
45404,2023,49.1124,56.9231,14.4558,0.0,6.235,1.0843,122.2494,20.3749
45404,2024,49.4451,37.5,13.8889,0.0,5.1151,1.0229,124.5589,20.3749
45404,2025,49.4451,37.5,15.8607,35.4343,4.3243,1.0229,124.5589,20.3749
45404,2026,49.4451,37.5,15.8607,35.4343,6.0606,1.0229,124.5589,20.3749
45405,2023,39.2164,65.493,17.6471,2.0012,2.8749,0.9777,52.9977,178.8672
45405,2024,40.7805,63.7795,18.1818,0.0,2.834,1.0356,46.8855,178.8672
45405,2025,40.7805,63.7795,17.2453,0.0,2.381,1.0356,46.8855,178.8672
45405,2026,40.7805,63.7795,17.2453,0.0,3.664,1.0356,46.8855,178.8672
45406,2023,46.5721,62.3853,19.2947,17.4201,2.1786,0.9325,58.4681,116.9363
45406,2024,47.6663,66.3265,18.3526,47.0862,2.8313,0.9375,59.125,116.9363
45406,2025,47.6663,66.3265,17.5391,56.9249,3.5024,0.9375,59.125,116.9363
45406,2026,47.6663,66.3265,17.5391,56.9249,2.8351,0.9375,59.125,116.9363
45421,2023,30.4379,89.1667,12.0698,15.1595,4.0146,1.104,34.5125,189.8188
45421,2024,33.6782,88.2353,10.9566,18.5299,4.2773,1.0163,34.8068,189.8188
45421,2025,33.6782,88.2353,11.5006,7.1206,4.3375,1.0163,34.8068,189.8188
45421,2026,33.6782,88.2353,11.5006,7.1206,4.5864,1.0163,34.8068,189.8188
45429,2023,76.4925,67.8571,35.503,20.1754,4.0268,0.9294,133.4223,133.4223
45429,2024,79.8387,68.0,33.1288,13.4048,4.2254,0.9764,205.7613,133.4223
45429,2025,79.8387,68.0,48.6486,18.5185,3.7037,0.9764,205.7613,133.4223
45429,2026,79.8387,68.0,48.6486,18.5185,3.7879,0.9764,205.7613,133.4223
45430,2023,67.1186,48.6486,47.4747,2634.0448,1.4388,0.8624,77.3395,116.0093
45430,2024,66.2214,69.0476,49.2997,3091.15,2.2472,0.868,79.9361,116.0093
45430,2025,66.2214,69.0476,49.2163,2866.9599,2.1978,0.868,79.9361,116.0093
45430,2026,66.2214,69.0476,49.2163,2866.9599,1.4981,0.868,79.9361,116.0093
45431,2023,66.6971,95.5224,30.888,0.0,3.3835,1.08,123.9926,123.9926
45431,2024,66.6996,102.9851,26.3889,0.0,3.5857,1.1828,149.6686,123.9926
45431,2025,66.6996,102.9851,25.6858,0.0,3.8776,1.1828,149.6686,123.9926
45431,2026,66.6996,102.9851,25.6858,0.0,3.3126,1.1828,149.6686,123.9926
45441,2023,56.3243,84.0,30.9599,87.0201,2.4431,1.0283,44.1423,185.3977
45441,2024,58.6191,83.4862,31.7639,75.2822,3.0675,1.1107,45.2981,185.3977
45441,2025,58.6191,83.4862,32.6038,66.0532,2.917,1.1107,45.2981,185.3977
45441,2026,58.6191,83.4862,32.6038,66.0532,3.3962,1.1107,45.2981,185.3977
45442,2023,67.9296,84.2105,42.5887,11.8081,4.2821,1.1543,55.6793,111.3586
45442,2024,64.9709,83.3333,39.693,30.2001,3.0691,1.2932,57.3888,111.3586
45442,2025,64.9709,83.3333,34.9425,32.1224,2.459,1.2932,57.3888,111.3586
45442,2026,64.9709,83.3333,34.9425,32.1224,3.0387,1.2932,57.3888,111.3586
45443,2023,54.6985,73.3333,36.5714,23.2745,2.1978,1.0649,28.547,57.0939
45443,2024,51.1211,85.2941,36.689,34.1564,1.7442,1.0454,29.5421,57.0939
45443,2025,51.1211,85.2941,35.123,12.3404,1.8405,1.0454,29.5421,57.0939
45443,2026,51.1211,85.2941,35.123,12.3404,2.2436,1.0454,29.5421,57.0939
46201,2023,34.4513,27.0539,9.4677,16.0903,5.076,1.2264,89.657,457.8194
46201,2024,34.1283,25.4611,9.8735,15.5501,5.0871,1.2175,90.4138,457.8194
46201,2025,34.1283,25.4611,9.3602,19.0077,5.2049,1.2175,90.4138,457.8194
46201,2026,34.1283,25.4611,9.3602,19.0077,5.1783,1.2175,90.4138,457.8194
46203,2023,36.503,56.2197,13.9862,7.2141,4.6892,1.0685,71.452,222.295
46203,2024,37.2375,58.1059,12.7036,7.2418,4.5237,1.0652,71.2465,222.295
46203,2025,37.2375,58.1059,11.749,8.9017,4.3264,1.0652,71.2465,222.295
46203,2026,37.2375,58.1059,11.749,8.9017,4.2826,1.0652,71.2465,222.295
46204,2023,43.4326,28.4848,11.6556,1.6186,4.2916,1.2276,65.9396,268.8308
46204,2024,42.9815,34.3949,11.7053,43.6369,3.9387,1.2394,67.5851,268.8308
46204,2025,42.9815,34.3949,11.1376,12.8168,4.186,1.2394,67.5851,268.8308
46204,2026,42.9815,34.3949,11.1376,12.8168,4.1237,1.2394,67.5851,268.8308
46206,2023,50.2847,63.0872,20.2777,10.7293,4.0346,1.2514,84.5934,269.6415
46206,2024,50.6521,45.6376,19.2458,21.0768,3.4584,1.2385,80.9149,269.6415
46206,2025,50.6521,45.6376,21.0115,13.6707,2.8676,1.2385,80.9149,269.6415
46206,2026,50.6521,45.6376,21.0115,13.6707,3.1111,1.2385,80.9149,269.6415
46208,2023,44.2954,34.5178,20.6315,3.0417,4.2558,1.1689,80.4736,187.7718
46208,2024,43.6257,43.8547,21.6769,4.0292,4.0516,1.1659,79.1766,187.7718
46208,2025,43.6257,43.8547,19.3506,1.6658,4.0388,1.1659,79.1766,187.7718
46208,2026,43.6257,43.8547,19.3506,1.6658,4.0,1.1659,79.1766,187.7718
46210,2023,42.0292,44.7471,14.7446,24.5182,3.6702,1.2007,93.5381,291.0074
46210,2024,40.968,51.6529,15.5668,22.8211,3.5324,1.1724,92.2996,291.0074
46210,2025,40.968,51.6529,15.4847,28.8246,3.9965,1.1724,92.2996,291.0074
46210,2026,40.968,51.6529,15.4847,28.8246,3.9589,1.1724,92.2996,291.0074
46213,2023,48.85,41.7178,12.466,19.0653,4.8387,0.9402,41.6175,228.8964
46213,2024,43.056,82.0755,11.7647,19.4863,4.7096,0.9939,34.9748,228.8964
46213,2025,43.056,82.0755,10.8612,28.5062,4.3689,0.9939,34.9748,228.8964
46213,2026,43.056,82.0755,10.8612,28.5062,4.3624,0.9939,34.9748,228.8964
46214,2023,50.4961,83.5052,7.688,2.1707,4.499,1.2493,58.7199,161.4797
46214,2024,47.9722,77.7778,8.4404,0.5047,4.5646,1.2607,60.3409,161.4797
46214,2025,47.9722,77.7778,7.9492,0.0,4.0609,1.2607,60.3409,161.4797
46214,2026,47.9722,77.7778,7.9492,0.0,4.3215,1.2607,60.3409,161.4797
46215,2023,51.426,37.1667,14.7349,8.7602,4.2295,1.1937,105.1513,251.496
46215,2024,50.3199,40.2904,14.7264,22.3307,4.1023,1.1816,104.8699,251.496
46215,2025,50.3199,40.2904,14.8389,38.2628,3.8903,1.1816,104.8699,251.496
46215,2026,50.3199,40.2904,14.8389,38.2628,4.0361,1.1816,104.8699,251.496
46216,2023,52.8181,56.9014,19.0248,28.1853,2.9862,1.2062,85.1209,206.4181
46216,2024,49.7219,60.9467,18.9782,10.1023,3.1138,1.2308,87.9036,206.4181
46216,2025,49.7219,60.9467,19.0545,14.3454,3.463,1.2308,87.9036,206.4181
46216,2026,49.7219,60.9467,19.0545,14.3454,3.8838,1.2308,87.9036,206.4181
46217,2023,40.8465,51.4768,18.3068,41.2749,3.8241,1.1532,71.4286,127.9762
46217,2024,39.6145,52.4272,18.6534,26.7495,3.9692,1.1956,69.807,127.9762
46217,2025,39.6145,52.4272,19.1581,32.4826,3.9078,1.1956,69.807,127.9762
46217,2026,39.6145,52.4272,19.1581,32.4826,3.8832,1.1956,69.807,127.9762
46218,2023,45.9654,63.7536,12.8316,51.8708,4.0328,1.1931,78.5565,185.1689
46218,2024,47.8049,64.1256,11.8247,8.8925,4.0336,1.1938,77.4325,185.1689
46218,2025,47.8049,64.1256,11.5133,8.2211,4.0716,1.1938,77.4325,185.1689
46218,2026,47.8049,64.1256,11.5133,8.2211,3.8143,1.1938,77.4325,185.1689
46219,2023,56.0988,63.7209,23.6748,37.8886,3.8802,1.4119,98.2318,200.2418
46219,2024,55.1634,66.0256,23.4568,12.532,4.0917,1.3716,99.4378,200.2418
46219,2025,55.1634,66.0256,22.8086,3.4657,3.5221,1.3716,99.4378,200.2418
46219,2026,55.1634,66.0256,22.8086,3.4657,3.4743,1.3716,99.4378,200.2418
46220,2023,55.4318,30.4762,25.9573,15.4692,3.1511,1.3035,108.4296,219.9572
46220,2024,52.5998,34.0824,25.3896,3.814,3.3256,1.2854,107.1879,219.9572
46220,2025,52.5998,34.0824,23.4433,4.7492,3.8342,1.2854,107.1879,219.9572
46220,2026,52.5998,34.0824,23.4433,4.7492,3.7952,1.2854,107.1879,219.9572
46221,2023,45.0857,67.6349,23.2148,42.7324,3.8224,1.0745,83.8701,124.1278
46221,2024,44.1609,69.7368,21.8378,16.6324,3.5261,1.1139,82.2115,124.1278
46221,2025,44.1609,69.7368,23.1049,11.6974,3.7938,1.1139,82.2115,124.1278
46221,2026,44.1609,69.7368,23.1049,11.6974,3.7991,1.1139,82.2115,124.1278
46222,2023,36.012,66.0256,17.5732,331.0954,6.1636,0.9926,93.5925,285.5772
46222,2024,38.5369,63.3846,18.8591,153.1033,5.8894,1.0172,80.5566,285.5772
46222,2025,38.5369,63.3846,18.9615,159.7432,5.5372,1.0172,80.5566,285.5772
46222,2026,38.5369,63.3846,18.9615,159.7432,5.7752,1.0172,80.5566,285.5772
46223,2023,50.7753,50.0,23.0506,73.2462,3.2523,1.2282,91.617,186.288
46223,2024,49.8548,53.4884,22.4879,36.6465,3.2227,1.2357,87.2845,186.288
46223,2025,49.8548,53.4884,22.2168,25.9493,3.5076,1.2357,87.2845,186.288
46223,2026,49.8548,53.4884,22.2168,25.9493,3.7897,1.2357,87.2845,186.288
46224,2023,43.1874,61.8834,11.3924,262.1681,3.2623,1.149,87.6205,216.965
46224,2024,44.1121,57.6355,10.5546,253.3151,3.4696,1.1254,89.955,216.965
46224,2025,44.1121,57.6355,10.0697,280.3619,3.9315,1.1254,89.955,216.965
46224,2026,44.1121,57.6355,10.0697,280.3619,3.5487,1.1254,89.955,216.965
46225,2023,49.1535,45.1404,12.9472,6.8768,3.4832,1.2226,80.6896,190.8373
46225,2024,49.4104,51.7316,12.1148,8.9297,3.3235,1.2309,83.1011,190.8373
46225,2025,49.4104,51.7316,12.22,7.1216,3.2867,1.2309,83.1011,190.8373
46225,2026,49.4104,51.7316,12.22,7.1216,3.3692,1.2309,83.1011,190.8373
46303,2023,52.7778,14.2857,16.6667,0.0,4.3478,0.9028,1084.0108,0.0
46303,2024,55.8824,11.1111,15.2542,0.0,4.5455,1.154,1098.9011,0.0
46303,2025,55.8824,11.1111,24.5283,0.0,4.5455,1.154,1098.9011,0.0
46303,2026,55.8824,11.1111,24.5283,0.0,0.0,1.154,1098.9011,0.0
46304,2023,79.7101,78.9474,44.0367,175.0,0.0,1.0884,1065.449,0.0
46304,2024,79.5775,50.0,44.4444,329.2683,0.0,1.1406,1051.0511,0.0
46304,2025,79.5775,50.0,31.4286,300.4926,3.2258,1.1406,1051.0511,0.0
46304,2026,79.5775,50.0,31.4286,300.4926,3.125,1.1406,1051.0511,0.0
46392,2023,67.2947,67.2619,25.3593,0.0,2.2778,1.2166,102.3856,215.0097
46392,2024,66.1591,67.7632,25.332,0.146,2.0243,1.2519,99.1805,215.0097
46392,2025,66.1591,67.7632,25.5814,0.4452,2.9091,1.2519,99.1805,215.0097
46392,2026,66.1591,67.7632,25.5814,0.4452,2.6349,1.2519,99.1805,215.0097
46404,2023,48.5403,25.7143,26.7538,0.0,3.9735,1.2957,91.7525,50.9736
46404,2024,46.2404,39.726,25.7225,0.0,3.5556,1.3325,93.332,50.9736
46404,2025,46.2404,39.726,23.4043,0.0,3.413,1.3325,93.332,50.9736
46404,2026,46.2404,39.726,23.4043,0.0,4.2353,1.3325,93.332,50.9736
46452,2023,50.0873,65.0,16.8728,0.0,4.5662,1.1833,91.954,114.9425
46452,2024,52.6708,67.0588,15.8698,0.0,4.5349,1.1046,94.5291,114.9425
46452,2025,52.6708,67.0588,18.2952,0.0,5.3659,1.1046,94.5291,114.9425
46452,2026,52.6708,67.0588,18.2952,0.0,4.5872,1.1046,94.5291,114.9425
46468,2023,41.3983,68.2927,23.1515,0.0,4.4406,1.0242,64.5265,40.3291
46468,2024,43.2104,73.7374,22.9193,0.0,4.6875,1.1311,57.6511,40.3291
46468,2025,43.2104,73.7374,22.4337,7.9461,5.3249,1.1311,57.6511,40.3291
46468,2026,43.2104,73.7374,22.4337,7.9461,5.3774,1.1311,57.6511,40.3291
46482,2023,55.2941,75.3623,12.8601,0.0,4.2831,1.124,138.2488,92.1659
46482,2024,55.8367,65.4321,11.7264,1.8917,4.1353,1.1214,123.9733,92.1659
46482,2025,55.8367,65.4321,11.5974,6.427,3.125,1.1214,123.9733,92.1659
46482,2026,55.8367,65.4321,11.5974,6.427,4.4177,1.1214,123.9733,92.1659
46490,2023,64.751,62.931,26.5527,12.6507,3.8304,1.1547,150.6024,150.6024
46490,2024,61.2903,62.069,25.3398,44.345,3.5361,1.2238,156.2744,150.6024
46490,2025,61.2903,62.069,27.0988,48.3163,3.7202,1.2238,156.2744,150.6024
46490,2026,61.2903,62.069,27.0988,48.3163,2.8232,1.2238,156.2744,150.6024
46491,2023,61.7727,58.2418,32.2827,36.9704,4.3417,1.1513,125.7071,62.8536
46491,2024,61.8195,56.1798,28.8843,66.2143,3.2303,1.1674,129.8069,62.8536
46491,2025,61.8195,56.1798,29.3651,61.242,3.4286,1.1674,129.8069,62.8536
46491,2026,61.8195,56.1798,29.3651,61.242,2.489,1.1674,129.8069,62.8536
46492,2023,47.4227,67.3203,19.3133,4.2116,4.9605,1.1348,63.1978,168.5275
46492,2024,50.577,68.75,19.1024,11.1754,4.9265,1.167,64.5439,168.5275
46492,2025,50.577,68.75,19.3451,0.0,4.481,1.167,64.5439,168.5275
46492,2026,50.577,68.75,19.3451,0.0,4.9373,1.167,64.5439,168.5275
46501,2023,44.1082,51.1364,16.2574,11.6541,5.7364,0.952,66.7646,53.4117
46501,2024,43.0432,50.7042,16.3748,123.7841,5.6162,1.0232,68.4838,53.4117
46501,2025,43.0432,50.7042,15.261,122.7282,4.16,1.0232,68.4838,53.4117
46501,2026,43.0432,50.7042,15.261,122.7282,4.16,1.0232,68.4838,53.4117
46502,2023,48.4277,60.6061,17.1359,1.054,2.381,0.9666,55.9388,74.5851
46502,2024,45.6376,52.8302,16.5365,2.6681,2.1654,1.0489,56.7322,74.5851
46502,2025,45.6376,52.8302,18.7228,16.2911,2.3952,1.0489,56.7322,74.5851
46502,2026,45.6376,52.8302,18.7228,16.2911,2.4145,1.0489,56.7322,74.5851
46505,2023,41.5254,42.5197,14.7564,10.3331,4.0506,1.0824,93.8246,127.9427
46505,2024,38.6814,33.6364,14.4094,23.1646,3.9861,1.069,94.9012,127.9427
46505,2025,38.6814,33.6364,14.0041,21.1627,3.9533,1.069,94.9012,127.9427
46505,2026,38.6814,33.6364,14.0041,21.1627,3.484,1.069,94.9012,127.9427
46523,2023,35.7143,22.2222,,101.0587,5.1095,0.8614,212.1641,70.7214
46523,2024,38.9313,26.6667,20.6897,80.3485,4.2553,1.0363,212.3142,70.7214
46523,2025,38.9313,26.6667,19.7917,99.0196,4.2553,1.0363,212.3142,70.7214
46523,2026,38.9313,26.6667,19.7917,99.0196,6.6176,1.0363,212.3142,70.7214
46524,2023,55.0769,42.1053,15.0235,159.583,4.0201,0.6634,120.9921,0.0
46524,2024,53.9735,60.0,14.7368,189.2333,3.5714,0.8168,184.7291,0.0
46524,2025,53.9735,60.0,20.5714,23.1405,5.6701,0.8168,184.7291,0.0
46524,2026,53.9735,60.0,20.5714,23.1405,7.4074,0.8168,184.7291,0.0
46525,2023,35.8343,58.3333,18.7299,27.4688,5.2758,1.1492,118.4553,201.3741
46525,2024,39.777,26.4368,19.1002,39.795,4.7393,1.0751,120.5691,201.3741
46525,2025,39.777,26.4368,17.7876,39.1645,5.1559,1.0751,120.5691,201.3741
46525,2026,39.777,26.4368,17.7876,39.1645,4.7853,1.0751,120.5691,201.3741
46527,2023,38.4464,14.8148,16.1928,1133.0625,4.2424,0.9942,132.9566,33.2392
46527,2024,33.7337,71.7949,12.1402,1271.7391,4.898,0.9612,133.4668,33.2392
46527,2025,33.7337,71.7949,16.0112,1269.1726,4.1237,0.9612,133.4668,33.2392
46527,2026,33.7337,71.7949,16.0112,1269.1726,4.2105,0.9612,133.4668,33.2392
46529,2023,44.2838,43.0233,17.8095,139.313,4.539,0.9389,45.6969,45.6969
46529,2024,40.9597,46.0526,15.0548,215.4506,4.023,0.9764,46.8019,45.6969
46529,2025,40.9597,46.0526,17.3913,71.7838,4.3091,0.9764,46.8019,45.6969
46529,2026,40.9597,46.0526,17.3913,71.7838,4.6828,0.9764,46.8019,45.6969
46530,2023,39.4954,20.0,16.5743,0.0,4.3812,1.0179,38.8727,184.6453
46530,2024,38.0639,9.8901,16.3615,93.9495,3.821,0.9344,39.7338,184.6453
46530,2025,38.0639,9.8901,17.5979,22.843,3.2751,0.9344,39.7338,184.6453
46530,2026,38.0639,9.8901,17.5979,22.843,3.1146,0.9344,39.7338,184.6453
46531,2023,44.9111,49.4505,14.908,67.6027,3.3333,1.0983,53.6001,53.6001
46531,2024,39.3162,43.9394,15.8784,75.6347,3.8113,1.039,54.1126,53.6001
46531,2025,39.3162,43.9394,16.0981,22.2812,3.3989,1.039,54.1126,53.6001
46531,2026,39.3162,43.9394,16.0981,22.2812,2.9877,1.039,54.1126,53.6001
46532,2023,56.2158,36.6071,18.69,102.6536,3.864,1.1024,47.1624,15.7208
46532,2024,43.3065,1.1905,20.7123,45.7143,4.8896,1.0676,48.3715,15.7208
46532,2025,43.3065,1.1905,19.778,332.2989,5.1864,1.0676,48.3715,15.7208
46532,2026,43.3065,1.1905,19.778,332.2989,3.0547,1.0676,48.3715,15.7208
46533,2023,61.0256,44.3478,30.6507,92.808,5.5821,0.9942,63.5324,79.4155
46533,2024,57.9228,45.098,27.1062,84.8717,6.3694,0.9342,65.0407,79.4155
46533,2025,57.9228,45.098,28.9395,75.4671,6.4189,0.9342,65.0407,79.4155
46533,2026,57.9228,45.098,28.9395,75.4671,4.9743,0.9342,65.0407,79.4155
46534,2023,49.1116,55.5556,21.8868,316.4391,5.6572,1.0191,70.9975,141.995
46534,2024,51.149,73.9726,23.692,314.4688,5.3512,1.1053,72.6085,141.995
46534,2025,51.149,73.9726,21.3723,283.0688,6.0403,1.1053,72.6085,141.995
46534,2026,51.149,73.9726,21.3723,283.0688,5.6799,1.1053,72.6085,141.995
46535,2023,45.012,56.8807,17.4573,274.8438,2.714,0.832,59.0784,98.464
46535,2024,47.502,55.3571,17.6703,288.4453,3.1381,0.827,59.1017,98.464
46535,2025,47.502,55.3571,16.4163,290.9755,4.9145,0.827,59.1017,98.464
46535,2026,47.502,55.3571,16.4163,290.9755,3.3613,0.827,59.1017,98.464
47201,2023,30.2427,47.4895,14.4991,0.6643,5.9917,1.0654,85.4809,271.5831
47201,2024,31.3231,60.0956,15.9997,1.9327,5.9305,1.0576,83.3637,271.5831
47201,2025,31.3231,60.0956,17.1097,1.4034,6.3693,1.0576,83.3637,271.5831
47201,2026,31.3231,60.0956,17.1097,1.4034,6.2433,1.0576,83.3637,271.5831
47205,2023,35.968,57.2215,15.9987,5.5871,5.0709,0.9998,49.8659,101.7264
47205,2024,38.3695,60.2721,16.763,10.5215,4.9584,0.9964,49.8395,101.7264
47205,2025,38.3695,60.2721,16.3568,12.1506,4.798,0.9964,49.8395,101.7264
47205,2026,38.3695,60.2721,16.3568,12.1506,5.064,0.9964,49.8395,101.7264
47207,2023,33.8613,43.0804,0.2261,3.8594,4.7341,0.9257,60.5694,187.765
47207,2024,37.9398,55.9055,6.4037,12.2192,5.0117,0.8836,59.7717,187.765
47207,2025,37.9398,55.9055,6.7253,29.6189,4.8731,0.8836,59.7717,187.765
47207,2026,37.9398,55.9055,6.7253,29.6189,4.7719,0.8836,59.7717,187.765
47208,2023,30.4389,62.9921,13.6233,0.5085,4.9242,1.0772,71.736,278.3012
47208,2024,29.9612,63.7011,14.6742,0.0947,4.5341,1.0523,73.5644,278.3012
47208,2025,29.9612,63.7011,15.2781,0.3444,4.5072,1.0523,73.5644,278.3012
47208,2026,29.9612,63.7011,15.2781,0.3444,4.7546,1.0523,73.5644,278.3012
47209,2023,37.6857,68.2,12.51,0.2,6.0534,1.0798,69.9953,270.6486
47209,2024,38.3158,67.4468,11.1985,0.0,6.0,1.0403,69.7091,270.6486
47209,2025,38.3158,67.4468,11.4266,4.3711,6.3539,1.0403,69.7091,270.6486
47209,2026,38.3158,67.4468,11.4266,4.3711,6.2423,1.0403,69.7091,270.6486
47210,2023,35.5659,72.3077,12.997,0.0,5.4054,1.1481,46.3488,139.0465
47210,2024,37.1039,70.3297,13.0052,0.0,5.3356,1.1308,47.918,139.0465
47210,2025,37.1039,70.3297,15.038,0.0,5.5718,1.1308,47.918,139.0465
47210,2026,37.1039,70.3297,15.038,0.0,5.3871,1.1308,47.918,139.0465
47211,2023,30.9929,56.8008,22.7439,3.4051,6.3167,1.0029,55.369,278.247
47211,2024,32.1646,63.8837,24.1263,3.8616,6.2864,0.9721,57.6316,278.247
47211,2025,32.1646,63.8837,23.3444,4.9564,6.5251,0.9721,57.6316,278.247
47211,2026,32.1646,63.8837,23.3444,4.9564,6.5115,0.9721,57.6316,278.247
47212,2023,31.8739,74.7093,11.3924,1.8544,,1.0746,65.197,410.8924
47212,2024,32.801,71.3816,12.8238,2.5455,,1.065,63.5391,410.8924
47212,2025,32.801,71.3816,12.6163,2.4042,,1.065,63.5391,410.8924
47212,2026,32.801,71.3816,12.6163,2.4042,,1.065,63.5391,410.8924
47213,2023,28.9154,59.6907,11.5,0.4023,6.3291,0.9702,39.691,235.7648
47213,2024,30.2939,70.0212,13.0661,1.0107,6.3277,0.9765,43.4731,235.7648
47213,2025,30.2939,70.0212,14.067,1.9168,6.5134,0.9765,43.4731,235.7648
47213,2026,30.2939,70.0212,14.067,1.9168,6.5475,0.9765,43.4731,235.7648
47214,2023,38.9572,76.5799,7.9316,0.0,5.4963,0.8924,75.5912,176.3795
47214,2024,39.3089,81.5534,9.1236,0.0,5.5492,0.9045,71.7824,176.3795
47214,2025,39.3089,81.5534,11.0626,0.0,4.9874,0.9045,71.7824,176.3795
47214,2026,39.3089,81.5534,11.0626,0.0,5.4562,0.9045,71.7824,176.3795
47215,2023,41.4178,74.734,16.9041,3.1465,,1.0146,37.0145,41.3691
47215,2024,40.8928,76.5027,16.8343,17.9253,,0.9916,34.4397,41.3691
47215,2025,40.8928,76.5027,19.0126,20.0769,,0.9916,34.4397,41.3691
47215,2026,40.8928,76.5027,19.0126,20.0769,,0.9916,34.4397,41.3691
47301,2023,54.8134,100.0,20.5736,0.0,,1.0497,66.6075,44.405
47301,2024,53.7267,98.7013,19.464,0.0,,1.024,66.4894,44.405
47301,2025,53.7267,98.7013,20.3883,0.0,,1.024,66.4894,44.405
47301,2026,53.7267,98.7013,20.3883,0.0,,1.024,66.4894,44.405
47302,2023,50.4202,95.9184,16.9872,27.5534,,0.9427,131.406,32.8515
47302,2024,49.4964,87.7551,15.5026,38.7707,,0.901,133.9136,32.8515
47302,2025,49.4964,87.7551,18.8713,18.6424,,0.901,133.9136,32.8515
47302,2026,49.4964,87.7551,18.8713,18.6424,,0.901,133.9136,32.8515
47303,2023,65.9817,80.0,19.8847,1186.3406,,1.2095,57.0776,114.1553
47303,2024,65.4206,68.8889,50.0,1238.8316,,1.0815,57.7034,114.1553
47303,2025,65.4206,68.8889,20.1278,1344.5017,,1.0815,57.7034,114.1553
47303,2026,65.4206,68.8889,20.1278,1344.5017,,1.0815,57.7034,114.1553
47306,2023,33.9623,70.5263,11.7907,23.4196,,1.0783,21.3584,64.0752
47306,2024,36.837,76.3441,13.9055,60.1183,,1.0494,21.5378,64.0752
47306,2025,36.837,76.3441,13.8483,98.8649,,1.0494,21.5378,64.0752
47306,2026,36.837,76.3441,13.8483,98.8649,,1.0494,21.5378,64.0752
47308,2023,40.8661,48.6842,14.5316,1.5752,,1.0429,30.7645,161.5136
47308,2024,38.778,46.6102,13.6062,1.0862,,1.0525,30.8404,161.5136
47308,2025,38.778,46.6102,12.7003,0.8458,,1.0525,30.8404,161.5136
47308,2026,38.778,46.6102,12.7003,0.8458,,1.0525,30.8404,161.5136
47311,2023,44.2716,71.0938,23.8005,0.0,,0.9011,35.4045,26.5534
47311,2024,44.6402,69.3878,23.0513,8.7191,,0.915,26.6383,26.5534
47311,2025,44.6402,69.3878,22.0183,19.9683,,0.915,26.6383,26.5534
47311,2026,44.6402,69.3878,22.0183,19.9683,,0.915,26.6383,26.5534
47313,2023,56.8138,61.9565,24.6243,0.0,,1.0728,31.7309,126.9237
47313,2024,53.4975,54.6667,22.7387,0.0,,0.8946,31.5507,126.9237
47313,2025,53.4975,54.6667,22.6817,14.241,,0.8946,31.5507,126.9237
47313,2026,53.4975,54.6667,22.6817,14.241,,0.8946,31.5507,126.9237
47314,2023,37.969,75.8065,22.291,4.9721,,1.0829,61.13,174.6572
47314,2024,37.6025,69.3069,18.2829,3.7588,,1.1438,61.1247,174.6572
47314,2025,37.6025,69.3069,17.5219,2.9855,,1.1438,61.1247,174.6572
47314,2026,37.6025,69.3069,17.5219,2.9855,,1.1438,61.1247,174.6572
47315,2023,50.4164,54.902,24.3068,0.0,,1.1908,45.8085,45.8085
47315,2024,51.3017,37.1429,25.979,0.0,,1.1122,46.5658,45.8085
47315,2025,51.3017,37.1429,22.9249,60.8457,,1.1122,46.5658,45.8085
47315,2026,51.3017,37.1429,22.9249,60.8457,,1.1122,46.5658,45.8085
47324,2023,33.599,74.7093,17.9563,0.0,,0.9195,47.5726,38.0581
47324,2024,38.8582,79.5455,21.4212,0.0,,0.8482,49.9287,38.0581
47324,2025,38.8582,79.5455,22.5624,0.0,,0.8482,49.9287,38.0581
47324,2026,38.8582,79.5455,22.5624,0.0,,0.8482,49.9287,38.0581
47325,2023,35.3496,23.9316,21.2422,0.0,,0.9198,22.8068,60.818
47325,2024,35.3072,41.8033,20.8404,0.0,,0.9878,30.6772,60.818
47325,2025,35.3072,41.8033,19.8729,0.0,,0.9878,30.6772,60.818
47325,2026,35.3072,41.8033,19.8729,0.0,,0.9878,30.6772,60.818
47326,2023,31.0845,55.8952,14.2364,0.0,,0.9547,44.7412,103.2489
47326,2024,32.5366,59.0717,16.1043,11.6199,,0.9262,48.1215,103.2489
47326,2025,32.5366,59.0717,16.838,8.5981,,0.9262,48.1215,103.2489
47326,2026,32.5366,59.0717,16.838,8.5981,,0.9262,48.1215,103.2489
47327,2023,43.6913,71.4976,21.0548,2.891,,0.8944,39.0277,724.7993
47327,2024,48.309,78.3784,20.427,3.5402,,0.9131,39.0342,724.7993
47327,2025,48.309,78.3784,23.2508,3.3122,,0.9131,39.0342,724.7993
47327,2026,48.309,78.3784,23.2508,3.3122,,0.9131,39.0342,724.7993
47328,2023,42.1539,76.2626,16.9333,1.8895,,1.0252,44.6249,517.6492
47328,2024,44.7015,74.359,19.7929,2.6256,,1.0118,44.2165,517.6492
47328,2025,44.7015,74.359,21.896,2.3394,,1.0118,44.2165,517.6492
47328,2026,44.7015,74.359,21.896,2.3394,,1.0118,44.2165,517.6492
47329,2023,34.949,65.5963,14.02,3.428,,1.0031,64.3753,1307.0981
47329,2024,40.3629,76.3485,9.1512,7.054,,1.0477,61.7007,1307.0981
47329,2025,40.3629,76.3485,16.326,10.1851,,1.0477,61.7007,1307.0981
47329,2026,40.3629,76.3485,16.326,10.1851,,1.0477,61.7007,1307.0981
47348,2023,49.0342,78.2051,27.044,0.0,,1.0538,39.994,169.9745
47348,2024,49.9613,80.137,26.8051,0.0,,1.0553,40.1405,169.9745
47348,2025,49.9613,80.137,24.2485,0.0,,1.0553,40.1405,169.9745
47348,2026,49.9613,80.137,24.2485,0.0,,1.0553,40.1405,169.9745
47350,2023,37.9337,87.5,17.1836,1.8587,,1.0372,71.3548,804.5864
47350,2024,38.0211,74.4939,17.4911,11.9093,,1.0394,71.0784,804.5864
47350,2025,38.0211,74.4939,18.9407,0.7036,,1.0394,71.0784,804.5864
47350,2026,38.0211,74.4939,18.9407,0.7036,,1.0394,71.0784,804.5864
47353,2023,64.9635,90.0,17.9487,0.0,,0.9274,143.8849,143.8849
47353,2024,68.2759,76.9231,22.4138,0.0,,0.7662,148.1481,143.8849
47353,2025,68.2759,76.9231,17.8218,0.0,,0.7662,148.1481,143.8849
47353,2026,68.2759,76.9231,17.8218,0.0,,0.7662,148.1481,143.8849
47354,2023,66.6667,75.0,28.3951,0.0,,1.0441,223.4637,223.4637
47354,2024,64.8551,90.0,27.1186,0.0,,0.9912,229.8851,223.4637
47354,2025,64.8551,90.0,28.8136,0.0,,0.9912,229.8851,223.4637
47354,2026,64.8551,90.0,28.8136,0.0,,0.9912,229.8851,223.4637
47355,2023,53.7815,35.2941,96.0,70.8155,,0.95,300.3003,150.1502
47355,2024,60.3604,58.3333,23.2877,36.6379,,0.8076,301.2048,150.1502
47355,2025,60.3604,58.3333,20.0,26.2009,,0.8076,301.2048,150.1502
47355,2026,60.3604,58.3333,20.0,26.2009,,0.8076,301.2048,150.1502
47356,2023,52.9412,100.0,18.8406,0.0,,1.204,315.4574,315.4574
47356,2024,57.5,,25.4237,0.0,,0.9328,333.3333,315.4574
47356,2025,57.5,,24.1379,0.0,,0.9328,333.3333,315.4574
47356,2026,57.5,,24.1379,0.0,,0.9328,333.3333,315.4574
47357,2023,65.5039,25.9259,16.6667,85.8726,,0.8858,82.6446,82.6446
47357,2024,64.5914,61.1111,15.8371,197.2414,,0.8405,81.6993,82.6446
47357,2025,64.5914,61.1111,11.7647,157.7503,,0.8405,81.6993,82.6446
47357,2026,64.5914,61.1111,11.7647,157.7503,,0.8405,81.6993,82.6446
47358,2023,53.7634,10.0,24.6575,0.0,,0.6504,184.5018,184.5018
47358,2024,64.5833,33.3333,31.3433,0.0,,0.7285,179.5332,184.5018
47358,2025,64.5833,33.3333,33.3333,0.0,,0.7285,179.5332,184.5018
47358,2026,64.5833,33.3333,33.3333,0.0,,0.7285,179.5332,184.5018
47359,2023,60.7843,95.3488,32.8704,0.0,,1.0588,82.4402,164.8805
47359,2024,57.2581,103.4483,27.9476,0.0,,1.0249,84.0336,164.8805
47359,2025,57.2581,103.4483,32.1429,0.0,,1.0249,84.0336,164.8805
47359,2026,57.2581,103.4483,32.1429,0.0,,1.0249,84.0336,164.8805
47360,2023,56.6343,87.5,22.4335,0.0,,1.0844,152.9052,0.0
47360,2024,53.7954,65.0,20.0,0.0,,0.9935,156.9859,0.0
47360,2025,53.7954,65.0,20.082,121.7391,,0.9935,156.9859,0.0
47360,2026,53.7954,65.0,20.082,121.7391,,0.9935,156.9859,0.0
47361,2023,39.3353,26.7857,13.2466,0.0,,0.9869,40.4694,80.9389
47361,2024,42.2086,74.7573,7.9835,0.0,,0.9599,41.2145,80.9389
47361,2025,42.2086,74.7573,15.6379,0.0,,0.9599,41.2145,80.9389
47361,2026,42.2086,74.7573,15.6379,0.0,,0.9599,41.2145,80.9389
47362,2023,32.1923,82.5243,15.4376,20.9802,,1.0501,42.9053,281.9491
47362,2024,34.7718,83.1818,17.5357,33.7842,,1.1211,42.5778,281.9491
47362,2025,34.7718,83.1818,18.5677,128.4577,,1.1211,42.5778,281.9491
47362,2026,34.7718,83.1818,18.5677,128.4577,,1.1211,42.5778,281.9491
47375,2023,52.381,26.3158,18.7215,0.0,0.9709,0.7252,92.1659,92.1659
47375,2024,54.878,42.8571,22.5806,0.0,1.9417,0.7857,94.4287,92.1659
47375,2025,54.878,42.8571,23.0159,58.8235,2.8037,0.7857,94.4287,92.1659
47375,2026,54.878,42.8571,23.0159,58.8235,2.6087,0.7857,94.4287,92.1659
47381,2023,59.2426,66.3158,20.0634,90.312,2.9412,0.7634,349.8134,116.6045
47381,2024,57.3023,67.033,14.9701,24.22,4.2493,0.708,353.0242,116.6045
47381,2025,57.3023,67.033,15.4639,43.6933,5.1576,0.708,353.0242,116.6045
47381,2026,57.3023,67.033,15.4639,43.6933,5.5394,0.708,353.0242,116.6045
47382,2023,55.814,68.5714,20.8029,0.0,8.0,1.3672,173.913,115.942
47382,2024,47.079,83.3333,23.6842,0.0,7.2,1.2817,176.5745,115.942
47382,2025,47.079,83.3333,25.8929,0.0,4.2735,1.2817,176.5745,115.942
47382,2026,47.079,83.3333,25.8929,0.0,3.4483,1.2817,176.5745,115.942
